action_id,allowed,call_id,directional_updates,improved_common_patches,index,module,operation,proposed_action,reason,selected_endpoint_reached
0,,1,,,0,OV-SDF,consume_observation_whitelist,,,
0,,2,,,0,STGHP,propose_and_rank_observed_targets,,,
0,True,3,,,0,RPN-UQ,observed_action_and_return_guard,left,refresh_selected_target_on_current_observation,
1,,4,[],0,0,IGCR,measured_transition_feedback,,,False
1,True,5,,,0,RPN-UQ,observed_action_and_return_guard,forward,refresh_selected_target_on_current_observation,
2,,6,[],28,0,IGCR,measured_transition_feedback,,,False
2,True,7,,,0,RPN-UQ,observed_action_and_return_guard,forward,refresh_selected_target_on_current_observation,
3,,8,[],20,0,IGCR,measured_transition_feedback,,,False
3,True,9,,,0,RPN-UQ,observed_action_and_return_guard,forward,refresh_selected_target_on_current_observation,
4,,10,[],18,0,IGCR,measured_transition_feedback,,,False
4,True,11,,,0,RPN-UQ,observed_action_and_return_guard,forward,refresh_selected_target_on_current_observation,
5,,12,[],12,0,IGCR,measured_transition_feedback,,,False
5,,13,,,0,OV-SDF,consume_observation_whitelist,,,
5,,14,,,0,STGHP,propose_and_rank_observed_targets,,,
5,True,15,,,0,RPN-UQ,observed_action_and_return_guard,forward,refresh_selected_target_on_current_observation,
6,,16,[],15,0,IGCR,measured_transition_feedback,,,False
6,True,17,,,0,RPN-UQ,observed_action_and_return_guard,left,refresh_selected_target_on_current_observation,
7,,18,[],1,0,IGCR,measured_transition_feedback,,,False
7,True,19,,,0,RPN-UQ,observed_action_and_return_guard,forward,refresh_selected_target_on_current_observation,
8,,20,[],1,0,IGCR,measured_transition_feedback,,,False
8,True,21,,,0,RPN-UQ,observed_action_and_return_guard,forward,refresh_selected_target_on_current_observation,
9,,22,[],7,0,IGCR,measured_transition_feedback,,,False
9,True,23,,,0,RPN-UQ,observed_action_and_return_guard,forward,refresh_selected_target_on_current_observation,
10,,24,[],1,0,IGCR,measured_transition_feedback,,,False
10,,25,,,0,OV-SDF,consume_observation_whitelist,,,
10,,26,,,0,STGHP,propose_and_rank_observed_targets,,,
10,True,27,,,0,RPN-UQ,observed_action_and_return_guard,forward,refresh_selected_target_on_current_observation,
11,,28,[],2,0,IGCR,measured_transition_feedback,,,False
11,True,29,,,0,RPN-UQ,observed_action_and_return_guard,forward,refresh_selected_target_on_current_observation,
12,,30,[],1,0,IGCR,measured_transition_feedback,,,False
12,True,31,,,0,RPN-UQ,observed_action_and_return_guard,forward,refresh_selected_target_on_current_observation,
13,,32,[],2,0,IGCR,measured_transition_feedback,,,False
13,True,33,,,0,RPN-UQ,observed_action_and_return_guard,forward,refresh_selected_target_on_current_observation,
14,,34,[],3,0,IGCR,measured_transition_feedback,,,False
14,True,35,,,0,RPN-UQ,observed_action_and_return_guard,forward,refresh_selected_target_on_current_observation,
15,,36,[],2,0,IGCR,measured_transition_feedback,,,False
15,,37,,,0,OV-SDF,consume_observation_whitelist,,,
15,,38,,,0,STGHP,propose_and_rank_observed_targets,,,
15,True,39,,,0,RPN-UQ,observed_action_and_return_guard,forward,refresh_selected_target_on_current_observation,
16,,40,[],0,0,IGCR,measured_transition_feedback,,,False
16,True,41,,,0,RPN-UQ,observed_action_and_return_guard,forward,refresh_selected_target_on_current_observation,
17,,42,[],6,0,IGCR,measured_transition_feedback,,,False
17,True,43,,,0,RPN-UQ,observed_action_and_return_guard,forward,refresh_selected_target_on_current_observation,
18,,44,[],5,0,IGCR,measured_transition_feedback,,,False
18,True,45,,,0,RPN-UQ,observed_action_and_return_guard,forward,refresh_selected_target_on_current_observation,
19,,46,[],1,0,IGCR,measured_transition_feedback,,,False
19,True,47,,,0,RPN-UQ,observed_action_and_return_guard,forward,refresh_selected_target_on_current_observation,
20,,48,[],1,0,IGCR,measured_transition_feedback,,,False
20,,49,,,0,OV-SDF,consume_observation_whitelist,,,
20,,50,,,0,STGHP,propose_and_rank_observed_targets,,,
20,True,51,,,0,RPN-UQ,observed_action_and_return_guard,forward,refresh_selected_target_on_current_observation,
21,,52,[],2,0,IGCR,measured_transition_feedback,,,False
21,True,53,,,0,RPN-UQ,observed_action_and_return_guard,left,known_safe_return_within_budget,
22,,54,[],8,0,IGCR,measured_transition_feedback,,,False
22,True,55,,,0,RPN-UQ,observed_action_and_return_guard,forward,known_safe_return_within_budget,
23,,56,[],6,0,IGCR,measured_transition_feedback,,,False
23,True,57,,,0,RPN-UQ,observed_action_and_return_guard,left,known_safe_return_within_budget,
24,,58,[],4,0,IGCR,measured_transition_feedback,,,False
24,True,59,,,0,RPN-UQ,observed_action_and_return_guard,forward,known_safe_return_within_budget,
25,,60,[],2,0,IGCR,measured_transition_feedback,,,False
25,,61,,,0,OV-SDF,consume_observation_whitelist,,,
25,,62,,,0,STGHP,propose_and_rank_observed_targets,,,
25,True,63,,,0,RPN-UQ,observed_action_and_return_guard,left,refresh_selected_target_on_current_observation,
26,,64,[],0,0,IGCR,measured_transition_feedback,,,False
26,True,65,,,0,RPN-UQ,observed_action_and_return_guard,forward,refresh_selected_target_on_current_observation,
27,,66,[],1,0,IGCR,measured_transition_feedback,,,False
27,True,67,,,0,RPN-UQ,observed_action_and_return_guard,forward,refresh_selected_target_on_current_observation,
28,,68,[],3,0,IGCR,measured_transition_feedback,,,False
28,True,69,,,0,RPN-UQ,observed_action_and_return_guard,forward,refresh_selected_target_on_current_observation,
29,,70,[],3,0,IGCR,measured_transition_feedback,,,False
29,True,71,,,0,RPN-UQ,observed_action_and_return_guard,forward,refresh_selected_target_on_current_observation,
30,,72,[],0,0,IGCR,measured_transition_feedback,,,False
30,,73,,,0,OV-SDF,consume_observation_whitelist,,,
30,,74,,,0,STGHP,propose_and_rank_observed_targets,,,
30,True,75,,,0,RPN-UQ,observed_action_and_return_guard,forward,refresh_selected_target_on_current_observation,
31,,76,[],2,0,IGCR,measured_transition_feedback,,,False
31,True,77,,,0,RPN-UQ,observed_action_and_return_guard,forward,refresh_selected_target_on_current_observation,
32,,78,[],0,0,IGCR,measured_transition_feedback,,,False
32,True,79,,,0,RPN-UQ,observed_action_and_return_guard,forward,refresh_selected_target_on_current_observation,
33,,80,[],0,0,IGCR,measured_transition_feedback,,,False
33,True,81,,,0,RPN-UQ,observed_action_and_return_guard,forward,refresh_selected_target_on_current_observation,
34,,82,[],0,0,IGCR,measured_transition_feedback,,,False
34,True,83,,,0,RPN-UQ,observed_action_and_return_guard,forward,refresh_selected_target_on_current_observation,
35,,84,[],0,0,IGCR,measured_transition_feedback,,,False
35,,85,,,0,OV-SDF,consume_observation_whitelist,,,
35,,86,,,0,STGHP,propose_and_rank_observed_targets,,,
35,True,87,,,0,RPN-UQ,observed_action_and_return_guard,forward,refresh_selected_target_on_current_observation,
36,,88,[],0,0,IGCR,measured_transition_feedback,,,False
36,True,89,,,0,RPN-UQ,observed_action_and_return_guard,forward,refresh_selected_target_on_current_observation,
37,,90,[],0,0,IGCR,measured_transition_feedback,,,False
37,True,91,,,0,RPN-UQ,observed_action_and_return_guard,forward,refresh_selected_target_on_current_observation,
38,,92,[],0,0,IGCR,measured_transition_feedback,,,False
38,True,93,,,0,RPN-UQ,observed_action_and_return_guard,forward,refresh_selected_target_on_current_observation,
39,,94,[],2,0,IGCR,measured_transition_feedback,,,True
39,,95,,,0,OV-SDF,consume_observation_whitelist,,,
39,,96,,,0,STGHP,propose_and_rank_observed_targets,,,
39,True,97,,,0,RPN-UQ,observed_action_and_return_guard,forward,refresh_selected_target_on_current_observation,
40,,98,[],0,0,IGCR,measured_transition_feedback,,,False
40,True,99,,,0,RPN-UQ,observed_action_and_return_guard,forward,refresh_selected_target_on_current_observation,
41,,100,[],0,0,IGCR,measured_transition_feedback,,,False
41,True,101,,,0,RPN-UQ,observed_action_and_return_guard,forward,refresh_selected_target_on_current_observation,
42,,102,[],0,0,IGCR,measured_transition_feedback,,,False
42,True,103,,,0,RPN-UQ,observed_action_and_return_guard,forward,refresh_selected_target_on_current_observation,
43,,104,[],0,0,IGCR,measured_transition_feedback,,,False
43,True,105,,,0,RPN-UQ,observed_action_and_return_guard,forward,refresh_selected_target_on_current_observation,
44,,106,[],0,0,IGCR,measured_transition_feedback,,,False
44,,107,,,0,OV-SDF,consume_observation_whitelist,,,
44,,108,,,0,STGHP,propose_and_rank_observed_targets,,,
44,True,109,,,0,RPN-UQ,observed_action_and_return_guard,forward,refresh_selected_target_on_current_observation,
45,,110,[],3,0,IGCR,measured_transition_feedback,,,False
45,True,111,,,0,RPN-UQ,observed_action_and_return_guard,forward,refresh_selected_target_on_current_observation,
46,,112,[],3,0,IGCR,measured_transition_feedback,,,False
46,True,113,,,0,RPN-UQ,observed_action_and_return_guard,forward,refresh_selected_target_on_current_observation,
47,,114,[],3,0,IGCR,measured_transition_feedback,,,False
47,True,115,,,0,RPN-UQ,observed_action_and_return_guard,right,known_safe_return_within_budget,
48,,116,[],0,0,IGCR,measured_transition_feedback,,,False
48,True,117,,,0,RPN-UQ,observed_action_and_return_guard,forward,known_safe_return_within_budget,
49,,118,[],0,0,IGCR,measured_transition_feedback,,,False
49,,119,,,0,OV-SDF,consume_observation_whitelist,,,
49,,120,,,0,STGHP,propose_and_rank_observed_targets,,,
49,True,121,,,0,RPN-UQ,observed_action_and_return_guard,forward,refresh_selected_target_on_current_observation,
50,,122,[],1,0,IGCR,measured_transition_feedback,,,False
50,True,123,,,0,RPN-UQ,observed_action_and_return_guard,forward,refresh_selected_target_on_current_observation,
51,,124,[],0,0,IGCR,measured_transition_feedback,,,False
51,True,125,,,0,RPN-UQ,observed_action_and_return_guard,forward,refresh_selected_target_on_current_observation,
52,,126,[],1,0,IGCR,measured_transition_feedback,,,False
52,True,127,,,0,RPN-UQ,observed_action_and_return_guard,forward,refresh_selected_target_on_current_observation,
53,,128,[],0,0,IGCR,measured_transition_feedback,,,False
53,True,129,,,0,RPN-UQ,observed_action_and_return_guard,forward,refresh_selected_target_on_current_observation,
54,,130,[],3,0,IGCR,measured_transition_feedback,,,False
54,,131,,,0,OV-SDF,consume_observation_whitelist,,,
54,,132,,,0,STGHP,propose_and_rank_observed_targets,,,
54,True,133,,,0,RPN-UQ,observed_action_and_return_guard,right,refresh_selected_target_on_current_observation,
55,,134,[],1,0,IGCR,measured_transition_feedback,,,False
55,True,135,,,0,RPN-UQ,observed_action_and_return_guard,forward,refresh_selected_target_on_current_observation,
56,,136,[],1,0,IGCR,measured_transition_feedback,,,False
56,True,137,,,0,RPN-UQ,observed_action_and_return_guard,forward,refresh_selected_target_on_current_observation,
57,,138,[],2,0,IGCR,measured_transition_feedback,,,False
57,True,139,,,0,RPN-UQ,observed_action_and_return_guard,forward,refresh_selected_target_on_current_observation,
58,,140,[],0,0,IGCR,measured_transition_feedback,,,False
58,True,141,,,0,RPN-UQ,observed_action_and_return_guard,forward,refresh_selected_target_on_current_observation,
59,,142,[],0,0,IGCR,measured_transition_feedback,,,False
59,,143,,,0,OV-SDF,consume_observation_whitelist,,,
59,,144,,,0,STGHP,propose_and_rank_observed_targets,,,
59,True,145,,,0,RPN-UQ,observed_action_and_return_guard,forward,refresh_selected_target_on_current_observation,
60,,146,[],1,0,IGCR,measured_transition_feedback,,,False
60,True,147,,,0,RPN-UQ,observed_action_and_return_guard,forward,refresh_selected_target_on_current_observation,
61,,148,[],0,0,IGCR,measured_transition_feedback,,,False
61,True,149,,,0,RPN-UQ,observed_action_and_return_guard,forward,refresh_selected_target_on_current_observation,
62,,150,[],0,0,IGCR,measured_transition_feedback,,,False
62,True,151,,,0,RPN-UQ,observed_action_and_return_guard,forward,refresh_selected_target_on_current_observation,
63,,152,[],0,0,IGCR,measured_transition_feedback,,,False
63,True,153,,,0,RPN-UQ,observed_action_and_return_guard,forward,refresh_selected_target_on_current_observation,
64,,154,[],0,0,IGCR,measured_transition_feedback,,,False
64,,155,,,0,OV-SDF,consume_observation_whitelist,,,
64,,156,,,0,STGHP,propose_and_rank_observed_targets,,,
64,True,157,,,0,RPN-UQ,observed_action_and_return_guard,forward,refresh_selected_target_on_current_observation,
65,,158,[],0,0,IGCR,measured_transition_feedback,,,False
65,True,159,,,0,RPN-UQ,observed_action_and_return_guard,forward,refresh_selected_target_on_current_observation,
66,,160,[],0,0,IGCR,measured_transition_feedback,,,False
66,True,161,,,0,RPN-UQ,observed_action_and_return_guard,forward,refresh_selected_target_on_current_observation,
67,,162,[],0,0,IGCR,measured_transition_feedback,,,False
67,True,163,,,0,RPN-UQ,observed_action_and_return_guard,forward,refresh_selected_target_on_current_observation,
68,,164,[],0,0,IGCR,measured_transition_feedback,,,False
68,True,165,,,0,RPN-UQ,observed_action_and_return_guard,forward,refresh_selected_target_on_current_observation,
69,,166,[],0,0,IGCR,measured_transition_feedback,,,False
69,,167,,,0,OV-SDF,consume_observation_whitelist,,,
69,,168,,,0,STGHP,propose_and_rank_observed_targets,,,
69,True,169,,,0,RPN-UQ,observed_action_and_return_guard,forward,refresh_selected_target_on_current_observation,
70,,170,[],0,0,IGCR,measured_transition_feedback,,,False
70,True,171,,,0,RPN-UQ,observed_action_and_return_guard,forward,refresh_selected_target_on_current_observation,
71,,172,[],0,0,IGCR,measured_transition_feedback,,,False
71,True,173,,,0,RPN-UQ,observed_action_and_return_guard,forward,refresh_selected_target_on_current_observation,
72,,174,[],0,0,IGCR,measured_transition_feedback,,,False
72,True,175,,,0,RPN-UQ,observed_action_and_return_guard,forward,refresh_selected_target_on_current_observation,
73,,176,[],0,0,IGCR,measured_transition_feedback,,,False
73,True,177,,,0,RPN-UQ,observed_action_and_return_guard,forward,refresh_selected_target_on_current_observation,
74,,178,[],0,0,IGCR,measured_transition_feedback,,,False
74,,179,,,0,OV-SDF,consume_observation_whitelist,,,
74,,180,,,0,STGHP,propose_and_rank_observed_targets,,,
74,True,181,,,0,RPN-UQ,observed_action_and_return_guard,forward,refresh_selected_target_on_current_observation,
75,,182,[],0,0,IGCR,measured_transition_feedback,,,False
75,True,183,,,0,RPN-UQ,observed_action_and_return_guard,forward,refresh_selected_target_on_current_observation,
76,,184,[],1,0,IGCR,measured_transition_feedback,,,False
76,True,185,,,0,RPN-UQ,observed_action_and_return_guard,forward,refresh_selected_target_on_current_observation,
77,,186,[],1,0,IGCR,measured_transition_feedback,,,False
77,True,187,,,0,RPN-UQ,observed_action_and_return_guard,forward,refresh_selected_target_on_current_observation,
78,,188,[],0,0,IGCR,measured_transition_feedback,,,False
78,True,189,,,0,RPN-UQ,observed_action_and_return_guard,forward,refresh_selected_target_on_current_observation,
79,,190,[],0,0,IGCR,measured_transition_feedback,,,False
79,,191,,,0,OV-SDF,consume_observation_whitelist,,,
79,,192,,,0,STGHP,propose_and_rank_observed_targets,,,
79,True,193,,,0,RPN-UQ,observed_action_and_return_guard,forward,refresh_selected_target_on_current_observation,
80,,194,[],0,0,IGCR,measured_transition_feedback,,,False
80,True,195,,,0,RPN-UQ,observed_action_and_return_guard,forward,refresh_selected_target_on_current_observation,
81,,196,[],0,0,IGCR,measured_transition_feedback,,,False
81,True,197,,,0,RPN-UQ,observed_action_and_return_guard,forward,refresh_selected_target_on_current_observation,
82,,198,[],0,0,IGCR,measured_transition_feedback,,,False
82,True,199,,,0,RPN-UQ,observed_action_and_return_guard,forward,refresh_selected_target_on_current_observation,
83,,200,[],1,0,IGCR,measured_transition_feedback,,,False
83,True,201,,,0,RPN-UQ,observed_action_and_return_guard,forward,refresh_selected_target_on_current_observation,
84,,202,[],0,0,IGCR,measured_transition_feedback,,,False
84,,203,,,0,OV-SDF,consume_observation_whitelist,,,
84,,204,,,0,STGHP,propose_and_rank_observed_targets,,,
84,True,205,,,0,RPN-UQ,observed_action_and_return_guard,forward,refresh_selected_target_on_current_observation,
85,,206,[],0,0,IGCR,measured_transition_feedback,,,False
85,True,207,,,0,RPN-UQ,observed_action_and_return_guard,forward,refresh_selected_target_on_current_observation,
86,,208,[],0,0,IGCR,measured_transition_feedback,,,False
86,True,209,,,0,RPN-UQ,observed_action_and_return_guard,forward,refresh_selected_target_on_current_observation,
87,,210,[],0,0,IGCR,measured_transition_feedback,,,False
87,True,211,,,0,RPN-UQ,observed_action_and_return_guard,forward,refresh_selected_target_on_current_observation,
88,,212,[],0,0,IGCR,measured_transition_feedback,,,False
88,True,213,,,0,RPN-UQ,observed_action_and_return_guard,forward,refresh_selected_target_on_current_observation,
89,,214,[],0,0,IGCR,measured_transition_feedback,,,False
89,,215,,,0,OV-SDF,consume_observation_whitelist,,,
89,,216,,,0,STGHP,propose_and_rank_observed_targets,,,
89,True,217,,,0,RPN-UQ,observed_action_and_return_guard,forward,refresh_selected_target_on_current_observation,
90,,218,[],0,0,IGCR,measured_transition_feedback,,,False
90,True,219,,,0,RPN-UQ,observed_action_and_return_guard,forward,refresh_selected_target_on_current_observation,
91,,220,[],0,0,IGCR,measured_transition_feedback,,,False
91,True,221,,,0,RPN-UQ,observed_action_and_return_guard,forward,refresh_selected_target_on_current_observation,
92,,222,[],0,0,IGCR,measured_transition_feedback,,,False
92,True,223,,,0,RPN-UQ,observed_action_and_return_guard,forward,refresh_selected_target_on_current_observation,
93,,224,[],0,0,IGCR,measured_transition_feedback,,,False
93,True,225,,,0,RPN-UQ,observed_action_and_return_guard,forward,refresh_selected_target_on_current_observation,
94,,226,[],0,0,IGCR,measured_transition_feedback,,,False
94,,227,,,0,OV-SDF,consume_observation_whitelist,,,
94,,228,,,0,STGHP,propose_and_rank_observed_targets,,,
94,True,229,,,0,RPN-UQ,observed_action_and_return_guard,forward,refresh_selected_target_on_current_observation,
95,,230,[],0,0,IGCR,measured_transition_feedback,,,False
95,True,231,,,0,RPN-UQ,observed_action_and_return_guard,forward,refresh_selected_target_on_current_observation,
96,,232,[],0,0,IGCR,measured_transition_feedback,,,True
96,,233,,,0,OV-SDF,consume_observation_whitelist,,,
96,,234,,,0,STGHP,propose_and_rank_observed_targets,,,
96,True,235,,,0,RPN-UQ,observed_action_and_return_guard,forward,refresh_selected_target_on_current_observation,
97,,236,[],0,0,IGCR,measured_transition_feedback,,,False
97,True,237,,,0,RPN-UQ,observed_action_and_return_guard,forward,refresh_selected_target_on_current_observation,
98,,238,[],0,0,IGCR,measured_transition_feedback,,,False
98,True,239,,,0,RPN-UQ,observed_action_and_return_guard,forward,refresh_selected_target_on_current_observation,
99,,240,[],0,0,IGCR,measured_transition_feedback,,,False
99,True,241,,,0,RPN-UQ,observed_action_and_return_guard,forward,refresh_selected_target_on_current_observation,
100,,242,[],0,0,IGCR,measured_transition_feedback,,,False
100,True,243,,,0,RPN-UQ,observed_action_and_return_guard,forward,refresh_selected_target_on_current_observation,
101,,244,[],0,0,IGCR,measured_transition_feedback,,,False
101,,245,,,0,OV-SDF,consume_observation_whitelist,,,
101,,246,,,0,STGHP,propose_and_rank_observed_targets,,,
101,True,247,,,0,RPN-UQ,observed_action_and_return_guard,forward,refresh_selected_target_on_current_observation,
102,,248,[],1,0,IGCR,measured_transition_feedback,,,False
102,True,249,,,0,RPN-UQ,observed_action_and_return_guard,forward,refresh_selected_target_on_current_observation,
103,,250,[],1,0,IGCR,measured_transition_feedback,,,False
103,True,251,,,0,RPN-UQ,observed_action_and_return_guard,forward,refresh_selected_target_on_current_observation,
104,,252,[],0,0,IGCR,measured_transition_feedback,,,False
104,True,253,,,0,RPN-UQ,observed_action_and_return_guard,forward,refresh_selected_target_on_current_observation,
105,,254,[],0,0,IGCR,measured_transition_feedback,,,False
105,True,255,,,0,RPN-UQ,observed_action_and_return_guard,forward,refresh_selected_target_on_current_observation,
106,,256,[],0,0,IGCR,measured_transition_feedback,,,False
106,,257,,,0,OV-SDF,consume_observation_whitelist,,,
106,,258,,,0,STGHP,propose_and_rank_observed_targets,,,
106,True,259,,,0,RPN-UQ,observed_action_and_return_guard,right,refresh_selected_target_on_current_observation,
107,,260,[],0,0,IGCR,measured_transition_feedback,,,False
107,True,261,,,0,RPN-UQ,observed_action_and_return_guard,forward,refresh_selected_target_on_current_observation,
108,,262,[],0,0,IGCR,measured_transition_feedback,,,False
108,True,263,,,0,RPN-UQ,observed_action_and_return_guard,forward,refresh_selected_target_on_current_observation,
109,,264,[],1,0,IGCR,measured_transition_feedback,,,False
109,True,265,,,0,RPN-UQ,observed_action_and_return_guard,forward,refresh_selected_target_on_current_observation,
110,,266,[],0,0,IGCR,measured_transition_feedback,,,False
110,True,267,,,0,RPN-UQ,observed_action_and_return_guard,forward,refresh_selected_target_on_current_observation,
111,,268,[],0,0,IGCR,measured_transition_feedback,,,False
111,,269,,,0,OV-SDF,consume_observation_whitelist,,,
111,,270,,,0,STGHP,propose_and_rank_observed_targets,,,
111,True,271,,,0,RPN-UQ,observed_action_and_return_guard,forward,refresh_selected_target_on_current_observation,
112,,272,[],0,0,IGCR,measured_transition_feedback,,,False
112,True,273,,,0,RPN-UQ,observed_action_and_return_guard,forward,refresh_selected_target_on_current_observation,
113,,274,[],0,0,IGCR,measured_transition_feedback,,,False
113,True,275,,,0,RPN-UQ,observed_action_and_return_guard,forward,refresh_selected_target_on_current_observation,
114,,276,[],0,0,IGCR,measured_transition_feedback,,,False
114,True,277,,,0,RPN-UQ,observed_action_and_return_guard,forward,refresh_selected_target_on_current_observation,
115,,278,[],0,0,IGCR,measured_transition_feedback,,,False
115,True,279,,,0,RPN-UQ,observed_action_and_return_guard,forward,refresh_selected_target_on_current_observation,
116,,280,[],0,0,IGCR,measured_transition_feedback,,,False
116,,281,,,0,OV-SDF,consume_observation_whitelist,,,
116,,282,,,0,STGHP,propose_and_rank_observed_targets,,,
116,True,283,,,0,RPN-UQ,observed_action_and_return_guard,right,refresh_selected_target_on_current_observation,
117,,284,[],0,0,IGCR,measured_transition_feedback,,,False
117,True,285,,,0,RPN-UQ,observed_action_and_return_guard,forward,refresh_selected_target_on_current_observation,
118,,286,[],0,0,IGCR,measured_transition_feedback,,,False
118,True,287,,,0,RPN-UQ,observed_action_and_return_guard,forward,refresh_selected_target_on_current_observation,
119,,288,[],0,0,IGCR,measured_transition_feedback,,,False
119,True,289,,,0,RPN-UQ,observed_action_and_return_guard,forward,refresh_selected_target_on_current_observation,
120,,290,[],1,0,IGCR,measured_transition_feedback,,,False
120,True,291,,,0,RPN-UQ,observed_action_and_return_guard,forward,refresh_selected_target_on_current_observation,
121,,292,[],0,0,IGCR,measured_transition_feedback,,,False
121,,293,,,0,OV-SDF,consume_observation_whitelist,,,
121,,294,,,0,STGHP,propose_and_rank_observed_targets,,,
121,True,295,,,0,RPN-UQ,observed_action_and_return_guard,forward,refresh_selected_target_on_current_observation,
122,,296,[],0,0,IGCR,measured_transition_feedback,,,False
122,True,297,,,0,RPN-UQ,observed_action_and_return_guard,forward,refresh_selected_target_on_current_observation,
123,,298,[],0,0,IGCR,measured_transition_feedback,,,False
123,True,299,,,0,RPN-UQ,observed_action_and_return_guard,forward,refresh_selected_target_on_current_observation,
124,,300,[],0,0,IGCR,measured_transition_feedback,,,False
124,True,301,,,0,RPN-UQ,observed_action_and_return_guard,forward,refresh_selected_target_on_current_observation,
125,,302,[],0,0,IGCR,measured_transition_feedback,,,False
125,True,303,,,0,RPN-UQ,observed_action_and_return_guard,forward,refresh_selected_target_on_current_observation,
126,,304,[],0,0,IGCR,measured_transition_feedback,,,False
126,,305,,,0,OV-SDF,consume_observation_whitelist,,,
126,,306,,,0,STGHP,propose_and_rank_observed_targets,,,
126,True,307,,,0,RPN-UQ,observed_action_and_return_guard,forward,refresh_selected_target_on_current_observation,
127,,308,[],0,0,IGCR,measured_transition_feedback,,,False
127,True,309,,,0,RPN-UQ,observed_action_and_return_guard,forward,refresh_selected_target_on_current_observation,
128,,310,[],0,0,IGCR,measured_transition_feedback,,,False
128,True,311,,,0,RPN-UQ,observed_action_and_return_guard,forward,refresh_selected_target_on_current_observation,
129,,312,[],0,0,IGCR,measured_transition_feedback,,,False
129,True,313,,,0,RPN-UQ,observed_action_and_return_guard,forward,refresh_selected_target_on_current_observation,
130,,314,[],0,0,IGCR,measured_transition_feedback,,,False
130,True,315,,,0,RPN-UQ,observed_action_and_return_guard,forward,refresh_selected_target_on_current_observation,
131,,316,[],0,0,IGCR,measured_transition_feedback,,,False
131,,317,,,0,OV-SDF,consume_observation_whitelist,,,
131,,318,,,0,STGHP,propose_and_rank_observed_targets,,,
131,True,319,,,0,RPN-UQ,observed_action_and_return_guard,forward,refresh_selected_target_on_current_observation,
132,,320,[],0,0,IGCR,measured_transition_feedback,,,False
132,True,321,,,0,RPN-UQ,observed_action_and_return_guard,right,refresh_selected_target_on_current_observation,
133,,322,[],0,0,IGCR,measured_transition_feedback,,,False
133,True,323,,,0,RPN-UQ,observed_action_and_return_guard,forward,refresh_selected_target_on_current_observation,
134,,324,[],0,0,IGCR,measured_transition_feedback,,,False
134,True,325,,,0,RPN-UQ,observed_action_and_return_guard,left,refresh_selected_target_on_current_observation,
135,,326,[],0,0,IGCR,measured_transition_feedback,,,False
135,True,327,,,0,RPN-UQ,observed_action_and_return_guard,forward,refresh_selected_target_on_current_observation,
136,,328,[],0,0,IGCR,measured_transition_feedback,,,False
136,,329,,,0,OV-SDF,consume_observation_whitelist,,,
136,,330,,,0,STGHP,propose_and_rank_observed_targets,,,
136,True,331,,,0,RPN-UQ,observed_action_and_return_guard,forward,refresh_selected_target_on_current_observation,
137,,332,[],0,0,IGCR,measured_transition_feedback,,,False
137,True,333,,,0,RPN-UQ,observed_action_and_return_guard,forward,refresh_selected_target_on_current_observation,
138,,334,[],2,0,IGCR,measured_transition_feedback,,,False
138,True,335,,,0,RPN-UQ,observed_action_and_return_guard,forward,refresh_selected_target_on_current_observation,
139,,336,[],0,0,IGCR,measured_transition_feedback,,,False
139,True,337,,,0,RPN-UQ,observed_action_and_return_guard,forward,refresh_selected_target_on_current_observation,
140,,338,[],0,0,IGCR,measured_transition_feedback,,,False
140,True,339,,,0,RPN-UQ,observed_action_and_return_guard,forward,refresh_selected_target_on_current_observation,
141,,340,[],1,0,IGCR,measured_transition_feedback,,,False
141,,341,,,0,OV-SDF,consume_observation_whitelist,,,
141,,342,,,0,STGHP,propose_and_rank_observed_targets,,,
141,True,343,,,0,RPN-UQ,observed_action_and_return_guard,left,refresh_selected_target_on_current_observation,
142,,344,[],0,0,IGCR,measured_transition_feedback,,,False
142,True,345,,,0,RPN-UQ,observed_action_and_return_guard,forward,refresh_selected_target_on_current_observation,
143,,346,[],0,0,IGCR,measured_transition_feedback,,,False
143,True,347,,,0,RPN-UQ,observed_action_and_return_guard,forward,refresh_selected_target_on_current_observation,
144,,348,[],0,0,IGCR,measured_transition_feedback,,,False
144,True,349,,,0,RPN-UQ,observed_action_and_return_guard,forward,refresh_selected_target_on_current_observation,
145,,350,[],0,0,IGCR,measured_transition_feedback,,,False
145,True,351,,,0,RPN-UQ,observed_action_and_return_guard,forward,refresh_selected_target_on_current_observation,
146,,352,[],0,0,IGCR,measured_transition_feedback,,,False
146,,353,,,0,OV-SDF,consume_observation_whitelist,,,
146,,354,,,0,STGHP,propose_and_rank_observed_targets,,,
146,True,355,,,0,RPN-UQ,observed_action_and_return_guard,forward,refresh_selected_target_on_current_observation,
147,,356,[],0,0,IGCR,measured_transition_feedback,,,False
147,True,357,,,0,RPN-UQ,observed_action_and_return_guard,forward,refresh_selected_target_on_current_observation,
148,,358,[],0,0,IGCR,measured_transition_feedback,,,False
148,True,359,,,0,RPN-UQ,observed_action_and_return_guard,forward,refresh_selected_target_on_current_observation,
149,,360,[],0,0,IGCR,measured_transition_feedback,,,False
149,True,361,,,0,RPN-UQ,observed_action_and_return_guard,forward,refresh_selected_target_on_current_observation,
150,,362,[],0,0,IGCR,measured_transition_feedback,,,False
150,True,363,,,0,RPN-UQ,observed_action_and_return_guard,left,known_safe_return_within_budget,
151,,364,[],2,0,IGCR,measured_transition_feedback,,,False
151,,365,,,0,OV-SDF,consume_observation_whitelist,,,
151,,366,,,0,STGHP,propose_and_rank_observed_targets,,,
151,True,367,,,0,RPN-UQ,observed_action_and_return_guard,left,refresh_selected_target_on_current_observation,
152,,368,[],1,0,IGCR,measured_transition_feedback,,,False
152,True,369,,,0,RPN-UQ,observed_action_and_return_guard,forward,refresh_selected_target_on_current_observation,
153,,370,[],1,0,IGCR,measured_transition_feedback,,,False
153,True,371,,,0,RPN-UQ,observed_action_and_return_guard,forward,refresh_selected_target_on_current_observation,
154,,372,[],5,0,IGCR,measured_transition_feedback,,,False
154,True,373,,,0,RPN-UQ,observed_action_and_return_guard,forward,refresh_selected_target_on_current_observation,
155,,374,[],0,0,IGCR,measured_transition_feedback,,,False
155,True,375,,,0,RPN-UQ,observed_action_and_return_guard,forward,refresh_selected_target_on_current_observation,
156,,376,[],0,0,IGCR,measured_transition_feedback,,,False
156,,377,,,0,OV-SDF,consume_observation_whitelist,,,
156,,378,,,0,STGHP,propose_and_rank_observed_targets,,,
156,True,379,,,0,RPN-UQ,observed_action_and_return_guard,forward,refresh_selected_target_on_current_observation,
157,,380,[],0,0,IGCR,measured_transition_feedback,,,False
157,True,381,,,0,RPN-UQ,observed_action_and_return_guard,forward,refresh_selected_target_on_current_observation,
158,,382,[],0,0,IGCR,measured_transition_feedback,,,False
158,True,383,,,0,RPN-UQ,observed_action_and_return_guard,forward,refresh_selected_target_on_current_observation,
159,,384,[],0,0,IGCR,measured_transition_feedback,,,False
159,True,385,,,0,RPN-UQ,observed_action_and_return_guard,forward,refresh_selected_target_on_current_observation,
160,,386,[],0,0,IGCR,measured_transition_feedback,,,False
160,True,387,,,0,RPN-UQ,observed_action_and_return_guard,forward,refresh_selected_target_on_current_observation,
161,,388,[],0,0,IGCR,measured_transition_feedback,,,False
161,,389,,,0,OV-SDF,consume_observation_whitelist,,,
161,,390,,,0,STGHP,propose_and_rank_observed_targets,,,
161,True,391,,,0,RPN-UQ,observed_action_and_return_guard,forward,refresh_selected_target_on_current_observation,
162,,392,[],1,0,IGCR,measured_transition_feedback,,,False
162,True,393,,,0,RPN-UQ,observed_action_and_return_guard,forward,refresh_selected_target_on_current_observation,
163,,394,[],0,0,IGCR,measured_transition_feedback,,,False
163,True,395,,,0,RPN-UQ,observed_action_and_return_guard,forward,refresh_selected_target_on_current_observation,
164,,396,[],0,0,IGCR,measured_transition_feedback,,,False
164,True,397,,,0,RPN-UQ,observed_action_and_return_guard,forward,refresh_selected_target_on_current_observation,
165,,398,[],0,0,IGCR,measured_transition_feedback,,,False
165,True,399,,,0,RPN-UQ,observed_action_and_return_guard,forward,refresh_selected_target_on_current_observation,
166,,400,[],1,0,IGCR,measured_transition_feedback,,,False
166,,401,,,0,OV-SDF,consume_observation_whitelist,,,
166,,402,,,0,STGHP,propose_and_rank_observed_targets,,,
166,True,403,,,0,RPN-UQ,observed_action_and_return_guard,forward,refresh_selected_target_on_current_observation,
167,,404,[],0,0,IGCR,measured_transition_feedback,,,False
167,True,405,,,0,RPN-UQ,observed_action_and_return_guard,forward,refresh_selected_target_on_current_observation,
168,,406,[],5,0,IGCR,measured_transition_feedback,,,False
168,True,407,,,0,RPN-UQ,observed_action_and_return_guard,left,refresh_selected_target_on_current_observation,
169,,408,[],0,0,IGCR,measured_transition_feedback,,,False
169,True,409,,,0,RPN-UQ,observed_action_and_return_guard,forward,refresh_selected_target_on_current_observation,
170,,410,[],0,0,IGCR,measured_transition_feedback,,,False
170,True,411,,,0,RPN-UQ,observed_action_and_return_guard,forward,refresh_selected_target_on_current_observation,
171,,412,[],0,0,IGCR,measured_transition_feedback,,,False
171,,413,,,0,OV-SDF,consume_observation_whitelist,,,
171,,414,,,0,STGHP,propose_and_rank_observed_targets,,,
171,True,415,,,0,RPN-UQ,observed_action_and_return_guard,forward,refresh_selected_target_on_current_observation,
172,,416,[],2,0,IGCR,measured_transition_feedback,,,False
172,True,417,,,0,RPN-UQ,observed_action_and_return_guard,forward,refresh_selected_target_on_current_observation,
173,,418,[],0,0,IGCR,measured_transition_feedback,,,False
173,True,419,,,0,RPN-UQ,observed_action_and_return_guard,forward,refresh_selected_target_on_current_observation,
174,,420,[],0,0,IGCR,measured_transition_feedback,,,False
174,True,421,,,0,RPN-UQ,observed_action_and_return_guard,forward,refresh_selected_target_on_current_observation,
175,,422,[],0,0,IGCR,measured_transition_feedback,,,False
175,True,423,,,0,RPN-UQ,observed_action_and_return_guard,forward,refresh_selected_target_on_current_observation,
176,,424,[],0,0,IGCR,measured_transition_feedback,,,False
176,,425,,,0,OV-SDF,consume_observation_whitelist,,,
176,,426,,,0,STGHP,propose_and_rank_observed_targets,,,
176,True,427,,,0,RPN-UQ,observed_action_and_return_guard,forward,refresh_selected_target_on_current_observation,
177,,428,[],0,0,IGCR,measured_transition_feedback,,,False
177,True,429,,,0,RPN-UQ,observed_action_and_return_guard,forward,refresh_selected_target_on_current_observation,
178,,430,[],0,0,IGCR,measured_transition_feedback,,,False
178,True,431,,,0,RPN-UQ,observed_action_and_return_guard,forward,refresh_selected_target_on_current_observation,
179,,432,[],0,0,IGCR,measured_transition_feedback,,,False
179,True,433,,,0,RPN-UQ,observed_action_and_return_guard,forward,refresh_selected_target_on_current_observation,
180,,434,[],0,0,IGCR,measured_transition_feedback,,,False
180,True,435,,,0,RPN-UQ,observed_action_and_return_guard,forward,refresh_selected_target_on_current_observation,
181,,436,[],0,0,IGCR,measured_transition_feedback,,,False
181,,437,,,0,OV-SDF,consume_observation_whitelist,,,
181,,438,,,0,STGHP,propose_and_rank_observed_targets,,,
181,True,439,,,0,RPN-UQ,observed_action_and_return_guard,forward,refresh_selected_target_on_current_observation,
182,,440,[],0,0,IGCR,measured_transition_feedback,,,False
182,True,441,,,0,RPN-UQ,observed_action_and_return_guard,forward,refresh_selected_target_on_current_observation,
183,,442,[],0,0,IGCR,measured_transition_feedback,,,False
183,True,443,,,0,RPN-UQ,observed_action_and_return_guard,forward,refresh_selected_target_on_current_observation,
184,,444,[],0,0,IGCR,measured_transition_feedback,,,False
184,True,445,,,0,RPN-UQ,observed_action_and_return_guard,forward,refresh_selected_target_on_current_observation,
185,,446,[],0,0,IGCR,measured_transition_feedback,,,False
185,True,447,,,0,RPN-UQ,observed_action_and_return_guard,forward,refresh_selected_target_on_current_observation,
186,,448,[],0,0,IGCR,measured_transition_feedback,,,False
186,,449,,,0,OV-SDF,consume_observation_whitelist,,,
186,,450,,,0,STGHP,propose_and_rank_observed_targets,,,
186,True,451,,,0,RPN-UQ,observed_action_and_return_guard,forward,refresh_selected_target_on_current_observation,
187,,452,[],0,0,IGCR,measured_transition_feedback,,,False
187,True,453,,,0,RPN-UQ,observed_action_and_return_guard,forward,refresh_selected_target_on_current_observation,
188,,454,[],0,0,IGCR,measured_transition_feedback,,,False
188,True,455,,,0,RPN-UQ,observed_action_and_return_guard,forward,refresh_selected_target_on_current_observation,
189,,456,[],0,0,IGCR,measured_transition_feedback,,,False
189,True,457,,,0,RPN-UQ,observed_action_and_return_guard,forward,refresh_selected_target_on_current_observation,
190,,458,[],0,0,IGCR,measured_transition_feedback,,,False
190,True,459,,,0,RPN-UQ,observed_action_and_return_guard,forward,refresh_selected_target_on_current_observation,
191,,460,[],0,0,IGCR,measured_transition_feedback,,,False
191,,461,,,0,OV-SDF,consume_observation_whitelist,,,
191,,462,,,0,STGHP,propose_and_rank_observed_targets,,,
191,True,463,,,0,RPN-UQ,observed_action_and_return_guard,forward,refresh_selected_target_on_current_observation,
192,,464,[],0,0,IGCR,measured_transition_feedback,,,False
192,True,465,,,0,RPN-UQ,observed_action_and_return_guard,forward,refresh_selected_target_on_current_observation,
193,,466,[],0,0,IGCR,measured_transition_feedback,,,False
193,True,467,,,0,RPN-UQ,observed_action_and_return_guard,forward,refresh_selected_target_on_current_observation,
194,,468,[],0,0,IGCR,measured_transition_feedback,,,False
194,True,469,,,0,RPN-UQ,observed_action_and_return_guard,forward,refresh_selected_target_on_current_observation,
195,,470,[],0,0,IGCR,measured_transition_feedback,,,False
195,True,471,,,0,RPN-UQ,observed_action_and_return_guard,forward,refresh_selected_target_on_current_observation,
196,,472,[],0,0,IGCR,measured_transition_feedback,,,False
196,,473,,,0,OV-SDF,consume_observation_whitelist,,,
196,,474,,,0,STGHP,propose_and_rank_observed_targets,,,
196,True,475,,,0,RPN-UQ,observed_action_and_return_guard,forward,refresh_selected_target_on_current_observation,
197,,476,[],0,0,IGCR,measured_transition_feedback,,,False
197,True,477,,,0,RPN-UQ,observed_action_and_return_guard,forward,refresh_selected_target_on_current_observation,
198,,478,[],3,0,IGCR,measured_transition_feedback,,,False
198,True,479,,,0,RPN-UQ,observed_action_and_return_guard,forward,refresh_selected_target_on_current_observation,
199,,480,[],0,0,IGCR,measured_transition_feedback,,,False
199,True,481,,,0,RPN-UQ,observed_action_and_return_guard,forward,refresh_selected_target_on_current_observation,
200,,482,[],1,0,IGCR,measured_transition_feedback,,,False
200,True,483,,,0,RPN-UQ,observed_action_and_return_guard,forward,refresh_selected_target_on_current_observation,
201,,484,[],2,0,IGCR,measured_transition_feedback,,,False
201,,485,,,0,OV-SDF,consume_observation_whitelist,,,
201,,486,,,0,STGHP,propose_and_rank_observed_targets,,,
201,True,487,,,0,RPN-UQ,observed_action_and_return_guard,left,refresh_selected_target_on_current_observation,
202,,488,[],0,0,IGCR,measured_transition_feedback,,,False
202,True,489,,,0,RPN-UQ,observed_action_and_return_guard,forward,refresh_selected_target_on_current_observation,
203,,490,[],1,0,IGCR,measured_transition_feedback,,,False
203,True,491,,,0,RPN-UQ,observed_action_and_return_guard,forward,refresh_selected_target_on_current_observation,
204,,492,[],0,0,IGCR,measured_transition_feedback,,,False
204,True,493,,,0,RPN-UQ,observed_action_and_return_guard,forward,refresh_selected_target_on_current_observation,
205,,494,[],0,0,IGCR,measured_transition_feedback,,,False
205,True,495,,,0,RPN-UQ,observed_action_and_return_guard,forward,refresh_selected_target_on_current_observation,
206,,496,[],0,0,IGCR,measured_transition_feedback,,,False
206,,497,,,0,OV-SDF,consume_observation_whitelist,,,
206,,498,,,0,STGHP,propose_and_rank_observed_targets,,,
206,True,499,,,0,RPN-UQ,observed_action_and_return_guard,forward,refresh_selected_target_on_current_observation,
207,,500,[],0,0,IGCR,measured_transition_feedback,,,False
207,True,501,,,0,RPN-UQ,observed_action_and_return_guard,forward,refresh_selected_target_on_current_observation,
208,,502,[],0,0,IGCR,measured_transition_feedback,,,False
208,True,503,,,0,RPN-UQ,observed_action_and_return_guard,forward,refresh_selected_target_on_current_observation,
209,,504,[],0,0,IGCR,measured_transition_feedback,,,False
209,True,505,,,0,RPN-UQ,observed_action_and_return_guard,forward,refresh_selected_target_on_current_observation,
210,,506,[],0,0,IGCR,measured_transition_feedback,,,False
210,True,507,,,0,RPN-UQ,observed_action_and_return_guard,forward,refresh_selected_target_on_current_observation,
211,,508,[],0,0,IGCR,measured_transition_feedback,,,False
211,,509,,,0,OV-SDF,consume_observation_whitelist,,,
211,,510,,,0,STGHP,propose_and_rank_observed_targets,,,
211,True,511,,,0,RPN-UQ,observed_action_and_return_guard,forward,refresh_selected_target_on_current_observation,
212,,512,[],0,0,IGCR,measured_transition_feedback,,,False
212,True,513,,,0,RPN-UQ,observed_action_and_return_guard,forward,refresh_selected_target_on_current_observation,
213,,514,[],0,0,IGCR,measured_transition_feedback,,,False
213,True,515,,,0,RPN-UQ,observed_action_and_return_guard,forward,refresh_selected_target_on_current_observation,
214,,516,[],0,0,IGCR,measured_transition_feedback,,,False
214,True,517,,,0,RPN-UQ,observed_action_and_return_guard,forward,refresh_selected_target_on_current_observation,
215,,518,[],0,0,IGCR,measured_transition_feedback,,,False
215,True,519,,,0,RPN-UQ,observed_action_and_return_guard,forward,refresh_selected_target_on_current_observation,
216,,520,[],0,0,IGCR,measured_transition_feedback,,,False
216,,521,,,0,OV-SDF,consume_observation_whitelist,,,
216,,522,,,0,STGHP,propose_and_rank_observed_targets,,,
216,True,523,,,0,RPN-UQ,observed_action_and_return_guard,forward,refresh_selected_target_on_current_observation,
217,,524,[],0,0,IGCR,measured_transition_feedback,,,False
217,True,525,,,0,RPN-UQ,observed_action_and_return_guard,forward,refresh_selected_target_on_current_observation,
218,,526,[],0,0,IGCR,measured_transition_feedback,,,False
218,True,527,,,0,RPN-UQ,observed_action_and_return_guard,forward,refresh_selected_target_on_current_observation,
219,,528,[],0,0,IGCR,measured_transition_feedback,,,False
219,True,529,,,0,RPN-UQ,observed_action_and_return_guard,forward,refresh_selected_target_on_current_observation,
220,,530,[],0,0,IGCR,measured_transition_feedback,,,False
220,True,531,,,0,RPN-UQ,observed_action_and_return_guard,forward,refresh_selected_target_on_current_observation,
221,,532,[],0,0,IGCR,measured_transition_feedback,,,False
221,,533,,,0,OV-SDF,consume_observation_whitelist,,,
221,,534,,,0,STGHP,propose_and_rank_observed_targets,,,
221,True,535,,,0,RPN-UQ,observed_action_and_return_guard,forward,refresh_selected_target_on_current_observation,
222,,536,[],0,0,IGCR,measured_transition_feedback,,,False
222,True,537,,,0,RPN-UQ,observed_action_and_return_guard,forward,refresh_selected_target_on_current_observation,
223,,538,[],0,0,IGCR,measured_transition_feedback,,,False
223,True,539,,,0,RPN-UQ,observed_action_and_return_guard,forward,refresh_selected_target_on_current_observation,
224,,540,[],0,0,IGCR,measured_transition_feedback,,,False
224,True,541,,,0,RPN-UQ,observed_action_and_return_guard,forward,refresh_selected_target_on_current_observation,
225,,542,[],1,0,IGCR,measured_transition_feedback,,,False
225,True,543,,,0,RPN-UQ,observed_action_and_return_guard,forward,refresh_selected_target_on_current_observation,
226,,544,[],0,0,IGCR,measured_transition_feedback,,,False
226,,545,,,0,OV-SDF,consume_observation_whitelist,,,
226,,546,,,0,STGHP,propose_and_rank_observed_targets,,,
226,True,547,,,0,RPN-UQ,observed_action_and_return_guard,forward,refresh_selected_target_on_current_observation,
227,,548,[],1,0,IGCR,measured_transition_feedback,,,False
227,True,549,,,0,RPN-UQ,observed_action_and_return_guard,forward,refresh_selected_target_on_current_observation,
228,,550,[],3,0,IGCR,measured_transition_feedback,,,False
228,True,551,,,0,RPN-UQ,observed_action_and_return_guard,forward,refresh_selected_target_on_current_observation,
229,,552,[],2,0,IGCR,measured_transition_feedback,,,True
229,,553,,,0,OV-SDF,consume_observation_whitelist,,,
229,,554,,,0,STGHP,propose_and_rank_observed_targets,,,
229,True,555,,,0,RPN-UQ,observed_action_and_return_guard,right,refresh_selected_target_on_current_observation,
230,,556,[],0,0,IGCR,measured_transition_feedback,,,False
230,True,557,,,0,RPN-UQ,observed_action_and_return_guard,forward,refresh_selected_target_on_current_observation,
231,,558,[],0,0,IGCR,measured_transition_feedback,,,False
231,True,559,,,0,RPN-UQ,observed_action_and_return_guard,forward,refresh_selected_target_on_current_observation,
232,,560,[],3,0,IGCR,measured_transition_feedback,,,False
232,True,561,,,0,RPN-UQ,observed_action_and_return_guard,forward,refresh_selected_target_on_current_observation,
233,,562,[],4,0,IGCR,measured_transition_feedback,,,False
233,True,563,,,0,RPN-UQ,observed_action_and_return_guard,forward,refresh_selected_target_on_current_observation,
234,,564,[],3,0,IGCR,measured_transition_feedback,,,False
234,,565,,,0,OV-SDF,consume_observation_whitelist,,,
234,,566,,,0,STGHP,propose_and_rank_observed_targets,,,
234,True,567,,,0,RPN-UQ,observed_action_and_return_guard,forward,refresh_selected_target_on_current_observation,
235,,568,[],1,0,IGCR,measured_transition_feedback,,,False
235,True,569,,,0,RPN-UQ,observed_action_and_return_guard,forward,refresh_selected_target_on_current_observation,
236,,570,[],1,0,IGCR,measured_transition_feedback,,,False
236,True,571,,,0,RPN-UQ,observed_action_and_return_guard,forward,refresh_selected_target_on_current_observation,
237,,572,[],0,0,IGCR,measured_transition_feedback,,,False
237,True,573,,,0,RPN-UQ,observed_action_and_return_guard,left,refresh_selected_target_on_current_observation,
238,,574,[],0,0,IGCR,measured_transition_feedback,,,False
238,True,575,,,0,RPN-UQ,observed_action_and_return_guard,forward,refresh_selected_target_on_current_observation,
239,,576,[],1,0,IGCR,measured_transition_feedback,,,False
239,,577,,,0,OV-SDF,consume_observation_whitelist,,,
239,,578,,,0,STGHP,propose_and_rank_observed_targets,,,
239,True,579,,,0,RPN-UQ,observed_action_and_return_guard,forward,refresh_selected_target_on_current_observation,
240,,580,[],1,0,IGCR,measured_transition_feedback,,,False
240,True,581,,,0,RPN-UQ,observed_action_and_return_guard,forward,refresh_selected_target_on_current_observation,
241,,582,[],3,0,IGCR,measured_transition_feedback,,,False
241,True,583,,,0,RPN-UQ,observed_action_and_return_guard,forward,refresh_selected_target_on_current_observation,
242,,584,[],2,0,IGCR,measured_transition_feedback,,,False
242,True,585,,,0,RPN-UQ,observed_action_and_return_guard,forward,refresh_selected_target_on_current_observation,
243,,586,[],1,0,IGCR,measured_transition_feedback,,,True
243,,587,,,0,OV-SDF,consume_observation_whitelist,,,
243,,588,,,0,STGHP,propose_and_rank_observed_targets,,,
243,True,589,,,0,RPN-UQ,observed_action_and_return_guard,right,refresh_selected_target_on_current_observation,
244,,590,[],2,0,IGCR,measured_transition_feedback,,,False
244,True,591,,,0,RPN-UQ,observed_action_and_return_guard,forward,refresh_selected_target_on_current_observation,
245,,592,[],2,0,IGCR,measured_transition_feedback,,,False
245,True,593,,,0,RPN-UQ,observed_action_and_return_guard,right,refresh_selected_target_on_current_observation,
246,,594,[],4,0,IGCR,measured_transition_feedback,,,False
246,True,595,,,0,RPN-UQ,observed_action_and_return_guard,forward,refresh_selected_target_on_current_observation,
247,,596,[],1,0,IGCR,measured_transition_feedback,,,False
247,True,597,,,0,RPN-UQ,observed_action_and_return_guard,forward,refresh_selected_target_on_current_observation,
248,,598,[],0,0,IGCR,measured_transition_feedback,,,False
248,,599,,,0,OV-SDF,consume_observation_whitelist,,,
248,,600,,,0,STGHP,propose_and_rank_observed_targets,,,
248,True,601,,,0,RPN-UQ,observed_action_and_return_guard,forward,refresh_selected_target_on_current_observation,
249,,602,[],3,0,IGCR,measured_transition_feedback,,,False
249,True,603,,,0,RPN-UQ,observed_action_and_return_guard,forward,refresh_selected_target_on_current_observation,
250,,604,[],1,0,IGCR,measured_transition_feedback,,,False
250,True,605,,,0,RPN-UQ,observed_action_and_return_guard,forward,refresh_selected_target_on_current_observation,
251,,606,[],3,0,IGCR,measured_transition_feedback,,,False
251,True,607,,,0,RPN-UQ,observed_action_and_return_guard,forward,refresh_selected_target_on_current_observation,
252,,608,[],0,0,IGCR,measured_transition_feedback,,,False
252,True,609,,,0,RPN-UQ,observed_action_and_return_guard,forward,refresh_selected_target_on_current_observation,
253,,610,[],0,0,IGCR,measured_transition_feedback,,,False
253,,611,,,0,OV-SDF,consume_observation_whitelist,,,
253,,612,,,0,STGHP,propose_and_rank_observed_targets,,,
253,True,613,,,0,RPN-UQ,observed_action_and_return_guard,forward,refresh_selected_target_on_current_observation,
254,,614,[],1,0,IGCR,measured_transition_feedback,,,False
254,True,615,,,0,RPN-UQ,observed_action_and_return_guard,forward,refresh_selected_target_on_current_observation,
255,,616,[],0,0,IGCR,measured_transition_feedback,,,False
255,True,617,,,0,RPN-UQ,observed_action_and_return_guard,forward,refresh_selected_target_on_current_observation,
256,,618,[],1,0,IGCR,measured_transition_feedback,,,False
256,True,619,,,0,RPN-UQ,observed_action_and_return_guard,forward,refresh_selected_target_on_current_observation,
257,,620,[],0,0,IGCR,measured_transition_feedback,,,False
257,True,621,,,0,RPN-UQ,observed_action_and_return_guard,forward,refresh_selected_target_on_current_observation,
258,,622,[],0,0,IGCR,measured_transition_feedback,,,False
258,,623,,,0,OV-SDF,consume_observation_whitelist,,,
258,,624,,,0,STGHP,propose_and_rank_observed_targets,,,
258,True,625,,,0,RPN-UQ,observed_action_and_return_guard,forward,refresh_selected_target_on_current_observation,
259,,626,[],2,0,IGCR,measured_transition_feedback,,,False
259,True,627,,,0,RPN-UQ,observed_action_and_return_guard,forward,refresh_selected_target_on_current_observation,
260,,628,[],1,0,IGCR,measured_transition_feedback,,,False
260,True,629,,,0,RPN-UQ,observed_action_and_return_guard,forward,refresh_selected_target_on_current_observation,
261,,630,[],2,0,IGCR,measured_transition_feedback,,,False
261,True,631,,,0,RPN-UQ,observed_action_and_return_guard,forward,refresh_selected_target_on_current_observation,
262,,632,[],1,0,IGCR,measured_transition_feedback,,,False
262,True,633,,,0,RPN-UQ,observed_action_and_return_guard,forward,refresh_selected_target_on_current_observation,
263,,634,[],1,0,IGCR,measured_transition_feedback,,,False
263,,635,,,0,OV-SDF,consume_observation_whitelist,,,
263,,636,,,0,STGHP,propose_and_rank_observed_targets,,,
263,True,637,,,0,RPN-UQ,observed_action_and_return_guard,forward,refresh_selected_target_on_current_observation,
264,,638,[],1,0,IGCR,measured_transition_feedback,,,False
264,True,639,,,0,RPN-UQ,observed_action_and_return_guard,forward,refresh_selected_target_on_current_observation,
265,,640,[],2,0,IGCR,measured_transition_feedback,,,False
265,True,641,,,0,RPN-UQ,observed_action_and_return_guard,forward,refresh_selected_target_on_current_observation,
266,,642,[],2,0,IGCR,measured_transition_feedback,,,True
266,,643,,,0,OV-SDF,consume_observation_whitelist,,,
266,,644,,,0,STGHP,propose_and_rank_observed_targets,,,
266,True,645,,,0,RPN-UQ,observed_action_and_return_guard,forward,refresh_selected_target_on_current_observation,
267,,646,[],0,0,IGCR,measured_transition_feedback,,,False
267,True,647,,,0,RPN-UQ,observed_action_and_return_guard,forward,refresh_selected_target_on_current_observation,
268,,648,[],0,0,IGCR,measured_transition_feedback,,,False
268,True,649,,,0,RPN-UQ,observed_action_and_return_guard,forward,refresh_selected_target_on_current_observation,
269,,650,[],0,0,IGCR,measured_transition_feedback,,,False
269,True,651,,,0,RPN-UQ,observed_action_and_return_guard,forward,refresh_selected_target_on_current_observation,
270,,652,[],0,0,IGCR,measured_transition_feedback,,,False
270,True,653,,,0,RPN-UQ,observed_action_and_return_guard,forward,refresh_selected_target_on_current_observation,
271,,654,[],0,0,IGCR,measured_transition_feedback,,,False
271,,655,,,0,OV-SDF,consume_observation_whitelist,,,
271,,656,,,0,STGHP,propose_and_rank_observed_targets,,,
271,True,657,,,0,RPN-UQ,observed_action_and_return_guard,left,refresh_selected_target_on_current_observation,
272,,658,[],0,0,IGCR,measured_transition_feedback,,,False
272,True,659,,,0,RPN-UQ,observed_action_and_return_guard,left,refresh_selected_target_on_current_observation,
273,,660,[],0,0,IGCR,measured_transition_feedback,,,False
273,True,661,,,0,RPN-UQ,observed_action_and_return_guard,forward,refresh_selected_target_on_current_observation,
274,,662,[],0,0,IGCR,measured_transition_feedback,,,False
274,True,663,,,0,RPN-UQ,observed_action_and_return_guard,forward,refresh_selected_target_on_current_observation,
275,,664,[],0,0,IGCR,measured_transition_feedback,,,False
275,True,665,,,0,RPN-UQ,observed_action_and_return_guard,forward,refresh_selected_target_on_current_observation,
276,,666,[],0,0,IGCR,measured_transition_feedback,,,False
276,,667,,,0,OV-SDF,consume_observation_whitelist,,,
276,,668,,,0,STGHP,propose_and_rank_observed_targets,,,
276,True,669,,,0,RPN-UQ,observed_action_and_return_guard,left,refresh_selected_target_on_current_observation,
277,,670,[],0,0,IGCR,measured_transition_feedback,,,False
277,True,671,,,0,RPN-UQ,observed_action_and_return_guard,forward,refresh_selected_target_on_current_observation,
278,,672,[],1,0,IGCR,measured_transition_feedback,,,False
278,True,673,,,0,RPN-UQ,observed_action_and_return_guard,forward,refresh_selected_target_on_current_observation,
279,,674,[],0,0,IGCR,measured_transition_feedback,,,False
279,True,675,,,0,RPN-UQ,observed_action_and_return_guard,forward,refresh_selected_target_on_current_observation,
280,,676,[],0,0,IGCR,measured_transition_feedback,,,False
280,True,677,,,0,RPN-UQ,observed_action_and_return_guard,forward,refresh_selected_target_on_current_observation,
281,,678,[],0,0,IGCR,measured_transition_feedback,,,False
281,,679,,,0,OV-SDF,consume_observation_whitelist,,,
281,,680,,,0,STGHP,propose_and_rank_observed_targets,,,
281,True,681,,,0,RPN-UQ,observed_action_and_return_guard,forward,refresh_selected_target_on_current_observation,
282,,682,[],0,0,IGCR,measured_transition_feedback,,,False
282,True,683,,,0,RPN-UQ,observed_action_and_return_guard,forward,refresh_selected_target_on_current_observation,
283,,684,[],0,0,IGCR,measured_transition_feedback,,,False
283,True,685,,,0,RPN-UQ,observed_action_and_return_guard,forward,refresh_selected_target_on_current_observation,
284,,686,[],0,0,IGCR,measured_transition_feedback,,,False
284,True,687,,,0,RPN-UQ,observed_action_and_return_guard,forward,refresh_selected_target_on_current_observation,
285,,688,[],0,0,IGCR,measured_transition_feedback,,,False
285,True,689,,,0,RPN-UQ,observed_action_and_return_guard,forward,refresh_selected_target_on_current_observation,
286,,690,[],0,0,IGCR,measured_transition_feedback,,,False
286,,691,,,0,OV-SDF,consume_observation_whitelist,,,
286,,692,,,0,STGHP,propose_and_rank_observed_targets,,,
286,True,693,,,0,RPN-UQ,observed_action_and_return_guard,forward,refresh_selected_target_on_current_observation,
287,,694,[],0,0,IGCR,measured_transition_feedback,,,False
287,True,695,,,0,RPN-UQ,observed_action_and_return_guard,forward,refresh_selected_target_on_current_observation,
288,,696,[],1,0,IGCR,measured_transition_feedback,,,False
288,True,697,,,0,RPN-UQ,observed_action_and_return_guard,forward,refresh_selected_target_on_current_observation,
289,,698,[],0,0,IGCR,measured_transition_feedback,,,False
289,True,699,,,0,RPN-UQ,observed_action_and_return_guard,forward,refresh_selected_target_on_current_observation,
290,,700,[],0,0,IGCR,measured_transition_feedback,,,False
290,True,701,,,0,RPN-UQ,observed_action_and_return_guard,forward,refresh_selected_target_on_current_observation,
291,,702,[],0,0,IGCR,measured_transition_feedback,,,False
291,,703,,,0,OV-SDF,consume_observation_whitelist,,,
291,,704,,,0,STGHP,propose_and_rank_observed_targets,,,
291,True,705,,,0,RPN-UQ,observed_action_and_return_guard,forward,refresh_selected_target_on_current_observation,
292,,706,[],0,0,IGCR,measured_transition_feedback,,,False
292,True,707,,,0,RPN-UQ,observed_action_and_return_guard,forward,refresh_selected_target_on_current_observation,
293,,708,[],0,0,IGCR,measured_transition_feedback,,,False
293,True,709,,,0,RPN-UQ,observed_action_and_return_guard,forward,refresh_selected_target_on_current_observation,
294,,710,[],0,0,IGCR,measured_transition_feedback,,,False
294,True,711,,,0,RPN-UQ,observed_action_and_return_guard,forward,refresh_selected_target_on_current_observation,
295,,712,[],2,0,IGCR,measured_transition_feedback,,,False
295,True,713,,,0,RPN-UQ,observed_action_and_return_guard,forward,refresh_selected_target_on_current_observation,
296,,714,[],0,0,IGCR,measured_transition_feedback,,,False
296,,715,,,0,OV-SDF,consume_observation_whitelist,,,
296,,716,,,0,STGHP,propose_and_rank_observed_targets,,,
296,True,717,,,0,RPN-UQ,observed_action_and_return_guard,forward,refresh_selected_target_on_current_observation,
297,,718,[],1,0,IGCR,measured_transition_feedback,,,False
297,True,719,,,0,RPN-UQ,observed_action_and_return_guard,forward,refresh_selected_target_on_current_observation,
298,,720,[],0,0,IGCR,measured_transition_feedback,,,False
298,True,721,,,0,RPN-UQ,observed_action_and_return_guard,forward,refresh_selected_target_on_current_observation,
299,,722,[],0,0,IGCR,measured_transition_feedback,,,False
299,True,723,,,0,RPN-UQ,observed_action_and_return_guard,forward,refresh_selected_target_on_current_observation,
300,,724,[],2,0,IGCR,measured_transition_feedback,,,False
300,True,725,,,0,RPN-UQ,observed_action_and_return_guard,left,refresh_selected_target_on_current_observation,
301,,726,[],0,0,IGCR,measured_transition_feedback,,,False
301,,727,,,0,OV-SDF,consume_observation_whitelist,,,
301,,728,,,0,STGHP,propose_and_rank_observed_targets,,,
301,True,729,,,0,RPN-UQ,observed_action_and_return_guard,forward,refresh_selected_target_on_current_observation,
302,,730,[],0,0,IGCR,measured_transition_feedback,,,False
302,True,731,,,0,RPN-UQ,observed_action_and_return_guard,forward,refresh_selected_target_on_current_observation,
303,,732,[],1,0,IGCR,measured_transition_feedback,,,False
303,True,733,,,0,RPN-UQ,observed_action_and_return_guard,forward,refresh_selected_target_on_current_observation,
304,,734,[],0,0,IGCR,measured_transition_feedback,,,False
304,True,735,,,0,RPN-UQ,observed_action_and_return_guard,forward,refresh_selected_target_on_current_observation,
305,,736,[],0,0,IGCR,measured_transition_feedback,,,False
305,True,737,,,0,RPN-UQ,observed_action_and_return_guard,forward,refresh_selected_target_on_current_observation,
306,,738,[],0,0,IGCR,measured_transition_feedback,,,False
306,,739,,,0,OV-SDF,consume_observation_whitelist,,,
306,,740,,,0,STGHP,propose_and_rank_observed_targets,,,
306,True,741,,,0,RPN-UQ,observed_action_and_return_guard,forward,refresh_selected_target_on_current_observation,
307,,742,[],0,0,IGCR,measured_transition_feedback,,,False
307,True,743,,,0,RPN-UQ,observed_action_and_return_guard,forward,refresh_selected_target_on_current_observation,
308,,744,[],0,0,IGCR,measured_transition_feedback,,,False
308,True,745,,,0,RPN-UQ,observed_action_and_return_guard,forward,refresh_selected_target_on_current_observation,
309,,746,[],0,0,IGCR,measured_transition_feedback,,,False
309,True,747,,,0,RPN-UQ,observed_action_and_return_guard,forward,refresh_selected_target_on_current_observation,
310,,748,[],0,0,IGCR,measured_transition_feedback,,,False
310,True,749,,,0,RPN-UQ,observed_action_and_return_guard,forward,refresh_selected_target_on_current_observation,
311,,750,[],0,0,IGCR,measured_transition_feedback,,,False
311,,751,,,0,OV-SDF,consume_observation_whitelist,,,
311,,752,,,0,STGHP,propose_and_rank_observed_targets,,,
311,True,753,,,0,RPN-UQ,observed_action_and_return_guard,right,refresh_selected_target_on_current_observation,
312,,754,[],1,0,IGCR,measured_transition_feedback,,,False
312,True,755,,,0,RPN-UQ,observed_action_and_return_guard,forward,refresh_selected_target_on_current_observation,
313,,756,[],0,0,IGCR,measured_transition_feedback,,,False
313,True,757,,,0,RPN-UQ,observed_action_and_return_guard,forward,refresh_selected_target_on_current_observation,
314,,758,[],0,0,IGCR,measured_transition_feedback,,,False
314,True,759,,,0,RPN-UQ,observed_action_and_return_guard,forward,refresh_selected_target_on_current_observation,
315,,760,[],0,0,IGCR,measured_transition_feedback,,,False
315,True,761,,,0,RPN-UQ,observed_action_and_return_guard,forward,refresh_selected_target_on_current_observation,
316,,762,[],0,0,IGCR,measured_transition_feedback,,,False
316,,763,,,0,OV-SDF,consume_observation_whitelist,,,
316,,764,,,0,STGHP,propose_and_rank_observed_targets,,,
316,True,765,,,0,RPN-UQ,observed_action_and_return_guard,forward,refresh_selected_target_on_current_observation,
317,,766,[],0,0,IGCR,measured_transition_feedback,,,False
317,True,767,,,0,RPN-UQ,observed_action_and_return_guard,forward,refresh_selected_target_on_current_observation,
318,,768,[],0,0,IGCR,measured_transition_feedback,,,False
318,True,769,,,0,RPN-UQ,observed_action_and_return_guard,forward,refresh_selected_target_on_current_observation,
319,,770,[],0,0,IGCR,measured_transition_feedback,,,False
319,True,771,,,0,RPN-UQ,observed_action_and_return_guard,forward,refresh_selected_target_on_current_observation,
320,,772,[],0,0,IGCR,measured_transition_feedback,,,False
320,True,773,,,0,RPN-UQ,observed_action_and_return_guard,forward,refresh_selected_target_on_current_observation,
321,,774,[],0,0,IGCR,measured_transition_feedback,,,False
321,,775,,,0,OV-SDF,consume_observation_whitelist,,,
321,,776,,,0,STGHP,propose_and_rank_observed_targets,,,
321,True,777,,,0,RPN-UQ,observed_action_and_return_guard,forward,refresh_selected_target_on_current_observation,
322,,778,[],0,0,IGCR,measured_transition_feedback,,,False
322,True,779,,,0,RPN-UQ,observed_action_and_return_guard,forward,refresh_selected_target_on_current_observation,
323,,780,[],0,0,IGCR,measured_transition_feedback,,,False
323,True,781,,,0,RPN-UQ,observed_action_and_return_guard,forward,refresh_selected_target_on_current_observation,
324,,782,[],0,0,IGCR,measured_transition_feedback,,,False
324,True,783,,,0,RPN-UQ,observed_action_and_return_guard,forward,refresh_selected_target_on_current_observation,
325,,784,[],0,0,IGCR,measured_transition_feedback,,,False
325,True,785,,,0,RPN-UQ,observed_action_and_return_guard,forward,refresh_selected_target_on_current_observation,
326,,786,[],0,0,IGCR,measured_transition_feedback,,,False
326,,787,,,0,OV-SDF,consume_observation_whitelist,,,
326,,788,,,0,STGHP,propose_and_rank_observed_targets,,,
326,True,789,,,0,RPN-UQ,observed_action_and_return_guard,forward,refresh_selected_target_on_current_observation,
327,,790,[],0,0,IGCR,measured_transition_feedback,,,False
327,True,791,,,0,RPN-UQ,observed_action_and_return_guard,forward,refresh_selected_target_on_current_observation,
328,,792,[],0,0,IGCR,measured_transition_feedback,,,False
328,True,793,,,0,RPN-UQ,observed_action_and_return_guard,forward,refresh_selected_target_on_current_observation,
329,,794,[],0,0,IGCR,measured_transition_feedback,,,False
329,True,795,,,0,RPN-UQ,observed_action_and_return_guard,right,refresh_selected_target_on_current_observation,
330,,796,[],0,0,IGCR,measured_transition_feedback,,,False
330,True,797,,,0,RPN-UQ,observed_action_and_return_guard,forward,refresh_selected_target_on_current_observation,
331,,798,[],0,0,IGCR,measured_transition_feedback,,,False
331,,799,,,0,OV-SDF,consume_observation_whitelist,,,
331,,800,,,0,STGHP,propose_and_rank_observed_targets,,,
331,True,801,,,0,RPN-UQ,observed_action_and_return_guard,forward,refresh_selected_target_on_current_observation,
332,,802,[],0,0,IGCR,measured_transition_feedback,,,False
332,True,803,,,0,RPN-UQ,observed_action_and_return_guard,forward,refresh_selected_target_on_current_observation,
333,,804,[],0,0,IGCR,measured_transition_feedback,,,False
333,True,805,,,0,RPN-UQ,observed_action_and_return_guard,forward,refresh_selected_target_on_current_observation,
334,,806,[],0,0,IGCR,measured_transition_feedback,,,False
334,True,807,,,0,RPN-UQ,observed_action_and_return_guard,right,refresh_selected_target_on_current_observation,
335,,808,[],0,0,IGCR,measured_transition_feedback,,,True
335,,809,,,0,OV-SDF,consume_observation_whitelist,,,
335,,810,,,0,STGHP,propose_and_rank_observed_targets,,,
335,True,811,,,0,RPN-UQ,observed_action_and_return_guard,left,refresh_selected_target_on_current_observation,
336,,812,[],0,0,IGCR,measured_transition_feedback,,,False
336,True,813,,,0,RPN-UQ,observed_action_and_return_guard,forward,refresh_selected_target_on_current_observation,
337,,814,[],0,0,IGCR,measured_transition_feedback,,,False
337,True,815,,,0,RPN-UQ,observed_action_and_return_guard,forward,refresh_selected_target_on_current_observation,
338,,816,[],0,0,IGCR,measured_transition_feedback,,,False
338,True,817,,,0,RPN-UQ,observed_action_and_return_guard,forward,refresh_selected_target_on_current_observation,
339,,818,[],0,0,IGCR,measured_transition_feedback,,,False
339,True,819,,,0,RPN-UQ,observed_action_and_return_guard,forward,refresh_selected_target_on_current_observation,
340,,820,[],0,0,IGCR,measured_transition_feedback,,,False
340,,821,,,0,OV-SDF,consume_observation_whitelist,,,
340,,822,,,0,STGHP,propose_and_rank_observed_targets,,,
340,True,823,,,0,RPN-UQ,observed_action_and_return_guard,forward,refresh_selected_target_on_current_observation,
341,,824,[],0,0,IGCR,measured_transition_feedback,,,True
341,,825,,,0,OV-SDF,consume_observation_whitelist,,,
341,,826,,,0,STGHP,propose_and_rank_observed_targets,,,
341,True,827,,,0,RPN-UQ,observed_action_and_return_guard,forward,refresh_selected_target_on_current_observation,
342,,828,[],0,0,IGCR,measured_transition_feedback,,,False
342,True,829,,,0,RPN-UQ,observed_action_and_return_guard,forward,refresh_selected_target_on_current_observation,
343,,830,[],0,0,IGCR,measured_transition_feedback,,,False
343,True,831,,,0,RPN-UQ,observed_action_and_return_guard,forward,refresh_selected_target_on_current_observation,
344,,832,[],0,0,IGCR,measured_transition_feedback,,,False
344,True,833,,,0,RPN-UQ,observed_action_and_return_guard,forward,refresh_selected_target_on_current_observation,
345,,834,[],0,0,IGCR,measured_transition_feedback,,,False
345,True,835,,,0,RPN-UQ,observed_action_and_return_guard,forward,refresh_selected_target_on_current_observation,
346,,836,[],0,0,IGCR,measured_transition_feedback,,,False
346,,837,,,0,OV-SDF,consume_observation_whitelist,,,
346,,838,,,0,STGHP,propose_and_rank_observed_targets,,,
346,True,839,,,0,RPN-UQ,observed_action_and_return_guard,forward,refresh_selected_target_on_current_observation,
347,,840,[],0,0,IGCR,measured_transition_feedback,,,False
347,True,841,,,0,RPN-UQ,observed_action_and_return_guard,forward,refresh_selected_target_on_current_observation,
348,,842,[],0,0,IGCR,measured_transition_feedback,,,False
348,True,843,,,0,RPN-UQ,observed_action_and_return_guard,forward,refresh_selected_target_on_current_observation,
349,,844,[],0,0,IGCR,measured_transition_feedback,,,False
349,True,845,,,0,RPN-UQ,observed_action_and_return_guard,forward,refresh_selected_target_on_current_observation,
350,,846,[],0,0,IGCR,measured_transition_feedback,,,False
350,True,847,,,0,RPN-UQ,observed_action_and_return_guard,forward,refresh_selected_target_on_current_observation,
351,,848,[],0,0,IGCR,measured_transition_feedback,,,False
351,,849,,,0,OV-SDF,consume_observation_whitelist,,,
351,,850,,,0,STGHP,propose_and_rank_observed_targets,,,
351,True,851,,,0,RPN-UQ,observed_action_and_return_guard,forward,refresh_selected_target_on_current_observation,
352,,852,[],0,0,IGCR,measured_transition_feedback,,,False
352,True,853,,,0,RPN-UQ,observed_action_and_return_guard,forward,refresh_selected_target_on_current_observation,
353,,854,[],0,0,IGCR,measured_transition_feedback,,,False
353,True,855,,,0,RPN-UQ,observed_action_and_return_guard,forward,refresh_selected_target_on_current_observation,
354,,856,[],1,0,IGCR,measured_transition_feedback,,,False
354,True,857,,,0,RPN-UQ,observed_action_and_return_guard,forward,refresh_selected_target_on_current_observation,
355,,858,[],0,0,IGCR,measured_transition_feedback,,,False
355,True,859,,,0,RPN-UQ,observed_action_and_return_guard,forward,refresh_selected_target_on_current_observation,
356,,860,[],0,0,IGCR,measured_transition_feedback,,,False
356,,861,,,0,OV-SDF,consume_observation_whitelist,,,
356,,862,,,0,STGHP,propose_and_rank_observed_targets,,,
356,True,863,,,0,RPN-UQ,observed_action_and_return_guard,left,refresh_selected_target_on_current_observation,
357,,864,[],1,0,IGCR,measured_transition_feedback,,,False
357,True,865,,,0,RPN-UQ,observed_action_and_return_guard,left,refresh_selected_target_on_current_observation,
358,,866,[],5,0,IGCR,measured_transition_feedback,,,False
358,True,867,,,0,RPN-UQ,observed_action_and_return_guard,forward,refresh_selected_target_on_current_observation,
359,,868,[],0,0,IGCR,measured_transition_feedback,,,False
359,True,869,,,0,RPN-UQ,observed_action_and_return_guard,forward,refresh_selected_target_on_current_observation,
360,,870,[],1,0,IGCR,measured_transition_feedback,,,False
360,True,871,,,0,RPN-UQ,observed_action_and_return_guard,forward,refresh_selected_target_on_current_observation,
361,,872,[],0,0,IGCR,measured_transition_feedback,,,False
361,,873,,,0,OV-SDF,consume_observation_whitelist,,,
361,,874,,,0,STGHP,propose_and_rank_observed_targets,,,
361,True,875,,,0,RPN-UQ,observed_action_and_return_guard,forward,refresh_selected_target_on_current_observation,
362,,876,[],1,0,IGCR,measured_transition_feedback,,,False
362,True,877,,,0,RPN-UQ,observed_action_and_return_guard,forward,refresh_selected_target_on_current_observation,
363,,878,[],0,0,IGCR,measured_transition_feedback,,,False
363,True,879,,,0,RPN-UQ,observed_action_and_return_guard,forward,refresh_selected_target_on_current_observation,
364,,880,[],0,0,IGCR,measured_transition_feedback,,,False
364,True,881,,,0,RPN-UQ,observed_action_and_return_guard,forward,refresh_selected_target_on_current_observation,
365,,882,[],1,0,IGCR,measured_transition_feedback,,,False
365,True,883,,,0,RPN-UQ,observed_action_and_return_guard,forward,refresh_selected_target_on_current_observation,
366,,884,[],0,0,IGCR,measured_transition_feedback,,,False
366,,885,,,0,OV-SDF,consume_observation_whitelist,,,
366,,886,,,0,STGHP,propose_and_rank_observed_targets,,,
366,True,887,,,0,RPN-UQ,observed_action_and_return_guard,forward,refresh_selected_target_on_current_observation,
367,,888,[],1,0,IGCR,measured_transition_feedback,,,False
367,True,889,,,0,RPN-UQ,observed_action_and_return_guard,forward,refresh_selected_target_on_current_observation,
368,,890,[],1,0,IGCR,measured_transition_feedback,,,False
368,True,891,,,0,RPN-UQ,observed_action_and_return_guard,forward,refresh_selected_target_on_current_observation,
369,,892,[],0,0,IGCR,measured_transition_feedback,,,False
369,True,893,,,0,RPN-UQ,observed_action_and_return_guard,forward,refresh_selected_target_on_current_observation,
370,,894,[],0,0,IGCR,measured_transition_feedback,,,False
370,True,895,,,0,RPN-UQ,observed_action_and_return_guard,forward,refresh_selected_target_on_current_observation,
371,,896,[],0,0,IGCR,measured_transition_feedback,,,False
371,,897,,,0,OV-SDF,consume_observation_whitelist,,,
371,,898,,,0,STGHP,propose_and_rank_observed_targets,,,
371,True,899,,,0,RPN-UQ,observed_action_and_return_guard,forward,known_safe_return_within_budget,
372,,900,[],0,0,IGCR,measured_transition_feedback,,,False
372,,901,,,0,OV-SDF,consume_observation_whitelist,,,
372,,902,,,0,STGHP,propose_and_rank_observed_targets,,,
372,True,903,,,0,RPN-UQ,observed_action_and_return_guard,forward,known_safe_return_within_budget,
373,,904,[],0,0,IGCR,measured_transition_feedback,,,False
373,,905,,,0,OV-SDF,consume_observation_whitelist,,,
373,,906,,,0,STGHP,propose_and_rank_observed_targets,,,
373,True,907,,,0,RPN-UQ,observed_action_and_return_guard,forward,known_safe_return_within_budget,
374,,908,[],0,0,IGCR,measured_transition_feedback,,,False
374,,909,,,0,OV-SDF,consume_observation_whitelist,,,
374,,910,,,0,STGHP,propose_and_rank_observed_targets,,,
374,True,911,,,0,RPN-UQ,observed_action_and_return_guard,forward,known_safe_return_within_budget,
375,,912,[],0,0,IGCR,measured_transition_feedback,,,False
375,,913,,,0,OV-SDF,consume_observation_whitelist,,,
375,,914,,,0,STGHP,propose_and_rank_observed_targets,,,
375,True,915,,,0,RPN-UQ,observed_action_and_return_guard,forward,known_safe_return_within_budget,
376,,916,[],0,0,IGCR,measured_transition_feedback,,,False
376,,917,,,0,OV-SDF,consume_observation_whitelist,,,
376,,918,,,0,STGHP,propose_and_rank_observed_targets,,,
376,True,919,,,0,RPN-UQ,observed_action_and_return_guard,forward,known_safe_return_within_budget,
377,,920,[],0,0,IGCR,measured_transition_feedback,,,False
377,,921,,,0,OV-SDF,consume_observation_whitelist,,,
377,,922,,,0,STGHP,propose_and_rank_observed_targets,,,
377,True,923,,,0,RPN-UQ,observed_action_and_return_guard,forward,known_safe_return_within_budget,
378,,924,[],0,0,IGCR,measured_transition_feedback,,,False
378,,925,,,0,OV-SDF,consume_observation_whitelist,,,
378,,926,,,0,STGHP,propose_and_rank_observed_targets,,,
378,True,927,,,0,RPN-UQ,observed_action_and_return_guard,forward,known_safe_return_within_budget,
379,,928,[],0,0,IGCR,measured_transition_feedback,,,False
379,,929,,,0,OV-SDF,consume_observation_whitelist,,,
379,,930,,,0,STGHP,propose_and_rank_observed_targets,,,
379,True,931,,,0,RPN-UQ,observed_action_and_return_guard,forward,known_safe_return_within_budget,
380,,932,[],1,0,IGCR,measured_transition_feedback,,,False
380,,933,,,0,OV-SDF,consume_observation_whitelist,,,
380,,934,,,0,STGHP,propose_and_rank_observed_targets,,,
380,True,935,,,0,RPN-UQ,observed_action_and_return_guard,forward,refresh_selected_target_on_current_observation,
381,,936,[],0,0,IGCR,measured_transition_feedback,,,False
381,True,937,,,0,RPN-UQ,observed_action_and_return_guard,forward,refresh_selected_target_on_current_observation,
382,,938,[],2,0,IGCR,measured_transition_feedback,,,False
382,True,939,,,0,RPN-UQ,observed_action_and_return_guard,forward,refresh_selected_target_on_current_observation,
383,,940,[],5,0,IGCR,measured_transition_feedback,,,False
383,True,941,,,0,RPN-UQ,observed_action_and_return_guard,forward,refresh_selected_target_on_current_observation,
384,,942,[],0,0,IGCR,measured_transition_feedback,,,False
384,True,943,,,0,RPN-UQ,observed_action_and_return_guard,forward,refresh_selected_target_on_current_observation,
385,,944,[],1,0,IGCR,measured_transition_feedback,,,False
385,,945,,,0,OV-SDF,consume_observation_whitelist,,,
385,,946,,,0,STGHP,propose_and_rank_observed_targets,,,
385,True,947,,,0,RPN-UQ,observed_action_and_return_guard,forward,known_safe_return_within_budget,
386,,948,[],3,0,IGCR,measured_transition_feedback,,,False
386,,949,,,0,OV-SDF,consume_observation_whitelist,,,
386,,950,,,0,STGHP,propose_and_rank_observed_targets,,,
386,True,951,,,0,RPN-UQ,observed_action_and_return_guard,forward,known_safe_return_within_budget,
387,,952,[],2,0,IGCR,measured_transition_feedback,,,False
387,,953,,,0,OV-SDF,consume_observation_whitelist,,,
387,,954,,,0,STGHP,propose_and_rank_observed_targets,,,
387,True,955,,,0,RPN-UQ,observed_action_and_return_guard,left,known_safe_return_within_budget,
388,,956,[],0,0,IGCR,measured_transition_feedback,,,False
388,,957,,,0,OV-SDF,consume_observation_whitelist,,,
388,,958,,,0,STGHP,propose_and_rank_observed_targets,,,
388,True,959,,,0,RPN-UQ,observed_action_and_return_guard,forward,known_safe_return_within_budget,
389,,960,[],0,0,IGCR,measured_transition_feedback,,,False
389,,961,,,0,OV-SDF,consume_observation_whitelist,,,
389,,962,,,0,STGHP,propose_and_rank_observed_targets,,,
389,True,963,,,0,RPN-UQ,observed_action_and_return_guard,forward,known_safe_return_within_budget,
390,,964,[],0,0,IGCR,measured_transition_feedback,,,False
390,,965,,,0,OV-SDF,consume_observation_whitelist,,,
390,,966,,,0,STGHP,propose_and_rank_observed_targets,,,
390,True,967,,,0,RPN-UQ,observed_action_and_return_guard,forward,known_safe_return_within_budget,
391,,968,[],2,0,IGCR,measured_transition_feedback,,,False
391,,969,,,0,OV-SDF,consume_observation_whitelist,,,
391,,970,,,0,STGHP,propose_and_rank_observed_targets,,,
391,True,971,,,0,RPN-UQ,observed_action_and_return_guard,forward,known_safe_return_within_budget,
392,,972,[],0,0,IGCR,measured_transition_feedback,,,False
392,,973,,,0,OV-SDF,consume_observation_whitelist,,,
392,,974,,,0,STGHP,propose_and_rank_observed_targets,,,
392,True,975,,,0,RPN-UQ,observed_action_and_return_guard,forward,known_safe_return_within_budget,
393,,976,[],0,0,IGCR,measured_transition_feedback,,,False
393,,977,,,0,OV-SDF,consume_observation_whitelist,,,
393,,978,,,0,STGHP,propose_and_rank_observed_targets,,,
393,True,979,,,0,RPN-UQ,observed_action_and_return_guard,right,known_safe_return_within_budget,
394,,980,[],1,0,IGCR,measured_transition_feedback,,,False
394,,981,,,0,OV-SDF,consume_observation_whitelist,,,
394,,982,,,0,STGHP,propose_and_rank_observed_targets,,,
394,True,983,,,0,RPN-UQ,observed_action_and_return_guard,forward,known_safe_return_within_budget,
395,,984,[],0,0,IGCR,measured_transition_feedback,,,False
395,,985,,,0,OV-SDF,consume_observation_whitelist,,,
395,,986,,,0,STGHP,propose_and_rank_observed_targets,,,
395,True,987,,,0,RPN-UQ,observed_action_and_return_guard,forward,known_safe_return_within_budget,
396,,988,[],0,0,IGCR,measured_transition_feedback,,,False
396,,989,,,0,OV-SDF,consume_observation_whitelist,,,
396,,990,,,0,STGHP,propose_and_rank_observed_targets,,,
396,False,991,,,0,RPN-UQ,observed_action_and_return_guard,,known_safe_return_within_budget,
0,,1,,,1,OV-SDF,consume_observation_whitelist,,,
0,,2,,,1,STGHP,propose_and_rank_observed_targets,,,
0,True,3,,,1,RPN-UQ,observed_action_and_return_guard,left,refresh_selected_target_on_current_observation,
1,,4,[],0,1,IGCR,measured_transition_feedback,,,False
1,True,5,,,1,RPN-UQ,observed_action_and_return_guard,forward,refresh_selected_target_on_current_observation,
2,,6,[],28,1,IGCR,measured_transition_feedback,,,False
2,True,7,,,1,RPN-UQ,observed_action_and_return_guard,forward,refresh_selected_target_on_current_observation,
3,,8,[],20,1,IGCR,measured_transition_feedback,,,False
3,True,9,,,1,RPN-UQ,observed_action_and_return_guard,forward,refresh_selected_target_on_current_observation,
4,,10,[],18,1,IGCR,measured_transition_feedback,,,False
4,True,11,,,1,RPN-UQ,observed_action_and_return_guard,forward,refresh_selected_target_on_current_observation,
5,,12,[],12,1,IGCR,measured_transition_feedback,,,False
5,,13,,,1,OV-SDF,consume_observation_whitelist,,,
5,,14,,,1,STGHP,propose_and_rank_observed_targets,,,
5,True,15,,,1,RPN-UQ,observed_action_and_return_guard,forward,refresh_selected_target_on_current_observation,
6,,16,[],15,1,IGCR,measured_transition_feedback,,,False
6,True,17,,,1,RPN-UQ,observed_action_and_return_guard,left,refresh_selected_target_on_current_observation,
7,,18,[],1,1,IGCR,measured_transition_feedback,,,False
7,True,19,,,1,RPN-UQ,observed_action_and_return_guard,forward,refresh_selected_target_on_current_observation,
8,,20,[],1,1,IGCR,measured_transition_feedback,,,False
8,True,21,,,1,RPN-UQ,observed_action_and_return_guard,forward,refresh_selected_target_on_current_observation,
9,,22,[],7,1,IGCR,measured_transition_feedback,,,False
9,True,23,,,1,RPN-UQ,observed_action_and_return_guard,forward,refresh_selected_target_on_current_observation,
10,,24,[],1,1,IGCR,measured_transition_feedback,,,False
10,,25,,,1,OV-SDF,consume_observation_whitelist,,,
10,,26,,,1,STGHP,propose_and_rank_observed_targets,,,
10,True,27,,,1,RPN-UQ,observed_action_and_return_guard,forward,refresh_selected_target_on_current_observation,
11,,28,[],2,1,IGCR,measured_transition_feedback,,,False
11,True,29,,,1,RPN-UQ,observed_action_and_return_guard,forward,refresh_selected_target_on_current_observation,
12,,30,[],1,1,IGCR,measured_transition_feedback,,,False
12,True,31,,,1,RPN-UQ,observed_action_and_return_guard,forward,refresh_selected_target_on_current_observation,
13,,32,[],2,1,IGCR,measured_transition_feedback,,,False
13,True,33,,,1,RPN-UQ,observed_action_and_return_guard,forward,refresh_selected_target_on_current_observation,
14,,34,[],3,1,IGCR,measured_transition_feedback,,,False
14,True,35,,,1,RPN-UQ,observed_action_and_return_guard,forward,refresh_selected_target_on_current_observation,
15,,36,[],2,1,IGCR,measured_transition_feedback,,,False
15,,37,,,1,OV-SDF,consume_observation_whitelist,,,
15,,38,,,1,STGHP,propose_and_rank_observed_targets,,,
15,True,39,,,1,RPN-UQ,observed_action_and_return_guard,forward,refresh_selected_target_on_current_observation,
16,,40,[],0,1,IGCR,measured_transition_feedback,,,False
16,True,41,,,1,RPN-UQ,observed_action_and_return_guard,forward,refresh_selected_target_on_current_observation,
17,,42,[],6,1,IGCR,measured_transition_feedback,,,False
17,True,43,,,1,RPN-UQ,observed_action_and_return_guard,forward,refresh_selected_target_on_current_observation,
18,,44,[],5,1,IGCR,measured_transition_feedback,,,False
18,True,45,,,1,RPN-UQ,observed_action_and_return_guard,forward,refresh_selected_target_on_current_observation,
19,,46,[],1,1,IGCR,measured_transition_feedback,,,False
19,True,47,,,1,RPN-UQ,observed_action_and_return_guard,forward,refresh_selected_target_on_current_observation,
20,,48,[],1,1,IGCR,measured_transition_feedback,,,False
20,,49,,,1,OV-SDF,consume_observation_whitelist,,,
20,,50,,,1,STGHP,propose_and_rank_observed_targets,,,
20,True,51,,,1,RPN-UQ,observed_action_and_return_guard,forward,refresh_selected_target_on_current_observation,
21,,52,[],2,1,IGCR,measured_transition_feedback,,,False
21,True,53,,,1,RPN-UQ,observed_action_and_return_guard,left,known_safe_return_within_budget,
22,,54,[],8,1,IGCR,measured_transition_feedback,,,False
22,True,55,,,1,RPN-UQ,observed_action_and_return_guard,forward,known_safe_return_within_budget,
23,,56,[],6,1,IGCR,measured_transition_feedback,,,False
23,True,57,,,1,RPN-UQ,observed_action_and_return_guard,left,known_safe_return_within_budget,
24,,58,[],4,1,IGCR,measured_transition_feedback,,,False
24,True,59,,,1,RPN-UQ,observed_action_and_return_guard,forward,known_safe_return_within_budget,
25,,60,[],2,1,IGCR,measured_transition_feedback,,,False
25,,61,,,1,OV-SDF,consume_observation_whitelist,,,
25,,62,,,1,STGHP,propose_and_rank_observed_targets,,,
25,True,63,,,1,RPN-UQ,observed_action_and_return_guard,left,refresh_selected_target_on_current_observation,
26,,64,[],0,1,IGCR,measured_transition_feedback,,,False
26,True,65,,,1,RPN-UQ,observed_action_and_return_guard,forward,refresh_selected_target_on_current_observation,
27,,66,[],1,1,IGCR,measured_transition_feedback,,,False
27,True,67,,,1,RPN-UQ,observed_action_and_return_guard,forward,refresh_selected_target_on_current_observation,
28,,68,[],3,1,IGCR,measured_transition_feedback,,,False
28,True,69,,,1,RPN-UQ,observed_action_and_return_guard,forward,refresh_selected_target_on_current_observation,
29,,70,[],3,1,IGCR,measured_transition_feedback,,,False
29,True,71,,,1,RPN-UQ,observed_action_and_return_guard,forward,refresh_selected_target_on_current_observation,
30,,72,[],0,1,IGCR,measured_transition_feedback,,,False
30,,73,,,1,OV-SDF,consume_observation_whitelist,,,
30,,74,,,1,STGHP,propose_and_rank_observed_targets,,,
30,True,75,,,1,RPN-UQ,observed_action_and_return_guard,forward,refresh_selected_target_on_current_observation,
31,,76,[],2,1,IGCR,measured_transition_feedback,,,False
31,True,77,,,1,RPN-UQ,observed_action_and_return_guard,forward,refresh_selected_target_on_current_observation,
32,,78,[],0,1,IGCR,measured_transition_feedback,,,False
32,True,79,,,1,RPN-UQ,observed_action_and_return_guard,forward,refresh_selected_target_on_current_observation,
33,,80,[],0,1,IGCR,measured_transition_feedback,,,False
33,True,81,,,1,RPN-UQ,observed_action_and_return_guard,forward,refresh_selected_target_on_current_observation,
34,,82,[],0,1,IGCR,measured_transition_feedback,,,False
34,True,83,,,1,RPN-UQ,observed_action_and_return_guard,forward,refresh_selected_target_on_current_observation,
35,,84,[],0,1,IGCR,measured_transition_feedback,,,False
35,,85,,,1,OV-SDF,consume_observation_whitelist,,,
35,,86,,,1,STGHP,propose_and_rank_observed_targets,,,
35,True,87,,,1,RPN-UQ,observed_action_and_return_guard,forward,refresh_selected_target_on_current_observation,
36,,88,[],0,1,IGCR,measured_transition_feedback,,,False
36,True,89,,,1,RPN-UQ,observed_action_and_return_guard,forward,refresh_selected_target_on_current_observation,
37,,90,[],0,1,IGCR,measured_transition_feedback,,,False
37,True,91,,,1,RPN-UQ,observed_action_and_return_guard,forward,refresh_selected_target_on_current_observation,
38,,92,[],0,1,IGCR,measured_transition_feedback,,,False
38,True,93,,,1,RPN-UQ,observed_action_and_return_guard,forward,refresh_selected_target_on_current_observation,
39,,94,[],2,1,IGCR,measured_transition_feedback,,,False
39,True,95,,,1,RPN-UQ,observed_action_and_return_guard,forward,refresh_selected_target_on_current_observation,
40,,96,[],0,1,IGCR,measured_transition_feedback,,,False
40,,97,,,1,OV-SDF,consume_observation_whitelist,,,
40,,98,,,1,STGHP,propose_and_rank_observed_targets,,,
40,True,99,,,1,RPN-UQ,observed_action_and_return_guard,forward,refresh_selected_target_on_current_observation,
41,,100,[],0,1,IGCR,measured_transition_feedback,,,False
41,True,101,,,1,RPN-UQ,observed_action_and_return_guard,forward,refresh_selected_target_on_current_observation,
42,,102,[],0,1,IGCR,measured_transition_feedback,,,False
42,True,103,,,1,RPN-UQ,observed_action_and_return_guard,left,refresh_selected_target_on_current_observation,
43,,104,[],1,1,IGCR,measured_transition_feedback,,,False
43,True,105,,,1,RPN-UQ,observed_action_and_return_guard,forward,refresh_selected_target_on_current_observation,
44,,106,"[{""comparable_patches"":0,""cue_id"":""cue-0000"",""sector"":2,""status"":""unavailable_insufficient_common_measured_support""}]",0,1,IGCR,measured_transition_feedback,,,True
44,,107,,,1,OV-SDF,consume_observation_whitelist,,,
44,,108,,,1,STGHP,propose_and_rank_observed_targets,,,
44,True,109,,,1,RPN-UQ,observed_action_and_return_guard,forward,refresh_selected_target_on_current_observation,
45,,110,[],0,1,IGCR,measured_transition_feedback,,,False
45,True,111,,,1,RPN-UQ,observed_action_and_return_guard,forward,refresh_selected_target_on_current_observation,
46,,112,[],0,1,IGCR,measured_transition_feedback,,,False
46,True,113,,,1,RPN-UQ,observed_action_and_return_guard,forward,refresh_selected_target_on_current_observation,
47,,114,[],0,1,IGCR,measured_transition_feedback,,,False
47,True,115,,,1,RPN-UQ,observed_action_and_return_guard,forward,refresh_selected_target_on_current_observation,
48,,116,[],0,1,IGCR,measured_transition_feedback,,,False
48,True,117,,,1,RPN-UQ,observed_action_and_return_guard,forward,refresh_selected_target_on_current_observation,
49,,118,[],0,1,IGCR,measured_transition_feedback,,,False
49,,119,,,1,OV-SDF,consume_observation_whitelist,,,
49,,120,,,1,STGHP,propose_and_rank_observed_targets,,,
49,True,121,,,1,RPN-UQ,observed_action_and_return_guard,right,refresh_selected_target_on_current_observation,
50,,122,[],0,1,IGCR,measured_transition_feedback,,,False
50,True,123,,,1,RPN-UQ,observed_action_and_return_guard,forward,refresh_selected_target_on_current_observation,
51,,124,[],0,1,IGCR,measured_transition_feedback,,,False
51,True,125,,,1,RPN-UQ,observed_action_and_return_guard,forward,refresh_selected_target_on_current_observation,
52,,126,[],0,1,IGCR,measured_transition_feedback,,,False
52,True,127,,,1,RPN-UQ,observed_action_and_return_guard,forward,refresh_selected_target_on_current_observation,
53,,128,[],1,1,IGCR,measured_transition_feedback,,,False
53,True,129,,,1,RPN-UQ,observed_action_and_return_guard,forward,refresh_selected_target_on_current_observation,
54,,130,[],5,1,IGCR,measured_transition_feedback,,,False
54,,131,,,1,OV-SDF,consume_observation_whitelist,,,
54,,132,,,1,STGHP,propose_and_rank_observed_targets,,,
54,True,133,,,1,RPN-UQ,observed_action_and_return_guard,forward,refresh_selected_target_on_current_observation,
55,,134,[],0,1,IGCR,measured_transition_feedback,,,False
55,True,135,,,1,RPN-UQ,observed_action_and_return_guard,forward,refresh_selected_target_on_current_observation,
56,,136,[],0,1,IGCR,measured_transition_feedback,,,False
56,True,137,,,1,RPN-UQ,observed_action_and_return_guard,right,known_safe_return_within_budget,
57,,138,[],0,1,IGCR,measured_transition_feedback,,,False
57,True,139,,,1,RPN-UQ,observed_action_and_return_guard,forward,known_safe_return_within_budget,
58,,140,[],0,1,IGCR,measured_transition_feedback,,,False
58,True,141,,,1,RPN-UQ,observed_action_and_return_guard,forward,known_safe_return_within_budget,
59,,142,[],0,1,IGCR,measured_transition_feedback,,,False
59,,143,,,1,OV-SDF,consume_observation_whitelist,,,
59,,144,,,1,STGHP,propose_and_rank_observed_targets,,,
59,True,145,,,1,RPN-UQ,observed_action_and_return_guard,forward,refresh_selected_target_on_current_observation,
60,,146,[],0,1,IGCR,measured_transition_feedback,,,False
60,True,147,,,1,RPN-UQ,observed_action_and_return_guard,forward,refresh_selected_target_on_current_observation,
61,,148,[],0,1,IGCR,measured_transition_feedback,,,False
61,True,149,,,1,RPN-UQ,observed_action_and_return_guard,forward,refresh_selected_target_on_current_observation,
62,,150,[],0,1,IGCR,measured_transition_feedback,,,False
62,True,151,,,1,RPN-UQ,observed_action_and_return_guard,forward,refresh_selected_target_on_current_observation,
63,,152,[],0,1,IGCR,measured_transition_feedback,,,False
63,True,153,,,1,RPN-UQ,observed_action_and_return_guard,forward,refresh_selected_target_on_current_observation,
64,,154,[],1,1,IGCR,measured_transition_feedback,,,False
64,,155,,,1,OV-SDF,consume_observation_whitelist,,,
64,,156,,,1,STGHP,propose_and_rank_observed_targets,,,
64,True,157,,,1,RPN-UQ,observed_action_and_return_guard,forward,refresh_selected_target_on_current_observation,
65,,158,[],0,1,IGCR,measured_transition_feedback,,,False
65,True,159,,,1,RPN-UQ,observed_action_and_return_guard,forward,refresh_selected_target_on_current_observation,
66,,160,[],0,1,IGCR,measured_transition_feedback,,,False
66,True,161,,,1,RPN-UQ,observed_action_and_return_guard,forward,refresh_selected_target_on_current_observation,
67,,162,[],0,1,IGCR,measured_transition_feedback,,,False
67,True,163,,,1,RPN-UQ,observed_action_and_return_guard,forward,refresh_selected_target_on_current_observation,
68,,164,[],1,1,IGCR,measured_transition_feedback,,,False
68,True,165,,,1,RPN-UQ,observed_action_and_return_guard,forward,refresh_selected_target_on_current_observation,
69,,166,[],0,1,IGCR,measured_transition_feedback,,,False
69,,167,,,1,OV-SDF,consume_observation_whitelist,,,
69,,168,,,1,STGHP,propose_and_rank_observed_targets,,,
69,True,169,,,1,RPN-UQ,observed_action_and_return_guard,right,refresh_selected_target_on_current_observation,
70,,170,[],0,1,IGCR,measured_transition_feedback,,,False
70,True,171,,,1,RPN-UQ,observed_action_and_return_guard,forward,refresh_selected_target_on_current_observation,
71,,172,[],1,1,IGCR,measured_transition_feedback,,,False
71,True,173,,,1,RPN-UQ,observed_action_and_return_guard,forward,refresh_selected_target_on_current_observation,
72,,174,[],0,1,IGCR,measured_transition_feedback,,,False
72,True,175,,,1,RPN-UQ,observed_action_and_return_guard,forward,refresh_selected_target_on_current_observation,
73,,176,[],0,1,IGCR,measured_transition_feedback,,,False
73,True,177,,,1,RPN-UQ,observed_action_and_return_guard,forward,refresh_selected_target_on_current_observation,
74,,178,[],0,1,IGCR,measured_transition_feedback,,,False
74,,179,,,1,OV-SDF,consume_observation_whitelist,,,
74,,180,,,1,STGHP,propose_and_rank_observed_targets,,,
74,True,181,,,1,RPN-UQ,observed_action_and_return_guard,forward,refresh_selected_target_on_current_observation,
75,,182,[],0,1,IGCR,measured_transition_feedback,,,False
75,True,183,,,1,RPN-UQ,observed_action_and_return_guard,forward,refresh_selected_target_on_current_observation,
76,,184,[],0,1,IGCR,measured_transition_feedback,,,False
76,True,185,,,1,RPN-UQ,observed_action_and_return_guard,forward,refresh_selected_target_on_current_observation,
77,,186,[],0,1,IGCR,measured_transition_feedback,,,False
77,True,187,,,1,RPN-UQ,observed_action_and_return_guard,forward,refresh_selected_target_on_current_observation,
78,,188,[],0,1,IGCR,measured_transition_feedback,,,False
78,True,189,,,1,RPN-UQ,observed_action_and_return_guard,forward,refresh_selected_target_on_current_observation,
79,,190,[],0,1,IGCR,measured_transition_feedback,,,False
79,,191,,,1,OV-SDF,consume_observation_whitelist,,,
79,,192,,,1,STGHP,propose_and_rank_observed_targets,,,
79,True,193,,,1,RPN-UQ,observed_action_and_return_guard,forward,refresh_selected_target_on_current_observation,
80,,194,[],0,1,IGCR,measured_transition_feedback,,,False
80,True,195,,,1,RPN-UQ,observed_action_and_return_guard,forward,refresh_selected_target_on_current_observation,
81,,196,[],0,1,IGCR,measured_transition_feedback,,,False
81,True,197,,,1,RPN-UQ,observed_action_and_return_guard,forward,refresh_selected_target_on_current_observation,
82,,198,[],0,1,IGCR,measured_transition_feedback,,,False
82,True,199,,,1,RPN-UQ,observed_action_and_return_guard,forward,refresh_selected_target_on_current_observation,
83,,200,[],0,1,IGCR,measured_transition_feedback,,,False
83,True,201,,,1,RPN-UQ,observed_action_and_return_guard,forward,refresh_selected_target_on_current_observation,
84,,202,[],0,1,IGCR,measured_transition_feedback,,,False
84,,203,,,1,OV-SDF,consume_observation_whitelist,,,
84,,204,,,1,STGHP,propose_and_rank_observed_targets,,,
84,True,205,,,1,RPN-UQ,observed_action_and_return_guard,forward,refresh_selected_target_on_current_observation,
85,,206,[],2,1,IGCR,measured_transition_feedback,,,False
85,True,207,,,1,RPN-UQ,observed_action_and_return_guard,forward,refresh_selected_target_on_current_observation,
86,,208,[],1,1,IGCR,measured_transition_feedback,,,False
86,True,209,,,1,RPN-UQ,observed_action_and_return_guard,forward,refresh_selected_target_on_current_observation,
87,,210,[],0,1,IGCR,measured_transition_feedback,,,False
87,True,211,,,1,RPN-UQ,observed_action_and_return_guard,forward,refresh_selected_target_on_current_observation,
88,,212,[],0,1,IGCR,measured_transition_feedback,,,False
88,True,213,,,1,RPN-UQ,observed_action_and_return_guard,forward,refresh_selected_target_on_current_observation,
89,,214,[],0,1,IGCR,measured_transition_feedback,,,False
89,,215,,,1,OV-SDF,consume_observation_whitelist,,,
89,,216,,,1,STGHP,propose_and_rank_observed_targets,,,
89,True,217,,,1,RPN-UQ,observed_action_and_return_guard,forward,refresh_selected_target_on_current_observation,
90,,218,[],0,1,IGCR,measured_transition_feedback,,,False
90,True,219,,,1,RPN-UQ,observed_action_and_return_guard,forward,refresh_selected_target_on_current_observation,
91,,220,[],0,1,IGCR,measured_transition_feedback,,,False
91,True,221,,,1,RPN-UQ,observed_action_and_return_guard,forward,refresh_selected_target_on_current_observation,
92,,222,[],1,1,IGCR,measured_transition_feedback,,,False
92,True,223,,,1,RPN-UQ,observed_action_and_return_guard,forward,refresh_selected_target_on_current_observation,
93,,224,[],0,1,IGCR,measured_transition_feedback,,,False
93,True,225,,,1,RPN-UQ,observed_action_and_return_guard,forward,refresh_selected_target_on_current_observation,
94,,226,[],1,1,IGCR,measured_transition_feedback,,,False
94,,227,,,1,OV-SDF,consume_observation_whitelist,,,
94,,228,,,1,STGHP,propose_and_rank_observed_targets,,,
94,True,229,,,1,RPN-UQ,observed_action_and_return_guard,forward,refresh_selected_target_on_current_observation,
95,,230,[],0,1,IGCR,measured_transition_feedback,,,False
95,True,231,,,1,RPN-UQ,observed_action_and_return_guard,forward,refresh_selected_target_on_current_observation,
96,,232,[],0,1,IGCR,measured_transition_feedback,,,False
96,True,233,,,1,RPN-UQ,observed_action_and_return_guard,forward,refresh_selected_target_on_current_observation,
97,,234,[],0,1,IGCR,measured_transition_feedback,,,False
97,True,235,,,1,RPN-UQ,observed_action_and_return_guard,forward,refresh_selected_target_on_current_observation,
98,,236,[],0,1,IGCR,measured_transition_feedback,,,False
98,True,237,,,1,RPN-UQ,observed_action_and_return_guard,forward,refresh_selected_target_on_current_observation,
99,,238,[],0,1,IGCR,measured_transition_feedback,,,False
99,,239,,,1,OV-SDF,consume_observation_whitelist,,,
99,,240,,,1,STGHP,propose_and_rank_observed_targets,,,
99,True,241,,,1,RPN-UQ,observed_action_and_return_guard,forward,refresh_selected_target_on_current_observation,
100,,242,[],0,1,IGCR,measured_transition_feedback,,,False
100,True,243,,,1,RPN-UQ,observed_action_and_return_guard,forward,refresh_selected_target_on_current_observation,
101,,244,[],0,1,IGCR,measured_transition_feedback,,,False
101,True,245,,,1,RPN-UQ,observed_action_and_return_guard,forward,refresh_selected_target_on_current_observation,
102,,246,[],0,1,IGCR,measured_transition_feedback,,,False
102,True,247,,,1,RPN-UQ,observed_action_and_return_guard,forward,refresh_selected_target_on_current_observation,
103,,248,[],0,1,IGCR,measured_transition_feedback,,,False
103,True,249,,,1,RPN-UQ,observed_action_and_return_guard,forward,refresh_selected_target_on_current_observation,
104,,250,[],0,1,IGCR,measured_transition_feedback,,,False
104,,251,,,1,OV-SDF,consume_observation_whitelist,,,
104,,252,,,1,STGHP,propose_and_rank_observed_targets,,,
104,True,253,,,1,RPN-UQ,observed_action_and_return_guard,forward,refresh_selected_target_on_current_observation,
105,,254,[],1,1,IGCR,measured_transition_feedback,,,False
105,True,255,,,1,RPN-UQ,observed_action_and_return_guard,forward,refresh_selected_target_on_current_observation,
106,,256,[],0,1,IGCR,measured_transition_feedback,,,False
106,True,257,,,1,RPN-UQ,observed_action_and_return_guard,forward,refresh_selected_target_on_current_observation,
107,,258,[],0,1,IGCR,measured_transition_feedback,,,False
107,True,259,,,1,RPN-UQ,observed_action_and_return_guard,forward,refresh_selected_target_on_current_observation,
108,,260,[],0,1,IGCR,measured_transition_feedback,,,False
108,True,261,,,1,RPN-UQ,observed_action_and_return_guard,forward,refresh_selected_target_on_current_observation,
109,,262,[],0,1,IGCR,measured_transition_feedback,,,False
109,,263,,,1,OV-SDF,consume_observation_whitelist,,,
109,,264,,,1,STGHP,propose_and_rank_observed_targets,,,
109,True,265,,,1,RPN-UQ,observed_action_and_return_guard,forward,refresh_selected_target_on_current_observation,
110,,266,[],0,1,IGCR,measured_transition_feedback,,,False
110,True,267,,,1,RPN-UQ,observed_action_and_return_guard,forward,refresh_selected_target_on_current_observation,
111,,268,[],0,1,IGCR,measured_transition_feedback,,,False
111,True,269,,,1,RPN-UQ,observed_action_and_return_guard,forward,refresh_selected_target_on_current_observation,
112,,270,[],0,1,IGCR,measured_transition_feedback,,,True
112,,271,,,1,OV-SDF,consume_observation_whitelist,,,
112,,272,,,1,STGHP,propose_and_rank_observed_targets,,,
112,True,273,,,1,RPN-UQ,observed_action_and_return_guard,forward,refresh_selected_target_on_current_observation,
113,,274,[],0,1,IGCR,measured_transition_feedback,,,False
113,True,275,,,1,RPN-UQ,observed_action_and_return_guard,forward,refresh_selected_target_on_current_observation,
114,,276,[],0,1,IGCR,measured_transition_feedback,,,False
114,True,277,,,1,RPN-UQ,observed_action_and_return_guard,forward,refresh_selected_target_on_current_observation,
115,,278,[],0,1,IGCR,measured_transition_feedback,,,False
115,True,279,,,1,RPN-UQ,observed_action_and_return_guard,forward,refresh_selected_target_on_current_observation,
116,,280,[],0,1,IGCR,measured_transition_feedback,,,False
116,True,281,,,1,RPN-UQ,observed_action_and_return_guard,forward,refresh_selected_target_on_current_observation,
117,,282,[],1,1,IGCR,measured_transition_feedback,,,False
117,,283,,,1,OV-SDF,consume_observation_whitelist,,,
117,,284,,,1,STGHP,propose_and_rank_observed_targets,,,
117,True,285,,,1,RPN-UQ,observed_action_and_return_guard,forward,refresh_selected_target_on_current_observation,
118,,286,[],0,1,IGCR,measured_transition_feedback,,,False
118,True,287,,,1,RPN-UQ,observed_action_and_return_guard,forward,refresh_selected_target_on_current_observation,
119,,288,[],0,1,IGCR,measured_transition_feedback,,,False
119,True,289,,,1,RPN-UQ,observed_action_and_return_guard,forward,refresh_selected_target_on_current_observation,
120,,290,[],0,1,IGCR,measured_transition_feedback,,,False
120,True,291,,,1,RPN-UQ,observed_action_and_return_guard,forward,refresh_selected_target_on_current_observation,
121,,292,[],0,1,IGCR,measured_transition_feedback,,,False
121,True,293,,,1,RPN-UQ,observed_action_and_return_guard,forward,refresh_selected_target_on_current_observation,
122,,294,[],0,1,IGCR,measured_transition_feedback,,,False
122,,295,,,1,OV-SDF,consume_observation_whitelist,,,
122,,296,,,1,STGHP,propose_and_rank_observed_targets,,,
122,True,297,,,1,RPN-UQ,observed_action_and_return_guard,right,refresh_selected_target_on_current_observation,
123,,298,[],0,1,IGCR,measured_transition_feedback,,,False
123,True,299,,,1,RPN-UQ,observed_action_and_return_guard,forward,refresh_selected_target_on_current_observation,
124,,300,[],0,1,IGCR,measured_transition_feedback,,,False
124,True,301,,,1,RPN-UQ,observed_action_and_return_guard,forward,refresh_selected_target_on_current_observation,
125,,302,[],0,1,IGCR,measured_transition_feedback,,,False
125,True,303,,,1,RPN-UQ,observed_action_and_return_guard,forward,refresh_selected_target_on_current_observation,
126,,304,[],0,1,IGCR,measured_transition_feedback,,,False
126,True,305,,,1,RPN-UQ,observed_action_and_return_guard,forward,refresh_selected_target_on_current_observation,
127,,306,[],0,1,IGCR,measured_transition_feedback,,,False
127,,307,,,1,OV-SDF,consume_observation_whitelist,,,
127,,308,,,1,STGHP,propose_and_rank_observed_targets,,,
127,True,309,,,1,RPN-UQ,observed_action_and_return_guard,forward,refresh_selected_target_on_current_observation,
128,,310,[],0,1,IGCR,measured_transition_feedback,,,False
128,True,311,,,1,RPN-UQ,observed_action_and_return_guard,forward,refresh_selected_target_on_current_observation,
129,,312,[],1,1,IGCR,measured_transition_feedback,,,False
129,True,313,,,1,RPN-UQ,observed_action_and_return_guard,forward,refresh_selected_target_on_current_observation,
130,,314,[],0,1,IGCR,measured_transition_feedback,,,False
130,True,315,,,1,RPN-UQ,observed_action_and_return_guard,forward,refresh_selected_target_on_current_observation,
131,,316,[],0,1,IGCR,measured_transition_feedback,,,False
131,True,317,,,1,RPN-UQ,observed_action_and_return_guard,forward,refresh_selected_target_on_current_observation,
132,,318,[],0,1,IGCR,measured_transition_feedback,,,False
132,,319,,,1,OV-SDF,consume_observation_whitelist,,,
132,,320,,,1,STGHP,propose_and_rank_observed_targets,,,
132,True,321,,,1,RPN-UQ,observed_action_and_return_guard,forward,refresh_selected_target_on_current_observation,
133,,322,[],1,1,IGCR,measured_transition_feedback,,,False
133,True,323,,,1,RPN-UQ,observed_action_and_return_guard,forward,refresh_selected_target_on_current_observation,
134,,324,[],0,1,IGCR,measured_transition_feedback,,,False
134,True,325,,,1,RPN-UQ,observed_action_and_return_guard,right,refresh_selected_target_on_current_observation,
135,,326,[],0,1,IGCR,measured_transition_feedback,,,False
135,True,327,,,1,RPN-UQ,observed_action_and_return_guard,forward,refresh_selected_target_on_current_observation,
136,,328,"[{""comparable_patches"":0,""cue_id"":""cue-0001"",""sector"":0,""status"":""unavailable_insufficient_common_measured_support""}]",0,1,IGCR,measured_transition_feedback,,,True
136,,329,,,1,OV-SDF,consume_observation_whitelist,,,
136,,330,,,1,STGHP,propose_and_rank_observed_targets,,,
136,True,331,,,1,RPN-UQ,observed_action_and_return_guard,forward,refresh_selected_target_on_current_observation,
137,,332,[],0,1,IGCR,measured_transition_feedback,,,False
137,True,333,,,1,RPN-UQ,observed_action_and_return_guard,forward,refresh_selected_target_on_current_observation,
138,,334,[],0,1,IGCR,measured_transition_feedback,,,False
138,True,335,,,1,RPN-UQ,observed_action_and_return_guard,forward,refresh_selected_target_on_current_observation,
139,,336,[],0,1,IGCR,measured_transition_feedback,,,False
139,True,337,,,1,RPN-UQ,observed_action_and_return_guard,forward,refresh_selected_target_on_current_observation,
140,,338,[],0,1,IGCR,measured_transition_feedback,,,False
140,True,339,,,1,RPN-UQ,observed_action_and_return_guard,forward,refresh_selected_target_on_current_observation,
141,,340,[],0,1,IGCR,measured_transition_feedback,,,False
141,,341,,,1,OV-SDF,consume_observation_whitelist,,,
141,,342,,,1,STGHP,propose_and_rank_observed_targets,,,
141,True,343,,,1,RPN-UQ,observed_action_and_return_guard,forward,refresh_selected_target_on_current_observation,
142,,344,[],0,1,IGCR,measured_transition_feedback,,,False
142,True,345,,,1,RPN-UQ,observed_action_and_return_guard,forward,refresh_selected_target_on_current_observation,
143,,346,[],0,1,IGCR,measured_transition_feedback,,,False
143,True,347,,,1,RPN-UQ,observed_action_and_return_guard,forward,refresh_selected_target_on_current_observation,
144,,348,[],0,1,IGCR,measured_transition_feedback,,,False
144,True,349,,,1,RPN-UQ,observed_action_and_return_guard,forward,refresh_selected_target_on_current_observation,
145,,350,[],0,1,IGCR,measured_transition_feedback,,,False
145,True,351,,,1,RPN-UQ,observed_action_and_return_guard,right,refresh_selected_target_on_current_observation,
146,,352,[],0,1,IGCR,measured_transition_feedback,,,False
146,,353,,,1,OV-SDF,consume_observation_whitelist,,,
146,,354,,,1,STGHP,propose_and_rank_observed_targets,,,
146,True,355,,,1,RPN-UQ,observed_action_and_return_guard,forward,refresh_selected_target_on_current_observation,
147,,356,[],0,1,IGCR,measured_transition_feedback,,,False
147,True,357,,,1,RPN-UQ,observed_action_and_return_guard,forward,refresh_selected_target_on_current_observation,
148,,358,[],0,1,IGCR,measured_transition_feedback,,,False
148,True,359,,,1,RPN-UQ,observed_action_and_return_guard,forward,refresh_selected_target_on_current_observation,
149,,360,[],0,1,IGCR,measured_transition_feedback,,,False
149,True,361,,,1,RPN-UQ,observed_action_and_return_guard,left,refresh_selected_target_on_current_observation,
150,,362,[],1,1,IGCR,measured_transition_feedback,,,False
150,True,363,,,1,RPN-UQ,observed_action_and_return_guard,forward,refresh_selected_target_on_current_observation,
151,,364,[],0,1,IGCR,measured_transition_feedback,,,False
151,,365,,,1,OV-SDF,consume_observation_whitelist,,,
151,,366,,,1,STGHP,propose_and_rank_observed_targets,,,
151,True,367,,,1,RPN-UQ,observed_action_and_return_guard,forward,refresh_selected_target_on_current_observation,
152,,368,[],0,1,IGCR,measured_transition_feedback,,,False
152,True,369,,,1,RPN-UQ,observed_action_and_return_guard,forward,refresh_selected_target_on_current_observation,
153,,370,[],0,1,IGCR,measured_transition_feedback,,,False
153,True,371,,,1,RPN-UQ,observed_action_and_return_guard,forward,refresh_selected_target_on_current_observation,
154,,372,[],0,1,IGCR,measured_transition_feedback,,,False
154,True,373,,,1,RPN-UQ,observed_action_and_return_guard,forward,refresh_selected_target_on_current_observation,
155,,374,[],0,1,IGCR,measured_transition_feedback,,,False
155,True,375,,,1,RPN-UQ,observed_action_and_return_guard,forward,refresh_selected_target_on_current_observation,
156,,376,[],0,1,IGCR,measured_transition_feedback,,,False
156,,377,,,1,OV-SDF,consume_observation_whitelist,,,
156,,378,,,1,STGHP,propose_and_rank_observed_targets,,,
156,True,379,,,1,RPN-UQ,observed_action_and_return_guard,forward,refresh_selected_target_on_current_observation,
157,,380,[],0,1,IGCR,measured_transition_feedback,,,False
157,True,381,,,1,RPN-UQ,observed_action_and_return_guard,forward,refresh_selected_target_on_current_observation,
158,,382,[],0,1,IGCR,measured_transition_feedback,,,False
158,True,383,,,1,RPN-UQ,observed_action_and_return_guard,forward,refresh_selected_target_on_current_observation,
159,,384,[],0,1,IGCR,measured_transition_feedback,,,False
159,True,385,,,1,RPN-UQ,observed_action_and_return_guard,forward,refresh_selected_target_on_current_observation,
160,,386,[],0,1,IGCR,measured_transition_feedback,,,False
160,True,387,,,1,RPN-UQ,observed_action_and_return_guard,forward,refresh_selected_target_on_current_observation,
161,,388,[],0,1,IGCR,measured_transition_feedback,,,False
161,,389,,,1,OV-SDF,consume_observation_whitelist,,,
161,,390,,,1,STGHP,propose_and_rank_observed_targets,,,
161,True,391,,,1,RPN-UQ,observed_action_and_return_guard,left,refresh_selected_target_on_current_observation,
162,,392,[],0,1,IGCR,measured_transition_feedback,,,False
162,True,393,,,1,RPN-UQ,observed_action_and_return_guard,right,known_safe_return_within_budget,
163,,394,[],0,1,IGCR,measured_transition_feedback,,,False
163,True,395,,,1,RPN-UQ,observed_action_and_return_guard,right,known_safe_return_within_budget,
164,,396,[],0,1,IGCR,measured_transition_feedback,,,False
164,True,397,,,1,RPN-UQ,observed_action_and_return_guard,forward,known_safe_return_within_budget,
165,,398,[],0,1,IGCR,measured_transition_feedback,,,False
165,True,399,,,1,RPN-UQ,observed_action_and_return_guard,forward,known_safe_return_within_budget,
166,,400,[],0,1,IGCR,measured_transition_feedback,,,False
166,,401,,,1,OV-SDF,consume_observation_whitelist,,,
166,,402,,,1,STGHP,propose_and_rank_observed_targets,,,
166,True,403,,,1,RPN-UQ,observed_action_and_return_guard,left,refresh_selected_target_on_current_observation,
167,,404,[],0,1,IGCR,measured_transition_feedback,,,False
167,True,405,,,1,RPN-UQ,observed_action_and_return_guard,left,refresh_selected_target_on_current_observation,
168,,406,[],0,1,IGCR,measured_transition_feedback,,,False
168,True,407,,,1,RPN-UQ,observed_action_and_return_guard,forward,refresh_selected_target_on_current_observation,
169,,408,[],0,1,IGCR,measured_transition_feedback,,,False
169,True,409,,,1,RPN-UQ,observed_action_and_return_guard,forward,refresh_selected_target_on_current_observation,
170,,410,[],0,1,IGCR,measured_transition_feedback,,,False
170,True,411,,,1,RPN-UQ,observed_action_and_return_guard,forward,refresh_selected_target_on_current_observation,
171,,412,[],0,1,IGCR,measured_transition_feedback,,,False
171,,413,,,1,OV-SDF,consume_observation_whitelist,,,
171,,414,,,1,STGHP,propose_and_rank_observed_targets,,,
171,True,415,,,1,RPN-UQ,observed_action_and_return_guard,forward,refresh_selected_target_on_current_observation,
172,,416,[],0,1,IGCR,measured_transition_feedback,,,False
172,True,417,,,1,RPN-UQ,observed_action_and_return_guard,left,known_safe_return_within_budget,
173,,418,[],0,1,IGCR,measured_transition_feedback,,,False
173,True,419,,,1,RPN-UQ,observed_action_and_return_guard,left,known_safe_return_within_budget,
174,,420,[],0,1,IGCR,measured_transition_feedback,,,False
174,True,421,,,1,RPN-UQ,observed_action_and_return_guard,forward,known_safe_return_within_budget,
175,,422,[],0,1,IGCR,measured_transition_feedback,,,False
175,True,423,,,1,RPN-UQ,observed_action_and_return_guard,forward,known_safe_return_within_budget,
176,,424,[],0,1,IGCR,measured_transition_feedback,,,False
176,,425,,,1,OV-SDF,consume_observation_whitelist,,,
176,,426,,,1,STGHP,propose_and_rank_observed_targets,,,
176,True,427,,,1,RPN-UQ,observed_action_and_return_guard,left,refresh_selected_target_on_current_observation,
177,,428,[],0,1,IGCR,measured_transition_feedback,,,False
177,True,429,,,1,RPN-UQ,observed_action_and_return_guard,left,refresh_selected_target_on_current_observation,
178,,430,[],0,1,IGCR,measured_transition_feedback,,,False
178,True,431,,,1,RPN-UQ,observed_action_and_return_guard,forward,refresh_selected_target_on_current_observation,
179,,432,[],0,1,IGCR,measured_transition_feedback,,,False
179,True,433,,,1,RPN-UQ,observed_action_and_return_guard,forward,refresh_selected_target_on_current_observation,
180,,434,[],0,1,IGCR,measured_transition_feedback,,,False
180,True,435,,,1,RPN-UQ,observed_action_and_return_guard,forward,refresh_selected_target_on_current_observation,
181,,436,[],0,1,IGCR,measured_transition_feedback,,,False
181,,437,,,1,OV-SDF,consume_observation_whitelist,,,
181,,438,,,1,STGHP,propose_and_rank_observed_targets,,,
181,True,439,,,1,RPN-UQ,observed_action_and_return_guard,forward,refresh_selected_target_on_current_observation,
182,,440,[],0,1,IGCR,measured_transition_feedback,,,False
182,True,441,,,1,RPN-UQ,observed_action_and_return_guard,forward,refresh_selected_target_on_current_observation,
183,,442,[],0,1,IGCR,measured_transition_feedback,,,False
183,True,443,,,1,RPN-UQ,observed_action_and_return_guard,forward,refresh_selected_target_on_current_observation,
184,,444,[],0,1,IGCR,measured_transition_feedback,,,False
184,True,445,,,1,RPN-UQ,observed_action_and_return_guard,forward,refresh_selected_target_on_current_observation,
185,,446,[],0,1,IGCR,measured_transition_feedback,,,False
185,True,447,,,1,RPN-UQ,observed_action_and_return_guard,forward,refresh_selected_target_on_current_observation,
186,,448,[],0,1,IGCR,measured_transition_feedback,,,False
186,,449,,,1,OV-SDF,consume_observation_whitelist,,,
186,,450,,,1,STGHP,propose_and_rank_observed_targets,,,
186,True,451,,,1,RPN-UQ,observed_action_and_return_guard,forward,refresh_selected_target_on_current_observation,
187,,452,[],0,1,IGCR,measured_transition_feedback,,,False
187,True,453,,,1,RPN-UQ,observed_action_and_return_guard,forward,refresh_selected_target_on_current_observation,
188,,454,[],0,1,IGCR,measured_transition_feedback,,,False
188,True,455,,,1,RPN-UQ,observed_action_and_return_guard,forward,refresh_selected_target_on_current_observation,
189,,456,[],0,1,IGCR,measured_transition_feedback,,,False
189,True,457,,,1,RPN-UQ,observed_action_and_return_guard,forward,refresh_selected_target_on_current_observation,
190,,458,[],1,1,IGCR,measured_transition_feedback,,,False
190,True,459,,,1,RPN-UQ,observed_action_and_return_guard,forward,refresh_selected_target_on_current_observation,
191,,460,[],0,1,IGCR,measured_transition_feedback,,,False
191,,461,,,1,OV-SDF,consume_observation_whitelist,,,
191,,462,,,1,STGHP,propose_and_rank_observed_targets,,,
191,True,463,,,1,RPN-UQ,observed_action_and_return_guard,forward,refresh_selected_target_on_current_observation,
192,,464,[],0,1,IGCR,measured_transition_feedback,,,False
192,True,465,,,1,RPN-UQ,observed_action_and_return_guard,forward,refresh_selected_target_on_current_observation,
193,,466,[],0,1,IGCR,measured_transition_feedback,,,False
193,True,467,,,1,RPN-UQ,observed_action_and_return_guard,forward,refresh_selected_target_on_current_observation,
194,,468,[],0,1,IGCR,measured_transition_feedback,,,False
194,True,469,,,1,RPN-UQ,observed_action_and_return_guard,forward,refresh_selected_target_on_current_observation,
195,,470,[],0,1,IGCR,measured_transition_feedback,,,False
195,True,471,,,1,RPN-UQ,observed_action_and_return_guard,forward,refresh_selected_target_on_current_observation,
196,,472,[],1,1,IGCR,measured_transition_feedback,,,False
196,,473,,,1,OV-SDF,consume_observation_whitelist,,,
196,,474,,,1,STGHP,propose_and_rank_observed_targets,,,
196,True,475,,,1,RPN-UQ,observed_action_and_return_guard,left,refresh_selected_target_on_current_observation,
197,,476,[],0,1,IGCR,measured_transition_feedback,,,False
197,True,477,,,1,RPN-UQ,observed_action_and_return_guard,left,refresh_selected_target_on_current_observation,
198,,478,[],2,1,IGCR,measured_transition_feedback,,,False
198,True,479,,,1,RPN-UQ,observed_action_and_return_guard,forward,refresh_selected_target_on_current_observation,
199,,480,[],0,1,IGCR,measured_transition_feedback,,,False
199,True,481,,,1,RPN-UQ,observed_action_and_return_guard,forward,refresh_selected_target_on_current_observation,
200,,482,[],1,1,IGCR,measured_transition_feedback,,,False
200,True,483,,,1,RPN-UQ,observed_action_and_return_guard,forward,refresh_selected_target_on_current_observation,
201,,484,[],0,1,IGCR,measured_transition_feedback,,,False
201,,485,,,1,OV-SDF,consume_observation_whitelist,,,
201,,486,,,1,STGHP,propose_and_rank_observed_targets,,,
201,True,487,,,1,RPN-UQ,observed_action_and_return_guard,forward,refresh_selected_target_on_current_observation,
202,,488,[],0,1,IGCR,measured_transition_feedback,,,False
202,True,489,,,1,RPN-UQ,observed_action_and_return_guard,forward,refresh_selected_target_on_current_observation,
203,,490,[],0,1,IGCR,measured_transition_feedback,,,False
203,True,491,,,1,RPN-UQ,observed_action_and_return_guard,forward,refresh_selected_target_on_current_observation,
204,,492,[],0,1,IGCR,measured_transition_feedback,,,False
204,True,493,,,1,RPN-UQ,observed_action_and_return_guard,forward,refresh_selected_target_on_current_observation,
205,,494,[],1,1,IGCR,measured_transition_feedback,,,False
205,True,495,,,1,RPN-UQ,observed_action_and_return_guard,forward,refresh_selected_target_on_current_observation,
206,,496,[],1,1,IGCR,measured_transition_feedback,,,False
206,,497,,,1,OV-SDF,consume_observation_whitelist,,,
206,,498,,,1,STGHP,propose_and_rank_observed_targets,,,
206,True,499,,,1,RPN-UQ,observed_action_and_return_guard,forward,refresh_selected_target_on_current_observation,
207,,500,[],0,1,IGCR,measured_transition_feedback,,,False
207,True,501,,,1,RPN-UQ,observed_action_and_return_guard,forward,refresh_selected_target_on_current_observation,
208,,502,[],0,1,IGCR,measured_transition_feedback,,,False
208,True,503,,,1,RPN-UQ,observed_action_and_return_guard,forward,refresh_selected_target_on_current_observation,
209,,504,[],1,1,IGCR,measured_transition_feedback,,,False
209,True,505,,,1,RPN-UQ,observed_action_and_return_guard,forward,refresh_selected_target_on_current_observation,
210,,506,[],1,1,IGCR,measured_transition_feedback,,,False
210,True,507,,,1,RPN-UQ,observed_action_and_return_guard,forward,refresh_selected_target_on_current_observation,
211,,508,[],0,1,IGCR,measured_transition_feedback,,,False
211,,509,,,1,OV-SDF,consume_observation_whitelist,,,
211,,510,,,1,STGHP,propose_and_rank_observed_targets,,,
211,True,511,,,1,RPN-UQ,observed_action_and_return_guard,forward,refresh_selected_target_on_current_observation,
212,,512,[],0,1,IGCR,measured_transition_feedback,,,False
212,True,513,,,1,RPN-UQ,observed_action_and_return_guard,forward,refresh_selected_target_on_current_observation,
213,,514,[],0,1,IGCR,measured_transition_feedback,,,False
213,True,515,,,1,RPN-UQ,observed_action_and_return_guard,forward,refresh_selected_target_on_current_observation,
214,,516,[],0,1,IGCR,measured_transition_feedback,,,False
214,True,517,,,1,RPN-UQ,observed_action_and_return_guard,forward,refresh_selected_target_on_current_observation,
215,,518,[],0,1,IGCR,measured_transition_feedback,,,False
215,True,519,,,1,RPN-UQ,observed_action_and_return_guard,forward,refresh_selected_target_on_current_observation,
216,,520,[],0,1,IGCR,measured_transition_feedback,,,False
216,,521,,,1,OV-SDF,consume_observation_whitelist,,,
216,,522,,,1,STGHP,propose_and_rank_observed_targets,,,
216,True,523,,,1,RPN-UQ,observed_action_and_return_guard,forward,refresh_selected_target_on_current_observation,
217,,524,[],1,1,IGCR,measured_transition_feedback,,,False
217,True,525,,,1,RPN-UQ,observed_action_and_return_guard,forward,refresh_selected_target_on_current_observation,
218,,526,[],1,1,IGCR,measured_transition_feedback,,,False
218,True,527,,,1,RPN-UQ,observed_action_and_return_guard,forward,refresh_selected_target_on_current_observation,
219,,528,[],0,1,IGCR,measured_transition_feedback,,,False
219,True,529,,,1,RPN-UQ,observed_action_and_return_guard,forward,refresh_selected_target_on_current_observation,
220,,530,[],0,1,IGCR,measured_transition_feedback,,,False
220,True,531,,,1,RPN-UQ,observed_action_and_return_guard,forward,refresh_selected_target_on_current_observation,
221,,532,[],3,1,IGCR,measured_transition_feedback,,,False
221,,533,,,1,OV-SDF,consume_observation_whitelist,,,
221,,534,,,1,STGHP,propose_and_rank_observed_targets,,,
221,True,535,,,1,RPN-UQ,observed_action_and_return_guard,forward,refresh_selected_target_on_current_observation,
222,,536,[],0,1,IGCR,measured_transition_feedback,,,False
222,True,537,,,1,RPN-UQ,observed_action_and_return_guard,forward,refresh_selected_target_on_current_observation,
223,,538,[],0,1,IGCR,measured_transition_feedback,,,False
223,True,539,,,1,RPN-UQ,observed_action_and_return_guard,forward,refresh_selected_target_on_current_observation,
224,,540,[],0,1,IGCR,measured_transition_feedback,,,False
224,True,541,,,1,RPN-UQ,observed_action_and_return_guard,left,refresh_selected_target_on_current_observation,
225,,542,[],0,1,IGCR,measured_transition_feedback,,,False
225,True,543,,,1,RPN-UQ,observed_action_and_return_guard,forward,refresh_selected_target_on_current_observation,
226,,544,[],0,1,IGCR,measured_transition_feedback,,,False
226,,545,,,1,OV-SDF,consume_observation_whitelist,,,
226,,546,,,1,STGHP,propose_and_rank_observed_targets,,,
226,True,547,,,1,RPN-UQ,observed_action_and_return_guard,forward,refresh_selected_target_on_current_observation,
227,,548,[],0,1,IGCR,measured_transition_feedback,,,False
227,True,549,,,1,RPN-UQ,observed_action_and_return_guard,forward,refresh_selected_target_on_current_observation,
228,,550,[],0,1,IGCR,measured_transition_feedback,,,False
228,True,551,,,1,RPN-UQ,observed_action_and_return_guard,forward,refresh_selected_target_on_current_observation,
229,,552,[],0,1,IGCR,measured_transition_feedback,,,False
229,True,553,,,1,RPN-UQ,observed_action_and_return_guard,forward,refresh_selected_target_on_current_observation,
230,,554,[],0,1,IGCR,measured_transition_feedback,,,False
230,True,555,,,1,RPN-UQ,observed_action_and_return_guard,forward,refresh_selected_target_on_current_observation,
231,,556,[],0,1,IGCR,measured_transition_feedback,,,False
231,,557,,,1,OV-SDF,consume_observation_whitelist,,,
231,,558,,,1,STGHP,propose_and_rank_observed_targets,,,
231,True,559,,,1,RPN-UQ,observed_action_and_return_guard,left,refresh_selected_target_on_current_observation,
232,,560,[],0,1,IGCR,measured_transition_feedback,,,True
232,,561,,,1,OV-SDF,consume_observation_whitelist,,,
232,,562,,,1,STGHP,propose_and_rank_observed_targets,,,
232,True,563,,,1,RPN-UQ,observed_action_and_return_guard,right,refresh_selected_target_on_current_observation,
233,,564,[],0,1,IGCR,measured_transition_feedback,,,False
233,True,565,,,1,RPN-UQ,observed_action_and_return_guard,forward,refresh_selected_target_on_current_observation,
234,,566,[],0,1,IGCR,measured_transition_feedback,,,False
234,True,567,,,1,RPN-UQ,observed_action_and_return_guard,forward,refresh_selected_target_on_current_observation,
235,,568,[],0,1,IGCR,measured_transition_feedback,,,False
235,True,569,,,1,RPN-UQ,observed_action_and_return_guard,forward,refresh_selected_target_on_current_observation,
236,,570,[],0,1,IGCR,measured_transition_feedback,,,False
236,True,571,,,1,RPN-UQ,observed_action_and_return_guard,forward,refresh_selected_target_on_current_observation,
237,,572,[],0,1,IGCR,measured_transition_feedback,,,False
237,,573,,,1,OV-SDF,consume_observation_whitelist,,,
237,,574,,,1,STGHP,propose_and_rank_observed_targets,,,
237,True,575,,,1,RPN-UQ,observed_action_and_return_guard,forward,refresh_selected_target_on_current_observation,
238,,576,[],0,1,IGCR,measured_transition_feedback,,,False
238,True,577,,,1,RPN-UQ,observed_action_and_return_guard,forward,refresh_selected_target_on_current_observation,
239,,578,[],0,1,IGCR,measured_transition_feedback,,,False
239,True,579,,,1,RPN-UQ,observed_action_and_return_guard,forward,refresh_selected_target_on_current_observation,
240,,580,[],0,1,IGCR,measured_transition_feedback,,,False
240,True,581,,,1,RPN-UQ,observed_action_and_return_guard,forward,refresh_selected_target_on_current_observation,
241,,582,[],0,1,IGCR,measured_transition_feedback,,,False
241,True,583,,,1,RPN-UQ,observed_action_and_return_guard,forward,refresh_selected_target_on_current_observation,
242,,584,[],0,1,IGCR,measured_transition_feedback,,,False
242,,585,,,1,OV-SDF,consume_observation_whitelist,,,
242,,586,,,1,STGHP,propose_and_rank_observed_targets,,,
242,True,587,,,1,RPN-UQ,observed_action_and_return_guard,forward,refresh_selected_target_on_current_observation,
243,,588,[],0,1,IGCR,measured_transition_feedback,,,False
243,True,589,,,1,RPN-UQ,observed_action_and_return_guard,forward,refresh_selected_target_on_current_observation,
244,,590,[],0,1,IGCR,measured_transition_feedback,,,False
244,True,591,,,1,RPN-UQ,observed_action_and_return_guard,forward,refresh_selected_target_on_current_observation,
245,,592,[],0,1,IGCR,measured_transition_feedback,,,False
245,True,593,,,1,RPN-UQ,observed_action_and_return_guard,forward,refresh_selected_target_on_current_observation,
246,,594,[],0,1,IGCR,measured_transition_feedback,,,False
246,True,595,,,1,RPN-UQ,observed_action_and_return_guard,forward,refresh_selected_target_on_current_observation,
247,,596,[],0,1,IGCR,measured_transition_feedback,,,False
247,,597,,,1,OV-SDF,consume_observation_whitelist,,,
247,,598,,,1,STGHP,propose_and_rank_observed_targets,,,
247,True,599,,,1,RPN-UQ,observed_action_and_return_guard,forward,refresh_selected_target_on_current_observation,
248,,600,[],0,1,IGCR,measured_transition_feedback,,,False
248,True,601,,,1,RPN-UQ,observed_action_and_return_guard,forward,refresh_selected_target_on_current_observation,
249,,602,[],0,1,IGCR,measured_transition_feedback,,,False
249,True,603,,,1,RPN-UQ,observed_action_and_return_guard,forward,refresh_selected_target_on_current_observation,
250,,604,[],0,1,IGCR,measured_transition_feedback,,,False
250,True,605,,,1,RPN-UQ,observed_action_and_return_guard,forward,refresh_selected_target_on_current_observation,
251,,606,[],0,1,IGCR,measured_transition_feedback,,,False
251,True,607,,,1,RPN-UQ,observed_action_and_return_guard,forward,refresh_selected_target_on_current_observation,
252,,608,[],0,1,IGCR,measured_transition_feedback,,,False
252,,609,,,1,OV-SDF,consume_observation_whitelist,,,
252,,610,,,1,STGHP,propose_and_rank_observed_targets,,,
252,True,611,,,1,RPN-UQ,observed_action_and_return_guard,forward,refresh_selected_target_on_current_observation,
253,,612,[],0,1,IGCR,measured_transition_feedback,,,False
253,True,613,,,1,RPN-UQ,observed_action_and_return_guard,left,refresh_selected_target_on_current_observation,
254,,614,[],1,1,IGCR,measured_transition_feedback,,,False
254,True,615,,,1,RPN-UQ,observed_action_and_return_guard,forward,refresh_selected_target_on_current_observation,
255,,616,[],0,1,IGCR,measured_transition_feedback,,,False
255,True,617,,,1,RPN-UQ,observed_action_and_return_guard,forward,refresh_selected_target_on_current_observation,
256,,618,[],0,1,IGCR,measured_transition_feedback,,,False
256,True,619,,,1,RPN-UQ,observed_action_and_return_guard,forward,refresh_selected_target_on_current_observation,
257,,620,[],0,1,IGCR,measured_transition_feedback,,,False
257,,621,,,1,OV-SDF,consume_observation_whitelist,,,
257,,622,,,1,STGHP,propose_and_rank_observed_targets,,,
257,True,623,,,1,RPN-UQ,observed_action_and_return_guard,forward,refresh_selected_target_on_current_observation,
258,,624,[],0,1,IGCR,measured_transition_feedback,,,False
258,True,625,,,1,RPN-UQ,observed_action_and_return_guard,forward,refresh_selected_target_on_current_observation,
259,,626,[],0,1,IGCR,measured_transition_feedback,,,False
259,True,627,,,1,RPN-UQ,observed_action_and_return_guard,forward,refresh_selected_target_on_current_observation,
260,,628,[],0,1,IGCR,measured_transition_feedback,,,False
260,True,629,,,1,RPN-UQ,observed_action_and_return_guard,forward,refresh_selected_target_on_current_observation,
261,,630,"[{""comparable_patches"":0,""cue_id"":""cue-0000"",""sector"":2,""status"":""unavailable_insufficient_common_measured_support""}]",0,1,IGCR,measured_transition_feedback,,,True
261,,631,,,1,OV-SDF,consume_observation_whitelist,,,
261,,632,,,1,STGHP,propose_and_rank_observed_targets,,,
261,True,633,,,1,RPN-UQ,observed_action_and_return_guard,forward,refresh_selected_target_on_current_observation,
262,,634,[],0,1,IGCR,measured_transition_feedback,,,False
262,True,635,,,1,RPN-UQ,observed_action_and_return_guard,forward,refresh_selected_target_on_current_observation,
263,,636,[],0,1,IGCR,measured_transition_feedback,,,False
263,True,637,,,1,RPN-UQ,observed_action_and_return_guard,forward,refresh_selected_target_on_current_observation,
264,,638,[],0,1,IGCR,measured_transition_feedback,,,False
264,True,639,,,1,RPN-UQ,observed_action_and_return_guard,forward,refresh_selected_target_on_current_observation,
265,,640,[],0,1,IGCR,measured_transition_feedback,,,False
265,True,641,,,1,RPN-UQ,observed_action_and_return_guard,right,refresh_selected_target_on_current_observation,
266,,642,[],0,1,IGCR,measured_transition_feedback,,,False
266,,643,,,1,OV-SDF,consume_observation_whitelist,,,
266,,644,,,1,STGHP,propose_and_rank_observed_targets,,,
266,True,645,,,1,RPN-UQ,observed_action_and_return_guard,forward,refresh_selected_target_on_current_observation,
267,,646,[],0,1,IGCR,measured_transition_feedback,,,False
267,True,647,,,1,RPN-UQ,observed_action_and_return_guard,forward,refresh_selected_target_on_current_observation,
268,,648,[],0,1,IGCR,measured_transition_feedback,,,False
268,True,649,,,1,RPN-UQ,observed_action_and_return_guard,forward,refresh_selected_target_on_current_observation,
269,,650,[],0,1,IGCR,measured_transition_feedback,,,False
269,True,651,,,1,RPN-UQ,observed_action_and_return_guard,forward,refresh_selected_target_on_current_observation,
270,,652,[],1,1,IGCR,measured_transition_feedback,,,False
270,True,653,,,1,RPN-UQ,observed_action_and_return_guard,left,refresh_selected_target_on_current_observation,
271,,654,[],0,1,IGCR,measured_transition_feedback,,,False
271,,655,,,1,OV-SDF,consume_observation_whitelist,,,
271,,656,,,1,STGHP,propose_and_rank_observed_targets,,,
271,True,657,,,1,RPN-UQ,observed_action_and_return_guard,left,refresh_selected_target_on_current_observation,
272,,658,"[{""comparable_patches"":0,""cue_id"":""cue-0000"",""sector"":3,""status"":""unavailable_insufficient_common_measured_support""}]",0,1,IGCR,measured_transition_feedback,,,True
272,,659,,,1,OV-SDF,consume_observation_whitelist,,,
272,,660,,,1,STGHP,propose_and_rank_observed_targets,,,
272,True,661,,,1,RPN-UQ,observed_action_and_return_guard,right,refresh_selected_target_on_current_observation,
273,,662,[],0,1,IGCR,measured_transition_feedback,,,False
273,True,663,,,1,RPN-UQ,observed_action_and_return_guard,forward,refresh_selected_target_on_current_observation,
274,,664,[],0,1,IGCR,measured_transition_feedback,,,False
274,True,665,,,1,RPN-UQ,observed_action_and_return_guard,forward,refresh_selected_target_on_current_observation,
275,,666,[],0,1,IGCR,measured_transition_feedback,,,False
275,True,667,,,1,RPN-UQ,observed_action_and_return_guard,forward,refresh_selected_target_on_current_observation,
276,,668,[],0,1,IGCR,measured_transition_feedback,,,False
276,True,669,,,1,RPN-UQ,observed_action_and_return_guard,forward,refresh_selected_target_on_current_observation,
277,,670,[],0,1,IGCR,measured_transition_feedback,,,False
277,,671,,,1,OV-SDF,consume_observation_whitelist,,,
277,,672,,,1,STGHP,propose_and_rank_observed_targets,,,
277,True,673,,,1,RPN-UQ,observed_action_and_return_guard,left,refresh_selected_target_on_current_observation,
278,,674,[],2,1,IGCR,measured_transition_feedback,,,False
278,True,675,,,1,RPN-UQ,observed_action_and_return_guard,left,refresh_selected_target_on_current_observation,
279,,676,[],0,1,IGCR,measured_transition_feedback,,,False
279,True,677,,,1,RPN-UQ,observed_action_and_return_guard,forward,refresh_selected_target_on_current_observation,
280,,678,[],0,1,IGCR,measured_transition_feedback,,,False
280,True,679,,,1,RPN-UQ,observed_action_and_return_guard,forward,refresh_selected_target_on_current_observation,
281,,680,[],0,1,IGCR,measured_transition_feedback,,,False
281,True,681,,,1,RPN-UQ,observed_action_and_return_guard,forward,refresh_selected_target_on_current_observation,
282,,682,[],0,1,IGCR,measured_transition_feedback,,,False
282,,683,,,1,OV-SDF,consume_observation_whitelist,,,
282,,684,,,1,STGHP,propose_and_rank_observed_targets,,,
282,True,685,,,1,RPN-UQ,observed_action_and_return_guard,forward,refresh_selected_target_on_current_observation,
283,,686,[],0,1,IGCR,measured_transition_feedback,,,False
283,True,687,,,1,RPN-UQ,observed_action_and_return_guard,right,refresh_selected_target_on_current_observation,
284,,688,"[{""comparable_patches"":0,""cue_id"":""cue-0000"",""sector"":3,""status"":""unavailable_insufficient_common_measured_support""}]",0,1,IGCR,measured_transition_feedback,,,True
284,,689,,,1,OV-SDF,consume_observation_whitelist,,,
284,,690,,,1,STGHP,propose_and_rank_observed_targets,,,
284,True,691,,,1,RPN-UQ,observed_action_and_return_guard,left,refresh_selected_target_on_current_observation,
285,,692,[],0,1,IGCR,measured_transition_feedback,,,False
285,True,693,,,1,RPN-UQ,observed_action_and_return_guard,forward,refresh_selected_target_on_current_observation,
286,,694,[],0,1,IGCR,measured_transition_feedback,,,False
286,True,695,,,1,RPN-UQ,observed_action_and_return_guard,forward,refresh_selected_target_on_current_observation,
287,,696,[],0,1,IGCR,measured_transition_feedback,,,False
287,True,697,,,1,RPN-UQ,observed_action_and_return_guard,forward,refresh_selected_target_on_current_observation,
288,,698,[],0,1,IGCR,measured_transition_feedback,,,False
288,True,699,,,1,RPN-UQ,observed_action_and_return_guard,forward,refresh_selected_target_on_current_observation,
289,,700,[],0,1,IGCR,measured_transition_feedback,,,False
289,,701,,,1,OV-SDF,consume_observation_whitelist,,,
289,,702,,,1,STGHP,propose_and_rank_observed_targets,,,
289,True,703,,,1,RPN-UQ,observed_action_and_return_guard,left,refresh_selected_target_on_current_observation,
290,,704,[],1,1,IGCR,measured_transition_feedback,,,False
290,True,705,,,1,RPN-UQ,observed_action_and_return_guard,left,refresh_selected_target_on_current_observation,
291,,706,[],0,1,IGCR,measured_transition_feedback,,,False
291,True,707,,,1,RPN-UQ,observed_action_and_return_guard,forward,refresh_selected_target_on_current_observation,
292,,708,[],0,1,IGCR,measured_transition_feedback,,,False
292,True,709,,,1,RPN-UQ,observed_action_and_return_guard,forward,refresh_selected_target_on_current_observation,
293,,710,[],0,1,IGCR,measured_transition_feedback,,,False
293,True,711,,,1,RPN-UQ,observed_action_and_return_guard,forward,refresh_selected_target_on_current_observation,
294,,712,[],0,1,IGCR,measured_transition_feedback,,,False
294,,713,,,1,OV-SDF,consume_observation_whitelist,,,
294,,714,,,1,STGHP,propose_and_rank_observed_targets,,,
294,True,715,,,1,RPN-UQ,observed_action_and_return_guard,forward,refresh_selected_target_on_current_observation,
295,,716,[],0,1,IGCR,measured_transition_feedback,,,False
295,True,717,,,1,RPN-UQ,observed_action_and_return_guard,left,refresh_selected_target_on_current_observation,
296,,718,"[{""comparable_patches"":0,""cue_id"":""cue-0000"",""sector"":3,""status"":""unavailable_insufficient_common_measured_support""}]",0,1,IGCR,measured_transition_feedback,,,True
296,,719,,,1,OV-SDF,consume_observation_whitelist,,,
296,,720,,,1,STGHP,propose_and_rank_observed_targets,,,
296,True,721,,,1,RPN-UQ,observed_action_and_return_guard,right,refresh_selected_target_on_current_observation,
297,,722,[],0,1,IGCR,measured_transition_feedback,,,False
297,True,723,,,1,RPN-UQ,observed_action_and_return_guard,forward,refresh_selected_target_on_current_observation,
298,,724,[],0,1,IGCR,measured_transition_feedback,,,False
298,True,725,,,1,RPN-UQ,observed_action_and_return_guard,forward,refresh_selected_target_on_current_observation,
299,,726,[],0,1,IGCR,measured_transition_feedback,,,False
299,True,727,,,1,RPN-UQ,observed_action_and_return_guard,forward,refresh_selected_target_on_current_observation,
300,,728,[],0,1,IGCR,measured_transition_feedback,,,False
300,True,729,,,1,RPN-UQ,observed_action_and_return_guard,right,refresh_selected_target_on_current_observation,
301,,730,[],0,1,IGCR,measured_transition_feedback,,,False
301,,731,,,1,OV-SDF,consume_observation_whitelist,,,
301,,732,,,1,STGHP,propose_and_rank_observed_targets,,,
301,True,733,,,1,RPN-UQ,observed_action_and_return_guard,right,refresh_selected_target_on_current_observation,
302,,734,[],0,1,IGCR,measured_transition_feedback,,,False
302,True,735,,,1,RPN-UQ,observed_action_and_return_guard,forward,refresh_selected_target_on_current_observation,
303,,736,[],0,1,IGCR,measured_transition_feedback,,,False
303,True,737,,,1,RPN-UQ,observed_action_and_return_guard,forward,refresh_selected_target_on_current_observation,
304,,738,[],0,1,IGCR,measured_transition_feedback,,,False
304,True,739,,,1,RPN-UQ,observed_action_and_return_guard,forward,refresh_selected_target_on_current_observation,
305,,740,[],1,1,IGCR,measured_transition_feedback,,,False
305,True,741,,,1,RPN-UQ,observed_action_and_return_guard,right,refresh_selected_target_on_current_observation,
306,,742,"[{""comparable_patches"":0,""cue_id"":""cue-0000"",""sector"":3,""status"":""unavailable_insufficient_common_measured_support""}]",0,1,IGCR,measured_transition_feedback,,,True
306,,743,,,1,OV-SDF,consume_observation_whitelist,,,
306,,744,,,1,STGHP,propose_and_rank_observed_targets,,,
306,True,745,,,1,RPN-UQ,observed_action_and_return_guard,right,refresh_selected_target_on_current_observation,
307,,746,[],1,1,IGCR,measured_transition_feedback,,,False
307,True,747,,,1,RPN-UQ,observed_action_and_return_guard,forward,refresh_selected_target_on_current_observation,
308,,748,[],0,1,IGCR,measured_transition_feedback,,,False
308,True,749,,,1,RPN-UQ,observed_action_and_return_guard,forward,refresh_selected_target_on_current_observation,
309,,750,[],0,1,IGCR,measured_transition_feedback,,,False
309,True,751,,,1,RPN-UQ,observed_action_and_return_guard,forward,refresh_selected_target_on_current_observation,
310,,752,[],0,1,IGCR,measured_transition_feedback,,,False
310,True,753,,,1,RPN-UQ,observed_action_and_return_guard,right,refresh_selected_target_on_current_observation,
311,,754,[],0,1,IGCR,measured_transition_feedback,,,False
311,,755,,,1,OV-SDF,consume_observation_whitelist,,,
311,,756,,,1,STGHP,propose_and_rank_observed_targets,,,
311,True,757,,,1,RPN-UQ,observed_action_and_return_guard,right,refresh_selected_target_on_current_observation,
312,,758,[],0,1,IGCR,measured_transition_feedback,,,False
312,True,759,,,1,RPN-UQ,observed_action_and_return_guard,forward,refresh_selected_target_on_current_observation,
313,,760,[],0,1,IGCR,measured_transition_feedback,,,False
313,True,761,,,1,RPN-UQ,observed_action_and_return_guard,forward,refresh_selected_target_on_current_observation,
314,,762,[],0,1,IGCR,measured_transition_feedback,,,False
314,True,763,,,1,RPN-UQ,observed_action_and_return_guard,forward,refresh_selected_target_on_current_observation,
315,,764,[],0,1,IGCR,measured_transition_feedback,,,False
315,True,765,,,1,RPN-UQ,observed_action_and_return_guard,right,refresh_selected_target_on_current_observation,
316,,766,"[{""comparable_patches"":0,""cue_id"":""cue-0000"",""sector"":3,""status"":""unavailable_insufficient_common_measured_support""}]",0,1,IGCR,measured_transition_feedback,,,True
316,,767,,,1,OV-SDF,consume_observation_whitelist,,,
316,,768,,,1,STGHP,propose_and_rank_observed_targets,,,
316,True,769,,,1,RPN-UQ,observed_action_and_return_guard,forward,refresh_selected_target_on_current_observation,
317,,770,[],0,1,IGCR,measured_transition_feedback,,,False
317,True,771,,,1,RPN-UQ,observed_action_and_return_guard,forward,refresh_selected_target_on_current_observation,
318,,772,[],0,1,IGCR,measured_transition_feedback,,,False
318,True,773,,,1,RPN-UQ,observed_action_and_return_guard,forward,refresh_selected_target_on_current_observation,
319,,774,[],0,1,IGCR,measured_transition_feedback,,,False
319,True,775,,,1,RPN-UQ,observed_action_and_return_guard,forward,refresh_selected_target_on_current_observation,
320,,776,[],0,1,IGCR,measured_transition_feedback,,,False
320,True,777,,,1,RPN-UQ,observed_action_and_return_guard,forward,refresh_selected_target_on_current_observation,
321,,778,[],0,1,IGCR,measured_transition_feedback,,,False
321,,779,,,1,OV-SDF,consume_observation_whitelist,,,
321,,780,,,1,STGHP,propose_and_rank_observed_targets,,,
321,True,781,,,1,RPN-UQ,observed_action_and_return_guard,left,refresh_selected_target_on_current_observation,
322,,782,[],0,1,IGCR,measured_transition_feedback,,,False
322,True,783,,,1,RPN-UQ,observed_action_and_return_guard,left,refresh_selected_target_on_current_observation,
323,,784,[],0,1,IGCR,measured_transition_feedback,,,False
323,True,785,,,1,RPN-UQ,observed_action_and_return_guard,forward,refresh_selected_target_on_current_observation,
324,,786,[],0,1,IGCR,measured_transition_feedback,,,False
324,True,787,,,1,RPN-UQ,observed_action_and_return_guard,forward,refresh_selected_target_on_current_observation,
325,,788,[],0,1,IGCR,measured_transition_feedback,,,False
325,True,789,,,1,RPN-UQ,observed_action_and_return_guard,forward,refresh_selected_target_on_current_observation,
326,,790,[],0,1,IGCR,measured_transition_feedback,,,False
326,,791,,,1,OV-SDF,consume_observation_whitelist,,,
326,,792,,,1,STGHP,propose_and_rank_observed_targets,,,
326,True,793,,,1,RPN-UQ,observed_action_and_return_guard,forward,refresh_selected_target_on_current_observation,
327,,794,[],0,1,IGCR,measured_transition_feedback,,,False
327,True,795,,,1,RPN-UQ,observed_action_and_return_guard,forward,refresh_selected_target_on_current_observation,
328,,796,[],0,1,IGCR,measured_transition_feedback,,,False
328,True,797,,,1,RPN-UQ,observed_action_and_return_guard,left,refresh_selected_target_on_current_observation,
329,,798,[],0,1,IGCR,measured_transition_feedback,,,False
329,True,799,,,1,RPN-UQ,observed_action_and_return_guard,left,refresh_selected_target_on_current_observation,
330,,800,"[{""comparable_patches"":0,""cue_id"":""cue-0000"",""sector"":3,""status"":""unavailable_insufficient_common_measured_support""}]",0,1,IGCR,measured_transition_feedback,,,True
330,,801,,,1,OV-SDF,consume_observation_whitelist,,,
330,,802,,,1,STGHP,propose_and_rank_observed_targets,,,
330,True,803,,,1,RPN-UQ,observed_action_and_return_guard,forward,refresh_selected_target_on_current_observation,
331,,804,[],0,1,IGCR,measured_transition_feedback,,,False
331,True,805,,,1,RPN-UQ,observed_action_and_return_guard,forward,refresh_selected_target_on_current_observation,
332,,806,[],0,1,IGCR,measured_transition_feedback,,,False
332,True,807,,,1,RPN-UQ,observed_action_and_return_guard,forward,refresh_selected_target_on_current_observation,
333,,808,[],0,1,IGCR,measured_transition_feedback,,,False
333,True,809,,,1,RPN-UQ,observed_action_and_return_guard,forward,refresh_selected_target_on_current_observation,
334,,810,[],0,1,IGCR,measured_transition_feedback,,,False
334,True,811,,,1,RPN-UQ,observed_action_and_return_guard,forward,refresh_selected_target_on_current_observation,
335,,812,[],1,1,IGCR,measured_transition_feedback,,,False
335,,813,,,1,OV-SDF,consume_observation_whitelist,,,
335,,814,,,1,STGHP,propose_and_rank_observed_targets,,,
335,True,815,,,1,RPN-UQ,observed_action_and_return_guard,left,refresh_selected_target_on_current_observation,
336,,816,[],0,1,IGCR,measured_transition_feedback,,,False
336,True,817,,,1,RPN-UQ,observed_action_and_return_guard,left,refresh_selected_target_on_current_observation,
337,,818,[],0,1,IGCR,measured_transition_feedback,,,False
337,True,819,,,1,RPN-UQ,observed_action_and_return_guard,forward,refresh_selected_target_on_current_observation,
338,,820,[],0,1,IGCR,measured_transition_feedback,,,False
338,True,821,,,1,RPN-UQ,observed_action_and_return_guard,forward,refresh_selected_target_on_current_observation,
339,,822,[],0,1,IGCR,measured_transition_feedback,,,False
339,True,823,,,1,RPN-UQ,observed_action_and_return_guard,forward,refresh_selected_target_on_current_observation,
340,,824,[],0,1,IGCR,measured_transition_feedback,,,False
340,,825,,,1,OV-SDF,consume_observation_whitelist,,,
340,,826,,,1,STGHP,propose_and_rank_observed_targets,,,
340,True,827,,,1,RPN-UQ,observed_action_and_return_guard,forward,refresh_selected_target_on_current_observation,
341,,828,[],0,1,IGCR,measured_transition_feedback,,,False
341,True,829,,,1,RPN-UQ,observed_action_and_return_guard,forward,refresh_selected_target_on_current_observation,
342,,830,[],2,1,IGCR,measured_transition_feedback,,,False
342,True,831,,,1,RPN-UQ,observed_action_and_return_guard,left,refresh_selected_target_on_current_observation,
343,,832,[],0,1,IGCR,measured_transition_feedback,,,False
343,True,833,,,1,RPN-UQ,observed_action_and_return_guard,left,refresh_selected_target_on_current_observation,
344,,834,"[{""comparable_patches"":0,""cue_id"":""cue-0000"",""sector"":3,""status"":""unavailable_insufficient_common_measured_support""}]",1,1,IGCR,measured_transition_feedback,,,True
344,,835,,,1,OV-SDF,consume_observation_whitelist,,,
344,,836,,,1,STGHP,propose_and_rank_observed_targets,,,
344,True,837,,,1,RPN-UQ,observed_action_and_return_guard,forward,refresh_selected_target_on_current_observation,
345,,838,[],0,1,IGCR,measured_transition_feedback,,,False
345,True,839,,,1,RPN-UQ,observed_action_and_return_guard,forward,refresh_selected_target_on_current_observation,
346,,840,[],1,1,IGCR,measured_transition_feedback,,,False
346,True,841,,,1,RPN-UQ,observed_action_and_return_guard,forward,refresh_selected_target_on_current_observation,
347,,842,[],0,1,IGCR,measured_transition_feedback,,,False
347,True,843,,,1,RPN-UQ,observed_action_and_return_guard,left,refresh_selected_target_on_current_observation,
348,,844,[],0,1,IGCR,measured_transition_feedback,,,False
348,True,845,,,1,RPN-UQ,observed_action_and_return_guard,forward,refresh_selected_target_on_current_observation,
349,,846,[],0,1,IGCR,measured_transition_feedback,,,False
349,,847,,,1,OV-SDF,consume_observation_whitelist,,,
349,,848,,,1,STGHP,propose_and_rank_observed_targets,,,
349,True,849,,,1,RPN-UQ,observed_action_and_return_guard,forward,refresh_selected_target_on_current_observation,
350,,850,[],0,1,IGCR,measured_transition_feedback,,,False
350,True,851,,,1,RPN-UQ,observed_action_and_return_guard,forward,refresh_selected_target_on_current_observation,
351,,852,[],0,1,IGCR,measured_transition_feedback,,,False
351,True,853,,,1,RPN-UQ,observed_action_and_return_guard,forward,refresh_selected_target_on_current_observation,
352,,854,[],0,1,IGCR,measured_transition_feedback,,,False
352,True,855,,,1,RPN-UQ,observed_action_and_return_guard,right,refresh_selected_target_on_current_observation,
353,,856,[],0,1,IGCR,measured_transition_feedback,,,False
353,True,857,,,1,RPN-UQ,observed_action_and_return_guard,forward,refresh_selected_target_on_current_observation,
354,,858,[],0,1,IGCR,measured_transition_feedback,,,False
354,,859,,,1,OV-SDF,consume_observation_whitelist,,,
354,,860,,,1,STGHP,propose_and_rank_observed_targets,,,
354,True,861,,,1,RPN-UQ,observed_action_and_return_guard,right,refresh_selected_target_on_current_observation,
355,,862,"[{""comparable_patches"":0,""cue_id"":""cue-0000"",""sector"":2,""status"":""unavailable_insufficient_common_measured_support""}]",0,1,IGCR,measured_transition_feedback,,,True
355,,863,,,1,OV-SDF,consume_observation_whitelist,,,
355,,864,,,1,STGHP,propose_and_rank_observed_targets,,,
355,True,865,,,1,RPN-UQ,observed_action_and_return_guard,left,refresh_selected_target_on_current_observation,
356,,866,[],0,1,IGCR,measured_transition_feedback,,,False
356,True,867,,,1,RPN-UQ,observed_action_and_return_guard,forward,refresh_selected_target_on_current_observation,
357,,868,[],0,1,IGCR,measured_transition_feedback,,,False
357,True,869,,,1,RPN-UQ,observed_action_and_return_guard,forward,refresh_selected_target_on_current_observation,
358,,870,[],0,1,IGCR,measured_transition_feedback,,,False
358,True,871,,,1,RPN-UQ,observed_action_and_return_guard,forward,refresh_selected_target_on_current_observation,
359,,872,[],0,1,IGCR,measured_transition_feedback,,,False
359,True,873,,,1,RPN-UQ,observed_action_and_return_guard,forward,refresh_selected_target_on_current_observation,
360,,874,[],0,1,IGCR,measured_transition_feedback,,,False
360,,875,,,1,OV-SDF,consume_observation_whitelist,,,
360,,876,,,1,STGHP,propose_and_rank_observed_targets,,,
360,True,877,,,1,RPN-UQ,observed_action_and_return_guard,forward,refresh_selected_target_on_current_observation,
361,,878,[],0,1,IGCR,measured_transition_feedback,,,False
361,True,879,,,1,RPN-UQ,observed_action_and_return_guard,forward,refresh_selected_target_on_current_observation,
362,,880,[],0,1,IGCR,measured_transition_feedback,,,False
362,True,881,,,1,RPN-UQ,observed_action_and_return_guard,right,refresh_selected_target_on_current_observation,
363,,882,"[{""comparable_patches"":1,""cue_id"":""cue-0000"",""sector"":1,""status"":""unavailable_insufficient_common_measured_support""}]",0,1,IGCR,measured_transition_feedback,,,True
363,,883,,,1,OV-SDF,consume_observation_whitelist,,,
363,,884,,,1,STGHP,propose_and_rank_observed_targets,,,
363,True,885,,,1,RPN-UQ,observed_action_and_return_guard,left,known_safe_return_within_budget,
364,,886,[],0,1,IGCR,measured_transition_feedback,,,False
364,,887,,,1,OV-SDF,consume_observation_whitelist,,,
364,,888,,,1,STGHP,propose_and_rank_observed_targets,,,
364,True,889,,,1,RPN-UQ,observed_action_and_return_guard,right,refresh_selected_target_on_current_observation,
365,,890,"[{""comparable_patches"":0,""cue_id"":""cue-0000"",""sector"":1,""status"":""unavailable_insufficient_common_measured_support""}]",0,1,IGCR,measured_transition_feedback,,,True
365,,891,,,1,OV-SDF,consume_observation_whitelist,,,
365,,892,,,1,STGHP,propose_and_rank_observed_targets,,,
365,True,893,,,1,RPN-UQ,observed_action_and_return_guard,left,refresh_selected_target_on_current_observation,
366,,894,[],0,1,IGCR,measured_transition_feedback,,,False
366,True,895,,,1,RPN-UQ,observed_action_and_return_guard,forward,refresh_selected_target_on_current_observation,
367,,896,[],0,1,IGCR,measured_transition_feedback,,,False
367,True,897,,,1,RPN-UQ,observed_action_and_return_guard,forward,refresh_selected_target_on_current_observation,
368,,898,[],0,1,IGCR,measured_transition_feedback,,,False
368,True,899,,,1,RPN-UQ,observed_action_and_return_guard,forward,refresh_selected_target_on_current_observation,
369,,900,[],0,1,IGCR,measured_transition_feedback,,,False
369,True,901,,,1,RPN-UQ,observed_action_and_return_guard,forward,refresh_selected_target_on_current_observation,
370,,902,[],1,1,IGCR,measured_transition_feedback,,,False
370,,903,,,1,OV-SDF,consume_observation_whitelist,,,
370,,904,,,1,STGHP,propose_and_rank_observed_targets,,,
370,True,905,,,1,RPN-UQ,observed_action_and_return_guard,forward,known_safe_return_within_budget,
371,,906,[],0,1,IGCR,measured_transition_feedback,,,False
371,,907,,,1,OV-SDF,consume_observation_whitelist,,,
371,,908,,,1,STGHP,propose_and_rank_observed_targets,,,
371,True,909,,,1,RPN-UQ,observed_action_and_return_guard,forward,known_safe_return_within_budget,
372,,910,[],0,1,IGCR,measured_transition_feedback,,,False
372,,911,,,1,OV-SDF,consume_observation_whitelist,,,
372,,912,,,1,STGHP,propose_and_rank_observed_targets,,,
372,True,913,,,1,RPN-UQ,observed_action_and_return_guard,forward,known_safe_return_within_budget,
373,,914,[],0,1,IGCR,measured_transition_feedback,,,False
373,,915,,,1,OV-SDF,consume_observation_whitelist,,,
373,,916,,,1,STGHP,propose_and_rank_observed_targets,,,
373,True,917,,,1,RPN-UQ,observed_action_and_return_guard,forward,refresh_selected_target_on_current_observation,
374,,918,[],0,1,IGCR,measured_transition_feedback,,,False
374,True,919,,,1,RPN-UQ,observed_action_and_return_guard,forward,refresh_selected_target_on_current_observation,
375,,920,[],0,1,IGCR,measured_transition_feedback,,,False
375,True,921,,,1,RPN-UQ,observed_action_and_return_guard,forward,refresh_selected_target_on_current_observation,
376,,922,[],0,1,IGCR,measured_transition_feedback,,,False
376,True,923,,,1,RPN-UQ,observed_action_and_return_guard,right,refresh_selected_target_on_current_observation,
377,,924,[],0,1,IGCR,measured_transition_feedback,,,True
377,,925,,,1,OV-SDF,consume_observation_whitelist,,,
377,,926,,,1,STGHP,propose_and_rank_observed_targets,,,
377,True,927,,,1,RPN-UQ,observed_action_and_return_guard,left,known_safe_return_within_budget,
378,,928,[],0,1,IGCR,measured_transition_feedback,,,False
378,,929,,,1,OV-SDF,consume_observation_whitelist,,,
378,,930,,,1,STGHP,propose_and_rank_observed_targets,,,
378,True,931,,,1,RPN-UQ,observed_action_and_return_guard,forward,known_safe_return_within_budget,
379,,932,[],0,1,IGCR,measured_transition_feedback,,,False
379,,933,,,1,OV-SDF,consume_observation_whitelist,,,
379,,934,,,1,STGHP,propose_and_rank_observed_targets,,,
379,True,935,,,1,RPN-UQ,observed_action_and_return_guard,left,known_safe_return_within_budget,
380,,936,[],0,1,IGCR,measured_transition_feedback,,,False
380,,937,,,1,OV-SDF,consume_observation_whitelist,,,
380,,938,,,1,STGHP,propose_and_rank_observed_targets,,,
380,True,939,,,1,RPN-UQ,observed_action_and_return_guard,forward,known_safe_return_within_budget,
381,,940,[],0,1,IGCR,measured_transition_feedback,,,False
381,,941,,,1,OV-SDF,consume_observation_whitelist,,,
381,,942,,,1,STGHP,propose_and_rank_observed_targets,,,
381,True,943,,,1,RPN-UQ,observed_action_and_return_guard,forward,known_safe_return_within_budget,
382,,944,[],0,1,IGCR,measured_transition_feedback,,,False
382,,945,,,1,OV-SDF,consume_observation_whitelist,,,
382,,946,,,1,STGHP,propose_and_rank_observed_targets,,,
382,True,947,,,1,RPN-UQ,observed_action_and_return_guard,forward,known_safe_return_within_budget,
383,,948,[],0,1,IGCR,measured_transition_feedback,,,False
383,,949,,,1,OV-SDF,consume_observation_whitelist,,,
383,,950,,,1,STGHP,propose_and_rank_observed_targets,,,
383,True,951,,,1,RPN-UQ,observed_action_and_return_guard,forward,refresh_selected_target_on_current_observation,
384,,952,[],0,1,IGCR,measured_transition_feedback,,,False
384,True,953,,,1,RPN-UQ,observed_action_and_return_guard,forward,refresh_selected_target_on_current_observation,
385,,954,[],1,1,IGCR,measured_transition_feedback,,,False
385,True,955,,,1,RPN-UQ,observed_action_and_return_guard,forward,refresh_selected_target_on_current_observation,
386,,956,[],1,1,IGCR,measured_transition_feedback,,,False
386,True,957,,,1,RPN-UQ,observed_action_and_return_guard,forward,refresh_selected_target_on_current_observation,
387,,958,[],1,1,IGCR,measured_transition_feedback,,,False
387,True,959,,,1,RPN-UQ,observed_action_and_return_guard,forward,refresh_selected_target_on_current_observation,
388,,960,[],0,1,IGCR,measured_transition_feedback,,,False
388,,961,,,1,OV-SDF,consume_observation_whitelist,,,
388,,962,,,1,STGHP,propose_and_rank_observed_targets,,,
388,True,963,,,1,RPN-UQ,observed_action_and_return_guard,forward,known_safe_return_within_budget,
389,,964,[],3,1,IGCR,measured_transition_feedback,,,False
389,,965,,,1,OV-SDF,consume_observation_whitelist,,,
389,,966,,,1,STGHP,propose_and_rank_observed_targets,,,
389,True,967,,,1,RPN-UQ,observed_action_and_return_guard,forward,known_safe_return_within_budget,
390,,968,[],2,1,IGCR,measured_transition_feedback,,,False
390,,969,,,1,OV-SDF,consume_observation_whitelist,,,
390,,970,,,1,STGHP,propose_and_rank_observed_targets,,,
390,True,971,,,1,RPN-UQ,observed_action_and_return_guard,forward,known_safe_return_within_budget,
391,,972,[],2,1,IGCR,measured_transition_feedback,,,False
391,,973,,,1,OV-SDF,consume_observation_whitelist,,,
391,,974,,,1,STGHP,propose_and_rank_observed_targets,,,
391,True,975,,,1,RPN-UQ,observed_action_and_return_guard,forward,known_safe_return_within_budget,
392,,976,[],2,1,IGCR,measured_transition_feedback,,,False
392,,977,,,1,OV-SDF,consume_observation_whitelist,,,
392,,978,,,1,STGHP,propose_and_rank_observed_targets,,,
392,True,979,,,1,RPN-UQ,observed_action_and_return_guard,forward,known_safe_return_within_budget,
393,,980,[],1,1,IGCR,measured_transition_feedback,,,False
393,,981,,,1,OV-SDF,consume_observation_whitelist,,,
393,,982,,,1,STGHP,propose_and_rank_observed_targets,,,
393,True,983,,,1,RPN-UQ,observed_action_and_return_guard,forward,known_safe_return_within_budget,
394,,984,[],1,1,IGCR,measured_transition_feedback,,,False
394,,985,,,1,OV-SDF,consume_observation_whitelist,,,
394,,986,,,1,STGHP,propose_and_rank_observed_targets,,,
394,True,987,,,1,RPN-UQ,observed_action_and_return_guard,right,known_safe_return_within_budget,
395,,988,[],0,1,IGCR,measured_transition_feedback,,,False
395,,989,,,1,OV-SDF,consume_observation_whitelist,,,
395,,990,,,1,STGHP,propose_and_rank_observed_targets,,,
395,True,991,,,1,RPN-UQ,observed_action_and_return_guard,forward,known_safe_return_within_budget,
396,,992,[],1,1,IGCR,measured_transition_feedback,,,False
396,,993,,,1,OV-SDF,consume_observation_whitelist,,,
396,,994,,,1,STGHP,propose_and_rank_observed_targets,,,
396,True,995,,,1,RPN-UQ,observed_action_and_return_guard,forward,known_safe_return_within_budget,
397,,996,[],2,1,IGCR,measured_transition_feedback,,,False
397,,997,,,1,OV-SDF,consume_observation_whitelist,,,
397,,998,,,1,STGHP,propose_and_rank_observed_targets,,,
397,True,999,,,1,RPN-UQ,observed_action_and_return_guard,forward,known_safe_return_within_budget,
398,,1000,[],2,1,IGCR,measured_transition_feedback,,,False
398,,1001,,,1,OV-SDF,consume_observation_whitelist,,,
398,,1002,,,1,STGHP,propose_and_rank_observed_targets,,,
398,True,1003,,,1,RPN-UQ,observed_action_and_return_guard,forward,known_safe_return_within_budget,
399,,1004,[],0,1,IGCR,measured_transition_feedback,,,False
399,,1005,,,1,OV-SDF,consume_observation_whitelist,,,
399,,1006,,,1,STGHP,propose_and_rank_observed_targets,,,
399,True,1007,,,1,RPN-UQ,observed_action_and_return_guard,left,known_safe_return_within_budget,
400,,1008,[],1,1,IGCR,measured_transition_feedback,,,False
0,,1,,,2,OV-SDF,consume_observation_whitelist,,,
0,,2,,,2,STGHP,propose_and_rank_observed_targets,,,
0,True,3,,,2,RPN-UQ,observed_action_and_return_guard,left,refresh_selected_target_on_current_observation,
1,,4,[],0,2,IGCR,measured_transition_feedback,,,False
1,True,5,,,2,RPN-UQ,observed_action_and_return_guard,forward,refresh_selected_target_on_current_observation,
2,,6,[],28,2,IGCR,measured_transition_feedback,,,False
2,True,7,,,2,RPN-UQ,observed_action_and_return_guard,forward,refresh_selected_target_on_current_observation,
3,,8,[],20,2,IGCR,measured_transition_feedback,,,False
3,True,9,,,2,RPN-UQ,observed_action_and_return_guard,forward,refresh_selected_target_on_current_observation,
4,,10,[],18,2,IGCR,measured_transition_feedback,,,False
4,True,11,,,2,RPN-UQ,observed_action_and_return_guard,forward,refresh_selected_target_on_current_observation,
5,,12,[],12,2,IGCR,measured_transition_feedback,,,False
5,,13,,,2,OV-SDF,consume_observation_whitelist,,,
5,,14,,,2,STGHP,propose_and_rank_observed_targets,,,
5,True,15,,,2,RPN-UQ,observed_action_and_return_guard,forward,refresh_selected_target_on_current_observation,
6,,16,[],15,2,IGCR,measured_transition_feedback,,,False
6,True,17,,,2,RPN-UQ,observed_action_and_return_guard,left,refresh_selected_target_on_current_observation,
7,,18,[],1,2,IGCR,measured_transition_feedback,,,False
7,True,19,,,2,RPN-UQ,observed_action_and_return_guard,forward,refresh_selected_target_on_current_observation,
8,,20,[],1,2,IGCR,measured_transition_feedback,,,False
8,True,21,,,2,RPN-UQ,observed_action_and_return_guard,forward,refresh_selected_target_on_current_observation,
9,,22,[],7,2,IGCR,measured_transition_feedback,,,False
9,True,23,,,2,RPN-UQ,observed_action_and_return_guard,forward,refresh_selected_target_on_current_observation,
10,,24,[],1,2,IGCR,measured_transition_feedback,,,False
10,,25,,,2,OV-SDF,consume_observation_whitelist,,,
10,,26,,,2,STGHP,propose_and_rank_observed_targets,,,
10,True,27,,,2,RPN-UQ,observed_action_and_return_guard,forward,refresh_selected_target_on_current_observation,
11,,28,[],2,2,IGCR,measured_transition_feedback,,,False
11,True,29,,,2,RPN-UQ,observed_action_and_return_guard,forward,refresh_selected_target_on_current_observation,
12,,30,[],1,2,IGCR,measured_transition_feedback,,,False
12,True,31,,,2,RPN-UQ,observed_action_and_return_guard,forward,refresh_selected_target_on_current_observation,
13,,32,[],2,2,IGCR,measured_transition_feedback,,,False
13,True,33,,,2,RPN-UQ,observed_action_and_return_guard,forward,refresh_selected_target_on_current_observation,
14,,34,[],3,2,IGCR,measured_transition_feedback,,,False
14,True,35,,,2,RPN-UQ,observed_action_and_return_guard,forward,refresh_selected_target_on_current_observation,
15,,36,[],2,2,IGCR,measured_transition_feedback,,,False
15,,37,,,2,OV-SDF,consume_observation_whitelist,,,
15,,38,,,2,STGHP,propose_and_rank_observed_targets,,,
15,True,39,,,2,RPN-UQ,observed_action_and_return_guard,forward,refresh_selected_target_on_current_observation,
16,,40,[],0,2,IGCR,measured_transition_feedback,,,False
16,True,41,,,2,RPN-UQ,observed_action_and_return_guard,forward,refresh_selected_target_on_current_observation,
17,,42,[],6,2,IGCR,measured_transition_feedback,,,False
17,True,43,,,2,RPN-UQ,observed_action_and_return_guard,forward,refresh_selected_target_on_current_observation,
18,,44,[],5,2,IGCR,measured_transition_feedback,,,False
18,True,45,,,2,RPN-UQ,observed_action_and_return_guard,forward,refresh_selected_target_on_current_observation,
19,,46,[],1,2,IGCR,measured_transition_feedback,,,False
19,True,47,,,2,RPN-UQ,observed_action_and_return_guard,forward,refresh_selected_target_on_current_observation,
20,,48,[],1,2,IGCR,measured_transition_feedback,,,False
20,,49,,,2,OV-SDF,consume_observation_whitelist,,,
20,,50,,,2,STGHP,propose_and_rank_observed_targets,,,
20,True,51,,,2,RPN-UQ,observed_action_and_return_guard,forward,refresh_selected_target_on_current_observation,
21,,52,[],2,2,IGCR,measured_transition_feedback,,,False
21,True,53,,,2,RPN-UQ,observed_action_and_return_guard,left,known_safe_return_within_budget,
22,,54,[],8,2,IGCR,measured_transition_feedback,,,False
22,True,55,,,2,RPN-UQ,observed_action_and_return_guard,forward,known_safe_return_within_budget,
23,,56,[],6,2,IGCR,measured_transition_feedback,,,False
23,True,57,,,2,RPN-UQ,observed_action_and_return_guard,left,known_safe_return_within_budget,
24,,58,[],4,2,IGCR,measured_transition_feedback,,,False
24,True,59,,,2,RPN-UQ,observed_action_and_return_guard,forward,known_safe_return_within_budget,
25,,60,[],2,2,IGCR,measured_transition_feedback,,,False
25,,61,,,2,OV-SDF,consume_observation_whitelist,,,
25,,62,,,2,STGHP,propose_and_rank_observed_targets,,,
25,True,63,,,2,RPN-UQ,observed_action_and_return_guard,left,refresh_selected_target_on_current_observation,
26,,64,[],0,2,IGCR,measured_transition_feedback,,,False
26,True,65,,,2,RPN-UQ,observed_action_and_return_guard,forward,refresh_selected_target_on_current_observation,
27,,66,[],1,2,IGCR,measured_transition_feedback,,,False
27,True,67,,,2,RPN-UQ,observed_action_and_return_guard,forward,refresh_selected_target_on_current_observation,
28,,68,[],3,2,IGCR,measured_transition_feedback,,,False
28,True,69,,,2,RPN-UQ,observed_action_and_return_guard,forward,refresh_selected_target_on_current_observation,
29,,70,[],3,2,IGCR,measured_transition_feedback,,,False
29,True,71,,,2,RPN-UQ,observed_action_and_return_guard,forward,refresh_selected_target_on_current_observation,
30,,72,[],0,2,IGCR,measured_transition_feedback,,,False
30,,73,,,2,OV-SDF,consume_observation_whitelist,,,
30,,74,,,2,STGHP,propose_and_rank_observed_targets,,,
30,True,75,,,2,RPN-UQ,observed_action_and_return_guard,forward,refresh_selected_target_on_current_observation,
31,,76,[],2,2,IGCR,measured_transition_feedback,,,False
31,True,77,,,2,RPN-UQ,observed_action_and_return_guard,forward,refresh_selected_target_on_current_observation,
32,,78,[],0,2,IGCR,measured_transition_feedback,,,False
32,True,79,,,2,RPN-UQ,observed_action_and_return_guard,forward,refresh_selected_target_on_current_observation,
33,,80,[],0,2,IGCR,measured_transition_feedback,,,False
33,True,81,,,2,RPN-UQ,observed_action_and_return_guard,forward,refresh_selected_target_on_current_observation,
34,,82,[],0,2,IGCR,measured_transition_feedback,,,False
34,True,83,,,2,RPN-UQ,observed_action_and_return_guard,forward,refresh_selected_target_on_current_observation,
35,,84,[],0,2,IGCR,measured_transition_feedback,,,False
35,,85,,,2,OV-SDF,consume_observation_whitelist,,,
35,,86,,,2,STGHP,propose_and_rank_observed_targets,,,
35,True,87,,,2,RPN-UQ,observed_action_and_return_guard,forward,refresh_selected_target_on_current_observation,
36,,88,[],0,2,IGCR,measured_transition_feedback,,,False
36,True,89,,,2,RPN-UQ,observed_action_and_return_guard,forward,refresh_selected_target_on_current_observation,
37,,90,[],0,2,IGCR,measured_transition_feedback,,,False
37,True,91,,,2,RPN-UQ,observed_action_and_return_guard,forward,refresh_selected_target_on_current_observation,
38,,92,[],0,2,IGCR,measured_transition_feedback,,,False
38,True,93,,,2,RPN-UQ,observed_action_and_return_guard,forward,refresh_selected_target_on_current_observation,
39,,94,[],2,2,IGCR,measured_transition_feedback,,,True
39,,95,,,2,OV-SDF,consume_observation_whitelist,,,
39,,96,,,2,STGHP,propose_and_rank_observed_targets,,,
39,True,97,,,2,RPN-UQ,observed_action_and_return_guard,forward,refresh_selected_target_on_current_observation,
40,,98,[],0,2,IGCR,measured_transition_feedback,,,False
40,True,99,,,2,RPN-UQ,observed_action_and_return_guard,forward,refresh_selected_target_on_current_observation,
41,,100,[],0,2,IGCR,measured_transition_feedback,,,False
41,True,101,,,2,RPN-UQ,observed_action_and_return_guard,forward,refresh_selected_target_on_current_observation,
42,,102,[],0,2,IGCR,measured_transition_feedback,,,False
42,True,103,,,2,RPN-UQ,observed_action_and_return_guard,forward,refresh_selected_target_on_current_observation,
43,,104,[],0,2,IGCR,measured_transition_feedback,,,False
43,True,105,,,2,RPN-UQ,observed_action_and_return_guard,forward,refresh_selected_target_on_current_observation,
44,,106,[],0,2,IGCR,measured_transition_feedback,,,False
44,,107,,,2,OV-SDF,consume_observation_whitelist,,,
44,,108,,,2,STGHP,propose_and_rank_observed_targets,,,
44,True,109,,,2,RPN-UQ,observed_action_and_return_guard,forward,refresh_selected_target_on_current_observation,
45,,110,[],3,2,IGCR,measured_transition_feedback,,,False
45,True,111,,,2,RPN-UQ,observed_action_and_return_guard,forward,refresh_selected_target_on_current_observation,
46,,112,[],3,2,IGCR,measured_transition_feedback,,,False
46,True,113,,,2,RPN-UQ,observed_action_and_return_guard,forward,refresh_selected_target_on_current_observation,
47,,114,[],3,2,IGCR,measured_transition_feedback,,,False
47,True,115,,,2,RPN-UQ,observed_action_and_return_guard,right,known_safe_return_within_budget,
48,,116,[],0,2,IGCR,measured_transition_feedback,,,False
48,True,117,,,2,RPN-UQ,observed_action_and_return_guard,forward,known_safe_return_within_budget,
49,,118,[],0,2,IGCR,measured_transition_feedback,,,False
49,,119,,,2,OV-SDF,consume_observation_whitelist,,,
49,,120,,,2,STGHP,propose_and_rank_observed_targets,,,
49,True,121,,,2,RPN-UQ,observed_action_and_return_guard,forward,refresh_selected_target_on_current_observation,
50,,122,[],1,2,IGCR,measured_transition_feedback,,,False
50,True,123,,,2,RPN-UQ,observed_action_and_return_guard,forward,refresh_selected_target_on_current_observation,
51,,124,[],0,2,IGCR,measured_transition_feedback,,,False
51,True,125,,,2,RPN-UQ,observed_action_and_return_guard,forward,refresh_selected_target_on_current_observation,
52,,126,[],1,2,IGCR,measured_transition_feedback,,,False
52,True,127,,,2,RPN-UQ,observed_action_and_return_guard,forward,refresh_selected_target_on_current_observation,
53,,128,[],0,2,IGCR,measured_transition_feedback,,,False
53,True,129,,,2,RPN-UQ,observed_action_and_return_guard,forward,refresh_selected_target_on_current_observation,
54,,130,[],3,2,IGCR,measured_transition_feedback,,,False
54,,131,,,2,OV-SDF,consume_observation_whitelist,,,
54,,132,,,2,STGHP,propose_and_rank_observed_targets,,,
54,True,133,,,2,RPN-UQ,observed_action_and_return_guard,right,refresh_selected_target_on_current_observation,
55,,134,[],1,2,IGCR,measured_transition_feedback,,,False
55,True,135,,,2,RPN-UQ,observed_action_and_return_guard,forward,refresh_selected_target_on_current_observation,
56,,136,[],1,2,IGCR,measured_transition_feedback,,,False
56,True,137,,,2,RPN-UQ,observed_action_and_return_guard,forward,refresh_selected_target_on_current_observation,
57,,138,[],2,2,IGCR,measured_transition_feedback,,,False
57,True,139,,,2,RPN-UQ,observed_action_and_return_guard,forward,refresh_selected_target_on_current_observation,
58,,140,[],0,2,IGCR,measured_transition_feedback,,,False
58,True,141,,,2,RPN-UQ,observed_action_and_return_guard,forward,refresh_selected_target_on_current_observation,
59,,142,[],0,2,IGCR,measured_transition_feedback,,,False
59,,143,,,2,OV-SDF,consume_observation_whitelist,,,
59,,144,,,2,STGHP,propose_and_rank_observed_targets,,,
59,True,145,,,2,RPN-UQ,observed_action_and_return_guard,forward,refresh_selected_target_on_current_observation,
60,,146,[],1,2,IGCR,measured_transition_feedback,,,False
60,True,147,,,2,RPN-UQ,observed_action_and_return_guard,forward,refresh_selected_target_on_current_observation,
61,,148,[],0,2,IGCR,measured_transition_feedback,,,False
61,True,149,,,2,RPN-UQ,observed_action_and_return_guard,forward,refresh_selected_target_on_current_observation,
62,,150,[],0,2,IGCR,measured_transition_feedback,,,False
62,True,151,,,2,RPN-UQ,observed_action_and_return_guard,forward,refresh_selected_target_on_current_observation,
63,,152,[],0,2,IGCR,measured_transition_feedback,,,False
63,True,153,,,2,RPN-UQ,observed_action_and_return_guard,forward,refresh_selected_target_on_current_observation,
64,,154,[],0,2,IGCR,measured_transition_feedback,,,False
64,,155,,,2,OV-SDF,consume_observation_whitelist,,,
64,,156,,,2,STGHP,propose_and_rank_observed_targets,,,
64,True,157,,,2,RPN-UQ,observed_action_and_return_guard,forward,refresh_selected_target_on_current_observation,
65,,158,[],0,2,IGCR,measured_transition_feedback,,,False
65,True,159,,,2,RPN-UQ,observed_action_and_return_guard,forward,refresh_selected_target_on_current_observation,
66,,160,[],0,2,IGCR,measured_transition_feedback,,,False
66,True,161,,,2,RPN-UQ,observed_action_and_return_guard,forward,refresh_selected_target_on_current_observation,
67,,162,[],0,2,IGCR,measured_transition_feedback,,,False
67,True,163,,,2,RPN-UQ,observed_action_and_return_guard,forward,refresh_selected_target_on_current_observation,
68,,164,[],0,2,IGCR,measured_transition_feedback,,,False
68,True,165,,,2,RPN-UQ,observed_action_and_return_guard,forward,refresh_selected_target_on_current_observation,
69,,166,[],0,2,IGCR,measured_transition_feedback,,,False
69,,167,,,2,OV-SDF,consume_observation_whitelist,,,
69,,168,,,2,STGHP,propose_and_rank_observed_targets,,,
69,True,169,,,2,RPN-UQ,observed_action_and_return_guard,forward,refresh_selected_target_on_current_observation,
70,,170,[],0,2,IGCR,measured_transition_feedback,,,False
70,True,171,,,2,RPN-UQ,observed_action_and_return_guard,forward,refresh_selected_target_on_current_observation,
71,,172,[],0,2,IGCR,measured_transition_feedback,,,False
71,True,173,,,2,RPN-UQ,observed_action_and_return_guard,forward,refresh_selected_target_on_current_observation,
72,,174,[],0,2,IGCR,measured_transition_feedback,,,False
72,True,175,,,2,RPN-UQ,observed_action_and_return_guard,forward,refresh_selected_target_on_current_observation,
73,,176,[],0,2,IGCR,measured_transition_feedback,,,False
73,True,177,,,2,RPN-UQ,observed_action_and_return_guard,forward,refresh_selected_target_on_current_observation,
74,,178,[],0,2,IGCR,measured_transition_feedback,,,False
74,,179,,,2,OV-SDF,consume_observation_whitelist,,,
74,,180,,,2,STGHP,propose_and_rank_observed_targets,,,
74,True,181,,,2,RPN-UQ,observed_action_and_return_guard,forward,refresh_selected_target_on_current_observation,
75,,182,[],0,2,IGCR,measured_transition_feedback,,,False
75,True,183,,,2,RPN-UQ,observed_action_and_return_guard,forward,refresh_selected_target_on_current_observation,
76,,184,[],1,2,IGCR,measured_transition_feedback,,,False
76,True,185,,,2,RPN-UQ,observed_action_and_return_guard,forward,refresh_selected_target_on_current_observation,
77,,186,[],1,2,IGCR,measured_transition_feedback,,,False
77,True,187,,,2,RPN-UQ,observed_action_and_return_guard,forward,refresh_selected_target_on_current_observation,
78,,188,[],0,2,IGCR,measured_transition_feedback,,,False
78,True,189,,,2,RPN-UQ,observed_action_and_return_guard,forward,refresh_selected_target_on_current_observation,
79,,190,[],0,2,IGCR,measured_transition_feedback,,,False
79,,191,,,2,OV-SDF,consume_observation_whitelist,,,
79,,192,,,2,STGHP,propose_and_rank_observed_targets,,,
79,True,193,,,2,RPN-UQ,observed_action_and_return_guard,forward,refresh_selected_target_on_current_observation,
80,,194,[],0,2,IGCR,measured_transition_feedback,,,False
80,True,195,,,2,RPN-UQ,observed_action_and_return_guard,forward,refresh_selected_target_on_current_observation,
81,,196,[],0,2,IGCR,measured_transition_feedback,,,False
81,True,197,,,2,RPN-UQ,observed_action_and_return_guard,forward,refresh_selected_target_on_current_observation,
82,,198,[],0,2,IGCR,measured_transition_feedback,,,False
82,True,199,,,2,RPN-UQ,observed_action_and_return_guard,forward,refresh_selected_target_on_current_observation,
83,,200,[],1,2,IGCR,measured_transition_feedback,,,False
83,True,201,,,2,RPN-UQ,observed_action_and_return_guard,forward,refresh_selected_target_on_current_observation,
84,,202,[],0,2,IGCR,measured_transition_feedback,,,False
84,,203,,,2,OV-SDF,consume_observation_whitelist,,,
84,,204,,,2,STGHP,propose_and_rank_observed_targets,,,
84,True,205,,,2,RPN-UQ,observed_action_and_return_guard,forward,refresh_selected_target_on_current_observation,
85,,206,[],0,2,IGCR,measured_transition_feedback,,,False
85,True,207,,,2,RPN-UQ,observed_action_and_return_guard,forward,refresh_selected_target_on_current_observation,
86,,208,[],0,2,IGCR,measured_transition_feedback,,,False
86,True,209,,,2,RPN-UQ,observed_action_and_return_guard,forward,refresh_selected_target_on_current_observation,
87,,210,[],0,2,IGCR,measured_transition_feedback,,,False
87,True,211,,,2,RPN-UQ,observed_action_and_return_guard,forward,refresh_selected_target_on_current_observation,
88,,212,[],0,2,IGCR,measured_transition_feedback,,,False
88,True,213,,,2,RPN-UQ,observed_action_and_return_guard,forward,refresh_selected_target_on_current_observation,
89,,214,[],0,2,IGCR,measured_transition_feedback,,,False
89,,215,,,2,OV-SDF,consume_observation_whitelist,,,
89,,216,,,2,STGHP,propose_and_rank_observed_targets,,,
89,True,217,,,2,RPN-UQ,observed_action_and_return_guard,forward,refresh_selected_target_on_current_observation,
90,,218,[],0,2,IGCR,measured_transition_feedback,,,False
90,True,219,,,2,RPN-UQ,observed_action_and_return_guard,forward,refresh_selected_target_on_current_observation,
91,,220,[],0,2,IGCR,measured_transition_feedback,,,False
91,True,221,,,2,RPN-UQ,observed_action_and_return_guard,forward,refresh_selected_target_on_current_observation,
92,,222,[],0,2,IGCR,measured_transition_feedback,,,False
92,True,223,,,2,RPN-UQ,observed_action_and_return_guard,forward,refresh_selected_target_on_current_observation,
93,,224,[],0,2,IGCR,measured_transition_feedback,,,False
93,True,225,,,2,RPN-UQ,observed_action_and_return_guard,forward,refresh_selected_target_on_current_observation,
94,,226,[],0,2,IGCR,measured_transition_feedback,,,False
94,,227,,,2,OV-SDF,consume_observation_whitelist,,,
94,,228,,,2,STGHP,propose_and_rank_observed_targets,,,
94,True,229,,,2,RPN-UQ,observed_action_and_return_guard,forward,refresh_selected_target_on_current_observation,
95,,230,[],0,2,IGCR,measured_transition_feedback,,,False
95,True,231,,,2,RPN-UQ,observed_action_and_return_guard,forward,refresh_selected_target_on_current_observation,
96,,232,[],0,2,IGCR,measured_transition_feedback,,,True
96,,233,,,2,OV-SDF,consume_observation_whitelist,,,
96,,234,,,2,STGHP,propose_and_rank_observed_targets,,,
96,True,235,,,2,RPN-UQ,observed_action_and_return_guard,forward,refresh_selected_target_on_current_observation,
97,,236,[],0,2,IGCR,measured_transition_feedback,,,False
97,True,237,,,2,RPN-UQ,observed_action_and_return_guard,forward,refresh_selected_target_on_current_observation,
98,,238,[],0,2,IGCR,measured_transition_feedback,,,False
98,True,239,,,2,RPN-UQ,observed_action_and_return_guard,forward,refresh_selected_target_on_current_observation,
99,,240,[],0,2,IGCR,measured_transition_feedback,,,False
99,True,241,,,2,RPN-UQ,observed_action_and_return_guard,forward,refresh_selected_target_on_current_observation,
100,,242,[],0,2,IGCR,measured_transition_feedback,,,False
100,True,243,,,2,RPN-UQ,observed_action_and_return_guard,forward,refresh_selected_target_on_current_observation,
101,,244,[],0,2,IGCR,measured_transition_feedback,,,False
101,,245,,,2,OV-SDF,consume_observation_whitelist,,,
101,,246,,,2,STGHP,propose_and_rank_observed_targets,,,
101,True,247,,,2,RPN-UQ,observed_action_and_return_guard,forward,refresh_selected_target_on_current_observation,
102,,248,[],1,2,IGCR,measured_transition_feedback,,,False
102,True,249,,,2,RPN-UQ,observed_action_and_return_guard,forward,refresh_selected_target_on_current_observation,
103,,250,[],1,2,IGCR,measured_transition_feedback,,,False
103,True,251,,,2,RPN-UQ,observed_action_and_return_guard,forward,refresh_selected_target_on_current_observation,
104,,252,[],0,2,IGCR,measured_transition_feedback,,,False
104,True,253,,,2,RPN-UQ,observed_action_and_return_guard,forward,refresh_selected_target_on_current_observation,
105,,254,[],0,2,IGCR,measured_transition_feedback,,,False
105,True,255,,,2,RPN-UQ,observed_action_and_return_guard,forward,refresh_selected_target_on_current_observation,
106,,256,[],0,2,IGCR,measured_transition_feedback,,,False
106,,257,,,2,OV-SDF,consume_observation_whitelist,,,
106,,258,,,2,STGHP,propose_and_rank_observed_targets,,,
106,True,259,,,2,RPN-UQ,observed_action_and_return_guard,right,refresh_selected_target_on_current_observation,
107,,260,[],0,2,IGCR,measured_transition_feedback,,,False
107,True,261,,,2,RPN-UQ,observed_action_and_return_guard,forward,refresh_selected_target_on_current_observation,
108,,262,[],0,2,IGCR,measured_transition_feedback,,,False
108,True,263,,,2,RPN-UQ,observed_action_and_return_guard,forward,refresh_selected_target_on_current_observation,
109,,264,[],1,2,IGCR,measured_transition_feedback,,,False
109,True,265,,,2,RPN-UQ,observed_action_and_return_guard,forward,refresh_selected_target_on_current_observation,
110,,266,[],0,2,IGCR,measured_transition_feedback,,,False
110,True,267,,,2,RPN-UQ,observed_action_and_return_guard,forward,refresh_selected_target_on_current_observation,
111,,268,[],0,2,IGCR,measured_transition_feedback,,,False
111,,269,,,2,OV-SDF,consume_observation_whitelist,,,
111,,270,,,2,STGHP,propose_and_rank_observed_targets,,,
111,True,271,,,2,RPN-UQ,observed_action_and_return_guard,forward,refresh_selected_target_on_current_observation,
112,,272,[],0,2,IGCR,measured_transition_feedback,,,False
112,True,273,,,2,RPN-UQ,observed_action_and_return_guard,forward,refresh_selected_target_on_current_observation,
113,,274,[],0,2,IGCR,measured_transition_feedback,,,False
113,True,275,,,2,RPN-UQ,observed_action_and_return_guard,forward,refresh_selected_target_on_current_observation,
114,,276,[],0,2,IGCR,measured_transition_feedback,,,False
114,True,277,,,2,RPN-UQ,observed_action_and_return_guard,forward,refresh_selected_target_on_current_observation,
115,,278,[],0,2,IGCR,measured_transition_feedback,,,False
115,True,279,,,2,RPN-UQ,observed_action_and_return_guard,forward,refresh_selected_target_on_current_observation,
116,,280,[],0,2,IGCR,measured_transition_feedback,,,False
116,,281,,,2,OV-SDF,consume_observation_whitelist,,,
116,,282,,,2,STGHP,propose_and_rank_observed_targets,,,
116,True,283,,,2,RPN-UQ,observed_action_and_return_guard,right,refresh_selected_target_on_current_observation,
117,,284,[],0,2,IGCR,measured_transition_feedback,,,False
117,True,285,,,2,RPN-UQ,observed_action_and_return_guard,forward,refresh_selected_target_on_current_observation,
118,,286,[],0,2,IGCR,measured_transition_feedback,,,False
118,True,287,,,2,RPN-UQ,observed_action_and_return_guard,forward,refresh_selected_target_on_current_observation,
119,,288,[],0,2,IGCR,measured_transition_feedback,,,False
119,True,289,,,2,RPN-UQ,observed_action_and_return_guard,forward,refresh_selected_target_on_current_observation,
120,,290,[],1,2,IGCR,measured_transition_feedback,,,False
120,True,291,,,2,RPN-UQ,observed_action_and_return_guard,forward,refresh_selected_target_on_current_observation,
121,,292,[],0,2,IGCR,measured_transition_feedback,,,False
121,,293,,,2,OV-SDF,consume_observation_whitelist,,,
121,,294,,,2,STGHP,propose_and_rank_observed_targets,,,
121,True,295,,,2,RPN-UQ,observed_action_and_return_guard,forward,refresh_selected_target_on_current_observation,
122,,296,[],0,2,IGCR,measured_transition_feedback,,,False
122,True,297,,,2,RPN-UQ,observed_action_and_return_guard,forward,refresh_selected_target_on_current_observation,
123,,298,[],0,2,IGCR,measured_transition_feedback,,,False
123,True,299,,,2,RPN-UQ,observed_action_and_return_guard,forward,refresh_selected_target_on_current_observation,
124,,300,[],0,2,IGCR,measured_transition_feedback,,,False
124,True,301,,,2,RPN-UQ,observed_action_and_return_guard,forward,refresh_selected_target_on_current_observation,
125,,302,[],0,2,IGCR,measured_transition_feedback,,,False
125,True,303,,,2,RPN-UQ,observed_action_and_return_guard,forward,refresh_selected_target_on_current_observation,
126,,304,[],0,2,IGCR,measured_transition_feedback,,,False
126,,305,,,2,OV-SDF,consume_observation_whitelist,,,
126,,306,,,2,STGHP,propose_and_rank_observed_targets,,,
126,True,307,,,2,RPN-UQ,observed_action_and_return_guard,forward,refresh_selected_target_on_current_observation,
127,,308,[],0,2,IGCR,measured_transition_feedback,,,False
127,True,309,,,2,RPN-UQ,observed_action_and_return_guard,forward,refresh_selected_target_on_current_observation,
128,,310,[],0,2,IGCR,measured_transition_feedback,,,False
128,True,311,,,2,RPN-UQ,observed_action_and_return_guard,forward,refresh_selected_target_on_current_observation,
129,,312,[],0,2,IGCR,measured_transition_feedback,,,False
129,True,313,,,2,RPN-UQ,observed_action_and_return_guard,forward,refresh_selected_target_on_current_observation,
130,,314,[],0,2,IGCR,measured_transition_feedback,,,False
130,True,315,,,2,RPN-UQ,observed_action_and_return_guard,forward,refresh_selected_target_on_current_observation,
131,,316,[],0,2,IGCR,measured_transition_feedback,,,False
131,,317,,,2,OV-SDF,consume_observation_whitelist,,,
131,,318,,,2,STGHP,propose_and_rank_observed_targets,,,
131,True,319,,,2,RPN-UQ,observed_action_and_return_guard,forward,refresh_selected_target_on_current_observation,
132,,320,[],0,2,IGCR,measured_transition_feedback,,,False
132,True,321,,,2,RPN-UQ,observed_action_and_return_guard,right,refresh_selected_target_on_current_observation,
133,,322,[],0,2,IGCR,measured_transition_feedback,,,False
133,True,323,,,2,RPN-UQ,observed_action_and_return_guard,forward,refresh_selected_target_on_current_observation,
134,,324,[],0,2,IGCR,measured_transition_feedback,,,False
134,True,325,,,2,RPN-UQ,observed_action_and_return_guard,left,refresh_selected_target_on_current_observation,
135,,326,[],0,2,IGCR,measured_transition_feedback,,,False
135,True,327,,,2,RPN-UQ,observed_action_and_return_guard,forward,refresh_selected_target_on_current_observation,
136,,328,[],0,2,IGCR,measured_transition_feedback,,,False
136,,329,,,2,OV-SDF,consume_observation_whitelist,,,
136,,330,,,2,STGHP,propose_and_rank_observed_targets,,,
136,True,331,,,2,RPN-UQ,observed_action_and_return_guard,forward,refresh_selected_target_on_current_observation,
137,,332,[],0,2,IGCR,measured_transition_feedback,,,False
137,True,333,,,2,RPN-UQ,observed_action_and_return_guard,forward,refresh_selected_target_on_current_observation,
138,,334,[],2,2,IGCR,measured_transition_feedback,,,False
138,True,335,,,2,RPN-UQ,observed_action_and_return_guard,forward,refresh_selected_target_on_current_observation,
139,,336,[],0,2,IGCR,measured_transition_feedback,,,False
139,True,337,,,2,RPN-UQ,observed_action_and_return_guard,forward,refresh_selected_target_on_current_observation,
140,,338,[],0,2,IGCR,measured_transition_feedback,,,False
140,True,339,,,2,RPN-UQ,observed_action_and_return_guard,forward,refresh_selected_target_on_current_observation,
141,,340,[],1,2,IGCR,measured_transition_feedback,,,False
141,,341,,,2,OV-SDF,consume_observation_whitelist,,,
141,,342,,,2,STGHP,propose_and_rank_observed_targets,,,
141,True,343,,,2,RPN-UQ,observed_action_and_return_guard,left,refresh_selected_target_on_current_observation,
142,,344,[],0,2,IGCR,measured_transition_feedback,,,False
142,True,345,,,2,RPN-UQ,observed_action_and_return_guard,forward,refresh_selected_target_on_current_observation,
143,,346,[],0,2,IGCR,measured_transition_feedback,,,False
143,True,347,,,2,RPN-UQ,observed_action_and_return_guard,forward,refresh_selected_target_on_current_observation,
144,,348,[],0,2,IGCR,measured_transition_feedback,,,False
144,True,349,,,2,RPN-UQ,observed_action_and_return_guard,forward,refresh_selected_target_on_current_observation,
145,,350,[],0,2,IGCR,measured_transition_feedback,,,False
145,True,351,,,2,RPN-UQ,observed_action_and_return_guard,forward,refresh_selected_target_on_current_observation,
146,,352,[],0,2,IGCR,measured_transition_feedback,,,False
146,,353,,,2,OV-SDF,consume_observation_whitelist,,,
146,,354,,,2,STGHP,propose_and_rank_observed_targets,,,
146,True,355,,,2,RPN-UQ,observed_action_and_return_guard,forward,refresh_selected_target_on_current_observation,
147,,356,[],0,2,IGCR,measured_transition_feedback,,,False
147,True,357,,,2,RPN-UQ,observed_action_and_return_guard,forward,refresh_selected_target_on_current_observation,
148,,358,[],0,2,IGCR,measured_transition_feedback,,,False
148,True,359,,,2,RPN-UQ,observed_action_and_return_guard,forward,refresh_selected_target_on_current_observation,
149,,360,[],0,2,IGCR,measured_transition_feedback,,,False
149,True,361,,,2,RPN-UQ,observed_action_and_return_guard,forward,refresh_selected_target_on_current_observation,
150,,362,[],0,2,IGCR,measured_transition_feedback,,,False
150,True,363,,,2,RPN-UQ,observed_action_and_return_guard,left,known_safe_return_within_budget,
151,,364,[],2,2,IGCR,measured_transition_feedback,,,False
151,,365,,,2,OV-SDF,consume_observation_whitelist,,,
151,,366,,,2,STGHP,propose_and_rank_observed_targets,,,
151,True,367,,,2,RPN-UQ,observed_action_and_return_guard,left,refresh_selected_target_on_current_observation,
152,,368,[],1,2,IGCR,measured_transition_feedback,,,False
152,True,369,,,2,RPN-UQ,observed_action_and_return_guard,forward,refresh_selected_target_on_current_observation,
153,,370,[],1,2,IGCR,measured_transition_feedback,,,False
153,True,371,,,2,RPN-UQ,observed_action_and_return_guard,forward,refresh_selected_target_on_current_observation,
154,,372,[],5,2,IGCR,measured_transition_feedback,,,False
154,True,373,,,2,RPN-UQ,observed_action_and_return_guard,forward,refresh_selected_target_on_current_observation,
155,,374,[],0,2,IGCR,measured_transition_feedback,,,False
155,True,375,,,2,RPN-UQ,observed_action_and_return_guard,forward,refresh_selected_target_on_current_observation,
156,,376,[],0,2,IGCR,measured_transition_feedback,,,False
156,,377,,,2,OV-SDF,consume_observation_whitelist,,,
156,,378,,,2,STGHP,propose_and_rank_observed_targets,,,
156,True,379,,,2,RPN-UQ,observed_action_and_return_guard,forward,refresh_selected_target_on_current_observation,
157,,380,[],0,2,IGCR,measured_transition_feedback,,,False
157,True,381,,,2,RPN-UQ,observed_action_and_return_guard,forward,refresh_selected_target_on_current_observation,
158,,382,[],0,2,IGCR,measured_transition_feedback,,,False
158,True,383,,,2,RPN-UQ,observed_action_and_return_guard,forward,refresh_selected_target_on_current_observation,
159,,384,[],0,2,IGCR,measured_transition_feedback,,,False
159,True,385,,,2,RPN-UQ,observed_action_and_return_guard,forward,refresh_selected_target_on_current_observation,
160,,386,[],0,2,IGCR,measured_transition_feedback,,,False
160,True,387,,,2,RPN-UQ,observed_action_and_return_guard,forward,refresh_selected_target_on_current_observation,
161,,388,[],0,2,IGCR,measured_transition_feedback,,,False
161,,389,,,2,OV-SDF,consume_observation_whitelist,,,
161,,390,,,2,STGHP,propose_and_rank_observed_targets,,,
161,True,391,,,2,RPN-UQ,observed_action_and_return_guard,forward,refresh_selected_target_on_current_observation,
162,,392,[],1,2,IGCR,measured_transition_feedback,,,False
162,True,393,,,2,RPN-UQ,observed_action_and_return_guard,forward,refresh_selected_target_on_current_observation,
163,,394,[],0,2,IGCR,measured_transition_feedback,,,False
163,True,395,,,2,RPN-UQ,observed_action_and_return_guard,forward,refresh_selected_target_on_current_observation,
164,,396,[],0,2,IGCR,measured_transition_feedback,,,False
164,True,397,,,2,RPN-UQ,observed_action_and_return_guard,forward,refresh_selected_target_on_current_observation,
165,,398,[],0,2,IGCR,measured_transition_feedback,,,False
165,True,399,,,2,RPN-UQ,observed_action_and_return_guard,forward,refresh_selected_target_on_current_observation,
166,,400,[],1,2,IGCR,measured_transition_feedback,,,False
166,,401,,,2,OV-SDF,consume_observation_whitelist,,,
166,,402,,,2,STGHP,propose_and_rank_observed_targets,,,
166,True,403,,,2,RPN-UQ,observed_action_and_return_guard,forward,refresh_selected_target_on_current_observation,
167,,404,[],0,2,IGCR,measured_transition_feedback,,,False
167,True,405,,,2,RPN-UQ,observed_action_and_return_guard,forward,refresh_selected_target_on_current_observation,
168,,406,[],5,2,IGCR,measured_transition_feedback,,,False
168,True,407,,,2,RPN-UQ,observed_action_and_return_guard,left,refresh_selected_target_on_current_observation,
169,,408,[],0,2,IGCR,measured_transition_feedback,,,False
169,True,409,,,2,RPN-UQ,observed_action_and_return_guard,forward,refresh_selected_target_on_current_observation,
170,,410,[],0,2,IGCR,measured_transition_feedback,,,False
170,True,411,,,2,RPN-UQ,observed_action_and_return_guard,forward,refresh_selected_target_on_current_observation,
171,,412,[],0,2,IGCR,measured_transition_feedback,,,False
171,,413,,,2,OV-SDF,consume_observation_whitelist,,,
171,,414,,,2,STGHP,propose_and_rank_observed_targets,,,
171,True,415,,,2,RPN-UQ,observed_action_and_return_guard,forward,refresh_selected_target_on_current_observation,
172,,416,[],2,2,IGCR,measured_transition_feedback,,,False
172,True,417,,,2,RPN-UQ,observed_action_and_return_guard,forward,refresh_selected_target_on_current_observation,
173,,418,[],0,2,IGCR,measured_transition_feedback,,,False
173,True,419,,,2,RPN-UQ,observed_action_and_return_guard,forward,refresh_selected_target_on_current_observation,
174,,420,[],0,2,IGCR,measured_transition_feedback,,,False
174,True,421,,,2,RPN-UQ,observed_action_and_return_guard,forward,refresh_selected_target_on_current_observation,
175,,422,[],0,2,IGCR,measured_transition_feedback,,,False
175,True,423,,,2,RPN-UQ,observed_action_and_return_guard,forward,refresh_selected_target_on_current_observation,
176,,424,[],0,2,IGCR,measured_transition_feedback,,,False
176,,425,,,2,OV-SDF,consume_observation_whitelist,,,
176,,426,,,2,STGHP,propose_and_rank_observed_targets,,,
176,True,427,,,2,RPN-UQ,observed_action_and_return_guard,forward,refresh_selected_target_on_current_observation,
177,,428,[],0,2,IGCR,measured_transition_feedback,,,False
177,True,429,,,2,RPN-UQ,observed_action_and_return_guard,forward,refresh_selected_target_on_current_observation,
178,,430,[],0,2,IGCR,measured_transition_feedback,,,False
178,True,431,,,2,RPN-UQ,observed_action_and_return_guard,forward,refresh_selected_target_on_current_observation,
179,,432,[],0,2,IGCR,measured_transition_feedback,,,False
179,True,433,,,2,RPN-UQ,observed_action_and_return_guard,forward,refresh_selected_target_on_current_observation,
180,,434,[],0,2,IGCR,measured_transition_feedback,,,False
180,True,435,,,2,RPN-UQ,observed_action_and_return_guard,forward,refresh_selected_target_on_current_observation,
181,,436,[],0,2,IGCR,measured_transition_feedback,,,False
181,,437,,,2,OV-SDF,consume_observation_whitelist,,,
181,,438,,,2,STGHP,propose_and_rank_observed_targets,,,
181,True,439,,,2,RPN-UQ,observed_action_and_return_guard,forward,refresh_selected_target_on_current_observation,
182,,440,[],0,2,IGCR,measured_transition_feedback,,,False
182,True,441,,,2,RPN-UQ,observed_action_and_return_guard,forward,refresh_selected_target_on_current_observation,
183,,442,[],0,2,IGCR,measured_transition_feedback,,,False
183,True,443,,,2,RPN-UQ,observed_action_and_return_guard,forward,refresh_selected_target_on_current_observation,
184,,444,[],0,2,IGCR,measured_transition_feedback,,,False
184,True,445,,,2,RPN-UQ,observed_action_and_return_guard,forward,refresh_selected_target_on_current_observation,
185,,446,[],0,2,IGCR,measured_transition_feedback,,,False
185,True,447,,,2,RPN-UQ,observed_action_and_return_guard,forward,refresh_selected_target_on_current_observation,
186,,448,[],0,2,IGCR,measured_transition_feedback,,,False
186,,449,,,2,OV-SDF,consume_observation_whitelist,,,
186,,450,,,2,STGHP,propose_and_rank_observed_targets,,,
186,True,451,,,2,RPN-UQ,observed_action_and_return_guard,forward,refresh_selected_target_on_current_observation,
187,,452,[],0,2,IGCR,measured_transition_feedback,,,False
187,True,453,,,2,RPN-UQ,observed_action_and_return_guard,forward,refresh_selected_target_on_current_observation,
188,,454,[],0,2,IGCR,measured_transition_feedback,,,False
188,True,455,,,2,RPN-UQ,observed_action_and_return_guard,forward,refresh_selected_target_on_current_observation,
189,,456,[],0,2,IGCR,measured_transition_feedback,,,False
189,True,457,,,2,RPN-UQ,observed_action_and_return_guard,forward,refresh_selected_target_on_current_observation,
190,,458,[],0,2,IGCR,measured_transition_feedback,,,False
190,True,459,,,2,RPN-UQ,observed_action_and_return_guard,forward,refresh_selected_target_on_current_observation,
191,,460,[],0,2,IGCR,measured_transition_feedback,,,False
191,,461,,,2,OV-SDF,consume_observation_whitelist,,,
191,,462,,,2,STGHP,propose_and_rank_observed_targets,,,
191,True,463,,,2,RPN-UQ,observed_action_and_return_guard,forward,refresh_selected_target_on_current_observation,
192,,464,[],0,2,IGCR,measured_transition_feedback,,,False
192,True,465,,,2,RPN-UQ,observed_action_and_return_guard,forward,refresh_selected_target_on_current_observation,
193,,466,[],0,2,IGCR,measured_transition_feedback,,,False
193,True,467,,,2,RPN-UQ,observed_action_and_return_guard,forward,refresh_selected_target_on_current_observation,
194,,468,[],0,2,IGCR,measured_transition_feedback,,,False
194,True,469,,,2,RPN-UQ,observed_action_and_return_guard,forward,refresh_selected_target_on_current_observation,
195,,470,[],0,2,IGCR,measured_transition_feedback,,,False
195,True,471,,,2,RPN-UQ,observed_action_and_return_guard,forward,refresh_selected_target_on_current_observation,
196,,472,[],0,2,IGCR,measured_transition_feedback,,,False
196,,473,,,2,OV-SDF,consume_observation_whitelist,,,
196,,474,,,2,STGHP,propose_and_rank_observed_targets,,,
196,True,475,,,2,RPN-UQ,observed_action_and_return_guard,forward,refresh_selected_target_on_current_observation,
197,,476,[],0,2,IGCR,measured_transition_feedback,,,False
197,True,477,,,2,RPN-UQ,observed_action_and_return_guard,forward,refresh_selected_target_on_current_observation,
198,,478,[],3,2,IGCR,measured_transition_feedback,,,False
198,True,479,,,2,RPN-UQ,observed_action_and_return_guard,forward,refresh_selected_target_on_current_observation,
199,,480,[],0,2,IGCR,measured_transition_feedback,,,False
199,True,481,,,2,RPN-UQ,observed_action_and_return_guard,forward,refresh_selected_target_on_current_observation,
200,,482,[],1,2,IGCR,measured_transition_feedback,,,False
200,True,483,,,2,RPN-UQ,observed_action_and_return_guard,forward,refresh_selected_target_on_current_observation,
201,,484,[],2,2,IGCR,measured_transition_feedback,,,False
201,,485,,,2,OV-SDF,consume_observation_whitelist,,,
201,,486,,,2,STGHP,propose_and_rank_observed_targets,,,
201,True,487,,,2,RPN-UQ,observed_action_and_return_guard,left,refresh_selected_target_on_current_observation,
202,,488,[],0,2,IGCR,measured_transition_feedback,,,False
202,True,489,,,2,RPN-UQ,observed_action_and_return_guard,forward,refresh_selected_target_on_current_observation,
203,,490,[],1,2,IGCR,measured_transition_feedback,,,False
203,True,491,,,2,RPN-UQ,observed_action_and_return_guard,forward,refresh_selected_target_on_current_observation,
204,,492,[],0,2,IGCR,measured_transition_feedback,,,False
204,True,493,,,2,RPN-UQ,observed_action_and_return_guard,forward,refresh_selected_target_on_current_observation,
205,,494,[],0,2,IGCR,measured_transition_feedback,,,False
205,True,495,,,2,RPN-UQ,observed_action_and_return_guard,forward,refresh_selected_target_on_current_observation,
206,,496,[],0,2,IGCR,measured_transition_feedback,,,False
206,,497,,,2,OV-SDF,consume_observation_whitelist,,,
206,,498,,,2,STGHP,propose_and_rank_observed_targets,,,
206,True,499,,,2,RPN-UQ,observed_action_and_return_guard,forward,refresh_selected_target_on_current_observation,
207,,500,[],0,2,IGCR,measured_transition_feedback,,,False
207,True,501,,,2,RPN-UQ,observed_action_and_return_guard,forward,refresh_selected_target_on_current_observation,
208,,502,[],0,2,IGCR,measured_transition_feedback,,,False
208,True,503,,,2,RPN-UQ,observed_action_and_return_guard,forward,refresh_selected_target_on_current_observation,
209,,504,[],0,2,IGCR,measured_transition_feedback,,,False
209,True,505,,,2,RPN-UQ,observed_action_and_return_guard,forward,refresh_selected_target_on_current_observation,
210,,506,[],0,2,IGCR,measured_transition_feedback,,,False
210,True,507,,,2,RPN-UQ,observed_action_and_return_guard,forward,refresh_selected_target_on_current_observation,
211,,508,[],0,2,IGCR,measured_transition_feedback,,,False
211,,509,,,2,OV-SDF,consume_observation_whitelist,,,
211,,510,,,2,STGHP,propose_and_rank_observed_targets,,,
211,True,511,,,2,RPN-UQ,observed_action_and_return_guard,forward,refresh_selected_target_on_current_observation,
212,,512,[],0,2,IGCR,measured_transition_feedback,,,False
212,True,513,,,2,RPN-UQ,observed_action_and_return_guard,forward,refresh_selected_target_on_current_observation,
213,,514,[],0,2,IGCR,measured_transition_feedback,,,False
213,True,515,,,2,RPN-UQ,observed_action_and_return_guard,forward,refresh_selected_target_on_current_observation,
214,,516,[],0,2,IGCR,measured_transition_feedback,,,False
214,True,517,,,2,RPN-UQ,observed_action_and_return_guard,forward,refresh_selected_target_on_current_observation,
215,,518,[],0,2,IGCR,measured_transition_feedback,,,False
215,True,519,,,2,RPN-UQ,observed_action_and_return_guard,forward,refresh_selected_target_on_current_observation,
216,,520,[],0,2,IGCR,measured_transition_feedback,,,False
216,,521,,,2,OV-SDF,consume_observation_whitelist,,,
216,,522,,,2,STGHP,propose_and_rank_observed_targets,,,
216,True,523,,,2,RPN-UQ,observed_action_and_return_guard,forward,refresh_selected_target_on_current_observation,
217,,524,[],0,2,IGCR,measured_transition_feedback,,,False
217,True,525,,,2,RPN-UQ,observed_action_and_return_guard,forward,refresh_selected_target_on_current_observation,
218,,526,[],0,2,IGCR,measured_transition_feedback,,,False
218,True,527,,,2,RPN-UQ,observed_action_and_return_guard,forward,refresh_selected_target_on_current_observation,
219,,528,[],0,2,IGCR,measured_transition_feedback,,,False
219,True,529,,,2,RPN-UQ,observed_action_and_return_guard,forward,refresh_selected_target_on_current_observation,
220,,530,[],0,2,IGCR,measured_transition_feedback,,,False
220,True,531,,,2,RPN-UQ,observed_action_and_return_guard,forward,refresh_selected_target_on_current_observation,
221,,532,[],0,2,IGCR,measured_transition_feedback,,,False
221,,533,,,2,OV-SDF,consume_observation_whitelist,,,
221,,534,,,2,STGHP,propose_and_rank_observed_targets,,,
221,True,535,,,2,RPN-UQ,observed_action_and_return_guard,forward,refresh_selected_target_on_current_observation,
222,,536,[],0,2,IGCR,measured_transition_feedback,,,False
222,True,537,,,2,RPN-UQ,observed_action_and_return_guard,forward,refresh_selected_target_on_current_observation,
223,,538,[],0,2,IGCR,measured_transition_feedback,,,False
223,True,539,,,2,RPN-UQ,observed_action_and_return_guard,forward,refresh_selected_target_on_current_observation,
224,,540,[],0,2,IGCR,measured_transition_feedback,,,False
224,True,541,,,2,RPN-UQ,observed_action_and_return_guard,forward,refresh_selected_target_on_current_observation,
225,,542,[],1,2,IGCR,measured_transition_feedback,,,False
225,True,543,,,2,RPN-UQ,observed_action_and_return_guard,forward,refresh_selected_target_on_current_observation,
226,,544,[],0,2,IGCR,measured_transition_feedback,,,False
226,,545,,,2,OV-SDF,consume_observation_whitelist,,,
226,,546,,,2,STGHP,propose_and_rank_observed_targets,,,
226,True,547,,,2,RPN-UQ,observed_action_and_return_guard,forward,refresh_selected_target_on_current_observation,
227,,548,[],1,2,IGCR,measured_transition_feedback,,,False
227,True,549,,,2,RPN-UQ,observed_action_and_return_guard,forward,refresh_selected_target_on_current_observation,
228,,550,[],3,2,IGCR,measured_transition_feedback,,,False
228,True,551,,,2,RPN-UQ,observed_action_and_return_guard,forward,refresh_selected_target_on_current_observation,
229,,552,[],2,2,IGCR,measured_transition_feedback,,,True
229,,553,,,2,OV-SDF,consume_observation_whitelist,,,
229,,554,,,2,STGHP,propose_and_rank_observed_targets,,,
229,True,555,,,2,RPN-UQ,observed_action_and_return_guard,right,refresh_selected_target_on_current_observation,
230,,556,[],0,2,IGCR,measured_transition_feedback,,,False
230,True,557,,,2,RPN-UQ,observed_action_and_return_guard,forward,refresh_selected_target_on_current_observation,
231,,558,[],0,2,IGCR,measured_transition_feedback,,,False
231,True,559,,,2,RPN-UQ,observed_action_and_return_guard,forward,refresh_selected_target_on_current_observation,
232,,560,[],3,2,IGCR,measured_transition_feedback,,,False
232,True,561,,,2,RPN-UQ,observed_action_and_return_guard,forward,refresh_selected_target_on_current_observation,
233,,562,[],4,2,IGCR,measured_transition_feedback,,,False
233,True,563,,,2,RPN-UQ,observed_action_and_return_guard,forward,refresh_selected_target_on_current_observation,
234,,564,[],3,2,IGCR,measured_transition_feedback,,,False
234,,565,,,2,OV-SDF,consume_observation_whitelist,,,
234,,566,,,2,STGHP,propose_and_rank_observed_targets,,,
234,True,567,,,2,RPN-UQ,observed_action_and_return_guard,forward,refresh_selected_target_on_current_observation,
235,,568,[],1,2,IGCR,measured_transition_feedback,,,False
235,True,569,,,2,RPN-UQ,observed_action_and_return_guard,forward,refresh_selected_target_on_current_observation,
236,,570,[],1,2,IGCR,measured_transition_feedback,,,False
236,True,571,,,2,RPN-UQ,observed_action_and_return_guard,forward,refresh_selected_target_on_current_observation,
237,,572,[],0,2,IGCR,measured_transition_feedback,,,False
237,True,573,,,2,RPN-UQ,observed_action_and_return_guard,left,refresh_selected_target_on_current_observation,
238,,574,[],0,2,IGCR,measured_transition_feedback,,,False
238,True,575,,,2,RPN-UQ,observed_action_and_return_guard,forward,refresh_selected_target_on_current_observation,
239,,576,[],1,2,IGCR,measured_transition_feedback,,,False
239,,577,,,2,OV-SDF,consume_observation_whitelist,,,
239,,578,,,2,STGHP,propose_and_rank_observed_targets,,,
239,True,579,,,2,RPN-UQ,observed_action_and_return_guard,forward,refresh_selected_target_on_current_observation,
240,,580,[],1,2,IGCR,measured_transition_feedback,,,False
240,True,581,,,2,RPN-UQ,observed_action_and_return_guard,forward,refresh_selected_target_on_current_observation,
241,,582,[],3,2,IGCR,measured_transition_feedback,,,False
241,True,583,,,2,RPN-UQ,observed_action_and_return_guard,forward,refresh_selected_target_on_current_observation,
242,,584,[],2,2,IGCR,measured_transition_feedback,,,False
242,True,585,,,2,RPN-UQ,observed_action_and_return_guard,forward,refresh_selected_target_on_current_observation,
243,,586,[],1,2,IGCR,measured_transition_feedback,,,True
243,,587,,,2,OV-SDF,consume_observation_whitelist,,,
243,,588,,,2,STGHP,propose_and_rank_observed_targets,,,
243,True,589,,,2,RPN-UQ,observed_action_and_return_guard,right,refresh_selected_target_on_current_observation,
244,,590,[],2,2,IGCR,measured_transition_feedback,,,False
244,True,591,,,2,RPN-UQ,observed_action_and_return_guard,forward,refresh_selected_target_on_current_observation,
245,,592,[],2,2,IGCR,measured_transition_feedback,,,False
245,True,593,,,2,RPN-UQ,observed_action_and_return_guard,right,refresh_selected_target_on_current_observation,
246,,594,[],4,2,IGCR,measured_transition_feedback,,,False
246,True,595,,,2,RPN-UQ,observed_action_and_return_guard,forward,refresh_selected_target_on_current_observation,
247,,596,[],1,2,IGCR,measured_transition_feedback,,,False
247,True,597,,,2,RPN-UQ,observed_action_and_return_guard,forward,refresh_selected_target_on_current_observation,
248,,598,[],0,2,IGCR,measured_transition_feedback,,,False
248,,599,,,2,OV-SDF,consume_observation_whitelist,,,
248,,600,,,2,STGHP,propose_and_rank_observed_targets,,,
248,True,601,,,2,RPN-UQ,observed_action_and_return_guard,forward,refresh_selected_target_on_current_observation,
249,,602,[],3,2,IGCR,measured_transition_feedback,,,False
249,True,603,,,2,RPN-UQ,observed_action_and_return_guard,forward,refresh_selected_target_on_current_observation,
250,,604,[],1,2,IGCR,measured_transition_feedback,,,False
250,True,605,,,2,RPN-UQ,observed_action_and_return_guard,forward,refresh_selected_target_on_current_observation,
251,,606,[],3,2,IGCR,measured_transition_feedback,,,False
251,True,607,,,2,RPN-UQ,observed_action_and_return_guard,forward,refresh_selected_target_on_current_observation,
252,,608,[],0,2,IGCR,measured_transition_feedback,,,False
252,True,609,,,2,RPN-UQ,observed_action_and_return_guard,forward,refresh_selected_target_on_current_observation,
253,,610,[],0,2,IGCR,measured_transition_feedback,,,False
253,,611,,,2,OV-SDF,consume_observation_whitelist,,,
253,,612,,,2,STGHP,propose_and_rank_observed_targets,,,
253,True,613,,,2,RPN-UQ,observed_action_and_return_guard,forward,refresh_selected_target_on_current_observation,
254,,614,[],1,2,IGCR,measured_transition_feedback,,,False
254,True,615,,,2,RPN-UQ,observed_action_and_return_guard,forward,refresh_selected_target_on_current_observation,
255,,616,[],0,2,IGCR,measured_transition_feedback,,,False
255,True,617,,,2,RPN-UQ,observed_action_and_return_guard,forward,refresh_selected_target_on_current_observation,
256,,618,[],1,2,IGCR,measured_transition_feedback,,,False
256,True,619,,,2,RPN-UQ,observed_action_and_return_guard,forward,refresh_selected_target_on_current_observation,
257,,620,[],0,2,IGCR,measured_transition_feedback,,,False
257,True,621,,,2,RPN-UQ,observed_action_and_return_guard,forward,refresh_selected_target_on_current_observation,
258,,622,[],0,2,IGCR,measured_transition_feedback,,,False
258,,623,,,2,OV-SDF,consume_observation_whitelist,,,
258,,624,,,2,STGHP,propose_and_rank_observed_targets,,,
258,True,625,,,2,RPN-UQ,observed_action_and_return_guard,forward,refresh_selected_target_on_current_observation,
259,,626,[],2,2,IGCR,measured_transition_feedback,,,False
259,True,627,,,2,RPN-UQ,observed_action_and_return_guard,forward,refresh_selected_target_on_current_observation,
260,,628,[],1,2,IGCR,measured_transition_feedback,,,False
260,True,629,,,2,RPN-UQ,observed_action_and_return_guard,forward,refresh_selected_target_on_current_observation,
261,,630,[],2,2,IGCR,measured_transition_feedback,,,False
261,True,631,,,2,RPN-UQ,observed_action_and_return_guard,forward,refresh_selected_target_on_current_observation,
262,,632,[],1,2,IGCR,measured_transition_feedback,,,False
262,True,633,,,2,RPN-UQ,observed_action_and_return_guard,forward,refresh_selected_target_on_current_observation,
263,,634,[],1,2,IGCR,measured_transition_feedback,,,False
263,,635,,,2,OV-SDF,consume_observation_whitelist,,,
263,,636,,,2,STGHP,propose_and_rank_observed_targets,,,
263,True,637,,,2,RPN-UQ,observed_action_and_return_guard,forward,refresh_selected_target_on_current_observation,
264,,638,[],1,2,IGCR,measured_transition_feedback,,,False
264,True,639,,,2,RPN-UQ,observed_action_and_return_guard,forward,refresh_selected_target_on_current_observation,
265,,640,[],2,2,IGCR,measured_transition_feedback,,,False
265,True,641,,,2,RPN-UQ,observed_action_and_return_guard,forward,refresh_selected_target_on_current_observation,
266,,642,[],2,2,IGCR,measured_transition_feedback,,,True
266,,643,,,2,OV-SDF,consume_observation_whitelist,,,
266,,644,,,2,STGHP,propose_and_rank_observed_targets,,,
266,True,645,,,2,RPN-UQ,observed_action_and_return_guard,forward,refresh_selected_target_on_current_observation,
267,,646,[],0,2,IGCR,measured_transition_feedback,,,False
267,True,647,,,2,RPN-UQ,observed_action_and_return_guard,forward,refresh_selected_target_on_current_observation,
268,,648,[],0,2,IGCR,measured_transition_feedback,,,False
268,True,649,,,2,RPN-UQ,observed_action_and_return_guard,forward,refresh_selected_target_on_current_observation,
269,,650,[],0,2,IGCR,measured_transition_feedback,,,False
269,True,651,,,2,RPN-UQ,observed_action_and_return_guard,forward,refresh_selected_target_on_current_observation,
270,,652,[],0,2,IGCR,measured_transition_feedback,,,False
270,True,653,,,2,RPN-UQ,observed_action_and_return_guard,forward,refresh_selected_target_on_current_observation,
271,,654,[],0,2,IGCR,measured_transition_feedback,,,False
271,,655,,,2,OV-SDF,consume_observation_whitelist,,,
271,,656,,,2,STGHP,propose_and_rank_observed_targets,,,
271,True,657,,,2,RPN-UQ,observed_action_and_return_guard,left,refresh_selected_target_on_current_observation,
272,,658,[],0,2,IGCR,measured_transition_feedback,,,False
272,True,659,,,2,RPN-UQ,observed_action_and_return_guard,left,refresh_selected_target_on_current_observation,
273,,660,[],0,2,IGCR,measured_transition_feedback,,,False
273,True,661,,,2,RPN-UQ,observed_action_and_return_guard,forward,refresh_selected_target_on_current_observation,
274,,662,[],0,2,IGCR,measured_transition_feedback,,,False
274,True,663,,,2,RPN-UQ,observed_action_and_return_guard,forward,refresh_selected_target_on_current_observation,
275,,664,[],0,2,IGCR,measured_transition_feedback,,,False
275,True,665,,,2,RPN-UQ,observed_action_and_return_guard,forward,refresh_selected_target_on_current_observation,
276,,666,[],0,2,IGCR,measured_transition_feedback,,,False
276,,667,,,2,OV-SDF,consume_observation_whitelist,,,
276,,668,,,2,STGHP,propose_and_rank_observed_targets,,,
276,True,669,,,2,RPN-UQ,observed_action_and_return_guard,left,refresh_selected_target_on_current_observation,
277,,670,[],0,2,IGCR,measured_transition_feedback,,,False
277,True,671,,,2,RPN-UQ,observed_action_and_return_guard,forward,refresh_selected_target_on_current_observation,
278,,672,[],1,2,IGCR,measured_transition_feedback,,,False
278,True,673,,,2,RPN-UQ,observed_action_and_return_guard,forward,refresh_selected_target_on_current_observation,
279,,674,[],0,2,IGCR,measured_transition_feedback,,,False
279,True,675,,,2,RPN-UQ,observed_action_and_return_guard,forward,refresh_selected_target_on_current_observation,
280,,676,[],0,2,IGCR,measured_transition_feedback,,,False
280,True,677,,,2,RPN-UQ,observed_action_and_return_guard,forward,refresh_selected_target_on_current_observation,
281,,678,[],0,2,IGCR,measured_transition_feedback,,,False
281,,679,,,2,OV-SDF,consume_observation_whitelist,,,
281,,680,,,2,STGHP,propose_and_rank_observed_targets,,,
281,True,681,,,2,RPN-UQ,observed_action_and_return_guard,forward,refresh_selected_target_on_current_observation,
282,,682,[],0,2,IGCR,measured_transition_feedback,,,False
282,True,683,,,2,RPN-UQ,observed_action_and_return_guard,forward,refresh_selected_target_on_current_observation,
283,,684,[],0,2,IGCR,measured_transition_feedback,,,False
283,True,685,,,2,RPN-UQ,observed_action_and_return_guard,forward,refresh_selected_target_on_current_observation,
284,,686,[],0,2,IGCR,measured_transition_feedback,,,False
284,True,687,,,2,RPN-UQ,observed_action_and_return_guard,forward,refresh_selected_target_on_current_observation,
285,,688,[],0,2,IGCR,measured_transition_feedback,,,False
285,True,689,,,2,RPN-UQ,observed_action_and_return_guard,forward,refresh_selected_target_on_current_observation,
286,,690,[],0,2,IGCR,measured_transition_feedback,,,False
286,,691,,,2,OV-SDF,consume_observation_whitelist,,,
286,,692,,,2,STGHP,propose_and_rank_observed_targets,,,
286,True,693,,,2,RPN-UQ,observed_action_and_return_guard,forward,refresh_selected_target_on_current_observation,
287,,694,[],0,2,IGCR,measured_transition_feedback,,,False
287,True,695,,,2,RPN-UQ,observed_action_and_return_guard,forward,refresh_selected_target_on_current_observation,
288,,696,[],1,2,IGCR,measured_transition_feedback,,,False
288,True,697,,,2,RPN-UQ,observed_action_and_return_guard,forward,refresh_selected_target_on_current_observation,
289,,698,[],0,2,IGCR,measured_transition_feedback,,,False
289,True,699,,,2,RPN-UQ,observed_action_and_return_guard,forward,refresh_selected_target_on_current_observation,
290,,700,[],0,2,IGCR,measured_transition_feedback,,,False
290,True,701,,,2,RPN-UQ,observed_action_and_return_guard,forward,refresh_selected_target_on_current_observation,
291,,702,[],0,2,IGCR,measured_transition_feedback,,,False
291,,703,,,2,OV-SDF,consume_observation_whitelist,,,
291,,704,,,2,STGHP,propose_and_rank_observed_targets,,,
291,True,705,,,2,RPN-UQ,observed_action_and_return_guard,forward,refresh_selected_target_on_current_observation,
292,,706,[],0,2,IGCR,measured_transition_feedback,,,False
292,True,707,,,2,RPN-UQ,observed_action_and_return_guard,forward,refresh_selected_target_on_current_observation,
293,,708,[],0,2,IGCR,measured_transition_feedback,,,False
293,True,709,,,2,RPN-UQ,observed_action_and_return_guard,forward,refresh_selected_target_on_current_observation,
294,,710,[],0,2,IGCR,measured_transition_feedback,,,False
294,True,711,,,2,RPN-UQ,observed_action_and_return_guard,forward,refresh_selected_target_on_current_observation,
295,,712,[],2,2,IGCR,measured_transition_feedback,,,False
295,True,713,,,2,RPN-UQ,observed_action_and_return_guard,forward,refresh_selected_target_on_current_observation,
296,,714,[],0,2,IGCR,measured_transition_feedback,,,False
296,,715,,,2,OV-SDF,consume_observation_whitelist,,,
296,,716,,,2,STGHP,propose_and_rank_observed_targets,,,
296,True,717,,,2,RPN-UQ,observed_action_and_return_guard,forward,refresh_selected_target_on_current_observation,
297,,718,[],1,2,IGCR,measured_transition_feedback,,,False
297,True,719,,,2,RPN-UQ,observed_action_and_return_guard,forward,refresh_selected_target_on_current_observation,
298,,720,[],0,2,IGCR,measured_transition_feedback,,,False
298,True,721,,,2,RPN-UQ,observed_action_and_return_guard,forward,refresh_selected_target_on_current_observation,
299,,722,[],0,2,IGCR,measured_transition_feedback,,,False
299,True,723,,,2,RPN-UQ,observed_action_and_return_guard,forward,refresh_selected_target_on_current_observation,
300,,724,[],2,2,IGCR,measured_transition_feedback,,,False
300,True,725,,,2,RPN-UQ,observed_action_and_return_guard,left,refresh_selected_target_on_current_observation,
301,,726,[],0,2,IGCR,measured_transition_feedback,,,False
301,,727,,,2,OV-SDF,consume_observation_whitelist,,,
301,,728,,,2,STGHP,propose_and_rank_observed_targets,,,
301,True,729,,,2,RPN-UQ,observed_action_and_return_guard,forward,refresh_selected_target_on_current_observation,
302,,730,[],0,2,IGCR,measured_transition_feedback,,,False
302,True,731,,,2,RPN-UQ,observed_action_and_return_guard,forward,refresh_selected_target_on_current_observation,
303,,732,[],1,2,IGCR,measured_transition_feedback,,,False
303,True,733,,,2,RPN-UQ,observed_action_and_return_guard,forward,refresh_selected_target_on_current_observation,
304,,734,[],0,2,IGCR,measured_transition_feedback,,,False
304,True,735,,,2,RPN-UQ,observed_action_and_return_guard,forward,refresh_selected_target_on_current_observation,
305,,736,[],0,2,IGCR,measured_transition_feedback,,,False
305,True,737,,,2,RPN-UQ,observed_action_and_return_guard,forward,refresh_selected_target_on_current_observation,
306,,738,[],0,2,IGCR,measured_transition_feedback,,,False
306,,739,,,2,OV-SDF,consume_observation_whitelist,,,
306,,740,,,2,STGHP,propose_and_rank_observed_targets,,,
306,True,741,,,2,RPN-UQ,observed_action_and_return_guard,forward,refresh_selected_target_on_current_observation,
307,,742,[],0,2,IGCR,measured_transition_feedback,,,False
307,True,743,,,2,RPN-UQ,observed_action_and_return_guard,forward,refresh_selected_target_on_current_observation,
308,,744,[],0,2,IGCR,measured_transition_feedback,,,False
308,True,745,,,2,RPN-UQ,observed_action_and_return_guard,forward,refresh_selected_target_on_current_observation,
309,,746,[],0,2,IGCR,measured_transition_feedback,,,False
309,True,747,,,2,RPN-UQ,observed_action_and_return_guard,forward,refresh_selected_target_on_current_observation,
310,,748,[],0,2,IGCR,measured_transition_feedback,,,False
310,True,749,,,2,RPN-UQ,observed_action_and_return_guard,forward,refresh_selected_target_on_current_observation,
311,,750,[],0,2,IGCR,measured_transition_feedback,,,False
311,,751,,,2,OV-SDF,consume_observation_whitelist,,,
311,,752,,,2,STGHP,propose_and_rank_observed_targets,,,
311,True,753,,,2,RPN-UQ,observed_action_and_return_guard,right,refresh_selected_target_on_current_observation,
312,,754,[],1,2,IGCR,measured_transition_feedback,,,False
312,True,755,,,2,RPN-UQ,observed_action_and_return_guard,forward,refresh_selected_target_on_current_observation,
313,,756,[],0,2,IGCR,measured_transition_feedback,,,False
313,True,757,,,2,RPN-UQ,observed_action_and_return_guard,forward,refresh_selected_target_on_current_observation,
314,,758,[],0,2,IGCR,measured_transition_feedback,,,False
314,True,759,,,2,RPN-UQ,observed_action_and_return_guard,forward,refresh_selected_target_on_current_observation,
315,,760,[],0,2,IGCR,measured_transition_feedback,,,False
315,True,761,,,2,RPN-UQ,observed_action_and_return_guard,forward,refresh_selected_target_on_current_observation,
316,,762,[],0,2,IGCR,measured_transition_feedback,,,False
316,,763,,,2,OV-SDF,consume_observation_whitelist,,,
316,,764,,,2,STGHP,propose_and_rank_observed_targets,,,
316,True,765,,,2,RPN-UQ,observed_action_and_return_guard,forward,refresh_selected_target_on_current_observation,
317,,766,[],0,2,IGCR,measured_transition_feedback,,,False
317,True,767,,,2,RPN-UQ,observed_action_and_return_guard,forward,refresh_selected_target_on_current_observation,
318,,768,[],0,2,IGCR,measured_transition_feedback,,,False
318,True,769,,,2,RPN-UQ,observed_action_and_return_guard,forward,refresh_selected_target_on_current_observation,
319,,770,[],0,2,IGCR,measured_transition_feedback,,,False
319,True,771,,,2,RPN-UQ,observed_action_and_return_guard,forward,refresh_selected_target_on_current_observation,
320,,772,[],0,2,IGCR,measured_transition_feedback,,,False
320,True,773,,,2,RPN-UQ,observed_action_and_return_guard,forward,refresh_selected_target_on_current_observation,
321,,774,[],0,2,IGCR,measured_transition_feedback,,,False
321,,775,,,2,OV-SDF,consume_observation_whitelist,,,
321,,776,,,2,STGHP,propose_and_rank_observed_targets,,,
321,True,777,,,2,RPN-UQ,observed_action_and_return_guard,forward,refresh_selected_target_on_current_observation,
322,,778,[],0,2,IGCR,measured_transition_feedback,,,False
322,True,779,,,2,RPN-UQ,observed_action_and_return_guard,forward,refresh_selected_target_on_current_observation,
323,,780,[],0,2,IGCR,measured_transition_feedback,,,False
323,True,781,,,2,RPN-UQ,observed_action_and_return_guard,forward,refresh_selected_target_on_current_observation,
324,,782,[],0,2,IGCR,measured_transition_feedback,,,False
324,True,783,,,2,RPN-UQ,observed_action_and_return_guard,forward,refresh_selected_target_on_current_observation,
325,,784,[],0,2,IGCR,measured_transition_feedback,,,False
325,True,785,,,2,RPN-UQ,observed_action_and_return_guard,forward,refresh_selected_target_on_current_observation,
326,,786,[],0,2,IGCR,measured_transition_feedback,,,False
326,,787,,,2,OV-SDF,consume_observation_whitelist,,,
326,,788,,,2,STGHP,propose_and_rank_observed_targets,,,
326,True,789,,,2,RPN-UQ,observed_action_and_return_guard,forward,refresh_selected_target_on_current_observation,
327,,790,[],0,2,IGCR,measured_transition_feedback,,,False
327,True,791,,,2,RPN-UQ,observed_action_and_return_guard,forward,refresh_selected_target_on_current_observation,
328,,792,[],0,2,IGCR,measured_transition_feedback,,,False
328,True,793,,,2,RPN-UQ,observed_action_and_return_guard,forward,refresh_selected_target_on_current_observation,
329,,794,[],0,2,IGCR,measured_transition_feedback,,,False
329,True,795,,,2,RPN-UQ,observed_action_and_return_guard,right,refresh_selected_target_on_current_observation,
330,,796,[],0,2,IGCR,measured_transition_feedback,,,False
330,True,797,,,2,RPN-UQ,observed_action_and_return_guard,forward,refresh_selected_target_on_current_observation,
331,,798,[],0,2,IGCR,measured_transition_feedback,,,False
331,,799,,,2,OV-SDF,consume_observation_whitelist,,,
331,,800,,,2,STGHP,propose_and_rank_observed_targets,,,
331,True,801,,,2,RPN-UQ,observed_action_and_return_guard,forward,refresh_selected_target_on_current_observation,
332,,802,[],0,2,IGCR,measured_transition_feedback,,,False
332,True,803,,,2,RPN-UQ,observed_action_and_return_guard,forward,refresh_selected_target_on_current_observation,
333,,804,[],0,2,IGCR,measured_transition_feedback,,,False
333,True,805,,,2,RPN-UQ,observed_action_and_return_guard,forward,refresh_selected_target_on_current_observation,
334,,806,[],0,2,IGCR,measured_transition_feedback,,,False
334,True,807,,,2,RPN-UQ,observed_action_and_return_guard,right,refresh_selected_target_on_current_observation,
335,,808,[],0,2,IGCR,measured_transition_feedback,,,True
335,,809,,,2,OV-SDF,consume_observation_whitelist,,,
335,,810,,,2,STGHP,propose_and_rank_observed_targets,,,
335,True,811,,,2,RPN-UQ,observed_action_and_return_guard,left,refresh_selected_target_on_current_observation,
336,,812,[],0,2,IGCR,measured_transition_feedback,,,False
336,True,813,,,2,RPN-UQ,observed_action_and_return_guard,forward,refresh_selected_target_on_current_observation,
337,,814,[],0,2,IGCR,measured_transition_feedback,,,False
337,True,815,,,2,RPN-UQ,observed_action_and_return_guard,forward,refresh_selected_target_on_current_observation,
338,,816,[],0,2,IGCR,measured_transition_feedback,,,False
338,True,817,,,2,RPN-UQ,observed_action_and_return_guard,forward,refresh_selected_target_on_current_observation,
339,,818,[],0,2,IGCR,measured_transition_feedback,,,False
339,True,819,,,2,RPN-UQ,observed_action_and_return_guard,forward,refresh_selected_target_on_current_observation,
340,,820,[],0,2,IGCR,measured_transition_feedback,,,False
340,,821,,,2,OV-SDF,consume_observation_whitelist,,,
340,,822,,,2,STGHP,propose_and_rank_observed_targets,,,
340,True,823,,,2,RPN-UQ,observed_action_and_return_guard,forward,refresh_selected_target_on_current_observation,
341,,824,[],0,2,IGCR,measured_transition_feedback,,,True
341,,825,,,2,OV-SDF,consume_observation_whitelist,,,
341,,826,,,2,STGHP,propose_and_rank_observed_targets,,,
341,True,827,,,2,RPN-UQ,observed_action_and_return_guard,forward,refresh_selected_target_on_current_observation,
342,,828,[],0,2,IGCR,measured_transition_feedback,,,False
342,True,829,,,2,RPN-UQ,observed_action_and_return_guard,forward,refresh_selected_target_on_current_observation,
343,,830,[],0,2,IGCR,measured_transition_feedback,,,False
343,True,831,,,2,RPN-UQ,observed_action_and_return_guard,forward,refresh_selected_target_on_current_observation,
344,,832,[],0,2,IGCR,measured_transition_feedback,,,False
344,True,833,,,2,RPN-UQ,observed_action_and_return_guard,forward,refresh_selected_target_on_current_observation,
345,,834,[],0,2,IGCR,measured_transition_feedback,,,False
345,True,835,,,2,RPN-UQ,observed_action_and_return_guard,forward,refresh_selected_target_on_current_observation,
346,,836,[],0,2,IGCR,measured_transition_feedback,,,False
346,,837,,,2,OV-SDF,consume_observation_whitelist,,,
346,,838,,,2,STGHP,propose_and_rank_observed_targets,,,
346,True,839,,,2,RPN-UQ,observed_action_and_return_guard,forward,refresh_selected_target_on_current_observation,
347,,840,[],0,2,IGCR,measured_transition_feedback,,,False
347,True,841,,,2,RPN-UQ,observed_action_and_return_guard,forward,refresh_selected_target_on_current_observation,
348,,842,[],0,2,IGCR,measured_transition_feedback,,,False
348,True,843,,,2,RPN-UQ,observed_action_and_return_guard,forward,refresh_selected_target_on_current_observation,
349,,844,[],0,2,IGCR,measured_transition_feedback,,,False
349,True,845,,,2,RPN-UQ,observed_action_and_return_guard,forward,refresh_selected_target_on_current_observation,
350,,846,[],0,2,IGCR,measured_transition_feedback,,,False
350,True,847,,,2,RPN-UQ,observed_action_and_return_guard,forward,refresh_selected_target_on_current_observation,
351,,848,[],0,2,IGCR,measured_transition_feedback,,,False
351,,849,,,2,OV-SDF,consume_observation_whitelist,,,
351,,850,,,2,STGHP,propose_and_rank_observed_targets,,,
351,True,851,,,2,RPN-UQ,observed_action_and_return_guard,forward,refresh_selected_target_on_current_observation,
352,,852,[],0,2,IGCR,measured_transition_feedback,,,False
352,True,853,,,2,RPN-UQ,observed_action_and_return_guard,forward,refresh_selected_target_on_current_observation,
353,,854,[],0,2,IGCR,measured_transition_feedback,,,False
353,True,855,,,2,RPN-UQ,observed_action_and_return_guard,forward,refresh_selected_target_on_current_observation,
354,,856,[],1,2,IGCR,measured_transition_feedback,,,False
354,True,857,,,2,RPN-UQ,observed_action_and_return_guard,forward,refresh_selected_target_on_current_observation,
355,,858,[],0,2,IGCR,measured_transition_feedback,,,False
355,True,859,,,2,RPN-UQ,observed_action_and_return_guard,forward,refresh_selected_target_on_current_observation,
356,,860,[],0,2,IGCR,measured_transition_feedback,,,False
356,,861,,,2,OV-SDF,consume_observation_whitelist,,,
356,,862,,,2,STGHP,propose_and_rank_observed_targets,,,
356,True,863,,,2,RPN-UQ,observed_action_and_return_guard,left,refresh_selected_target_on_current_observation,
357,,864,[],1,2,IGCR,measured_transition_feedback,,,False
357,True,865,,,2,RPN-UQ,observed_action_and_return_guard,left,refresh_selected_target_on_current_observation,
358,,866,[],5,2,IGCR,measured_transition_feedback,,,False
358,True,867,,,2,RPN-UQ,observed_action_and_return_guard,forward,refresh_selected_target_on_current_observation,
359,,868,[],0,2,IGCR,measured_transition_feedback,,,False
359,True,869,,,2,RPN-UQ,observed_action_and_return_guard,forward,refresh_selected_target_on_current_observation,
360,,870,[],1,2,IGCR,measured_transition_feedback,,,False
360,True,871,,,2,RPN-UQ,observed_action_and_return_guard,forward,refresh_selected_target_on_current_observation,
361,,872,[],0,2,IGCR,measured_transition_feedback,,,False
361,,873,,,2,OV-SDF,consume_observation_whitelist,,,
361,,874,,,2,STGHP,propose_and_rank_observed_targets,,,
361,True,875,,,2,RPN-UQ,observed_action_and_return_guard,forward,refresh_selected_target_on_current_observation,
362,,876,[],1,2,IGCR,measured_transition_feedback,,,False
362,True,877,,,2,RPN-UQ,observed_action_and_return_guard,forward,refresh_selected_target_on_current_observation,
363,,878,[],0,2,IGCR,measured_transition_feedback,,,False
363,True,879,,,2,RPN-UQ,observed_action_and_return_guard,forward,refresh_selected_target_on_current_observation,
364,,880,[],0,2,IGCR,measured_transition_feedback,,,False
364,True,881,,,2,RPN-UQ,observed_action_and_return_guard,forward,refresh_selected_target_on_current_observation,
365,,882,[],1,2,IGCR,measured_transition_feedback,,,False
365,True,883,,,2,RPN-UQ,observed_action_and_return_guard,forward,refresh_selected_target_on_current_observation,
366,,884,[],0,2,IGCR,measured_transition_feedback,,,False
366,,885,,,2,OV-SDF,consume_observation_whitelist,,,
366,,886,,,2,STGHP,propose_and_rank_observed_targets,,,
366,True,887,,,2,RPN-UQ,observed_action_and_return_guard,forward,refresh_selected_target_on_current_observation,
367,,888,[],1,2,IGCR,measured_transition_feedback,,,False
367,True,889,,,2,RPN-UQ,observed_action_and_return_guard,forward,refresh_selected_target_on_current_observation,
368,,890,[],1,2,IGCR,measured_transition_feedback,,,False
368,True,891,,,2,RPN-UQ,observed_action_and_return_guard,forward,refresh_selected_target_on_current_observation,
369,,892,[],0,2,IGCR,measured_transition_feedback,,,False
369,True,893,,,2,RPN-UQ,observed_action_and_return_guard,forward,refresh_selected_target_on_current_observation,
370,,894,[],0,2,IGCR,measured_transition_feedback,,,False
370,True,895,,,2,RPN-UQ,observed_action_and_return_guard,forward,refresh_selected_target_on_current_observation,
371,,896,[],0,2,IGCR,measured_transition_feedback,,,False
371,,897,,,2,OV-SDF,consume_observation_whitelist,,,
371,,898,,,2,STGHP,propose_and_rank_observed_targets,,,
371,True,899,,,2,RPN-UQ,observed_action_and_return_guard,forward,known_safe_return_within_budget,
372,,900,[],0,2,IGCR,measured_transition_feedback,,,False
372,,901,,,2,OV-SDF,consume_observation_whitelist,,,
372,,902,,,2,STGHP,propose_and_rank_observed_targets,,,
372,True,903,,,2,RPN-UQ,observed_action_and_return_guard,forward,known_safe_return_within_budget,
373,,904,[],0,2,IGCR,measured_transition_feedback,,,False
373,,905,,,2,OV-SDF,consume_observation_whitelist,,,
373,,906,,,2,STGHP,propose_and_rank_observed_targets,,,
373,True,907,,,2,RPN-UQ,observed_action_and_return_guard,forward,known_safe_return_within_budget,
374,,908,[],0,2,IGCR,measured_transition_feedback,,,False
374,,909,,,2,OV-SDF,consume_observation_whitelist,,,
374,,910,,,2,STGHP,propose_and_rank_observed_targets,,,
374,True,911,,,2,RPN-UQ,observed_action_and_return_guard,forward,known_safe_return_within_budget,
375,,912,[],0,2,IGCR,measured_transition_feedback,,,False
375,,913,,,2,OV-SDF,consume_observation_whitelist,,,
375,,914,,,2,STGHP,propose_and_rank_observed_targets,,,
375,True,915,,,2,RPN-UQ,observed_action_and_return_guard,forward,known_safe_return_within_budget,
376,,916,[],0,2,IGCR,measured_transition_feedback,,,False
376,,917,,,2,OV-SDF,consume_observation_whitelist,,,
376,,918,,,2,STGHP,propose_and_rank_observed_targets,,,
376,True,919,,,2,RPN-UQ,observed_action_and_return_guard,forward,known_safe_return_within_budget,
377,,920,[],0,2,IGCR,measured_transition_feedback,,,False
377,,921,,,2,OV-SDF,consume_observation_whitelist,,,
377,,922,,,2,STGHP,propose_and_rank_observed_targets,,,
377,True,923,,,2,RPN-UQ,observed_action_and_return_guard,forward,known_safe_return_within_budget,
378,,924,[],0,2,IGCR,measured_transition_feedback,,,False
378,,925,,,2,OV-SDF,consume_observation_whitelist,,,
378,,926,,,2,STGHP,propose_and_rank_observed_targets,,,
378,True,927,,,2,RPN-UQ,observed_action_and_return_guard,forward,known_safe_return_within_budget,
379,,928,[],0,2,IGCR,measured_transition_feedback,,,False
379,,929,,,2,OV-SDF,consume_observation_whitelist,,,
379,,930,,,2,STGHP,propose_and_rank_observed_targets,,,
379,True,931,,,2,RPN-UQ,observed_action_and_return_guard,forward,known_safe_return_within_budget,
380,,932,[],1,2,IGCR,measured_transition_feedback,,,False
380,,933,,,2,OV-SDF,consume_observation_whitelist,,,
380,,934,,,2,STGHP,propose_and_rank_observed_targets,,,
380,True,935,,,2,RPN-UQ,observed_action_and_return_guard,forward,refresh_selected_target_on_current_observation,
381,,936,[],0,2,IGCR,measured_transition_feedback,,,False
381,True,937,,,2,RPN-UQ,observed_action_and_return_guard,forward,refresh_selected_target_on_current_observation,
382,,938,[],2,2,IGCR,measured_transition_feedback,,,False
382,True,939,,,2,RPN-UQ,observed_action_and_return_guard,forward,refresh_selected_target_on_current_observation,
383,,940,[],5,2,IGCR,measured_transition_feedback,,,False
383,True,941,,,2,RPN-UQ,observed_action_and_return_guard,forward,refresh_selected_target_on_current_observation,
384,,942,[],0,2,IGCR,measured_transition_feedback,,,False
384,True,943,,,2,RPN-UQ,observed_action_and_return_guard,forward,refresh_selected_target_on_current_observation,
385,,944,[],1,2,IGCR,measured_transition_feedback,,,False
385,,945,,,2,OV-SDF,consume_observation_whitelist,,,
385,,946,,,2,STGHP,propose_and_rank_observed_targets,,,
385,True,947,,,2,RPN-UQ,observed_action_and_return_guard,forward,known_safe_return_within_budget,
386,,948,[],3,2,IGCR,measured_transition_feedback,,,False
386,,949,,,2,OV-SDF,consume_observation_whitelist,,,
386,,950,,,2,STGHP,propose_and_rank_observed_targets,,,
386,True,951,,,2,RPN-UQ,observed_action_and_return_guard,forward,known_safe_return_within_budget,
387,,952,[],2,2,IGCR,measured_transition_feedback,,,False
387,,953,,,2,OV-SDF,consume_observation_whitelist,,,
387,,954,,,2,STGHP,propose_and_rank_observed_targets,,,
387,True,955,,,2,RPN-UQ,observed_action_and_return_guard,left,known_safe_return_within_budget,
388,,956,[],0,2,IGCR,measured_transition_feedback,,,False
388,,957,,,2,OV-SDF,consume_observation_whitelist,,,
388,,958,,,2,STGHP,propose_and_rank_observed_targets,,,
388,True,959,,,2,RPN-UQ,observed_action_and_return_guard,forward,known_safe_return_within_budget,
389,,960,[],0,2,IGCR,measured_transition_feedback,,,False
389,,961,,,2,OV-SDF,consume_observation_whitelist,,,
389,,962,,,2,STGHP,propose_and_rank_observed_targets,,,
389,True,963,,,2,RPN-UQ,observed_action_and_return_guard,forward,known_safe_return_within_budget,
390,,964,[],0,2,IGCR,measured_transition_feedback,,,False
390,,965,,,2,OV-SDF,consume_observation_whitelist,,,
390,,966,,,2,STGHP,propose_and_rank_observed_targets,,,
390,True,967,,,2,RPN-UQ,observed_action_and_return_guard,forward,known_safe_return_within_budget,
391,,968,[],2,2,IGCR,measured_transition_feedback,,,False
391,,969,,,2,OV-SDF,consume_observation_whitelist,,,
391,,970,,,2,STGHP,propose_and_rank_observed_targets,,,
391,True,971,,,2,RPN-UQ,observed_action_and_return_guard,forward,known_safe_return_within_budget,
392,,972,[],0,2,IGCR,measured_transition_feedback,,,False
392,,973,,,2,OV-SDF,consume_observation_whitelist,,,
392,,974,,,2,STGHP,propose_and_rank_observed_targets,,,
392,True,975,,,2,RPN-UQ,observed_action_and_return_guard,forward,known_safe_return_within_budget,
393,,976,[],0,2,IGCR,measured_transition_feedback,,,False
393,,977,,,2,OV-SDF,consume_observation_whitelist,,,
393,,978,,,2,STGHP,propose_and_rank_observed_targets,,,
393,True,979,,,2,RPN-UQ,observed_action_and_return_guard,right,known_safe_return_within_budget,
394,,980,[],1,2,IGCR,measured_transition_feedback,,,False
394,,981,,,2,OV-SDF,consume_observation_whitelist,,,
394,,982,,,2,STGHP,propose_and_rank_observed_targets,,,
394,True,983,,,2,RPN-UQ,observed_action_and_return_guard,forward,known_safe_return_within_budget,
395,,984,[],0,2,IGCR,measured_transition_feedback,,,False
395,,985,,,2,OV-SDF,consume_observation_whitelist,,,
395,,986,,,2,STGHP,propose_and_rank_observed_targets,,,
395,True,987,,,2,RPN-UQ,observed_action_and_return_guard,forward,known_safe_return_within_budget,
396,,988,[],0,2,IGCR,measured_transition_feedback,,,False
396,,989,,,2,OV-SDF,consume_observation_whitelist,,,
396,,990,,,2,STGHP,propose_and_rank_observed_targets,,,
396,False,991,,,2,RPN-UQ,observed_action_and_return_guard,,known_safe_return_within_budget,
0,,1,,,3,OV-SDF,consume_observation_whitelist,,,
0,,2,,,3,STGHP,propose_and_rank_observed_targets,,,
0,True,3,,,3,RPN-UQ,observed_action_and_return_guard,left,refresh_selected_target_on_current_observation,
1,,4,[],0,3,IGCR,measured_transition_feedback,,,False
1,True,5,,,3,RPN-UQ,observed_action_and_return_guard,forward,refresh_selected_target_on_current_observation,
2,,6,[],28,3,IGCR,measured_transition_feedback,,,False
2,True,7,,,3,RPN-UQ,observed_action_and_return_guard,forward,refresh_selected_target_on_current_observation,
3,,8,[],20,3,IGCR,measured_transition_feedback,,,False
3,True,9,,,3,RPN-UQ,observed_action_and_return_guard,forward,refresh_selected_target_on_current_observation,
4,,10,[],18,3,IGCR,measured_transition_feedback,,,False
4,True,11,,,3,RPN-UQ,observed_action_and_return_guard,forward,refresh_selected_target_on_current_observation,
5,,12,[],12,3,IGCR,measured_transition_feedback,,,False
5,,13,,,3,OV-SDF,consume_observation_whitelist,,,
5,,14,,,3,STGHP,propose_and_rank_observed_targets,,,
5,True,15,,,3,RPN-UQ,observed_action_and_return_guard,forward,refresh_selected_target_on_current_observation,
6,,16,[],15,3,IGCR,measured_transition_feedback,,,False
6,True,17,,,3,RPN-UQ,observed_action_and_return_guard,left,refresh_selected_target_on_current_observation,
7,,18,[],1,3,IGCR,measured_transition_feedback,,,False
7,True,19,,,3,RPN-UQ,observed_action_and_return_guard,forward,refresh_selected_target_on_current_observation,
8,,20,[],1,3,IGCR,measured_transition_feedback,,,False
8,True,21,,,3,RPN-UQ,observed_action_and_return_guard,forward,refresh_selected_target_on_current_observation,
9,,22,[],7,3,IGCR,measured_transition_feedback,,,False
9,True,23,,,3,RPN-UQ,observed_action_and_return_guard,forward,refresh_selected_target_on_current_observation,
10,,24,[],1,3,IGCR,measured_transition_feedback,,,False
10,,25,,,3,OV-SDF,consume_observation_whitelist,,,
10,,26,,,3,STGHP,propose_and_rank_observed_targets,,,
10,True,27,,,3,RPN-UQ,observed_action_and_return_guard,forward,refresh_selected_target_on_current_observation,
11,,28,[],2,3,IGCR,measured_transition_feedback,,,False
11,True,29,,,3,RPN-UQ,observed_action_and_return_guard,forward,refresh_selected_target_on_current_observation,
12,,30,[],1,3,IGCR,measured_transition_feedback,,,False
12,True,31,,,3,RPN-UQ,observed_action_and_return_guard,forward,refresh_selected_target_on_current_observation,
13,,32,[],2,3,IGCR,measured_transition_feedback,,,False
13,True,33,,,3,RPN-UQ,observed_action_and_return_guard,forward,refresh_selected_target_on_current_observation,
14,,34,[],3,3,IGCR,measured_transition_feedback,,,False
14,True,35,,,3,RPN-UQ,observed_action_and_return_guard,forward,refresh_selected_target_on_current_observation,
15,,36,[],2,3,IGCR,measured_transition_feedback,,,False
15,,37,,,3,OV-SDF,consume_observation_whitelist,,,
15,,38,,,3,STGHP,propose_and_rank_observed_targets,,,
15,True,39,,,3,RPN-UQ,observed_action_and_return_guard,forward,refresh_selected_target_on_current_observation,
16,,40,[],0,3,IGCR,measured_transition_feedback,,,False
16,True,41,,,3,RPN-UQ,observed_action_and_return_guard,forward,refresh_selected_target_on_current_observation,
17,,42,[],6,3,IGCR,measured_transition_feedback,,,False
17,True,43,,,3,RPN-UQ,observed_action_and_return_guard,forward,refresh_selected_target_on_current_observation,
18,,44,[],5,3,IGCR,measured_transition_feedback,,,False
18,True,45,,,3,RPN-UQ,observed_action_and_return_guard,forward,refresh_selected_target_on_current_observation,
19,,46,[],1,3,IGCR,measured_transition_feedback,,,False
19,True,47,,,3,RPN-UQ,observed_action_and_return_guard,forward,refresh_selected_target_on_current_observation,
20,,48,[],1,3,IGCR,measured_transition_feedback,,,False
20,,49,,,3,OV-SDF,consume_observation_whitelist,,,
20,,50,,,3,STGHP,propose_and_rank_observed_targets,,,
20,True,51,,,3,RPN-UQ,observed_action_and_return_guard,forward,refresh_selected_target_on_current_observation,
21,,52,[],2,3,IGCR,measured_transition_feedback,,,False
21,True,53,,,3,RPN-UQ,observed_action_and_return_guard,left,known_safe_return_within_budget,
22,,54,[],8,3,IGCR,measured_transition_feedback,,,False
22,True,55,,,3,RPN-UQ,observed_action_and_return_guard,forward,known_safe_return_within_budget,
23,,56,[],6,3,IGCR,measured_transition_feedback,,,False
23,True,57,,,3,RPN-UQ,observed_action_and_return_guard,left,known_safe_return_within_budget,
24,,58,[],4,3,IGCR,measured_transition_feedback,,,False
24,True,59,,,3,RPN-UQ,observed_action_and_return_guard,forward,known_safe_return_within_budget,
25,,60,[],2,3,IGCR,measured_transition_feedback,,,False
25,,61,,,3,OV-SDF,consume_observation_whitelist,,,
25,,62,,,3,STGHP,propose_and_rank_observed_targets,,,
25,True,63,,,3,RPN-UQ,observed_action_and_return_guard,left,refresh_selected_target_on_current_observation,
26,,64,[],0,3,IGCR,measured_transition_feedback,,,False
26,True,65,,,3,RPN-UQ,observed_action_and_return_guard,forward,refresh_selected_target_on_current_observation,
27,,66,[],1,3,IGCR,measured_transition_feedback,,,False
27,True,67,,,3,RPN-UQ,observed_action_and_return_guard,forward,refresh_selected_target_on_current_observation,
28,,68,[],3,3,IGCR,measured_transition_feedback,,,False
28,True,69,,,3,RPN-UQ,observed_action_and_return_guard,forward,refresh_selected_target_on_current_observation,
29,,70,[],3,3,IGCR,measured_transition_feedback,,,False
29,True,71,,,3,RPN-UQ,observed_action_and_return_guard,forward,refresh_selected_target_on_current_observation,
30,,72,[],0,3,IGCR,measured_transition_feedback,,,False
30,,73,,,3,OV-SDF,consume_observation_whitelist,,,
30,,74,,,3,STGHP,propose_and_rank_observed_targets,,,
30,True,75,,,3,RPN-UQ,observed_action_and_return_guard,forward,refresh_selected_target_on_current_observation,
31,,76,[],2,3,IGCR,measured_transition_feedback,,,False
31,True,77,,,3,RPN-UQ,observed_action_and_return_guard,forward,refresh_selected_target_on_current_observation,
32,,78,[],0,3,IGCR,measured_transition_feedback,,,False
32,True,79,,,3,RPN-UQ,observed_action_and_return_guard,forward,refresh_selected_target_on_current_observation,
33,,80,[],0,3,IGCR,measured_transition_feedback,,,False
33,True,81,,,3,RPN-UQ,observed_action_and_return_guard,forward,refresh_selected_target_on_current_observation,
34,,82,[],0,3,IGCR,measured_transition_feedback,,,False
34,True,83,,,3,RPN-UQ,observed_action_and_return_guard,forward,refresh_selected_target_on_current_observation,
35,,84,[],0,3,IGCR,measured_transition_feedback,,,False
35,,85,,,3,OV-SDF,consume_observation_whitelist,,,
35,,86,,,3,STGHP,propose_and_rank_observed_targets,,,
35,True,87,,,3,RPN-UQ,observed_action_and_return_guard,forward,refresh_selected_target_on_current_observation,
36,,88,[],0,3,IGCR,measured_transition_feedback,,,False
36,True,89,,,3,RPN-UQ,observed_action_and_return_guard,forward,refresh_selected_target_on_current_observation,
37,,90,[],0,3,IGCR,measured_transition_feedback,,,False
37,True,91,,,3,RPN-UQ,observed_action_and_return_guard,forward,refresh_selected_target_on_current_observation,
38,,92,[],0,3,IGCR,measured_transition_feedback,,,False
38,True,93,,,3,RPN-UQ,observed_action_and_return_guard,forward,refresh_selected_target_on_current_observation,
39,,94,[],2,3,IGCR,measured_transition_feedback,,,True
39,,95,,,3,OV-SDF,consume_observation_whitelist,,,
39,,96,,,3,STGHP,propose_and_rank_observed_targets,,,
39,True,97,,,3,RPN-UQ,observed_action_and_return_guard,forward,refresh_selected_target_on_current_observation,
40,,98,[],0,3,IGCR,measured_transition_feedback,,,False
40,True,99,,,3,RPN-UQ,observed_action_and_return_guard,forward,refresh_selected_target_on_current_observation,
41,,100,[],0,3,IGCR,measured_transition_feedback,,,False
41,True,101,,,3,RPN-UQ,observed_action_and_return_guard,forward,refresh_selected_target_on_current_observation,
42,,102,[],0,3,IGCR,measured_transition_feedback,,,False
42,True,103,,,3,RPN-UQ,observed_action_and_return_guard,forward,refresh_selected_target_on_current_observation,
43,,104,[],0,3,IGCR,measured_transition_feedback,,,False
43,True,105,,,3,RPN-UQ,observed_action_and_return_guard,forward,refresh_selected_target_on_current_observation,
44,,106,[],0,3,IGCR,measured_transition_feedback,,,False
44,,107,,,3,OV-SDF,consume_observation_whitelist,,,
44,,108,,,3,STGHP,propose_and_rank_observed_targets,,,
44,True,109,,,3,RPN-UQ,observed_action_and_return_guard,forward,refresh_selected_target_on_current_observation,
45,,110,[],3,3,IGCR,measured_transition_feedback,,,False
45,True,111,,,3,RPN-UQ,observed_action_and_return_guard,forward,refresh_selected_target_on_current_observation,
46,,112,[],3,3,IGCR,measured_transition_feedback,,,False
46,True,113,,,3,RPN-UQ,observed_action_and_return_guard,forward,refresh_selected_target_on_current_observation,
47,,114,[],3,3,IGCR,measured_transition_feedback,,,False
47,True,115,,,3,RPN-UQ,observed_action_and_return_guard,right,known_safe_return_within_budget,
48,,116,[],0,3,IGCR,measured_transition_feedback,,,False
48,True,117,,,3,RPN-UQ,observed_action_and_return_guard,forward,known_safe_return_within_budget,
49,,118,[],0,3,IGCR,measured_transition_feedback,,,False
49,,119,,,3,OV-SDF,consume_observation_whitelist,,,
49,,120,,,3,STGHP,propose_and_rank_observed_targets,,,
49,True,121,,,3,RPN-UQ,observed_action_and_return_guard,left,refresh_selected_target_on_current_observation,
50,,122,[],4,3,IGCR,measured_transition_feedback,,,False
50,True,123,,,3,RPN-UQ,observed_action_and_return_guard,forward,refresh_selected_target_on_current_observation,
51,,124,[],1,3,IGCR,measured_transition_feedback,,,False
51,True,125,,,3,RPN-UQ,observed_action_and_return_guard,forward,refresh_selected_target_on_current_observation,
52,,126,[],0,3,IGCR,measured_transition_feedback,,,False
52,True,127,,,3,RPN-UQ,observed_action_and_return_guard,left,refresh_selected_target_on_current_observation,
53,,128,[],0,3,IGCR,measured_transition_feedback,,,False
53,True,129,,,3,RPN-UQ,observed_action_and_return_guard,forward,refresh_selected_target_on_current_observation,
54,,130,[],0,3,IGCR,measured_transition_feedback,,,False
54,,131,,,3,OV-SDF,consume_observation_whitelist,,,
54,,132,,,3,STGHP,propose_and_rank_observed_targets,,,
54,True,133,,,3,RPN-UQ,observed_action_and_return_guard,left,refresh_selected_target_on_current_observation,
55,,134,[],0,3,IGCR,measured_transition_feedback,,,False
55,True,135,,,3,RPN-UQ,observed_action_and_return_guard,forward,refresh_selected_target_on_current_observation,
56,,136,[],0,3,IGCR,measured_transition_feedback,,,False
56,True,137,,,3,RPN-UQ,observed_action_and_return_guard,forward,refresh_selected_target_on_current_observation,
57,,138,[],0,3,IGCR,measured_transition_feedback,,,False
57,True,139,,,3,RPN-UQ,observed_action_and_return_guard,forward,refresh_selected_target_on_current_observation,
58,,140,[],0,3,IGCR,measured_transition_feedback,,,False
58,True,141,,,3,RPN-UQ,observed_action_and_return_guard,forward,refresh_selected_target_on_current_observation,
59,,142,[],0,3,IGCR,measured_transition_feedback,,,False
59,,143,,,3,OV-SDF,consume_observation_whitelist,,,
59,,144,,,3,STGHP,propose_and_rank_observed_targets,,,
59,True,145,,,3,RPN-UQ,observed_action_and_return_guard,forward,refresh_selected_target_on_current_observation,
60,,146,[],1,3,IGCR,measured_transition_feedback,,,False
60,True,147,,,3,RPN-UQ,observed_action_and_return_guard,forward,refresh_selected_target_on_current_observation,
61,,148,[],0,3,IGCR,measured_transition_feedback,,,False
61,True,149,,,3,RPN-UQ,observed_action_and_return_guard,forward,refresh_selected_target_on_current_observation,
62,,150,[],0,3,IGCR,measured_transition_feedback,,,False
62,True,151,,,3,RPN-UQ,observed_action_and_return_guard,forward,refresh_selected_target_on_current_observation,
63,,152,[],0,3,IGCR,measured_transition_feedback,,,False
63,True,153,,,3,RPN-UQ,observed_action_and_return_guard,forward,refresh_selected_target_on_current_observation,
64,,154,[],0,3,IGCR,measured_transition_feedback,,,False
64,,155,,,3,OV-SDF,consume_observation_whitelist,,,
64,,156,,,3,STGHP,propose_and_rank_observed_targets,,,
64,True,157,,,3,RPN-UQ,observed_action_and_return_guard,forward,refresh_selected_target_on_current_observation,
65,,158,[],0,3,IGCR,measured_transition_feedback,,,False
65,True,159,,,3,RPN-UQ,observed_action_and_return_guard,forward,refresh_selected_target_on_current_observation,
66,,160,[],0,3,IGCR,measured_transition_feedback,,,False
66,True,161,,,3,RPN-UQ,observed_action_and_return_guard,forward,refresh_selected_target_on_current_observation,
67,,162,[],0,3,IGCR,measured_transition_feedback,,,False
67,True,163,,,3,RPN-UQ,observed_action_and_return_guard,forward,refresh_selected_target_on_current_observation,
68,,164,[],0,3,IGCR,measured_transition_feedback,,,False
68,True,165,,,3,RPN-UQ,observed_action_and_return_guard,forward,refresh_selected_target_on_current_observation,
69,,166,[],0,3,IGCR,measured_transition_feedback,,,False
69,,167,,,3,OV-SDF,consume_observation_whitelist,,,
69,,168,,,3,STGHP,propose_and_rank_observed_targets,,,
69,True,169,,,3,RPN-UQ,observed_action_and_return_guard,forward,refresh_selected_target_on_current_observation,
70,,170,[],0,3,IGCR,measured_transition_feedback,,,False
70,True,171,,,3,RPN-UQ,observed_action_and_return_guard,forward,refresh_selected_target_on_current_observation,
71,,172,[],0,3,IGCR,measured_transition_feedback,,,False
71,True,173,,,3,RPN-UQ,observed_action_and_return_guard,forward,refresh_selected_target_on_current_observation,
72,,174,[],0,3,IGCR,measured_transition_feedback,,,False
72,True,175,,,3,RPN-UQ,observed_action_and_return_guard,forward,refresh_selected_target_on_current_observation,
73,,176,[],0,3,IGCR,measured_transition_feedback,,,False
73,True,177,,,3,RPN-UQ,observed_action_and_return_guard,forward,refresh_selected_target_on_current_observation,
74,,178,[],0,3,IGCR,measured_transition_feedback,,,False
74,,179,,,3,OV-SDF,consume_observation_whitelist,,,
74,,180,,,3,STGHP,propose_and_rank_observed_targets,,,
74,True,181,,,3,RPN-UQ,observed_action_and_return_guard,forward,refresh_selected_target_on_current_observation,
75,,182,[],0,3,IGCR,measured_transition_feedback,,,False
75,True,183,,,3,RPN-UQ,observed_action_and_return_guard,forward,refresh_selected_target_on_current_observation,
76,,184,[],0,3,IGCR,measured_transition_feedback,,,False
76,True,185,,,3,RPN-UQ,observed_action_and_return_guard,forward,refresh_selected_target_on_current_observation,
77,,186,[],0,3,IGCR,measured_transition_feedback,,,False
77,True,187,,,3,RPN-UQ,observed_action_and_return_guard,left,refresh_selected_target_on_current_observation,
78,,188,[],1,3,IGCR,measured_transition_feedback,,,False
78,True,189,,,3,RPN-UQ,observed_action_and_return_guard,forward,refresh_selected_target_on_current_observation,
79,,190,[],1,3,IGCR,measured_transition_feedback,,,False
79,,191,,,3,OV-SDF,consume_observation_whitelist,,,
79,,192,,,3,STGHP,propose_and_rank_observed_targets,,,
79,True,193,,,3,RPN-UQ,observed_action_and_return_guard,forward,refresh_selected_target_on_current_observation,
80,,194,[],0,3,IGCR,measured_transition_feedback,,,False
80,True,195,,,3,RPN-UQ,observed_action_and_return_guard,forward,refresh_selected_target_on_current_observation,
81,,196,[],0,3,IGCR,measured_transition_feedback,,,False
81,True,197,,,3,RPN-UQ,observed_action_and_return_guard,forward,refresh_selected_target_on_current_observation,
82,,198,[],0,3,IGCR,measured_transition_feedback,,,False
82,True,199,,,3,RPN-UQ,observed_action_and_return_guard,forward,refresh_selected_target_on_current_observation,
83,,200,[],0,3,IGCR,measured_transition_feedback,,,False
83,True,201,,,3,RPN-UQ,observed_action_and_return_guard,forward,refresh_selected_target_on_current_observation,
84,,202,[],0,3,IGCR,measured_transition_feedback,,,False
84,,203,,,3,OV-SDF,consume_observation_whitelist,,,
84,,204,,,3,STGHP,propose_and_rank_observed_targets,,,
84,True,205,,,3,RPN-UQ,observed_action_and_return_guard,right,refresh_selected_target_on_current_observation,
85,,206,[],0,3,IGCR,measured_transition_feedback,,,False
85,True,207,,,3,RPN-UQ,observed_action_and_return_guard,forward,refresh_selected_target_on_current_observation,
86,,208,[],0,3,IGCR,measured_transition_feedback,,,False
86,True,209,,,3,RPN-UQ,observed_action_and_return_guard,forward,refresh_selected_target_on_current_observation,
87,,210,[],0,3,IGCR,measured_transition_feedback,,,False
87,True,211,,,3,RPN-UQ,observed_action_and_return_guard,forward,refresh_selected_target_on_current_observation,
88,,212,[],0,3,IGCR,measured_transition_feedback,,,False
88,True,213,,,3,RPN-UQ,observed_action_and_return_guard,forward,refresh_selected_target_on_current_observation,
89,,214,[],0,3,IGCR,measured_transition_feedback,,,False
89,,215,,,3,OV-SDF,consume_observation_whitelist,,,
89,,216,,,3,STGHP,propose_and_rank_observed_targets,,,
89,True,217,,,3,RPN-UQ,observed_action_and_return_guard,forward,refresh_selected_target_on_current_observation,
90,,218,[],0,3,IGCR,measured_transition_feedback,,,False
90,True,219,,,3,RPN-UQ,observed_action_and_return_guard,forward,refresh_selected_target_on_current_observation,
91,,220,[],0,3,IGCR,measured_transition_feedback,,,False
91,True,221,,,3,RPN-UQ,observed_action_and_return_guard,forward,refresh_selected_target_on_current_observation,
92,,222,[],1,3,IGCR,measured_transition_feedback,,,False
92,True,223,,,3,RPN-UQ,observed_action_and_return_guard,forward,refresh_selected_target_on_current_observation,
93,,224,[],1,3,IGCR,measured_transition_feedback,,,False
93,True,225,,,3,RPN-UQ,observed_action_and_return_guard,forward,refresh_selected_target_on_current_observation,
94,,226,[],0,3,IGCR,measured_transition_feedback,,,False
94,,227,,,3,OV-SDF,consume_observation_whitelist,,,
94,,228,,,3,STGHP,propose_and_rank_observed_targets,,,
94,True,229,,,3,RPN-UQ,observed_action_and_return_guard,forward,refresh_selected_target_on_current_observation,
95,,230,[],0,3,IGCR,measured_transition_feedback,,,False
95,True,231,,,3,RPN-UQ,observed_action_and_return_guard,forward,refresh_selected_target_on_current_observation,
96,,232,[],0,3,IGCR,measured_transition_feedback,,,False
96,True,233,,,3,RPN-UQ,observed_action_and_return_guard,forward,refresh_selected_target_on_current_observation,
97,,234,[],0,3,IGCR,measured_transition_feedback,,,False
97,True,235,,,3,RPN-UQ,observed_action_and_return_guard,forward,refresh_selected_target_on_current_observation,
98,,236,[],0,3,IGCR,measured_transition_feedback,,,False
98,True,237,,,3,RPN-UQ,observed_action_and_return_guard,forward,refresh_selected_target_on_current_observation,
99,,238,[],0,3,IGCR,measured_transition_feedback,,,False
99,,239,,,3,OV-SDF,consume_observation_whitelist,,,
99,,240,,,3,STGHP,propose_and_rank_observed_targets,,,
99,True,241,,,3,RPN-UQ,observed_action_and_return_guard,forward,refresh_selected_target_on_current_observation,
100,,242,[],0,3,IGCR,measured_transition_feedback,,,False
100,True,243,,,3,RPN-UQ,observed_action_and_return_guard,forward,refresh_selected_target_on_current_observation,
101,,244,[],0,3,IGCR,measured_transition_feedback,,,False
101,True,245,,,3,RPN-UQ,observed_action_and_return_guard,forward,refresh_selected_target_on_current_observation,
102,,246,[],0,3,IGCR,measured_transition_feedback,,,False
102,True,247,,,3,RPN-UQ,observed_action_and_return_guard,forward,refresh_selected_target_on_current_observation,
103,,248,[],0,3,IGCR,measured_transition_feedback,,,False
103,True,249,,,3,RPN-UQ,observed_action_and_return_guard,forward,refresh_selected_target_on_current_observation,
104,,250,[],0,3,IGCR,measured_transition_feedback,,,False
104,,251,,,3,OV-SDF,consume_observation_whitelist,,,
104,,252,,,3,STGHP,propose_and_rank_observed_targets,,,
104,True,253,,,3,RPN-UQ,observed_action_and_return_guard,forward,refresh_selected_target_on_current_observation,
105,,254,[],0,3,IGCR,measured_transition_feedback,,,False
105,True,255,,,3,RPN-UQ,observed_action_and_return_guard,forward,refresh_selected_target_on_current_observation,
106,,256,[],0,3,IGCR,measured_transition_feedback,,,False
106,True,257,,,3,RPN-UQ,observed_action_and_return_guard,forward,refresh_selected_target_on_current_observation,
107,,258,[],0,3,IGCR,measured_transition_feedback,,,False
107,True,259,,,3,RPN-UQ,observed_action_and_return_guard,right,refresh_selected_target_on_current_observation,
108,,260,[],0,3,IGCR,measured_transition_feedback,,,False
108,True,261,,,3,RPN-UQ,observed_action_and_return_guard,forward,refresh_selected_target_on_current_observation,
109,,262,[],0,3,IGCR,measured_transition_feedback,,,False
109,,263,,,3,OV-SDF,consume_observation_whitelist,,,
109,,264,,,3,STGHP,propose_and_rank_observed_targets,,,
109,True,265,,,3,RPN-UQ,observed_action_and_return_guard,forward,refresh_selected_target_on_current_observation,
110,,266,[],0,3,IGCR,measured_transition_feedback,,,False
110,True,267,,,3,RPN-UQ,observed_action_and_return_guard,forward,refresh_selected_target_on_current_observation,
111,,268,[],0,3,IGCR,measured_transition_feedback,,,False
111,True,269,,,3,RPN-UQ,observed_action_and_return_guard,forward,refresh_selected_target_on_current_observation,
112,,270,[],0,3,IGCR,measured_transition_feedback,,,False
112,True,271,,,3,RPN-UQ,observed_action_and_return_guard,forward,refresh_selected_target_on_current_observation,
113,,272,[],0,3,IGCR,measured_transition_feedback,,,False
113,True,273,,,3,RPN-UQ,observed_action_and_return_guard,forward,refresh_selected_target_on_current_observation,
114,,274,[],0,3,IGCR,measured_transition_feedback,,,False
114,,275,,,3,OV-SDF,consume_observation_whitelist,,,
114,,276,,,3,STGHP,propose_and_rank_observed_targets,,,
114,True,277,,,3,RPN-UQ,observed_action_and_return_guard,forward,refresh_selected_target_on_current_observation,
115,,278,[],0,3,IGCR,measured_transition_feedback,,,False
115,True,279,,,3,RPN-UQ,observed_action_and_return_guard,forward,refresh_selected_target_on_current_observation,
116,,280,[],0,3,IGCR,measured_transition_feedback,,,False
116,True,281,,,3,RPN-UQ,observed_action_and_return_guard,forward,refresh_selected_target_on_current_observation,
117,,282,[],1,3,IGCR,measured_transition_feedback,,,False
117,True,283,,,3,RPN-UQ,observed_action_and_return_guard,left,refresh_selected_target_on_current_observation,
118,,284,[],0,3,IGCR,measured_transition_feedback,,,False
118,True,285,,,3,RPN-UQ,observed_action_and_return_guard,forward,refresh_selected_target_on_current_observation,
119,,286,[],0,3,IGCR,measured_transition_feedback,,,False
119,,287,,,3,OV-SDF,consume_observation_whitelist,,,
119,,288,,,3,STGHP,propose_and_rank_observed_targets,,,
119,True,289,,,3,RPN-UQ,observed_action_and_return_guard,forward,refresh_selected_target_on_current_observation,
120,,290,[],0,3,IGCR,measured_transition_feedback,,,False
120,True,291,,,3,RPN-UQ,observed_action_and_return_guard,forward,refresh_selected_target_on_current_observation,
121,,292,[],0,3,IGCR,measured_transition_feedback,,,False
121,True,293,,,3,RPN-UQ,observed_action_and_return_guard,forward,refresh_selected_target_on_current_observation,
122,,294,[],0,3,IGCR,measured_transition_feedback,,,False
122,True,295,,,3,RPN-UQ,observed_action_and_return_guard,forward,refresh_selected_target_on_current_observation,
123,,296,[],0,3,IGCR,measured_transition_feedback,,,False
123,True,297,,,3,RPN-UQ,observed_action_and_return_guard,forward,refresh_selected_target_on_current_observation,
124,,298,[],0,3,IGCR,measured_transition_feedback,,,False
124,,299,,,3,OV-SDF,consume_observation_whitelist,,,
124,,300,,,3,STGHP,propose_and_rank_observed_targets,,,
124,True,301,,,3,RPN-UQ,observed_action_and_return_guard,forward,refresh_selected_target_on_current_observation,
125,,302,[],1,3,IGCR,measured_transition_feedback,,,False
125,True,303,,,3,RPN-UQ,observed_action_and_return_guard,forward,refresh_selected_target_on_current_observation,
126,,304,[],0,3,IGCR,measured_transition_feedback,,,False
126,True,305,,,3,RPN-UQ,observed_action_and_return_guard,right,refresh_selected_target_on_current_observation,
127,,306,[],0,3,IGCR,measured_transition_feedback,,,False
127,True,307,,,3,RPN-UQ,observed_action_and_return_guard,forward,refresh_selected_target_on_current_observation,
128,,308,[],0,3,IGCR,measured_transition_feedback,,,False
128,True,309,,,3,RPN-UQ,observed_action_and_return_guard,forward,refresh_selected_target_on_current_observation,
129,,310,[],0,3,IGCR,measured_transition_feedback,,,False
129,,311,,,3,OV-SDF,consume_observation_whitelist,,,
129,,312,,,3,STGHP,propose_and_rank_observed_targets,,,
129,True,313,,,3,RPN-UQ,observed_action_and_return_guard,right,refresh_selected_target_on_current_observation,
130,,314,"[{""comparable_patches"":0,""cue_id"":""cue-0001"",""sector"":0,""status"":""unavailable_insufficient_common_measured_support""}]",0,3,IGCR,measured_transition_feedback,,,True
130,,315,,,3,OV-SDF,consume_observation_whitelist,,,
130,,316,,,3,STGHP,propose_and_rank_observed_targets,,,
130,True,317,,,3,RPN-UQ,observed_action_and_return_guard,left,refresh_selected_target_on_current_observation,
131,,318,[],0,3,IGCR,measured_transition_feedback,,,False
131,True,319,,,3,RPN-UQ,observed_action_and_return_guard,forward,refresh_selected_target_on_current_observation,
132,,320,[],0,3,IGCR,measured_transition_feedback,,,False
132,True,321,,,3,RPN-UQ,observed_action_and_return_guard,right,known_safe_return_within_budget,
133,,322,[],0,3,IGCR,measured_transition_feedback,,,False
133,True,323,,,3,RPN-UQ,observed_action_and_return_guard,forward,known_safe_return_within_budget,
134,,324,[],0,3,IGCR,measured_transition_feedback,,,False
134,True,325,,,3,RPN-UQ,observed_action_and_return_guard,forward,known_safe_return_within_budget,
135,,326,[],0,3,IGCR,measured_transition_feedback,,,False
135,,327,,,3,OV-SDF,consume_observation_whitelist,,,
135,,328,,,3,STGHP,propose_and_rank_observed_targets,,,
135,True,329,,,3,RPN-UQ,observed_action_and_return_guard,left,refresh_selected_target_on_current_observation,
136,,330,[],0,3,IGCR,measured_transition_feedback,,,False
136,True,331,,,3,RPN-UQ,observed_action_and_return_guard,left,refresh_selected_target_on_current_observation,
137,,332,[],0,3,IGCR,measured_transition_feedback,,,False
137,True,333,,,3,RPN-UQ,observed_action_and_return_guard,forward,refresh_selected_target_on_current_observation,
138,,334,[],0,3,IGCR,measured_transition_feedback,,,False
138,True,335,,,3,RPN-UQ,observed_action_and_return_guard,left,refresh_selected_target_on_current_observation,
139,,336,[],0,3,IGCR,measured_transition_feedback,,,False
139,True,337,,,3,RPN-UQ,observed_action_and_return_guard,left,refresh_selected_target_on_current_observation,
140,,338,"[{""comparable_patches"":0,""cue_id"":""cue-0001"",""sector"":0,""status"":""unavailable_insufficient_common_measured_support""}]",0,3,IGCR,measured_transition_feedback,,,True
140,,339,,,3,OV-SDF,consume_observation_whitelist,,,
140,,340,,,3,STGHP,propose_and_rank_observed_targets,,,
140,True,341,,,3,RPN-UQ,observed_action_and_return_guard,right,refresh_selected_target_on_current_observation,
141,,342,[],0,3,IGCR,measured_transition_feedback,,,False
141,True,343,,,3,RPN-UQ,observed_action_and_return_guard,forward,refresh_selected_target_on_current_observation,
142,,344,[],0,3,IGCR,measured_transition_feedback,,,False
142,True,345,,,3,RPN-UQ,observed_action_and_return_guard,right,refresh_selected_target_on_current_observation,
143,,346,[],0,3,IGCR,measured_transition_feedback,,,False
143,True,347,,,3,RPN-UQ,observed_action_and_return_guard,forward,refresh_selected_target_on_current_observation,
144,,348,[],0,3,IGCR,measured_transition_feedback,,,False
144,True,349,,,3,RPN-UQ,observed_action_and_return_guard,left,refresh_selected_target_on_current_observation,
145,,350,[],0,3,IGCR,measured_transition_feedback,,,False
145,,351,,,3,OV-SDF,consume_observation_whitelist,,,
145,,352,,,3,STGHP,propose_and_rank_observed_targets,,,
145,True,353,,,3,RPN-UQ,observed_action_and_return_guard,left,refresh_selected_target_on_current_observation,
146,,354,"[{""comparable_patches"":0,""cue_id"":""cue-0001"",""sector"":0,""status"":""unavailable_insufficient_common_measured_support""}]",0,3,IGCR,measured_transition_feedback,,,True
146,,355,,,3,OV-SDF,consume_observation_whitelist,,,
146,,356,,,3,STGHP,propose_and_rank_observed_targets,,,
146,True,357,,,3,RPN-UQ,observed_action_and_return_guard,forward,refresh_selected_target_on_current_observation,
147,,358,[],1,3,IGCR,measured_transition_feedback,,,False
147,True,359,,,3,RPN-UQ,observed_action_and_return_guard,forward,refresh_selected_target_on_current_observation,
148,,360,[],0,3,IGCR,measured_transition_feedback,,,False
148,True,361,,,3,RPN-UQ,observed_action_and_return_guard,forward,refresh_selected_target_on_current_observation,
149,,362,[],0,3,IGCR,measured_transition_feedback,,,False
149,True,363,,,3,RPN-UQ,observed_action_and_return_guard,forward,refresh_selected_target_on_current_observation,
150,,364,[],0,3,IGCR,measured_transition_feedback,,,False
150,True,365,,,3,RPN-UQ,observed_action_and_return_guard,forward,refresh_selected_target_on_current_observation,
151,,366,[],0,3,IGCR,measured_transition_feedback,,,False
151,,367,,,3,OV-SDF,consume_observation_whitelist,,,
151,,368,,,3,STGHP,propose_and_rank_observed_targets,,,
151,True,369,,,3,RPN-UQ,observed_action_and_return_guard,left,refresh_selected_target_on_current_observation,
152,,370,[],0,3,IGCR,measured_transition_feedback,,,False
152,True,371,,,3,RPN-UQ,observed_action_and_return_guard,left,refresh_selected_target_on_current_observation,
153,,372,[],0,3,IGCR,measured_transition_feedback,,,False
153,True,373,,,3,RPN-UQ,observed_action_and_return_guard,forward,refresh_selected_target_on_current_observation,
154,,374,[],0,3,IGCR,measured_transition_feedback,,,False
154,True,375,,,3,RPN-UQ,observed_action_and_return_guard,forward,refresh_selected_target_on_current_observation,
155,,376,[],0,3,IGCR,measured_transition_feedback,,,False
155,True,377,,,3,RPN-UQ,observed_action_and_return_guard,forward,refresh_selected_target_on_current_observation,
156,,378,[],0,3,IGCR,measured_transition_feedback,,,False
156,,379,,,3,OV-SDF,consume_observation_whitelist,,,
156,,380,,,3,STGHP,propose_and_rank_observed_targets,,,
156,True,381,,,3,RPN-UQ,observed_action_and_return_guard,forward,refresh_selected_target_on_current_observation,
157,,382,[],0,3,IGCR,measured_transition_feedback,,,False
157,True,383,,,3,RPN-UQ,observed_action_and_return_guard,forward,refresh_selected_target_on_current_observation,
158,,384,[],0,3,IGCR,measured_transition_feedback,,,False
158,True,385,,,3,RPN-UQ,observed_action_and_return_guard,left,refresh_selected_target_on_current_observation,
159,,386,[],0,3,IGCR,measured_transition_feedback,,,False
159,True,387,,,3,RPN-UQ,observed_action_and_return_guard,left,refresh_selected_target_on_current_observation,
160,,388,"[{""comparable_patches"":0,""cue_id"":""cue-0001"",""sector"":0,""status"":""unavailable_insufficient_common_measured_support""}]",0,3,IGCR,measured_transition_feedback,,,True
160,,389,,,3,OV-SDF,consume_observation_whitelist,,,
160,,390,,,3,STGHP,propose_and_rank_observed_targets,,,
160,True,391,,,3,RPN-UQ,observed_action_and_return_guard,forward,refresh_selected_target_on_current_observation,
161,,392,[],0,3,IGCR,measured_transition_feedback,,,False
161,True,393,,,3,RPN-UQ,observed_action_and_return_guard,forward,refresh_selected_target_on_current_observation,
162,,394,[],0,3,IGCR,measured_transition_feedback,,,False
162,True,395,,,3,RPN-UQ,observed_action_and_return_guard,forward,refresh_selected_target_on_current_observation,
163,,396,[],0,3,IGCR,measured_transition_feedback,,,False
163,True,397,,,3,RPN-UQ,observed_action_and_return_guard,forward,refresh_selected_target_on_current_observation,
164,,398,[],0,3,IGCR,measured_transition_feedback,,,False
164,True,399,,,3,RPN-UQ,observed_action_and_return_guard,forward,refresh_selected_target_on_current_observation,
165,,400,[],0,3,IGCR,measured_transition_feedback,,,False
165,,401,,,3,OV-SDF,consume_observation_whitelist,,,
165,,402,,,3,STGHP,propose_and_rank_observed_targets,,,
165,True,403,,,3,RPN-UQ,observed_action_and_return_guard,left,refresh_selected_target_on_current_observation,
166,,404,[],0,3,IGCR,measured_transition_feedback,,,False
166,True,405,,,3,RPN-UQ,observed_action_and_return_guard,left,refresh_selected_target_on_current_observation,
167,,406,[],0,3,IGCR,measured_transition_feedback,,,False
167,True,407,,,3,RPN-UQ,observed_action_and_return_guard,forward,refresh_selected_target_on_current_observation,
168,,408,[],0,3,IGCR,measured_transition_feedback,,,False
168,True,409,,,3,RPN-UQ,observed_action_and_return_guard,forward,refresh_selected_target_on_current_observation,
169,,410,[],0,3,IGCR,measured_transition_feedback,,,False
169,True,411,,,3,RPN-UQ,observed_action_and_return_guard,forward,refresh_selected_target_on_current_observation,
170,,412,[],0,3,IGCR,measured_transition_feedback,,,False
170,,413,,,3,OV-SDF,consume_observation_whitelist,,,
170,,414,,,3,STGHP,propose_and_rank_observed_targets,,,
170,True,415,,,3,RPN-UQ,observed_action_and_return_guard,forward,refresh_selected_target_on_current_observation,
171,,416,[],0,3,IGCR,measured_transition_feedback,,,False
171,True,417,,,3,RPN-UQ,observed_action_and_return_guard,forward,refresh_selected_target_on_current_observation,
172,,418,[],0,3,IGCR,measured_transition_feedback,,,False
172,True,419,,,3,RPN-UQ,observed_action_and_return_guard,left,refresh_selected_target_on_current_observation,
173,,420,[],0,3,IGCR,measured_transition_feedback,,,False
173,True,421,,,3,RPN-UQ,observed_action_and_return_guard,left,refresh_selected_target_on_current_observation,
174,,422,"[{""comparable_patches"":0,""cue_id"":""cue-0001"",""sector"":0,""status"":""unavailable_insufficient_common_measured_support""}]",0,3,IGCR,measured_transition_feedback,,,True
174,,423,,,3,OV-SDF,consume_observation_whitelist,,,
174,,424,,,3,STGHP,propose_and_rank_observed_targets,,,
174,True,425,,,3,RPN-UQ,observed_action_and_return_guard,forward,refresh_selected_target_on_current_observation,
175,,426,[],0,3,IGCR,measured_transition_feedback,,,False
175,True,427,,,3,RPN-UQ,observed_action_and_return_guard,forward,refresh_selected_target_on_current_observation,
176,,428,[],0,3,IGCR,measured_transition_feedback,,,False
176,True,429,,,3,RPN-UQ,observed_action_and_return_guard,forward,refresh_selected_target_on_current_observation,
177,,430,[],0,3,IGCR,measured_transition_feedback,,,False
177,True,431,,,3,RPN-UQ,observed_action_and_return_guard,forward,refresh_selected_target_on_current_observation,
178,,432,[],0,3,IGCR,measured_transition_feedback,,,False
178,True,433,,,3,RPN-UQ,observed_action_and_return_guard,forward,refresh_selected_target_on_current_observation,
179,,434,[],1,3,IGCR,measured_transition_feedback,,,False
179,,435,,,3,OV-SDF,consume_observation_whitelist,,,
179,,436,,,3,STGHP,propose_and_rank_observed_targets,,,
179,True,437,,,3,RPN-UQ,observed_action_and_return_guard,left,refresh_selected_target_on_current_observation,
180,,438,[],0,3,IGCR,measured_transition_feedback,,,False
180,True,439,,,3,RPN-UQ,observed_action_and_return_guard,left,refresh_selected_target_on_current_observation,
181,,440,[],0,3,IGCR,measured_transition_feedback,,,False
181,True,441,,,3,RPN-UQ,observed_action_and_return_guard,forward,refresh_selected_target_on_current_observation,
182,,442,[],0,3,IGCR,measured_transition_feedback,,,False
182,True,443,,,3,RPN-UQ,observed_action_and_return_guard,forward,refresh_selected_target_on_current_observation,
183,,444,[],0,3,IGCR,measured_transition_feedback,,,False
183,True,445,,,3,RPN-UQ,observed_action_and_return_guard,forward,refresh_selected_target_on_current_observation,
184,,446,[],0,3,IGCR,measured_transition_feedback,,,False
184,,447,,,3,OV-SDF,consume_observation_whitelist,,,
184,,448,,,3,STGHP,propose_and_rank_observed_targets,,,
184,True,449,,,3,RPN-UQ,observed_action_and_return_guard,forward,refresh_selected_target_on_current_observation,
185,,450,[],0,3,IGCR,measured_transition_feedback,,,False
185,True,451,,,3,RPN-UQ,observed_action_and_return_guard,forward,refresh_selected_target_on_current_observation,
186,,452,[],0,3,IGCR,measured_transition_feedback,,,False
186,True,453,,,3,RPN-UQ,observed_action_and_return_guard,left,refresh_selected_target_on_current_observation,
187,,454,[],0,3,IGCR,measured_transition_feedback,,,False
187,True,455,,,3,RPN-UQ,observed_action_and_return_guard,left,refresh_selected_target_on_current_observation,
188,,456,"[{""comparable_patches"":0,""cue_id"":""cue-0001"",""sector"":0,""status"":""unavailable_insufficient_common_measured_support""}]",0,3,IGCR,measured_transition_feedback,,,True
188,,457,,,3,OV-SDF,consume_observation_whitelist,,,
188,,458,,,3,STGHP,propose_and_rank_observed_targets,,,
188,True,459,,,3,RPN-UQ,observed_action_and_return_guard,forward,refresh_selected_target_on_current_observation,
189,,460,[],0,3,IGCR,measured_transition_feedback,,,False
189,True,461,,,3,RPN-UQ,observed_action_and_return_guard,forward,refresh_selected_target_on_current_observation,
190,,462,[],0,3,IGCR,measured_transition_feedback,,,False
190,True,463,,,3,RPN-UQ,observed_action_and_return_guard,forward,refresh_selected_target_on_current_observation,
191,,464,[],0,3,IGCR,measured_transition_feedback,,,False
191,True,465,,,3,RPN-UQ,observed_action_and_return_guard,forward,refresh_selected_target_on_current_observation,
192,,466,[],0,3,IGCR,measured_transition_feedback,,,False
192,True,467,,,3,RPN-UQ,observed_action_and_return_guard,forward,refresh_selected_target_on_current_observation,
193,,468,[],0,3,IGCR,measured_transition_feedback,,,False
193,,469,,,3,OV-SDF,consume_observation_whitelist,,,
193,,470,,,3,STGHP,propose_and_rank_observed_targets,,,
193,True,471,,,3,RPN-UQ,observed_action_and_return_guard,left,refresh_selected_target_on_current_observation,
194,,472,[],0,3,IGCR,measured_transition_feedback,,,False
194,True,473,,,3,RPN-UQ,observed_action_and_return_guard,left,refresh_selected_target_on_current_observation,
195,,474,[],0,3,IGCR,measured_transition_feedback,,,False
195,True,475,,,3,RPN-UQ,observed_action_and_return_guard,forward,refresh_selected_target_on_current_observation,
196,,476,[],0,3,IGCR,measured_transition_feedback,,,False
196,True,477,,,3,RPN-UQ,observed_action_and_return_guard,forward,refresh_selected_target_on_current_observation,
197,,478,[],0,3,IGCR,measured_transition_feedback,,,False
197,True,479,,,3,RPN-UQ,observed_action_and_return_guard,forward,refresh_selected_target_on_current_observation,
198,,480,[],0,3,IGCR,measured_transition_feedback,,,False
198,,481,,,3,OV-SDF,consume_observation_whitelist,,,
198,,482,,,3,STGHP,propose_and_rank_observed_targets,,,
198,True,483,,,3,RPN-UQ,observed_action_and_return_guard,forward,refresh_selected_target_on_current_observation,
199,,484,[],1,3,IGCR,measured_transition_feedback,,,False
199,True,485,,,3,RPN-UQ,observed_action_and_return_guard,forward,refresh_selected_target_on_current_observation,
200,,486,[],0,3,IGCR,measured_transition_feedback,,,False
200,True,487,,,3,RPN-UQ,observed_action_and_return_guard,left,refresh_selected_target_on_current_observation,
201,,488,[],0,3,IGCR,measured_transition_feedback,,,False
201,True,489,,,3,RPN-UQ,observed_action_and_return_guard,left,refresh_selected_target_on_current_observation,
202,,490,"[{""comparable_patches"":0,""cue_id"":""cue-0001"",""sector"":0,""status"":""unavailable_insufficient_common_measured_support""}]",0,3,IGCR,measured_transition_feedback,,,True
202,,491,,,3,OV-SDF,consume_observation_whitelist,,,
202,,492,,,3,STGHP,propose_and_rank_observed_targets,,,
202,True,493,,,3,RPN-UQ,observed_action_and_return_guard,forward,refresh_selected_target_on_current_observation,
203,,494,[],0,3,IGCR,measured_transition_feedback,,,False
203,True,495,,,3,RPN-UQ,observed_action_and_return_guard,forward,refresh_selected_target_on_current_observation,
204,,496,[],1,3,IGCR,measured_transition_feedback,,,False
204,True,497,,,3,RPN-UQ,observed_action_and_return_guard,forward,refresh_selected_target_on_current_observation,
205,,498,[],0,3,IGCR,measured_transition_feedback,,,False
205,True,499,,,3,RPN-UQ,observed_action_and_return_guard,forward,refresh_selected_target_on_current_observation,
206,,500,[],0,3,IGCR,measured_transition_feedback,,,False
206,True,501,,,3,RPN-UQ,observed_action_and_return_guard,forward,refresh_selected_target_on_current_observation,
207,,502,[],0,3,IGCR,measured_transition_feedback,,,False
207,,503,,,3,OV-SDF,consume_observation_whitelist,,,
207,,504,,,3,STGHP,propose_and_rank_observed_targets,,,
207,True,505,,,3,RPN-UQ,observed_action_and_return_guard,left,refresh_selected_target_on_current_observation,
208,,506,[],0,3,IGCR,measured_transition_feedback,,,False
208,True,507,,,3,RPN-UQ,observed_action_and_return_guard,left,refresh_selected_target_on_current_observation,
209,,508,[],0,3,IGCR,measured_transition_feedback,,,False
209,True,509,,,3,RPN-UQ,observed_action_and_return_guard,forward,refresh_selected_target_on_current_observation,
210,,510,[],0,3,IGCR,measured_transition_feedback,,,False
210,True,511,,,3,RPN-UQ,observed_action_and_return_guard,forward,refresh_selected_target_on_current_observation,
211,,512,[],0,3,IGCR,measured_transition_feedback,,,False
211,True,513,,,3,RPN-UQ,observed_action_and_return_guard,forward,refresh_selected_target_on_current_observation,
212,,514,[],0,3,IGCR,measured_transition_feedback,,,False
212,,515,,,3,OV-SDF,consume_observation_whitelist,,,
212,,516,,,3,STGHP,propose_and_rank_observed_targets,,,
212,True,517,,,3,RPN-UQ,observed_action_and_return_guard,forward,refresh_selected_target_on_current_observation,
213,,518,[],0,3,IGCR,measured_transition_feedback,,,False
213,True,519,,,3,RPN-UQ,observed_action_and_return_guard,forward,refresh_selected_target_on_current_observation,
214,,520,[],1,3,IGCR,measured_transition_feedback,,,False
214,True,521,,,3,RPN-UQ,observed_action_and_return_guard,left,refresh_selected_target_on_current_observation,
215,,522,[],0,3,IGCR,measured_transition_feedback,,,False
215,True,523,,,3,RPN-UQ,observed_action_and_return_guard,left,refresh_selected_target_on_current_observation,
216,,524,"[{""comparable_patches"":0,""cue_id"":""cue-0001"",""sector"":0,""status"":""unavailable_insufficient_common_measured_support""}]",0,3,IGCR,measured_transition_feedback,,,True
216,,525,,,3,OV-SDF,consume_observation_whitelist,,,
216,,526,,,3,STGHP,propose_and_rank_observed_targets,,,
216,True,527,,,3,RPN-UQ,observed_action_and_return_guard,forward,refresh_selected_target_on_current_observation,
217,,528,[],0,3,IGCR,measured_transition_feedback,,,False
217,True,529,,,3,RPN-UQ,observed_action_and_return_guard,forward,refresh_selected_target_on_current_observation,
218,,530,[],0,3,IGCR,measured_transition_feedback,,,False
218,True,531,,,3,RPN-UQ,observed_action_and_return_guard,forward,refresh_selected_target_on_current_observation,
219,,532,[],1,3,IGCR,measured_transition_feedback,,,False
219,True,533,,,3,RPN-UQ,observed_action_and_return_guard,forward,refresh_selected_target_on_current_observation,
220,,534,[],0,3,IGCR,measured_transition_feedback,,,False
220,True,535,,,3,RPN-UQ,observed_action_and_return_guard,right,refresh_selected_target_on_current_observation,
221,,536,[],0,3,IGCR,measured_transition_feedback,,,False
221,,537,,,3,OV-SDF,consume_observation_whitelist,,,
221,,538,,,3,STGHP,propose_and_rank_observed_targets,,,
221,True,539,,,3,RPN-UQ,observed_action_and_return_guard,right,refresh_selected_target_on_current_observation,
222,,540,[],0,3,IGCR,measured_transition_feedback,,,False
222,True,541,,,3,RPN-UQ,observed_action_and_return_guard,forward,refresh_selected_target_on_current_observation,
223,,542,[],0,3,IGCR,measured_transition_feedback,,,False
223,True,543,,,3,RPN-UQ,observed_action_and_return_guard,forward,refresh_selected_target_on_current_observation,
224,,544,[],0,3,IGCR,measured_transition_feedback,,,False
224,True,545,,,3,RPN-UQ,observed_action_and_return_guard,forward,refresh_selected_target_on_current_observation,
225,,546,[],0,3,IGCR,measured_transition_feedback,,,False
225,True,547,,,3,RPN-UQ,observed_action_and_return_guard,forward,refresh_selected_target_on_current_observation,
226,,548,[],0,3,IGCR,measured_transition_feedback,,,False
226,,549,,,3,OV-SDF,consume_observation_whitelist,,,
226,,550,,,3,STGHP,propose_and_rank_observed_targets,,,
226,True,551,,,3,RPN-UQ,observed_action_and_return_guard,left,refresh_selected_target_on_current_observation,
227,,552,[],0,3,IGCR,measured_transition_feedback,,,False
227,True,553,,,3,RPN-UQ,observed_action_and_return_guard,left,refresh_selected_target_on_current_observation,
228,,554,"[{""comparable_patches"":0,""cue_id"":""cue-0001"",""sector"":0,""status"":""unavailable_insufficient_common_measured_support""}]",0,3,IGCR,measured_transition_feedback,,,True
228,,555,,,3,OV-SDF,consume_observation_whitelist,,,
228,,556,,,3,STGHP,propose_and_rank_observed_targets,,,
228,True,557,,,3,RPN-UQ,observed_action_and_return_guard,forward,refresh_selected_target_on_current_observation,
229,,558,[],0,3,IGCR,measured_transition_feedback,,,False
229,True,559,,,3,RPN-UQ,observed_action_and_return_guard,forward,refresh_selected_target_on_current_observation,
230,,560,[],0,3,IGCR,measured_transition_feedback,,,False
230,True,561,,,3,RPN-UQ,observed_action_and_return_guard,forward,refresh_selected_target_on_current_observation,
231,,562,[],0,3,IGCR,measured_transition_feedback,,,False
231,True,563,,,3,RPN-UQ,observed_action_and_return_guard,forward,refresh_selected_target_on_current_observation,
232,,564,[],0,3,IGCR,measured_transition_feedback,,,False
232,True,565,,,3,RPN-UQ,observed_action_and_return_guard,forward,refresh_selected_target_on_current_observation,
233,,566,[],0,3,IGCR,measured_transition_feedback,,,False
233,,567,,,3,OV-SDF,consume_observation_whitelist,,,
233,,568,,,3,STGHP,propose_and_rank_observed_targets,,,
233,True,569,,,3,RPN-UQ,observed_action_and_return_guard,left,refresh_selected_target_on_current_observation,
234,,570,[],0,3,IGCR,measured_transition_feedback,,,False
234,True,571,,,3,RPN-UQ,observed_action_and_return_guard,left,refresh_selected_target_on_current_observation,
235,,572,[],0,3,IGCR,measured_transition_feedback,,,False
235,True,573,,,3,RPN-UQ,observed_action_and_return_guard,forward,refresh_selected_target_on_current_observation,
236,,574,[],0,3,IGCR,measured_transition_feedback,,,False
236,True,575,,,3,RPN-UQ,observed_action_and_return_guard,forward,refresh_selected_target_on_current_observation,
237,,576,[],0,3,IGCR,measured_transition_feedback,,,False
237,True,577,,,3,RPN-UQ,observed_action_and_return_guard,forward,refresh_selected_target_on_current_observation,
238,,578,[],0,3,IGCR,measured_transition_feedback,,,False
238,,579,,,3,OV-SDF,consume_observation_whitelist,,,
238,,580,,,3,STGHP,propose_and_rank_observed_targets,,,
238,True,581,,,3,RPN-UQ,observed_action_and_return_guard,forward,refresh_selected_target_on_current_observation,
239,,582,[],1,3,IGCR,measured_transition_feedback,,,False
239,True,583,,,3,RPN-UQ,observed_action_and_return_guard,forward,refresh_selected_target_on_current_observation,
240,,584,[],0,3,IGCR,measured_transition_feedback,,,False
240,True,585,,,3,RPN-UQ,observed_action_and_return_guard,left,refresh_selected_target_on_current_observation,
241,,586,[],0,3,IGCR,measured_transition_feedback,,,False
241,True,587,,,3,RPN-UQ,observed_action_and_return_guard,left,refresh_selected_target_on_current_observation,
242,,588,"[{""comparable_patches"":2,""cue_id"":""cue-0001"",""sector"":0,""status"":""unavailable_insufficient_common_measured_support""}]",0,3,IGCR,measured_transition_feedback,,,True
242,,589,,,3,OV-SDF,consume_observation_whitelist,,,
242,,590,,,3,STGHP,propose_and_rank_observed_targets,,,
242,True,591,,,3,RPN-UQ,observed_action_and_return_guard,forward,refresh_selected_target_on_current_observation,
243,,592,[],0,3,IGCR,measured_transition_feedback,,,False
243,True,593,,,3,RPN-UQ,observed_action_and_return_guard,forward,refresh_selected_target_on_current_observation,
244,,594,[],0,3,IGCR,measured_transition_feedback,,,False
244,True,595,,,3,RPN-UQ,observed_action_and_return_guard,forward,refresh_selected_target_on_current_observation,
245,,596,[],0,3,IGCR,measured_transition_feedback,,,False
245,True,597,,,3,RPN-UQ,observed_action_and_return_guard,forward,refresh_selected_target_on_current_observation,
246,,598,[],0,3,IGCR,measured_transition_feedback,,,False
246,True,599,,,3,RPN-UQ,observed_action_and_return_guard,forward,refresh_selected_target_on_current_observation,
247,,600,[],1,3,IGCR,measured_transition_feedback,,,False
247,,601,,,3,OV-SDF,consume_observation_whitelist,,,
247,,602,,,3,STGHP,propose_and_rank_observed_targets,,,
247,True,603,,,3,RPN-UQ,observed_action_and_return_guard,left,refresh_selected_target_on_current_observation,
248,,604,[],0,3,IGCR,measured_transition_feedback,,,False
248,True,605,,,3,RPN-UQ,observed_action_and_return_guard,left,refresh_selected_target_on_current_observation,
249,,606,[],0,3,IGCR,measured_transition_feedback,,,False
249,True,607,,,3,RPN-UQ,observed_action_and_return_guard,forward,refresh_selected_target_on_current_observation,
250,,608,[],0,3,IGCR,measured_transition_feedback,,,False
250,True,609,,,3,RPN-UQ,observed_action_and_return_guard,forward,refresh_selected_target_on_current_observation,
251,,610,[],1,3,IGCR,measured_transition_feedback,,,False
251,True,611,,,3,RPN-UQ,observed_action_and_return_guard,forward,refresh_selected_target_on_current_observation,
252,,612,[],0,3,IGCR,measured_transition_feedback,,,False
252,,613,,,3,OV-SDF,consume_observation_whitelist,,,
252,,614,,,3,STGHP,propose_and_rank_observed_targets,,,
252,True,615,,,3,RPN-UQ,observed_action_and_return_guard,forward,refresh_selected_target_on_current_observation,
253,,616,[],0,3,IGCR,measured_transition_feedback,,,False
253,True,617,,,3,RPN-UQ,observed_action_and_return_guard,forward,refresh_selected_target_on_current_observation,
254,,618,[],0,3,IGCR,measured_transition_feedback,,,False
254,True,619,,,3,RPN-UQ,observed_action_and_return_guard,left,refresh_selected_target_on_current_observation,
255,,620,[],0,3,IGCR,measured_transition_feedback,,,False
255,True,621,,,3,RPN-UQ,observed_action_and_return_guard,left,refresh_selected_target_on_current_observation,
256,,622,"[{""comparable_patches"":0,""cue_id"":""cue-0001"",""sector"":0,""status"":""unavailable_insufficient_common_measured_support""}]",0,3,IGCR,measured_transition_feedback,,,True
256,,623,,,3,OV-SDF,consume_observation_whitelist,,,
256,,624,,,3,STGHP,propose_and_rank_observed_targets,,,
256,True,625,,,3,RPN-UQ,observed_action_and_return_guard,forward,refresh_selected_target_on_current_observation,
257,,626,[],0,3,IGCR,measured_transition_feedback,,,False
257,True,627,,,3,RPN-UQ,observed_action_and_return_guard,forward,refresh_selected_target_on_current_observation,
258,,628,[],0,3,IGCR,measured_transition_feedback,,,False
258,True,629,,,3,RPN-UQ,observed_action_and_return_guard,forward,refresh_selected_target_on_current_observation,
259,,630,[],1,3,IGCR,measured_transition_feedback,,,False
259,True,631,,,3,RPN-UQ,observed_action_and_return_guard,forward,refresh_selected_target_on_current_observation,
260,,632,[],0,3,IGCR,measured_transition_feedback,,,False
260,True,633,,,3,RPN-UQ,observed_action_and_return_guard,forward,refresh_selected_target_on_current_observation,
261,,634,[],0,3,IGCR,measured_transition_feedback,,,False
261,,635,,,3,OV-SDF,consume_observation_whitelist,,,
261,,636,,,3,STGHP,propose_and_rank_observed_targets,,,
261,True,637,,,3,RPN-UQ,observed_action_and_return_guard,right,refresh_selected_target_on_current_observation,
262,,638,[],0,3,IGCR,measured_transition_feedback,,,False
262,True,639,,,3,RPN-UQ,observed_action_and_return_guard,forward,refresh_selected_target_on_current_observation,
263,,640,[],0,3,IGCR,measured_transition_feedback,,,False
263,True,641,,,3,RPN-UQ,observed_action_and_return_guard,forward,refresh_selected_target_on_current_observation,
264,,642,[],1,3,IGCR,measured_transition_feedback,,,False
264,True,643,,,3,RPN-UQ,observed_action_and_return_guard,forward,refresh_selected_target_on_current_observation,
265,,644,[],0,3,IGCR,measured_transition_feedback,,,False
265,True,645,,,3,RPN-UQ,observed_action_and_return_guard,forward,refresh_selected_target_on_current_observation,
266,,646,[],0,3,IGCR,measured_transition_feedback,,,False
266,,647,,,3,OV-SDF,consume_observation_whitelist,,,
266,,648,,,3,STGHP,propose_and_rank_observed_targets,,,
266,True,649,,,3,RPN-UQ,observed_action_and_return_guard,right,refresh_selected_target_on_current_observation,
267,,650,[],0,3,IGCR,measured_transition_feedback,,,False
267,True,651,,,3,RPN-UQ,observed_action_and_return_guard,forward,refresh_selected_target_on_current_observation,
268,,652,[],0,3,IGCR,measured_transition_feedback,,,False
268,True,653,,,3,RPN-UQ,observed_action_and_return_guard,right,refresh_selected_target_on_current_observation,
269,,654,"[{""comparable_patches"":0,""cue_id"":""cue-0001"",""sector"":1,""status"":""unavailable_insufficient_common_measured_support""}]",0,3,IGCR,measured_transition_feedback,,,True
269,,655,,,3,OV-SDF,consume_observation_whitelist,,,
269,,656,,,3,STGHP,propose_and_rank_observed_targets,,,
269,True,657,,,3,RPN-UQ,observed_action_and_return_guard,forward,refresh_selected_target_on_current_observation,
270,,658,[],0,3,IGCR,measured_transition_feedback,,,False
270,True,659,,,3,RPN-UQ,observed_action_and_return_guard,forward,refresh_selected_target_on_current_observation,
271,,660,[],0,3,IGCR,measured_transition_feedback,,,False
271,True,661,,,3,RPN-UQ,observed_action_and_return_guard,forward,refresh_selected_target_on_current_observation,
272,,662,[],0,3,IGCR,measured_transition_feedback,,,False
272,True,663,,,3,RPN-UQ,observed_action_and_return_guard,forward,refresh_selected_target_on_current_observation,
273,,664,[],0,3,IGCR,measured_transition_feedback,,,False
273,True,665,,,3,RPN-UQ,observed_action_and_return_guard,left,refresh_selected_target_on_current_observation,
274,,666,[],0,3,IGCR,measured_transition_feedback,,,False
274,,667,,,3,OV-SDF,consume_observation_whitelist,,,
274,,668,,,3,STGHP,propose_and_rank_observed_targets,,,
274,True,669,,,3,RPN-UQ,observed_action_and_return_guard,left,refresh_selected_target_on_current_observation,
275,,670,[],0,3,IGCR,measured_transition_feedback,,,False
275,True,671,,,3,RPN-UQ,observed_action_and_return_guard,forward,refresh_selected_target_on_current_observation,
276,,672,[],0,3,IGCR,measured_transition_feedback,,,False
276,True,673,,,3,RPN-UQ,observed_action_and_return_guard,forward,refresh_selected_target_on_current_observation,
277,,674,[],0,3,IGCR,measured_transition_feedback,,,False
277,True,675,,,3,RPN-UQ,observed_action_and_return_guard,forward,refresh_selected_target_on_current_observation,
278,,676,[],0,3,IGCR,measured_transition_feedback,,,False
278,True,677,,,3,RPN-UQ,observed_action_and_return_guard,left,refresh_selected_target_on_current_observation,
279,,678,[],0,3,IGCR,measured_transition_feedback,,,False
279,,679,,,3,OV-SDF,consume_observation_whitelist,,,
279,,680,,,3,STGHP,propose_and_rank_observed_targets,,,
279,True,681,,,3,RPN-UQ,observed_action_and_return_guard,right,refresh_selected_target_on_current_observation,
280,,682,[],0,3,IGCR,measured_transition_feedback,,,False
280,True,683,,,3,RPN-UQ,observed_action_and_return_guard,forward,refresh_selected_target_on_current_observation,
281,,684,[],0,3,IGCR,measured_transition_feedback,,,False
281,True,685,,,3,RPN-UQ,observed_action_and_return_guard,left,refresh_selected_target_on_current_observation,
282,,686,[],0,3,IGCR,measured_transition_feedback,,,False
282,True,687,,,3,RPN-UQ,observed_action_and_return_guard,left,refresh_selected_target_on_current_observation,
283,,688,"[{""comparable_patches"":0,""cue_id"":""cue-0001"",""sector"":1,""status"":""unavailable_insufficient_common_measured_support""}]",0,3,IGCR,measured_transition_feedback,,,True
283,,689,,,3,OV-SDF,consume_observation_whitelist,,,
283,,690,,,3,STGHP,propose_and_rank_observed_targets,,,
283,True,691,,,3,RPN-UQ,observed_action_and_return_guard,right,refresh_selected_target_on_current_observation,
284,,692,[],0,3,IGCR,measured_transition_feedback,,,False
284,True,693,,,3,RPN-UQ,observed_action_and_return_guard,forward,refresh_selected_target_on_current_observation,
285,,694,[],0,3,IGCR,measured_transition_feedback,,,False
285,True,695,,,3,RPN-UQ,observed_action_and_return_guard,forward,refresh_selected_target_on_current_observation,
286,,696,[],0,3,IGCR,measured_transition_feedback,,,False
286,True,697,,,3,RPN-UQ,observed_action_and_return_guard,forward,refresh_selected_target_on_current_observation,
287,,698,[],0,3,IGCR,measured_transition_feedback,,,False
287,True,699,,,3,RPN-UQ,observed_action_and_return_guard,forward,refresh_selected_target_on_current_observation,
288,,700,[],0,3,IGCR,measured_transition_feedback,,,False
288,,701,,,3,OV-SDF,consume_observation_whitelist,,,
288,,702,,,3,STGHP,propose_and_rank_observed_targets,,,
288,True,703,,,3,RPN-UQ,observed_action_and_return_guard,forward,refresh_selected_target_on_current_observation,
289,,704,[],0,3,IGCR,measured_transition_feedback,,,False
289,True,705,,,3,RPN-UQ,observed_action_and_return_guard,forward,refresh_selected_target_on_current_observation,
290,,706,[],0,3,IGCR,measured_transition_feedback,,,False
290,True,707,,,3,RPN-UQ,observed_action_and_return_guard,forward,refresh_selected_target_on_current_observation,
291,,708,[],0,3,IGCR,measured_transition_feedback,,,False
291,True,709,,,3,RPN-UQ,observed_action_and_return_guard,forward,refresh_selected_target_on_current_observation,
292,,710,[],0,3,IGCR,measured_transition_feedback,,,False
292,True,711,,,3,RPN-UQ,observed_action_and_return_guard,forward,refresh_selected_target_on_current_observation,
293,,712,[],1,3,IGCR,measured_transition_feedback,,,False
293,,713,,,3,OV-SDF,consume_observation_whitelist,,,
293,,714,,,3,STGHP,propose_and_rank_observed_targets,,,
293,True,715,,,3,RPN-UQ,observed_action_and_return_guard,forward,refresh_selected_target_on_current_observation,
294,,716,[],0,3,IGCR,measured_transition_feedback,,,False
294,True,717,,,3,RPN-UQ,observed_action_and_return_guard,forward,refresh_selected_target_on_current_observation,
295,,718,[],0,3,IGCR,measured_transition_feedback,,,False
295,True,719,,,3,RPN-UQ,observed_action_and_return_guard,forward,refresh_selected_target_on_current_observation,
296,,720,[],0,3,IGCR,measured_transition_feedback,,,False
296,True,721,,,3,RPN-UQ,observed_action_and_return_guard,forward,refresh_selected_target_on_current_observation,
297,,722,[],0,3,IGCR,measured_transition_feedback,,,False
297,True,723,,,3,RPN-UQ,observed_action_and_return_guard,forward,refresh_selected_target_on_current_observation,
298,,724,[],0,3,IGCR,measured_transition_feedback,,,False
298,,725,,,3,OV-SDF,consume_observation_whitelist,,,
298,,726,,,3,STGHP,propose_and_rank_observed_targets,,,
298,True,727,,,3,RPN-UQ,observed_action_and_return_guard,forward,refresh_selected_target_on_current_observation,
299,,728,[],0,3,IGCR,measured_transition_feedback,,,False
299,True,729,,,3,RPN-UQ,observed_action_and_return_guard,forward,refresh_selected_target_on_current_observation,
300,,730,[],1,3,IGCR,measured_transition_feedback,,,False
300,True,731,,,3,RPN-UQ,observed_action_and_return_guard,left,refresh_selected_target_on_current_observation,
301,,732,[],0,3,IGCR,measured_transition_feedback,,,False
301,True,733,,,3,RPN-UQ,observed_action_and_return_guard,forward,refresh_selected_target_on_current_observation,
302,,734,[],0,3,IGCR,measured_transition_feedback,,,False
302,True,735,,,3,RPN-UQ,observed_action_and_return_guard,forward,refresh_selected_target_on_current_observation,
303,,736,[],0,3,IGCR,measured_transition_feedback,,,False
303,,737,,,3,OV-SDF,consume_observation_whitelist,,,
303,,738,,,3,STGHP,propose_and_rank_observed_targets,,,
303,True,739,,,3,RPN-UQ,observed_action_and_return_guard,forward,refresh_selected_target_on_current_observation,
304,,740,[],0,3,IGCR,measured_transition_feedback,,,False
304,True,741,,,3,RPN-UQ,observed_action_and_return_guard,left,known_safe_return_within_budget,
305,,742,[],0,3,IGCR,measured_transition_feedback,,,False
305,True,743,,,3,RPN-UQ,observed_action_and_return_guard,left,known_safe_return_within_budget,
306,,744,[],0,3,IGCR,measured_transition_feedback,,,False
306,True,745,,,3,RPN-UQ,observed_action_and_return_guard,forward,known_safe_return_within_budget,
307,,746,[],0,3,IGCR,measured_transition_feedback,,,False
307,True,747,,,3,RPN-UQ,observed_action_and_return_guard,forward,known_safe_return_within_budget,
308,,748,[],0,3,IGCR,measured_transition_feedback,,,False
308,,749,,,3,OV-SDF,consume_observation_whitelist,,,
308,,750,,,3,STGHP,propose_and_rank_observed_targets,,,
308,True,751,,,3,RPN-UQ,observed_action_and_return_guard,left,refresh_selected_target_on_current_observation,
309,,752,[],0,3,IGCR,measured_transition_feedback,,,False
309,True,753,,,3,RPN-UQ,observed_action_and_return_guard,left,refresh_selected_target_on_current_observation,
310,,754,[],0,3,IGCR,measured_transition_feedback,,,False
310,True,755,,,3,RPN-UQ,observed_action_and_return_guard,right,known_safe_return_within_budget,
311,,756,[],0,3,IGCR,measured_transition_feedback,,,False
311,True,757,,,3,RPN-UQ,observed_action_and_return_guard,forward,known_safe_return_within_budget,
312,,758,[],2,3,IGCR,measured_transition_feedback,,,False
312,True,759,,,3,RPN-UQ,observed_action_and_return_guard,right,known_safe_return_within_budget,
313,,760,[],0,3,IGCR,measured_transition_feedback,,,False
313,,761,,,3,OV-SDF,consume_observation_whitelist,,,
313,,762,,,3,STGHP,propose_and_rank_observed_targets,,,
313,True,763,,,3,RPN-UQ,observed_action_and_return_guard,right,refresh_selected_target_on_current_observation,
314,,764,[],0,3,IGCR,measured_transition_feedback,,,False
314,True,765,,,3,RPN-UQ,observed_action_and_return_guard,forward,refresh_selected_target_on_current_observation,
315,,766,[],1,3,IGCR,measured_transition_feedback,,,False
315,True,767,,,3,RPN-UQ,observed_action_and_return_guard,right,refresh_selected_target_on_current_observation,
316,,768,[],0,3,IGCR,measured_transition_feedback,,,False
316,True,769,,,3,RPN-UQ,observed_action_and_return_guard,forward,refresh_selected_target_on_current_observation,
317,,770,[],0,3,IGCR,measured_transition_feedback,,,False
317,True,771,,,3,RPN-UQ,observed_action_and_return_guard,forward,refresh_selected_target_on_current_observation,
318,,772,[],0,3,IGCR,measured_transition_feedback,,,False
318,,773,,,3,OV-SDF,consume_observation_whitelist,,,
318,,774,,,3,STGHP,propose_and_rank_observed_targets,,,
318,True,775,,,3,RPN-UQ,observed_action_and_return_guard,forward,refresh_selected_target_on_current_observation,
319,,776,[],0,3,IGCR,measured_transition_feedback,,,False
319,True,777,,,3,RPN-UQ,observed_action_and_return_guard,forward,refresh_selected_target_on_current_observation,
320,,778,[],0,3,IGCR,measured_transition_feedback,,,False
320,True,779,,,3,RPN-UQ,observed_action_and_return_guard,forward,refresh_selected_target_on_current_observation,
321,,780,[],0,3,IGCR,measured_transition_feedback,,,False
321,True,781,,,3,RPN-UQ,observed_action_and_return_guard,forward,refresh_selected_target_on_current_observation,
322,,782,[],0,3,IGCR,measured_transition_feedback,,,False
322,True,783,,,3,RPN-UQ,observed_action_and_return_guard,forward,refresh_selected_target_on_current_observation,
323,,784,[],0,3,IGCR,measured_transition_feedback,,,False
323,,785,,,3,OV-SDF,consume_observation_whitelist,,,
323,,786,,,3,STGHP,propose_and_rank_observed_targets,,,
323,True,787,,,3,RPN-UQ,observed_action_and_return_guard,forward,refresh_selected_target_on_current_observation,
324,,788,[],0,3,IGCR,measured_transition_feedback,,,False
324,True,789,,,3,RPN-UQ,observed_action_and_return_guard,forward,refresh_selected_target_on_current_observation,
325,,790,[],0,3,IGCR,measured_transition_feedback,,,False
325,True,791,,,3,RPN-UQ,observed_action_and_return_guard,forward,refresh_selected_target_on_current_observation,
326,,792,[],0,3,IGCR,measured_transition_feedback,,,False
326,True,793,,,3,RPN-UQ,observed_action_and_return_guard,forward,refresh_selected_target_on_current_observation,
327,,794,[],0,3,IGCR,measured_transition_feedback,,,False
327,True,795,,,3,RPN-UQ,observed_action_and_return_guard,forward,refresh_selected_target_on_current_observation,
328,,796,[],0,3,IGCR,measured_transition_feedback,,,False
328,,797,,,3,OV-SDF,consume_observation_whitelist,,,
328,,798,,,3,STGHP,propose_and_rank_observed_targets,,,
328,True,799,,,3,RPN-UQ,observed_action_and_return_guard,forward,refresh_selected_target_on_current_observation,
329,,800,[],0,3,IGCR,measured_transition_feedback,,,False
329,True,801,,,3,RPN-UQ,observed_action_and_return_guard,forward,refresh_selected_target_on_current_observation,
330,,802,[],0,3,IGCR,measured_transition_feedback,,,False
330,True,803,,,3,RPN-UQ,observed_action_and_return_guard,forward,refresh_selected_target_on_current_observation,
331,,804,[],0,3,IGCR,measured_transition_feedback,,,False
331,True,805,,,3,RPN-UQ,observed_action_and_return_guard,forward,refresh_selected_target_on_current_observation,
332,,806,[],0,3,IGCR,measured_transition_feedback,,,False
332,True,807,,,3,RPN-UQ,observed_action_and_return_guard,forward,refresh_selected_target_on_current_observation,
333,,808,[],0,3,IGCR,measured_transition_feedback,,,False
333,,809,,,3,OV-SDF,consume_observation_whitelist,,,
333,,810,,,3,STGHP,propose_and_rank_observed_targets,,,
333,True,811,,,3,RPN-UQ,observed_action_and_return_guard,forward,refresh_selected_target_on_current_observation,
334,,812,[],1,3,IGCR,measured_transition_feedback,,,False
334,True,813,,,3,RPN-UQ,observed_action_and_return_guard,forward,refresh_selected_target_on_current_observation,
335,,814,[],1,3,IGCR,measured_transition_feedback,,,False
335,True,815,,,3,RPN-UQ,observed_action_and_return_guard,forward,refresh_selected_target_on_current_observation,
336,,816,[],0,3,IGCR,measured_transition_feedback,,,True
336,,817,,,3,OV-SDF,consume_observation_whitelist,,,
336,,818,,,3,STGHP,propose_and_rank_observed_targets,,,
336,True,819,,,3,RPN-UQ,observed_action_and_return_guard,right,known_safe_return_within_budget,
337,,820,[],0,3,IGCR,measured_transition_feedback,,,False
337,,821,,,3,OV-SDF,consume_observation_whitelist,,,
337,,822,,,3,STGHP,propose_and_rank_observed_targets,,,
337,True,823,,,3,RPN-UQ,observed_action_and_return_guard,right,known_safe_return_within_budget,
338,,824,[],1,3,IGCR,measured_transition_feedback,,,False
338,,825,,,3,OV-SDF,consume_observation_whitelist,,,
338,,826,,,3,STGHP,propose_and_rank_observed_targets,,,
338,True,827,,,3,RPN-UQ,observed_action_and_return_guard,forward,refresh_selected_target_on_current_observation,
339,,828,[],0,3,IGCR,measured_transition_feedback,,,False
339,True,829,,,3,RPN-UQ,observed_action_and_return_guard,forward,refresh_selected_target_on_current_observation,
340,,830,[],0,3,IGCR,measured_transition_feedback,,,False
340,True,831,,,3,RPN-UQ,observed_action_and_return_guard,forward,refresh_selected_target_on_current_observation,
341,,832,[],2,3,IGCR,measured_transition_feedback,,,False
341,True,833,,,3,RPN-UQ,observed_action_and_return_guard,forward,refresh_selected_target_on_current_observation,
342,,834,[],0,3,IGCR,measured_transition_feedback,,,False
342,True,835,,,3,RPN-UQ,observed_action_and_return_guard,forward,refresh_selected_target_on_current_observation,
343,,836,[],0,3,IGCR,measured_transition_feedback,,,False
343,,837,,,3,OV-SDF,consume_observation_whitelist,,,
343,,838,,,3,STGHP,propose_and_rank_observed_targets,,,
343,True,839,,,3,RPN-UQ,observed_action_and_return_guard,forward,refresh_selected_target_on_current_observation,
344,,840,[],1,3,IGCR,measured_transition_feedback,,,False
344,True,841,,,3,RPN-UQ,observed_action_and_return_guard,forward,refresh_selected_target_on_current_observation,
345,,842,[],1,3,IGCR,measured_transition_feedback,,,False
345,True,843,,,3,RPN-UQ,observed_action_and_return_guard,forward,refresh_selected_target_on_current_observation,
346,,844,[],0,3,IGCR,measured_transition_feedback,,,False
346,True,845,,,3,RPN-UQ,observed_action_and_return_guard,forward,refresh_selected_target_on_current_observation,
347,,846,[],0,3,IGCR,measured_transition_feedback,,,False
347,True,847,,,3,RPN-UQ,observed_action_and_return_guard,forward,refresh_selected_target_on_current_observation,
348,,848,[],0,3,IGCR,measured_transition_feedback,,,False
348,,849,,,3,OV-SDF,consume_observation_whitelist,,,
348,,850,,,3,STGHP,propose_and_rank_observed_targets,,,
348,True,851,,,3,RPN-UQ,observed_action_and_return_guard,forward,refresh_selected_target_on_current_observation,
349,,852,[],0,3,IGCR,measured_transition_feedback,,,False
349,True,853,,,3,RPN-UQ,observed_action_and_return_guard,forward,refresh_selected_target_on_current_observation,
350,,854,[],0,3,IGCR,measured_transition_feedback,,,False
350,True,855,,,3,RPN-UQ,observed_action_and_return_guard,forward,refresh_selected_target_on_current_observation,
351,,856,[],2,3,IGCR,measured_transition_feedback,,,False
351,True,857,,,3,RPN-UQ,observed_action_and_return_guard,forward,refresh_selected_target_on_current_observation,
352,,858,[],1,3,IGCR,measured_transition_feedback,,,False
352,True,859,,,3,RPN-UQ,observed_action_and_return_guard,forward,refresh_selected_target_on_current_observation,
353,,860,[],1,3,IGCR,measured_transition_feedback,,,False
353,,861,,,3,OV-SDF,consume_observation_whitelist,,,
353,,862,,,3,STGHP,propose_and_rank_observed_targets,,,
353,True,863,,,3,RPN-UQ,observed_action_and_return_guard,forward,refresh_selected_target_on_current_observation,
354,,864,[],0,3,IGCR,measured_transition_feedback,,,False
354,True,865,,,3,RPN-UQ,observed_action_and_return_guard,forward,refresh_selected_target_on_current_observation,
355,,866,[],0,3,IGCR,measured_transition_feedback,,,False
355,True,867,,,3,RPN-UQ,observed_action_and_return_guard,forward,refresh_selected_target_on_current_observation,
356,,868,[],0,3,IGCR,measured_transition_feedback,,,False
356,True,869,,,3,RPN-UQ,observed_action_and_return_guard,forward,refresh_selected_target_on_current_observation,
357,,870,[],0,3,IGCR,measured_transition_feedback,,,False
357,True,871,,,3,RPN-UQ,observed_action_and_return_guard,forward,refresh_selected_target_on_current_observation,
358,,872,[],0,3,IGCR,measured_transition_feedback,,,False
358,,873,,,3,OV-SDF,consume_observation_whitelist,,,
358,,874,,,3,STGHP,propose_and_rank_observed_targets,,,
358,True,875,,,3,RPN-UQ,observed_action_and_return_guard,forward,known_safe_return_within_budget,
359,,876,[],0,3,IGCR,measured_transition_feedback,,,False
359,,877,,,3,OV-SDF,consume_observation_whitelist,,,
359,,878,,,3,STGHP,propose_and_rank_observed_targets,,,
359,True,879,,,3,RPN-UQ,observed_action_and_return_guard,forward,known_safe_return_within_budget,
360,,880,[],0,3,IGCR,measured_transition_feedback,,,False
360,,881,,,3,OV-SDF,consume_observation_whitelist,,,
360,,882,,,3,STGHP,propose_and_rank_observed_targets,,,
360,True,883,,,3,RPN-UQ,observed_action_and_return_guard,forward,known_safe_return_within_budget,
361,,884,[],0,3,IGCR,measured_transition_feedback,,,False
361,,885,,,3,OV-SDF,consume_observation_whitelist,,,
361,,886,,,3,STGHP,propose_and_rank_observed_targets,,,
361,True,887,,,3,RPN-UQ,observed_action_and_return_guard,forward,refresh_selected_target_on_current_observation,
362,,888,[],0,3,IGCR,measured_transition_feedback,,,False
362,True,889,,,3,RPN-UQ,observed_action_and_return_guard,left,refresh_selected_target_on_current_observation,
363,,890,[],0,3,IGCR,measured_transition_feedback,,,False
363,True,891,,,3,RPN-UQ,observed_action_and_return_guard,forward,refresh_selected_target_on_current_observation,
364,,892,[],0,3,IGCR,measured_transition_feedback,,,False
364,True,893,,,3,RPN-UQ,observed_action_and_return_guard,left,refresh_selected_target_on_current_observation,
365,,894,[],0,3,IGCR,measured_transition_feedback,,,True
365,,895,,,3,OV-SDF,consume_observation_whitelist,,,
365,,896,,,3,STGHP,propose_and_rank_observed_targets,,,
365,True,897,,,3,RPN-UQ,observed_action_and_return_guard,left,known_safe_return_within_budget,
366,,898,[],0,3,IGCR,measured_transition_feedback,,,False
366,,899,,,3,OV-SDF,consume_observation_whitelist,,,
366,,900,,,3,STGHP,propose_and_rank_observed_targets,,,
366,True,901,,,3,RPN-UQ,observed_action_and_return_guard,left,known_safe_return_within_budget,
367,,902,[],0,3,IGCR,measured_transition_feedback,,,False
367,,903,,,3,OV-SDF,consume_observation_whitelist,,,
367,,904,,,3,STGHP,propose_and_rank_observed_targets,,,
367,True,905,,,3,RPN-UQ,observed_action_and_return_guard,forward,known_safe_return_within_budget,
368,,906,[],1,3,IGCR,measured_transition_feedback,,,False
368,,907,,,3,OV-SDF,consume_observation_whitelist,,,
368,,908,,,3,STGHP,propose_and_rank_observed_targets,,,
368,True,909,,,3,RPN-UQ,observed_action_and_return_guard,forward,known_safe_return_within_budget,
369,,910,[],2,3,IGCR,measured_transition_feedback,,,False
369,,911,,,3,OV-SDF,consume_observation_whitelist,,,
369,,912,,,3,STGHP,propose_and_rank_observed_targets,,,
369,True,913,,,3,RPN-UQ,observed_action_and_return_guard,forward,known_safe_return_within_budget,
370,,914,[],1,3,IGCR,measured_transition_feedback,,,False
370,,915,,,3,OV-SDF,consume_observation_whitelist,,,
370,,916,,,3,STGHP,propose_and_rank_observed_targets,,,
370,True,917,,,3,RPN-UQ,observed_action_and_return_guard,forward,refresh_selected_target_on_current_observation,
371,,918,[],0,3,IGCR,measured_transition_feedback,,,False
371,True,919,,,3,RPN-UQ,observed_action_and_return_guard,forward,refresh_selected_target_on_current_observation,
372,,920,[],2,3,IGCR,measured_transition_feedback,,,False
372,True,921,,,3,RPN-UQ,observed_action_and_return_guard,forward,refresh_selected_target_on_current_observation,
373,,922,[],2,3,IGCR,measured_transition_feedback,,,False
373,True,923,,,3,RPN-UQ,observed_action_and_return_guard,forward,refresh_selected_target_on_current_observation,
374,,924,[],2,3,IGCR,measured_transition_feedback,,,False
374,True,925,,,3,RPN-UQ,observed_action_and_return_guard,forward,refresh_selected_target_on_current_observation,
375,,926,[],3,3,IGCR,measured_transition_feedback,,,False
375,,927,,,3,OV-SDF,consume_observation_whitelist,,,
375,,928,,,3,STGHP,propose_and_rank_observed_targets,,,
375,True,929,,,3,RPN-UQ,observed_action_and_return_guard,forward,known_safe_return_within_budget,
376,,930,[],1,3,IGCR,measured_transition_feedback,,,False
376,,931,,,3,OV-SDF,consume_observation_whitelist,,,
376,,932,,,3,STGHP,propose_and_rank_observed_targets,,,
376,True,933,,,3,RPN-UQ,observed_action_and_return_guard,left,known_safe_return_within_budget,
377,,934,[],0,3,IGCR,measured_transition_feedback,,,False
377,,935,,,3,OV-SDF,consume_observation_whitelist,,,
377,,936,,,3,STGHP,propose_and_rank_observed_targets,,,
377,True,937,,,3,RPN-UQ,observed_action_and_return_guard,forward,known_safe_return_within_budget,
378,,938,[],0,3,IGCR,measured_transition_feedback,,,False
378,,939,,,3,OV-SDF,consume_observation_whitelist,,,
378,,940,,,3,STGHP,propose_and_rank_observed_targets,,,
378,True,941,,,3,RPN-UQ,observed_action_and_return_guard,forward,known_safe_return_within_budget,
379,,942,[],0,3,IGCR,measured_transition_feedback,,,False
379,,943,,,3,OV-SDF,consume_observation_whitelist,,,
379,,944,,,3,STGHP,propose_and_rank_observed_targets,,,
379,True,945,,,3,RPN-UQ,observed_action_and_return_guard,forward,known_safe_return_within_budget,
380,,946,[],0,3,IGCR,measured_transition_feedback,,,False
380,,947,,,3,OV-SDF,consume_observation_whitelist,,,
380,,948,,,3,STGHP,propose_and_rank_observed_targets,,,
380,True,949,,,3,RPN-UQ,observed_action_and_return_guard,right,refresh_selected_target_on_current_observation,
381,,950,[],0,3,IGCR,measured_transition_feedback,,,False
381,True,951,,,3,RPN-UQ,observed_action_and_return_guard,forward,refresh_selected_target_on_current_observation,
382,,952,[],0,3,IGCR,measured_transition_feedback,,,False
382,True,953,,,3,RPN-UQ,observed_action_and_return_guard,forward,refresh_selected_target_on_current_observation,
383,,954,[],1,3,IGCR,measured_transition_feedback,,,False
383,True,955,,,3,RPN-UQ,observed_action_and_return_guard,forward,refresh_selected_target_on_current_observation,
384,,956,[],1,3,IGCR,measured_transition_feedback,,,False
384,True,957,,,3,RPN-UQ,observed_action_and_return_guard,forward,refresh_selected_target_on_current_observation,
385,,958,[],0,3,IGCR,measured_transition_feedback,,,False
385,,959,,,3,OV-SDF,consume_observation_whitelist,,,
385,,960,,,3,STGHP,propose_and_rank_observed_targets,,,
385,True,961,,,3,RPN-UQ,observed_action_and_return_guard,right,refresh_selected_target_on_current_observation,
386,,962,[],1,3,IGCR,measured_transition_feedback,,,False
386,True,963,,,3,RPN-UQ,observed_action_and_return_guard,forward,refresh_selected_target_on_current_observation,
387,,964,[],1,3,IGCR,measured_transition_feedback,,,False
387,True,965,,,3,RPN-UQ,observed_action_and_return_guard,forward,refresh_selected_target_on_current_observation,
388,,966,[],3,3,IGCR,measured_transition_feedback,,,True
388,,967,,,3,OV-SDF,consume_observation_whitelist,,,
388,,968,,,3,STGHP,propose_and_rank_observed_targets,,,
388,True,969,,,3,RPN-UQ,observed_action_and_return_guard,right,known_safe_return_within_budget,
389,,970,[],0,3,IGCR,measured_transition_feedback,,,False
389,,971,,,3,OV-SDF,consume_observation_whitelist,,,
389,,972,,,3,STGHP,propose_and_rank_observed_targets,,,
389,True,973,,,3,RPN-UQ,observed_action_and_return_guard,forward,known_safe_return_within_budget,
390,,974,[],1,3,IGCR,measured_transition_feedback,,,False
390,,975,,,3,OV-SDF,consume_observation_whitelist,,,
390,,976,,,3,STGHP,propose_and_rank_observed_targets,,,
390,True,977,,,3,RPN-UQ,observed_action_and_return_guard,forward,known_safe_return_within_budget,
391,,978,[],0,3,IGCR,measured_transition_feedback,,,False
391,,979,,,3,OV-SDF,consume_observation_whitelist,,,
391,,980,,,3,STGHP,propose_and_rank_observed_targets,,,
391,True,981,,,3,RPN-UQ,observed_action_and_return_guard,right,known_safe_return_within_budget,
392,,982,[],0,3,IGCR,measured_transition_feedback,,,False
392,,983,,,3,OV-SDF,consume_observation_whitelist,,,
392,,984,,,3,STGHP,propose_and_rank_observed_targets,,,
392,True,985,,,3,RPN-UQ,observed_action_and_return_guard,forward,known_safe_return_within_budget,
393,,986,[],0,3,IGCR,measured_transition_feedback,,,False
393,,987,,,3,OV-SDF,consume_observation_whitelist,,,
393,,988,,,3,STGHP,propose_and_rank_observed_targets,,,
393,True,989,,,3,RPN-UQ,observed_action_and_return_guard,forward,known_safe_return_within_budget,
394,,990,[],0,3,IGCR,measured_transition_feedback,,,False
394,,991,,,3,OV-SDF,consume_observation_whitelist,,,
394,,992,,,3,STGHP,propose_and_rank_observed_targets,,,
394,True,993,,,3,RPN-UQ,observed_action_and_return_guard,forward,known_safe_return_within_budget,
395,,994,[],0,3,IGCR,measured_transition_feedback,,,False
395,,995,,,3,OV-SDF,consume_observation_whitelist,,,
395,,996,,,3,STGHP,propose_and_rank_observed_targets,,,
395,True,997,,,3,RPN-UQ,observed_action_and_return_guard,right,known_safe_return_within_budget,
396,,998,[],0,3,IGCR,measured_transition_feedback,,,False
396,,999,,,3,OV-SDF,consume_observation_whitelist,,,
396,,1000,,,3,STGHP,propose_and_rank_observed_targets,,,
396,False,1001,,,3,RPN-UQ,observed_action_and_return_guard,,known_safe_return_within_budget,
