index,parent,assignment,mode,budget,action_id,coverage_budget,new_remaining_outbound,old_remaining_outbound,old_target,option_id,reason,selection_call_id,target_retained,planned_outbound_reduction,actual_causal_actions_saved
0,D19-P00,A_complex_B_simple,N,160,5,"{""C_plan"": 0.21857585139318886, ""allowed"": false, ""class_used"": false, ""conservative_rate"": 9.3, ""coverage_reserve_actions"": 256, ""coverage_status"": ""ok"", ""deficit_cells"": 2817, ""evaluation_truth_used"": false, ""movement_authorized"": false, ""outbound_cost"": 23, ""predicted_gain_cells"": 443.0263157894737, ""prediction"": {""actual_map_changed"": false, ""class_used"": false, ""discounted_safe_gain_cells"": 443.0263157894737, ""evaluation_truth_used"": false, ""future_unknown_free_assumption"": ""temporary prediction only; never fused or authorized"", ""gain_discount"": 0.5, ""optimistic_safe_gain_cells"": 910, ""predicted_union_cells"": 1004, ""predicted_union_sha256"": ""8d1586d3607c5a8fbf81f24a2619ecc1bb16171889d9e044533559d31aca1798"", ""union_yield_mean"": 0.9736842105263158}, ""pressure_after_route"": 2.631608119067206, ""reason"": ""insufficient_predicted_coverage_reserve"", ""remaining_after_outbound_return_and_margin"": 97, ""remaining_budget"": 155, ""reserve_actions"": 5, ""residual_deficit_cells"": 2373.9736842105262, ""return_cost"": 30, ""total_required_actions"": 314, ""true_coverage_guaranteed"": false}",23,23,"[29, 47, 0]",D19-P00/v13-history-smoke/plan-1,same_coverage_target_updated,5,True,0,
0,D19-P00,A_complex_B_simple,N,160,10,"{""C_plan"": 0.2254431699687174, ""allowed"": false, ""class_used"": false, ""conservative_rate"": 5.75, ""coverage_reserve_actions"": 429, ""coverage_status"": ""ok"", ""deficit_cells"": 2755, ""evaluation_truth_used"": false, ""movement_authorized"": false, ""outbound_cost"": 18, ""predicted_gain_cells"": 290.67692307692306, ""prediction"": {""actual_map_changed"": false, ""class_used"": false, ""discounted_safe_gain_cells"": 290.67692307692306, ""evaluation_truth_used"": false, ""future_unknown_free_assumption"": ""temporary prediction only; never fused or authorized"", ""gain_discount"": 0.5, ""optimistic_safe_gain_cells"": 804, ""predicted_union_cells"": 887, ""predicted_union_sha256"": ""af77f0d76541d1749fc9c2a692666fde51e672c6db81d55f8007b4452b47d345"", ""union_yield_mean"": 0.7230769230769231}, ""pressure_after_route"": 4.418329138364997, ""reason"": ""insufficient_predicted_coverage_reserve"", ""remaining_after_outbound_return_and_margin"": 97, ""remaining_budget"": 150, ""reserve_actions"": 5, ""residual_deficit_cells"": 2464.3230769230768, ""return_cost"": 30, ""total_required_actions"": 482, ""true_coverage_guaranteed"": false}",18,18,"[29, 47, 0]",D19-P00/v13-history-smoke/plan-1,same_coverage_target_updated,5,True,0,
0,D19-P00,A_complex_B_simple,N,160,15,"{""C_plan"": 0.23335433732409158, ""allowed"": false, ""class_used"": false, ""conservative_rate"": 4.833333333333333, ""coverage_reserve_actions"": 526, ""coverage_status"": ""ok"", ""deficit_cells"": 2698, ""evaluation_truth_used"": false, ""movement_authorized"": false, ""outbound_cost"": 13, ""predicted_gain_cells"": 155.9746835443038, ""prediction"": {""actual_map_changed"": false, ""class_used"": false, ""discounted_safe_gain_cells"": 155.9746835443038, ""evaluation_truth_used"": false, ""future_unknown_free_assumption"": ""temporary prediction only; never fused or authorized"", ""gain_discount"": 0.5, ""optimistic_safe_gain_cells"": 404, ""predicted_union_cells"": 460, ""predicted_union_sha256"": ""8dd8a9ded4f038d4f7c90db9d5a79838d91c194fb40cc55be45dd77cd94bc020"", ""union_yield_mean"": 0.7721518987341772}, ""pressure_after_route"": 5.42202342649633, ""reason"": ""insufficient_predicted_coverage_reserve"", ""remaining_after_outbound_return_and_margin"": 97, ""remaining_budget"": 145, ""reserve_actions"": 5, ""residual_deficit_cells"": 2542.025316455696, ""return_cost"": 30, ""total_required_actions"": 574, ""true_coverage_guaranteed"": false}",13,13,"[29, 47, 0]",D19-P00/v13-history-smoke/plan-1,same_coverage_target_updated,5,True,0,
0,D19-P00,A_complex_B_simple,N,160,20,"{""C_plan"": 0.25431942688579856, ""allowed"": false, ""class_used"": false, ""conservative_rate"": 6.025, ""coverage_reserve_actions"": 409, ""coverage_status"": ""ok"", ""deficit_cells"": 2590, ""evaluation_truth_used"": false, ""movement_authorized"": false, ""outbound_cost"": 8, ""predicted_gain_cells"": 125.94285714285715, ""prediction"": {""actual_map_changed"": false, ""class_used"": false, ""discounted_safe_gain_cells"": 125.94285714285715, ""evaluation_truth_used"": false, ""future_unknown_free_assumption"": ""temporary prediction only; never fused or authorized"", ""gain_discount"": 0.5, ""optimistic_safe_gain_cells"": 304, ""predicted_union_cells"": 334, ""predicted_union_sha256"": ""495887579e7157cbe32fb2ac23a301574a7a0e79d56eb9b96e13701d461796d7"", ""union_yield_mean"": 0.8285714285714286}, ""pressure_after_route"": 4.216207627765996, ""reason"": ""insufficient_predicted_coverage_reserve"", ""remaining_after_outbound_return_and_margin"": 97, ""remaining_budget"": 140, ""reserve_actions"": 5, ""residual_deficit_cells"": 2464.057142857143, ""return_cost"": 30, ""total_required_actions"": 452, ""true_coverage_guaranteed"": false}",8,8,"[29, 47, 0]",D19-P00/v13-history-smoke/plan-1,same_coverage_target_updated,5,True,0,
0,D19-P00,A_complex_B_simple,N,160,25,"{""C_plan"": 0.28384094754653133, ""allowed"": false, ""class_used"": false, ""conservative_rate"": 7.52, ""coverage_reserve_actions"": 321, ""coverage_status"": ""ok"", ""deficit_cells"": 2441, ""evaluation_truth_used"": false, ""movement_authorized"": false, ""outbound_cost"": 3, ""predicted_gain_cells"": 31.235849056603776, ""prediction"": {""actual_map_changed"": false, ""class_used"": false, ""discounted_safe_gain_cells"": 31.235849056603776, ""evaluation_truth_used"": false, ""future_unknown_free_assumption"": ""temporary prediction only; never fused or authorized"", ""gain_discount"": 0.5, ""optimistic_safe_gain_cells"": 77, ""predicted_union_cells"": 91, ""predicted_union_sha256"": ""37074c98cdf8ec47c08406c2473f279d85cc3781958470617389e1d958dbc28b"", ""union_yield_mean"": 0.8113207547169812}, ""pressure_after_route"": 3.303581036059712, ""reason"": ""insufficient_predicted_coverage_reserve"", ""remaining_after_outbound_return_and_margin"": 97, ""remaining_budget"": 135, ""reserve_actions"": 5, ""residual_deficit_cells"": 2409.764150943396, ""return_cost"": 30, ""total_required_actions"": 359, ""true_coverage_guaranteed"": false}",3,3,"[29, 47, 0]",D19-P00/v13-history-smoke/plan-1,same_coverage_target_updated,5,True,0,
0,D19-P00,A_complex_B_simple,N,160,33,"{""C_plan"": 0.3442798883880661, ""allowed"": false, ""class_used"": false, ""conservative_rate"": 9.732142857142858, ""coverage_reserve_actions"": 207, ""coverage_status"": ""ok"", ""deficit_cells"": 2124, ""evaluation_truth_used"": false, ""movement_authorized"": false, ""outbound_cost"": 4, ""predicted_gain_cells"": 117.448, ""prediction"": {""actual_map_changed"": false, ""class_used"": false, ""discounted_safe_gain_cells"": 117.448, ""evaluation_truth_used"": false, ""future_unknown_free_assumption"": ""temporary prediction only; never fused or authorized"", ""gain_discount"": 0.5, ""optimistic_safe_gain_cells"": 277, ""predicted_union_cells"": 302, ""predicted_union_sha256"": ""5294157a9c0823a4f6b25d3037426ffe684b685e669d4a30e400f5acdaa45cfe"", ""union_yield_mean"": 0.848}, ""pressure_after_route"": 2.6098458251074206, ""reason"": ""insufficient_predicted_coverage_reserve"", ""remaining_after_outbound_return_and_margin"": 79, ""remaining_budget"": 127, ""reserve_actions"": 5, ""residual_deficit_cells"": 2006.552, ""return_cost"": 39, ""total_required_actions"": 255, ""true_coverage_guaranteed"": false}",4,4,"[20, 47, 0]",D19-P00/v13-history-smoke/plan-2,same_coverage_target_updated,151,True,0,
0,D19-P00,A_complex_B_simple,N,160,42,,,17,"[20, 68, 1]",D19-P00/v13-history-smoke/plan-3,target_no_longer_affordable_on_observed_map,198,False,,
0,D19-P00,A_complex_B_simple,N,160,47,"{""C_plan"": 0.45190602836879434, ""allowed"": false, ""class_used"": false, ""conservative_rate"": 15.407407407407407, ""coverage_reserve_actions"": 87, ""coverage_status"": ""ok"", ""deficit_cells"": 1571, ""evaluation_truth_used"": false, ""movement_authorized"": false, ""outbound_cost"": 16, ""predicted_gain_cells"": 232.51612903225808, ""prediction"": {""actual_map_changed"": false, ""class_used"": false, ""discounted_safe_gain_cells"": 232.51612903225808, ""evaluation_truth_used"": false, ""future_unknown_free_assumption"": ""temporary prediction only; never fused or authorized"", ""gain_discount"": 0.5, ""optimistic_safe_gain_cells"": 530, ""predicted_union_cells"": 600, ""predicted_union_sha256"": ""aa0920ffc47f21e4482e6f11079f0a799fc8a4ac54f72194a8eab6448c965692"", ""union_yield_mean"": 0.8774193548387097}, ""pressure_after_route"": 2.9956121117480965, ""reason"": ""insufficient_predicted_coverage_reserve"", ""remaining_after_outbound_return_and_margin"": 29, ""remaining_budget"": 113, ""reserve_actions"": 5, ""residual_deficit_cells"": 1338.483870967742, ""return_cost"": 63, ""total_required_actions"": 171, ""true_coverage_guaranteed"": false}",16,16,"[19, 69, 1]",D19-P00/v13-history-smoke/plan-4,same_coverage_target_updated,225,True,0,
0,D19-P00,A_complex_B_simple,N,160,52,"{""C_plan"": 0.4726423487544484, ""allowed"": false, ""class_used"": false, ""conservative_rate"": 14.5, ""coverage_reserve_actions"": 88, ""coverage_status"": ""ok"", ""deficit_cells"": 1472, ""evaluation_truth_used"": false, ""movement_authorized"": false, ""outbound_cost"": 11, ""predicted_gain_cells"": 196.29999999999998, ""prediction"": {""actual_map_changed"": false, ""class_used"": false, ""discounted_safe_gain_cells"": 196.29999999999998, ""evaluation_truth_used"": false, ""future_unknown_free_assumption"": ""temporary prediction only; never fused or authorized"", ""gain_discount"": 0.5, ""optimistic_safe_gain_cells"": 442, ""predicted_union_cells"": 488, ""predicted_union_sha256"": ""273e5e487e339f29312e13616c22105485e7e59dda8fe8ac3b308c5a47c39403"", ""union_yield_mean"": 0.888235294117647}, ""pressure_after_route"": 3.0337693222354343, ""reason"": ""insufficient_predicted_coverage_reserve"", ""remaining_after_outbound_return_and_margin"": 29, ""remaining_budget"": 108, ""reserve_actions"": 5, ""residual_deficit_cells"": 1275.7, ""return_cost"": 63, ""total_required_actions"": 167, ""true_coverage_guaranteed"": false}",11,11,"[19, 69, 1]",D19-P00/v13-history-smoke/plan-4,same_coverage_target_updated,225,True,0,
0,D19-P00,A_complex_B_simple,N,160,57,"{""C_plan"": 0.49820547330641546, ""allowed"": false, ""class_used"": false, ""conservative_rate"": 13.11111111111111, ""coverage_reserve_actions"": 95, ""coverage_status"": ""ok"", ""deficit_cells"": 1346, ""evaluation_truth_used"": false, ""movement_authorized"": false, ""outbound_cost"": 6, ""predicted_gain_cells"": 105.68131868131869, ""prediction"": {""actual_map_changed"": false, ""class_used"": false, ""discounted_safe_gain_cells"": 105.68131868131869, ""evaluation_truth_used"": false, ""future_unknown_free_assumption"": ""temporary prediction only; never fused or authorized"", ""gain_discount"": 0.5, ""optimistic_safe_gain_cells"": 236, ""predicted_union_cells"": 278, ""predicted_union_sha256"": ""3d24e2afdccf41a3d28540dd9c3441b0f3b516142f5b5e755b8c0f8019a12e29"", ""union_yield_mean"": 0.8956043956043956}, ""pressure_after_route"": 3.262088875472861, ""reason"": ""insufficient_predicted_coverage_reserve"", ""remaining_after_outbound_return_and_margin"": 29, ""remaining_budget"": 103, ""reserve_actions"": 5, ""residual_deficit_cells"": 1240.3186813186812, ""return_cost"": 63, ""total_required_actions"": 169, ""true_coverage_guaranteed"": false}",6,6,"[19, 69, 1]",D19-P00/v13-history-smoke/plan-4,same_coverage_target_updated,225,True,0,
0,D19-P00,A_complex_B_simple,N,160,62,"{""C_plan"": 0.5277272727272727, ""allowed"": false, ""class_used"": false, ""conservative_rate"": 10.481481481481481, ""coverage_reserve_actions"": 115, ""coverage_status"": ""ok"", ""deficit_cells"": 1198, ""evaluation_truth_used"": false, ""movement_authorized"": false, ""outbound_cost"": 1, ""predicted_gain_cells"": 0.0, ""prediction"": {""actual_map_changed"": false, ""class_used"": false, ""discounted_safe_gain_cells"": 0.0, ""evaluation_truth_used"": false, ""future_unknown_free_assumption"": ""temporary prediction only; never fused or authorized"", ""gain_discount"": 0.5, ""optimistic_safe_gain_cells"": 0, ""predicted_union_cells"": 0, ""predicted_union_sha256"": ""df469ce41663d86d700926e5e24b6cd731777363a8f519c7f034c2831ac2db4b"", ""union_yield_mean"": 0.8970189701897019}, ""pressure_after_route"": 3.941269647861582, ""reason"": ""insufficient_predicted_coverage_reserve"", ""remaining_after_outbound_return_and_margin"": 29, ""remaining_budget"": 98, ""reserve_actions"": 5, ""residual_deficit_cells"": 1198.0, ""return_cost"": 63, ""total_required_actions"": 184, ""true_coverage_guaranteed"": false}",,1,"[19, 69, 1]",D19-P00/v13-history-smoke/plan-4,no_remaining_unique_coverage_gain,225,False,,
0,D19-P00,A_complex_B_simple,N,160,67,"{""C_plan"": 0.5398250460405156, ""allowed"": false, ""class_used"": false, ""conservative_rate"": 7.111111111111111, ""coverage_reserve_actions"": 137, ""coverage_status"": ""ok"", ""deficit_cells"": 1131, ""evaluation_truth_used"": false, ""movement_authorized"": false, ""outbound_cost"": 14, ""predicted_gain_cells"": 161.51351351351352, ""prediction"": {""actual_map_changed"": false, ""class_used"": false, ""discounted_safe_gain_cells"": 161.51351351351352, ""evaluation_truth_used"": false, ""future_unknown_free_assumption"": ""temporary prediction only; never fused or authorized"", ""gain_discount"": 0.5, ""optimistic_safe_gain_cells"": 360, ""predicted_union_cells"": 381, ""predicted_union_sha256"": ""9e9822829f9b94f671c0acccb73a047f6176b6e4b1e6ba43612bb1b2497475c3"", ""union_yield_mean"": 0.8972972972972973}, ""pressure_after_route"": 4.701173695246972, ""reason"": ""insufficient_predicted_coverage_reserve"", ""remaining_after_outbound_return_and_margin"": 29, ""remaining_budget"": 93, ""reserve_actions"": 5, ""residual_deficit_cells"": 969.4864864864865, ""return_cost"": 45, ""total_required_actions"": 201, ""true_coverage_guaranteed"": false}",14,14,"[35, 70, 2]",D19-P00/v13-history-smoke/plan-5,same_coverage_target_updated,330,True,0,
0,D19-P00,A_complex_B_simple,N,160,72,"{""C_plan"": 0.5502767527675276, ""allowed"": false, ""class_used"": false, ""conservative_rate"": 6.925925925925926, ""coverage_reserve_actions"": 136, ""coverage_status"": ""ok"", ""deficit_cells"": 1083, ""evaluation_truth_used"": false, ""movement_authorized"": false, ""outbound_cost"": 9, ""predicted_gain_cells"": 145.43455497382197, ""prediction"": {""actual_map_changed"": false, ""class_used"": false, ""discounted_safe_gain_cells"": 145.43455497382197, ""evaluation_truth_used"": false, ""future_unknown_free_assumption"": ""temporary prediction only; never fused or authorized"", ""gain_discount"": 0.5, ""optimistic_safe_gain_cells"": 323, ""predicted_union_cells"": 338, ""predicted_union_sha256"": ""f60c4e4ed176ccada305e55b836bb940d55d67ffb97caf008a0f3a76ad163f5a"", ""union_yield_mean"": 0.900523560209424}, ""pressure_after_route"": 4.667945236162052, ""reason"": ""insufficient_predicted_coverage_reserve"", ""remaining_after_outbound_return_and_margin"": 29, ""remaining_budget"": 88, ""reserve_actions"": 5, ""residual_deficit_cells"": 937.565445026178, ""return_cost"": 45, ""total_required_actions"": 195, ""true_coverage_guaranteed"": false}",9,9,"[35, 70, 2]",D19-P00/v13-history-smoke/plan-5,same_coverage_target_updated,330,True,0,
0,D19-P00,A_complex_B_simple,N,160,77,"{""C_plan"": 0.5921052631578947, ""allowed"": false, ""class_used"": false, ""conservative_rate"": 8.962962962962964, ""coverage_reserve_actions"": 95, ""coverage_status"": ""ok"", ""deficit_cells"": 901, ""evaluation_truth_used"": false, ""movement_authorized"": false, ""outbound_cost"": 4, ""predicted_gain_cells"": 55.56570155902005, ""prediction"": {""actual_map_changed"": false, ""class_used"": false, ""discounted_safe_gain_cells"": 55.56570155902005, ""evaluation_truth_used"": false, ""future_unknown_free_assumption"": ""temporary prediction only; never fused or authorized"", ""gain_discount"": 0.5, ""optimistic_safe_gain_cells"": 122, ""predicted_union_cells"": 121, ""predicted_union_sha256"": ""8c6d244d1cd188cc880abe623c78326424e541d05c180f7b55c9d858a34e3138"", ""union_yield_mean"": 0.910913140311804}, ""pressure_after_route"": 3.2525970444437817, ""reason"": ""insufficient_predicted_coverage_reserve"", ""remaining_after_outbound_return_and_margin"": 29, ""remaining_budget"": 83, ""reserve_actions"": 5, ""residual_deficit_cells"": 845.43429844098, ""return_cost"": 45, ""total_required_actions"": 149, ""true_coverage_guaranteed"": false}",4,4,"[35, 70, 2]",D19-P00/v13-history-smoke/plan-5,same_coverage_target_updated,330,True,0,
0,D19-P00,A_complex_B_simple,N,160,86,"{""C_plan"": 0.624822695035461, ""allowed"": false, ""class_used"": false, ""conservative_rate"": 7.903846153846154, ""coverage_reserve_actions"": 76, ""coverage_status"": ""ok"", ""deficit_cells"": 741, ""evaluation_truth_used"": false, ""movement_authorized"": false, ""outbound_cost"": 48, ""predicted_gain_cells"": 143.20056497175142, ""prediction"": {""actual_map_changed"": false, ""class_used"": false, ""discounted_safe_gain_cells"": 143.20056497175142, ""evaluation_truth_used"": false, ""future_unknown_free_assumption"": ""temporary prediction only; never fused or authorized"", ""gain_discount"": 0.5, ""optimistic_safe_gain_cells"": 311, ""predicted_union_cells"": 375, ""predicted_union_sha256"": ""8105b17404edea0d4a90dedcbb28f6e60bdf3406c0c012c50e8bef2791b6ddb5"", ""union_yield_mean"": 0.9209039548022598}, ""pressure_after_route"": null, ""reason"": ""insufficient_predicted_coverage_reserve"", ""remaining_after_outbound_return_and_margin"": -5, ""remaining_budget"": 74, ""reserve_actions"": 5, ""residual_deficit_cells"": 597.7994350282486, ""return_cost"": 26, ""total_required_actions"": 155, ""true_coverage_guaranteed"": false}",48,48,"[46, 29, 3]",D19-P00/v13-history-smoke/plan-6,same_coverage_target_updated,429,True,0,
0,D19-P00,A_complex_B_simple,N,160,91,"{""C_plan"": 0.6271950640721404, ""allowed"": false, ""class_used"": false, ""conservative_rate"": 6.0, ""coverage_reserve_actions"": 98, ""coverage_status"": ""ok"", ""deficit_cells"": 729, ""evaluation_truth_used"": false, ""movement_authorized"": false, ""outbound_cost"": 43, ""predicted_gain_cells"": 143.20056497175142, ""prediction"": {""actual_map_changed"": false, ""class_used"": false, ""discounted_safe_gain_cells"": 143.20056497175142, ""evaluation_truth_used"": false, ""future_unknown_free_assumption"": ""temporary prediction only; never fused or authorized"", ""gain_discount"": 0.5, ""optimistic_safe_gain_cells"": 311, ""predicted_union_cells"": 375, ""predicted_union_sha256"": ""8105b17404edea0d4a90dedcbb28f6e60bdf3406c0c012c50e8bef2791b6ddb5"", ""union_yield_mean"": 0.9209039548022598}, ""pressure_after_route"": null, ""reason"": ""insufficient_predicted_coverage_reserve"", ""remaining_after_outbound_return_and_margin"": -5, ""remaining_budget"": 69, ""reserve_actions"": 5, ""residual_deficit_cells"": 585.7994350282486, ""return_cost"": 26, ""total_required_actions"": 172, ""true_coverage_guaranteed"": false}",43,43,"[46, 29, 3]",D19-P00/v13-history-smoke/plan-6,same_coverage_target_updated,429,True,0,
0,D19-P00,A_complex_B_simple,N,160,96,"{""C_plan"": 0.6223593638737241, ""allowed"": false, ""class_used"": false, ""conservative_rate"": 4.961538461538462, ""coverage_reserve_actions"": 124, ""coverage_status"": ""ok"", ""deficit_cells"": 749, ""evaluation_truth_used"": false, ""movement_authorized"": false, ""outbound_cost"": 38, ""predicted_gain_cells"": 137.21468926553672, ""prediction"": {""actual_map_changed"": false, ""class_used"": false, ""discounted_safe_gain_cells"": 137.21468926553672, ""evaluation_truth_used"": false, ""future_unknown_free_assumption"": ""temporary prediction only; never fused or authorized"", ""gain_discount"": 0.5, ""optimistic_safe_gain_cells"": 298, ""predicted_union_cells"": 365, ""predicted_union_sha256"": ""6e87bcd65b9d5cfacc16f5c6acee4d06d116559b8fae1f47b98c9bf281155727"", ""union_yield_mean"": 0.9209039548022598}, ""pressure_after_route"": null, ""reason"": ""insufficient_predicted_coverage_reserve"", ""remaining_after_outbound_return_and_margin"": -5, ""remaining_budget"": 64, ""reserve_actions"": 5, ""residual_deficit_cells"": 611.7853107344633, ""return_cost"": 26, ""total_required_actions"": 193, ""true_coverage_guaranteed"": false}",38,38,"[46, 29, 3]",D19-P00/v13-history-smoke/plan-6,same_coverage_target_updated,429,True,0,
0,D19-P00,A_complex_B_simple,N,160,101,"{""C_plan"": 0.6223593638737241, ""allowed"": false, ""class_used"": false, ""conservative_rate"": 2.9423076923076925, ""coverage_reserve_actions"": 208, ""coverage_status"": ""ok"", ""deficit_cells"": 749, ""evaluation_truth_used"": false, ""movement_authorized"": false, ""outbound_cost"": 33, ""predicted_gain_cells"": 137.21468926553672, ""prediction"": {""actual_map_changed"": false, ""class_used"": false, ""discounted_safe_gain_cells"": 137.21468926553672, ""evaluation_truth_used"": false, ""future_unknown_free_assumption"": ""temporary prediction only; never fused or authorized"", ""gain_discount"": 0.5, ""optimistic_safe_gain_cells"": 298, ""predicted_union_cells"": 364, ""predicted_union_sha256"": ""5dc6521547d5064f1bdf60e17d1318b7ce94e119495621ae72b092e43d9c7e70"", ""union_yield_mean"": 0.9209039548022598}, ""pressure_after_route"": null, ""reason"": ""insufficient_predicted_coverage_reserve"", ""remaining_after_outbound_return_and_margin"": -5, ""remaining_budget"": 59, ""reserve_actions"": 5, ""residual_deficit_cells"": 611.7853107344633, ""return_cost"": 26, ""total_required_actions"": 272, ""true_coverage_guaranteed"": false}",33,33,"[46, 29, 3]",D19-P00/v13-history-smoke/plan-6,same_coverage_target_updated,429,True,0,
0,D19-P00,A_complex_B_simple,N,160,106,"{""C_plan"": 0.6223593638737241, ""allowed"": false, ""class_used"": false, ""conservative_rate"": 0.0, ""coverage_reserve_actions"": null, ""coverage_status"": ""ok"", ""deficit_cells"": 749, ""evaluation_truth_used"": false, ""movement_authorized"": false, ""outbound_cost"": 28, ""predicted_gain_cells"": 137.21468926553672, ""prediction"": {""actual_map_changed"": false, ""class_used"": false, ""discounted_safe_gain_cells"": 137.21468926553672, ""evaluation_truth_used"": false, ""future_unknown_free_assumption"": ""temporary prediction only; never fused or authorized"", ""gain_discount"": 0.5, ""optimistic_safe_gain_cells"": 298, ""predicted_union_cells"": 364, ""predicted_union_sha256"": ""5dc6521547d5064f1bdf60e17d1318b7ce94e119495621ae72b092e43d9c7e70"", ""union_yield_mean"": 0.9209039548022598}, ""pressure_after_route"": null, ""reason"": ""coverage_rate_unavailable"", ""remaining_after_outbound_return_and_margin"": -5, ""remaining_budget"": 54, ""reserve_actions"": 5, ""residual_deficit_cells"": 611.7853107344633, ""return_cost"": 26, ""total_required_actions"": null, ""true_coverage_guaranteed"": false}",28,28,"[46, 29, 3]",D19-P00/v13-history-smoke/plan-6,same_coverage_target_updated,429,True,0,
0,D19-P00,A_complex_B_simple,N,160,111,"{""C_plan"": 0.6223593638737241, ""allowed"": false, ""class_used"": false, ""conservative_rate"": 0.0, ""coverage_reserve_actions"": null, ""coverage_status"": ""ok"", ""deficit_cells"": 749, ""evaluation_truth_used"": false, ""movement_authorized"": false, ""outbound_cost"": 23, ""predicted_gain_cells"": 137.21468926553672, ""prediction"": {""actual_map_changed"": false, ""class_used"": false, ""discounted_safe_gain_cells"": 137.21468926553672, ""evaluation_truth_used"": false, ""future_unknown_free_assumption"": ""temporary prediction only; never fused or authorized"", ""gain_discount"": 0.5, ""optimistic_safe_gain_cells"": 298, ""predicted_union_cells"": 364, ""predicted_union_sha256"": ""5dc6521547d5064f1bdf60e17d1318b7ce94e119495621ae72b092e43d9c7e70"", ""union_yield_mean"": 0.9209039548022598}, ""pressure_after_route"": null, ""reason"": ""coverage_rate_unavailable"", ""remaining_after_outbound_return_and_margin"": -5, ""remaining_budget"": 49, ""reserve_actions"": 5, ""residual_deficit_cells"": 611.7853107344633, ""return_cost"": 26, ""total_required_actions"": null, ""true_coverage_guaranteed"": false}",23,23,"[46, 29, 3]",D19-P00/v13-history-smoke/plan-6,same_coverage_target_updated,429,True,0,
0,D19-P00,A_complex_B_simple,N,160,116,"{""C_plan"": 0.6199857583669595, ""allowed"": false, ""class_used"": false, ""conservative_rate"": 0.0, ""coverage_reserve_actions"": null, ""coverage_status"": ""ok"", ""deficit_cells"": 759, ""evaluation_truth_used"": false, ""movement_authorized"": false, ""outbound_cost"": 18, ""predicted_gain_cells"": 117.41525423728812, ""prediction"": {""actual_map_changed"": false, ""class_used"": false, ""discounted_safe_gain_cells"": 117.41525423728812, ""evaluation_truth_used"": false, ""future_unknown_free_assumption"": ""temporary prediction only; never fused or authorized"", ""gain_discount"": 0.5, ""optimistic_safe_gain_cells"": 255, ""predicted_union_cells"": 299, ""predicted_union_sha256"": ""3b7bb01e19667a16a5a33c15ed5c0e82d0f7ef1c019feb39c030741eb60bb5a4"", ""union_yield_mean"": 0.9209039548022598}, ""pressure_after_route"": null, ""reason"": ""coverage_rate_unavailable"", ""remaining_after_outbound_return_and_margin"": -5, ""remaining_budget"": 44, ""reserve_actions"": 5, ""residual_deficit_cells"": 641.5847457627119, ""return_cost"": 26, ""total_required_actions"": null, ""true_coverage_guaranteed"": false}",18,18,"[46, 29, 3]",D19-P00/v13-history-smoke/plan-6,same_coverage_target_updated,429,True,0,
0,D19-P00,A_complex_B_simple,N,160,121,"{""C_plan"": 0.6335003579098067, ""allowed"": false, ""class_used"": false, ""conservative_rate"": 0.6153846153846154, ""coverage_reserve_actions"": 983, ""coverage_status"": ""ok"", ""deficit_cells"": 698, ""evaluation_truth_used"": false, ""movement_authorized"": false, ""outbound_cost"": 13, ""predicted_gain_cells"": 93.15896487985212, ""prediction"": {""actual_map_changed"": false, ""class_used"": false, ""discounted_safe_gain_cells"": 93.15896487985212, ""evaluation_truth_used"": false, ""future_unknown_free_assumption"": ""temporary prediction only; never fused or authorized"", ""gain_discount"": 0.5, ""optimistic_safe_gain_cells"": 202, ""predicted_union_cells"": 240, ""predicted_union_sha256"": ""7b0421a64b26b2c279f3a52d1ac7db44b5d68fb5df3411774d8267311d255c33"", ""union_yield_mean"": 0.922365988909427}, ""pressure_after_route"": null, ""reason"": ""insufficient_predicted_coverage_reserve"", ""remaining_after_outbound_return_and_margin"": -5, ""remaining_budget"": 39, ""reserve_actions"": 5, ""residual_deficit_cells"": 604.8410351201479, ""return_cost"": 26, ""total_required_actions"": 1027, ""true_coverage_guaranteed"": false}",13,13,"[46, 29, 3]",D19-P00/v13-history-smoke/plan-6,same_coverage_target_updated,429,True,0,
0,D19-P00,A_complex_B_simple,N,160,126,"{""C_plan"": 0.6528746692326197, ""allowed"": false, ""class_used"": false, ""conservative_rate"": 1.7692307692307692, ""coverage_reserve_actions"": 319, ""coverage_status"": ""ok"", ""deficit_cells"": 612, ""evaluation_truth_used"": false, ""movement_authorized"": false, ""outbound_cost"": 8, ""predicted_gain_cells"": 48.63835376532399, ""prediction"": {""actual_map_changed"": false, ""class_used"": false, ""discounted_safe_gain_cells"": 48.63835376532399, ""evaluation_truth_used"": false, ""future_unknown_free_assumption"": ""temporary prediction only; never fused or authorized"", ""gain_discount"": 0.5, ""optimistic_safe_gain_cells"": 105, ""predicted_union_cells"": 126, ""predicted_union_sha256"": ""cf7a1d3665e162dd61eacea68dd10b91304361b3ba8bc26d565b34e80011742d"", ""union_yield_mean"": 0.9264448336252189}, ""pressure_after_route"": null, ""reason"": ""insufficient_predicted_coverage_reserve"", ""remaining_after_outbound_return_and_margin"": -5, ""remaining_budget"": 34, ""reserve_actions"": 5, ""residual_deficit_cells"": 563.361646234676, ""return_cost"": 26, ""total_required_actions"": 358, ""true_coverage_guaranteed"": false}",8,8,"[46, 29, 3]",D19-P00/v13-history-smoke/plan-6,same_coverage_target_updated,429,True,0,
0,D19-P00,A_complex_B_simple,N,160,131,"{""C_plan"": 0.6735137747704205, ""allowed"": false, ""class_used"": false, ""conservative_rate"": 3.173076923076923, ""coverage_reserve_actions"": 161, ""coverage_status"": ""ok"", ""deficit_cells"": 524, ""evaluation_truth_used"": false, ""movement_authorized"": false, ""outbound_cost"": 3, ""predicted_gain_cells"": 15.34692179700499, ""prediction"": {""actual_map_changed"": false, ""class_used"": false, ""discounted_safe_gain_cells"": 15.34692179700499, ""evaluation_truth_used"": false, ""future_unknown_free_assumption"": ""temporary prediction only; never fused or authorized"", ""gain_discount"": 0.5, ""optimistic_safe_gain_cells"": 33, ""predicted_union_cells"": 38, ""predicted_union_sha256"": ""280a338ceb7d19c190ed5c55782d627a90756a1a837463dbce41cce859c8b1fe"", ""union_yield_mean"": 0.930116472545757}, ""pressure_after_route"": null, ""reason"": ""insufficient_predicted_coverage_reserve"", ""remaining_after_outbound_return_and_margin"": -5, ""remaining_budget"": 29, ""reserve_actions"": 5, ""residual_deficit_cells"": 508.653078202995, ""return_cost"": 26, ""total_required_actions"": 195, ""true_coverage_guaranteed"": false}",3,3,"[46, 29, 3]",D19-P00/v13-history-smoke/plan-6,same_coverage_target_updated,429,True,0,
0,D19-P00,A_complex_B_simple,N,160,139,"{""C_plan"": 0.7014816614039349, ""allowed"": false, ""class_used"": false, ""conservative_rate"": 4.586206896551724, ""coverage_reserve_actions"": 89, ""coverage_status"": ""ok"", ""deficit_cells"": 406, ""evaluation_truth_used"": false, ""movement_authorized"": false, ""outbound_cost"": 3, ""predicted_gain_cells"": 0.9321486268174475, ""prediction"": {""actual_map_changed"": false, ""class_used"": false, ""discounted_safe_gain_cells"": 0.9321486268174475, ""evaluation_truth_used"": false, ""future_unknown_free_assumption"": ""temporary prediction only; never fused or authorized"", ""gain_discount"": 0.5, ""optimistic_safe_gain_cells"": 2, ""predicted_union_cells"": 2, ""predicted_union_sha256"": ""8570f7a17f7a890a23836be89b82b168af142365addd94069fe34493480ceb26"", ""union_yield_mean"": 0.9321486268174475}, ""pressure_after_route"": null, ""reason"": ""insufficient_predicted_coverage_reserve"", ""remaining_after_outbound_return_and_margin"": -5, ""remaining_budget"": 21, ""reserve_actions"": 5, ""residual_deficit_cells"": 405.0678513731826, ""return_cost"": 18, ""total_required_actions"": 115, ""true_coverage_guaranteed"": false}",3,3,"[53, 29, 2]",D19-P00/v13-history-smoke/plan-7,same_coverage_target_updated,705,True,0,
1,D19-P00,A_simple_B_complex,N,160,5,"{""C_plan"": 0.21857585139318886, ""allowed"": false, ""class_used"": false, ""conservative_rate"": 9.3, ""coverage_reserve_actions"": 256, ""coverage_status"": ""ok"", ""deficit_cells"": 2817, ""evaluation_truth_used"": false, ""movement_authorized"": false, ""outbound_cost"": 23, ""predicted_gain_cells"": 443.0263157894737, ""prediction"": {""actual_map_changed"": false, ""class_used"": false, ""discounted_safe_gain_cells"": 443.0263157894737, ""evaluation_truth_used"": false, ""future_unknown_free_assumption"": ""temporary prediction only; never fused or authorized"", ""gain_discount"": 0.5, ""optimistic_safe_gain_cells"": 910, ""predicted_union_cells"": 1004, ""predicted_union_sha256"": ""8d1586d3607c5a8fbf81f24a2619ecc1bb16171889d9e044533559d31aca1798"", ""union_yield_mean"": 0.9736842105263158}, ""pressure_after_route"": 2.631608119067206, ""reason"": ""insufficient_predicted_coverage_reserve"", ""remaining_after_outbound_return_and_margin"": 97, ""remaining_budget"": 155, ""reserve_actions"": 5, ""residual_deficit_cells"": 2373.9736842105262, ""return_cost"": 30, ""total_required_actions"": 314, ""true_coverage_guaranteed"": false}",23,23,"[29, 47, 0]",D19-P00/v13-history-smoke/plan-1,same_coverage_target_updated,5,True,0,
1,D19-P00,A_simple_B_complex,N,160,10,"{""C_plan"": 0.2254431699687174, ""allowed"": false, ""class_used"": false, ""conservative_rate"": 5.75, ""coverage_reserve_actions"": 429, ""coverage_status"": ""ok"", ""deficit_cells"": 2755, ""evaluation_truth_used"": false, ""movement_authorized"": false, ""outbound_cost"": 18, ""predicted_gain_cells"": 290.67692307692306, ""prediction"": {""actual_map_changed"": false, ""class_used"": false, ""discounted_safe_gain_cells"": 290.67692307692306, ""evaluation_truth_used"": false, ""future_unknown_free_assumption"": ""temporary prediction only; never fused or authorized"", ""gain_discount"": 0.5, ""optimistic_safe_gain_cells"": 804, ""predicted_union_cells"": 887, ""predicted_union_sha256"": ""af77f0d76541d1749fc9c2a692666fde51e672c6db81d55f8007b4452b47d345"", ""union_yield_mean"": 0.7230769230769231}, ""pressure_after_route"": 4.418329138364997, ""reason"": ""insufficient_predicted_coverage_reserve"", ""remaining_after_outbound_return_and_margin"": 97, ""remaining_budget"": 150, ""reserve_actions"": 5, ""residual_deficit_cells"": 2464.3230769230768, ""return_cost"": 30, ""total_required_actions"": 482, ""true_coverage_guaranteed"": false}",18,18,"[29, 47, 0]",D19-P00/v13-history-smoke/plan-1,same_coverage_target_updated,5,True,0,
1,D19-P00,A_simple_B_complex,N,160,15,"{""C_plan"": 0.23335433732409158, ""allowed"": false, ""class_used"": false, ""conservative_rate"": 4.833333333333333, ""coverage_reserve_actions"": 526, ""coverage_status"": ""ok"", ""deficit_cells"": 2698, ""evaluation_truth_used"": false, ""movement_authorized"": false, ""outbound_cost"": 13, ""predicted_gain_cells"": 155.9746835443038, ""prediction"": {""actual_map_changed"": false, ""class_used"": false, ""discounted_safe_gain_cells"": 155.9746835443038, ""evaluation_truth_used"": false, ""future_unknown_free_assumption"": ""temporary prediction only; never fused or authorized"", ""gain_discount"": 0.5, ""optimistic_safe_gain_cells"": 404, ""predicted_union_cells"": 460, ""predicted_union_sha256"": ""8dd8a9ded4f038d4f7c90db9d5a79838d91c194fb40cc55be45dd77cd94bc020"", ""union_yield_mean"": 0.7721518987341772}, ""pressure_after_route"": 5.42202342649633, ""reason"": ""insufficient_predicted_coverage_reserve"", ""remaining_after_outbound_return_and_margin"": 97, ""remaining_budget"": 145, ""reserve_actions"": 5, ""residual_deficit_cells"": 2542.025316455696, ""return_cost"": 30, ""total_required_actions"": 574, ""true_coverage_guaranteed"": false}",13,13,"[29, 47, 0]",D19-P00/v13-history-smoke/plan-1,same_coverage_target_updated,5,True,0,
1,D19-P00,A_simple_B_complex,N,160,20,"{""C_plan"": 0.2536873156342183, ""allowed"": false, ""class_used"": false, ""conservative_rate"": 5.95, ""coverage_reserve_actions"": 416, ""coverage_status"": ""ok"", ""deficit_cells"": 2593, ""evaluation_truth_used"": false, ""movement_authorized"": false, ""outbound_cost"": 8, ""predicted_gain_cells"": 122.21428571428572, ""prediction"": {""actual_map_changed"": false, ""class_used"": false, ""discounted_safe_gain_cells"": 122.21428571428572, ""evaluation_truth_used"": false, ""future_unknown_free_assumption"": ""temporary prediction only; never fused or authorized"", ""gain_discount"": 0.5, ""optimistic_safe_gain_cells"": 295, ""predicted_union_cells"": 332, ""predicted_union_sha256"": ""9a835ade11d33f2082a599ea6469788095592e91e4af129daaca46307612198f"", ""union_yield_mean"": 0.8285714285714286}, ""pressure_after_route"": 4.281011373621614, ""reason"": ""insufficient_predicted_coverage_reserve"", ""remaining_after_outbound_return_and_margin"": 97, ""remaining_budget"": 140, ""reserve_actions"": 5, ""residual_deficit_cells"": 2470.785714285714, ""return_cost"": 30, ""total_required_actions"": 459, ""true_coverage_guaranteed"": false}",8,8,"[29, 47, 0]",D19-P00/v13-history-smoke/plan-1,same_coverage_target_updated,5,True,0,
1,D19-P00,A_simple_B_complex,N,160,25,"{""C_plan"": 0.28151438240270726, ""allowed"": false, ""class_used"": false, ""conservative_rate"": 7.3, ""coverage_reserve_actions"": 334, ""coverage_status"": ""ok"", ""deficit_cells"": 2452, ""evaluation_truth_used"": false, ""movement_authorized"": false, ""outbound_cost"": 3, ""predicted_gain_cells"": 17.714285714285715, ""prediction"": {""actual_map_changed"": false, ""class_used"": false, ""discounted_safe_gain_cells"": 17.714285714285715, ""evaluation_truth_used"": false, ""future_unknown_free_assumption"": ""temporary prediction only; never fused or authorized"", ""gain_discount"": 0.5, ""optimistic_safe_gain_cells"": 44, ""predicted_union_cells"": 53, ""predicted_union_sha256"": ""3ba29ebf2f9992c8e4e39891b9f633cf2929d3f3957948a261f69337c3e7d01d"", ""union_yield_mean"": 0.8051948051948052}, ""pressure_after_route"": 3.437771097706135, ""reason"": ""insufficient_predicted_coverage_reserve"", ""remaining_after_outbound_return_and_margin"": 97, ""remaining_budget"": 135, ""reserve_actions"": 5, ""residual_deficit_cells"": 2434.285714285714, ""return_cost"": 30, ""total_required_actions"": 372, ""true_coverage_guaranteed"": false}",3,3,"[29, 47, 0]",D19-P00/v13-history-smoke/plan-1,same_coverage_target_updated,5,True,0,
1,D19-P00,A_simple_B_complex,N,160,33,"{""C_plan"": 0.3414895900407813, ""allowed"": false, ""class_used"": false, ""conservative_rate"": 9.5, ""coverage_reserve_actions"": 213, ""coverage_status"": ""ok"", ""deficit_cells"": 2137, ""evaluation_truth_used"": false, ""movement_authorized"": false, ""outbound_cost"": 4, ""predicted_gain_cells"": 117.8013698630137, ""prediction"": {""actual_map_changed"": false, ""class_used"": false, ""discounted_safe_gain_cells"": 117.8013698630137, ""evaluation_truth_used"": false, ""future_unknown_free_assumption"": ""temporary prediction only; never fused or authorized"", ""gain_discount"": 0.5, ""optimistic_safe_gain_cells"": 273, ""predicted_union_cells"": 299, ""predicted_union_sha256"": ""cda187f2f3423f4f5495dd97ff243dac4b94385b631ecfb78a271a5bdb400c74"", ""union_yield_mean"": 0.863013698630137}, ""pressure_after_route"": 2.6904711927208345, ""reason"": ""insufficient_predicted_coverage_reserve"", ""remaining_after_outbound_return_and_margin"": 79, ""remaining_budget"": 127, ""reserve_actions"": 5, ""residual_deficit_cells"": 2019.1986301369864, ""return_cost"": 39, ""total_required_actions"": 261, ""true_coverage_guaranteed"": false}",4,4,"[20, 47, 0]",D19-P00/v13-history-smoke/plan-2,same_coverage_target_updated,151,True,0,
1,D19-P00,A_simple_B_complex,N,160,42,,,17,"[20, 68, 1]",D19-P00/v13-history-smoke/plan-3,target_no_longer_affordable_on_observed_map,198,False,,
1,D19-P00,A_simple_B_complex,N,160,47,"{""C_plan"": 0.44769503546099293, ""allowed"": false, ""class_used"": false, ""conservative_rate"": 15.11111111111111, ""coverage_reserve_actions"": 90, ""coverage_status"": ""ok"", ""deficit_cells"": 1590, ""evaluation_truth_used"": false, ""movement_authorized"": false, ""outbound_cost"": 16, ""predicted_gain_cells"": 236.50537634408602, ""prediction"": {""actual_map_changed"": false, ""class_used"": false, ""discounted_safe_gain_cells"": 236.50537634408602, ""evaluation_truth_used"": false, ""future_unknown_free_assumption"": ""temporary prediction only; never fused or authorized"", ""gain_discount"": 0.5, ""optimistic_safe_gain_cells"": 530, ""predicted_union_cells"": 600, ""predicted_union_sha256"": ""aa0920ffc47f21e4482e6f11079f0a799fc8a4ac54f72194a8eab6448c965692"", ""union_yield_mean"": 0.8924731182795699}, ""pressure_after_route"": 3.0886033501275927, ""reason"": ""insufficient_predicted_coverage_reserve"", ""remaining_after_outbound_return_and_margin"": 29, ""remaining_budget"": 113, ""reserve_actions"": 5, ""residual_deficit_cells"": 1353.494623655914, ""return_cost"": 63, ""total_required_actions"": 174, ""true_coverage_guaranteed"": false}",16,16,"[19, 69, 1]",D19-P00/v13-history-smoke/plan-4,same_coverage_target_updated,225,True,0,
1,D19-P00,A_simple_B_complex,N,160,52,"{""C_plan"": 0.46841637010676157, ""allowed"": false, ""class_used"": false, ""conservative_rate"": 14.351851851851851, ""coverage_reserve_actions"": 90, ""coverage_status"": ""ok"", ""deficit_cells"": 1491, ""evaluation_truth_used"": false, ""movement_authorized"": false, ""outbound_cost"": 11, ""predicted_gain_cells"": 199.54368932038835, ""prediction"": {""actual_map_changed"": false, ""class_used"": false, ""discounted_safe_gain_cells"": 199.54368932038835, ""evaluation_truth_used"": false, ""future_unknown_free_assumption"": ""temporary prediction only; never fused or authorized"", ""gain_discount"": 0.5, ""optimistic_safe_gain_cells"": 442, ""predicted_union_cells"": 488, ""predicted_union_sha256"": ""273e5e487e339f29312e13616c22105485e7e59dda8fe8ac3b308c5a47c39403"", ""union_yield_mean"": 0.9029126213592233}, ""pressure_after_route"": 3.1029428599198683, ""reason"": ""insufficient_predicted_coverage_reserve"", ""remaining_after_outbound_return_and_margin"": 29, ""remaining_budget"": 108, ""reserve_actions"": 5, ""residual_deficit_cells"": 1291.4563106796118, ""return_cost"": 63, ""total_required_actions"": 169, ""true_coverage_guaranteed"": false}",11,11,"[19, 69, 1]",D19-P00/v13-history-smoke/plan-4,same_coverage_target_updated,225,True,0,
1,D19-P00,A_simple_B_complex,N,160,57,"{""C_plan"": 0.4939434724091521, ""allowed"": false, ""class_used"": false, ""conservative_rate"": 13.0, ""coverage_reserve_actions"": 97, ""coverage_status"": ""ok"", ""deficit_cells"": 1365, ""evaluation_truth_used"": false, ""movement_authorized"": false, ""outbound_cost"": 6, ""predicted_gain_cells"": 107.36936936936937, ""prediction"": {""actual_map_changed"": false, ""class_used"": false, ""discounted_safe_gain_cells"": 107.36936936936937, ""evaluation_truth_used"": false, ""future_unknown_free_assumption"": ""temporary prediction only; never fused or authorized"", ""gain_discount"": 0.5, ""optimistic_safe_gain_cells"": 236, ""predicted_union_cells"": 278, ""predicted_union_sha256"": ""3d24e2afdccf41a3d28540dd9c3441b0f3b516142f5b5e755b8c0f8019a12e29"", ""union_yield_mean"": 0.9099099099099099}, ""pressure_after_route"": 3.3358902669247494, ""reason"": ""insufficient_predicted_coverage_reserve"", ""remaining_after_outbound_return_and_margin"": 29, ""remaining_budget"": 103, ""reserve_actions"": 5, ""residual_deficit_cells"": 1257.6306306306305, ""return_cost"": 63, ""total_required_actions"": 171, ""true_coverage_guaranteed"": false}",6,6,"[19, 69, 1]",D19-P00/v13-history-smoke/plan-4,same_coverage_target_updated,225,True,0,
1,D19-P00,A_simple_B_complex,N,160,62,"{""C_plan"": 0.5234090909090909, ""allowed"": false, ""class_used"": false, ""conservative_rate"": 10.37037037037037, ""coverage_reserve_actions"": 118, ""coverage_status"": ""ok"", ""deficit_cells"": 1217, ""evaluation_truth_used"": false, ""movement_authorized"": false, ""outbound_cost"": 1, ""predicted_gain_cells"": 0.0, ""prediction"": {""actual_map_changed"": false, ""class_used"": false, ""discounted_safe_gain_cells"": 0.0, ""evaluation_truth_used"": false, ""future_unknown_free_assumption"": ""temporary prediction only; never fused or authorized"", ""gain_discount"": 0.5, ""optimistic_safe_gain_cells"": 0, ""predicted_union_cells"": 0, ""predicted_union_sha256"": ""df469ce41663d86d700926e5e24b6cd731777363a8f519c7f034c2831ac2db4b"", ""union_yield_mean"": 0.9112426035502958}, ""pressure_after_route"": 4.04667487684729, ""reason"": ""insufficient_predicted_coverage_reserve"", ""remaining_after_outbound_return_and_margin"": 29, ""remaining_budget"": 98, ""reserve_actions"": 5, ""residual_deficit_cells"": 1217.0, ""return_cost"": 63, ""total_required_actions"": 187, ""true_coverage_guaranteed"": false}",,1,"[19, 69, 1]",D19-P00/v13-history-smoke/plan-4,no_remaining_unique_coverage_gain,225,False,,
1,D19-P00,A_simple_B_complex,N,160,67,"{""C_plan"": 0.535451197053407, ""allowed"": false, ""class_used"": false, ""conservative_rate"": 7.111111111111111, ""coverage_reserve_actions"": 139, ""coverage_status"": ""ok"", ""deficit_cells"": 1150, ""evaluation_truth_used"": false, ""movement_authorized"": false, ""outbound_cost"": 14, ""predicted_gain_cells"": 164.07079646017698, ""prediction"": {""actual_map_changed"": false, ""class_used"": false, ""discounted_safe_gain_cells"": 164.07079646017698, ""evaluation_truth_used"": false, ""future_unknown_free_assumption"": ""temporary prediction only; never fused or authorized"", ""gain_discount"": 0.5, ""optimistic_safe_gain_cells"": 360, ""predicted_union_cells"": 381, ""predicted_union_sha256"": ""9e9822829f9b94f671c0acccb73a047f6176b6e4b1e6ba43612bb1b2497475c3"", ""union_yield_mean"": 0.911504424778761}, ""pressure_after_route"": 4.780906698199574, ""reason"": ""insufficient_predicted_coverage_reserve"", ""remaining_after_outbound_return_and_margin"": 29, ""remaining_budget"": 93, ""reserve_actions"": 5, ""residual_deficit_cells"": 985.929203539823, ""return_cost"": 45, ""total_required_actions"": 203, ""true_coverage_guaranteed"": false}",14,14,"[35, 70, 2]",D19-P00/v13-history-smoke/plan-5,same_coverage_target_updated,330,True,0,
1,D19-P00,A_simple_B_complex,N,160,72,"{""C_plan"": 0.5458948339483395, ""allowed"": false, ""class_used"": false, ""conservative_rate"": 6.925925925925926, ""coverage_reserve_actions"": 138, ""coverage_status"": ""ok"", ""deficit_cells"": 1102, ""evaluation_truth_used"": false, ""movement_authorized"": false, ""outbound_cost"": 9, ""predicted_gain_cells"": 147.69658119658118, ""prediction"": {""actual_map_changed"": false, ""class_used"": false, ""discounted_safe_gain_cells"": 147.69658119658118, ""evaluation_truth_used"": false, ""future_unknown_free_assumption"": ""temporary prediction only; never fused or authorized"", ""gain_discount"": 0.5, ""optimistic_safe_gain_cells"": 323, ""predicted_union_cells"": 338, ""predicted_union_sha256"": ""f60c4e4ed176ccada305e55b836bb940d55d67ffb97caf008a0f3a76ad163f5a"", ""union_yield_mean"": 0.9145299145299145}, ""pressure_after_route"": 4.75128016000227, ""reason"": ""insufficient_predicted_coverage_reserve"", ""remaining_after_outbound_return_and_margin"": 29, ""remaining_budget"": 88, ""reserve_actions"": 5, ""residual_deficit_cells"": 954.3034188034188, ""return_cost"": 45, ""total_required_actions"": 197, ""true_coverage_guaranteed"": false}",9,9,"[35, 70, 2]",D19-P00/v13-history-smoke/plan-5,same_coverage_target_updated,330,True,0,
1,D19-P00,A_simple_B_complex,N,160,77,"{""C_plan"": 0.5877192982456141, ""allowed"": false, ""class_used"": false, ""conservative_rate"": 8.962962962962964, ""coverage_reserve_actions"": 97, ""coverage_status"": ""ok"", ""deficit_cells"": 920, ""evaluation_truth_used"": false, ""movement_authorized"": false, ""outbound_cost"": 4, ""predicted_gain_cells"": 56.33014354066986, ""prediction"": {""actual_map_changed"": false, ""class_used"": false, ""discounted_safe_gain_cells"": 56.33014354066986, ""evaluation_truth_used"": false, ""future_unknown_free_assumption"": ""temporary prediction only; never fused or authorized"", ""gain_discount"": 0.5, ""optimistic_safe_gain_cells"": 122, ""predicted_union_cells"": 121, ""predicted_union_sha256"": ""8c6d244d1cd188cc880abe623c78326424e541d05c180f7b55c9d858a34e3138"", ""union_yield_mean"": 0.9234449760765551}, ""pressure_after_route"": 3.3227537937306804, ""reason"": ""insufficient_predicted_coverage_reserve"", ""remaining_after_outbound_return_and_margin"": 29, ""remaining_budget"": 83, ""reserve_actions"": 5, ""residual_deficit_cells"": 863.6698564593302, ""return_cost"": 45, ""total_required_actions"": 151, ""true_coverage_guaranteed"": false}",4,4,"[35, 70, 2]",D19-P00/v13-history-smoke/plan-5,same_coverage_target_updated,330,True,0,
1,D19-P00,A_simple_B_complex,N,160,86,"{""C_plan"": 0.6203309692671395, ""allowed"": false, ""class_used"": false, ""conservative_rate"": 7.903846153846154, ""coverage_reserve_actions"": 78, ""coverage_status"": ""ok"", ""deficit_cells"": 760, ""evaluation_truth_used"": false, ""movement_authorized"": false, ""outbound_cost"": 48, ""predicted_gain_cells"": 144.92600000000002, ""prediction"": {""actual_map_changed"": false, ""class_used"": false, ""discounted_safe_gain_cells"": 144.92600000000002, ""evaluation_truth_used"": false, ""future_unknown_free_assumption"": ""temporary prediction only; never fused or authorized"", ""gain_discount"": 0.5, ""optimistic_safe_gain_cells"": 311, ""predicted_union_cells"": 375, ""predicted_union_sha256"": ""8105b17404edea0d4a90dedcbb28f6e60bdf3406c0c012c50e8bef2791b6ddb5"", ""union_yield_mean"": 0.932}, ""pressure_after_route"": null, ""reason"": ""insufficient_predicted_coverage_reserve"", ""remaining_after_outbound_return_and_margin"": -5, ""remaining_budget"": 74, ""reserve_actions"": 5, ""residual_deficit_cells"": 615.074, ""return_cost"": 26, ""total_required_actions"": 157, ""true_coverage_guaranteed"": false}",48,48,"[46, 29, 3]",D19-P00/v13-history-smoke/plan-6,same_coverage_target_updated,429,True,0,
1,D19-P00,A_simple_B_complex,N,160,91,"{""C_plan"": 0.6226862838158519, ""allowed"": false, ""class_used"": false, ""conservative_rate"": 6.0, ""coverage_reserve_actions"": 101, ""coverage_status"": ""ok"", ""deficit_cells"": 748, ""evaluation_truth_used"": false, ""movement_authorized"": false, ""outbound_cost"": 43, ""predicted_gain_cells"": 144.92600000000002, ""prediction"": {""actual_map_changed"": false, ""class_used"": false, ""discounted_safe_gain_cells"": 144.92600000000002, ""evaluation_truth_used"": false, ""future_unknown_free_assumption"": ""temporary prediction only; never fused or authorized"", ""gain_discount"": 0.5, ""optimistic_safe_gain_cells"": 311, ""predicted_union_cells"": 375, ""predicted_union_sha256"": ""8105b17404edea0d4a90dedcbb28f6e60bdf3406c0c012c50e8bef2791b6ddb5"", ""union_yield_mean"": 0.932}, ""pressure_after_route"": null, ""reason"": ""insufficient_predicted_coverage_reserve"", ""remaining_after_outbound_return_and_margin"": -5, ""remaining_budget"": 69, ""reserve_actions"": 5, ""residual_deficit_cells"": 603.074, ""return_cost"": 26, ""total_required_actions"": 175, ""true_coverage_guaranteed"": false}",43,43,"[46, 29, 3]",D19-P00/v13-history-smoke/plan-6,same_coverage_target_updated,429,True,0,
1,D19-P00,A_simple_B_complex,N,160,96,"{""C_plan"": 0.6178495134108711, ""allowed"": false, ""class_used"": false, ""conservative_rate"": 4.961538461538462, ""coverage_reserve_actions"": 127, ""coverage_status"": ""ok"", ""deficit_cells"": 768, ""evaluation_truth_used"": false, ""movement_authorized"": false, ""outbound_cost"": 38, ""predicted_gain_cells"": 138.868, ""prediction"": {""actual_map_changed"": false, ""class_used"": false, ""discounted_safe_gain_cells"": 138.868, ""evaluation_truth_used"": false, ""future_unknown_free_assumption"": ""temporary prediction only; never fused or authorized"", ""gain_discount"": 0.5, ""optimistic_safe_gain_cells"": 298, ""predicted_union_cells"": 365, ""predicted_union_sha256"": ""6e87bcd65b9d5cfacc16f5c6acee4d06d116559b8fae1f47b98c9bf281155727"", ""union_yield_mean"": 0.932}, ""pressure_after_route"": null, ""reason"": ""insufficient_predicted_coverage_reserve"", ""remaining_after_outbound_return_and_margin"": -5, ""remaining_budget"": 64, ""reserve_actions"": 5, ""residual_deficit_cells"": 629.1320000000001, ""return_cost"": 26, ""total_required_actions"": 196, ""true_coverage_guaranteed"": false}",38,38,"[46, 29, 3]",D19-P00/v13-history-smoke/plan-6,same_coverage_target_updated,429,True,0,
1,D19-P00,A_simple_B_complex,N,160,101,"{""C_plan"": 0.6178495134108711, ""allowed"": false, ""class_used"": false, ""conservative_rate"": 2.9423076923076925, ""coverage_reserve_actions"": 214, ""coverage_status"": ""ok"", ""deficit_cells"": 768, ""evaluation_truth_used"": false, ""movement_authorized"": false, ""outbound_cost"": 33, ""predicted_gain_cells"": 138.868, ""prediction"": {""actual_map_changed"": false, ""class_used"": false, ""discounted_safe_gain_cells"": 138.868, ""evaluation_truth_used"": false, ""future_unknown_free_assumption"": ""temporary prediction only; never fused or authorized"", ""gain_discount"": 0.5, ""optimistic_safe_gain_cells"": 298, ""predicted_union_cells"": 364, ""predicted_union_sha256"": ""5dc6521547d5064f1bdf60e17d1318b7ce94e119495621ae72b092e43d9c7e70"", ""union_yield_mean"": 0.932}, ""pressure_after_route"": null, ""reason"": ""insufficient_predicted_coverage_reserve"", ""remaining_after_outbound_return_and_margin"": -5, ""remaining_budget"": 59, ""reserve_actions"": 5, ""residual_deficit_cells"": 629.1320000000001, ""return_cost"": 26, ""total_required_actions"": 278, ""true_coverage_guaranteed"": false}",33,33,"[46, 29, 3]",D19-P00/v13-history-smoke/plan-6,same_coverage_target_updated,429,True,0,
1,D19-P00,A_simple_B_complex,N,160,106,"{""C_plan"": 0.6178495134108711, ""allowed"": false, ""class_used"": false, ""conservative_rate"": 0.0, ""coverage_reserve_actions"": null, ""coverage_status"": ""ok"", ""deficit_cells"": 768, ""evaluation_truth_used"": false, ""movement_authorized"": false, ""outbound_cost"": 28, ""predicted_gain_cells"": 138.868, ""prediction"": {""actual_map_changed"": false, ""class_used"": false, ""discounted_safe_gain_cells"": 138.868, ""evaluation_truth_used"": false, ""future_unknown_free_assumption"": ""temporary prediction only; never fused or authorized"", ""gain_discount"": 0.5, ""optimistic_safe_gain_cells"": 298, ""predicted_union_cells"": 364, ""predicted_union_sha256"": ""5dc6521547d5064f1bdf60e17d1318b7ce94e119495621ae72b092e43d9c7e70"", ""union_yield_mean"": 0.932}, ""pressure_after_route"": null, ""reason"": ""coverage_rate_unavailable"", ""remaining_after_outbound_return_and_margin"": -5, ""remaining_budget"": 54, ""reserve_actions"": 5, ""residual_deficit_cells"": 629.1320000000001, ""return_cost"": 26, ""total_required_actions"": null, ""true_coverage_guaranteed"": false}",28,28,"[46, 29, 3]",D19-P00/v13-history-smoke/plan-6,same_coverage_target_updated,429,True,0,
1,D19-P00,A_simple_B_complex,N,160,111,"{""C_plan"": 0.6178495134108711, ""allowed"": false, ""class_used"": false, ""conservative_rate"": 0.0, ""coverage_reserve_actions"": null, ""coverage_status"": ""ok"", ""deficit_cells"": 768, ""evaluation_truth_used"": false, ""movement_authorized"": false, ""outbound_cost"": 23, ""predicted_gain_cells"": 138.868, ""prediction"": {""actual_map_changed"": false, ""class_used"": false, ""discounted_safe_gain_cells"": 138.868, ""evaluation_truth_used"": false, ""future_unknown_free_assumption"": ""temporary prediction only; never fused or authorized"", ""gain_discount"": 0.5, ""optimistic_safe_gain_cells"": 298, ""predicted_union_cells"": 364, ""predicted_union_sha256"": ""5dc6521547d5064f1bdf60e17d1318b7ce94e119495621ae72b092e43d9c7e70"", ""union_yield_mean"": 0.932}, ""pressure_after_route"": null, ""reason"": ""coverage_rate_unavailable"", ""remaining_after_outbound_return_and_margin"": -5, ""remaining_budget"": 49, ""reserve_actions"": 5, ""residual_deficit_cells"": 629.1320000000001, ""return_cost"": 26, ""total_required_actions"": null, ""true_coverage_guaranteed"": false}",23,23,"[46, 29, 3]",D19-P00/v13-history-smoke/plan-6,same_coverage_target_updated,429,True,0,
1,D19-P00,A_simple_B_complex,N,160,116,"{""C_plan"": 0.6154759079041063, ""allowed"": false, ""class_used"": false, ""conservative_rate"": 0.0, ""coverage_reserve_actions"": null, ""coverage_status"": ""ok"", ""deficit_cells"": 778, ""evaluation_truth_used"": false, ""movement_authorized"": false, ""outbound_cost"": 18, ""predicted_gain_cells"": 118.83000000000001, ""prediction"": {""actual_map_changed"": false, ""class_used"": false, ""discounted_safe_gain_cells"": 118.83000000000001, ""evaluation_truth_used"": false, ""future_unknown_free_assumption"": ""temporary prediction only; never fused or authorized"", ""gain_discount"": 0.5, ""optimistic_safe_gain_cells"": 255, ""predicted_union_cells"": 299, ""predicted_union_sha256"": ""3b7bb01e19667a16a5a33c15ed5c0e82d0f7ef1c019feb39c030741eb60bb5a4"", ""union_yield_mean"": 0.932}, ""pressure_after_route"": null, ""reason"": ""coverage_rate_unavailable"", ""remaining_after_outbound_return_and_margin"": -5, ""remaining_budget"": 44, ""reserve_actions"": 5, ""residual_deficit_cells"": 659.17, ""return_cost"": 26, ""total_required_actions"": null, ""true_coverage_guaranteed"": false}",18,18,"[46, 29, 3]",D19-P00/v13-history-smoke/plan-6,same_coverage_target_updated,429,True,0,
1,D19-P00,A_simple_B_complex,N,160,121,"{""C_plan"": 0.6289668336912432, ""allowed"": false, ""class_used"": false, ""conservative_rate"": 0.6153846153846154, ""coverage_reserve_actions"": 1012, ""coverage_status"": ""ok"", ""deficit_cells"": 717, ""evaluation_truth_used"": false, ""movement_authorized"": false, ""outbound_cost"": 13, ""predicted_gain_cells"": 94.26666666666667, ""prediction"": {""actual_map_changed"": false, ""class_used"": false, ""discounted_safe_gain_cells"": 94.26666666666667, ""evaluation_truth_used"": false, ""future_unknown_free_assumption"": ""temporary prediction only; never fused or authorized"", ""gain_discount"": 0.5, ""optimistic_safe_gain_cells"": 202, ""predicted_union_cells"": 240, ""predicted_union_sha256"": ""7b0421a64b26b2c279f3a52d1ac7db44b5d68fb5df3411774d8267311d255c33"", ""union_yield_mean"": 0.9333333333333333}, ""pressure_after_route"": null, ""reason"": ""insufficient_predicted_coverage_reserve"", ""remaining_after_outbound_return_and_margin"": -5, ""remaining_budget"": 39, ""reserve_actions"": 5, ""residual_deficit_cells"": 622.7333333333333, ""return_cost"": 26, ""total_required_actions"": 1056, ""true_coverage_guaranteed"": false}",13,13,"[46, 29, 3]",D19-P00/v13-history-smoke/plan-6,same_coverage_target_updated,429,True,0,
1,D19-P00,A_simple_B_complex,N,160,126,"{""C_plan"": 0.6483040654318017, ""allowed"": false, ""class_used"": false, ""conservative_rate"": 1.7692307692307692, ""coverage_reserve_actions"": 329, ""coverage_status"": ""ok"", ""deficit_cells"": 631, ""evaluation_truth_used"": false, ""movement_authorized"": false, ""outbound_cost"": 8, ""predicted_gain_cells"": 49.19444444444444, ""prediction"": {""actual_map_changed"": false, ""class_used"": false, ""discounted_safe_gain_cells"": 49.19444444444444, ""evaluation_truth_used"": false, ""future_unknown_free_assumption"": ""temporary prediction only; never fused or authorized"", ""gain_discount"": 0.5, ""optimistic_safe_gain_cells"": 105, ""predicted_union_cells"": 126, ""predicted_union_sha256"": ""cf7a1d3665e162dd61eacea68dd10b91304361b3ba8bc26d565b34e80011742d"", ""union_yield_mean"": 0.937037037037037}, ""pressure_after_route"": null, ""reason"": ""insufficient_predicted_coverage_reserve"", ""remaining_after_outbound_return_and_margin"": -5, ""remaining_budget"": 34, ""reserve_actions"": 5, ""residual_deficit_cells"": 581.8055555555555, ""return_cost"": 26, ""total_required_actions"": 368, ""true_coverage_guaranteed"": false}",8,8,"[46, 29, 3]",D19-P00/v13-history-smoke/plan-6,same_coverage_target_updated,429,True,0,
1,D19-P00,A_simple_B_complex,N,160,131,"{""C_plan"": 0.6689221846302562, ""allowed"": false, ""class_used"": false, ""conservative_rate"": 3.173076923076923, ""coverage_reserve_actions"": 167, ""coverage_status"": ""ok"", ""deficit_cells"": 543, ""evaluation_truth_used"": false, ""movement_authorized"": false, ""outbound_cost"": 3, ""predicted_gain_cells"": 15.515789473684212, ""prediction"": {""actual_map_changed"": false, ""class_used"": false, ""discounted_safe_gain_cells"": 15.515789473684212, ""evaluation_truth_used"": false, ""future_unknown_free_assumption"": ""temporary prediction only; never fused or authorized"", ""gain_discount"": 0.5, ""optimistic_safe_gain_cells"": 33, ""predicted_union_cells"": 38, ""predicted_union_sha256"": ""280a338ceb7d19c190ed5c55782d627a90756a1a837463dbce41cce859c8b1fe"", ""union_yield_mean"": 0.9403508771929825}, ""pressure_after_route"": null, ""reason"": ""insufficient_predicted_coverage_reserve"", ""remaining_after_outbound_return_and_margin"": -5, ""remaining_budget"": 29, ""reserve_actions"": 5, ""residual_deficit_cells"": 527.4842105263158, ""return_cost"": 26, ""total_required_actions"": 201, ""true_coverage_guaranteed"": false}",3,3,"[46, 29, 3]",D19-P00/v13-history-smoke/plan-6,same_coverage_target_updated,429,True,0,
1,D19-P00,A_simple_B_complex,N,160,139,"{""C_plan"": 0.6968666504736458, ""allowed"": false, ""class_used"": false, ""conservative_rate"": 4.586206896551724, ""coverage_reserve_actions"": 93, ""coverage_status"": ""ok"", ""deficit_cells"": 425, ""evaluation_truth_used"": false, ""movement_authorized"": false, ""outbound_cost"": 3, ""predicted_gain_cells"": 0.9421768707482994, ""prediction"": {""actual_map_changed"": false, ""class_used"": false, ""discounted_safe_gain_cells"": 0.9421768707482994, ""evaluation_truth_used"": false, ""future_unknown_free_assumption"": ""temporary prediction only; never fused or authorized"", ""gain_discount"": 0.5, ""optimistic_safe_gain_cells"": 2, ""predicted_union_cells"": 2, ""predicted_union_sha256"": ""8570f7a17f7a890a23836be89b82b168af142365addd94069fe34493480ceb26"", ""union_yield_mean"": 0.9421768707482994}, ""pressure_after_route"": null, ""reason"": ""insufficient_predicted_coverage_reserve"", ""remaining_after_outbound_return_and_margin"": -5, ""remaining_budget"": 21, ""reserve_actions"": 5, ""residual_deficit_cells"": 424.0578231292517, ""return_cost"": 18, ""total_required_actions"": 119, ""true_coverage_guaranteed"": false}",3,3,"[53, 29, 2]",D19-P00/v13-history-smoke/plan-7,same_coverage_target_updated,705,True,0,
2,D19-P01,A_complex_B_simple,N,184,5,"{""C_plan"": 0.18608614812519367, ""allowed"": false, ""class_used"": false, ""conservative_rate"": 11.8, ""coverage_reserve_actions"": 304, ""coverage_status"": ""ok"", ""deficit_cells"": 3963, ""evaluation_truth_used"": false, ""movement_authorized"": false, ""outbound_cost"": 23, ""predicted_gain_cells"": 386.57142857142856, ""prediction"": {""actual_map_changed"": false, ""class_used"": false, ""discounted_safe_gain_cells"": 386.57142857142856, ""evaluation_truth_used"": false, ""future_unknown_free_assumption"": ""temporary prediction only; never fused or authorized"", ""gain_discount"": 0.5, ""optimistic_safe_gain_cells"": 984, ""predicted_union_cells"": 1043, ""predicted_union_sha256"": ""0dfbf4b2620c308f051759c1dd00a58306e05f328be9d75b8d09b6d06558dc7f"", ""union_yield_mean"": 0.7857142857142857}, ""pressure_after_route"": 2.504852620415024, ""reason"": ""insufficient_predicted_coverage_reserve"", ""remaining_after_outbound_return_and_margin"": 121, ""remaining_budget"": 179, ""reserve_actions"": 5, ""residual_deficit_cells"": 3576.4285714285716, ""return_cost"": 30, ""total_required_actions"": 362, ""true_coverage_guaranteed"": false}",23,23,"[37, 52, 0]",D19-P01/v13-history-smoke/plan-1,same_coverage_target_updated,5,True,0,
2,D19-P01,A_complex_B_simple,N,184,10,"{""C_plan"": 0.1915594603074992, ""allowed"": false, ""class_used"": false, ""conservative_rate"": 6.9, ""coverage_reserve_actions"": 527, ""coverage_status"": ""ok"", ""deficit_cells"": 3879, ""evaluation_truth_used"": false, ""movement_authorized"": false, ""outbound_cost"": 18, ""predicted_gain_cells"": 243.35507246376812, ""prediction"": {""actual_map_changed"": false, ""class_used"": false, ""discounted_safe_gain_cells"": 243.35507246376812, ""evaluation_truth_used"": false, ""future_unknown_free_assumption"": ""temporary prediction only; never fused or authorized"", ""gain_discount"": 0.5, ""optimistic_safe_gain_cells"": 781, ""predicted_union_cells"": 877, ""predicted_union_sha256"": ""f6022de11d0ff039a118645afb68fcbc4a70689822aeab51dfd07044d1fa06d2"", ""union_yield_mean"": 0.6231884057971014}, ""pressure_after_route"": 4.35458728894027, ""reason"": ""insufficient_predicted_coverage_reserve"", ""remaining_after_outbound_return_and_margin"": 121, ""remaining_budget"": 174, ""reserve_actions"": 5, ""residual_deficit_cells"": 3635.644927536232, ""return_cost"": 30, ""total_required_actions"": 580, ""true_coverage_guaranteed"": false}",18,18,"[37, 52, 0]",D19-P01/v13-history-smoke/plan-1,same_coverage_target_updated,5,True,0,
2,D19-P01,A_complex_B_simple,N,184,15,"{""C_plan"": 0.1993073047858942, ""allowed"": false, ""class_used"": false, ""conservative_rate"": 6.1, ""coverage_reserve_actions"": 603, ""coverage_status"": ""ok"", ""deficit_cells"": 3816, ""evaluation_truth_used"": false, ""movement_authorized"": false, ""outbound_cost"": 13, ""predicted_gain_cells"": 141.54761904761904, ""prediction"": {""actual_map_changed"": false, ""class_used"": false, ""discounted_safe_gain_cells"": 141.54761904761904, ""evaluation_truth_used"": false, ""future_unknown_free_assumption"": ""temporary prediction only; never fused or authorized"", ""gain_discount"": 0.5, ""optimistic_safe_gain_cells"": 410, ""predicted_union_cells"": 460, ""predicted_union_sha256"": ""a47e9cff28ef90fa868fe3df26aec59d3319bab336d078c92f8fddcbfac26ab9"", ""union_yield_mean"": 0.6904761904761905}, ""pressure_after_route"": 4.978258204785776, ""reason"": ""insufficient_predicted_coverage_reserve"", ""remaining_after_outbound_return_and_margin"": 121, ""remaining_budget"": 169, ""reserve_actions"": 5, ""residual_deficit_cells"": 3674.4523809523807, ""return_cost"": 30, ""total_required_actions"": 651, ""true_coverage_guaranteed"": false}",13,13,"[37, 52, 0]",D19-P01/v13-history-smoke/plan-1,same_coverage_target_updated,5,True,0,
2,D19-P01,A_complex_B_simple,N,184,20,"{""C_plan"": 0.21438735177865612, ""allowed"": false, ""class_used"": false, ""conservative_rate"": 6.825, ""coverage_reserve_actions"": 526, ""coverage_status"": ""ok"", ""deficit_cells"": 3704, ""evaluation_truth_used"": false, ""movement_authorized"": false, ""outbound_cost"": 8, ""predicted_gain_cells"": 115.40740740740742, ""prediction"": {""actual_map_changed"": false, ""class_used"": false, ""discounted_safe_gain_cells"": 115.40740740740742, ""evaluation_truth_used"": false, ""future_unknown_free_assumption"": ""temporary prediction only; never fused or authorized"", ""gain_discount"": 0.5, ""optimistic_safe_gain_cells"": 304, ""predicted_union_cells"": 328, ""predicted_union_sha256"": ""7c49b51fca65b09c418aba352daa099648f37b860a4aa82fe8aa3a993fe0a8cb"", ""union_yield_mean"": 0.7592592592592593}, ""pressure_after_route"": 4.345463739403133, ""reason"": ""insufficient_predicted_coverage_reserve"", ""remaining_after_outbound_return_and_margin"": 121, ""remaining_budget"": 164, ""reserve_actions"": 5, ""residual_deficit_cells"": 3588.5925925925926, ""return_cost"": 30, ""total_required_actions"": 569, ""true_coverage_guaranteed"": false}",8,8,"[37, 52, 0]",D19-P01/v13-history-smoke/plan-1,same_coverage_target_updated,5,True,0,
2,D19-P01,A_complex_B_simple,N,184,25,"{""C_plan"": 0.2372181644966656, ""allowed"": false, ""class_used"": false, ""conservative_rate"": 8.22, ""coverage_reserve_actions"": 427, ""coverage_status"": ""ok"", ""deficit_cells"": 3545, ""evaluation_truth_used"": false, ""movement_authorized"": false, ""outbound_cost"": 3, ""predicted_gain_cells"": 36.270270270270274, ""prediction"": {""actual_map_changed"": false, ""class_used"": false, ""discounted_safe_gain_cells"": 36.270270270270274, ""evaluation_truth_used"": false, ""future_unknown_free_assumption"": ""temporary prediction only; never fused or authorized"", ""gain_discount"": 0.5, ""optimistic_safe_gain_cells"": 88, ""predicted_union_cells"": 98, ""predicted_union_sha256"": ""be989413650f5d3a794757c2ab406386754a5a86c23f1651acf582e1e1df9359"", ""union_yield_mean"": 0.8243243243243243}, ""pressure_after_route"": 3.527708803090355, ""reason"": ""insufficient_predicted_coverage_reserve"", ""remaining_after_outbound_return_and_margin"": 121, ""remaining_budget"": 159, ""reserve_actions"": 5, ""residual_deficit_cells"": 3508.7297297297296, ""return_cost"": 30, ""total_required_actions"": 465, ""true_coverage_guaranteed"": false}",3,3,"[37, 52, 0]",D19-P01/v13-history-smoke/plan-1,same_coverage_target_updated,5,True,0,
2,D19-P01,A_complex_B_simple,N,184,33,"{""C_plan"": 0.2869704236610711, ""allowed"": false, ""class_used"": false, ""conservative_rate"": 10.607142857142858, ""coverage_reserve_actions"": 275, ""coverage_status"": ""ok"", ""deficit_cells"": 3209, ""evaluation_truth_used"": false, ""movement_authorized"": false, ""outbound_cost"": 8, ""predicted_gain_cells"": 294.06692913385825, ""prediction"": {""actual_map_changed"": false, ""class_used"": false, ""discounted_safe_gain_cells"": 294.06692913385825, ""evaluation_truth_used"": false, ""future_unknown_free_assumption"": ""temporary prediction only; never fused or authorized"", ""gain_discount"": 0.5, ""optimistic_safe_gain_cells"": 661, ""predicted_union_cells"": 733, ""predicted_union_sha256"": ""5ce6955b43d8a61a77c2c3a3be9ca162666e763cb3d3c9aa190f8e40e38f07ab"", ""union_yield_mean"": 0.889763779527559}, ""pressure_after_route"": 2.892721105236646, ""reason"": ""insufficient_predicted_coverage_reserve"", ""remaining_after_outbound_return_and_margin"": 95, ""remaining_budget"": 151, ""reserve_actions"": 5, ""residual_deficit_cells"": 2914.933070866142, ""return_cost"": 43, ""total_required_actions"": 331, ""true_coverage_guaranteed"": false}",8,8,"[24, 52, 0]",D19-P01/v13-history-smoke/plan-2,same_coverage_target_updated,151,True,0,
2,D19-P01,A_complex_B_simple,N,184,38,"{""C_plan"": 0.34963129208079513, ""allowed"": false, ""class_used"": false, ""conservative_rate"": 17.142857142857142, ""coverage_reserve_actions"": 157, ""coverage_status"": ""ok"", ""deficit_cells"": 2810, ""evaluation_truth_used"": false, ""movement_authorized"": false, ""outbound_cost"": 3, ""predicted_gain_cells"": 125.8871473354232, ""prediction"": {""actual_map_changed"": false, ""class_used"": false, ""discounted_safe_gain_cells"": 125.8871473354232, ""evaluation_truth_used"": false, ""future_unknown_free_assumption"": ""temporary prediction only; never fused or authorized"", ""gain_discount"": 0.5, ""optimistic_safe_gain_cells"": 276, ""predicted_union_cells"": 297, ""predicted_union_sha256"": ""7eb307a3d0253eb17c71c03929b86429b8f13cee4d52b182bc86b36fc5c97397"", ""union_yield_mean"": 0.9122257053291536}, ""pressure_after_route"": 1.6481394709343893, ""reason"": ""insufficient_predicted_coverage_reserve"", ""remaining_after_outbound_return_and_margin"": 95, ""remaining_budget"": 146, ""reserve_actions"": 5, ""residual_deficit_cells"": 2684.1128526645766, ""return_cost"": 43, ""total_required_actions"": 208, ""true_coverage_guaranteed"": false}",3,3,"[24, 52, 0]",D19-P01/v13-history-smoke/plan-2,same_coverage_target_updated,151,True,0,
2,D19-P01,A_complex_B_simple,N,184,46,"{""C_plan"": 0.4224572823433686, ""allowed"": false, ""class_used"": false, ""conservative_rate"": 23.846153846153847, ""coverage_reserve_actions"": 89, ""coverage_status"": ""ok"", ""deficit_cells"": 2320, ""evaluation_truth_used"": false, ""movement_authorized"": false, ""outbound_cost"": 20, ""predicted_gain_cells"": 204.29496402877697, ""prediction"": {""actual_map_changed"": false, ""class_used"": false, ""discounted_safe_gain_cells"": 204.29496402877697, ""evaluation_truth_used"": false, ""future_unknown_free_assumption"": ""temporary prediction only; never fused or authorized"", ""gain_discount"": 0.5, ""optimistic_safe_gain_cells"": 438, ""predicted_union_cells"": 529, ""predicted_union_sha256"": ""5ed0beefb1bc3bdc349a9e293cf22059635205200bb82739af0a8435f31c89e2"", ""union_yield_mean"": 0.9328537170263789}, ""pressure_after_route"": 1.8106758043203355, ""reason"": ""insufficient_predicted_coverage_reserve"", ""remaining_after_outbound_return_and_margin"": 49, ""remaining_budget"": 138, ""reserve_actions"": 5, ""residual_deficit_cells"": 2115.705035971223, ""return_cost"": 64, ""total_required_actions"": 178, ""true_coverage_guaranteed"": false}",20,20,"[24, 28, 3]",D19-P01/v13-history-smoke/plan-3,same_coverage_target_updated,219,True,0,
2,D19-P01,A_complex_B_simple,N,184,51,"{""C_plan"": 0.44151756129887343, ""allowed"": false, ""class_used"": false, ""conservative_rate"": 22.51923076923077, ""coverage_reserve_actions"": 91, ""coverage_status"": ""ok"", ""deficit_cells"": 2164, ""evaluation_truth_used"": false, ""movement_authorized"": false, ""outbound_cost"": 15, ""predicted_gain_cells"": 117.29074889867842, ""prediction"": {""actual_map_changed"": false, ""class_used"": false, ""discounted_safe_gain_cells"": 117.29074889867842, ""evaluation_truth_used"": false, ""future_unknown_free_assumption"": ""temporary prediction only; never fused or authorized"", ""gain_discount"": 0.5, ""optimistic_safe_gain_cells"": 250, ""predicted_union_cells"": 300, ""predicted_union_sha256"": ""5f8d2c3a6db2a6cfd13b401ecfcdebc82c88a0759b49de96a551853cf35ee022"", ""union_yield_mean"": 0.9383259911894273}, ""pressure_after_route"": 1.8548402909996466, ""reason"": ""insufficient_predicted_coverage_reserve"", ""remaining_after_outbound_return_and_margin"": 49, ""remaining_budget"": 133, ""reserve_actions"": 5, ""residual_deficit_cells"": 2046.7092511013216, ""return_cost"": 64, ""total_required_actions"": 175, ""true_coverage_guaranteed"": false}",15,15,"[24, 28, 3]",D19-P01/v13-history-smoke/plan-3,same_coverage_target_updated,219,True,0,
2,D19-P01,A_complex_B_simple,N,184,56,"{""C_plan"": 0.4589041095890411, ""allowed"": false, ""class_used"": false, ""conservative_rate"": 20.423076923076923, ""coverage_reserve_actions"": 97, ""coverage_status"": ""ok"", ""deficit_cells"": 2042, ""evaluation_truth_used"": false, ""movement_authorized"": false, ""outbound_cost"": 10, ""predicted_gain_cells"": 78.17842323651452, ""prediction"": {""actual_map_changed"": false, ""class_used"": false, ""discounted_safe_gain_cells"": 78.17842323651452, ""evaluation_truth_used"": false, ""future_unknown_free_assumption"": ""temporary prediction only; never fused or authorized"", ""gain_discount"": 0.5, ""optimistic_safe_gain_cells"": 166, ""predicted_union_cells"": 201, ""predicted_union_sha256"": ""96b469dfa5396f0282692b8f9411b514ff29239ca7c4185a96acd99fcac7091a"", ""union_yield_mean"": 0.941908713692946}, ""pressure_after_route"": 1.8854311508382489, ""reason"": ""insufficient_predicted_coverage_reserve"", ""remaining_after_outbound_return_and_margin"": 51, ""remaining_budget"": 128, ""reserve_actions"": 5, ""residual_deficit_cells"": 1963.8215767634854, ""return_cost"": 62, ""total_required_actions"": 174, ""true_coverage_guaranteed"": false}",10,10,"[24, 28, 3]",D19-P01/v13-history-smoke/plan-3,same_coverage_target_updated,219,True,0,
2,D19-P01,A_complex_B_simple,N,184,61,"{""C_plan"": 0.4768378650553877, ""allowed"": false, ""class_used"": false, ""conservative_rate"": 18.28846153846154, ""coverage_reserve_actions"": 104, ""coverage_status"": ""ok"", ""deficit_cells"": 1926, ""evaluation_truth_used"": false, ""movement_authorized"": false, ""outbound_cost"": 5, ""predicted_gain_cells"": 41.12573099415205, ""prediction"": {""actual_map_changed"": false, ""class_used"": false, ""discounted_safe_gain_cells"": 41.12573099415205, ""evaluation_truth_used"": false, ""future_unknown_free_assumption"": ""temporary prediction only; never fused or authorized"", ""gain_discount"": 0.5, ""optimistic_safe_gain_cells"": 87, ""predicted_union_cells"": 102, ""predicted_union_sha256"": ""0db52a60fd561e6075358c708d4ddece68c6685b654c44bd08704338eb9d6481"", ""union_yield_mean"": 0.9454191033138402}, ""pressure_after_route"": 2.020854456367994, ""reason"": ""insufficient_predicted_coverage_reserve"", ""remaining_after_outbound_return_and_margin"": 51, ""remaining_budget"": 123, ""reserve_actions"": 5, ""residual_deficit_cells"": 1884.874269005848, ""return_cost"": 62, ""total_required_actions"": 176, ""true_coverage_guaranteed"": false}",5,5,"[24, 28, 3]",D19-P01/v13-history-smoke/plan-3,same_coverage_target_updated,219,True,0,
2,D19-P01,A_complex_B_simple,N,184,71,"{""C_plan"": 0.5449897750511248, ""allowed"": false, ""class_used"": false, ""conservative_rate"": 11.76923076923077, ""coverage_reserve_actions"": 128, ""coverage_status"": ""ok"", ""deficit_cells"": 1497, ""evaluation_truth_used"": false, ""movement_authorized"": false, ""outbound_cost"": 1, ""predicted_gain_cells"": 1.908496732026144, ""prediction"": {""actual_map_changed"": false, ""class_used"": false, ""discounted_safe_gain_cells"": 1.908496732026144, ""evaluation_truth_used"": false, ""future_unknown_free_assumption"": ""temporary prediction only; never fused or authorized"", ""gain_discount"": 0.5, ""optimistic_safe_gain_cells"": 4, ""predicted_union_cells"": 4, ""predicted_union_sha256"": ""6b2dd063d2e0a29fd3c65f85e4225ccc424eba7f6378c66fd5d94e1b5b41576a"", ""union_yield_mean"": 0.954248366013072}, ""pressure_after_route"": 3.4333491507655287, ""reason"": ""insufficient_predicted_coverage_reserve"", ""remaining_after_outbound_return_and_margin"": 37, ""remaining_budget"": 113, ""reserve_actions"": 5, ""residual_deficit_cells"": 1495.0915032679738, ""return_cost"": 70, ""total_required_actions"": 204, ""true_coverage_guaranteed"": false}",1,1,"[24, 22, 3]",D19-P01/v13-history-smoke/plan-4,same_coverage_target_updated,349,True,0,
2,D19-P01,A_complex_B_simple,N,184,77,"{""C_plan"": 0.5597798038878377, ""allowed"": false, ""class_used"": false, ""conservative_rate"": 11.185185185185185, ""coverage_reserve_actions"": 107, ""coverage_status"": ""ok"", ""deficit_cells"": 1397, ""evaluation_truth_used"": false, ""movement_authorized"": false, ""outbound_cost"": 13, ""predicted_gain_cells"": 206.84713375796179, ""prediction"": {""actual_map_changed"": false, ""class_used"": false, ""discounted_safe_gain_cells"": 206.84713375796179, ""evaluation_truth_used"": false, ""future_unknown_free_assumption"": ""temporary prediction only; never fused or authorized"", ""gain_discount"": 0.5, ""optimistic_safe_gain_cells"": 433, ""predicted_union_cells"": 452, ""predicted_union_sha256"": ""7debaffc4676fc6303851fcf4d118f2c65eebd2f822b891280ac66b296719bc7"", ""union_yield_mean"": 0.9554140127388535}, ""pressure_after_route"": 106.40439532627495, ""reason"": ""insufficient_predicted_coverage_reserve"", ""remaining_after_outbound_return_and_margin"": 1, ""remaining_budget"": 107, ""reserve_actions"": 5, ""residual_deficit_cells"": 1190.1528662420383, ""return_cost"": 88, ""total_required_actions"": 213, ""true_coverage_guaranteed"": false}",13,13,"[40, 21, 2]",D19-P01/v13-history-smoke/plan-5,same_coverage_target_updated,381,True,0,
2,D19-P01,A_complex_B_simple,N,184,82,"{""C_plan"": 0.5755853994490359, ""allowed"": false, ""class_used"": false, ""conservative_rate"": 11.333333333333334, ""coverage_reserve_actions"": 102, ""coverage_status"": ""ok"", ""deficit_cells"": 1304, ""evaluation_truth_used"": false, ""movement_authorized"": false, ""outbound_cost"": 8, ""predicted_gain_cells"": 151.21472392638037, ""prediction"": {""actual_map_changed"": false, ""class_used"": false, ""discounted_safe_gain_cells"": 151.21472392638037, ""evaluation_truth_used"": false, ""future_unknown_free_assumption"": ""temporary prediction only; never fused or authorized"", ""gain_discount"": 0.5, ""optimistic_safe_gain_cells"": 316, ""predicted_union_cells"": 331, ""predicted_union_sha256"": ""dbf823b8951d69657aeadce5202ed19164757456bcbe3ef6b5665951f0ba4a3d"", ""union_yield_mean"": 0.9570552147239264}, ""pressure_after_route"": 101.71634788884879, ""reason"": ""insufficient_predicted_coverage_reserve"", ""remaining_after_outbound_return_and_margin"": 1, ""remaining_budget"": 102, ""reserve_actions"": 5, ""residual_deficit_cells"": 1152.7852760736196, ""return_cost"": 88, ""total_required_actions"": 203, ""true_coverage_guaranteed"": false}",8,8,"[40, 21, 2]",D19-P01/v13-history-smoke/plan-5,same_coverage_target_updated,381,True,0,
2,D19-P01,A_complex_B_simple,N,184,87,"{""C_plan"": 0.6171280276816609, ""allowed"": false, ""class_used"": false, ""conservative_rate"": 13.944444444444445, ""coverage_reserve_actions"": 74, ""coverage_status"": ""ok"", ""deficit_cells"": 1057, ""evaluation_truth_used"": false, ""movement_authorized"": false, ""outbound_cost"": 3, ""predicted_gain_cells"": 36.95558739255014, ""prediction"": {""actual_map_changed"": false, ""class_used"": false, ""discounted_safe_gain_cells"": 36.95558739255014, ""evaluation_truth_used"": false, ""future_unknown_free_assumption"": ""temporary prediction only; never fused or authorized"", ""gain_discount"": 0.5, ""optimistic_safe_gain_cells"": 77, ""predicted_union_cells"": 74, ""predicted_union_sha256"": ""da1806ade3b4bfd92fbd22f3086c578886fabd4e9165ca1334d0d305bc596ed2"", ""union_yield_mean"": 0.9598853868194842}, ""pressure_after_route"": 1.9770431169305587, ""reason"": ""insufficient_predicted_coverage_reserve"", ""remaining_after_outbound_return_and_margin"": 37, ""remaining_budget"": 97, ""reserve_actions"": 5, ""residual_deficit_cells"": 1020.0444126074499, ""return_cost"": 52, ""total_required_actions"": 134, ""true_coverage_guaranteed"": false}",3,3,"[40, 21, 2]",D19-P01/v13-history-smoke/plan-5,same_coverage_target_updated,381,True,0,
2,D19-P01,A_complex_B_simple,N,184,100,"{""C_plan"": 0.6566137566137566, ""allowed"": false, ""class_used"": false, ""conservative_rate"": 10.266666666666667, ""coverage_reserve_actions"": 63, ""coverage_status"": ""ok"", ""deficit_cells"": 813, ""evaluation_truth_used"": false, ""movement_authorized"": false, ""outbound_cost"": 58, ""predicted_gain_cells"": 172.59079283887468, ""prediction"": {""actual_map_changed"": false, ""class_used"": false, ""discounted_safe_gain_cells"": 172.59079283887468, ""evaluation_truth_used"": false, ""future_unknown_free_assumption"": ""temporary prediction only; never fused or authorized"", ""gain_discount"": 0.5, ""optimistic_safe_gain_cells"": 358, ""predicted_union_cells"": 416, ""predicted_union_sha256"": ""fe1c1700b3c030de2a97668e983426ca14419fd39c8d01ee4d9c2ba0d84947b4"", ""union_yield_mean"": 0.9641943734015346}, ""pressure_after_route"": null, ""reason"": ""insufficient_predicted_coverage_reserve"", ""remaining_after_outbound_return_and_margin"": -5, ""remaining_budget"": 84, ""reserve_actions"": 5, ""residual_deficit_cells"": 640.4092071611253, ""return_cost"": 26, ""total_required_actions"": 152, ""true_coverage_guaranteed"": false}",58,58,"[58, 70, 1]",D19-P01/v13-history-smoke/plan-7,same_coverage_target_updated,501,True,0,
2,D19-P01,A_complex_B_simple,N,184,105,"{""C_plan"": 0.659227771873893, ""allowed"": false, ""class_used"": false, ""conservative_rate"": 8.116666666666667, ""coverage_reserve_actions"": 77, ""coverage_status"": ""ok"", ""deficit_cells"": 795, ""evaluation_truth_used"": false, ""movement_authorized"": false, ""outbound_cost"": 53, ""predicted_gain_cells"": 171.1445012787724, ""prediction"": {""actual_map_changed"": false, ""class_used"": false, ""discounted_safe_gain_cells"": 171.1445012787724, ""evaluation_truth_used"": false, ""future_unknown_free_assumption"": ""temporary prediction only; never fused or authorized"", ""gain_discount"": 0.5, ""optimistic_safe_gain_cells"": 355, ""predicted_union_cells"": 415, ""predicted_union_sha256"": ""a7baf0db05e9baee52a60a76628782374066dac63737e26e0ae08e700cb50bdc"", ""union_yield_mean"": 0.9641943734015346}, ""pressure_after_route"": null, ""reason"": ""insufficient_predicted_coverage_reserve"", ""remaining_after_outbound_return_and_margin"": -5, ""remaining_budget"": 79, ""reserve_actions"": 5, ""residual_deficit_cells"": 623.8554987212276, ""return_cost"": 26, ""total_required_actions"": 161, ""true_coverage_guaranteed"": false}",53,53,"[58, 70, 1]",D19-P01/v13-history-smoke/plan-7,same_coverage_target_updated,501,True,0,
2,D19-P01,A_complex_B_simple,N,184,110,"{""C_plan"": 0.6597591215019483, ""allowed"": false, ""class_used"": false, ""conservative_rate"": 7.116666666666666, ""coverage_reserve_actions"": 88, ""coverage_status"": ""ok"", ""deficit_cells"": 792, ""evaluation_truth_used"": false, ""movement_authorized"": false, ""outbound_cost"": 48, ""predicted_gain_cells"": 169.69820971867009, ""prediction"": {""actual_map_changed"": false, ""class_used"": false, ""discounted_safe_gain_cells"": 169.69820971867009, ""evaluation_truth_used"": false, ""future_unknown_free_assumption"": ""temporary prediction only; never fused or authorized"", ""gain_discount"": 0.5, ""optimistic_safe_gain_cells"": 352, ""predicted_union_cells"": 414, ""predicted_union_sha256"": ""97473da8c225829db649e92f231c9aa1762a758742f2f4bff347f44fde87347a"", ""union_yield_mean"": 0.9641943734015346}, ""pressure_after_route"": null, ""reason"": ""insufficient_predicted_coverage_reserve"", ""remaining_after_outbound_return_and_margin"": -5, ""remaining_budget"": 74, ""reserve_actions"": 5, ""residual_deficit_cells"": 622.3017902813299, ""return_cost"": 26, ""total_required_actions"": 167, ""true_coverage_guaranteed"": false}",48,48,"[58, 70, 1]",D19-P01/v13-history-smoke/plan-7,same_coverage_target_updated,501,True,0,
2,D19-P01,A_complex_B_simple,N,184,115,"{""C_plan"": 0.6558568137515506, ""allowed"": false, ""class_used"": false, ""conservative_rate"": 4.0, ""coverage_reserve_actions"": 162, ""coverage_status"": ""ok"", ""deficit_cells"": 814, ""evaluation_truth_used"": false, ""movement_authorized"": false, ""outbound_cost"": 43, ""predicted_gain_cells"": 169.21611253196932, ""prediction"": {""actual_map_changed"": false, ""class_used"": false, ""discounted_safe_gain_cells"": 169.21611253196932, ""evaluation_truth_used"": false, ""future_unknown_free_assumption"": ""temporary prediction only; never fused or authorized"", ""gain_discount"": 0.5, ""optimistic_safe_gain_cells"": 351, ""predicted_union_cells"": 412, ""predicted_union_sha256"": ""c2c082dbe4d256ecee5e8a8a39aa7738ed73fa06865b9c95876c4bb4057e19cb"", ""union_yield_mean"": 0.9641943734015346}, ""pressure_after_route"": null, ""reason"": ""insufficient_predicted_coverage_reserve"", ""remaining_after_outbound_return_and_margin"": -5, ""remaining_budget"": 69, ""reserve_actions"": 5, ""residual_deficit_cells"": 644.7838874680307, ""return_cost"": 26, ""total_required_actions"": 236, ""true_coverage_guaranteed"": false}",43,43,"[58, 70, 1]",D19-P01/v13-history-smoke/plan-7,same_coverage_target_updated,501,True,0,
2,D19-P01,A_complex_B_simple,N,184,120,"{""C_plan"": 0.6556796030480241, ""allowed"": false, ""class_used"": false, ""conservative_rate"": 1.0666666666666667, ""coverage_reserve_actions"": 606, ""coverage_status"": ""ok"", ""deficit_cells"": 815, ""evaluation_truth_used"": false, ""movement_authorized"": false, ""outbound_cost"": 38, ""predicted_gain_cells"": 169.21611253196932, ""prediction"": {""actual_map_changed"": false, ""class_used"": false, ""discounted_safe_gain_cells"": 169.21611253196932, ""evaluation_truth_used"": false, ""future_unknown_free_assumption"": ""temporary prediction only; never fused or authorized"", ""gain_discount"": 0.5, ""optimistic_safe_gain_cells"": 351, ""predicted_union_cells"": 412, ""predicted_union_sha256"": ""c2c082dbe4d256ecee5e8a8a39aa7738ed73fa06865b9c95876c4bb4057e19cb"", ""union_yield_mean"": 0.9641943734015346}, ""pressure_after_route"": null, ""reason"": ""insufficient_predicted_coverage_reserve"", ""remaining_after_outbound_return_and_margin"": -5, ""remaining_budget"": 64, ""reserve_actions"": 5, ""residual_deficit_cells"": 645.7838874680307, ""return_cost"": 26, ""total_required_actions"": 675, ""true_coverage_guaranteed"": false}",38,38,"[58, 70, 1]",D19-P01/v13-history-smoke/plan-7,same_coverage_target_updated,501,True,0,
2,D19-P01,A_complex_B_simple,N,184,125,"{""C_plan"": 0.6556796030480241, ""allowed"": false, ""class_used"": false, ""conservative_rate"": 0.0, ""coverage_reserve_actions"": null, ""coverage_status"": ""ok"", ""deficit_cells"": 815, ""evaluation_truth_used"": false, ""movement_authorized"": false, ""outbound_cost"": 33, ""predicted_gain_cells"": 169.21611253196932, ""prediction"": {""actual_map_changed"": false, ""class_used"": false, ""discounted_safe_gain_cells"": 169.21611253196932, ""evaluation_truth_used"": false, ""future_unknown_free_assumption"": ""temporary prediction only; never fused or authorized"", ""gain_discount"": 0.5, ""optimistic_safe_gain_cells"": 351, ""predicted_union_cells"": 412, ""predicted_union_sha256"": ""c2c082dbe4d256ecee5e8a8a39aa7738ed73fa06865b9c95876c4bb4057e19cb"", ""union_yield_mean"": 0.9641943734015346}, ""pressure_after_route"": null, ""reason"": ""coverage_rate_unavailable"", ""remaining_after_outbound_return_and_margin"": -5, ""remaining_budget"": 59, ""reserve_actions"": 5, ""residual_deficit_cells"": 645.7838874680307, ""return_cost"": 26, ""total_required_actions"": null, ""true_coverage_guaranteed"": false}",33,33,"[58, 70, 1]",D19-P01/v13-history-smoke/plan-7,same_coverage_target_updated,501,True,0,
2,D19-P01,A_complex_B_simple,N,184,130,"{""C_plan"": 0.6556796030480241, ""allowed"": false, ""class_used"": false, ""conservative_rate"": 0.0, ""coverage_reserve_actions"": null, ""coverage_status"": ""ok"", ""deficit_cells"": 815, ""evaluation_truth_used"": false, ""movement_authorized"": false, ""outbound_cost"": 28, ""predicted_gain_cells"": 169.21611253196932, ""prediction"": {""actual_map_changed"": false, ""class_used"": false, ""discounted_safe_gain_cells"": 169.21611253196932, ""evaluation_truth_used"": false, ""future_unknown_free_assumption"": ""temporary prediction only; never fused or authorized"", ""gain_discount"": 0.5, ""optimistic_safe_gain_cells"": 351, ""predicted_union_cells"": 412, ""predicted_union_sha256"": ""c2c082dbe4d256ecee5e8a8a39aa7738ed73fa06865b9c95876c4bb4057e19cb"", ""union_yield_mean"": 0.9641943734015346}, ""pressure_after_route"": null, ""reason"": ""coverage_rate_unavailable"", ""remaining_after_outbound_return_and_margin"": -5, ""remaining_budget"": 54, ""reserve_actions"": 5, ""residual_deficit_cells"": 645.7838874680307, ""return_cost"": 26, ""total_required_actions"": null, ""true_coverage_guaranteed"": false}",28,28,"[58, 70, 1]",D19-P01/v13-history-smoke/plan-7,same_coverage_target_updated,501,True,0,
2,D19-P01,A_complex_B_simple,N,184,135,"{""C_plan"": 0.6556796030480241, ""allowed"": false, ""class_used"": false, ""conservative_rate"": 0.0, ""coverage_reserve_actions"": null, ""coverage_status"": ""ok"", ""deficit_cells"": 815, ""evaluation_truth_used"": false, ""movement_authorized"": false, ""outbound_cost"": 23, ""predicted_gain_cells"": 169.21611253196932, ""prediction"": {""actual_map_changed"": false, ""class_used"": false, ""discounted_safe_gain_cells"": 169.21611253196932, ""evaluation_truth_used"": false, ""future_unknown_free_assumption"": ""temporary prediction only; never fused or authorized"", ""gain_discount"": 0.5, ""optimistic_safe_gain_cells"": 351, ""predicted_union_cells"": 412, ""predicted_union_sha256"": ""c2c082dbe4d256ecee5e8a8a39aa7738ed73fa06865b9c95876c4bb4057e19cb"", ""union_yield_mean"": 0.9641943734015346}, ""pressure_after_route"": null, ""reason"": ""coverage_rate_unavailable"", ""remaining_after_outbound_return_and_margin"": -5, ""remaining_budget"": 49, ""reserve_actions"": 5, ""residual_deficit_cells"": 645.7838874680307, ""return_cost"": 26, ""total_required_actions"": null, ""true_coverage_guaranteed"": false}",23,23,"[58, 70, 1]",D19-P01/v13-history-smoke/plan-7,same_coverage_target_updated,501,True,0,
2,D19-P01,A_complex_B_simple,N,184,140,"{""C_plan"": 0.6565656565656566, ""allowed"": false, ""class_used"": false, ""conservative_rate"": 0.0, ""coverage_reserve_actions"": null, ""coverage_status"": ""ok"", ""deficit_cells"": 810, ""evaluation_truth_used"": false, ""movement_authorized"": false, ""outbound_cost"": 18, ""predicted_gain_cells"": 158.63248407643312, ""prediction"": {""actual_map_changed"": false, ""class_used"": false, ""discounted_safe_gain_cells"": 158.63248407643312, ""evaluation_truth_used"": false, ""future_unknown_free_assumption"": ""temporary prediction only; never fused or authorized"", ""gain_discount"": 0.5, ""optimistic_safe_gain_cells"": 329, ""predicted_union_cells"": 388, ""predicted_union_sha256"": ""926fac313e8b5afe9a8fc9e298302f215012f4795bad198b2e8f139556fcb6d2"", ""union_yield_mean"": 0.9643312101910828}, ""pressure_after_route"": null, ""reason"": ""coverage_rate_unavailable"", ""remaining_after_outbound_return_and_margin"": -5, ""remaining_budget"": 44, ""reserve_actions"": 5, ""residual_deficit_cells"": 651.3675159235669, ""return_cost"": 26, ""total_required_actions"": null, ""true_coverage_guaranteed"": false}",18,18,"[58, 70, 1]",D19-P01/v13-history-smoke/plan-7,same_coverage_target_updated,501,True,0,
2,D19-P01,A_complex_B_simple,N,184,145,"{""C_plan"": 0.6688542036183044, ""allowed"": false, ""class_used"": false, ""conservative_rate"": 1.1666666666666667, ""coverage_reserve_actions"": 535, ""coverage_status"": ""ok"", ""deficit_cells"": 740, ""evaluation_truth_used"": false, ""movement_authorized"": false, ""outbound_cost"": 13, ""predicted_gain_cells"": 115.86715867158672, ""prediction"": {""actual_map_changed"": false, ""class_used"": false, ""discounted_safe_gain_cells"": 115.86715867158672, ""evaluation_truth_used"": false, ""future_unknown_free_assumption"": ""temporary prediction only; never fused or authorized"", ""gain_discount"": 0.5, ""optimistic_safe_gain_cells"": 240, ""predicted_union_cells"": 282, ""predicted_union_sha256"": ""e8371d160ad6d43921045ba78c5f33a476d215ea9775edaba4bb235895503140"", ""union_yield_mean"": 0.965559655596556}, ""pressure_after_route"": null, ""reason"": ""insufficient_predicted_coverage_reserve"", ""remaining_after_outbound_return_and_margin"": -5, ""remaining_budget"": 39, ""reserve_actions"": 5, ""residual_deficit_cells"": 624.1328413284133, ""return_cost"": 26, ""total_required_actions"": 579, ""true_coverage_guaranteed"": false}",13,13,"[58, 70, 1]",D19-P01/v13-history-smoke/plan-7,same_coverage_target_updated,501,True,0,
2,D19-P01,A_complex_B_simple,N,184,150,"{""C_plan"": 0.6849777777777778, ""allowed"": false, ""class_used"": false, ""conservative_rate"": 2.55, ""coverage_reserve_actions"": 226, ""coverage_status"": ""ok"", ""deficit_cells"": 647, ""evaluation_truth_used"": false, ""movement_authorized"": false, ""outbound_cost"": 8, ""predicted_gain_cells"": 72.04009433962264, ""prediction"": {""actual_map_changed"": false, ""class_used"": false, ""discounted_safe_gain_cells"": 72.04009433962264, ""evaluation_truth_used"": false, ""future_unknown_free_assumption"": ""temporary prediction only; never fused or authorized"", ""gain_discount"": 0.5, ""optimistic_safe_gain_cells"": 149, ""predicted_union_cells"": 177, ""predicted_union_sha256"": ""96f34ab587d4cd62c9eaa3bafaa2635cb7ffac800f27cb7977697ba5c1c6680e"", ""union_yield_mean"": 0.9669811320754716}, ""pressure_after_route"": null, ""reason"": ""insufficient_predicted_coverage_reserve"", ""remaining_after_outbound_return_and_margin"": -5, ""remaining_budget"": 34, ""reserve_actions"": 5, ""residual_deficit_cells"": 574.9599056603773, ""return_cost"": 26, ""total_required_actions"": 265, ""true_coverage_guaranteed"": false}",8,8,"[58, 70, 1]",D19-P01/v13-history-smoke/plan-7,same_coverage_target_updated,501,True,0,
2,D19-P01,A_complex_B_simple,N,184,155,"{""C_plan"": 0.70377627360171, ""allowed"": false, ""class_used"": false, ""conservative_rate"": 4.183333333333334, ""coverage_reserve_actions"": 124, ""coverage_status"": ""ok"", ""deficit_cells"": 541, ""evaluation_truth_used"": false, ""movement_authorized"": false, ""outbound_cost"": 3, ""predicted_gain_cells"": 24.697752808988763, ""prediction"": {""actual_map_changed"": false, ""class_used"": false, ""discounted_safe_gain_cells"": 24.697752808988763, ""evaluation_truth_used"": false, ""future_unknown_free_assumption"": ""temporary prediction only; never fused or authorized"", ""gain_discount"": 0.5, ""optimistic_safe_gain_cells"": 51, ""predicted_union_cells"": 58, ""predicted_union_sha256"": ""dc503d6f40d5ed27a5e094136edab27d99a138cc62bdf29fc721a515776a2763"", ""union_yield_mean"": 0.9685393258426966}, ""pressure_after_route"": null, ""reason"": ""insufficient_predicted_coverage_reserve"", ""remaining_after_outbound_return_and_margin"": -5, ""remaining_budget"": 29, ""reserve_actions"": 5, ""residual_deficit_cells"": 516.3022471910112, ""return_cost"": 26, ""total_required_actions"": 158, ""true_coverage_guaranteed"": false}",3,3,"[58, 70, 1]",D19-P01/v13-history-smoke/plan-7,same_coverage_target_updated,501,True,0,
3,D19-P01,A_simple_B_complex,N,184,5,"{""C_plan"": 0.18608614812519367, ""allowed"": false, ""class_used"": false, ""conservative_rate"": 11.8, ""coverage_reserve_actions"": 304, ""coverage_status"": ""ok"", ""deficit_cells"": 3963, ""evaluation_truth_used"": false, ""movement_authorized"": false, ""outbound_cost"": 23, ""predicted_gain_cells"": 386.57142857142856, ""prediction"": {""actual_map_changed"": false, ""class_used"": false, ""discounted_safe_gain_cells"": 386.57142857142856, ""evaluation_truth_used"": false, ""future_unknown_free_assumption"": ""temporary prediction only; never fused or authorized"", ""gain_discount"": 0.5, ""optimistic_safe_gain_cells"": 984, ""predicted_union_cells"": 1043, ""predicted_union_sha256"": ""0dfbf4b2620c308f051759c1dd00a58306e05f328be9d75b8d09b6d06558dc7f"", ""union_yield_mean"": 0.7857142857142857}, ""pressure_after_route"": 2.504852620415024, ""reason"": ""insufficient_predicted_coverage_reserve"", ""remaining_after_outbound_return_and_margin"": 121, ""remaining_budget"": 179, ""reserve_actions"": 5, ""residual_deficit_cells"": 3576.4285714285716, ""return_cost"": 30, ""total_required_actions"": 362, ""true_coverage_guaranteed"": false}",23,23,"[37, 52, 0]",D19-P01/v13-history-smoke/plan-1,same_coverage_target_updated,5,True,0,
3,D19-P01,A_simple_B_complex,N,184,10,"{""C_plan"": 0.1915594603074992, ""allowed"": false, ""class_used"": false, ""conservative_rate"": 6.9, ""coverage_reserve_actions"": 527, ""coverage_status"": ""ok"", ""deficit_cells"": 3879, ""evaluation_truth_used"": false, ""movement_authorized"": false, ""outbound_cost"": 18, ""predicted_gain_cells"": 243.35507246376812, ""prediction"": {""actual_map_changed"": false, ""class_used"": false, ""discounted_safe_gain_cells"": 243.35507246376812, ""evaluation_truth_used"": false, ""future_unknown_free_assumption"": ""temporary prediction only; never fused or authorized"", ""gain_discount"": 0.5, ""optimistic_safe_gain_cells"": 781, ""predicted_union_cells"": 877, ""predicted_union_sha256"": ""f6022de11d0ff039a118645afb68fcbc4a70689822aeab51dfd07044d1fa06d2"", ""union_yield_mean"": 0.6231884057971014}, ""pressure_after_route"": 4.35458728894027, ""reason"": ""insufficient_predicted_coverage_reserve"", ""remaining_after_outbound_return_and_margin"": 121, ""remaining_budget"": 174, ""reserve_actions"": 5, ""residual_deficit_cells"": 3635.644927536232, ""return_cost"": 30, ""total_required_actions"": 580, ""true_coverage_guaranteed"": false}",18,18,"[37, 52, 0]",D19-P01/v13-history-smoke/plan-1,same_coverage_target_updated,5,True,0,
3,D19-P01,A_simple_B_complex,N,184,15,"{""C_plan"": 0.1993073047858942, ""allowed"": false, ""class_used"": false, ""conservative_rate"": 6.1, ""coverage_reserve_actions"": 603, ""coverage_status"": ""ok"", ""deficit_cells"": 3816, ""evaluation_truth_used"": false, ""movement_authorized"": false, ""outbound_cost"": 13, ""predicted_gain_cells"": 141.54761904761904, ""prediction"": {""actual_map_changed"": false, ""class_used"": false, ""discounted_safe_gain_cells"": 141.54761904761904, ""evaluation_truth_used"": false, ""future_unknown_free_assumption"": ""temporary prediction only; never fused or authorized"", ""gain_discount"": 0.5, ""optimistic_safe_gain_cells"": 410, ""predicted_union_cells"": 460, ""predicted_union_sha256"": ""a47e9cff28ef90fa868fe3df26aec59d3319bab336d078c92f8fddcbfac26ab9"", ""union_yield_mean"": 0.6904761904761905}, ""pressure_after_route"": 4.978258204785776, ""reason"": ""insufficient_predicted_coverage_reserve"", ""remaining_after_outbound_return_and_margin"": 121, ""remaining_budget"": 169, ""reserve_actions"": 5, ""residual_deficit_cells"": 3674.4523809523807, ""return_cost"": 30, ""total_required_actions"": 651, ""true_coverage_guaranteed"": false}",13,13,"[37, 52, 0]",D19-P01/v13-history-smoke/plan-1,same_coverage_target_updated,5,True,0,
3,D19-P01,A_simple_B_complex,N,184,20,"{""C_plan"": 0.21391304347826087, ""allowed"": false, ""class_used"": false, ""conservative_rate"": 6.75, ""coverage_reserve_actions"": 534, ""coverage_status"": ""ok"", ""deficit_cells"": 3707, ""evaluation_truth_used"": false, ""movement_authorized"": false, ""outbound_cost"": 8, ""predicted_gain_cells"": 108.19444444444446, ""prediction"": {""actual_map_changed"": false, ""class_used"": false, ""discounted_safe_gain_cells"": 108.19444444444446, ""evaluation_truth_used"": false, ""future_unknown_free_assumption"": ""temporary prediction only; never fused or authorized"", ""gain_discount"": 0.5, ""optimistic_safe_gain_cells"": 285, ""predicted_union_cells"": 325, ""predicted_union_sha256"": ""837becefba84b815f32811fc11d37bc495b38fa444500ae1ae562f07074bf788"", ""union_yield_mean"": 0.7592592592592593}, ""pressure_after_route"": 4.406251062816719, ""reason"": ""insufficient_predicted_coverage_reserve"", ""remaining_after_outbound_return_and_margin"": 121, ""remaining_budget"": 164, ""reserve_actions"": 5, ""residual_deficit_cells"": 3598.8055555555557, ""return_cost"": 30, ""total_required_actions"": 577, ""true_coverage_guaranteed"": false}",8,8,"[37, 52, 0]",D19-P01/v13-history-smoke/plan-1,same_coverage_target_updated,5,True,0,
3,D19-P01,A_simple_B_complex,N,184,25,"{""C_plan"": 0.2357891394093363, ""allowed"": false, ""class_used"": false, ""conservative_rate"": 8.04, ""coverage_reserve_actions"": 440, ""coverage_status"": ""ok"", ""deficit_cells"": 3554, ""evaluation_truth_used"": false, ""movement_authorized"": false, ""outbound_cost"": 3, ""predicted_gain_cells"": 22.568965517241377, ""prediction"": {""actual_map_changed"": false, ""class_used"": false, ""discounted_safe_gain_cells"": 22.568965517241377, ""evaluation_truth_used"": false, ""future_unknown_free_assumption"": ""temporary prediction only; never fused or authorized"", ""gain_discount"": 0.5, ""optimistic_safe_gain_cells"": 55, ""predicted_union_cells"": 60, ""predicted_union_sha256"": ""08649954974ad16117f5b0d53bb5100ee2350496c25cdb3b48ea7f5feb14b5bf"", ""union_yield_mean"": 0.8206896551724138}, ""pressure_after_route"": 3.630022444063524, ""reason"": ""insufficient_predicted_coverage_reserve"", ""remaining_after_outbound_return_and_margin"": 121, ""remaining_budget"": 159, ""reserve_actions"": 5, ""residual_deficit_cells"": 3531.4310344827586, ""return_cost"": 30, ""total_required_actions"": 478, ""true_coverage_guaranteed"": false}",3,3,"[37, 52, 0]",D19-P01/v13-history-smoke/plan-1,same_coverage_target_updated,5,True,0,
3,D19-P01,A_simple_B_complex,N,184,33,"{""C_plan"": 0.2853717026378897, ""allowed"": false, ""class_used"": false, ""conservative_rate"": 10.428571428571429, ""coverage_reserve_actions"": 281, ""coverage_status"": ""ok"", ""deficit_cells"": 3219, ""evaluation_truth_used"": false, ""movement_authorized"": false, ""outbound_cost"": 8, ""predicted_gain_cells"": 292.4778761061947, ""prediction"": {""actual_map_changed"": false, ""class_used"": false, ""discounted_safe_gain_cells"": 292.4778761061947, ""evaluation_truth_used"": false, ""future_unknown_free_assumption"": ""temporary prediction only; never fused or authorized"", ""gain_discount"": 0.5, ""optimistic_safe_gain_cells"": 661, ""predicted_union_cells"": 733, ""predicted_union_sha256"": ""5ce6955b43d8a61a77c2c3a3be9ca162666e763cb3d3c9aa190f8e40e38f07ab"", ""union_yield_mean"": 0.8849557522123894}, ""pressure_after_route"": 2.9539516751631774, ""reason"": ""insufficient_predicted_coverage_reserve"", ""remaining_after_outbound_return_and_margin"": 95, ""remaining_budget"": 151, ""reserve_actions"": 5, ""residual_deficit_cells"": 2926.522123893805, ""return_cost"": 43, ""total_required_actions"": 337, ""true_coverage_guaranteed"": false}",8,8,"[24, 52, 0]",D19-P01/v13-history-smoke/plan-2,same_coverage_target_updated,151,True,0,
3,D19-P01,A_simple_B_complex,N,184,38,"{""C_plan"": 0.3480282141712087, ""allowed"": false, ""class_used"": false, ""conservative_rate"": 16.964285714285715, ""coverage_reserve_actions"": 159, ""coverage_status"": ""ok"", ""deficit_cells"": 2820, ""evaluation_truth_used"": false, ""movement_authorized"": false, ""outbound_cost"": 3, ""predicted_gain_cells"": 125.6701030927835, ""prediction"": {""actual_map_changed"": false, ""class_used"": false, ""discounted_safe_gain_cells"": 125.6701030927835, ""evaluation_truth_used"": false, ""future_unknown_free_assumption"": ""temporary prediction only; never fused or authorized"", ""gain_discount"": 0.5, ""optimistic_safe_gain_cells"": 276, ""predicted_union_cells"": 297, ""predicted_union_sha256"": ""7eb307a3d0253eb17c71c03929b86429b8f13cee4d52b182bc86b36fc5c97397"", ""union_yield_mean"": 0.9106529209621993}, ""pressure_after_route"": 1.671827969272068, ""reason"": ""insufficient_predicted_coverage_reserve"", ""remaining_after_outbound_return_and_margin"": 95, ""remaining_budget"": 146, ""reserve_actions"": 5, ""residual_deficit_cells"": 2694.3298969072166, ""return_cost"": 43, ""total_required_actions"": 210, ""true_coverage_guaranteed"": false}",3,3,"[24, 52, 0]",D19-P01/v13-history-smoke/plan-2,same_coverage_target_updated,151,True,0,
3,D19-P01,A_simple_B_complex,N,184,46,"{""C_plan"": 0.42213181448331977, ""allowed"": false, ""class_used"": false, ""conservative_rate"": 23.865384615384617, ""coverage_reserve_actions"": 89, ""coverage_status"": ""ok"", ""deficit_cells"": 2322, ""evaluation_truth_used"": false, ""movement_authorized"": false, ""outbound_cost"": 20, ""predicted_gain_cells"": 204.3624678663239, ""prediction"": {""actual_map_changed"": false, ""class_used"": false, ""discounted_safe_gain_cells"": 204.3624678663239, ""evaluation_truth_used"": false, ""future_unknown_free_assumption"": ""temporary prediction only; never fused or authorized"", ""gain_discount"": 0.5, ""optimistic_safe_gain_cells"": 438, ""predicted_union_cells"": 529, ""predicted_union_sha256"": ""5ed0beefb1bc3bdc349a9e293cf22059635205200bb82739af0a8435f31c89e2"", ""union_yield_mean"": 0.9331619537275064}, ""pressure_after_route"": 1.8108693066972181, ""reason"": ""insufficient_predicted_coverage_reserve"", ""remaining_after_outbound_return_and_margin"": 49, ""remaining_budget"": 138, ""reserve_actions"": 5, ""residual_deficit_cells"": 2117.637532133676, ""return_cost"": 64, ""total_required_actions"": 178, ""true_coverage_guaranteed"": false}",20,20,"[24, 28, 3]",D19-P01/v13-history-smoke/plan-3,same_coverage_target_updated,219,True,0,
3,D19-P01,A_simple_B_complex,N,184,51,"{""C_plan"": 0.44151756129887343, ""allowed"": false, ""class_used"": false, ""conservative_rate"": 22.692307692307693, ""coverage_reserve_actions"": 91, ""coverage_status"": ""ok"", ""deficit_cells"": 2164, ""evaluation_truth_used"": false, ""movement_authorized"": false, ""outbound_cost"": 15, ""predicted_gain_cells"": 117.44186046511628, ""prediction"": {""actual_map_changed"": false, ""class_used"": false, ""discounted_safe_gain_cells"": 117.44186046511628, ""evaluation_truth_used"": false, ""future_unknown_free_assumption"": ""temporary prediction only; never fused or authorized"", ""gain_discount"": 0.5, ""optimistic_safe_gain_cells"": 250, ""predicted_union_cells"": 300, ""predicted_union_sha256"": ""5f8d2c3a6db2a6cfd13b401ecfcdebc82c88a0759b49de96a551853cf35ee022"", ""union_yield_mean"": 0.9395348837209302}, ""pressure_after_route"": 1.8405573029369415, ""reason"": ""insufficient_predicted_coverage_reserve"", ""remaining_after_outbound_return_and_margin"": 49, ""remaining_budget"": 133, ""reserve_actions"": 5, ""residual_deficit_cells"": 2046.5581395348838, ""return_cost"": 64, ""total_required_actions"": 175, ""true_coverage_guaranteed"": false}",15,15,"[24, 28, 3]",D19-P01/v13-history-smoke/plan-3,same_coverage_target_updated,219,True,0,
3,D19-P01,A_simple_B_complex,N,184,56,"{""C_plan"": 0.4589041095890411, ""allowed"": false, ""class_used"": false, ""conservative_rate"": 20.615384615384617, ""coverage_reserve_actions"": 96, ""coverage_status"": ""ok"", ""deficit_cells"": 2042, ""evaluation_truth_used"": false, ""movement_authorized"": false, ""outbound_cost"": 10, ""predicted_gain_cells"": 78.29847494553377, ""prediction"": {""actual_map_changed"": false, ""class_used"": false, ""discounted_safe_gain_cells"": 78.29847494553377, ""evaluation_truth_used"": false, ""future_unknown_free_assumption"": ""temporary prediction only; never fused or authorized"", ""gain_discount"": 0.5, ""optimistic_safe_gain_cells"": 166, ""predicted_union_cells"": 201, ""predicted_union_sha256"": ""96b469dfa5396f0282692b8f9411b514ff29239ca7c4185a96acd99fcac7091a"", ""union_yield_mean"": 0.9433551198257081}, ""pressure_after_route"": 1.8677289892967557, ""reason"": ""insufficient_predicted_coverage_reserve"", ""remaining_after_outbound_return_and_margin"": 51, ""remaining_budget"": 128, ""reserve_actions"": 5, ""residual_deficit_cells"": 1963.7015250544662, ""return_cost"": 62, ""total_required_actions"": 173, ""true_coverage_guaranteed"": false}",10,10,"[24, 28, 3]",D19-P01/v13-history-smoke/plan-3,same_coverage_target_updated,219,True,0,
3,D19-P01,A_simple_B_complex,N,184,61,"{""C_plan"": 0.4768378650553877, ""allowed"": false, ""class_used"": false, ""conservative_rate"": 18.48076923076923, ""coverage_reserve_actions"": 102, ""coverage_status"": ""ok"", ""deficit_cells"": 1926, ""evaluation_truth_used"": false, ""movement_authorized"": false, ""outbound_cost"": 5, ""predicted_gain_cells"": 41.19183673469388, ""prediction"": {""actual_map_changed"": false, ""class_used"": false, ""discounted_safe_gain_cells"": 41.19183673469388, ""evaluation_truth_used"": false, ""future_unknown_free_assumption"": ""temporary prediction only; never fused or authorized"", ""gain_discount"": 0.5, ""optimistic_safe_gain_cells"": 87, ""predicted_union_cells"": 102, ""predicted_union_sha256"": ""0db52a60fd561e6075358c708d4ddece68c6685b654c44bd08704338eb9d6481"", ""union_yield_mean"": 0.9469387755102041}, ""pressure_after_route"": 1.9997556566851507, ""reason"": ""insufficient_predicted_coverage_reserve"", ""remaining_after_outbound_return_and_margin"": 51, ""remaining_budget"": 123, ""reserve_actions"": 5, ""residual_deficit_cells"": 1884.8081632653061, ""return_cost"": 62, ""total_required_actions"": 174, ""true_coverage_guaranteed"": false}",5,5,"[24, 28, 3]",D19-P01/v13-history-smoke/plan-3,same_coverage_target_updated,219,True,0,
3,D19-P01,A_simple_B_complex,N,184,71,"{""C_plan"": 0.5448193592365371, ""allowed"": false, ""class_used"": false, ""conservative_rate"": 11.807692307692308, ""coverage_reserve_actions"": 127, ""coverage_status"": ""ok"", ""deficit_cells"": 1498, ""evaluation_truth_used"": false, ""movement_authorized"": false, ""outbound_cost"": 1, ""predicted_gain_cells"": 1.9117147707979627, ""prediction"": {""actual_map_changed"": false, ""class_used"": false, ""discounted_safe_gain_cells"": 1.9117147707979627, ""evaluation_truth_used"": false, ""future_unknown_free_assumption"": ""temporary prediction only; never fused or authorized"", ""gain_discount"": 0.5, ""optimistic_safe_gain_cells"": 4, ""predicted_union_cells"": 4, ""predicted_union_sha256"": ""6b2dd063d2e0a29fd3c65f85e4225ccc424eba7f6378c66fd5d94e1b5b41576a"", ""union_yield_mean"": 0.9558573853989814}, ""pressure_after_route"": 3.4244471710502027, ""reason"": ""insufficient_predicted_coverage_reserve"", ""remaining_after_outbound_return_and_margin"": 37, ""remaining_budget"": 113, ""reserve_actions"": 5, ""residual_deficit_cells"": 1496.088285229202, ""return_cost"": 70, ""total_required_actions"": 203, ""true_coverage_guaranteed"": false}",1,1,"[24, 22, 3]",D19-P01/v13-history-smoke/plan-4,same_coverage_target_updated,349,True,0,
3,D19-P01,A_simple_B_complex,N,184,77,"{""C_plan"": 0.5597798038878377, ""allowed"": false, ""class_used"": false, ""conservative_rate"": 11.185185185185185, ""coverage_reserve_actions"": 103, ""coverage_status"": ""ok"", ""deficit_cells"": 1397, ""evaluation_truth_used"": false, ""movement_authorized"": false, ""outbound_cost"": 16, ""predicted_gain_cells"": 249.78347107438015, ""prediction"": {""actual_map_changed"": false, ""class_used"": false, ""discounted_safe_gain_cells"": 249.78347107438015, ""evaluation_truth_used"": false, ""future_unknown_free_assumption"": ""temporary prediction only; never fused or authorized"", ""gain_discount"": 0.5, ""optimistic_safe_gain_cells"": 522, ""predicted_union_cells"": 535, ""predicted_union_sha256"": ""bcaa61bc174dd2e5a1a99b1eb3eab9dd33d9a2b370616302dc58570c6b36f0a0"", ""union_yield_mean"": 0.9570247933884297}, ""pressure_after_route"": null, ""reason"": ""insufficient_predicted_coverage_reserve"", ""remaining_after_outbound_return_and_margin"": -5, ""remaining_budget"": 107, ""reserve_actions"": 5, ""residual_deficit_cells"": 1147.21652892562, ""return_cost"": 91, ""total_required_actions"": 215, ""true_coverage_guaranteed"": false}",16,16,"[43, 21, 2]",D19-P01/v13-history-smoke/plan-5,same_coverage_target_updated,381,True,0,
3,D19-P01,A_simple_B_complex,N,184,82,"{""C_plan"": 0.5755853994490359, ""allowed"": false, ""class_used"": false, ""conservative_rate"": 11.333333333333334, ""coverage_reserve_actions"": 98, ""coverage_status"": ""ok"", ""deficit_cells"": 1304, ""evaluation_truth_used"": false, ""movement_authorized"": false, ""outbound_cost"": 11, ""predicted_gain_cells"": 194.60890302066773, ""prediction"": {""actual_map_changed"": false, ""class_used"": false, ""discounted_safe_gain_cells"": 194.60890302066773, ""evaluation_truth_used"": false, ""future_unknown_free_assumption"": ""temporary prediction only; never fused or authorized"", ""gain_discount"": 0.5, ""optimistic_safe_gain_cells"": 406, ""predicted_union_cells"": 414, ""predicted_union_sha256"": ""104c7342fbcb76704e469135342a74593eec295e1531a63feaaab1e2eb906bb1"", ""union_yield_mean"": 0.958664546899841}, ""pressure_after_route"": null, ""reason"": ""insufficient_predicted_coverage_reserve"", ""remaining_after_outbound_return_and_margin"": -5, ""remaining_budget"": 102, ""reserve_actions"": 5, ""residual_deficit_cells"": 1109.3910969793324, ""return_cost"": 91, ""total_required_actions"": 205, ""true_coverage_guaranteed"": false}",11,11,"[43, 21, 2]",D19-P01/v13-history-smoke/plan-5,same_coverage_target_updated,381,True,0,
3,D19-P01,A_simple_B_complex,N,184,87,"{""C_plan"": 0.6171280276816609, ""allowed"": false, ""class_used"": false, ""conservative_rate"": 13.944444444444445, ""coverage_reserve_actions"": 71, ""coverage_status"": ""ok"", ""deficit_cells"": 1057, ""evaluation_truth_used"": false, ""movement_authorized"": false, ""outbound_cost"": 6, ""predicted_gain_cells"": 74.51481481481481, ""prediction"": {""actual_map_changed"": false, ""class_used"": false, ""discounted_safe_gain_cells"": 74.51481481481481, ""evaluation_truth_used"": false, ""future_unknown_free_assumption"": ""temporary prediction only; never fused or authorized"", ""gain_discount"": 0.5, ""optimistic_safe_gain_cells"": 155, ""predicted_union_cells"": 150, ""predicted_union_sha256"": ""8c610056c2639e9c2819bff7b7090b16ba03d698502968d2a9ad759193b64285"", ""union_yield_mean"": 0.9614814814814815}, ""pressure_after_route"": 1.9042460787480706, ""reason"": ""insufficient_predicted_coverage_reserve"", ""remaining_after_outbound_return_and_margin"": 37, ""remaining_budget"": 97, ""reserve_actions"": 5, ""residual_deficit_cells"": 982.4851851851852, ""return_cost"": 49, ""total_required_actions"": 131, ""true_coverage_guaranteed"": false}",6,6,"[43, 21, 2]",D19-P01/v13-history-smoke/plan-5,same_coverage_target_updated,381,True,0,
3,D19-P01,A_simple_B_complex,N,184,92,"{""C_plan"": 0.6424337517433751, ""allowed"": false, ""class_used"": false, ""conservative_rate"": 13.648148148148149, ""coverage_reserve_actions"": 66, ""coverage_status"": ""ok"", ""deficit_cells"": 904, ""evaluation_truth_used"": false, ""movement_authorized"": false, ""outbound_cost"": 1, ""predicted_gain_cells"": 4.338842975206611, ""prediction"": {""actual_map_changed"": false, ""class_used"": false, ""discounted_safe_gain_cells"": 4.338842975206611, ""evaluation_truth_used"": false, ""future_unknown_free_assumption"": ""temporary prediction only; never fused or authorized"", ""gain_discount"": 0.5, ""optimistic_safe_gain_cells"": 9, ""predicted_union_cells"": 10, ""predicted_union_sha256"": ""1bf3b465b341a013fc251bd338ab3f28d032300b69b56042a740e460cc688feb"", ""union_yield_mean"": 0.9641873278236914}, ""pressure_after_route"": 1.7815725724939984, ""reason"": ""insufficient_predicted_coverage_reserve"", ""remaining_after_outbound_return_and_margin"": 37, ""remaining_budget"": 92, ""reserve_actions"": 5, ""residual_deficit_cells"": 899.6611570247934, ""return_cost"": 49, ""total_required_actions"": 121, ""true_coverage_guaranteed"": false}",1,1,"[43, 21, 2]",D19-P01/v13-history-smoke/plan-5,same_coverage_target_updated,381,True,0,
3,D19-P01,A_simple_B_complex,N,184,100,"{""C_plan"": 0.6566137566137566, ""allowed"": false, ""class_used"": false, ""conservative_rate"": 10.266666666666667, ""coverage_reserve_actions"": 63, ""coverage_status"": ""ok"", ""deficit_cells"": 813, ""evaluation_truth_used"": false, ""movement_authorized"": false, ""outbound_cost"": 58, ""predicted_gain_cells"": 172.86824769433466, ""prediction"": {""actual_map_changed"": false, ""class_used"": false, ""discounted_safe_gain_cells"": 172.86824769433466, ""evaluation_truth_used"": false, ""future_unknown_free_assumption"": ""temporary prediction only; never fused or authorized"", ""gain_discount"": 0.5, ""optimistic_safe_gain_cells"": 358, ""predicted_union_cells"": 416, ""predicted_union_sha256"": ""fe1c1700b3c030de2a97668e983426ca14419fd39c8d01ee4d9c2ba0d84947b4"", ""union_yield_mean"": 0.9657444005270093}, ""pressure_after_route"": null, ""reason"": ""insufficient_predicted_coverage_reserve"", ""remaining_after_outbound_return_and_margin"": -5, ""remaining_budget"": 84, ""reserve_actions"": 5, ""residual_deficit_cells"": 640.1317523056654, ""return_cost"": 26, ""total_required_actions"": 152, ""true_coverage_guaranteed"": false}",58,58,"[58, 70, 1]",D19-P01/v13-history-smoke/plan-7,same_coverage_target_updated,502,True,0,
3,D19-P01,A_simple_B_complex,N,184,105,"{""C_plan"": 0.659227771873893, ""allowed"": false, ""class_used"": false, ""conservative_rate"": 8.133333333333333, ""coverage_reserve_actions"": 77, ""coverage_status"": ""ok"", ""deficit_cells"": 795, ""evaluation_truth_used"": false, ""movement_authorized"": false, ""outbound_cost"": 53, ""predicted_gain_cells"": 171.41963109354415, ""prediction"": {""actual_map_changed"": false, ""class_used"": false, ""discounted_safe_gain_cells"": 171.41963109354415, ""evaluation_truth_used"": false, ""future_unknown_free_assumption"": ""temporary prediction only; never fused or authorized"", ""gain_discount"": 0.5, ""optimistic_safe_gain_cells"": 355, ""predicted_union_cells"": 415, ""predicted_union_sha256"": ""a7baf0db05e9baee52a60a76628782374066dac63737e26e0ae08e700cb50bdc"", ""union_yield_mean"": 0.9657444005270093}, ""pressure_after_route"": null, ""reason"": ""insufficient_predicted_coverage_reserve"", ""remaining_after_outbound_return_and_margin"": -5, ""remaining_budget"": 79, ""reserve_actions"": 5, ""residual_deficit_cells"": 623.5803689064559, ""return_cost"": 26, ""total_required_actions"": 161, ""true_coverage_guaranteed"": false}",53,53,"[58, 70, 1]",D19-P01/v13-history-smoke/plan-7,same_coverage_target_updated,502,True,0,
3,D19-P01,A_simple_B_complex,N,184,110,"{""C_plan"": 0.6597591215019483, ""allowed"": false, ""class_used"": false, ""conservative_rate"": 7.116666666666666, ""coverage_reserve_actions"": 88, ""coverage_status"": ""ok"", ""deficit_cells"": 792, ""evaluation_truth_used"": false, ""movement_authorized"": false, ""outbound_cost"": 48, ""predicted_gain_cells"": 169.97101449275362, ""prediction"": {""actual_map_changed"": false, ""class_used"": false, ""discounted_safe_gain_cells"": 169.97101449275362, ""evaluation_truth_used"": false, ""future_unknown_free_assumption"": ""temporary prediction only; never fused or authorized"", ""gain_discount"": 0.5, ""optimistic_safe_gain_cells"": 352, ""predicted_union_cells"": 414, ""predicted_union_sha256"": ""97473da8c225829db649e92f231c9aa1762a758742f2f4bff347f44fde87347a"", ""union_yield_mean"": 0.9657444005270093}, ""pressure_after_route"": null, ""reason"": ""insufficient_predicted_coverage_reserve"", ""remaining_after_outbound_return_and_margin"": -5, ""remaining_budget"": 74, ""reserve_actions"": 5, ""residual_deficit_cells"": 622.0289855072464, ""return_cost"": 26, ""total_required_actions"": 167, ""true_coverage_guaranteed"": false}",48,48,"[58, 70, 1]",D19-P01/v13-history-smoke/plan-7,same_coverage_target_updated,502,True,0,
3,D19-P01,A_simple_B_complex,N,184,115,"{""C_plan"": 0.6558568137515506, ""allowed"": false, ""class_used"": false, ""conservative_rate"": 4.0, ""coverage_reserve_actions"": 162, ""coverage_status"": ""ok"", ""deficit_cells"": 814, ""evaluation_truth_used"": false, ""movement_authorized"": false, ""outbound_cost"": 43, ""predicted_gain_cells"": 169.48814229249012, ""prediction"": {""actual_map_changed"": false, ""class_used"": false, ""discounted_safe_gain_cells"": 169.48814229249012, ""evaluation_truth_used"": false, ""future_unknown_free_assumption"": ""temporary prediction only; never fused or authorized"", ""gain_discount"": 0.5, ""optimistic_safe_gain_cells"": 351, ""predicted_union_cells"": 412, ""predicted_union_sha256"": ""c2c082dbe4d256ecee5e8a8a39aa7738ed73fa06865b9c95876c4bb4057e19cb"", ""union_yield_mean"": 0.9657444005270093}, ""pressure_after_route"": null, ""reason"": ""insufficient_predicted_coverage_reserve"", ""remaining_after_outbound_return_and_margin"": -5, ""remaining_budget"": 69, ""reserve_actions"": 5, ""residual_deficit_cells"": 644.5118577075099, ""return_cost"": 26, ""total_required_actions"": 236, ""true_coverage_guaranteed"": false}",43,43,"[58, 70, 1]",D19-P01/v13-history-smoke/plan-7,same_coverage_target_updated,502,True,0,
3,D19-P01,A_simple_B_complex,N,184,120,"{""C_plan"": 0.6556796030480241, ""allowed"": false, ""class_used"": false, ""conservative_rate"": 1.0666666666666667, ""coverage_reserve_actions"": 606, ""coverage_status"": ""ok"", ""deficit_cells"": 815, ""evaluation_truth_used"": false, ""movement_authorized"": false, ""outbound_cost"": 38, ""predicted_gain_cells"": 169.48814229249012, ""prediction"": {""actual_map_changed"": false, ""class_used"": false, ""discounted_safe_gain_cells"": 169.48814229249012, ""evaluation_truth_used"": false, ""future_unknown_free_assumption"": ""temporary prediction only; never fused or authorized"", ""gain_discount"": 0.5, ""optimistic_safe_gain_cells"": 351, ""predicted_union_cells"": 412, ""predicted_union_sha256"": ""c2c082dbe4d256ecee5e8a8a39aa7738ed73fa06865b9c95876c4bb4057e19cb"", ""union_yield_mean"": 0.9657444005270093}, ""pressure_after_route"": null, ""reason"": ""insufficient_predicted_coverage_reserve"", ""remaining_after_outbound_return_and_margin"": -5, ""remaining_budget"": 64, ""reserve_actions"": 5, ""residual_deficit_cells"": 645.5118577075099, ""return_cost"": 26, ""total_required_actions"": 675, ""true_coverage_guaranteed"": false}",38,38,"[58, 70, 1]",D19-P01/v13-history-smoke/plan-7,same_coverage_target_updated,502,True,0,
3,D19-P01,A_simple_B_complex,N,184,125,"{""C_plan"": 0.6556796030480241, ""allowed"": false, ""class_used"": false, ""conservative_rate"": 0.0, ""coverage_reserve_actions"": null, ""coverage_status"": ""ok"", ""deficit_cells"": 815, ""evaluation_truth_used"": false, ""movement_authorized"": false, ""outbound_cost"": 33, ""predicted_gain_cells"": 169.48814229249012, ""prediction"": {""actual_map_changed"": false, ""class_used"": false, ""discounted_safe_gain_cells"": 169.48814229249012, ""evaluation_truth_used"": false, ""future_unknown_free_assumption"": ""temporary prediction only; never fused or authorized"", ""gain_discount"": 0.5, ""optimistic_safe_gain_cells"": 351, ""predicted_union_cells"": 412, ""predicted_union_sha256"": ""c2c082dbe4d256ecee5e8a8a39aa7738ed73fa06865b9c95876c4bb4057e19cb"", ""union_yield_mean"": 0.9657444005270093}, ""pressure_after_route"": null, ""reason"": ""coverage_rate_unavailable"", ""remaining_after_outbound_return_and_margin"": -5, ""remaining_budget"": 59, ""reserve_actions"": 5, ""residual_deficit_cells"": 645.5118577075099, ""return_cost"": 26, ""total_required_actions"": null, ""true_coverage_guaranteed"": false}",33,33,"[58, 70, 1]",D19-P01/v13-history-smoke/plan-7,same_coverage_target_updated,502,True,0,
3,D19-P01,A_simple_B_complex,N,184,130,"{""C_plan"": 0.6556796030480241, ""allowed"": false, ""class_used"": false, ""conservative_rate"": 0.0, ""coverage_reserve_actions"": null, ""coverage_status"": ""ok"", ""deficit_cells"": 815, ""evaluation_truth_used"": false, ""movement_authorized"": false, ""outbound_cost"": 28, ""predicted_gain_cells"": 169.48814229249012, ""prediction"": {""actual_map_changed"": false, ""class_used"": false, ""discounted_safe_gain_cells"": 169.48814229249012, ""evaluation_truth_used"": false, ""future_unknown_free_assumption"": ""temporary prediction only; never fused or authorized"", ""gain_discount"": 0.5, ""optimistic_safe_gain_cells"": 351, ""predicted_union_cells"": 412, ""predicted_union_sha256"": ""c2c082dbe4d256ecee5e8a8a39aa7738ed73fa06865b9c95876c4bb4057e19cb"", ""union_yield_mean"": 0.9657444005270093}, ""pressure_after_route"": null, ""reason"": ""coverage_rate_unavailable"", ""remaining_after_outbound_return_and_margin"": -5, ""remaining_budget"": 54, ""reserve_actions"": 5, ""residual_deficit_cells"": 645.5118577075099, ""return_cost"": 26, ""total_required_actions"": null, ""true_coverage_guaranteed"": false}",28,28,"[58, 70, 1]",D19-P01/v13-history-smoke/plan-7,same_coverage_target_updated,502,True,0,
3,D19-P01,A_simple_B_complex,N,184,135,"{""C_plan"": 0.6556796030480241, ""allowed"": false, ""class_used"": false, ""conservative_rate"": 0.0, ""coverage_reserve_actions"": null, ""coverage_status"": ""ok"", ""deficit_cells"": 815, ""evaluation_truth_used"": false, ""movement_authorized"": false, ""outbound_cost"": 23, ""predicted_gain_cells"": 169.48814229249012, ""prediction"": {""actual_map_changed"": false, ""class_used"": false, ""discounted_safe_gain_cells"": 169.48814229249012, ""evaluation_truth_used"": false, ""future_unknown_free_assumption"": ""temporary prediction only; never fused or authorized"", ""gain_discount"": 0.5, ""optimistic_safe_gain_cells"": 351, ""predicted_union_cells"": 412, ""predicted_union_sha256"": ""c2c082dbe4d256ecee5e8a8a39aa7738ed73fa06865b9c95876c4bb4057e19cb"", ""union_yield_mean"": 0.9657444005270093}, ""pressure_after_route"": null, ""reason"": ""coverage_rate_unavailable"", ""remaining_after_outbound_return_and_margin"": -5, ""remaining_budget"": 49, ""reserve_actions"": 5, ""residual_deficit_cells"": 645.5118577075099, ""return_cost"": 26, ""total_required_actions"": null, ""true_coverage_guaranteed"": false}",23,23,"[58, 70, 1]",D19-P01/v13-history-smoke/plan-7,same_coverage_target_updated,502,True,0,
3,D19-P01,A_simple_B_complex,N,184,140,"{""C_plan"": 0.6565656565656566, ""allowed"": false, ""class_used"": false, ""conservative_rate"": 0.0, ""coverage_reserve_actions"": null, ""coverage_status"": ""ok"", ""deficit_cells"": 810, ""evaluation_truth_used"": false, ""movement_authorized"": false, ""outbound_cost"": 18, ""predicted_gain_cells"": 158.88713910761155, ""prediction"": {""actual_map_changed"": false, ""class_used"": false, ""discounted_safe_gain_cells"": 158.88713910761155, ""evaluation_truth_used"": false, ""future_unknown_free_assumption"": ""temporary prediction only; never fused or authorized"", ""gain_discount"": 0.5, ""optimistic_safe_gain_cells"": 329, ""predicted_union_cells"": 388, ""predicted_union_sha256"": ""926fac313e8b5afe9a8fc9e298302f215012f4795bad198b2e8f139556fcb6d2"", ""union_yield_mean"": 0.9658792650918635}, ""pressure_after_route"": null, ""reason"": ""coverage_rate_unavailable"", ""remaining_after_outbound_return_and_margin"": -5, ""remaining_budget"": 44, ""reserve_actions"": 5, ""residual_deficit_cells"": 651.1128608923884, ""return_cost"": 26, ""total_required_actions"": null, ""true_coverage_guaranteed"": false}",18,18,"[58, 70, 1]",D19-P01/v13-history-smoke/plan-7,same_coverage_target_updated,502,True,0,
3,D19-P01,A_simple_B_complex,N,184,145,"{""C_plan"": 0.6688542036183044, ""allowed"": false, ""class_used"": false, ""conservative_rate"": 1.1666666666666667, ""coverage_reserve_actions"": 535, ""coverage_status"": ""ok"", ""deficit_cells"": 740, ""evaluation_truth_used"": false, ""movement_authorized"": false, ""outbound_cost"": 13, ""predicted_gain_cells"": 116.05063291139241, ""prediction"": {""actual_map_changed"": false, ""class_used"": false, ""discounted_safe_gain_cells"": 116.05063291139241, ""evaluation_truth_used"": false, ""future_unknown_free_assumption"": ""temporary prediction only; never fused or authorized"", ""gain_discount"": 0.5, ""optimistic_safe_gain_cells"": 240, ""predicted_union_cells"": 282, ""predicted_union_sha256"": ""e8371d160ad6d43921045ba78c5f33a476d215ea9775edaba4bb235895503140"", ""union_yield_mean"": 0.9670886075949368}, ""pressure_after_route"": null, ""reason"": ""insufficient_predicted_coverage_reserve"", ""remaining_after_outbound_return_and_margin"": -5, ""remaining_budget"": 39, ""reserve_actions"": 5, ""residual_deficit_cells"": 623.9493670886076, ""return_cost"": 26, ""total_required_actions"": 579, ""true_coverage_guaranteed"": false}",13,13,"[58, 70, 1]",D19-P01/v13-history-smoke/plan-7,same_coverage_target_updated,502,True,0,
3,D19-P01,A_simple_B_complex,N,184,150,"{""C_plan"": 0.6849777777777778, ""allowed"": false, ""class_used"": false, ""conservative_rate"": 2.55, ""coverage_reserve_actions"": 226, ""coverage_status"": ""ok"", ""deficit_cells"": 647, ""evaluation_truth_used"": false, ""movement_authorized"": false, ""outbound_cost"": 8, ""predicted_gain_cells"": 72.15212121212122, ""prediction"": {""actual_map_changed"": false, ""class_used"": false, ""discounted_safe_gain_cells"": 72.15212121212122, ""evaluation_truth_used"": false, ""future_unknown_free_assumption"": ""temporary prediction only; never fused or authorized"", ""gain_discount"": 0.5, ""optimistic_safe_gain_cells"": 149, ""predicted_union_cells"": 177, ""predicted_union_sha256"": ""96f34ab587d4cd62c9eaa3bafaa2635cb7ffac800f27cb7977697ba5c1c6680e"", ""union_yield_mean"": 0.9684848484848485}, ""pressure_after_route"": null, ""reason"": ""insufficient_predicted_coverage_reserve"", ""remaining_after_outbound_return_and_margin"": -5, ""remaining_budget"": 34, ""reserve_actions"": 5, ""residual_deficit_cells"": 574.8478787878788, ""return_cost"": 26, ""total_required_actions"": 265, ""true_coverage_guaranteed"": false}",8,8,"[58, 70, 1]",D19-P01/v13-history-smoke/plan-7,same_coverage_target_updated,502,True,0,
3,D19-P01,A_simple_B_complex,N,184,155,"{""C_plan"": 0.70377627360171, ""allowed"": false, ""class_used"": false, ""conservative_rate"": 4.183333333333334, ""coverage_reserve_actions"": 124, ""coverage_status"": ""ok"", ""deficit_cells"": 541, ""evaluation_truth_used"": false, ""movement_authorized"": false, ""outbound_cost"": 3, ""predicted_gain_cells"": 24.735294117647058, ""prediction"": {""actual_map_changed"": false, ""class_used"": false, ""discounted_safe_gain_cells"": 24.735294117647058, ""evaluation_truth_used"": false, ""future_unknown_free_assumption"": ""temporary prediction only; never fused or authorized"", ""gain_discount"": 0.5, ""optimistic_safe_gain_cells"": 51, ""predicted_union_cells"": 58, ""predicted_union_sha256"": ""dc503d6f40d5ed27a5e094136edab27d99a138cc62bdf29fc721a515776a2763"", ""union_yield_mean"": 0.9700115340253749}, ""pressure_after_route"": null, ""reason"": ""insufficient_predicted_coverage_reserve"", ""remaining_after_outbound_return_and_margin"": -5, ""remaining_budget"": 29, ""reserve_actions"": 5, ""residual_deficit_cells"": 516.2647058823529, ""return_cost"": 26, ""total_required_actions"": 158, ""true_coverage_guaranteed"": false}",3,3,"[58, 70, 1]",D19-P01/v13-history-smoke/plan-7,same_coverage_target_updated,502,True,0,
