run_id,arm,scene_id,method,original_end_to_end_qualified,motion_completion_verified,paid_step,x_m,y_m,yaw_rad,actual_sensor_action,collision,observation_sha256,next_controller_action,cumulative_path_m
ground_AISLE_B_b160_n92801,GroundV2,ART1_AISLE_DEV,B,True,True,0,0.75,0.75,0.0,initial_observation,False,fbf74e882c31d3b10e36d6603678d464af2f7dc4903a19c5e48a18f923828dad,forward,0.0
ground_AISLE_B_b160_n92801,GroundV2,ART1_AISLE_DEV,B,True,True,1,1.0,0.75,0.0,forward,False,0c5b553595e87ce9376e6656019c6ac2436a6a25d0506380694a911e8a682416,forward,0.25
ground_AISLE_B_b160_n92801,GroundV2,ART1_AISLE_DEV,B,True,True,2,1.25,0.75,0.0,forward,False,11aba61d9e1fc5c859e2c6dbbff3f3b1f870ebbedb3b6cf1957e86b10665546b,forward,0.5
ground_AISLE_B_b160_n92801,GroundV2,ART1_AISLE_DEV,B,True,True,3,1.5,0.75,0.0,forward,False,90c272d7c5aa44dec0921f6410815bba56a292199778dec6ef5438550b8b51fe,forward,0.75
ground_AISLE_B_b160_n92801,GroundV2,ART1_AISLE_DEV,B,True,True,4,1.75,0.75,0.0,forward,False,4a021fbdc6b80567da933a37222bb16c7977e61257fca3d4a964edb02128e09a,left,1.0
ground_AISLE_B_b160_n92801,GroundV2,ART1_AISLE_DEV,B,True,True,5,1.75,0.75,0.5235987755982987,turn_left,False,ad46b1fd581e8c669cbcb753f0aa9ad76c841db5f671f095cad6a8d55623b449,observe,1.0
ground_AISLE_B_b160_n92801,GroundV2,ART1_AISLE_DEV,B,True,True,6,1.75,0.75,0.5235987755982987,observe,False,da6f4f84a7b3a25167f818114fa91e9daadae43bd2f8cb579801650a85824a3e,right,1.0
ground_AISLE_B_b160_n92801,GroundV2,ART1_AISLE_DEV,B,True,True,7,1.75,0.75,0.0,turn_right,False,bb21443f0b44ef7a74b5003eec412a1a22266a72f0b3ad3d1bfcfb9c6d43e759,forward,1.0
ground_AISLE_B_b160_n92801,GroundV2,ART1_AISLE_DEV,B,True,True,8,2.0,0.75,0.0,forward,False,0967aef899ca55ec3ab8b83af1397662e16d2793b0636c36065107fb4e847204,forward,1.25
ground_AISLE_B_b160_n92801,GroundV2,ART1_AISLE_DEV,B,True,True,9,2.25,0.75,0.0,forward,False,e6af2c4cf34d21e188d06a0235c5dab762841350401bec80e3d684a5edb4d041,forward,1.5
ground_AISLE_B_b160_n92801,GroundV2,ART1_AISLE_DEV,B,True,True,10,2.5,0.75,0.0,forward,False,c9b062d521e2ae76ff39d8543a691313f51a6c2c07067d5b9e43da62ffcd758f,forward,1.75
ground_AISLE_B_b160_n92801,GroundV2,ART1_AISLE_DEV,B,True,True,11,2.75,0.75,0.0,forward,False,70ac2dd17407c7ef5d914471fe5659b17f1880f7331cee852cf27a4a75fd8078,left,2.0
ground_AISLE_B_b160_n92801,GroundV2,ART1_AISLE_DEV,B,True,True,12,2.75,0.75,0.5235987755982987,turn_left,False,8bd9378c9f2f6f66cb1f3284bc651d4dc5a2df4808793b132b16e78767653143,observe,2.0
ground_AISLE_B_b160_n92801,GroundV2,ART1_AISLE_DEV,B,True,True,13,2.75,0.75,0.5235987755982987,observe,False,0b9372de745099edc264b41b8aa740c973cdd54b0f28dd27a18d0e141ba23620,left,2.0
ground_AISLE_B_b160_n92801,GroundV2,ART1_AISLE_DEV,B,True,True,14,2.75,0.75,1.0471975511965974,turn_left,False,b2c2924aa17ea4892702a8ca53e24d380b36d2de1333575c87bc0f71c9f778ca,left,2.0
ground_AISLE_B_b160_n92801,GroundV2,ART1_AISLE_DEV,B,True,True,15,2.75,0.75,1.5707963267948966,turn_left,False,a00b73b80f9c2b5e47cc59c7dfb41488ef1c126c4608a7e82eab67b4fb06f19d,forward,2.0
ground_AISLE_B_b160_n92801,GroundV2,ART1_AISLE_DEV,B,True,True,16,2.75,1.0,1.5707963267948966,forward,False,9040cb7644239ea4bd8f161a43402bce981a22d3aeebcdc9e4a80db2ddbe5f81,forward,2.25
ground_AISLE_B_b160_n92801,GroundV2,ART1_AISLE_DEV,B,True,True,17,2.75,1.25,1.5707963267948966,forward,False,3f36c46609111c5c2c5b49aa7585c30ddad79f0ebe254a6a590a0168304aa543,forward,2.5
ground_AISLE_B_b160_n92801,GroundV2,ART1_AISLE_DEV,B,True,True,18,2.75,1.5,1.5707963267948966,forward,False,faf5742a7baf88dc3dccd22bbf422bc84fd97cf8e8752c6ff8d3f098a9ac8aca,forward,2.75
ground_AISLE_B_b160_n92801,GroundV2,ART1_AISLE_DEV,B,True,True,19,2.75,1.75,1.5707963267948966,forward,False,446b87f62b21af14c64f1b7759e678dd96ed1775c02de96492fdf2db3723e238,left,3.0
ground_AISLE_B_b160_n92801,GroundV2,ART1_AISLE_DEV,B,True,True,20,2.75,1.75,2.094395102393195,turn_left,False,5ed825f4c147e282b59fb815f5335d523a6fdec4c7f03062bfab2dd0129b9fc0,left,3.0
ground_AISLE_B_b160_n92801,GroundV2,ART1_AISLE_DEV,B,True,True,21,2.75,1.75,2.617993877991493,turn_left,False,14646c6acc977365f1121b9e37de8303a8cbced4dd7f3ace2c6e23b48bc1b103,left,3.0
ground_AISLE_B_b160_n92801,GroundV2,ART1_AISLE_DEV,B,True,True,22,2.75,1.75,3.1415926535897913,turn_left,False,234009eb06cca4a35d1447094ae280260cea041420484efd28fa51dde4059a80,forward,3.0
ground_AISLE_B_b160_n92801,GroundV2,ART1_AISLE_DEV,B,True,True,23,2.5,1.7500000000000004,3.1415926535897913,forward,False,90309e2b579a3de1356f7cdcb84a6630c3e73292eeb9ceea4ac2a79820fae109,forward,3.25
ground_AISLE_B_b160_n92801,GroundV2,ART1_AISLE_DEV,B,True,True,24,2.25,1.7500000000000009,3.1415926535897913,forward,False,cc2bb3c00a350dc2bab8d0282e7d938906b4d52212525b0c40dc1aa14757e8d0,forward,3.5
ground_AISLE_B_b160_n92801,GroundV2,ART1_AISLE_DEV,B,True,True,25,2.0,1.7500000000000013,3.1415926535897913,forward,False,26f5eb081424b1371b6d3e2028abd79463e69ea3aaa2047f1c3134a5d0054ec2,forward,3.75
ground_AISLE_B_b160_n92801,GroundV2,ART1_AISLE_DEV,B,True,True,26,1.75,1.7500000000000018,3.1415926535897913,forward,False,b9afb7a4135142d4f8b09660a398c813279b9fad6da648937fcdafdd731a029e,observe,4.0
ground_AISLE_B_b160_n92801,GroundV2,ART1_AISLE_DEV,B,True,True,27,1.75,1.7500000000000018,3.1415926535897913,observe,False,bde8079d22808157e6cb554760153dc183b13ec3197187047b53a1c622246187,forward,4.0
ground_AISLE_B_b160_n92801,GroundV2,ART1_AISLE_DEV,B,True,True,28,1.5,1.7500000000000022,3.1415926535897913,forward,False,aa80333496c1a337a1f289d92d53cbe1d1d7f5b7c012000b85fc520f555f67b6,forward,4.25
ground_AISLE_B_b160_n92801,GroundV2,ART1_AISLE_DEV,B,True,True,29,1.25,1.7500000000000027,3.1415926535897913,forward,False,daea1c324d5c8eb54d4719a501d43cd399511f94201a2b5a1de6c2acefce81cc,forward,4.5
ground_AISLE_B_b160_n92801,GroundV2,ART1_AISLE_DEV,B,True,True,30,1.0,1.750000000000003,3.1415926535897913,forward,False,58427ffa83e18d1b9a90cef1d543721c2f765211c8efcfc6039bb82467cd5bab,forward,4.75
ground_AISLE_B_b160_n92801,GroundV2,ART1_AISLE_DEV,B,True,True,31,0.75,1.7500000000000036,3.1415926535897913,forward,False,02946c90d083757affe8ca93bd3c73c4765cfe69a5b1b90f44e6197e7e16349f,left,5.0
ground_AISLE_B_b160_n92801,GroundV2,ART1_AISLE_DEV,B,True,True,32,0.75,1.7500000000000036,-2.6179938779914966,turn_left,False,406d4602a0b4f1c236ad4006f90901495ab7aeac8f7320fc5a591771a1cd6923,left,5.0
ground_AISLE_B_b160_n92801,GroundV2,ART1_AISLE_DEV,B,True,True,33,0.75,1.7500000000000036,-2.094395102393198,turn_left,False,1c46513cf7045a1ffdeaedf40be9d321122a022336c5343b82ea74f9d513b328,left,5.0
ground_AISLE_B_b160_n92801,GroundV2,ART1_AISLE_DEV,B,True,True,34,0.75,1.7500000000000036,-1.5707963267948992,turn_left,False,5c5cad4fccea882509d502ef9d41e448a9933090fdc1cd58cb65c1ad180f409f,forward,5.0
ground_AISLE_B_b160_n92801,GroundV2,ART1_AISLE_DEV,B,True,True,35,0.7499999999999993,1.5000000000000036,-1.5707963267948992,forward,False,7b873dcf6758d9b3819c8f6e43a828dd88f1e01671ee045fbf664fc9f6a8164f,forward,5.25
ground_AISLE_B_b160_n92801,GroundV2,ART1_AISLE_DEV,B,True,True,36,0.7499999999999987,1.2500000000000036,-1.5707963267948992,forward,False,156ad49e6d7cce26b83ded839f9e86f0bc3ce43314ab5c3bdf3b0a8c7b6e1c32,forward,5.5
ground_AISLE_B_b160_n92801,GroundV2,ART1_AISLE_DEV,B,True,True,37,0.749999999999998,1.0000000000000036,-1.5707963267948992,forward,False,ae992c826118e852fa11274f4dad2acfaa73fe78288b1dda00469226ea05a56e,forward,5.75
ground_AISLE_B_b160_n92801,GroundV2,ART1_AISLE_DEV,B,True,True,38,0.7499999999999973,0.7500000000000036,-1.5707963267948992,forward,False,58298dcd2624a072a466beba34c45b09bb4b75bd5cb473442303c185332d86d5,left,6.0
ground_AISLE_B_b160_n92801,GroundV2,ART1_AISLE_DEV,B,True,True,39,0.7499999999999973,0.7500000000000036,-1.0471975511966005,turn_left,False,3b53bfe45541ea8714856b5a72b864d7bdb6c2b708899d27c0e7f6d96cd22040,left,6.0
ground_AISLE_B_b160_n92801,GroundV2,ART1_AISLE_DEV,B,True,True,40,0.7499999999999973,0.7500000000000036,-0.5235987755983018,turn_left,False,64412448ed129660445c9012be915650ecb60c3af3b8bff18d6735f7eca5232e,left,6.0
ground_AISLE_B_b160_n92801,GroundV2,ART1_AISLE_DEV,B,True,True,41,0.7499999999999973,0.7500000000000036,-3.1086244689504383e-15,turn_left,False,da2a20bc7589f33475131364597b08c129ee0a9be9046fbe7aef5217b705e359,left,6.0
ground_AISLE_B_b160_n92801,GroundV2,ART1_AISLE_DEV,B,True,True,42,0.7499999999999973,0.7500000000000036,0.5235987755982956,turn_left,False,d4cf22ced3131bbef65642431754c1e1f6f828810e0d2665e30e756888b96a54,left,6.0
ground_AISLE_B_b160_n92801,GroundV2,ART1_AISLE_DEV,B,True,True,43,0.7499999999999973,0.7500000000000036,1.0471975511965947,turn_left,False,13306401fc5aad35d939e4a7de4f6806132418ce550c485f393cc385187db551,observe,6.0
ground_AISLE_B_b160_n92801,GroundV2,ART1_AISLE_DEV,B,True,True,44,0.7499999999999973,0.7500000000000036,1.0471975511965947,observe,False,6123f1a3b7c7adae0ce26b78902d077b3b1e367de7c93bdabd7cd78a0457c808,left,6.0
ground_AISLE_B_b160_n92801,GroundV2,ART1_AISLE_DEV,B,True,True,45,0.7499999999999973,0.7500000000000036,1.570796326794893,turn_left,False,14648bf9f5cd8de70f1ef97acc89203586dca6dd67e26da77a9c8216ca65325d,forward,6.0
ground_AISLE_B_b160_n92801,GroundV2,ART1_AISLE_DEV,B,True,True,46,0.7499999999999982,1.0000000000000036,1.570796326794893,forward,False,f45aba22bb9bbff7f7e756e95a414b58a7efcb34612efb89598e0320d862156a,forward,6.25
ground_AISLE_B_b160_n92801,GroundV2,ART1_AISLE_DEV,B,True,True,47,0.7499999999999991,1.2500000000000036,1.570796326794893,forward,False,f19ef5bb6796787e34262c8eb6f6e787436cc6a47e27341d0daed322e81f336a,forward,6.5
ground_AISLE_B_b160_n92801,GroundV2,ART1_AISLE_DEV,B,True,True,48,0.75,1.5000000000000036,1.570796326794893,forward,False,1e7d293147924687a8c1b4d0341fd05f2a3b47c5205797c95fe30b540e615339,forward,6.75
ground_AISLE_B_b160_n92801,GroundV2,ART1_AISLE_DEV,B,True,True,49,0.7500000000000009,1.7500000000000036,1.570796326794893,forward,False,7a6a3cb1c65f50f32bfd5e48f4077024a6195ff9cab3f0ea472b1f858d1a2b3c,forward,7.0
ground_AISLE_B_b160_n92801,GroundV2,ART1_AISLE_DEV,B,True,True,50,0.7500000000000018,2.0000000000000036,1.570796326794893,forward,False,4a10894d22d2a77bfcb65490e21fa608b2e6ba3cff96614e4a779ac07a955281,forward,7.25
ground_AISLE_B_b160_n92801,GroundV2,ART1_AISLE_DEV,B,True,True,51,0.7500000000000027,2.2500000000000036,1.570796326794893,forward,False,64655f765b5b0b18cc89c4dff569e2f9f553819360a1c0bcdbcdc4fb3092102a,forward,7.5
ground_AISLE_B_b160_n92801,GroundV2,ART1_AISLE_DEV,B,True,True,52,0.7500000000000036,2.5000000000000036,1.570796326794893,forward,False,2acaedf1473946ad41cde656242ab2677615a4942296df96acbba79276c25ccf,forward,7.75
ground_AISLE_B_b160_n92801,GroundV2,ART1_AISLE_DEV,B,True,True,53,0.7500000000000044,2.7500000000000036,1.570796326794893,forward,False,14ec08029e0c2dfbd511c5eadbbee72ee4a6e886052666c12a585af66226697c,forward,8.0
ground_AISLE_B_b160_n92801,GroundV2,ART1_AISLE_DEV,B,True,True,54,0.7500000000000053,3.0000000000000036,1.570796326794893,forward,False,cbeb0fe634e468d1271f9ca9257b1bcc225d9853e28c109eafdc614e77b3088a,forward,8.25
ground_AISLE_B_b160_n92801,GroundV2,ART1_AISLE_DEV,B,True,True,55,0.7500000000000062,3.2500000000000036,1.570796326794893,forward,False,74909c1b70661d98ce2c1cefefb80c6857f83349febde415e13011b1a0e98ff4,forward,8.5
ground_AISLE_B_b160_n92801,GroundV2,ART1_AISLE_DEV,B,True,True,56,0.7500000000000071,3.5000000000000036,1.570796326794893,forward,False,20eb85ff9a8edc7b73568e9fdd5382a528e58e1bc4d0dd77735eed99f0a79835,forward,8.75
ground_AISLE_B_b160_n92801,GroundV2,ART1_AISLE_DEV,B,True,True,57,0.750000000000008,3.7500000000000036,1.570796326794893,forward,False,871249dba20b47df050aac7c392e06c355089c695f06ab795b82a3897f8a286e,right,9.0
ground_AISLE_B_b160_n92801,GroundV2,ART1_AISLE_DEV,B,True,True,58,0.750000000000008,3.7500000000000036,1.0471975511965947,turn_right,False,43ecb0411a0e1814505d047532f6bdf25e882454024a58b3ba4426cf72526b88,right,9.0
ground_AISLE_B_b160_n92801,GroundV2,ART1_AISLE_DEV,B,True,True,59,0.750000000000008,3.7500000000000036,0.523598775598296,turn_right,False,75faf089729a962bd9618c8cc7fa40e50128d678396964321ed02bd60e58175a,observe,9.0
ground_AISLE_B_b160_n92801,GroundV2,ART1_AISLE_DEV,B,True,True,60,0.750000000000008,3.7500000000000036,0.523598775598296,observe,False,58162f3242843c0fd4ef4b58c002837feea203f6fe3dee209903a0b6c62674f6,right,9.0
ground_AISLE_B_b160_n92801,GroundV2,ART1_AISLE_DEV,B,True,True,61,0.750000000000008,3.7500000000000036,-2.6645352591003757e-15,turn_right,False,c33cd539c81e0f757c415e271f047f74f21733b45ba06b81fa4a1222653102ce,right,9.0
ground_AISLE_B_b160_n92801,GroundV2,ART1_AISLE_DEV,B,True,True,62,0.750000000000008,3.7500000000000036,-0.5235987755983014,turn_right,False,16ee4b2779d67cb66f8d762556f7b9e23155378739326c0e31e2e894ba69b42f,observe,9.0
ground_AISLE_B_b160_n92801,GroundV2,ART1_AISLE_DEV,B,True,True,63,0.750000000000008,3.7500000000000036,-0.5235987755983014,observe,False,c29c03fd5fbecdbeb14a51a4142b4b0ad1f95ced766785aa16e7d4e7f9e3536f,left,9.0
ground_AISLE_B_b160_n92801,GroundV2,ART1_AISLE_DEV,B,True,True,64,0.750000000000008,3.7500000000000036,-2.6645352591003757e-15,turn_left,False,08f511049cc731c8eab41c62dc7805962719e6ea18291629806f94858d583a3e,forward,9.0
ground_AISLE_B_b160_n92801,GroundV2,ART1_AISLE_DEV,B,True,True,65,1.000000000000008,3.7500000000000027,-2.6645352591003757e-15,forward,False,6720959b6d2cf2b4767356371cf6738e62c7f3f727976c98fba9b7613c8d450e,forward,9.25
ground_AISLE_B_b160_n92801,GroundV2,ART1_AISLE_DEV,B,True,True,66,1.250000000000008,3.7500000000000018,-2.6645352591003757e-15,forward,False,96885fa1b1ff9070a713af24e1f02e50c767fe5a88c2bb8a76a6fca5aac7462e,forward,9.5
ground_AISLE_B_b160_n92801,GroundV2,ART1_AISLE_DEV,B,True,True,67,1.500000000000008,3.750000000000001,-2.6645352591003757e-15,forward,False,793165b513b2197be71aed8026e0755d2fc8009fc4f8dc7ea241bd0358aea92a,forward,9.75
ground_AISLE_B_b160_n92801,GroundV2,ART1_AISLE_DEV,B,True,True,68,1.750000000000008,3.75,-2.6645352591003757e-15,forward,False,99a6f34cb83f2452f1c900799cd4949b074e1179bc525337e9aa3bcd99c03891,right,10.0
ground_AISLE_B_b160_n92801,GroundV2,ART1_AISLE_DEV,B,True,True,69,1.750000000000008,3.75,-0.5235987755983014,turn_right,False,3712bdf1fdfc0f75729adde801dfdfe64ed44d3a92448860800c464488680c76,observe,10.0
ground_AISLE_B_b160_n92801,GroundV2,ART1_AISLE_DEV,B,True,True,70,1.750000000000008,3.75,-0.5235987755983014,observe,False,7aecd8d27b2a5901174a0794c7b4fa2bd30d23d79960f63d284c8d8ff47265d9,left,10.0
ground_AISLE_B_b160_n92801,GroundV2,ART1_AISLE_DEV,B,True,True,71,1.750000000000008,3.75,-2.6645352591003757e-15,turn_left,False,34d7a8459ec95541edb76dd3a44030faa49fd45afc327bb51c054839149d5e03,forward,10.0
ground_AISLE_B_b160_n92801,GroundV2,ART1_AISLE_DEV,B,True,True,72,2.000000000000008,3.749999999999999,-2.6645352591003757e-15,forward,False,b909d9f889eae851315a484d410dcb97bc40342bb6d4dd546ae4c34a600d1e8b,forward,10.25
ground_AISLE_B_b160_n92801,GroundV2,ART1_AISLE_DEV,B,True,True,73,2.250000000000008,3.7499999999999982,-2.6645352591003757e-15,forward,False,65a71f014628e9b190dd700c543018c89119421ec8debae3f8c29cf925bdd552,forward,10.5
ground_AISLE_B_b160_n92801,GroundV2,ART1_AISLE_DEV,B,True,True,74,2.500000000000008,3.7499999999999973,-2.6645352591003757e-15,forward,False,c94b38d3ac36e78dfe1f9c0697dc4188df062beaf27cfb6fdd894c29784d3d7d,forward,10.75
ground_AISLE_B_b160_n92801,GroundV2,ART1_AISLE_DEV,B,True,True,75,2.750000000000008,3.7499999999999964,-2.6645352591003757e-15,forward,False,3272806b329d0adec3e2106bb9a43bb887babb73f56f230c874f8b516ed33d58,observe,11.0
ground_AISLE_B_b160_n92801,GroundV2,ART1_AISLE_DEV,B,True,True,76,2.750000000000008,3.7499999999999964,-2.6645352591003757e-15,observe,False,38e83c41ab7af4bae8354db6c3d784699fec6efa264160de15a6c9d49ff98c64,left,11.0
ground_AISLE_B_b160_n92801,GroundV2,ART1_AISLE_DEV,B,True,True,77,2.750000000000008,3.7499999999999964,0.523598775598296,turn_left,False,52848da5b584b82ec9d5e7e28934a0ff28d14b16ce295f31205ca2758b20e557,left,11.0
ground_AISLE_B_b160_n92801,GroundV2,ART1_AISLE_DEV,B,True,True,78,2.750000000000008,3.7499999999999964,1.0471975511965947,turn_left,False,4f9fcd34de79145786be2946f9d6e7a51e212f0ebaeff5df07c0c4eae8b30610,left,11.0
ground_AISLE_B_b160_n92801,GroundV2,ART1_AISLE_DEV,B,True,True,79,2.750000000000008,3.7499999999999964,1.570796326794893,turn_left,False,aa6782f073078f63bf1edb922b2dd7b5fde3257dbfefbb32ae2384b29327ff55,left,11.0
ground_AISLE_B_b160_n92801,GroundV2,ART1_AISLE_DEV,B,True,True,80,2.750000000000008,3.7499999999999964,2.0943951023931913,turn_left,False,2cc26cab42b5445a0cded69c6cabf26508582013c44305965bf772b59dc000c9,left,11.0
ground_AISLE_B_b160_n92801,GroundV2,ART1_AISLE_DEV,B,True,True,81,2.750000000000008,3.7499999999999964,2.6179938779914895,turn_left,False,18e8c68f1fb4a33a2d607848c9a8f4861955fe22b410018b7ef62b7bed1c6d6e,left,11.0
ground_AISLE_B_b160_n92801,GroundV2,ART1_AISLE_DEV,B,True,True,82,2.750000000000008,3.7499999999999964,3.141592653589788,turn_left,False,33c0c615e7d7aa51d7f60ad36bfbf61377ba35911e62d156eb4f09cd8c0c9f43,forward,11.0
ground_AISLE_B_b160_n92801,GroundV2,ART1_AISLE_DEV,B,True,True,83,2.500000000000008,3.749999999999998,3.141592653589788,forward,False,6cc23c68ad7e1ce2aff62afd4b0b9fc422ff853f5dce96657457f228ed886bca,forward,11.25
ground_AISLE_B_b160_n92801,GroundV2,ART1_AISLE_DEV,B,True,True,84,2.250000000000008,3.749999999999999,3.141592653589788,forward,False,2906209ef459cba2d5ea42877baf8a07b0e61ee8c0cafaa469e8c0aae40be3a2,forward,11.5
ground_AISLE_B_b160_n92801,GroundV2,ART1_AISLE_DEV,B,True,True,85,2.000000000000008,3.7500000000000004,3.141592653589788,forward,False,f57b131bf5cd7add03cf10fa3cf0d652d37c680d0df512666eaa844cb0153cd2,forward,11.75
ground_AISLE_B_b160_n92801,GroundV2,ART1_AISLE_DEV,B,True,True,86,1.750000000000008,3.7500000000000018,3.141592653589788,forward,False,c7830772c8977674d05f96b32eca46aaccc2e076a3ca37785ab707f3cb3c38bf,forward,12.0
ground_AISLE_B_b160_n92801,GroundV2,ART1_AISLE_DEV,B,True,True,87,1.500000000000008,3.750000000000003,3.141592653589788,forward,False,4a5563975d764ce3a437ff54674df7212909563aecd08dc0a458ee98a80fa8d0,forward,12.25
ground_AISLE_B_b160_n92801,GroundV2,ART1_AISLE_DEV,B,True,True,88,1.250000000000008,3.7500000000000044,3.141592653589788,forward,False,8e4e5356313260b4b0e617bcd29263bcea0ee7f78f4fd8699b862780974b62c9,forward,12.5
ground_AISLE_B_b160_n92801,GroundV2,ART1_AISLE_DEV,B,True,True,89,1.000000000000008,3.7500000000000058,3.141592653589788,forward,False,07937b80a8453fea1bb310b113b51edef77fd164065825a3370400ca6fa08709,forward,12.75
ground_AISLE_B_b160_n92801,GroundV2,ART1_AISLE_DEV,B,True,True,90,0.750000000000008,3.750000000000007,3.141592653589788,forward,False,05227381efcf08648c4fa75eeae279b4cdec9d11486495dde9474158a71d9661,right,13.0
ground_AISLE_B_b160_n92801,GroundV2,ART1_AISLE_DEV,B,True,True,91,0.750000000000008,3.750000000000007,2.6179938779914895,turn_right,False,53c8783310951635c6a833ff1f420a1d81046804c13af4a0421b7943dc495665,right,13.0
ground_AISLE_B_b160_n92801,GroundV2,ART1_AISLE_DEV,B,True,True,92,0.750000000000008,3.750000000000007,2.0943951023931913,turn_right,False,5d87a36ad8f113693e79cde75c28e1eeb97a932f9a7b012e023bf3db223a9cc7,right,13.0
ground_AISLE_B_b160_n92801,GroundV2,ART1_AISLE_DEV,B,True,True,93,0.750000000000008,3.750000000000007,1.570796326794893,turn_right,False,32ce153a5e584424b6281642de7911c705fd0c54b19d0048f0d6bd4f504b8f92,forward,13.0
ground_AISLE_B_b160_n92801,GroundV2,ART1_AISLE_DEV,B,True,True,94,0.7500000000000089,4.000000000000007,1.570796326794893,forward,False,0a2b381d50072af61de336c1d1f76f98d9ff78c03f1dcffc039469b3f55169d2,forward,13.25
ground_AISLE_B_b160_n92801,GroundV2,ART1_AISLE_DEV,B,True,True,95,0.7500000000000098,4.250000000000007,1.570796326794893,forward,False,7d30d1826d5d87c51f333ee3effddb9331aefffc43da4abd53bec41cea6ead73,forward,13.5
ground_AISLE_B_b160_n92801,GroundV2,ART1_AISLE_DEV,B,True,True,96,0.7500000000000107,4.500000000000007,1.570796326794893,forward,False,0202d10df3b063dd04fd55d20539599757d1cfa7578cc5039bc79075e4e889eb,forward,13.75
ground_AISLE_B_b160_n92801,GroundV2,ART1_AISLE_DEV,B,True,True,97,0.7500000000000115,4.750000000000007,1.570796326794893,forward,False,8687bfa30e48053ed719a1ebc325e084a8b5c275f5dfe67aa41cd4d8b43f5709,right,14.0
ground_AISLE_B_b160_n92801,GroundV2,ART1_AISLE_DEV,B,True,True,98,0.7500000000000115,4.750000000000007,1.0471975511965947,turn_right,False,390025745107fe3712884f59dc327e5d79f1ac2cc769e75380d3b85c7df9161b,right,14.0
ground_AISLE_B_b160_n92801,GroundV2,ART1_AISLE_DEV,B,True,True,99,0.7500000000000115,4.750000000000007,0.523598775598296,turn_right,False,c22d3bfcfdc8a68e4967057345bc5375bebe6fe09846f2712eeb24a61069330f,observe,14.0
ground_AISLE_B_b160_n92801,GroundV2,ART1_AISLE_DEV,B,True,True,100,0.7500000000000115,4.750000000000007,0.523598775598296,observe,False,d6e371a212c8cfe00aaaa7cfca31fa38f7754e9eeedf3458b1abcb297142d01f,right,14.0
ground_AISLE_B_b160_n92801,GroundV2,ART1_AISLE_DEV,B,True,True,101,0.7500000000000115,4.750000000000007,-2.6645352591003757e-15,turn_right,False,4f010f73a9b1a4aca4e883338dd380836032e3e396838fbbb1036b2eb47fd37b,right,14.0
ground_AISLE_B_b160_n92801,GroundV2,ART1_AISLE_DEV,B,True,True,102,0.7500000000000115,4.750000000000007,-0.5235987755983014,turn_right,False,38aaaa0b31f65e706bcc53a566b14253792fed4f7ded510bdeec4585d590d4c3,observe,14.0
ground_AISLE_B_b160_n92801,GroundV2,ART1_AISLE_DEV,B,True,True,103,0.7500000000000115,4.750000000000007,-0.5235987755983014,observe,False,1f9dbbcab44543d36c10df40dad7593b20af0d42f6eb117e6218c78561c8f573,right,14.0
ground_AISLE_B_b160_n92801,GroundV2,ART1_AISLE_DEV,B,True,True,104,0.7500000000000115,4.750000000000007,-1.0471975511966,turn_right,False,e4080543d5717988e6cdaded3cd462f2578a6fda2387a385a8620e72eba31315,observe,14.0
ground_AISLE_B_b160_n92801,GroundV2,ART1_AISLE_DEV,B,True,True,105,0.7500000000000115,4.750000000000007,-1.0471975511966,observe,False,5ac1d30738fc9058f961dc1b70587d660526425a6172ccea9017e1b739d2b34a,right,14.0
ground_AISLE_B_b160_n92801,GroundV2,ART1_AISLE_DEV,B,True,True,106,0.7500000000000115,4.750000000000007,-1.5707963267948988,turn_right,False,43e4e9039de175c542121321522d5e1602976a32568a653eed2e98e8d01ffdc3,observe,14.0
ground_AISLE_B_b160_n92801,GroundV2,ART1_AISLE_DEV,B,True,True,107,0.7500000000000115,4.750000000000007,-1.5707963267948988,observe,False,8708a1a194284ef1339c20ffa8cdc7fda81f47ac7349a9311e2f57965986da36,forward,14.0
ground_AISLE_B_b160_n92801,GroundV2,ART1_AISLE_DEV,B,True,True,108,0.750000000000011,4.500000000000007,-1.5707963267948988,forward,False,feb74f60001680999b5dc867a6f3f5c600bffb56e359d7d113b3a81ebca32e63,forward,14.25
ground_AISLE_B_b160_n92801,GroundV2,ART1_AISLE_DEV,B,True,True,109,0.7500000000000104,4.250000000000007,-1.5707963267948988,forward,False,358af89d9064996d9911e227e47d2b5036124e4aacb14f9a15c430cc17500f45,forward,14.5
ground_AISLE_B_b160_n92801,GroundV2,ART1_AISLE_DEV,B,True,True,110,0.7500000000000099,4.000000000000007,-1.5707963267948988,forward,False,d06d21110ed1522012e64fdc119cc9e5ce986dc7f5f24dcb0ad96d204819e18f,forward,14.75
ground_AISLE_B_b160_n92801,GroundV2,ART1_AISLE_DEV,B,True,True,111,0.7500000000000093,3.750000000000007,-1.5707963267948988,forward,False,b0c864cbb59b11dc63475029fed938da48e3f3aeb37da623f0061ca1058f0d19,left,15.0
ground_AISLE_B_b160_n92801,GroundV2,ART1_AISLE_DEV,B,True,True,112,0.7500000000000093,3.750000000000007,-1.0471975511966,turn_left,False,c17c7ae1e2d95e66f30817e64288be67b812e374aaaa1b64e76bf9f718dee262,observe,15.0
ground_AISLE_B_b160_n92801,GroundV2,ART1_AISLE_DEV,B,True,True,113,0.7500000000000093,3.750000000000007,-1.0471975511966,observe,False,8f240fae03a39aa8f84ac74cbdc09191e8704d41891c9e44923f257b72eed694,left,15.0
ground_AISLE_B_b160_n92801,GroundV2,ART1_AISLE_DEV,B,True,True,114,0.7500000000000093,3.750000000000007,-0.5235987755983014,turn_left,False,c37a5b5cac25a116c43934a79a9ea6ecd212c0a6dd4cb2773a10fa56d1b6d769,left,15.0
ground_AISLE_B_b160_n92801,GroundV2,ART1_AISLE_DEV,B,True,True,115,0.7500000000000093,3.750000000000007,-2.6645352591003757e-15,turn_left,False,b441c61bef17aa86fb824c7ae0390a96b542772558eff090ee82a9850e2ca679,forward,15.0
ground_AISLE_B_b160_n92801,GroundV2,ART1_AISLE_DEV,B,True,True,116,1.0000000000000093,3.750000000000006,-2.6645352591003757e-15,forward,False,092b3586d6a305b213b23e8f8a428810c7a6f36bedfa389aa3197fbdcbc481ef,forward,15.25
ground_AISLE_B_b160_n92801,GroundV2,ART1_AISLE_DEV,B,True,True,117,1.2500000000000093,3.7500000000000053,-2.6645352591003757e-15,forward,False,ec7824f746503d20e5037d32c331612e96b54dc18493ffc8f1ebf10523386c49,forward,15.5
ground_AISLE_B_b160_n92801,GroundV2,ART1_AISLE_DEV,B,True,True,118,1.5000000000000093,3.7500000000000044,-2.6645352591003757e-15,forward,False,13fa67ab20c738ce02ef6add42e4051fd84b43eab81d0e50dc6447b61c3242b1,forward,15.75
ground_AISLE_B_b160_n92801,GroundV2,ART1_AISLE_DEV,B,True,True,119,1.7500000000000093,3.7500000000000036,-2.6645352591003757e-15,forward,False,8bafe419f24da7a9adb3d4ff7554d2d0c178ac3f5a0acdc458ea1bc9f32b3334,forward,16.0
ground_AISLE_B_b160_n92801,GroundV2,ART1_AISLE_DEV,B,True,True,120,2.0000000000000093,3.7500000000000027,-2.6645352591003757e-15,forward,False,7965938104562ae8fd9ba94f3261a577b5ccca8e5c58b510e3491b935100a096,forward,16.25
ground_AISLE_B_b160_n92801,GroundV2,ART1_AISLE_DEV,B,True,True,121,2.2500000000000093,3.7500000000000018,-2.6645352591003757e-15,forward,False,cbe9d64496c79a48ea61d8a61e59f74fd7df08f8308dc19a640af68c5f768427,forward,16.5
ground_AISLE_B_b160_n92801,GroundV2,ART1_AISLE_DEV,B,True,True,122,2.5000000000000093,3.750000000000001,-2.6645352591003757e-15,forward,False,944719903fa15372caccc7407265a6f737e76cd99d1ccdc904b268108ea4722d,forward,16.75
ground_AISLE_B_b160_n92801,GroundV2,ART1_AISLE_DEV,B,True,True,123,2.7500000000000093,3.75,-2.6645352591003757e-15,forward,False,774cc5754388a22c20d29f71273bf57b7e39f5aed44cd7b943c9d1a40b2cb5ba,right,17.0
ground_AISLE_B_b160_n92801,GroundV2,ART1_AISLE_DEV,B,True,True,124,2.7500000000000093,3.75,-0.5235987755983014,turn_right,False,4ac86bc77f3ade18db5a271e223acafddd8738f36827332429810720ff2b624d,right,17.0
ground_AISLE_B_b160_n92801,GroundV2,ART1_AISLE_DEV,B,True,True,125,2.7500000000000093,3.75,-1.0471975511966,turn_right,False,be1b7aa2a0818a0afc60852431df1b87c42024b253b94612bd7afa6b51f3518c,right,17.0
ground_AISLE_B_b160_n92801,GroundV2,ART1_AISLE_DEV,B,True,True,126,2.7500000000000093,3.75,-1.5707963267948988,turn_right,False,933f8cbe36321607f02fafb9fbb980e8efa5be5ff6bf110de9aa911dd4dc7b2e,right,17.0
ground_AISLE_B_b160_n92801,GroundV2,ART1_AISLE_DEV,B,True,True,127,2.7500000000000093,3.75,-2.0943951023931975,turn_right,False,a32a2258f47cc5e55474d7148477aa1f97b2c3b2a8ef7af693e1d2fc422c2d5b,observe,17.0
ground_AISLE_B_b160_n92801,GroundV2,ART1_AISLE_DEV,B,True,True,128,2.7500000000000093,3.75,-2.0943951023931975,observe,False,d61e004e051d758c2deab06fc174aa53e663675c3ae32dbcbc324bc5f82d18f6,right,17.0
ground_AISLE_B_b160_n92801,GroundV2,ART1_AISLE_DEV,B,True,True,129,2.7500000000000093,3.75,-2.617993877991496,turn_right,False,af3dc62fbeec400c4d1a0b15b39702257f6240a2ce6ebe6b7a91487360eacf13,observe,17.0
ground_AISLE_B_b160_n92801,GroundV2,ART1_AISLE_DEV,B,True,True,130,2.7500000000000093,3.75,-2.617993877991496,observe,False,5712f5075bebe4baf16d98d3128bdfde89ebf4548a1f4eadc018be89053b0a16,right,17.0
ground_AISLE_B_b160_n92801,GroundV2,ART1_AISLE_DEV,B,True,True,131,2.7500000000000093,3.75,3.1415926535897913,turn_right,False,e7b2b67c06df6c293bd8c8b3afd4eb2c8bcdf5f716681fccf2c8f25b05ad3dbc,forward,17.0
ground_AISLE_B_b160_n92801,GroundV2,ART1_AISLE_DEV,B,True,True,132,2.5000000000000093,3.7500000000000004,3.1415926535897913,forward,False,4c0eaa674f991ec95726c6a74062ec01e1817c47b43a71fb405a23499c06074e,forward,17.25
ground_AISLE_B_b160_n92801,GroundV2,ART1_AISLE_DEV,B,True,True,133,2.2500000000000093,3.750000000000001,3.1415926535897913,forward,False,d5fe7c36c6b9efadb902a1513d25e0ac83cc105ed4b69c428de1a05152a85fc1,forward,17.5
ground_AISLE_B_b160_n92801,GroundV2,ART1_AISLE_DEV,B,True,True,134,2.0000000000000093,3.7500000000000013,3.1415926535897913,forward,False,7c147af2c33740a6f17976221c0fd8a10f964d1a486651ffaacc1a897ac60c2b,forward,17.75
ground_AISLE_B_b160_n92801,GroundV2,ART1_AISLE_DEV,B,True,True,135,1.7500000000000093,3.7500000000000018,3.1415926535897913,forward,False,9b2ef90ee9cb4466289c0bfc4909042fdc0cafe1e3be2082dac72fae92b19f9c,left,18.0
ground_AISLE_B_b160_n92801,GroundV2,ART1_AISLE_DEV,B,True,True,136,1.7500000000000093,3.7500000000000018,-2.6179938779914966,turn_left,False,d4697f0a9bdb345c0d6a7610fd2a591e8f59d3020bed4331b567661312f15c13,observe,18.0
ground_AISLE_B_b160_n92801,GroundV2,ART1_AISLE_DEV,B,True,True,137,1.7500000000000093,3.7500000000000018,-2.6179938779914966,observe,False,eb1900e5ba1bb8745ee3af7011b8b30aeb545ebe6781a164e2123ad32c90dd22,right,18.0
ground_AISLE_B_b160_n92801,GroundV2,ART1_AISLE_DEV,B,True,True,138,1.7500000000000093,3.7500000000000018,3.1415926535897913,turn_right,False,3fade7b4149839cad4342e1f36d97afc211e131ce998cfb7ef81d0703995a326,forward,18.0
ground_AISLE_B_b160_n92801,GroundV2,ART1_AISLE_DEV,B,True,True,139,1.5000000000000093,3.750000000000002,3.1415926535897913,forward,False,fa907ecd69403cd23f095a98b0b6b5a3cb3254900e12b5f13187d6ef5b1c6069,forward,18.25
ground_AISLE_B_b160_n92801,GroundV2,ART1_AISLE_DEV,B,True,True,140,1.2500000000000093,3.7500000000000027,3.1415926535897913,forward,False,bd0dfa04d441a2a6a078128d6767656447fe4553bcdf385ffadd1cb0aa46c243,forward,18.5
ground_AISLE_B_b160_n92801,GroundV2,ART1_AISLE_DEV,B,True,True,141,1.0000000000000093,3.750000000000003,3.1415926535897913,forward,False,c1b7e0262d9c9ff43f311a6306c765bfb23d9f465c2958cd80be911fc655385e,forward,18.75
ground_AISLE_B_b160_n92801,GroundV2,ART1_AISLE_DEV,B,True,True,142,0.7500000000000093,3.7500000000000036,3.1415926535897913,forward,False,03e3e423a094def0c96fd27344bcf025bbfb50c85fac8195c46bf4fa19efe8c2,left,19.0
ground_AISLE_B_b160_n92801,GroundV2,ART1_AISLE_DEV,B,True,True,143,0.7500000000000093,3.7500000000000036,-2.6179938779914966,turn_left,False,93bae4fb01d9f07542e3c028d6039f979d631c727cc248c39ddb99816d64558e,left,19.0
ground_AISLE_B_b160_n92801,GroundV2,ART1_AISLE_DEV,B,True,True,144,0.7500000000000093,3.7500000000000036,-2.094395102393198,turn_left,False,28aa6cc0cc2b5149ee2e9c8dacc87b019ad4a563ad87245338d7e4917ee293ec,left,19.0
ground_AISLE_B_b160_n92801,GroundV2,ART1_AISLE_DEV,B,True,True,145,0.7500000000000093,3.7500000000000036,-1.5707963267948992,turn_left,False,bd2c640f16e32fc59d1e30e82326b6a0f88d8bc2b51620d11b2704eef18528e2,forward,19.0
ground_AISLE_B_b160_n92801,GroundV2,ART1_AISLE_DEV,B,True,True,146,0.7500000000000087,3.5000000000000036,-1.5707963267948992,forward,False,7fa785b0200af9dda2b53a6897c1249834d09029daee8f1bcd583a2b6ea3e8c0,forward,19.25
ground_AISLE_B_b160_n92801,GroundV2,ART1_AISLE_DEV,B,True,True,147,0.750000000000008,3.2500000000000036,-1.5707963267948992,forward,False,ed818f59fbcbeee030ee1096b140ff01604cba98b3df258feb0576b91a663c92,forward,19.5
ground_AISLE_B_b160_n92801,GroundV2,ART1_AISLE_DEV,B,True,True,148,0.7500000000000073,3.0000000000000036,-1.5707963267948992,forward,False,bdf33c1eb81eeba773107e89de58e055868c4cd1a73161f7ef25d9a3150b7086,forward,19.75
ground_AISLE_B_b160_n92801,GroundV2,ART1_AISLE_DEV,B,True,True,149,0.7500000000000067,2.7500000000000036,-1.5707963267948992,forward,False,498f036a76ea065f16b61cae1a9aa8d439a1d5e0cff48b2c204c37041e4d43e6,forward,20.0
ground_AISLE_B_b160_n92801,GroundV2,ART1_AISLE_DEV,B,True,True,150,0.750000000000006,2.5000000000000036,-1.5707963267948992,forward,False,a80cea20309e5051889f038e1a13853c1b3f6d7bd9d5e36ad331301cbe37079f,forward,20.25
ground_AISLE_B_b160_n92801,GroundV2,ART1_AISLE_DEV,B,True,True,151,0.7500000000000053,2.2500000000000036,-1.5707963267948992,forward,False,3dbd5f9853ac65d77d720844cc41b9c75cbcb65b2223fa4435fa25640bc1d99e,forward,20.5
ground_AISLE_B_b160_n92801,GroundV2,ART1_AISLE_DEV,B,True,True,152,0.7500000000000047,2.0000000000000036,-1.5707963267948992,forward,False,2eaf899117d43a23adc02444b3975b439a6e9a0e833ea6b1b4348691b2861440,forward,20.75
ground_AISLE_B_b160_n92801,GroundV2,ART1_AISLE_DEV,B,True,True,153,0.750000000000004,1.7500000000000036,-1.5707963267948992,forward,False,8068e9ac17f0dcf2e3ea42d81ed9a6e863a2afa9bdbfefd2a31d9bdc53a5c89f,forward,21.0
ground_AISLE_B_b160_n92801,GroundV2,ART1_AISLE_DEV,B,True,True,154,0.7500000000000033,1.5000000000000036,-1.5707963267948992,forward,False,656fdb0da2825194a8a59923a67ab21541219be9fd37b146c522dd882f7bd448,forward,21.25
ground_AISLE_B_b160_n92801,GroundV2,ART1_AISLE_DEV,B,True,True,155,0.7500000000000027,1.2500000000000036,-1.5707963267948992,forward,False,7496e5087e64cce43f2b496a38346f01e1f6cf61eb69969dbc177084fb83536f,forward,21.5
ground_AISLE_B_b160_n92801,GroundV2,ART1_AISLE_DEV,B,True,True,156,0.750000000000002,1.0000000000000036,-1.5707963267948992,forward,False,9cd1c2a9374e50819d0b8c503a3d9d9ed907f18aad6adcaaa4da601184481c8e,forward,21.75
ground_AISLE_B_b160_n92801,GroundV2,ART1_AISLE_DEV,B,True,True,157,0.7500000000000013,0.7500000000000036,-1.5707963267948992,forward,False,3fb3873816747efb9c5ef0e01e5040f3d326cab43515e0f66279fbe13467c401,left,22.0
ground_AISLE_B_b160_n92801,GroundV2,ART1_AISLE_DEV,B,True,True,158,0.7500000000000013,0.7500000000000036,-1.0471975511966005,turn_left,False,53760d4f0013a5e73962346fe66ca0b543cef84eb20594af03b73581e93bbe55,left,22.0
ground_AISLE_B_b160_n92801,GroundV2,ART1_AISLE_DEV,B,True,True,159,0.7500000000000013,0.7500000000000036,-0.5235987755983018,turn_left,False,626ef4afabc8dcd396377979afe15297ef40a5312994021453e9e6cec24e9caf,left,22.0
ground_AISLE_B_b160_n92801,GroundV2,ART1_AISLE_DEV,B,True,True,160,0.7500000000000013,0.7500000000000036,-3.1086244689504383e-15,turn_left,False,b05ee309f18a898fa7ab4a0b566c10951329f1df6d112f8ffb43db05cdfda1ee,stop,22.0
exposure_AISLE_B_b160_n92801,ExposureV3,ART1_AISLE_DEV,B,True,True,0,0.75,0.75,0.0,initial_observation,False,244ada0fbfb1f2ab920ee96be8816aee60863ea0b87ca3afdc8db29163278401,forward,0.0
exposure_AISLE_B_b160_n92801,ExposureV3,ART1_AISLE_DEV,B,True,True,1,1.0,0.75,0.0,forward,False,bb96576b96b708c38ec74bd1117ce0a10a19bab8cdf30d64efac50dbfe58fcde,forward,0.25
exposure_AISLE_B_b160_n92801,ExposureV3,ART1_AISLE_DEV,B,True,True,2,1.25,0.75,0.0,forward,False,cdb111ac20558d98908bc51ea7c51de39a3faa2c9739e26c1aa17ec25f0fbdb6,forward,0.5
exposure_AISLE_B_b160_n92801,ExposureV3,ART1_AISLE_DEV,B,True,True,3,1.5,0.75,0.0,forward,False,7b6ddd037f08cc6a48816763838eacac4e002759527158d7aaefc107a6195831,forward,0.75
exposure_AISLE_B_b160_n92801,ExposureV3,ART1_AISLE_DEV,B,True,True,4,1.75,0.75,0.0,forward,False,094842f92e1361e903ed023edb4da4287e0646a815a88fcfd8d343458fdb7ea7,left,1.0
exposure_AISLE_B_b160_n92801,ExposureV3,ART1_AISLE_DEV,B,True,True,5,1.75,0.75,0.5235987755982987,turn_left,False,985a9fd0855803dda8a1f12e8ed8cb053a9cc8bf21ce2102bdcab5fab021217c,observe,1.0
exposure_AISLE_B_b160_n92801,ExposureV3,ART1_AISLE_DEV,B,True,True,6,1.75,0.75,0.5235987755982987,observe,False,9e4e30c3cef33b469410320722146e2a7946bf9ff3f1dadca52819ddcc0fd029,right,1.0
exposure_AISLE_B_b160_n92801,ExposureV3,ART1_AISLE_DEV,B,True,True,7,1.75,0.75,0.0,turn_right,False,66c314606746d9a7bb0fad346b6f4cd084417bf6337afbecff0acfacef9725b7,forward,1.0
exposure_AISLE_B_b160_n92801,ExposureV3,ART1_AISLE_DEV,B,True,True,8,2.0,0.75,0.0,forward,False,138b2eb74da2cef3502a949dc944093abce6ecf3f6508f786df6bf379cd3c249,forward,1.25
exposure_AISLE_B_b160_n92801,ExposureV3,ART1_AISLE_DEV,B,True,True,9,2.25,0.75,0.0,forward,False,6fa73b51c130a43f051e07f9a55f6f0b7f23962fb43f260b05f79c2111108d03,forward,1.5
exposure_AISLE_B_b160_n92801,ExposureV3,ART1_AISLE_DEV,B,True,True,10,2.5,0.75,0.0,forward,False,1af0cfff7a328498f0919aa4b4879ebf3ef5c34bdd4f9ac34adac83fb19322a3,forward,1.75
exposure_AISLE_B_b160_n92801,ExposureV3,ART1_AISLE_DEV,B,True,True,11,2.75,0.75,0.0,forward,False,103d3290c1c1ef76750fe0f986a1901d778e1742ef42e2cad686123acf7d83d4,left,2.0
exposure_AISLE_B_b160_n92801,ExposureV3,ART1_AISLE_DEV,B,True,True,12,2.75,0.75,0.5235987755982987,turn_left,False,3268708dee64ace5a8836a9c84c9087f5269d24c942881431fe7df5a32982833,observe,2.0
exposure_AISLE_B_b160_n92801,ExposureV3,ART1_AISLE_DEV,B,True,True,13,2.75,0.75,0.5235987755982987,observe,False,5c3d23328e3d6a36f75a0fa6a889e9fd148fcf247b3145154ae759917481e0ab,left,2.0
exposure_AISLE_B_b160_n92801,ExposureV3,ART1_AISLE_DEV,B,True,True,14,2.75,0.75,1.0471975511965974,turn_left,False,bf061f5f68afe565498c8a06b10cfdd6d867ba90201df141299bdec6ac916113,left,2.0
exposure_AISLE_B_b160_n92801,ExposureV3,ART1_AISLE_DEV,B,True,True,15,2.75,0.75,1.5707963267948966,turn_left,False,f826eb5fc19ca7850cd3eab4376a86a743a24858f52f1d15a23e108923adad16,forward,2.0
exposure_AISLE_B_b160_n92801,ExposureV3,ART1_AISLE_DEV,B,True,True,16,2.75,1.0,1.5707963267948966,forward,False,e0588067688acdd6a35e195df453c0d6ef8d99895539da2a529f83afe6f835af,forward,2.25
exposure_AISLE_B_b160_n92801,ExposureV3,ART1_AISLE_DEV,B,True,True,17,2.75,1.25,1.5707963267948966,forward,False,f092c079bd1fb64db157bf7085310ad54213b2843c96529de36e904f2dd0166e,forward,2.5
exposure_AISLE_B_b160_n92801,ExposureV3,ART1_AISLE_DEV,B,True,True,18,2.75,1.5,1.5707963267948966,forward,False,4516c78dd40399500799b349554343be4c133e5f9d6e8015b9632ddba1452755,forward,2.75
exposure_AISLE_B_b160_n92801,ExposureV3,ART1_AISLE_DEV,B,True,True,19,2.75,1.75,1.5707963267948966,forward,False,41a0be245f005a6b27cb7c472af36718308876de7dd990da51d99edd9fcfbbb5,left,3.0
exposure_AISLE_B_b160_n92801,ExposureV3,ART1_AISLE_DEV,B,True,True,20,2.75,1.75,2.094395102393195,turn_left,False,2df96500dc9d2a1cedfb04c07283c668283e4641a54d1e3495f00798eca3767b,left,3.0
exposure_AISLE_B_b160_n92801,ExposureV3,ART1_AISLE_DEV,B,True,True,21,2.75,1.75,2.617993877991493,turn_left,False,d7999b940f14e116c4691ea7c530c3bd0ee0ca43b9e4f19b2839c7028693e913,left,3.0
exposure_AISLE_B_b160_n92801,ExposureV3,ART1_AISLE_DEV,B,True,True,22,2.75,1.75,3.1415926535897913,turn_left,False,3a3e64d8f4cb8408b74e0469146c1bd2cb847c8dd33ea7001b8cdf4974352b8d,forward,3.0
exposure_AISLE_B_b160_n92801,ExposureV3,ART1_AISLE_DEV,B,True,True,23,2.5,1.7500000000000004,3.1415926535897913,forward,False,758d55fab7a377aa8d6ed92290220fe738c4f093ab301ba38781a2e3cc8ed539,forward,3.25
exposure_AISLE_B_b160_n92801,ExposureV3,ART1_AISLE_DEV,B,True,True,24,2.25,1.7500000000000009,3.1415926535897913,forward,False,0932371418b773a9d6a42ca6a2322a0cbcc70807056013f355fb135d52ef10d1,forward,3.5
exposure_AISLE_B_b160_n92801,ExposureV3,ART1_AISLE_DEV,B,True,True,25,2.0,1.7500000000000013,3.1415926535897913,forward,False,2300ba22dbf29e1bb5f022de0d3021585acc890a817daa8d1fed5eaabd6c7fc4,forward,3.75
exposure_AISLE_B_b160_n92801,ExposureV3,ART1_AISLE_DEV,B,True,True,26,1.75,1.7500000000000018,3.1415926535897913,forward,False,e39641808d97b9841912c045e332576b9b6cb0da0353582f1c9a7cb325ee4a86,observe,4.0
exposure_AISLE_B_b160_n92801,ExposureV3,ART1_AISLE_DEV,B,True,True,27,1.75,1.7500000000000018,3.1415926535897913,observe,False,68a27364a10d50eb69501d7bbe4064991d5b4bae3ca077ef369807f97d6663eb,forward,4.0
exposure_AISLE_B_b160_n92801,ExposureV3,ART1_AISLE_DEV,B,True,True,28,1.5,1.7500000000000022,3.1415926535897913,forward,False,9b7cdbff32e23d355ee96ad588d7f472736b542f7d538c7dc093da847d26e5cd,forward,4.25
exposure_AISLE_B_b160_n92801,ExposureV3,ART1_AISLE_DEV,B,True,True,29,1.25,1.7500000000000027,3.1415926535897913,forward,False,e1cabf3250ae46e42d9475ec3823bea2a60f1289fd88068a0101627b38bf44b2,forward,4.5
exposure_AISLE_B_b160_n92801,ExposureV3,ART1_AISLE_DEV,B,True,True,30,1.0,1.750000000000003,3.1415926535897913,forward,False,7720b7084a8e658adc8f24d267ec19c28133eb50cf5f3e3ed793590601717e27,forward,4.75
exposure_AISLE_B_b160_n92801,ExposureV3,ART1_AISLE_DEV,B,True,True,31,0.75,1.7500000000000036,3.1415926535897913,forward,False,356f850114c045f50e87ce767b9f5009a8720edba8fc42f5d1ec9c942eb6464a,right,5.0
exposure_AISLE_B_b160_n92801,ExposureV3,ART1_AISLE_DEV,B,True,True,32,0.75,1.7500000000000036,2.617993877991493,turn_right,False,7539bae8e0905923dbb4ee0e1d2799b9251d4c63a8d5bd9cfd5851d2f2bbe336,right,5.0
exposure_AISLE_B_b160_n92801,ExposureV3,ART1_AISLE_DEV,B,True,True,33,0.75,1.7500000000000036,2.094395102393195,turn_right,False,b169afac8e4d632c1b827b5b5eb699b9bbada4327f62fc0f15427f08bc37dd68,right,5.0
exposure_AISLE_B_b160_n92801,ExposureV3,ART1_AISLE_DEV,B,True,True,34,0.75,1.7500000000000036,1.5707963267948966,turn_right,False,144b427de7af943ad0dbe757464696e0f38e2d2920caf47874fbc83cce127a6f,forward,5.0
exposure_AISLE_B_b160_n92801,ExposureV3,ART1_AISLE_DEV,B,True,True,35,0.75,2.0000000000000036,1.5707963267948966,forward,False,e104fbd219453e20db201f5e9e3b4ba161272a61ceffc751148bf450cf29ad01,forward,5.25
exposure_AISLE_B_b160_n92801,ExposureV3,ART1_AISLE_DEV,B,True,True,36,0.75,2.2500000000000036,1.5707963267948966,forward,False,7893ed1ac734cfbfb8b87a552939925b02c6a22e0aa99672f16fca1ab1f8d1cc,forward,5.5
exposure_AISLE_B_b160_n92801,ExposureV3,ART1_AISLE_DEV,B,True,True,37,0.75,2.5000000000000036,1.5707963267948966,forward,False,beb41314e30069f0b632d74007ac87e564c83968cde0ff559b4374a7a780f530,forward,5.75
exposure_AISLE_B_b160_n92801,ExposureV3,ART1_AISLE_DEV,B,True,True,38,0.75,2.7500000000000036,1.5707963267948966,forward,False,d4d7d0b37704423a69ff4a0a667b0d1c70664ea5e59a87540c33223cb91e444f,right,6.0
exposure_AISLE_B_b160_n92801,ExposureV3,ART1_AISLE_DEV,B,True,True,39,0.75,2.7500000000000036,1.0471975511965983,turn_right,False,6ee56c8a04546fda2ffc90a2436dd4b2e5bd0cb1cc24e5c9a062f9a187ed5110,right,6.0
exposure_AISLE_B_b160_n92801,ExposureV3,ART1_AISLE_DEV,B,True,True,40,0.75,2.7500000000000036,0.5235987755982996,turn_right,False,8656ca28deef4907bcb4008883ba398f836c41bc5b091335c98d7ed792127c6b,observe,6.0
exposure_AISLE_B_b160_n92801,ExposureV3,ART1_AISLE_DEV,B,True,True,41,0.75,2.7500000000000036,0.5235987755982996,observe,False,879bc15946309d0e3ef813f4618f5d36d82653b2c1ed3c882fef7c091ee40cbe,left,6.0
exposure_AISLE_B_b160_n92801,ExposureV3,ART1_AISLE_DEV,B,True,True,42,0.75,2.7500000000000036,1.0471975511965983,turn_left,False,df2c91f3f21d9d05927e660da432a1b9864591f71c61e9d6f7879a60cbe2457c,left,6.0
exposure_AISLE_B_b160_n92801,ExposureV3,ART1_AISLE_DEV,B,True,True,43,0.75,2.7500000000000036,1.5707963267948966,turn_left,False,aa3f4e16fe00f6d86970245797261e009e6bb018bedb826bda2fe8562be0e1c2,forward,6.0
exposure_AISLE_B_b160_n92801,ExposureV3,ART1_AISLE_DEV,B,True,True,44,0.75,3.0000000000000036,1.5707963267948966,forward,False,889a083be942ca139333eeb222ddd328793ffb212b8236e6057c56d15d32e9cb,forward,6.25
exposure_AISLE_B_b160_n92801,ExposureV3,ART1_AISLE_DEV,B,True,True,45,0.75,3.2500000000000036,1.5707963267948966,forward,False,003adc13744bcb90481901eb5ae67691a63d67df8354ec476ad0367a2075fe72,forward,6.5
exposure_AISLE_B_b160_n92801,ExposureV3,ART1_AISLE_DEV,B,True,True,46,0.75,3.5000000000000036,1.5707963267948966,forward,False,0139517a32545a94cff3d3463abe2960c935cc058eab65f5edeb01dab8879579,forward,6.75
exposure_AISLE_B_b160_n92801,ExposureV3,ART1_AISLE_DEV,B,True,True,47,0.75,3.7500000000000036,1.5707963267948966,forward,False,53334579d833a7f069b50fd18e86f561b813f8f420475b8ec281acee0c46b643,right,7.0
exposure_AISLE_B_b160_n92801,ExposureV3,ART1_AISLE_DEV,B,True,True,48,0.75,3.7500000000000036,1.0471975511965983,turn_right,False,94e1abba212121f4be59cab33dda59bbd8166121f749aff9608df06a72bd9266,right,7.0
exposure_AISLE_B_b160_n92801,ExposureV3,ART1_AISLE_DEV,B,True,True,49,0.75,3.7500000000000036,0.5235987755982996,turn_right,False,7d9cecf23da10b94c6d82126becc2c5086d1bbcea59567dbecfc7c2cae8ade5e,right,7.0
exposure_AISLE_B_b160_n92801,ExposureV3,ART1_AISLE_DEV,B,True,True,50,0.75,3.7500000000000036,8.881784197001252e-16,turn_right,False,84fec96d4856c70e0bc4f2344809ceb43cbd1c38c8a4579065b214b7986e74ce,forward,7.0
exposure_AISLE_B_b160_n92801,ExposureV3,ART1_AISLE_DEV,B,True,True,51,1.0,3.7500000000000036,8.881784197001252e-16,forward,False,d1013d2dab72b7cada82110ad612e426f8a0881dd84d6d6795154697fd06ac62,forward,7.25
exposure_AISLE_B_b160_n92801,ExposureV3,ART1_AISLE_DEV,B,True,True,52,1.25,3.7500000000000036,8.881784197001252e-16,forward,False,e0a70b4ac274073f6c13f3fc481dd5c6e66da2ac763b54bff13096e98d9adfab,forward,7.5
exposure_AISLE_B_b160_n92801,ExposureV3,ART1_AISLE_DEV,B,True,True,53,1.5,3.7500000000000036,8.881784197001252e-16,forward,False,346d01f3eb12c5c765cab9bec8e6d2abcb0965bc396af578d58c2ac53c16eb3e,forward,7.75
exposure_AISLE_B_b160_n92801,ExposureV3,ART1_AISLE_DEV,B,True,True,54,1.75,3.7500000000000036,8.881784197001252e-16,forward,False,ca571b2793dc10db793e886ec676e0bad671b87e1de1971662a11f4985f74934,right,8.0
exposure_AISLE_B_b160_n92801,ExposureV3,ART1_AISLE_DEV,B,True,True,55,1.75,3.7500000000000036,-0.5235987755982978,turn_right,False,d9fa17692caf300c4d8748cbdf8f74a5788d12876d1f3a2687633845654666bd,observe,8.0
exposure_AISLE_B_b160_n92801,ExposureV3,ART1_AISLE_DEV,B,True,True,56,1.75,3.7500000000000036,-0.5235987755982978,observe,False,c2ae99af11815392e60128b8ee01234c42ef9c05a1639daf5c103381037a6e57,left,8.0
exposure_AISLE_B_b160_n92801,ExposureV3,ART1_AISLE_DEV,B,True,True,57,1.75,3.7500000000000036,8.881784197001252e-16,turn_left,False,a1f3b762f38096eca606312350c781b46cc400b44aac8a460cadad21643bca45,forward,8.0
exposure_AISLE_B_b160_n92801,ExposureV3,ART1_AISLE_DEV,B,True,True,58,2.0,3.7500000000000036,8.881784197001252e-16,forward,False,aa12ff0f9ace5052a5f01f4171ce1c45ba709a49afa3896d47a33018376f177e,forward,8.25
exposure_AISLE_B_b160_n92801,ExposureV3,ART1_AISLE_DEV,B,True,True,59,2.25,3.7500000000000036,8.881784197001252e-16,forward,False,3067c3263ac9d2aabffe38943628858f40ca306ab63fff2eff2bd8eec51100ea,forward,8.5
exposure_AISLE_B_b160_n92801,ExposureV3,ART1_AISLE_DEV,B,True,True,60,2.5,3.7500000000000036,8.881784197001252e-16,forward,False,a48ff6a1d127101dcff0eb4d756abca002d0911759091e909dc028282d7e37cb,forward,8.75
exposure_AISLE_B_b160_n92801,ExposureV3,ART1_AISLE_DEV,B,True,True,61,2.75,3.7500000000000036,8.881784197001252e-16,forward,False,6e391d2a13f5f2d5b68b7d85cc48db9fd353202bc4ae39b4206b476a6f0b33df,observe,9.0
exposure_AISLE_B_b160_n92801,ExposureV3,ART1_AISLE_DEV,B,True,True,62,2.75,3.7500000000000036,8.881784197001252e-16,observe,False,e85d779d740736b86006a9419c330f7905b8ce9efa5038e79e0f4d8bd0bb7905,right,9.0
exposure_AISLE_B_b160_n92801,ExposureV3,ART1_AISLE_DEV,B,True,True,63,2.75,3.7500000000000036,-0.5235987755982978,turn_right,False,acbfb06f189550677293009fba6016511f192a5a6bafc509d1f247edd3e3e8ab,right,9.0
exposure_AISLE_B_b160_n92801,ExposureV3,ART1_AISLE_DEV,B,True,True,64,2.75,3.7500000000000036,-1.0471975511965965,turn_right,False,f8a8668953d0ff48b1157343a7ff5219134bb97d1d39f005e887b2b8ff7d7e75,right,9.0
exposure_AISLE_B_b160_n92801,ExposureV3,ART1_AISLE_DEV,B,True,True,65,2.75,3.7500000000000036,-1.5707963267948952,turn_right,False,105ab76cb4e13243e65eb32ae3404ff96d1f3781d5512a0b148b1ab4fd839bf5,right,9.0
exposure_AISLE_B_b160_n92801,ExposureV3,ART1_AISLE_DEV,B,True,True,66,2.75,3.7500000000000036,-2.094395102393194,turn_right,False,c2992a01e6230c6f46dbeaa503d24073ba2cddaea0e2c83adf7c99b19c1a0cd3,right,9.0
exposure_AISLE_B_b160_n92801,ExposureV3,ART1_AISLE_DEV,B,True,True,67,2.75,3.7500000000000036,-2.6179938779914926,turn_right,False,b7db5282c97665359e286b009e62cddc6d2aeac4f646ffc0ffe2152f0729fd5f,observe,9.0
exposure_AISLE_B_b160_n92801,ExposureV3,ART1_AISLE_DEV,B,True,True,68,2.75,3.7500000000000036,-2.6179938779914926,observe,False,0e2b1d8a8f3c5e75748a2b0f052e1169040ec5c03fb1bbbc91c881cdfce56c28,right,9.0
exposure_AISLE_B_b160_n92801,ExposureV3,ART1_AISLE_DEV,B,True,True,69,2.75,3.7500000000000036,-3.1415926535897913,turn_right,False,22516c1ae35297a1621987d26a2daab2636d1b18de67360b99be2b070696fd1c,forward,9.0
exposure_AISLE_B_b160_n92801,ExposureV3,ART1_AISLE_DEV,B,True,True,70,2.5,3.750000000000003,-3.1415926535897913,forward,False,b1d424f70cda1c51be53677ea57363774cd72ef624f7cc098568366bb182fb02,forward,9.25
exposure_AISLE_B_b160_n92801,ExposureV3,ART1_AISLE_DEV,B,True,True,71,2.25,3.7500000000000027,-3.1415926535897913,forward,False,64d22ffbd33b236b2550c5b52cee096745b51ac9c4d823dccd479ecc15383054,forward,9.5
exposure_AISLE_B_b160_n92801,ExposureV3,ART1_AISLE_DEV,B,True,True,72,2.0,3.750000000000002,-3.1415926535897913,forward,False,1d0a9dce5829b97149e20fdc060bf539e2eb726b862de9600f59bd6645dcce71,forward,9.75
exposure_AISLE_B_b160_n92801,ExposureV3,ART1_AISLE_DEV,B,True,True,73,1.75,3.7500000000000018,-3.1415926535897913,forward,False,607e829abeeaa3ec75ccc0041bfd8b489e80d6e93fd1dd0efc76b2a79901e138,forward,10.0
exposure_AISLE_B_b160_n92801,ExposureV3,ART1_AISLE_DEV,B,True,True,74,1.5,3.7500000000000013,-3.1415926535897913,forward,False,09be780eabf6939f716cfec1561389624ca0bc80b8c1fb338211720907d50cec,forward,10.25
exposure_AISLE_B_b160_n92801,ExposureV3,ART1_AISLE_DEV,B,True,True,75,1.25,3.750000000000001,-3.1415926535897913,forward,False,e64a37926263bfb8adaf8bfec838836a403db7bb076abad58d1c95393f1bfe56,forward,10.5
exposure_AISLE_B_b160_n92801,ExposureV3,ART1_AISLE_DEV,B,True,True,76,1.0,3.7500000000000004,-3.1415926535897913,forward,False,3fcf3e1ecd5e6e4960a19757eb0958ddadc2e614724ccdc63d413cfe880cdcba,forward,10.75
exposure_AISLE_B_b160_n92801,ExposureV3,ART1_AISLE_DEV,B,True,True,77,0.75,3.75,-3.1415926535897913,forward,False,6b4fa817b56545448ee7b12307088bcddfa6f4e0d7e771b38fa48f1f0cbb967e,right,11.0
exposure_AISLE_B_b160_n92801,ExposureV3,ART1_AISLE_DEV,B,True,True,78,0.75,3.75,2.6179938779914966,turn_right,False,695820c88c43f72701c4ee7f67b8012d9a7db596fe0baf9eedd74ab814658b41,right,11.0
exposure_AISLE_B_b160_n92801,ExposureV3,ART1_AISLE_DEV,B,True,True,79,0.75,3.75,2.0943951023931984,turn_right,False,947068f0ed98bdfc75d0d0c0c815c50ecafeb34d626b248556a52f77d4dda2e0,right,11.0
exposure_AISLE_B_b160_n92801,ExposureV3,ART1_AISLE_DEV,B,True,True,80,0.75,3.75,1.5707963267949,turn_right,False,59425b29fb19af9194a53362d7f1556c5165e4dccbdcedf13d5d6e868ad10b68,forward,11.0
exposure_AISLE_B_b160_n92801,ExposureV3,ART1_AISLE_DEV,B,True,True,81,0.7499999999999991,4.0,1.5707963267949,forward,False,0c761327ad0c507c884feff301e00252dbd406b3cd9b647b4a5397735d523bbc,forward,11.25
exposure_AISLE_B_b160_n92801,ExposureV3,ART1_AISLE_DEV,B,True,True,82,0.7499999999999982,4.25,1.5707963267949,forward,False,c3efb372b5a806120498e7fdcdb62cc32b1460b4f475d853b845e3149f6bbda5,forward,11.5
exposure_AISLE_B_b160_n92801,ExposureV3,ART1_AISLE_DEV,B,True,True,83,0.7499999999999973,4.5,1.5707963267949,forward,False,1753ac234e86a5ce53557421e708d75563aeaf57e79ecff4edf5158a6597ec44,forward,11.75
exposure_AISLE_B_b160_n92801,ExposureV3,ART1_AISLE_DEV,B,True,True,84,0.7499999999999964,4.75,1.5707963267949,forward,False,f67bbfb809df17e68c1b9a9211901ca465eb3fb686bce74d47bc6ce709bfcd18,right,12.0
exposure_AISLE_B_b160_n92801,ExposureV3,ART1_AISLE_DEV,B,True,True,85,0.7499999999999964,4.75,1.0471975511966019,turn_right,False,4a1e0cc3d4359fa0e08210cfb9a79e6a95449cc76d7ffb82c753aa798ef3ed8a,right,12.0
exposure_AISLE_B_b160_n92801,ExposureV3,ART1_AISLE_DEV,B,True,True,86,0.7499999999999964,4.75,0.5235987755983031,turn_right,False,d6dc332d049727190f15f780aa8d453e759197830dadf366a166ca81606210f7,observe,12.0
exposure_AISLE_B_b160_n92801,ExposureV3,ART1_AISLE_DEV,B,True,True,87,0.7499999999999964,4.75,0.5235987755983031,observe,False,561cb0f8a1b9e25b7601bd55146a190a8181352c9a709354325077139f16b85c,right,12.0
exposure_AISLE_B_b160_n92801,ExposureV3,ART1_AISLE_DEV,B,True,True,88,0.7499999999999964,4.75,4.440892098500626e-15,turn_right,False,3b7cb2c217f6926d78c1fea5d97745bab35340ec764e0c52f68562a5e1155184,right,12.0
exposure_AISLE_B_b160_n92801,ExposureV3,ART1_AISLE_DEV,B,True,True,89,0.7499999999999964,4.75,-0.5235987755982943,turn_right,False,0b6fdea62aeda7523fb29349f18fa5b3656bd438d4ab571b35b009a7fd3172cf,observe,12.0
exposure_AISLE_B_b160_n92801,ExposureV3,ART1_AISLE_DEV,B,True,True,90,0.7499999999999964,4.75,-0.5235987755982943,observe,False,91fcb53e5cb0de23b3665cedab1f1b6083637e8af1dd04edcc3d5f5856435836,right,12.0
exposure_AISLE_B_b160_n92801,ExposureV3,ART1_AISLE_DEV,B,True,True,91,0.7499999999999964,4.75,-1.047197551196593,turn_right,False,99bd9034447f47f95e2749eb1dcfdd2566ace0dfdaf63bf7fb8e72db41f644f1,right,12.0
exposure_AISLE_B_b160_n92801,ExposureV3,ART1_AISLE_DEV,B,True,True,92,0.7499999999999964,4.75,-1.5707963267948917,turn_right,False,3ad8635c460cff437930f6a4cac7c37d92fa32a0fd45584c25b67b5c53b8dcb4,forward,12.0
exposure_AISLE_B_b160_n92801,ExposureV3,ART1_AISLE_DEV,B,True,True,93,0.7499999999999977,4.5,-1.5707963267948917,forward,False,2a3b1b5a92d7e57a485267ff849971a8d14cb32b505b89d1dc00df0e0c6a9c17,forward,12.25
exposure_AISLE_B_b160_n92801,ExposureV3,ART1_AISLE_DEV,B,True,True,94,0.7499999999999989,4.25,-1.5707963267948917,forward,False,5e41e224741f01a94879efa3e0d441aa2744af8e67e4e517c8a8e0169729ebb6,forward,12.5
exposure_AISLE_B_b160_n92801,ExposureV3,ART1_AISLE_DEV,B,True,True,95,0.7500000000000001,4.0,-1.5707963267948917,forward,False,81bc448151a6e556ccacdce66bd266c665817f081901c3aabc5dd01efb64414b,forward,12.75
exposure_AISLE_B_b160_n92801,ExposureV3,ART1_AISLE_DEV,B,True,True,96,0.7500000000000013,3.75,-1.5707963267948917,forward,False,1c503f8f33eb197f0aa72418ae4e3618f3b508379c99e3497b67748e39930f26,left,13.0
exposure_AISLE_B_b160_n92801,ExposureV3,ART1_AISLE_DEV,B,True,True,97,0.7500000000000013,3.75,-1.047197551196593,turn_left,False,c3d3e8e9740511e62eddbe98e341fc207649982cf5dd977452f6830324ed8e98,observe,13.0
exposure_AISLE_B_b160_n92801,ExposureV3,ART1_AISLE_DEV,B,True,True,98,0.7500000000000013,3.75,-1.047197551196593,observe,False,23cc7823b3b2b001dc4229f4ce84e5fff2504c16492ae757fde8c31330a83fad,right,13.0
exposure_AISLE_B_b160_n92801,ExposureV3,ART1_AISLE_DEV,B,True,True,99,0.7500000000000013,3.75,-1.5707963267948917,turn_right,False,e63b1d4bea21166c3c00194531cfeb8400e984834717c6fd7b964447c8387755,forward,13.0
exposure_AISLE_B_b160_n92801,ExposureV3,ART1_AISLE_DEV,B,True,True,100,0.7500000000000026,3.5,-1.5707963267948917,forward,False,80c4cf667c945d245b804ca5dc644e37afed50222aca079aff6738806dda7631,forward,13.25
exposure_AISLE_B_b160_n92801,ExposureV3,ART1_AISLE_DEV,B,True,True,101,0.7500000000000038,3.25,-1.5707963267948917,forward,False,95978eff80a5ebeb0679f4026d63020cf68e79244f36427adfe6f022e15a7cfa,forward,13.5
exposure_AISLE_B_b160_n92801,ExposureV3,ART1_AISLE_DEV,B,True,True,102,0.750000000000005,3.0,-1.5707963267948917,forward,False,6c496c993eb24171a539e836a727cb325a8a9958deee3b7012ad0da5213d9a02,forward,13.75
exposure_AISLE_B_b160_n92801,ExposureV3,ART1_AISLE_DEV,B,True,True,103,0.7500000000000062,2.75,-1.5707963267948917,forward,False,a25ab839f434f5586e7fc8ba2b5a43ee6e46a66bd4b857eef03883e0b3ddc083,forward,14.0
exposure_AISLE_B_b160_n92801,ExposureV3,ART1_AISLE_DEV,B,True,True,104,0.7500000000000074,2.5,-1.5707963267948917,forward,False,475680ed740d86cb74178b6172806b491bc6ae0f07e743a7eff7935d571ab007,forward,14.25
exposure_AISLE_B_b160_n92801,ExposureV3,ART1_AISLE_DEV,B,True,True,105,0.7500000000000087,2.25,-1.5707963267948917,forward,False,c0129a345fb127cb66208faffbf65a989939e14ebc21dee580edec12ec5a6c4e,forward,14.5
exposure_AISLE_B_b160_n92801,ExposureV3,ART1_AISLE_DEV,B,True,True,106,0.7500000000000099,2.0,-1.5707963267948917,forward,False,71b245314df90a2b441d9652afd98002227868610cb4227f867e526092572391,forward,14.75
exposure_AISLE_B_b160_n92801,ExposureV3,ART1_AISLE_DEV,B,True,True,107,0.7500000000000111,1.75,-1.5707963267948917,forward,False,89810361344bd364aebaed6e3f327dbff111e97157a43757ef28679be8fd7597,left,15.0
exposure_AISLE_B_b160_n92801,ExposureV3,ART1_AISLE_DEV,B,True,True,108,0.7500000000000111,1.75,-1.047197551196593,turn_left,False,e3bb3635c089ed1f0f73524f9bb603f6921144e2b191796d4e7c223d10c448c7,left,15.0
exposure_AISLE_B_b160_n92801,ExposureV3,ART1_AISLE_DEV,B,True,True,109,0.7500000000000111,1.75,-0.5235987755982943,turn_left,False,4a454a8261d057f78cbe126b48805f157656540732fe0cfea139258e2977d002,left,15.0
exposure_AISLE_B_b160_n92801,ExposureV3,ART1_AISLE_DEV,B,True,True,110,0.7500000000000111,1.75,4.440892098500626e-15,turn_left,False,09d4e0a584c219a2eaad55f77ce65b3bd08058a80ad58de0bcdf6690c3261449,forward,15.0
exposure_AISLE_B_b160_n92801,ExposureV3,ART1_AISLE_DEV,B,True,True,111,1.000000000000011,1.750000000000001,4.440892098500626e-15,forward,False,0e6c2540b5b900629722e2b16d92f156bd0f28d18fc6291427ebace3e19fbdfa,forward,15.25
exposure_AISLE_B_b160_n92801,ExposureV3,ART1_AISLE_DEV,B,True,True,112,1.250000000000011,1.7500000000000022,4.440892098500626e-15,forward,False,7775cbd29793880bb1ef1d8c457ca6608a85986eef35a3d89f0e7c43b979dfff,forward,15.5
exposure_AISLE_B_b160_n92801,ExposureV3,ART1_AISLE_DEV,B,True,True,113,1.500000000000011,1.7500000000000033,4.440892098500626e-15,forward,False,d6859a5872bfc10cddc689e1cf10152a671b133d464969ead17511220c8359c2,forward,15.75
exposure_AISLE_B_b160_n92801,ExposureV3,ART1_AISLE_DEV,B,True,True,114,1.750000000000011,1.7500000000000044,4.440892098500626e-15,forward,False,527fd576bd5a37983bc41e51446b6c749cb8983c4a4ed52f2bedb12b86d94676,forward,16.0
exposure_AISLE_B_b160_n92801,ExposureV3,ART1_AISLE_DEV,B,True,True,115,2.000000000000011,1.7500000000000056,4.440892098500626e-15,forward,False,820a6d325382658f08f87958821791111ea9fc955b99604ef5cf41980fc9979b,forward,16.25
exposure_AISLE_B_b160_n92801,ExposureV3,ART1_AISLE_DEV,B,True,True,116,2.250000000000011,1.7500000000000067,4.440892098500626e-15,forward,False,2f9055b8878d74c31c21250ff822be9382171629f69b4839a513457a9a7f459d,forward,16.5
exposure_AISLE_B_b160_n92801,ExposureV3,ART1_AISLE_DEV,B,True,True,117,2.500000000000011,1.7500000000000078,4.440892098500626e-15,forward,False,25ed857a77805a13bbb1f479cdf8426f91b033bc90bdc8b8bc620e093944081a,forward,16.75
exposure_AISLE_B_b160_n92801,ExposureV3,ART1_AISLE_DEV,B,True,True,118,2.750000000000011,1.7500000000000089,4.440892098500626e-15,forward,False,5a8e3c44acfb799ee595d87d0d8287b1716b35da3eee0129972df40797849259,forward,17.0
exposure_AISLE_B_b160_n92801,ExposureV3,ART1_AISLE_DEV,B,True,True,119,3.000000000000011,1.75000000000001,4.440892098500626e-15,forward,False,a1fda392eecb54d27ccd822085b62cca56a977ac3108de36145d09e523e3b6c9,forward,17.25
exposure_AISLE_B_b160_n92801,ExposureV3,ART1_AISLE_DEV,B,True,True,120,3.250000000000011,1.750000000000011,4.440892098500626e-15,forward,False,e4e821af3fc6028942e1a7b22db24accb169d1a794352ad1130bf86fc2cbb865,forward,17.5
exposure_AISLE_B_b160_n92801,ExposureV3,ART1_AISLE_DEV,B,True,True,121,3.500000000000011,1.7500000000000122,4.440892098500626e-15,forward,False,1431fda645556abd8a4803149deb9317fbbf0c8c0c0839eb7bc0dad197773e7c,forward,17.75
exposure_AISLE_B_b160_n92801,ExposureV3,ART1_AISLE_DEV,B,True,True,122,3.750000000000011,1.7500000000000133,4.440892098500626e-15,forward,False,c5e941b29272e96c69d784feab98ffc8c0429447e407f837a85ac644d2615d7e,forward,18.0
exposure_AISLE_B_b160_n92801,ExposureV3,ART1_AISLE_DEV,B,True,True,123,4.000000000000011,1.7500000000000144,4.440892098500626e-15,forward,False,cace20883c807975c4ef86fdc690522298f05a3f191ece5de3ae96820343ead5,forward,18.25
exposure_AISLE_B_b160_n92801,ExposureV3,ART1_AISLE_DEV,B,True,True,124,4.250000000000011,1.7500000000000155,4.440892098500626e-15,forward,False,a123090f0408fbd8bb20bd37f0a11c561a243b85726900457e882f7f44069009,forward,18.5
exposure_AISLE_B_b160_n92801,ExposureV3,ART1_AISLE_DEV,B,True,True,125,4.500000000000011,1.7500000000000167,4.440892098500626e-15,forward,False,6d8464efe51d5a3aa36c3bccead2eb118c5c88f1a979aab7d76051df582cbe1b,forward,18.75
exposure_AISLE_B_b160_n92801,ExposureV3,ART1_AISLE_DEV,B,True,True,126,4.750000000000011,1.7500000000000178,4.440892098500626e-15,forward,False,e4d12f36b34e3ae7b9ec45102343bc755e26534c77a89e4aca33177cfaa8a5be,left,19.0
exposure_AISLE_B_b160_n92801,ExposureV3,ART1_AISLE_DEV,B,True,True,127,4.750000000000011,1.7500000000000178,0.5235987755983031,turn_left,False,805a7e1365b83bcb9e61ac7f71da27e1f54959b4c1fe8174f2564f7fd24464de,left,19.0
exposure_AISLE_B_b160_n92801,ExposureV3,ART1_AISLE_DEV,B,True,True,128,4.750000000000011,1.7500000000000178,1.0471975511966019,turn_left,False,bb57dcb315186fc6c08105ce4c8345b06e989373e349ae686e79cde5a591fc1c,left,19.0
exposure_AISLE_B_b160_n92801,ExposureV3,ART1_AISLE_DEV,B,True,True,129,4.750000000000011,1.7500000000000178,1.5707963267949,turn_left,False,4e074900cba831c7881be2568eab7d844c46f9cf5eb288c5b5e30dc4f6ab69d9,observe,19.0
exposure_AISLE_B_b160_n92801,ExposureV3,ART1_AISLE_DEV,B,True,True,130,4.750000000000011,1.7500000000000178,1.5707963267949,observe,False,4fc5ad8dba33b4bf8fad903653db62beec33e2aba69594c92955bf1ec95c5034,left,19.0
exposure_AISLE_B_b160_n92801,ExposureV3,ART1_AISLE_DEV,B,True,True,131,4.750000000000011,1.7500000000000178,2.0943951023931984,turn_left,False,59a385698350689cee9a77bec52ae1bee71fe36a431290f7e8dcb4d879daab9c,left,19.0
exposure_AISLE_B_b160_n92801,ExposureV3,ART1_AISLE_DEV,B,True,True,132,4.750000000000011,1.7500000000000178,2.6179938779914966,turn_left,False,b6598ba12babaa3209802fd9634e971c38bfb87f422e0ce083e72af5857c6c8a,observe,19.0
exposure_AISLE_B_b160_n92801,ExposureV3,ART1_AISLE_DEV,B,True,True,133,4.750000000000011,1.7500000000000178,2.6179938779914966,observe,False,0235d69ef02de2dfdeea278f9dbe86cc812b2a3439ae3ec9593e58951de7a107,left,19.0
exposure_AISLE_B_b160_n92801,ExposureV3,ART1_AISLE_DEV,B,True,True,134,4.750000000000011,1.7500000000000178,-3.1415926535897913,turn_left,False,902d68932401f6652e3fc6909242d633c2bf50b865815d4d238463a5d571f514,forward,19.0
exposure_AISLE_B_b160_n92801,ExposureV3,ART1_AISLE_DEV,B,True,True,135,4.500000000000011,1.7500000000000173,-3.1415926535897913,forward,False,20f519eb557fca0eeaa5757d79c2f621f408f3f0a704d77e5c48557ce4d3e8d7,forward,19.25
exposure_AISLE_B_b160_n92801,ExposureV3,ART1_AISLE_DEV,B,True,True,136,4.250000000000011,1.7500000000000169,-3.1415926535897913,forward,False,ecca4b793c3c52afaa5b915bf37f49d1ae7107ee69230b28ca0a17d8a77f7a7e,forward,19.5
exposure_AISLE_B_b160_n92801,ExposureV3,ART1_AISLE_DEV,B,True,True,137,4.000000000000011,1.7500000000000164,-3.1415926535897913,forward,False,b2c87f2b76ac0e936377cec2f0b6d3d5eae6794367fd410ca1581f719ab9b84f,forward,19.75
exposure_AISLE_B_b160_n92801,ExposureV3,ART1_AISLE_DEV,B,True,True,138,3.7500000000000107,1.750000000000016,-3.1415926535897913,forward,False,adf79feba0576eadebd61d1ce1e2fbf4c72ab1278c3b135874daf0aa1592e430,forward,20.0
exposure_AISLE_B_b160_n92801,ExposureV3,ART1_AISLE_DEV,B,True,True,139,3.5000000000000107,1.7500000000000155,-3.1415926535897913,forward,False,d76643e79f05828852c16c383ae9ee553e30a014ea3fbb0e9174b59c5e60f8ff,forward,20.25
exposure_AISLE_B_b160_n92801,ExposureV3,ART1_AISLE_DEV,B,True,True,140,3.2500000000000107,1.750000000000015,-3.1415926535897913,forward,False,767f6d30cb85c46b5457e9697f28996f15aa17bb575b439f1f3427486a01bf68,forward,20.5
exposure_AISLE_B_b160_n92801,ExposureV3,ART1_AISLE_DEV,B,True,True,141,3.0000000000000107,1.7500000000000147,-3.1415926535897913,forward,False,406a0137c84f3ab7eb52ef8752affb6a14fcc84587066a91e9c334ec5955214c,forward,20.75
exposure_AISLE_B_b160_n92801,ExposureV3,ART1_AISLE_DEV,B,True,True,142,2.7500000000000107,1.7500000000000142,-3.1415926535897913,forward,False,fb22285bcb0856e9ce2c4174dbd43812f58d06125e8efdd6bfe2ed2a2e63f7b8,forward,21.0
exposure_AISLE_B_b160_n92801,ExposureV3,ART1_AISLE_DEV,B,True,True,143,2.5000000000000107,1.7500000000000138,-3.1415926535897913,forward,False,de644d2deb6e43fa7f06e72898880268febc7243d16abf495718174f0f562ce0,forward,21.25
exposure_AISLE_B_b160_n92801,ExposureV3,ART1_AISLE_DEV,B,True,True,144,2.2500000000000107,1.7500000000000133,-3.1415926535897913,forward,False,fc7178411e10e00646bbca09ab68a733c011c0b82aab360a53fc186bf142ca79,forward,21.5
exposure_AISLE_B_b160_n92801,ExposureV3,ART1_AISLE_DEV,B,True,True,145,2.0000000000000107,1.7500000000000129,-3.1415926535897913,forward,False,46f8ff7420ad6434d2ffdf3bd29958e724776fec925d6b618a395e6b8b6f4090,forward,21.75
exposure_AISLE_B_b160_n92801,ExposureV3,ART1_AISLE_DEV,B,True,True,146,1.7500000000000107,1.7500000000000124,-3.1415926535897913,forward,False,3d7b8187575f51cfe49f564d9aefe3d1a8c1a1ea5113d55195e26bc3bcac0281,forward,22.0
exposure_AISLE_B_b160_n92801,ExposureV3,ART1_AISLE_DEV,B,True,True,147,1.5000000000000107,1.750000000000012,-3.1415926535897913,forward,False,4e3ababccda9ea9a5665081f4468f55aaede694dc0746d4031db59775310b048,forward,22.25
exposure_AISLE_B_b160_n92801,ExposureV3,ART1_AISLE_DEV,B,True,True,148,1.2500000000000107,1.7500000000000115,-3.1415926535897913,forward,False,fef16c072b00c0749f1b17805c992148f9485607b46d565ccde9a51466dfeca4,forward,22.5
exposure_AISLE_B_b160_n92801,ExposureV3,ART1_AISLE_DEV,B,True,True,149,1.0000000000000107,1.750000000000011,-3.1415926535897913,forward,False,cef6cb023f2bf3a58cc8e05e746ffa293880b4c85ff985786f4471aee0fdf59a,forward,22.75
exposure_AISLE_B_b160_n92801,ExposureV3,ART1_AISLE_DEV,B,True,True,150,0.7500000000000107,1.7500000000000107,-3.1415926535897913,forward,False,937554fa10e6e6198090b6bc1fb6b4680480eeab30cec1217ee06bc715914511,left,23.0
exposure_AISLE_B_b160_n92801,ExposureV3,ART1_AISLE_DEV,B,True,True,151,0.7500000000000107,1.7500000000000107,-2.6179938779914926,turn_left,False,f520a86e6dad5be471e2e471f08e185a447421833a75b2d0a47e37d958365d86,left,23.0
exposure_AISLE_B_b160_n92801,ExposureV3,ART1_AISLE_DEV,B,True,True,152,0.7500000000000107,1.7500000000000107,-2.094395102393194,turn_left,False,0fdc1942358c028b54c99a5f0e0f0385b64095f2eb477f460a31e33ac5fdab95,left,23.0
exposure_AISLE_B_b160_n92801,ExposureV3,ART1_AISLE_DEV,B,True,True,153,0.7500000000000107,1.7500000000000107,-1.5707963267948952,turn_left,False,43dadd42171d5ef207747c2d6be0d4f056445cdc9240dc80114a408391a6a1a4,forward,23.0
exposure_AISLE_B_b160_n92801,ExposureV3,ART1_AISLE_DEV,B,True,True,154,0.750000000000011,1.5000000000000107,-1.5707963267948952,forward,False,e8aef7022fed61151700519285f72a88131f5f98ad05dfbf347d2895e3147300,forward,23.25
exposure_AISLE_B_b160_n92801,ExposureV3,ART1_AISLE_DEV,B,True,True,155,0.7500000000000113,1.2500000000000107,-1.5707963267948952,forward,False,fc5551a3093af4905bef23600ca11f4684fc97592b91200b4c682a3a210f7410,forward,23.5
exposure_AISLE_B_b160_n92801,ExposureV3,ART1_AISLE_DEV,B,True,True,156,0.7500000000000117,1.0000000000000107,-1.5707963267948952,forward,False,24b45e24b2729b8c8331d10d8ba3bc466ad9c4f431f703212ddf4429fe9f8534,forward,23.75
exposure_AISLE_B_b160_n92801,ExposureV3,ART1_AISLE_DEV,B,True,True,157,0.750000000000012,0.7500000000000107,-1.5707963267948952,forward,False,2600d942a922d9656ef8434dea0cf4d47048652ff429ad701e82d4113b9661c9,left,24.0
exposure_AISLE_B_b160_n92801,ExposureV3,ART1_AISLE_DEV,B,True,True,158,0.750000000000012,0.7500000000000107,-1.0471975511965965,turn_left,False,152b70048e181da32b5849db633bbc7d423f1eadc34b864a08a9ffc9efefbcca,left,24.0
exposure_AISLE_B_b160_n92801,ExposureV3,ART1_AISLE_DEV,B,True,True,159,0.750000000000012,0.7500000000000107,-0.5235987755982978,turn_left,False,990b8fd17daa09d87f649c79fc8ec2277884d1ff438f6fc50fdc2b76ffa5532d,left,24.0
exposure_AISLE_B_b160_n92801,ExposureV3,ART1_AISLE_DEV,B,True,True,160,0.750000000000012,0.7500000000000107,8.881784197001252e-16,turn_left,False,4a55f7473b47f97c9b06150339b0ca7ca69fa0e925ea13b65ac9411b8b588aa7,stop,24.0
ground_AISLE_G_b160_n92801,GroundV2,ART1_AISLE_DEV,G,True,True,0,0.75,0.75,0.0,initial_observation,False,7c29db2eb1533f1fe702452a0409f66f1038dfcd215c315b6f57fd2b98b75be4,forward,0.0
ground_AISLE_G_b160_n92801,GroundV2,ART1_AISLE_DEV,G,True,True,1,1.0,0.75,0.0,forward,False,33b55edc0ab7f623d17aaf5b0f85a1c76b151bd6b2b557b147dfdff980e5c432,forward,0.25
ground_AISLE_G_b160_n92801,GroundV2,ART1_AISLE_DEV,G,True,True,2,1.25,0.75,0.0,forward,False,d3532940a4263d3b134c4aefccff464f84f52658cb1a3d5e4ce8138118130ce0,forward,0.5
ground_AISLE_G_b160_n92801,GroundV2,ART1_AISLE_DEV,G,True,True,3,1.5,0.75,0.0,forward,False,3f9feb64411cd9d0c42d3a7f802d33a7c031bba512f6eecc9428653f031089f7,forward,0.75
ground_AISLE_G_b160_n92801,GroundV2,ART1_AISLE_DEV,G,True,True,4,1.75,0.75,0.0,forward,False,75f5c23cef444f6d7a13743fc07eb58a562979c2792ac3ed66137439374ccc38,left,1.0
ground_AISLE_G_b160_n92801,GroundV2,ART1_AISLE_DEV,G,True,True,5,1.75,0.75,0.5235987755982987,turn_left,False,61e70dca84168c372bd662fa179d56b5730bb40e45228a02f572807aff2ecbb7,observe,1.0
ground_AISLE_G_b160_n92801,GroundV2,ART1_AISLE_DEV,G,True,True,6,1.75,0.75,0.5235987755982987,observe,False,8ec3ca24b9279d8f6200e34e83e8d9fd8e0497aaf2bb1a5662e3caa24e3c742f,right,1.0
ground_AISLE_G_b160_n92801,GroundV2,ART1_AISLE_DEV,G,True,True,7,1.75,0.75,0.0,turn_right,False,a4f402b856ab631953b0f169de41576d4190c7181afba88dab69833789eef3b8,forward,1.0
ground_AISLE_G_b160_n92801,GroundV2,ART1_AISLE_DEV,G,True,True,8,2.0,0.75,0.0,forward,False,e4bc53f7a51b8c1c01450f79a0da5cb9351fe22adbf08564bfd3cec9559c1191,forward,1.25
ground_AISLE_G_b160_n92801,GroundV2,ART1_AISLE_DEV,G,True,True,9,2.25,0.75,0.0,forward,False,0034422eea30e2df2e72e06b740d4f8e1a756a689129c58c11a29e8c9fbe1342,forward,1.5
ground_AISLE_G_b160_n92801,GroundV2,ART1_AISLE_DEV,G,True,True,10,2.5,0.75,0.0,forward,False,ae665d394b1a0478561c6a8d32dfd2c3588204a63147b2b9e2fb08ab103f312a,forward,1.75
ground_AISLE_G_b160_n92801,GroundV2,ART1_AISLE_DEV,G,True,True,11,2.75,0.75,0.0,forward,False,c9d5bd6b4f570f05e0aa5be5b631ff53cc91c874bb9c56c1263015849d0e9e30,left,2.0
ground_AISLE_G_b160_n92801,GroundV2,ART1_AISLE_DEV,G,True,True,12,2.75,0.75,0.5235987755982987,turn_left,False,e15bece8590418827f61bb12c09afd21c2488e733c9bc7ef6d1e429bc08b1175,observe,2.0
ground_AISLE_G_b160_n92801,GroundV2,ART1_AISLE_DEV,G,True,True,13,2.75,0.75,0.5235987755982987,observe,False,710571cca4100404ec899703c20937f8e5fd169b3fbeab489d940b703ec633ec,left,2.0
ground_AISLE_G_b160_n92801,GroundV2,ART1_AISLE_DEV,G,True,True,14,2.75,0.75,1.0471975511965974,turn_left,False,1d2845b78cdf047d223f5e9b52d24daa7fcecd1475f20c2a7be36ee6becdb8a1,left,2.0
ground_AISLE_G_b160_n92801,GroundV2,ART1_AISLE_DEV,G,True,True,15,2.75,0.75,1.5707963267948966,turn_left,False,15a14b307aa3e9aac4a1b40d367769d7752c5fdd9725d3e454727bc430e1671a,forward,2.0
ground_AISLE_G_b160_n92801,GroundV2,ART1_AISLE_DEV,G,True,True,16,2.75,1.0,1.5707963267948966,forward,False,1277d1ef203b62b9b8f90e3ee90343ffcac2fd9d1023b0679e992e756326d41b,forward,2.25
ground_AISLE_G_b160_n92801,GroundV2,ART1_AISLE_DEV,G,True,True,17,2.75,1.25,1.5707963267948966,forward,False,7bafbd13615a096b4b6d7bc0d16926da2fe601846e0a4eaccc19d25a53d5b5a3,forward,2.5
ground_AISLE_G_b160_n92801,GroundV2,ART1_AISLE_DEV,G,True,True,18,2.75,1.5,1.5707963267948966,forward,False,75982168c2797f42d072465bc9e73de360c31a4da2913c9c857583d3e80922fa,forward,2.75
ground_AISLE_G_b160_n92801,GroundV2,ART1_AISLE_DEV,G,True,True,19,2.75,1.75,1.5707963267948966,forward,False,b659385706db6da3bdfce0243c87c6755a9cfc712f6219142e2b145094d13e89,left,3.0
ground_AISLE_G_b160_n92801,GroundV2,ART1_AISLE_DEV,G,True,True,20,2.75,1.75,2.094395102393195,turn_left,False,97aec819963732adaa9ba0ce61ff87f4d8fd6a5a83a1185fef3ded9fbe6ca9ec,left,3.0
ground_AISLE_G_b160_n92801,GroundV2,ART1_AISLE_DEV,G,True,True,21,2.75,1.75,2.617993877991493,turn_left,False,91dbf1fb0d9ebb8930205a4c7771e3705318bf4b70546dfd47180bd21c77a17f,left,3.0
ground_AISLE_G_b160_n92801,GroundV2,ART1_AISLE_DEV,G,True,True,22,2.75,1.75,3.1415926535897913,turn_left,False,420f454fbfc9a7b744a3e34f5651bc759cfceebb78f4546ad9d9ca0a2cbf601d,forward,3.0
ground_AISLE_G_b160_n92801,GroundV2,ART1_AISLE_DEV,G,True,True,23,2.5,1.7500000000000004,3.1415926535897913,forward,False,242bc000899b2cd03308adf54d38725ad458d1186b1a6299670a590864a30fba,forward,3.25
ground_AISLE_G_b160_n92801,GroundV2,ART1_AISLE_DEV,G,True,True,24,2.25,1.7500000000000009,3.1415926535897913,forward,False,5769db1f6101fd5e621f89cf6d530d7abf76b848ff1dac4aba05b4598e8ce83f,forward,3.5
ground_AISLE_G_b160_n92801,GroundV2,ART1_AISLE_DEV,G,True,True,25,2.0,1.7500000000000013,3.1415926535897913,forward,False,19eca7fa1b03213f62cfe2dea206a52198de5a3512c0107549a21246c0bfa9a7,forward,3.75
ground_AISLE_G_b160_n92801,GroundV2,ART1_AISLE_DEV,G,True,True,26,1.75,1.7500000000000018,3.1415926535897913,forward,False,810165c1dc4c237298f3d802a60ce9d3551e0e914fb70bb915eb7c8d7b7e1701,observe,4.0
ground_AISLE_G_b160_n92801,GroundV2,ART1_AISLE_DEV,G,True,True,27,1.75,1.7500000000000018,3.1415926535897913,observe,False,8b30164211ddad7fd1efa52d73e04cbbf4d69c985423d9b46780daf0bb3dd2b2,forward,4.0
ground_AISLE_G_b160_n92801,GroundV2,ART1_AISLE_DEV,G,True,True,28,1.5,1.7500000000000022,3.1415926535897913,forward,False,cfbcb6fd520505b01c944a8be087b5a836ddaa2ba462d60d01d3fa0a0357a7bd,forward,4.25
ground_AISLE_G_b160_n92801,GroundV2,ART1_AISLE_DEV,G,True,True,29,1.25,1.7500000000000027,3.1415926535897913,forward,False,7d396f959ac796f7091f9b546a484417dbd030ee7f0da24d409c2b73db843198,forward,4.5
ground_AISLE_G_b160_n92801,GroundV2,ART1_AISLE_DEV,G,True,True,30,1.0,1.750000000000003,3.1415926535897913,forward,False,58d73cd204ea734593ead3be19d51d8fa37ff43c5094bb11e3fb99d52d34468c,forward,4.75
ground_AISLE_G_b160_n92801,GroundV2,ART1_AISLE_DEV,G,True,True,31,0.75,1.7500000000000036,3.1415926535897913,forward,False,df2bf466e2bfe6cca17dbb611a7a5e6b701f9ca5810185cc5bee94d576a00f20,left,5.0
ground_AISLE_G_b160_n92801,GroundV2,ART1_AISLE_DEV,G,True,True,32,0.75,1.7500000000000036,-2.6179938779914966,turn_left,False,7d320e1c305c25209007e32d78bb7bcad24372b7f67eb685d5e3897300d76559,left,5.0
ground_AISLE_G_b160_n92801,GroundV2,ART1_AISLE_DEV,G,True,True,33,0.75,1.7500000000000036,-2.094395102393198,turn_left,False,eddde379048097349b7cd75e68a59d3562d72c227753aeaffd0852d0a3a8e719,left,5.0
ground_AISLE_G_b160_n92801,GroundV2,ART1_AISLE_DEV,G,True,True,34,0.75,1.7500000000000036,-1.5707963267948992,turn_left,False,277de98d1a592b0c7e2a498a437aff6a9afa679c928bf1469f600a4b3e41d984,forward,5.0
ground_AISLE_G_b160_n92801,GroundV2,ART1_AISLE_DEV,G,True,True,35,0.7499999999999993,1.5000000000000036,-1.5707963267948992,forward,False,60402bcc46434257bf1535eb32719f834e61f8aa9c60de2c25bb989126366446,forward,5.25
ground_AISLE_G_b160_n92801,GroundV2,ART1_AISLE_DEV,G,True,True,36,0.7499999999999987,1.2500000000000036,-1.5707963267948992,forward,False,6d9f058abfe7ad7bd202605eff8bc446b759dcb9709171094b5c2fb6a8295b3e,forward,5.5
ground_AISLE_G_b160_n92801,GroundV2,ART1_AISLE_DEV,G,True,True,37,0.749999999999998,1.0000000000000036,-1.5707963267948992,forward,False,3f6a07ac7823f3e637cd278271ef56788eccb8dc90506b1329b8bd1e6cfa2d69,forward,5.75
ground_AISLE_G_b160_n92801,GroundV2,ART1_AISLE_DEV,G,True,True,38,0.7499999999999973,0.7500000000000036,-1.5707963267948992,forward,False,a31c6d9256856158b50539aec55cf95b1b2a1f96898f502bd62c1a2ecf58a122,left,6.0
ground_AISLE_G_b160_n92801,GroundV2,ART1_AISLE_DEV,G,True,True,39,0.7499999999999973,0.7500000000000036,-1.0471975511966005,turn_left,False,8039ec04d0f8d6e6f51804776d513606b656d4191efebd0268339b95f2b983ef,left,6.0
ground_AISLE_G_b160_n92801,GroundV2,ART1_AISLE_DEV,G,True,True,40,0.7499999999999973,0.7500000000000036,-0.5235987755983018,turn_left,False,72d92d83553fbd54ce64dd42c53c3eaaf7c8dc6648caeb7356e1c37ea05308f5,left,6.0
ground_AISLE_G_b160_n92801,GroundV2,ART1_AISLE_DEV,G,True,True,41,0.7499999999999973,0.7500000000000036,-3.1086244689504383e-15,turn_left,False,90af038d1a4cfb46441c8c4f492553f5a40d8e848ffa9c6c301c895d2562a7ed,left,6.0
ground_AISLE_G_b160_n92801,GroundV2,ART1_AISLE_DEV,G,True,True,42,0.7499999999999973,0.7500000000000036,0.5235987755982956,turn_left,False,6e51847d2d058ae90d699867c68b88075edece63d2dca8e4fb45c30ad084d352,left,6.0
ground_AISLE_G_b160_n92801,GroundV2,ART1_AISLE_DEV,G,True,True,43,0.7499999999999973,0.7500000000000036,1.0471975511965947,turn_left,False,a9b6e056c982dbd7cd36d369e9693839c2420195b2c071bb65ae4edd3a076f3f,observe,6.0
ground_AISLE_G_b160_n92801,GroundV2,ART1_AISLE_DEV,G,True,True,44,0.7499999999999973,0.7500000000000036,1.0471975511965947,observe,False,4c147219c20d6fc1723a6bbd6977d1022255796fa0247c28d062848174c4c585,left,6.0
ground_AISLE_G_b160_n92801,GroundV2,ART1_AISLE_DEV,G,True,True,45,0.7499999999999973,0.7500000000000036,1.570796326794893,turn_left,False,35dd1ea550de27b7a0c9169a782b8523296fb3dfafc376ef71153dcd62bf48ec,forward,6.0
ground_AISLE_G_b160_n92801,GroundV2,ART1_AISLE_DEV,G,True,True,46,0.7499999999999982,1.0000000000000036,1.570796326794893,forward,False,20a7007d858010cc081555883931cc8365259b0dd635ac5fd229b80ce78b308b,forward,6.25
ground_AISLE_G_b160_n92801,GroundV2,ART1_AISLE_DEV,G,True,True,47,0.7499999999999991,1.2500000000000036,1.570796326794893,forward,False,16460682d0655bcae8632ea893415831b72614d18bf891ba89411f5ca7829d45,forward,6.5
ground_AISLE_G_b160_n92801,GroundV2,ART1_AISLE_DEV,G,True,True,48,0.75,1.5000000000000036,1.570796326794893,forward,False,1192fc9be419d4da66bb8ca9a431d2e5f06a89c1000e25e7039fddd15c6aba3c,forward,6.75
ground_AISLE_G_b160_n92801,GroundV2,ART1_AISLE_DEV,G,True,True,49,0.7500000000000009,1.7500000000000036,1.570796326794893,forward,False,72c5615959d275abcc67814cd0440315e712d344035c78da2bffe26a4310ae59,forward,7.0
ground_AISLE_G_b160_n92801,GroundV2,ART1_AISLE_DEV,G,True,True,50,0.7500000000000018,2.0000000000000036,1.570796326794893,forward,False,8d976bea0cf4241b6eefbadb05cc46b7361e1b10964acdc39014815ff6a55eb9,forward,7.25
ground_AISLE_G_b160_n92801,GroundV2,ART1_AISLE_DEV,G,True,True,51,0.7500000000000027,2.2500000000000036,1.570796326794893,forward,False,cd9ea1d33d6633cd516c5ab9d633156be219bd5aa0c960fc249fbfa7b9a55d3e,forward,7.5
ground_AISLE_G_b160_n92801,GroundV2,ART1_AISLE_DEV,G,True,True,52,0.7500000000000036,2.5000000000000036,1.570796326794893,forward,False,6b37b7b85e7c425aec7e364c679bc596f1c88082767c79b57c30f6c3027718fc,forward,7.75
ground_AISLE_G_b160_n92801,GroundV2,ART1_AISLE_DEV,G,True,True,53,0.7500000000000044,2.7500000000000036,1.570796326794893,forward,False,16a5e451a02fbcc0f2e4436fcb798066e8d8d23d4ca3b2ccb8dbc554a762c1b7,forward,8.0
ground_AISLE_G_b160_n92801,GroundV2,ART1_AISLE_DEV,G,True,True,54,0.7500000000000053,3.0000000000000036,1.570796326794893,forward,False,5ac2acc462c61767340c4afbefc8c17ed457bce81565d78eb0c1ab37ff9be749,forward,8.25
ground_AISLE_G_b160_n92801,GroundV2,ART1_AISLE_DEV,G,True,True,55,0.7500000000000062,3.2500000000000036,1.570796326794893,forward,False,43138fec455009d36b96656931ec1e86685b227e40b251a6b5076fd047d5a149,forward,8.5
ground_AISLE_G_b160_n92801,GroundV2,ART1_AISLE_DEV,G,True,True,56,0.7500000000000071,3.5000000000000036,1.570796326794893,forward,False,6675411b905c23a634ca9aa51ec9359494639858e16b127823a181b06ed19f02,forward,8.75
ground_AISLE_G_b160_n92801,GroundV2,ART1_AISLE_DEV,G,True,True,57,0.750000000000008,3.7500000000000036,1.570796326794893,forward,False,e7c2991e0e3c6235d54742a36f841c86b506ce402a252bf00bca94a75d935bab,right,9.0
ground_AISLE_G_b160_n92801,GroundV2,ART1_AISLE_DEV,G,True,True,58,0.750000000000008,3.7500000000000036,1.0471975511965947,turn_right,False,aa303bba9bfe9b44515ed43bd9114760cab02a677ce781245cea077e0693855e,right,9.0
ground_AISLE_G_b160_n92801,GroundV2,ART1_AISLE_DEV,G,True,True,59,0.750000000000008,3.7500000000000036,0.523598775598296,turn_right,False,eebfb0f6e93236ecf4d4bb1984b7bb3373795ed9cdc24b3e6b5acf5633024eea,observe,9.0
ground_AISLE_G_b160_n92801,GroundV2,ART1_AISLE_DEV,G,True,True,60,0.750000000000008,3.7500000000000036,0.523598775598296,observe,False,7527a81477977af9011b520d4e588ed6302c42850d6ef53c0e9eb98a663d4050,right,9.0
ground_AISLE_G_b160_n92801,GroundV2,ART1_AISLE_DEV,G,True,True,61,0.750000000000008,3.7500000000000036,-2.6645352591003757e-15,turn_right,False,415d44898e344b93b19fe57da627924a5ef4bc355a48cb36e183faaa1f573e94,right,9.0
ground_AISLE_G_b160_n92801,GroundV2,ART1_AISLE_DEV,G,True,True,62,0.750000000000008,3.7500000000000036,-0.5235987755983014,turn_right,False,329d3a1a444c1eff357c04cb5e1f751b0a8493acde578e23797ba881fc90e5ca,observe,9.0
ground_AISLE_G_b160_n92801,GroundV2,ART1_AISLE_DEV,G,True,True,63,0.750000000000008,3.7500000000000036,-0.5235987755983014,observe,False,3a5b3b2e6ef5b1089a142d51f95f4616a985be65e972a5cf1fc71b5dd67b0a25,left,9.0
ground_AISLE_G_b160_n92801,GroundV2,ART1_AISLE_DEV,G,True,True,64,0.750000000000008,3.7500000000000036,-2.6645352591003757e-15,turn_left,False,312068e6c7c6eac0af99969c2dc8014c894f84b2156928f94392953b264c2c8f,forward,9.0
ground_AISLE_G_b160_n92801,GroundV2,ART1_AISLE_DEV,G,True,True,65,1.000000000000008,3.7500000000000027,-2.6645352591003757e-15,forward,False,9bc6d521d2adb55db33975fdc5542003f49b7f41f28f32f31ebe39c5bdebd8ce,forward,9.25
ground_AISLE_G_b160_n92801,GroundV2,ART1_AISLE_DEV,G,True,True,66,1.250000000000008,3.7500000000000018,-2.6645352591003757e-15,forward,False,4e94cc8a39df348bb47e8b1a51f33508c47452046d411193ec5b8727176b2020,forward,9.5
ground_AISLE_G_b160_n92801,GroundV2,ART1_AISLE_DEV,G,True,True,67,1.500000000000008,3.750000000000001,-2.6645352591003757e-15,forward,False,3910c13fa82da36b475c4e0dc088731a05db5c2e35be6d1829d743d3d57dc755,forward,9.75
ground_AISLE_G_b160_n92801,GroundV2,ART1_AISLE_DEV,G,True,True,68,1.750000000000008,3.75,-2.6645352591003757e-15,forward,False,775bdcf92a5da7d80423d098bafd7e2e27815aa580fa0dd49f8a86e497cfbb60,right,10.0
ground_AISLE_G_b160_n92801,GroundV2,ART1_AISLE_DEV,G,True,True,69,1.750000000000008,3.75,-0.5235987755983014,turn_right,False,f0504761fc3cf306b7a3966957e7d2e0df31fc10520641d0784fee594c58fa4e,observe,10.0
ground_AISLE_G_b160_n92801,GroundV2,ART1_AISLE_DEV,G,True,True,70,1.750000000000008,3.75,-0.5235987755983014,observe,False,0a4aa64a8e4f888ad7e70cdc70eeeeceb39051b1f26e9a3ea23a07a027a6a806,left,10.0
ground_AISLE_G_b160_n92801,GroundV2,ART1_AISLE_DEV,G,True,True,71,1.750000000000008,3.75,-2.6645352591003757e-15,turn_left,False,5bc9efe62f783fbc643a4e05bf6967cf4bd461bcdf1317e007b715b5bed5a225,forward,10.0
ground_AISLE_G_b160_n92801,GroundV2,ART1_AISLE_DEV,G,True,True,72,2.000000000000008,3.749999999999999,-2.6645352591003757e-15,forward,False,421c4e2f6edd714bef6e38d9a12ca9226156699843cf45a47c8d636050ef4122,forward,10.25
ground_AISLE_G_b160_n92801,GroundV2,ART1_AISLE_DEV,G,True,True,73,2.250000000000008,3.7499999999999982,-2.6645352591003757e-15,forward,False,a311f7a823bba2accda03683c1463100c4a077777791f44521a51a5800fdc062,forward,10.5
ground_AISLE_G_b160_n92801,GroundV2,ART1_AISLE_DEV,G,True,True,74,2.500000000000008,3.7499999999999973,-2.6645352591003757e-15,forward,False,55432dd8c1888e6ec26e156eee584a89eb6a63d4a30d15b26097b6cbf7ee81a4,forward,10.75
ground_AISLE_G_b160_n92801,GroundV2,ART1_AISLE_DEV,G,True,True,75,2.750000000000008,3.7499999999999964,-2.6645352591003757e-15,forward,False,0ff93c229f22f4d3a94d6fdc73285bda9456793d6947504a448e4db344886ec3,observe,11.0
ground_AISLE_G_b160_n92801,GroundV2,ART1_AISLE_DEV,G,True,True,76,2.750000000000008,3.7499999999999964,-2.6645352591003757e-15,observe,False,839c3c24b83caa8b7cdd614cf0cfb799faf1c3016c6cc9bab6022bae60966715,left,11.0
ground_AISLE_G_b160_n92801,GroundV2,ART1_AISLE_DEV,G,True,True,77,2.750000000000008,3.7499999999999964,0.523598775598296,turn_left,False,3b52e1c68b9bcd58e50012c81202988744db4053c2cb3da92d1a260b8f32883a,left,11.0
ground_AISLE_G_b160_n92801,GroundV2,ART1_AISLE_DEV,G,True,True,78,2.750000000000008,3.7499999999999964,1.0471975511965947,turn_left,False,add4066f3c7313e22dc0662e9e574ee0a7d25caacd30055500d675dd0dc9793c,left,11.0
ground_AISLE_G_b160_n92801,GroundV2,ART1_AISLE_DEV,G,True,True,79,2.750000000000008,3.7499999999999964,1.570796326794893,turn_left,False,905a1265cf523031fa2cbe3803b0c15b8ab8ad35ae366f7a9d0f7346e23a31e8,left,11.0
ground_AISLE_G_b160_n92801,GroundV2,ART1_AISLE_DEV,G,True,True,80,2.750000000000008,3.7499999999999964,2.0943951023931913,turn_left,False,369ece50e11334f47df5fc51bef47d910a07d770f4271e90ea1dcfaa1850d7a2,left,11.0
ground_AISLE_G_b160_n92801,GroundV2,ART1_AISLE_DEV,G,True,True,81,2.750000000000008,3.7499999999999964,2.6179938779914895,turn_left,False,ab0cc20f48c529f93309d088e3c68516f29f121d47dcab600b7d2f6eb18cb73e,left,11.0
ground_AISLE_G_b160_n92801,GroundV2,ART1_AISLE_DEV,G,True,True,82,2.750000000000008,3.7499999999999964,3.141592653589788,turn_left,False,13f0c6c765017feb27c1ca2b117cbc46dbcaca477090193ba39818b22787a06a,forward,11.0
ground_AISLE_G_b160_n92801,GroundV2,ART1_AISLE_DEV,G,True,True,83,2.500000000000008,3.749999999999998,3.141592653589788,forward,False,c0f4bc9136101d807d04f79a62cefdb67c4f55eaa3c48a80b4c7f37fe98eb329,forward,11.25
ground_AISLE_G_b160_n92801,GroundV2,ART1_AISLE_DEV,G,True,True,84,2.250000000000008,3.749999999999999,3.141592653589788,forward,False,8ef6eda6df19ae3f443378d97f880972b5d160333e6c4ccaec796158f0435b07,forward,11.5
ground_AISLE_G_b160_n92801,GroundV2,ART1_AISLE_DEV,G,True,True,85,2.000000000000008,3.7500000000000004,3.141592653589788,forward,False,b6ef92236ccb559cc3dd0183ac57bd91be0aea77ef0e3462f72427765d723564,forward,11.75
ground_AISLE_G_b160_n92801,GroundV2,ART1_AISLE_DEV,G,True,True,86,1.750000000000008,3.7500000000000018,3.141592653589788,forward,False,b935767b00a7d7df55bcb028cf48834111f8a6c5a82827f90fdeff87f6aefa2e,forward,12.0
ground_AISLE_G_b160_n92801,GroundV2,ART1_AISLE_DEV,G,True,True,87,1.500000000000008,3.750000000000003,3.141592653589788,forward,False,afbfe69eb3344ebe3d8def808c428ec658fce59e4a72f2a05a8d38e3b577e38b,forward,12.25
ground_AISLE_G_b160_n92801,GroundV2,ART1_AISLE_DEV,G,True,True,88,1.250000000000008,3.7500000000000044,3.141592653589788,forward,False,8f4cb23ff98e995e79717a6c0333e6388703a3b1bc5f6961c54a73604c07e873,forward,12.5
ground_AISLE_G_b160_n92801,GroundV2,ART1_AISLE_DEV,G,True,True,89,1.000000000000008,3.7500000000000058,3.141592653589788,forward,False,ec664090342fb3c1d0157aea026c612e2f883049fae2ac00439a3107e4e63d69,forward,12.75
ground_AISLE_G_b160_n92801,GroundV2,ART1_AISLE_DEV,G,True,True,90,0.750000000000008,3.750000000000007,3.141592653589788,forward,False,e52af8d676c235f0c317d4cad1c234ea6090d59c3a4bbb83a14b14e374213857,right,13.0
ground_AISLE_G_b160_n92801,GroundV2,ART1_AISLE_DEV,G,True,True,91,0.750000000000008,3.750000000000007,2.6179938779914895,turn_right,False,a5ce7280bdb1a0c0e21e596cd98883e276cc946da38f3e9aa251cdc01fcea425,right,13.0
ground_AISLE_G_b160_n92801,GroundV2,ART1_AISLE_DEV,G,True,True,92,0.750000000000008,3.750000000000007,2.0943951023931913,turn_right,False,e6d264ffc347c152324c5af2142cf1c5960ba91e0491d9c2e6395491ea902d01,right,13.0
ground_AISLE_G_b160_n92801,GroundV2,ART1_AISLE_DEV,G,True,True,93,0.750000000000008,3.750000000000007,1.570796326794893,turn_right,False,3f2d781564c6b5ea9e555a7d0bc46f1aeca0c87708d67b8fe383eb93fa6d3ae5,forward,13.0
ground_AISLE_G_b160_n92801,GroundV2,ART1_AISLE_DEV,G,True,True,94,0.7500000000000089,4.000000000000007,1.570796326794893,forward,False,ca2e2063b72ed757ccdcc9d5529818e84a5e8698e1c537d96fa79761cba7d7f0,forward,13.25
ground_AISLE_G_b160_n92801,GroundV2,ART1_AISLE_DEV,G,True,True,95,0.7500000000000098,4.250000000000007,1.570796326794893,forward,False,95aecf07bc7416bc6997087090169134605c6129a0bd9710d1d8e268138522e8,forward,13.5
ground_AISLE_G_b160_n92801,GroundV2,ART1_AISLE_DEV,G,True,True,96,0.7500000000000107,4.500000000000007,1.570796326794893,forward,False,d91d7413c4dd1049cd39499d0eeef8371501e2cc90bcd84534fb50b0ae85a9ed,forward,13.75
ground_AISLE_G_b160_n92801,GroundV2,ART1_AISLE_DEV,G,True,True,97,0.7500000000000115,4.750000000000007,1.570796326794893,forward,False,1fc6674a2f32d2a82668b1c92e973dd634d722952903c6947a0db0ca74b52dc6,right,14.0
ground_AISLE_G_b160_n92801,GroundV2,ART1_AISLE_DEV,G,True,True,98,0.7500000000000115,4.750000000000007,1.0471975511965947,turn_right,False,835ebca7a57fcb260c7cd822cffc740f76c45fb53ac2591acb13d90123558270,right,14.0
ground_AISLE_G_b160_n92801,GroundV2,ART1_AISLE_DEV,G,True,True,99,0.7500000000000115,4.750000000000007,0.523598775598296,turn_right,False,022a00cc1b6d40c35d87a66247e41e9eab6719d31903de0dc58eae8efe46ad7e,observe,14.0
ground_AISLE_G_b160_n92801,GroundV2,ART1_AISLE_DEV,G,True,True,100,0.7500000000000115,4.750000000000007,0.523598775598296,observe,False,7030ed3e5d3a79eefbe58b6d4660ee8bed6dc0e07dea9b81f35962b68e7253d2,right,14.0
ground_AISLE_G_b160_n92801,GroundV2,ART1_AISLE_DEV,G,True,True,101,0.7500000000000115,4.750000000000007,-2.6645352591003757e-15,turn_right,False,5ff1165320127ad6fef10cd66f5a95af60d8c6fc2243ad0308c61e87bea5d488,right,14.0
ground_AISLE_G_b160_n92801,GroundV2,ART1_AISLE_DEV,G,True,True,102,0.7500000000000115,4.750000000000007,-0.5235987755983014,turn_right,False,d74006336d13561c167e11018a3d1702475e018c584e4b02adb401aff06d273d,observe,14.0
ground_AISLE_G_b160_n92801,GroundV2,ART1_AISLE_DEV,G,True,True,103,0.7500000000000115,4.750000000000007,-0.5235987755983014,observe,False,a3cd78b601d6fd97018d5c2601c7d17f48c08576dfa23e8422e84028ca56b30e,right,14.0
ground_AISLE_G_b160_n92801,GroundV2,ART1_AISLE_DEV,G,True,True,104,0.7500000000000115,4.750000000000007,-1.0471975511966,turn_right,False,082ebb2393793a3d32475c2a35ee87ca7a2b549aadbb1fce6eae85009da35625,observe,14.0
ground_AISLE_G_b160_n92801,GroundV2,ART1_AISLE_DEV,G,True,True,105,0.7500000000000115,4.750000000000007,-1.0471975511966,observe,False,823ff718f3146b66a6419cb24327867e75cc3041e4e66bba36042717664ad426,right,14.0
ground_AISLE_G_b160_n92801,GroundV2,ART1_AISLE_DEV,G,True,True,106,0.7500000000000115,4.750000000000007,-1.5707963267948988,turn_right,False,760b0d45237e2ede5a25aed194c67757f5081f64dd8e9b4da1e575fb2a3e3335,observe,14.0
ground_AISLE_G_b160_n92801,GroundV2,ART1_AISLE_DEV,G,True,True,107,0.7500000000000115,4.750000000000007,-1.5707963267948988,observe,False,3a884eb4cb27b00c7a722fc5351b3e180dad0c9a7e2a648493e9058090d91a2c,forward,14.0
ground_AISLE_G_b160_n92801,GroundV2,ART1_AISLE_DEV,G,True,True,108,0.750000000000011,4.500000000000007,-1.5707963267948988,forward,False,5e194786a066adc8d3f35b00d8cd1d568c0fe22137ecdce2ee968f4bc1303878,forward,14.25
ground_AISLE_G_b160_n92801,GroundV2,ART1_AISLE_DEV,G,True,True,109,0.7500000000000104,4.250000000000007,-1.5707963267948988,forward,False,f86add444128094089bf7d369852f2f3982f37beab221a75eeb14375b6bc1411,forward,14.5
ground_AISLE_G_b160_n92801,GroundV2,ART1_AISLE_DEV,G,True,True,110,0.7500000000000099,4.000000000000007,-1.5707963267948988,forward,False,eb7fb6ae8b475523c6a077bed1b2f71316e034004141afa5d0e7d0d35e6d7fa8,forward,14.75
ground_AISLE_G_b160_n92801,GroundV2,ART1_AISLE_DEV,G,True,True,111,0.7500000000000093,3.750000000000007,-1.5707963267948988,forward,False,41b56f7e67405150153b87d15793a7aad75cbce955e28c78a49f082d32ace3c7,left,15.0
ground_AISLE_G_b160_n92801,GroundV2,ART1_AISLE_DEV,G,True,True,112,0.7500000000000093,3.750000000000007,-1.0471975511966,turn_left,False,297a851e73ec300574c05640f965d8afa3e72beb38153854770766046c6f816c,observe,15.0
ground_AISLE_G_b160_n92801,GroundV2,ART1_AISLE_DEV,G,True,True,113,0.7500000000000093,3.750000000000007,-1.0471975511966,observe,False,5bef260108b342634c8cb7c12479e3a7c36ab3592fe73258bff86eeca13aba43,left,15.0
ground_AISLE_G_b160_n92801,GroundV2,ART1_AISLE_DEV,G,True,True,114,0.7500000000000093,3.750000000000007,-0.5235987755983014,turn_left,False,4a58164a761555ad12a183e34c0d7f427e615d96f72360c96b73e7bb55e4d9eb,left,15.0
ground_AISLE_G_b160_n92801,GroundV2,ART1_AISLE_DEV,G,True,True,115,0.7500000000000093,3.750000000000007,-2.6645352591003757e-15,turn_left,False,ec968e96488b66662d7c0cbf525d2ea54d6e44f734142dc58b7a5d33ed5c0ece,forward,15.0
ground_AISLE_G_b160_n92801,GroundV2,ART1_AISLE_DEV,G,True,True,116,1.0000000000000093,3.750000000000006,-2.6645352591003757e-15,forward,False,c1e3713b0f3df78f4661745cc68a942a6bb35c696f633d295bfab8f1435d3bb8,forward,15.25
ground_AISLE_G_b160_n92801,GroundV2,ART1_AISLE_DEV,G,True,True,117,1.2500000000000093,3.7500000000000053,-2.6645352591003757e-15,forward,False,bbe93b7ba56741d19eb56403791e7ab39d997b4fb14f5f7a12ff17b7e4c9130b,forward,15.5
ground_AISLE_G_b160_n92801,GroundV2,ART1_AISLE_DEV,G,True,True,118,1.5000000000000093,3.7500000000000044,-2.6645352591003757e-15,forward,False,c605a062247ab3ee3246ede5b01a37b0fa369505cd95bd989937df43ec9d4570,forward,15.75
ground_AISLE_G_b160_n92801,GroundV2,ART1_AISLE_DEV,G,True,True,119,1.7500000000000093,3.7500000000000036,-2.6645352591003757e-15,forward,False,0bbfc1f9334053d06e4fdeffa4a812be9bf32eec9b062eef37b903f059496901,forward,16.0
ground_AISLE_G_b160_n92801,GroundV2,ART1_AISLE_DEV,G,True,True,120,2.0000000000000093,3.7500000000000027,-2.6645352591003757e-15,forward,False,c8c3686426fc251aca7796f7c3ce108a0627da23636e9346288b4719dffee177,forward,16.25
ground_AISLE_G_b160_n92801,GroundV2,ART1_AISLE_DEV,G,True,True,121,2.2500000000000093,3.7500000000000018,-2.6645352591003757e-15,forward,False,8bed0c06b954306e4d3619efc775ad4ee2cc264553556fc8ff404874901ce3e0,forward,16.5
ground_AISLE_G_b160_n92801,GroundV2,ART1_AISLE_DEV,G,True,True,122,2.5000000000000093,3.750000000000001,-2.6645352591003757e-15,forward,False,061b3eef41d3124e06a819c1ebb14b121378ee04530192d7cdd0e0c7894ae3de,forward,16.75
ground_AISLE_G_b160_n92801,GroundV2,ART1_AISLE_DEV,G,True,True,123,2.7500000000000093,3.75,-2.6645352591003757e-15,forward,False,dc43cf74637aa53319cb56156c0fbb88c69277262ac47824f3cf738ac018d08c,right,17.0
ground_AISLE_G_b160_n92801,GroundV2,ART1_AISLE_DEV,G,True,True,124,2.7500000000000093,3.75,-0.5235987755983014,turn_right,False,114b48599aa9c41252d1d9a00980bc6fe85213b4b71ebc08f18c8b03b172c347,right,17.0
ground_AISLE_G_b160_n92801,GroundV2,ART1_AISLE_DEV,G,True,True,125,2.7500000000000093,3.75,-1.0471975511966,turn_right,False,4de6401c17f43e671fc4bea17110178f7b7dea4a974f14644f29321d609c1858,right,17.0
ground_AISLE_G_b160_n92801,GroundV2,ART1_AISLE_DEV,G,True,True,126,2.7500000000000093,3.75,-1.5707963267948988,turn_right,False,e2eb485269d17d40c3fb811cb21c1b22df6eea2cd0f6619ae04eb17c9b2eee39,right,17.0
ground_AISLE_G_b160_n92801,GroundV2,ART1_AISLE_DEV,G,True,True,127,2.7500000000000093,3.75,-2.0943951023931975,turn_right,False,38b920b17576b4f799abb795fe9253c9c4170c8fdecd41594a2de5c76e80eb17,observe,17.0
ground_AISLE_G_b160_n92801,GroundV2,ART1_AISLE_DEV,G,True,True,128,2.7500000000000093,3.75,-2.0943951023931975,observe,False,affece6ca5efff8e4ee83087a57b2ad1c31210cc0fd6f29eca41a8748dd98a75,right,17.0
ground_AISLE_G_b160_n92801,GroundV2,ART1_AISLE_DEV,G,True,True,129,2.7500000000000093,3.75,-2.617993877991496,turn_right,False,e727be65ae38de9a056de8bade20c8faf04160b46faa475693f30ebf48b2c629,observe,17.0
ground_AISLE_G_b160_n92801,GroundV2,ART1_AISLE_DEV,G,True,True,130,2.7500000000000093,3.75,-2.617993877991496,observe,False,f72713c41f540c63732e6782cd6fa82deaa39ae77a0c259dfeb1bdd7088e151c,right,17.0
ground_AISLE_G_b160_n92801,GroundV2,ART1_AISLE_DEV,G,True,True,131,2.7500000000000093,3.75,3.1415926535897913,turn_right,False,e084d43268935d4d8dad03d2ca1512a0eb224a1884ac8b4816db43867a1f3f1a,forward,17.0
ground_AISLE_G_b160_n92801,GroundV2,ART1_AISLE_DEV,G,True,True,132,2.5000000000000093,3.7500000000000004,3.1415926535897913,forward,False,e82e9c7dab69ef8135e188a536a2ee943a00439bc754b5b920c111486de5e50b,forward,17.25
ground_AISLE_G_b160_n92801,GroundV2,ART1_AISLE_DEV,G,True,True,133,2.2500000000000093,3.750000000000001,3.1415926535897913,forward,False,aebaaa90dfcc80b34dcaeb22b3f9fd068c526efe7cdc197dde866ff7689ad051,forward,17.5
ground_AISLE_G_b160_n92801,GroundV2,ART1_AISLE_DEV,G,True,True,134,2.0000000000000093,3.7500000000000013,3.1415926535897913,forward,False,1f6eecde42fa6ccf74ea6fdeaf743da001e64d9d0a00e536cf1e489652ace0bb,forward,17.75
ground_AISLE_G_b160_n92801,GroundV2,ART1_AISLE_DEV,G,True,True,135,1.7500000000000093,3.7500000000000018,3.1415926535897913,forward,False,399d460a7fc8829a465c8c875a6e7f98bc0c32c885cd8036de08333bae4da74c,left,18.0
ground_AISLE_G_b160_n92801,GroundV2,ART1_AISLE_DEV,G,True,True,136,1.7500000000000093,3.7500000000000018,-2.6179938779914966,turn_left,False,88c4b5b6bb1ed39321ea24e0f73bb5709a5f1bbe6d43d636d473820ac34496f5,observe,18.0
ground_AISLE_G_b160_n92801,GroundV2,ART1_AISLE_DEV,G,True,True,137,1.7500000000000093,3.7500000000000018,-2.6179938779914966,observe,False,6af2fb93d5c94f1fca249d8cc75fbc3f97d8bfe56d42bc1ef5ceceba23d1ca80,right,18.0
ground_AISLE_G_b160_n92801,GroundV2,ART1_AISLE_DEV,G,True,True,138,1.7500000000000093,3.7500000000000018,3.1415926535897913,turn_right,False,8190d6c7669da0bf38a3e9842b0c070e7c587b590fbf2757c13637dc01b3191a,forward,18.0
ground_AISLE_G_b160_n92801,GroundV2,ART1_AISLE_DEV,G,True,True,139,1.5000000000000093,3.750000000000002,3.1415926535897913,forward,False,be81996546290e06553b887df81d879064b3150cbd6369d8eb9bb26eb75354e6,forward,18.25
ground_AISLE_G_b160_n92801,GroundV2,ART1_AISLE_DEV,G,True,True,140,1.2500000000000093,3.7500000000000027,3.1415926535897913,forward,False,765603a2ba4e04521b4eed1464bd8a6f0a52883ae86f43f738f7aaec78d50496,forward,18.5
ground_AISLE_G_b160_n92801,GroundV2,ART1_AISLE_DEV,G,True,True,141,1.0000000000000093,3.750000000000003,3.1415926535897913,forward,False,6931b506ffab85057e939a60dda0a404c41a7c8990307737738ad61df1748a2e,forward,18.75
ground_AISLE_G_b160_n92801,GroundV2,ART1_AISLE_DEV,G,True,True,142,0.7500000000000093,3.7500000000000036,3.1415926535897913,forward,False,61d395074bdadcd81f4288c34f0058a8a942769dff22c8d4777d20df196a4f1b,left,19.0
ground_AISLE_G_b160_n92801,GroundV2,ART1_AISLE_DEV,G,True,True,143,0.7500000000000093,3.7500000000000036,-2.6179938779914966,turn_left,False,c22da9891a391e3fa6bcbb79759d6f3bf7b6041f5fbf3dc5f4bf00bb2cdb80dc,left,19.0
ground_AISLE_G_b160_n92801,GroundV2,ART1_AISLE_DEV,G,True,True,144,0.7500000000000093,3.7500000000000036,-2.094395102393198,turn_left,False,9a737bb433b73823cb4aeaf0395ab1616541b9fd2056af92317a512414abb8ba,left,19.0
ground_AISLE_G_b160_n92801,GroundV2,ART1_AISLE_DEV,G,True,True,145,0.7500000000000093,3.7500000000000036,-1.5707963267948992,turn_left,False,2927163c3513efd9e684490559bde714be025ffb3462fe9420e8532cc14ea60c,forward,19.0
ground_AISLE_G_b160_n92801,GroundV2,ART1_AISLE_DEV,G,True,True,146,0.7500000000000087,3.5000000000000036,-1.5707963267948992,forward,False,e296e9ee2bccc89c0e2a51594389fc09b184d8eccc3d3409172ca90519260015,forward,19.25
ground_AISLE_G_b160_n92801,GroundV2,ART1_AISLE_DEV,G,True,True,147,0.750000000000008,3.2500000000000036,-1.5707963267948992,forward,False,5d0f94940db3d5884fc882cdaa3cb55187fd6d3f437c3e44f36e30fd85b9d413,forward,19.5
ground_AISLE_G_b160_n92801,GroundV2,ART1_AISLE_DEV,G,True,True,148,0.7500000000000073,3.0000000000000036,-1.5707963267948992,forward,False,11c146efae7c9cbf37f6c8b58c5a182e3ea5be36c2dce1a26fffb21cdf572035,forward,19.75
ground_AISLE_G_b160_n92801,GroundV2,ART1_AISLE_DEV,G,True,True,149,0.7500000000000067,2.7500000000000036,-1.5707963267948992,forward,False,e0ef5f7975ee9d7317df990ee1f422f5741b12e3ee9fa28ca985faba11dea1bc,forward,20.0
ground_AISLE_G_b160_n92801,GroundV2,ART1_AISLE_DEV,G,True,True,150,0.750000000000006,2.5000000000000036,-1.5707963267948992,forward,False,55e5cb64ce9a0ea91d17bc60340fb15a9eb5d608558765523e83abdf2bda22d6,forward,20.25
ground_AISLE_G_b160_n92801,GroundV2,ART1_AISLE_DEV,G,True,True,151,0.7500000000000053,2.2500000000000036,-1.5707963267948992,forward,False,e6ee96c967eda43194992b930af805d30d8fc034fd01b597da4e37343123678b,forward,20.5
ground_AISLE_G_b160_n92801,GroundV2,ART1_AISLE_DEV,G,True,True,152,0.7500000000000047,2.0000000000000036,-1.5707963267948992,forward,False,ac1fa922380306633a9c09b9d2c5c22eb78b0f697c7db4c84505209ee51a9b78,forward,20.75
ground_AISLE_G_b160_n92801,GroundV2,ART1_AISLE_DEV,G,True,True,153,0.750000000000004,1.7500000000000036,-1.5707963267948992,forward,False,f7a4c05620bdd308f28bd9669cf5a62b3015f32b5f52f7018e028dd6d60f6d42,forward,21.0
ground_AISLE_G_b160_n92801,GroundV2,ART1_AISLE_DEV,G,True,True,154,0.7500000000000033,1.5000000000000036,-1.5707963267948992,forward,False,677cb841e2c0f3766ca25c1437aea2581a714da341a4d2b57aed185945f869fb,forward,21.25
ground_AISLE_G_b160_n92801,GroundV2,ART1_AISLE_DEV,G,True,True,155,0.7500000000000027,1.2500000000000036,-1.5707963267948992,forward,False,8c17ad026ff7d73bcfd811e1c4ed6637d1cdab620aa6f8af5d939850d15e3b23,forward,21.5
ground_AISLE_G_b160_n92801,GroundV2,ART1_AISLE_DEV,G,True,True,156,0.750000000000002,1.0000000000000036,-1.5707963267948992,forward,False,36ce3c61b9edc3edfbffa240895c56de60c6550d075c45802c0626f5bd71fddf,forward,21.75
ground_AISLE_G_b160_n92801,GroundV2,ART1_AISLE_DEV,G,True,True,157,0.7500000000000013,0.7500000000000036,-1.5707963267948992,forward,False,7dc51820b443808463f178d2182d0bdef344ded2736242060fc370c4a256595c,left,22.0
ground_AISLE_G_b160_n92801,GroundV2,ART1_AISLE_DEV,G,True,True,158,0.7500000000000013,0.7500000000000036,-1.0471975511966005,turn_left,False,1c91792a9d07fbc8565fe4bca4459cf35eb0e6bc59affd090d76d2457829611f,left,22.0
ground_AISLE_G_b160_n92801,GroundV2,ART1_AISLE_DEV,G,True,True,159,0.7500000000000013,0.7500000000000036,-0.5235987755983018,turn_left,False,2c908e73539847b8c1db3f3d0bda44ff52ef2e5dc1d06c69aa51f0b694dc7039,left,22.0
ground_AISLE_G_b160_n92801,GroundV2,ART1_AISLE_DEV,G,True,True,160,0.7500000000000013,0.7500000000000036,-3.1086244689504383e-15,turn_left,False,9667c085fb091c84984b6bf65ec36c8155eaaaf9ef34a5b0347cf3b14473e10d,stop,22.0
exposure_AISLE_G_b160_n92801,ExposureV3,ART1_AISLE_DEV,G,True,True,0,0.75,0.75,0.0,initial_observation,False,fdbd46912ed7d6b26dc028db532ecf3ee8e0dbf696ca1ecf6f005143620d9665,forward,0.0
exposure_AISLE_G_b160_n92801,ExposureV3,ART1_AISLE_DEV,G,True,True,1,1.0,0.75,0.0,forward,False,d681ae987911491e244944f6f61e4623698dae2a82762cb9e0688ec2498d17c8,forward,0.25
exposure_AISLE_G_b160_n92801,ExposureV3,ART1_AISLE_DEV,G,True,True,2,1.25,0.75,0.0,forward,False,226ab7158619b079d05419d227e88ffdee38daee301c20162eedca47cc143aaf,forward,0.5
exposure_AISLE_G_b160_n92801,ExposureV3,ART1_AISLE_DEV,G,True,True,3,1.5,0.75,0.0,forward,False,5eb34f719b7a08e4a30c324f509d6f0c1a5e1b54548daf44c61ce1a166fa3cd3,forward,0.75
exposure_AISLE_G_b160_n92801,ExposureV3,ART1_AISLE_DEV,G,True,True,4,1.75,0.75,0.0,forward,False,89334c06578549580bd1236494b3e6141fea3b27426be733af327d8dcf52969b,left,1.0
exposure_AISLE_G_b160_n92801,ExposureV3,ART1_AISLE_DEV,G,True,True,5,1.75,0.75,0.5235987755982987,turn_left,False,af545d5cbc458d526cea07c582b125478240aed3055a1549809296918cbb8df5,observe,1.0
exposure_AISLE_G_b160_n92801,ExposureV3,ART1_AISLE_DEV,G,True,True,6,1.75,0.75,0.5235987755982987,observe,False,6a8b3c2ab58e3c4fcf1e32c8751d4d3861a6fb3bbeced0a06787a2449acfa83c,right,1.0
exposure_AISLE_G_b160_n92801,ExposureV3,ART1_AISLE_DEV,G,True,True,7,1.75,0.75,0.0,turn_right,False,34285d85374fac506d55811147c87e1ea16f150c28e8a75ddf2aafa989994993,forward,1.0
exposure_AISLE_G_b160_n92801,ExposureV3,ART1_AISLE_DEV,G,True,True,8,2.0,0.75,0.0,forward,False,707d5c977fe8c08b4d82d16a649ba29602df8ce54298a179225abed231fd4bb7,forward,1.25
exposure_AISLE_G_b160_n92801,ExposureV3,ART1_AISLE_DEV,G,True,True,9,2.25,0.75,0.0,forward,False,a30089020a925590ca1b78b5b0ae175c5563c192eb4cb6d3f8029f3ed3aeaf3a,forward,1.5
exposure_AISLE_G_b160_n92801,ExposureV3,ART1_AISLE_DEV,G,True,True,10,2.5,0.75,0.0,forward,False,dbea8968b15e492916f03fd71602d2a579f7da1749551d6f5f8d772e21dc1a0d,forward,1.75
exposure_AISLE_G_b160_n92801,ExposureV3,ART1_AISLE_DEV,G,True,True,11,2.75,0.75,0.0,forward,False,83ea64c8919b1a7eb4f34f9838a08454dbfdd6b8b630edf1e5c44e8819f88356,left,2.0
exposure_AISLE_G_b160_n92801,ExposureV3,ART1_AISLE_DEV,G,True,True,12,2.75,0.75,0.5235987755982987,turn_left,False,751067673c4eda9289b702e6883a8212cbb14804575560591ed4e9969dc55c5d,observe,2.0
exposure_AISLE_G_b160_n92801,ExposureV3,ART1_AISLE_DEV,G,True,True,13,2.75,0.75,0.5235987755982987,observe,False,ad7786d2dff7116672263eedee3919e55f5e7858dd3cd956d4147032f01c9f0a,left,2.0
exposure_AISLE_G_b160_n92801,ExposureV3,ART1_AISLE_DEV,G,True,True,14,2.75,0.75,1.0471975511965974,turn_left,False,5da188b564b28dcd77283ae3d47df17f8bae22aa949b01b2945e14a3b06c2db8,left,2.0
exposure_AISLE_G_b160_n92801,ExposureV3,ART1_AISLE_DEV,G,True,True,15,2.75,0.75,1.5707963267948966,turn_left,False,33a7a5b03794ab2ac810b5393308054b0c40d7035c5c07f83fdd117931d110a5,forward,2.0
exposure_AISLE_G_b160_n92801,ExposureV3,ART1_AISLE_DEV,G,True,True,16,2.75,1.0,1.5707963267948966,forward,False,f923c86007c60c1b14e99c4b88fe74a57608d754c82490fa0ea21c0505ba35ad,forward,2.25
exposure_AISLE_G_b160_n92801,ExposureV3,ART1_AISLE_DEV,G,True,True,17,2.75,1.25,1.5707963267948966,forward,False,6b0ea6ed376c123681c8c44eaaa20b7ee8bf9cfd8bd487e3d2c76fc159434ae7,forward,2.5
exposure_AISLE_G_b160_n92801,ExposureV3,ART1_AISLE_DEV,G,True,True,18,2.75,1.5,1.5707963267948966,forward,False,43b8fc1233095cbe8e925684cdff5a657112fc76d29111bc2df74b917c577cc9,forward,2.75
exposure_AISLE_G_b160_n92801,ExposureV3,ART1_AISLE_DEV,G,True,True,19,2.75,1.75,1.5707963267948966,forward,False,13881c3804bf6981e1b27d41b3271b924957092465ea8b13701e0480b9ac6c30,left,3.0
exposure_AISLE_G_b160_n92801,ExposureV3,ART1_AISLE_DEV,G,True,True,20,2.75,1.75,2.094395102393195,turn_left,False,946deaba3e2be96733e71a4bbffa437f903e2d9138d797c46db1a9fac86e7e71,left,3.0
exposure_AISLE_G_b160_n92801,ExposureV3,ART1_AISLE_DEV,G,True,True,21,2.75,1.75,2.617993877991493,turn_left,False,9c7a8e0de5b77999f516e51d7271c37fda777a7c2443449e084aef56613aa69f,left,3.0
exposure_AISLE_G_b160_n92801,ExposureV3,ART1_AISLE_DEV,G,True,True,22,2.75,1.75,3.1415926535897913,turn_left,False,22c63a5464c09aee273682ea8d14e15cfe8cb75339462f18f8a80309741d79d1,forward,3.0
exposure_AISLE_G_b160_n92801,ExposureV3,ART1_AISLE_DEV,G,True,True,23,2.5,1.7500000000000004,3.1415926535897913,forward,False,ff61aa911cc0465e5c1773abc03cb1ec3b297def9a8e2e20fc21397126471946,forward,3.25
exposure_AISLE_G_b160_n92801,ExposureV3,ART1_AISLE_DEV,G,True,True,24,2.25,1.7500000000000009,3.1415926535897913,forward,False,35f4e29457ee11257c8acfc4ec41c49c07451a6296ba168131883268b74130e5,forward,3.5
exposure_AISLE_G_b160_n92801,ExposureV3,ART1_AISLE_DEV,G,True,True,25,2.0,1.7500000000000013,3.1415926535897913,forward,False,24a7a2507282553f9c56e2c19077c60ae0e4c135a947cf5b5956b67662438097,forward,3.75
exposure_AISLE_G_b160_n92801,ExposureV3,ART1_AISLE_DEV,G,True,True,26,1.75,1.7500000000000018,3.1415926535897913,forward,False,67fa9ed0fe80ce4681327c170910da570cdf8ffd1b19fc98b61d61f950f59c91,observe,4.0
exposure_AISLE_G_b160_n92801,ExposureV3,ART1_AISLE_DEV,G,True,True,27,1.75,1.7500000000000018,3.1415926535897913,observe,False,268d78a5631b0622fb54a80c31dbdf7fb0a72b78f4e9b2d142cfb7d04da03311,forward,4.0
exposure_AISLE_G_b160_n92801,ExposureV3,ART1_AISLE_DEV,G,True,True,28,1.5,1.7500000000000022,3.1415926535897913,forward,False,0ab05b3131e28edcb6f76cf9459c49df68eb24abc65e5bcf5acbab2ae6efb0fd,forward,4.25
exposure_AISLE_G_b160_n92801,ExposureV3,ART1_AISLE_DEV,G,True,True,29,1.25,1.7500000000000027,3.1415926535897913,forward,False,e9caeebf198b7dd15f7662b9c0c4643f7bffe076f31bf95bc7b856cdacfd036f,forward,4.5
exposure_AISLE_G_b160_n92801,ExposureV3,ART1_AISLE_DEV,G,True,True,30,1.0,1.750000000000003,3.1415926535897913,forward,False,f9ae1d3db2d3fdf4bed051b53a7057fc7be0e898a6d285497eae1530e2b3e85c,forward,4.75
exposure_AISLE_G_b160_n92801,ExposureV3,ART1_AISLE_DEV,G,True,True,31,0.75,1.7500000000000036,3.1415926535897913,forward,False,a96c3d1e332e3e951cc5a1f86bd4a3b1fb941cf1bc9a331b832439ec41c784b1,left,5.0
exposure_AISLE_G_b160_n92801,ExposureV3,ART1_AISLE_DEV,G,True,True,32,0.75,1.7500000000000036,-2.6179938779914966,turn_left,False,c8850077ca2a5eb03846e0f937586e38d6f499254f6b82a2ca3614cc05e79df3,left,5.0
exposure_AISLE_G_b160_n92801,ExposureV3,ART1_AISLE_DEV,G,True,True,33,0.75,1.7500000000000036,-2.094395102393198,turn_left,False,82e7b6d7eb5b96b93a043fd9eee0ed7272f0e927bb472d5844206ae8ab95dfaa,left,5.0
exposure_AISLE_G_b160_n92801,ExposureV3,ART1_AISLE_DEV,G,True,True,34,0.75,1.7500000000000036,-1.5707963267948992,turn_left,False,cf4380cb7ce18a7e280e6a9656faf4f36dc2a12e2dd6c3e5771c6856b9ba1ad9,forward,5.0
exposure_AISLE_G_b160_n92801,ExposureV3,ART1_AISLE_DEV,G,True,True,35,0.7499999999999993,1.5000000000000036,-1.5707963267948992,forward,False,cbbbbd0b002081ad65fb50dab723214ed49d196206205f8349de174e83a2e534,forward,5.25
exposure_AISLE_G_b160_n92801,ExposureV3,ART1_AISLE_DEV,G,True,True,36,0.7499999999999987,1.2500000000000036,-1.5707963267948992,forward,False,a7a58630bda01092a9da538dc4d358c74e99876c082f2fd21a2d9e133423c7a0,forward,5.5
exposure_AISLE_G_b160_n92801,ExposureV3,ART1_AISLE_DEV,G,True,True,37,0.749999999999998,1.0000000000000036,-1.5707963267948992,forward,False,c606997a6d0df5b1343b884f6ebf856aebe35bc0581a37fbe140ed2e68f7fac3,forward,5.75
exposure_AISLE_G_b160_n92801,ExposureV3,ART1_AISLE_DEV,G,True,True,38,0.7499999999999973,0.7500000000000036,-1.5707963267948992,forward,False,3120a69fb7785002954a6ff15f16e2f74bfe9c2bbb2d5bb57f43d898a4871ac5,left,6.0
exposure_AISLE_G_b160_n92801,ExposureV3,ART1_AISLE_DEV,G,True,True,39,0.7499999999999973,0.7500000000000036,-1.0471975511966005,turn_left,False,c44083076bee41cf1adcd317c59f8a55cd2662d14535fa40d8ef6a60c1e8f6ba,left,6.0
exposure_AISLE_G_b160_n92801,ExposureV3,ART1_AISLE_DEV,G,True,True,40,0.7499999999999973,0.7500000000000036,-0.5235987755983018,turn_left,False,907b674d9e10a516f14af0a97b3249b1bb169a7572d49c3463246ec11ed3a986,left,6.0
exposure_AISLE_G_b160_n92801,ExposureV3,ART1_AISLE_DEV,G,True,True,41,0.7499999999999973,0.7500000000000036,-3.1086244689504383e-15,turn_left,False,f4a9654ab18f7b260c89d30574fafa5f0fe820e20c7e61962ad556f1a45f0d36,left,6.0
exposure_AISLE_G_b160_n92801,ExposureV3,ART1_AISLE_DEV,G,True,True,42,0.7499999999999973,0.7500000000000036,0.5235987755982956,turn_left,False,22f91557f1a5b685bf126adc81693aeb9ae77e25e5a6d47d94cd615a6c151986,left,6.0
exposure_AISLE_G_b160_n92801,ExposureV3,ART1_AISLE_DEV,G,True,True,43,0.7499999999999973,0.7500000000000036,1.0471975511965947,turn_left,False,d86ddb22c0372fd67fdf1f58dee1394e1809d9a32bec3989159b8a43b5c3400c,observe,6.0
exposure_AISLE_G_b160_n92801,ExposureV3,ART1_AISLE_DEV,G,True,True,44,0.7499999999999973,0.7500000000000036,1.0471975511965947,observe,False,a575acc2f602ecbdfbe54ad34c40dc69d2b93a076d49a31af3d02573b9ca0590,left,6.0
exposure_AISLE_G_b160_n92801,ExposureV3,ART1_AISLE_DEV,G,True,True,45,0.7499999999999973,0.7500000000000036,1.570796326794893,turn_left,False,3d5288430401f28df42227d58c6dce783b26b39220ca9dbad56c39b18ff1e9bc,forward,6.0
exposure_AISLE_G_b160_n92801,ExposureV3,ART1_AISLE_DEV,G,True,True,46,0.7499999999999982,1.0000000000000036,1.570796326794893,forward,False,1e1d9b02c647d5ca966e3b6b8859ef7910897a0938768165c380bc2c599d369c,forward,6.25
exposure_AISLE_G_b160_n92801,ExposureV3,ART1_AISLE_DEV,G,True,True,47,0.7499999999999991,1.2500000000000036,1.570796326794893,forward,False,7fba8818b7114e9e673a5d1bc092488fb74dfa5e709bc977b028501af878d4ec,forward,6.5
exposure_AISLE_G_b160_n92801,ExposureV3,ART1_AISLE_DEV,G,True,True,48,0.75,1.5000000000000036,1.570796326794893,forward,False,a7cba8e3b0d89cebd734abfd70d3a9989145d35ced5aed8079f130f4c1ed0445,forward,6.75
exposure_AISLE_G_b160_n92801,ExposureV3,ART1_AISLE_DEV,G,True,True,49,0.7500000000000009,1.7500000000000036,1.570796326794893,forward,False,2cb713f5513cd0e01c3b1fba27000a917fc54e174ecd166339806f84e085a3dc,forward,7.0
exposure_AISLE_G_b160_n92801,ExposureV3,ART1_AISLE_DEV,G,True,True,50,0.7500000000000018,2.0000000000000036,1.570796326794893,forward,False,11f77a873ce5616f24410cfc3254fc8109ada4163a5adbd5fce934fdaa2afa4e,forward,7.25
exposure_AISLE_G_b160_n92801,ExposureV3,ART1_AISLE_DEV,G,True,True,51,0.7500000000000027,2.2500000000000036,1.570796326794893,forward,False,c652e07dc19e49e7d4cce2c66f1aff62ad502c7d10ee552c044908066154d60c,forward,7.5
exposure_AISLE_G_b160_n92801,ExposureV3,ART1_AISLE_DEV,G,True,True,52,0.7500000000000036,2.5000000000000036,1.570796326794893,forward,False,193b88c9c33b6c4eee62a808486ef3fa74c51e326b35e40ceab7ae018c5919db,forward,7.75
exposure_AISLE_G_b160_n92801,ExposureV3,ART1_AISLE_DEV,G,True,True,53,0.7500000000000044,2.7500000000000036,1.570796326794893,forward,False,588d6ed53386707d382befb732935f288a808569fc2e318cfd7a85add9d1de5b,forward,8.0
exposure_AISLE_G_b160_n92801,ExposureV3,ART1_AISLE_DEV,G,True,True,54,0.7500000000000053,3.0000000000000036,1.570796326794893,forward,False,a734998069126a701c6a947543e911ddc6639c1e023e5b10810cecd293dc5bb6,forward,8.25
exposure_AISLE_G_b160_n92801,ExposureV3,ART1_AISLE_DEV,G,True,True,55,0.7500000000000062,3.2500000000000036,1.570796326794893,forward,False,208ecd0201b51ed89c6e7b30ce1d16d7df83efc2a40d6c0c7494ac0235390a34,forward,8.5
exposure_AISLE_G_b160_n92801,ExposureV3,ART1_AISLE_DEV,G,True,True,56,0.7500000000000071,3.5000000000000036,1.570796326794893,forward,False,b349d1f12000944aa950b412e18798d179f1cc6bd159c0d948beb7a0cc503885,forward,8.75
exposure_AISLE_G_b160_n92801,ExposureV3,ART1_AISLE_DEV,G,True,True,57,0.750000000000008,3.7500000000000036,1.570796326794893,forward,False,0e99cd39116ec8a072ddf5b035e6764d42062611cfd43fb3bc6c992ad6be4566,right,9.0
exposure_AISLE_G_b160_n92801,ExposureV3,ART1_AISLE_DEV,G,True,True,58,0.750000000000008,3.7500000000000036,1.0471975511965947,turn_right,False,843a1f9d37aa0fde9089b308b58637b494303275002d9a6a72ffc276340effe1,right,9.0
exposure_AISLE_G_b160_n92801,ExposureV3,ART1_AISLE_DEV,G,True,True,59,0.750000000000008,3.7500000000000036,0.523598775598296,turn_right,False,f32756ce188a91e7bdf50ece57980de7e9689831a871130334cc07a60753fc7e,observe,9.0
exposure_AISLE_G_b160_n92801,ExposureV3,ART1_AISLE_DEV,G,True,True,60,0.750000000000008,3.7500000000000036,0.523598775598296,observe,False,10a5363d877a7b96892e459998ec4bc26270bc3b0aa73943a335bfbe81e6c610,right,9.0
exposure_AISLE_G_b160_n92801,ExposureV3,ART1_AISLE_DEV,G,True,True,61,0.750000000000008,3.7500000000000036,-2.6645352591003757e-15,turn_right,False,02e8a6b14bb7208fe0e280657df0cf32a179c612043cf602b5b3b88724c86d9a,forward,9.0
exposure_AISLE_G_b160_n92801,ExposureV3,ART1_AISLE_DEV,G,True,True,62,1.000000000000008,3.7500000000000027,-2.6645352591003757e-15,forward,False,43471348aad7e53d44531610c8d9d3b99ac608f355ee4f4ffd5005201c0f98f8,forward,9.25
exposure_AISLE_G_b160_n92801,ExposureV3,ART1_AISLE_DEV,G,True,True,63,1.250000000000008,3.7500000000000018,-2.6645352591003757e-15,forward,False,ac1cfabaff5cf26141ad80181b7e39171a7bb24ff3059d73e090b8acbd4f0709,forward,9.5
exposure_AISLE_G_b160_n92801,ExposureV3,ART1_AISLE_DEV,G,True,True,64,1.500000000000008,3.750000000000001,-2.6645352591003757e-15,forward,False,51848829e7ef842040728584f9f53a921e3810b0930aa5dfb58076b149e50f2b,forward,9.75
exposure_AISLE_G_b160_n92801,ExposureV3,ART1_AISLE_DEV,G,True,True,65,1.750000000000008,3.75,-2.6645352591003757e-15,forward,False,ad5c20d5f3fb9b3e489d4985007ade054703637a4f75df0cf92ed3e5dfdfe559,right,10.0
exposure_AISLE_G_b160_n92801,ExposureV3,ART1_AISLE_DEV,G,True,True,66,1.750000000000008,3.75,-0.5235987755983014,turn_right,False,910f1a123eabfdbfbc80aa37d6eea4d3caccef47304531839a3c67bab58acf39,observe,10.0
exposure_AISLE_G_b160_n92801,ExposureV3,ART1_AISLE_DEV,G,True,True,67,1.750000000000008,3.75,-0.5235987755983014,observe,False,4ae01f0a4657e56ffb8ae716549a2c88147b9fcb133c95a543ced57b1abd9122,left,10.0
exposure_AISLE_G_b160_n92801,ExposureV3,ART1_AISLE_DEV,G,True,True,68,1.750000000000008,3.75,-2.6645352591003757e-15,turn_left,False,cf05ea0e5f319f70bdea6c34a596e133a7a280401d4c43b1d6186ce4507e3062,forward,10.0
exposure_AISLE_G_b160_n92801,ExposureV3,ART1_AISLE_DEV,G,True,True,69,2.000000000000008,3.749999999999999,-2.6645352591003757e-15,forward,False,8d0c74e36d5f9b958fdeef56f271adc9ae4a84b024cff846ab6669b2a05b0eb2,forward,10.25
exposure_AISLE_G_b160_n92801,ExposureV3,ART1_AISLE_DEV,G,True,True,70,2.250000000000008,3.7499999999999982,-2.6645352591003757e-15,forward,False,e8cdad5801c23f37ed69af23c6fbb1dab01f259358cca76efda4f6c2d24a34ef,forward,10.5
exposure_AISLE_G_b160_n92801,ExposureV3,ART1_AISLE_DEV,G,True,True,71,2.500000000000008,3.7499999999999973,-2.6645352591003757e-15,forward,False,4471a78e9fb63a8777be1d0f0188a090d43b963c635354d8e57e4445cfe227c1,forward,10.75
exposure_AISLE_G_b160_n92801,ExposureV3,ART1_AISLE_DEV,G,True,True,72,2.750000000000008,3.7499999999999964,-2.6645352591003757e-15,forward,False,92386269f529fb1509671a04ae287b18534e37fcc7d7b4488471b38d6901167e,observe,11.0
exposure_AISLE_G_b160_n92801,ExposureV3,ART1_AISLE_DEV,G,True,True,73,2.750000000000008,3.7499999999999964,-2.6645352591003757e-15,observe,False,0b6f1fc9b69d8f6b997e0245855e7823cabb07e2ad9213a3ce6d558b366ea4e4,left,11.0
exposure_AISLE_G_b160_n92801,ExposureV3,ART1_AISLE_DEV,G,True,True,74,2.750000000000008,3.7499999999999964,0.523598775598296,turn_left,False,86725cbc7f1e6102ee8e2778757335ab78fc9b883f76037d31bb17683d87958e,left,11.0
exposure_AISLE_G_b160_n92801,ExposureV3,ART1_AISLE_DEV,G,True,True,75,2.750000000000008,3.7499999999999964,1.0471975511965947,turn_left,False,6a853953d43ab5b4e0292610e3b579b7d796bccab09003883cf60a73d97cfa2a,left,11.0
exposure_AISLE_G_b160_n92801,ExposureV3,ART1_AISLE_DEV,G,True,True,76,2.750000000000008,3.7499999999999964,1.570796326794893,turn_left,False,b874a8a3ed827692b04425ead32f25ab43a64ae7d53022062efe8a0c6125b393,left,11.0
exposure_AISLE_G_b160_n92801,ExposureV3,ART1_AISLE_DEV,G,True,True,77,2.750000000000008,3.7499999999999964,2.0943951023931913,turn_left,False,52a1bfd18e525027862ced63c05c6610d7147236c54c8550cb4bb8a2bb36e9b1,left,11.0
exposure_AISLE_G_b160_n92801,ExposureV3,ART1_AISLE_DEV,G,True,True,78,2.750000000000008,3.7499999999999964,2.6179938779914895,turn_left,False,c5db5bda751ba6fbc534f502895b3acd520d459871641adb370ee9fcc62c6344,left,11.0
exposure_AISLE_G_b160_n92801,ExposureV3,ART1_AISLE_DEV,G,True,True,79,2.750000000000008,3.7499999999999964,3.141592653589788,turn_left,False,20f249c0761ce5df6c46554ac6242374caacc32925b3b4cbc993558a1c6f2d16,forward,11.0
exposure_AISLE_G_b160_n92801,ExposureV3,ART1_AISLE_DEV,G,True,True,80,2.500000000000008,3.749999999999998,3.141592653589788,forward,False,23049e8284e3686a489b8fa930e5ce7a10b208affa1b01638217c7c06f45684f,forward,11.25
exposure_AISLE_G_b160_n92801,ExposureV3,ART1_AISLE_DEV,G,True,True,81,2.250000000000008,3.749999999999999,3.141592653589788,forward,False,452d7eae15d8962bfd99014b56a02e138a69a751296a1919c12b51311a5ef911,forward,11.5
exposure_AISLE_G_b160_n92801,ExposureV3,ART1_AISLE_DEV,G,True,True,82,2.000000000000008,3.7500000000000004,3.141592653589788,forward,False,99e010f2887fa76048085f07efadf6572a9bd063f392fefb79ef6421ab579cb7,forward,11.75
exposure_AISLE_G_b160_n92801,ExposureV3,ART1_AISLE_DEV,G,True,True,83,1.750000000000008,3.7500000000000018,3.141592653589788,forward,False,34436dd9594e71d80d61c2ba48783299ab3e2c51e8463556816d214818c260f7,forward,12.0
exposure_AISLE_G_b160_n92801,ExposureV3,ART1_AISLE_DEV,G,True,True,84,1.500000000000008,3.750000000000003,3.141592653589788,forward,False,1b874acd3c897793417c6d73aa8142d64a43971c3fdd7278bf8160bfe509e2d0,forward,12.25
exposure_AISLE_G_b160_n92801,ExposureV3,ART1_AISLE_DEV,G,True,True,85,1.250000000000008,3.7500000000000044,3.141592653589788,forward,False,ff265c636e1985c824b6fa032946c09fd2310da88f4ad5084ffa48f748cee2d1,forward,12.5
exposure_AISLE_G_b160_n92801,ExposureV3,ART1_AISLE_DEV,G,True,True,86,1.000000000000008,3.7500000000000058,3.141592653589788,forward,False,e6d3f21a73d818a23ecbe5e2f65864110df089e5b0d0275f08c21bed5aff9051,forward,12.75
exposure_AISLE_G_b160_n92801,ExposureV3,ART1_AISLE_DEV,G,True,True,87,0.750000000000008,3.750000000000007,3.141592653589788,forward,False,ff79210878ecc00b70fd5294385fb1de98f67d80b900184a10eb97d23917d02c,right,13.0
exposure_AISLE_G_b160_n92801,ExposureV3,ART1_AISLE_DEV,G,True,True,88,0.750000000000008,3.750000000000007,2.6179938779914895,turn_right,False,e68836397b832e29056906dadd3a0c95dd1212e99dc752ceaee477608f994e73,right,13.0
exposure_AISLE_G_b160_n92801,ExposureV3,ART1_AISLE_DEV,G,True,True,89,0.750000000000008,3.750000000000007,2.0943951023931913,turn_right,False,5e50ab10635e23376f34b15dee922c0d486e48ae0d0bc52a872ce60ac3261b35,right,13.0
exposure_AISLE_G_b160_n92801,ExposureV3,ART1_AISLE_DEV,G,True,True,90,0.750000000000008,3.750000000000007,1.570796326794893,turn_right,False,8111bd9fca31b90ad2912b10ae58cda9dac9f2c62c4a285aa8dbf2f0db46aca3,forward,13.0
exposure_AISLE_G_b160_n92801,ExposureV3,ART1_AISLE_DEV,G,True,True,91,0.7500000000000089,4.000000000000007,1.570796326794893,forward,False,b4c0f4c718ec522fb0c076068d4446b8fe46fc3d741a14c20ef5ded2a77c54cf,forward,13.25
exposure_AISLE_G_b160_n92801,ExposureV3,ART1_AISLE_DEV,G,True,True,92,0.7500000000000098,4.250000000000007,1.570796326794893,forward,False,ff600715cb1bc1c26582d57b9b615f72abf610243aa5ab4031fdb6182156cf7e,forward,13.5
exposure_AISLE_G_b160_n92801,ExposureV3,ART1_AISLE_DEV,G,True,True,93,0.7500000000000107,4.500000000000007,1.570796326794893,forward,False,d65be73306e37a866052727a1ad237872dda9e3b362514f3c3c2a02b89eef4a8,forward,13.75
exposure_AISLE_G_b160_n92801,ExposureV3,ART1_AISLE_DEV,G,True,True,94,0.7500000000000115,4.750000000000007,1.570796326794893,forward,False,d9d5573c316a79d0252a97667af1da81da802827c7be47c0973a9afe6e8f752e,right,14.0
exposure_AISLE_G_b160_n92801,ExposureV3,ART1_AISLE_DEV,G,True,True,95,0.7500000000000115,4.750000000000007,1.0471975511965947,turn_right,False,7cb82cf5512f59d0901f4c277e5e8f665a42d0f4e180d7640eef365f976cf141,right,14.0
exposure_AISLE_G_b160_n92801,ExposureV3,ART1_AISLE_DEV,G,True,True,96,0.7500000000000115,4.750000000000007,0.523598775598296,turn_right,False,922e89946e28cd776b6a31093c9df8858d3cc43db48411673573fd807d0fe952,observe,14.0
exposure_AISLE_G_b160_n92801,ExposureV3,ART1_AISLE_DEV,G,True,True,97,0.7500000000000115,4.750000000000007,0.523598775598296,observe,False,cff95f0a2cc17020754a089be6b7b7e9c935cc38c7ee45f63ffc88aa61e5c519,right,14.0
exposure_AISLE_G_b160_n92801,ExposureV3,ART1_AISLE_DEV,G,True,True,98,0.7500000000000115,4.750000000000007,-2.6645352591003757e-15,turn_right,False,f86bb49b4f0c8d10066dd2dd391dede31a04a58d943d36a7fa21e164878325d4,right,14.0
exposure_AISLE_G_b160_n92801,ExposureV3,ART1_AISLE_DEV,G,True,True,99,0.7500000000000115,4.750000000000007,-0.5235987755983014,turn_right,False,53572b1f635151464edce1fd6d632b71a5d4fb0000902ae951d722afa47302e5,observe,14.0
exposure_AISLE_G_b160_n92801,ExposureV3,ART1_AISLE_DEV,G,True,True,100,0.7500000000000115,4.750000000000007,-0.5235987755983014,observe,False,c855cdcf0e198613174adae8f40032ed5a1f92a20994a89ccfcd60cd1e603d48,left,14.0
exposure_AISLE_G_b160_n92801,ExposureV3,ART1_AISLE_DEV,G,True,True,101,0.7500000000000115,4.750000000000007,-2.6645352591003757e-15,turn_left,False,a43989a383fc0c358c071f046fe4191a71888c73745f8f2ea23e0a270eac8d13,left,14.0
exposure_AISLE_G_b160_n92801,ExposureV3,ART1_AISLE_DEV,G,True,True,102,0.7500000000000115,4.750000000000007,0.523598775598296,turn_left,False,b18f2f1936daa6d6fa556a492710d0046641e148636dc3cef5c2f51d9774986a,left,14.0
exposure_AISLE_G_b160_n92801,ExposureV3,ART1_AISLE_DEV,G,True,True,103,0.7500000000000115,4.750000000000007,1.0471975511965947,turn_left,False,277e7de905be0c603fc793ad972195d2d09b39378c4529c7c5224d2ba92bf771,left,14.0
exposure_AISLE_G_b160_n92801,ExposureV3,ART1_AISLE_DEV,G,True,True,104,0.7500000000000115,4.750000000000007,1.570796326794893,turn_left,False,8195e115949f86e2b5f4277c0c5b1af64bfd03421c263aac1fb51db1487c88b3,forward,14.0
exposure_AISLE_G_b160_n92801,ExposureV3,ART1_AISLE_DEV,G,True,True,105,0.7500000000000124,5.000000000000007,1.570796326794893,forward,False,a6c5cc93617e7270b70009277001fbf03d0b9d29af31cfce9106f08c6c3d5072,forward,14.25
exposure_AISLE_G_b160_n92801,ExposureV3,ART1_AISLE_DEV,G,True,True,106,0.7500000000000133,5.250000000000007,1.570796326794893,forward,False,3fab50086414ac8dd4aa5d0ec1ae96d5fa0aba096657ebe7ede064a460d25635,forward,14.5
exposure_AISLE_G_b160_n92801,ExposureV3,ART1_AISLE_DEV,G,True,True,107,0.7500000000000142,5.500000000000007,1.570796326794893,forward,False,a5d58b4931489c1dd2ce0508ef76212a17fa74d9c0fefdfd30835d24030a16f4,forward,14.75
exposure_AISLE_G_b160_n92801,ExposureV3,ART1_AISLE_DEV,G,True,True,108,0.7500000000000151,5.750000000000007,1.570796326794893,forward,False,549b56cc2e408fb5f80a3b224da6cdd12345accf918e0f3add09418cb21600eb,right,15.0
exposure_AISLE_G_b160_n92801,ExposureV3,ART1_AISLE_DEV,G,True,True,109,0.7500000000000151,5.750000000000007,1.0471975511965947,turn_right,False,489cb9f0b1f869001c7d47b4b6cf75d2dc6002940890d9d030d7dc553e54953b,right,15.0
exposure_AISLE_G_b160_n92801,ExposureV3,ART1_AISLE_DEV,G,True,True,110,0.7500000000000151,5.750000000000007,0.523598775598296,turn_right,False,e7d8cfc7a00f4c9050648e0ea13deb0271400f9b357f2796bc68862c41ddedbc,right,15.0
exposure_AISLE_G_b160_n92801,ExposureV3,ART1_AISLE_DEV,G,True,True,111,0.7500000000000151,5.750000000000007,-2.6645352591003757e-15,turn_right,False,24010378f99c0c52811ce9da1642f98c706d942db633e6a688da23b165cd250b,forward,15.0
exposure_AISLE_G_b160_n92801,ExposureV3,ART1_AISLE_DEV,G,True,True,112,1.000000000000015,5.750000000000006,-2.6645352591003757e-15,forward,False,6cb1cf3a56112f9b43bc4cbf33b5e5e419a4fa7790da86cd399df885fef2897a,forward,15.25
exposure_AISLE_G_b160_n92801,ExposureV3,ART1_AISLE_DEV,G,True,True,113,1.250000000000015,5.750000000000005,-2.6645352591003757e-15,forward,False,745e86837ecc6ba295d33fa1fb3ecd4660db74464af41c4c7ab91fd1ec6ad633,forward,15.5
exposure_AISLE_G_b160_n92801,ExposureV3,ART1_AISLE_DEV,G,True,True,114,1.500000000000015,5.750000000000004,-2.6645352591003757e-15,forward,False,0b994ef657fdfa1ca98182b2d8504829a062df96fddd7523b3edf89283f9f480,forward,15.75
exposure_AISLE_G_b160_n92801,ExposureV3,ART1_AISLE_DEV,G,True,True,115,1.750000000000015,5.7500000000000036,-2.6645352591003757e-15,forward,False,e8f9c0f4c5f8a3dac12eb307612683eba43d58c1d79c475a5e944e461c787f6d,observe,16.0
exposure_AISLE_G_b160_n92801,ExposureV3,ART1_AISLE_DEV,G,True,True,116,1.750000000000015,5.7500000000000036,-2.6645352591003757e-15,observe,False,8975d6b8e4331e5c9debdcdd3d255748eee83e15305df24d104c3d11e1b022af,right,16.0
exposure_AISLE_G_b160_n92801,ExposureV3,ART1_AISLE_DEV,G,True,True,117,1.750000000000015,5.7500000000000036,-0.5235987755983014,turn_right,False,b20e762c98d756d5f40a730eacd80d53126896bf90292aceb8832a3dff55b670,right,16.0
exposure_AISLE_G_b160_n92801,ExposureV3,ART1_AISLE_DEV,G,True,True,118,1.750000000000015,5.7500000000000036,-1.0471975511966,turn_right,False,17ce13f7c12dfca95f5db2ef1feeb848b2e1bf747721d1e399800a46fc52c7c7,observe,16.0
exposure_AISLE_G_b160_n92801,ExposureV3,ART1_AISLE_DEV,G,True,True,119,1.750000000000015,5.7500000000000036,-1.0471975511966,observe,False,83595e1ba5bad0289c4df192a8e88d104802bcefcb637a172def7b2d1a08dc67,right,16.0
exposure_AISLE_G_b160_n92801,ExposureV3,ART1_AISLE_DEV,G,True,True,120,1.750000000000015,5.7500000000000036,-1.5707963267948988,turn_right,False,37cd114615ced8065bb3b848b2b62cda10269ecbe1472c3f9a41a1abb08ea359,right,16.0
exposure_AISLE_G_b160_n92801,ExposureV3,ART1_AISLE_DEV,G,True,True,121,1.750000000000015,5.7500000000000036,-2.0943951023931975,turn_right,False,576a7c44cd4cc8526c576c15232f0d919fd6fea8da7c7ab75c27d5ae567a01e2,right,16.0
exposure_AISLE_G_b160_n92801,ExposureV3,ART1_AISLE_DEV,G,True,True,122,1.750000000000015,5.7500000000000036,-2.617993877991496,turn_right,False,a67fce08bc49f68ebd9057394a5167d2263b4588b243dcb130d3a7f1d08627d9,right,16.0
exposure_AISLE_G_b160_n92801,ExposureV3,ART1_AISLE_DEV,G,True,True,123,1.750000000000015,5.7500000000000036,3.1415926535897913,turn_right,False,0a1bea37c68a94c70c551e812411d666fefb2ba9655422e617f667e5626b34cf,forward,16.0
exposure_AISLE_G_b160_n92801,ExposureV3,ART1_AISLE_DEV,G,True,True,124,1.500000000000015,5.750000000000004,3.1415926535897913,forward,False,0cc879671403f0ddd55844362dd0d750190c99f339b39377dad233186f6cc6b8,forward,16.25
exposure_AISLE_G_b160_n92801,ExposureV3,ART1_AISLE_DEV,G,True,True,125,1.250000000000015,5.750000000000005,3.1415926535897913,forward,False,849f3b8058c4ee0c6f3fcc8c8db24f8a7463768376cf4f167158515433a12c7f,forward,16.5
exposure_AISLE_G_b160_n92801,ExposureV3,ART1_AISLE_DEV,G,True,True,126,1.000000000000015,5.750000000000006,3.1415926535897913,forward,False,e032af6f168bb41f0b48eb3fe167435c8013b1b64e3cbf159f5b41b6a5db592f,forward,16.75
exposure_AISLE_G_b160_n92801,ExposureV3,ART1_AISLE_DEV,G,True,True,127,0.7500000000000151,5.750000000000007,3.1415926535897913,forward,False,bf950d8eebec617f430cf2e3409b3c0d7f2f2c5f78810c8986bf12ef48bce876,left,17.0
exposure_AISLE_G_b160_n92801,ExposureV3,ART1_AISLE_DEV,G,True,True,128,0.7500000000000151,5.750000000000007,-2.6179938779914966,turn_left,False,5282f3ff32e35040f9dff602eabe7bfb1fb6b098432b2c2b76ea773f4651073d,left,17.0
exposure_AISLE_G_b160_n92801,ExposureV3,ART1_AISLE_DEV,G,True,True,129,0.7500000000000151,5.750000000000007,-2.094395102393198,turn_left,False,fb69d8a6e0c923b04e1bd858d501e81c2df7380a0769116009738019961da989,left,17.0
exposure_AISLE_G_b160_n92801,ExposureV3,ART1_AISLE_DEV,G,True,True,130,0.7500000000000151,5.750000000000007,-1.5707963267948992,turn_left,False,e7fdadbccf2f9c6faa91943b61406ee8025be1990e9a84ea2e5220a7675cb45d,left,17.0
exposure_AISLE_G_b160_n92801,ExposureV3,ART1_AISLE_DEV,G,True,True,131,0.7500000000000151,5.750000000000007,-1.0471975511966005,turn_left,False,6e2a0c3ec965d7cfd62ab8d127f4e6cd83d113c04b479e4f4dc878bf13452ed9,left,17.0
exposure_AISLE_G_b160_n92801,ExposureV3,ART1_AISLE_DEV,G,True,True,132,0.7500000000000151,5.750000000000007,-0.5235987755983018,turn_left,False,85285d7b84225edb91e408dce9a17b171ec3615edfbb12b73ab4b5aa798be545,observe,17.0
exposure_AISLE_G_b160_n92801,ExposureV3,ART1_AISLE_DEV,G,True,True,133,0.7500000000000151,5.750000000000007,-0.5235987755983018,observe,False,4870eaf7f697aa05dd4693335981c38457ebadf2d026465d53e97c3dbbff952e,right,17.0
exposure_AISLE_G_b160_n92801,ExposureV3,ART1_AISLE_DEV,G,True,True,134,0.7500000000000151,5.750000000000007,-1.0471975511966005,turn_right,False,88b4142571f695fbf25b1b6913e5a5467e6c62da6c36f17283cbcbd73e758dca,right,17.0
exposure_AISLE_G_b160_n92801,ExposureV3,ART1_AISLE_DEV,G,True,True,135,0.7500000000000151,5.750000000000007,-1.5707963267948992,turn_right,False,fd4c7af587d37e5fbf2905a870bb38e5171f04080e64a6115acf84ceed7ce22c,forward,17.0
exposure_AISLE_G_b160_n92801,ExposureV3,ART1_AISLE_DEV,G,True,True,136,0.7500000000000144,5.500000000000007,-1.5707963267948992,forward,False,506c48576154ba55126a014f1ab5126a3c76e2cab04055fb03ca4c5186775d66,forward,17.25
exposure_AISLE_G_b160_n92801,ExposureV3,ART1_AISLE_DEV,G,True,True,137,0.7500000000000138,5.250000000000007,-1.5707963267948992,forward,False,66ed13f7975785f96e36cf61e02ee329250c5a9f746b3b09cd850067df66f1a1,forward,17.5
exposure_AISLE_G_b160_n92801,ExposureV3,ART1_AISLE_DEV,G,True,True,138,0.7500000000000131,5.000000000000007,-1.5707963267948992,forward,False,54b4723acf6ecf610976a6e23b1982b0e4c11735636110f9cca88bf7f18a9339,forward,17.75
exposure_AISLE_G_b160_n92801,ExposureV3,ART1_AISLE_DEV,G,True,True,139,0.7500000000000124,4.750000000000007,-1.5707963267948992,forward,False,63049d0634b2524ffeff6ddb62e24061b0e473697bc15cf1bdf53baae1c6385a,forward,18.0
exposure_AISLE_G_b160_n92801,ExposureV3,ART1_AISLE_DEV,G,True,True,140,0.7500000000000118,4.500000000000007,-1.5707963267948992,forward,False,ad1e845ff73ac7420c38ed7012552d6c9afb9e4481154574e436fb4415f65008,forward,18.25
exposure_AISLE_G_b160_n92801,ExposureV3,ART1_AISLE_DEV,G,True,True,141,0.7500000000000111,4.250000000000007,-1.5707963267948992,forward,False,bafa8572923f715b46501f79dbc364038698d34979fefa9373b6adb768d69244,forward,18.5
exposure_AISLE_G_b160_n92801,ExposureV3,ART1_AISLE_DEV,G,True,True,142,0.7500000000000104,4.000000000000007,-1.5707963267948992,forward,False,8c566f8a60e714f462d88c5c3ab8613d0a34f2ad97c1d8c8054d27ec73d08e6f,forward,18.75
exposure_AISLE_G_b160_n92801,ExposureV3,ART1_AISLE_DEV,G,True,True,143,0.7500000000000098,3.750000000000007,-1.5707963267948992,forward,False,3987d86972dfe996a7b88bc26e393cf7ef522df405b00336b8198f4ea077de19,observe,19.0
exposure_AISLE_G_b160_n92801,ExposureV3,ART1_AISLE_DEV,G,True,True,144,0.7500000000000098,3.750000000000007,-1.5707963267948992,observe,False,9673d8b9cc345c488b28ffd8467ea5b1b52c58d90d8ba3168c4020865145bde5,forward,19.0
exposure_AISLE_G_b160_n92801,ExposureV3,ART1_AISLE_DEV,G,True,True,145,0.7500000000000091,3.500000000000007,-1.5707963267948992,forward,False,b6187be205d5bc503fb2bfbe0cb95f0f437a878e2a31fc004f716114adf9220d,forward,19.25
exposure_AISLE_G_b160_n92801,ExposureV3,ART1_AISLE_DEV,G,True,True,146,0.7500000000000084,3.250000000000007,-1.5707963267948992,forward,False,13ee9a30090057b6254b4c508780c54910da3b175b492940f9db5717c28a2889,forward,19.5
exposure_AISLE_G_b160_n92801,ExposureV3,ART1_AISLE_DEV,G,True,True,147,0.7500000000000078,3.000000000000007,-1.5707963267948992,forward,False,adbca05c23ba25e75d04c1c7eabcbd783d847284c605a54f3906688e7406acd2,forward,19.75
exposure_AISLE_G_b160_n92801,ExposureV3,ART1_AISLE_DEV,G,True,True,148,0.7500000000000071,2.750000000000007,-1.5707963267948992,forward,False,abce36464a4e93ce52dbd30eadbac640cc3bf228edf87331db605339af90557c,forward,20.0
exposure_AISLE_G_b160_n92801,ExposureV3,ART1_AISLE_DEV,G,True,True,149,0.7500000000000064,2.500000000000007,-1.5707963267948992,forward,False,f4589ade5057ce590f20513b405da1e8e99d7e38dfa2b1a2892aea07f7f4e1c6,forward,20.25
exposure_AISLE_G_b160_n92801,ExposureV3,ART1_AISLE_DEV,G,True,True,150,0.7500000000000058,2.250000000000007,-1.5707963267948992,forward,False,e554ef5d0b2fff53ef6e95b2405b1f19237253512e1214b95fbd25e930c17331,forward,20.5
exposure_AISLE_G_b160_n92801,ExposureV3,ART1_AISLE_DEV,G,True,True,151,0.7500000000000051,2.000000000000007,-1.5707963267948992,forward,False,bf8bd6a6707abe96c672416b2ded69551072279b9a7c213d1840e294e6f04f2c,forward,20.75
exposure_AISLE_G_b160_n92801,ExposureV3,ART1_AISLE_DEV,G,True,True,152,0.7500000000000044,1.750000000000007,-1.5707963267948992,forward,False,c5bdd16363c2790102d434718ea4cd5bb35d47f2878ebb1d1c3525a310efb19b,forward,21.0
exposure_AISLE_G_b160_n92801,ExposureV3,ART1_AISLE_DEV,G,True,True,153,0.7500000000000038,1.500000000000007,-1.5707963267948992,forward,False,8928250e8d8a938f632098d11097bbfef557415a8831a580bc1014767f659a7b,forward,21.25
exposure_AISLE_G_b160_n92801,ExposureV3,ART1_AISLE_DEV,G,True,True,154,0.7500000000000031,1.250000000000007,-1.5707963267948992,forward,False,d7edcc1ae3a3c8a88a55e87338e0c2c7a3cef12cd3ae728f18f441e2f49b37b9,forward,21.5
exposure_AISLE_G_b160_n92801,ExposureV3,ART1_AISLE_DEV,G,True,True,155,0.7500000000000024,1.000000000000007,-1.5707963267948992,forward,False,0d0097ad280855dab4912e6d0153cb57f6e179f8823b3417b4e9b12fd9a4c146,forward,21.75
exposure_AISLE_G_b160_n92801,ExposureV3,ART1_AISLE_DEV,G,True,True,156,0.7500000000000018,0.7500000000000071,-1.5707963267948992,forward,False,dcceaa7d37c27cbe8b2dddf526666fcd905c1ed9c9e7a714a7a6fbe3682564eb,left,22.0
exposure_AISLE_G_b160_n92801,ExposureV3,ART1_AISLE_DEV,G,True,True,157,0.7500000000000018,0.7500000000000071,-1.0471975511966005,turn_left,False,302479e2f62b7a328e677a0a0d6a7a95468ab3bf6f747fdd12b87faeff641393,left,22.0
exposure_AISLE_G_b160_n92801,ExposureV3,ART1_AISLE_DEV,G,True,True,158,0.7500000000000018,0.7500000000000071,-0.5235987755983018,turn_left,False,fdf0e9984c71f549dbbfbc4d7049116cf99bd61536bde179bc9cda592e966e3d,left,22.0
exposure_AISLE_G_b160_n92801,ExposureV3,ART1_AISLE_DEV,G,True,True,159,0.7500000000000018,0.7500000000000071,-3.1086244689504383e-15,turn_left,False,45ec1f6cc8a40de7395b76c70dedb0e906d377ec7da894f25bc8b5007aa5eb0f,stop,22.0
ground_AISLE_NBV_b160_n92801,GroundV2,ART1_AISLE_DEV,NBV,True,True,0,0.75,0.75,0.0,initial_observation,False,659312dfd0fe7f2511594cebe5e9179f36b7e9e99fc22b7dd75e88e9bc1daa87,forward,0.0
ground_AISLE_NBV_b160_n92801,GroundV2,ART1_AISLE_DEV,NBV,True,True,1,1.0,0.75,0.0,forward,False,d0e632f5b5a47b0bb30629135c17045fd093a99b0248215fe9b7e9575364f53b,forward,0.25
ground_AISLE_NBV_b160_n92801,GroundV2,ART1_AISLE_DEV,NBV,True,True,2,1.25,0.75,0.0,forward,False,db56e490f23f8e5faecb480c2d03a6ae029115701370dc0509d261258df92507,forward,0.5
ground_AISLE_NBV_b160_n92801,GroundV2,ART1_AISLE_DEV,NBV,True,True,3,1.5,0.75,0.0,forward,False,ad6bcd19b17ab9014997fca9971022fb1570d7be17081349d6cd88106066f7ca,forward,0.75
ground_AISLE_NBV_b160_n92801,GroundV2,ART1_AISLE_DEV,NBV,True,True,4,1.75,0.75,0.0,forward,False,aac05a2c92724588d2bfde26adf7bab22e63a56000647beaea3a6b27f6e7fed8,left,1.0
ground_AISLE_NBV_b160_n92801,GroundV2,ART1_AISLE_DEV,NBV,True,True,5,1.75,0.75,0.5235987755982987,turn_left,False,defe42698c0caa727c77f3c8151f30264438412a93be58f461cff22e940d21cf,observe,1.0
ground_AISLE_NBV_b160_n92801,GroundV2,ART1_AISLE_DEV,NBV,True,True,6,1.75,0.75,0.5235987755982987,observe,False,72d05ae08d14031f2d30c86f5b03d1437dc1a7ac33b268e6306965a73daba6c4,right,1.0
ground_AISLE_NBV_b160_n92801,GroundV2,ART1_AISLE_DEV,NBV,True,True,7,1.75,0.75,0.0,turn_right,False,ea0c542fd66b6ae587faaa782dc44369b386a92dd4d95862179d79428289bae5,forward,1.0
ground_AISLE_NBV_b160_n92801,GroundV2,ART1_AISLE_DEV,NBV,True,True,8,2.0,0.75,0.0,forward,False,21df8721ee54ae2d58ec23afa5bf3bbdbbb14550111450b2d2655ece3ec386c8,forward,1.25
ground_AISLE_NBV_b160_n92801,GroundV2,ART1_AISLE_DEV,NBV,True,True,9,2.25,0.75,0.0,forward,False,1d28b09bc03f00bf9e267ea3802d0db0a2bd807cbc132aa62e85034e82458f64,forward,1.5
ground_AISLE_NBV_b160_n92801,GroundV2,ART1_AISLE_DEV,NBV,True,True,10,2.5,0.75,0.0,forward,False,0c86d2213364b3fbee532cc76c320bb77c8c1a084cd1197a849226399e9a4d35,forward,1.75
ground_AISLE_NBV_b160_n92801,GroundV2,ART1_AISLE_DEV,NBV,True,True,11,2.75,0.75,0.0,forward,False,904b926a09cc335062564ed23cd980c9af401b42c16748487fab4d49c62ba241,left,2.0
ground_AISLE_NBV_b160_n92801,GroundV2,ART1_AISLE_DEV,NBV,True,True,12,2.75,0.75,0.5235987755982987,turn_left,False,d8f1c0390e1d3592ee46de681ffbaa7d511a3a2115c59232f0e5b1a259696676,observe,2.0
ground_AISLE_NBV_b160_n92801,GroundV2,ART1_AISLE_DEV,NBV,True,True,13,2.75,0.75,0.5235987755982987,observe,False,2cf7c99af658a6a8c424fa54fb91ff8649fa7f636bebf4c6bdb03e70080f5e97,left,2.0
ground_AISLE_NBV_b160_n92801,GroundV2,ART1_AISLE_DEV,NBV,True,True,14,2.75,0.75,1.0471975511965974,turn_left,False,010da611509fbeab9972d254ee9d053dde7e7b9017171f2c47d77f94330fec3c,left,2.0
ground_AISLE_NBV_b160_n92801,GroundV2,ART1_AISLE_DEV,NBV,True,True,15,2.75,0.75,1.5707963267948966,turn_left,False,c2f32217f33a08a375e17c0a9b6cb02c9d5fd9a6b6f3820c887cde6bf07d44cb,forward,2.0
ground_AISLE_NBV_b160_n92801,GroundV2,ART1_AISLE_DEV,NBV,True,True,16,2.75,1.0,1.5707963267948966,forward,False,6ec0c8aa9d8be728b28713069f6c68199794bfbce29450500c150d4e7f6d25ff,forward,2.25
ground_AISLE_NBV_b160_n92801,GroundV2,ART1_AISLE_DEV,NBV,True,True,17,2.75,1.25,1.5707963267948966,forward,False,e3978844e87975d2d9d792fd375ed53fc1dad243c6447ede97595d9b4151498d,forward,2.5
ground_AISLE_NBV_b160_n92801,GroundV2,ART1_AISLE_DEV,NBV,True,True,18,2.75,1.5,1.5707963267948966,forward,False,98364d1d4427808d1756d5eb936453f0348b351497d221c81bbdcfd835d43669,forward,2.75
ground_AISLE_NBV_b160_n92801,GroundV2,ART1_AISLE_DEV,NBV,True,True,19,2.75,1.75,1.5707963267948966,forward,False,8fab6e0160af5578ed8fbc7701960ce01f3036da38391a326f9197c8e3544cda,left,3.0
ground_AISLE_NBV_b160_n92801,GroundV2,ART1_AISLE_DEV,NBV,True,True,20,2.75,1.75,2.094395102393195,turn_left,False,69d20426999783744411dcd0bcf51851eaba69646bd7f45a644771746692fcf2,left,3.0
ground_AISLE_NBV_b160_n92801,GroundV2,ART1_AISLE_DEV,NBV,True,True,21,2.75,1.75,2.617993877991493,turn_left,False,17f2a79a13bfccf83497e30441fb0784548424f5a6b611ae49b729c87b0cfcb7,left,3.0
ground_AISLE_NBV_b160_n92801,GroundV2,ART1_AISLE_DEV,NBV,True,True,22,2.75,1.75,3.1415926535897913,turn_left,False,3c9d5e859853bca072becdee51f1cd54ed2f35e82d725fe1461d1908e377df12,forward,3.0
ground_AISLE_NBV_b160_n92801,GroundV2,ART1_AISLE_DEV,NBV,True,True,23,2.5,1.7500000000000004,3.1415926535897913,forward,False,115606d24aa92e7d3100270ff6bce7f76b1d8a94f50dd4ec7a543dcc38e791fa,forward,3.25
ground_AISLE_NBV_b160_n92801,GroundV2,ART1_AISLE_DEV,NBV,True,True,24,2.25,1.7500000000000009,3.1415926535897913,forward,False,6329e09c867c172bf42c177918f267e4bbbad0b02efe2b391ac96c1cd1e120b0,forward,3.5
ground_AISLE_NBV_b160_n92801,GroundV2,ART1_AISLE_DEV,NBV,True,True,25,2.0,1.7500000000000013,3.1415926535897913,forward,False,dc0e107510ecf8086b0b720be32cf0621596dee7a61d1fa89b202bf8a4ffa6fc,forward,3.75
ground_AISLE_NBV_b160_n92801,GroundV2,ART1_AISLE_DEV,NBV,True,True,26,1.75,1.7500000000000018,3.1415926535897913,forward,False,7688e9b443e94c75cc7d0b91829daa5848136df3291455bec016c9a18ef47769,observe,4.0
ground_AISLE_NBV_b160_n92801,GroundV2,ART1_AISLE_DEV,NBV,True,True,27,1.75,1.7500000000000018,3.1415926535897913,observe,False,cab4ccd6c7f5bd8adf49281325d8f2218bc0b747b7042ca8364405164496e2be,forward,4.0
ground_AISLE_NBV_b160_n92801,GroundV2,ART1_AISLE_DEV,NBV,True,True,28,1.5,1.7500000000000022,3.1415926535897913,forward,False,e64aa5d689e7cab3ce54707daa2412af5b2236b7a731850a6949610ae2222f18,forward,4.25
ground_AISLE_NBV_b160_n92801,GroundV2,ART1_AISLE_DEV,NBV,True,True,29,1.25,1.7500000000000027,3.1415926535897913,forward,False,94608bf751d3fc33ea3391d837dbaac7e65c92d5cef9b6c870fa889c9e6fe395,forward,4.5
ground_AISLE_NBV_b160_n92801,GroundV2,ART1_AISLE_DEV,NBV,True,True,30,1.0,1.750000000000003,3.1415926535897913,forward,False,7a1e6d5cc30760bd52c14e72d1fe231acef0be73e065601866621f4e1dea9eb5,forward,4.75
ground_AISLE_NBV_b160_n92801,GroundV2,ART1_AISLE_DEV,NBV,True,True,31,0.75,1.7500000000000036,3.1415926535897913,forward,False,4b6b22c543fe8b47751f2a0e197b7668e29894c486709ad9e94e601cd8475201,left,5.0
ground_AISLE_NBV_b160_n92801,GroundV2,ART1_AISLE_DEV,NBV,True,True,32,0.75,1.7500000000000036,-2.6179938779914966,turn_left,False,05e3b54289e037f0cc953ff202243ddbb3ce6eb3048c8106e9f10015dcef8495,left,5.0
ground_AISLE_NBV_b160_n92801,GroundV2,ART1_AISLE_DEV,NBV,True,True,33,0.75,1.7500000000000036,-2.094395102393198,turn_left,False,630cb3885ad8b88552f3fb3cc28d008275996dd4a2787b8e4bcc27bc3d270539,left,5.0
ground_AISLE_NBV_b160_n92801,GroundV2,ART1_AISLE_DEV,NBV,True,True,34,0.75,1.7500000000000036,-1.5707963267948992,turn_left,False,8430964992735905c9c2388159da5062cb49f4b77f23097950f040611aecccf1,forward,5.0
ground_AISLE_NBV_b160_n92801,GroundV2,ART1_AISLE_DEV,NBV,True,True,35,0.7499999999999993,1.5000000000000036,-1.5707963267948992,forward,False,3d1cd9188c4ac8cb4154e86b14746ae8bad6d33eb9a315e6c0e0ea83f5b3afb2,forward,5.25
ground_AISLE_NBV_b160_n92801,GroundV2,ART1_AISLE_DEV,NBV,True,True,36,0.7499999999999987,1.2500000000000036,-1.5707963267948992,forward,False,1becd142eec0de11c28fbb3c8652f25e37106033b381bd3899c0d2fde994f4ae,forward,5.5
ground_AISLE_NBV_b160_n92801,GroundV2,ART1_AISLE_DEV,NBV,True,True,37,0.749999999999998,1.0000000000000036,-1.5707963267948992,forward,False,7a100757bb84809bce7fcb6ba904d6748260bdfb5f608880bf0ac98b0244d03d,forward,5.75
ground_AISLE_NBV_b160_n92801,GroundV2,ART1_AISLE_DEV,NBV,True,True,38,0.7499999999999973,0.7500000000000036,-1.5707963267948992,forward,False,6b61817ff33e113914f35fc4ca4a5bd5ab5aef51a14afa97329760f178b2849a,left,6.0
ground_AISLE_NBV_b160_n92801,GroundV2,ART1_AISLE_DEV,NBV,True,True,39,0.7499999999999973,0.7500000000000036,-1.0471975511966005,turn_left,False,2eb99d5bc127ef62617f54a13ce21437a9fabb8398a8026c442a4e6b2b38040e,left,6.0
ground_AISLE_NBV_b160_n92801,GroundV2,ART1_AISLE_DEV,NBV,True,True,40,0.7499999999999973,0.7500000000000036,-0.5235987755983018,turn_left,False,9d9d3dcac58c2340c470bb95880ca3dd2baaeb4ab63a17db9a9de2b7426b5fa2,left,6.0
ground_AISLE_NBV_b160_n92801,GroundV2,ART1_AISLE_DEV,NBV,True,True,41,0.7499999999999973,0.7500000000000036,-3.1086244689504383e-15,turn_left,False,f204fdfb026f5a83ea1045a0e564867381e28c35b156c544f77ab6c14df179b1,left,6.0
ground_AISLE_NBV_b160_n92801,GroundV2,ART1_AISLE_DEV,NBV,True,True,42,0.7499999999999973,0.7500000000000036,0.5235987755982956,turn_left,False,11f54ab9b3bc805c4f82748887cdb4a667c83a58b833249bf14e370f728936c6,left,6.0
ground_AISLE_NBV_b160_n92801,GroundV2,ART1_AISLE_DEV,NBV,True,True,43,0.7499999999999973,0.7500000000000036,1.0471975511965947,turn_left,False,b80534cb67df0ba62c94e59f400b89b537eeb0b33a98ecd9107f152cf0f2e061,observe,6.0
ground_AISLE_NBV_b160_n92801,GroundV2,ART1_AISLE_DEV,NBV,True,True,44,0.7499999999999973,0.7500000000000036,1.0471975511965947,observe,False,4ec913b7ab32c3c88b741245851518af11cc0b60dd3846c4677cbea384de8c5b,left,6.0
ground_AISLE_NBV_b160_n92801,GroundV2,ART1_AISLE_DEV,NBV,True,True,45,0.7499999999999973,0.7500000000000036,1.570796326794893,turn_left,False,a376315938637e29cda0139e38896f45ef19cf0b847e42613a3d117f504772cc,forward,6.0
ground_AISLE_NBV_b160_n92801,GroundV2,ART1_AISLE_DEV,NBV,True,True,46,0.7499999999999982,1.0000000000000036,1.570796326794893,forward,False,6a2d1fa1f35dc4e0c18e85f3b999a09ab60d1f69067eaeca22d75cb78199df62,forward,6.25
ground_AISLE_NBV_b160_n92801,GroundV2,ART1_AISLE_DEV,NBV,True,True,47,0.7499999999999991,1.2500000000000036,1.570796326794893,forward,False,73746b087f7a9826402432292e5c4abcc06afab5a4e7266be760ea54e2ca3498,forward,6.5
ground_AISLE_NBV_b160_n92801,GroundV2,ART1_AISLE_DEV,NBV,True,True,48,0.75,1.5000000000000036,1.570796326794893,forward,False,4a28e1938e2e618aace5862ab2ee32bc38d1a863e4f346ae1cae93762babd0c7,forward,6.75
ground_AISLE_NBV_b160_n92801,GroundV2,ART1_AISLE_DEV,NBV,True,True,49,0.7500000000000009,1.7500000000000036,1.570796326794893,forward,False,687a351d25f3709f42145146405c7c681b64c5a49b68985ebe0ebd39e65d9b82,forward,7.0
ground_AISLE_NBV_b160_n92801,GroundV2,ART1_AISLE_DEV,NBV,True,True,50,0.7500000000000018,2.0000000000000036,1.570796326794893,forward,False,76357e4705065cc1ba703f7b469a4b538512d5d990c8548a697289eabf2f56b9,forward,7.25
ground_AISLE_NBV_b160_n92801,GroundV2,ART1_AISLE_DEV,NBV,True,True,51,0.7500000000000027,2.2500000000000036,1.570796326794893,forward,False,69bb3a217cb62e04b6d437d2f32f661f98902d2d2daed4018c6f54a961f371f4,forward,7.5
ground_AISLE_NBV_b160_n92801,GroundV2,ART1_AISLE_DEV,NBV,True,True,52,0.7500000000000036,2.5000000000000036,1.570796326794893,forward,False,ffb8cedd9b86c41a9245bd0e7e6778c0caff6eba9c2db24b0fb26ba6d4e3a0cc,forward,7.75
ground_AISLE_NBV_b160_n92801,GroundV2,ART1_AISLE_DEV,NBV,True,True,53,0.7500000000000044,2.7500000000000036,1.570796326794893,forward,False,421c34553bab0dd1c34cdaad42e7cd59afddef2c1cb969db4ca61ad99ec6f40c,forward,8.0
ground_AISLE_NBV_b160_n92801,GroundV2,ART1_AISLE_DEV,NBV,True,True,54,0.7500000000000053,3.0000000000000036,1.570796326794893,forward,False,475f172835806338c1dfd591069752b8554e96308846216fe3ae5034effab7ed,forward,8.25
ground_AISLE_NBV_b160_n92801,GroundV2,ART1_AISLE_DEV,NBV,True,True,55,0.7500000000000062,3.2500000000000036,1.570796326794893,forward,False,9bafdbb303fa8e63dad3f75951b8ef8cd798ac684d571505282bb5feb5966ac4,forward,8.5
ground_AISLE_NBV_b160_n92801,GroundV2,ART1_AISLE_DEV,NBV,True,True,56,0.7500000000000071,3.5000000000000036,1.570796326794893,forward,False,dc949b3e1321e54cb316413a0c8698539cc20586e69fbefdeac89a42c13b59fb,forward,8.75
ground_AISLE_NBV_b160_n92801,GroundV2,ART1_AISLE_DEV,NBV,True,True,57,0.750000000000008,3.7500000000000036,1.570796326794893,forward,False,110c8f5b4e8373eb83a44adcba16d11fdd1253bfc7aa55b4b4c1e6311b949323,right,9.0
ground_AISLE_NBV_b160_n92801,GroundV2,ART1_AISLE_DEV,NBV,True,True,58,0.750000000000008,3.7500000000000036,1.0471975511965947,turn_right,False,6f991b9b34b20763b22ad4dd809989c20e8536ab4dc4f315d39b4e1d0fbf1edf,right,9.0
ground_AISLE_NBV_b160_n92801,GroundV2,ART1_AISLE_DEV,NBV,True,True,59,0.750000000000008,3.7500000000000036,0.523598775598296,turn_right,False,cb8244e356652f45e9bbe6b3c4d00efd0edf7ac2d5279cbc03007f5f15bca888,observe,9.0
ground_AISLE_NBV_b160_n92801,GroundV2,ART1_AISLE_DEV,NBV,True,True,60,0.750000000000008,3.7500000000000036,0.523598775598296,observe,False,36b68fd0e834fba8cbc9bce86d214484145f0eebb7318d7c69cdacaa86f6f2ad,right,9.0
ground_AISLE_NBV_b160_n92801,GroundV2,ART1_AISLE_DEV,NBV,True,True,61,0.750000000000008,3.7500000000000036,-2.6645352591003757e-15,turn_right,False,4a869b7a668766a8bf3a86845d2f1378981220acd87de696d292cc73c8c8aaec,right,9.0
ground_AISLE_NBV_b160_n92801,GroundV2,ART1_AISLE_DEV,NBV,True,True,62,0.750000000000008,3.7500000000000036,-0.5235987755983014,turn_right,False,b52a5ea188bdfd5db82f66e4b87a40b5706d687e2f491e1e8337bc8982f025cc,observe,9.0
ground_AISLE_NBV_b160_n92801,GroundV2,ART1_AISLE_DEV,NBV,True,True,63,0.750000000000008,3.7500000000000036,-0.5235987755983014,observe,False,ece6d1e0481fe6eeb8b298bb42d61d0eec9e47615b2451e78175d28425b72bc4,left,9.0
ground_AISLE_NBV_b160_n92801,GroundV2,ART1_AISLE_DEV,NBV,True,True,64,0.750000000000008,3.7500000000000036,-2.6645352591003757e-15,turn_left,False,0b09aed01a8711fadeee646a0d8a947c82f01a62d88b9e838a55e5b5bde37980,forward,9.0
ground_AISLE_NBV_b160_n92801,GroundV2,ART1_AISLE_DEV,NBV,True,True,65,1.000000000000008,3.7500000000000027,-2.6645352591003757e-15,forward,False,adb0b43e7dab5d4577a6da9fc82ca51c0cee150092e58efcd420e78f63434b4c,forward,9.25
ground_AISLE_NBV_b160_n92801,GroundV2,ART1_AISLE_DEV,NBV,True,True,66,1.250000000000008,3.7500000000000018,-2.6645352591003757e-15,forward,False,3598342585e390294932f75a7716f992878ffdf0f0c31b716684a3b53d5c34bb,forward,9.5
ground_AISLE_NBV_b160_n92801,GroundV2,ART1_AISLE_DEV,NBV,True,True,67,1.500000000000008,3.750000000000001,-2.6645352591003757e-15,forward,False,7b4791eebe3004f14014bf698740e3748bcf92bea130a627c90b6f14fd3975d0,forward,9.75
ground_AISLE_NBV_b160_n92801,GroundV2,ART1_AISLE_DEV,NBV,True,True,68,1.750000000000008,3.75,-2.6645352591003757e-15,forward,False,0a48d570f19979c40fd00dfba6e8f39e6f1e992e8053c2b069d27a4caf3e9ff1,right,10.0
ground_AISLE_NBV_b160_n92801,GroundV2,ART1_AISLE_DEV,NBV,True,True,69,1.750000000000008,3.75,-0.5235987755983014,turn_right,False,67fc854e482d2748db2d4200a03cb9699d60478bd6c8f15257bc3c43ea672631,observe,10.0
ground_AISLE_NBV_b160_n92801,GroundV2,ART1_AISLE_DEV,NBV,True,True,70,1.750000000000008,3.75,-0.5235987755983014,observe,False,04feec4b365a71ac540b24a821bbd41cb958c42381bd869c1af552e1187aae6c,left,10.0
ground_AISLE_NBV_b160_n92801,GroundV2,ART1_AISLE_DEV,NBV,True,True,71,1.750000000000008,3.75,-2.6645352591003757e-15,turn_left,False,16da6694a9448fe4742f65aad36e5644bd5f48bc1583c2e05963c7a16b636d52,forward,10.0
ground_AISLE_NBV_b160_n92801,GroundV2,ART1_AISLE_DEV,NBV,True,True,72,2.000000000000008,3.749999999999999,-2.6645352591003757e-15,forward,False,42dbe44ff85a7d5fce09e471babb4d1463c35a0e2d823c57cb02ad24797132e9,forward,10.25
ground_AISLE_NBV_b160_n92801,GroundV2,ART1_AISLE_DEV,NBV,True,True,73,2.250000000000008,3.7499999999999982,-2.6645352591003757e-15,forward,False,a1cc4cbd001668ac6ce7361a672eab5c8571d4794a8292807312e9b51ae79b2e,forward,10.5
ground_AISLE_NBV_b160_n92801,GroundV2,ART1_AISLE_DEV,NBV,True,True,74,2.500000000000008,3.7499999999999973,-2.6645352591003757e-15,forward,False,ee551bf525b1393d33cadcf2937c07d022f504300ecd16a4ebd10100ce3a80b4,forward,10.75
ground_AISLE_NBV_b160_n92801,GroundV2,ART1_AISLE_DEV,NBV,True,True,75,2.750000000000008,3.7499999999999964,-2.6645352591003757e-15,forward,False,6afb89aa8a24c8adf57ab83a5be8679136819987cf353c4d7414003043cac05d,observe,11.0
ground_AISLE_NBV_b160_n92801,GroundV2,ART1_AISLE_DEV,NBV,True,True,76,2.750000000000008,3.7499999999999964,-2.6645352591003757e-15,observe,False,4db09fa1352a4125ee6252d7f408304e853e9e85c3ac3f8c5c0971e5f5ddd862,left,11.0
ground_AISLE_NBV_b160_n92801,GroundV2,ART1_AISLE_DEV,NBV,True,True,77,2.750000000000008,3.7499999999999964,0.523598775598296,turn_left,False,d8e09902011824cee362a2165ee457f8470e0934892d9d8878e96bf5e0eb20b3,left,11.0
ground_AISLE_NBV_b160_n92801,GroundV2,ART1_AISLE_DEV,NBV,True,True,78,2.750000000000008,3.7499999999999964,1.0471975511965947,turn_left,False,37b37680a2946f9c32e04ecece71373d1d3c7559ee277c041c146308ae0f62cb,left,11.0
ground_AISLE_NBV_b160_n92801,GroundV2,ART1_AISLE_DEV,NBV,True,True,79,2.750000000000008,3.7499999999999964,1.570796326794893,turn_left,False,23c4843c285478ba45ca1d748cd0d4eb73ca7254a4aadcb1f936150c9f5cea4c,left,11.0
ground_AISLE_NBV_b160_n92801,GroundV2,ART1_AISLE_DEV,NBV,True,True,80,2.750000000000008,3.7499999999999964,2.0943951023931913,turn_left,False,162cca1c52e3c7226c905f516b3b2a9178997261bc56ff5f2268d300bcbb4fd7,left,11.0
ground_AISLE_NBV_b160_n92801,GroundV2,ART1_AISLE_DEV,NBV,True,True,81,2.750000000000008,3.7499999999999964,2.6179938779914895,turn_left,False,e42e75262d5d206704a0a39a82175ce1c8ddc66d966d3e84616f7ce1e4ba0b01,left,11.0
ground_AISLE_NBV_b160_n92801,GroundV2,ART1_AISLE_DEV,NBV,True,True,82,2.750000000000008,3.7499999999999964,3.141592653589788,turn_left,False,c92fc5fab1584b71d3ce5d01c7e95a41c03e4ff1af32d4daf16298b57ccdd9e8,forward,11.0
ground_AISLE_NBV_b160_n92801,GroundV2,ART1_AISLE_DEV,NBV,True,True,83,2.500000000000008,3.749999999999998,3.141592653589788,forward,False,a1ad40aa8a30bc0408954fc0b62f4c91e5663f63968279a9c5c6a825485a7134,forward,11.25
ground_AISLE_NBV_b160_n92801,GroundV2,ART1_AISLE_DEV,NBV,True,True,84,2.250000000000008,3.749999999999999,3.141592653589788,forward,False,0995c1ac4368429595b53c99c58ee04d909d57ac67ec24a61c00f4e20b2416d4,forward,11.5
ground_AISLE_NBV_b160_n92801,GroundV2,ART1_AISLE_DEV,NBV,True,True,85,2.000000000000008,3.7500000000000004,3.141592653589788,forward,False,9376544ae58d481c1476bbe64f245fdbc816f389d10d79641441912efbee8b4c,forward,11.75
ground_AISLE_NBV_b160_n92801,GroundV2,ART1_AISLE_DEV,NBV,True,True,86,1.750000000000008,3.7500000000000018,3.141592653589788,forward,False,bbfee6c88b8064a26e0677d95bb7b4c3de414dfbb23089e771469d6c219b7750,forward,12.0
ground_AISLE_NBV_b160_n92801,GroundV2,ART1_AISLE_DEV,NBV,True,True,87,1.500000000000008,3.750000000000003,3.141592653589788,forward,False,4d150e738c6e6ac03388f5a923222cd928898e19fa71d78b47a4b1fa8cf30388,forward,12.25
ground_AISLE_NBV_b160_n92801,GroundV2,ART1_AISLE_DEV,NBV,True,True,88,1.250000000000008,3.7500000000000044,3.141592653589788,forward,False,5082de27b50c36c54d6640cff24f33e9e708db3f10e2339d4938bb1697c1095b,forward,12.5
ground_AISLE_NBV_b160_n92801,GroundV2,ART1_AISLE_DEV,NBV,True,True,89,1.000000000000008,3.7500000000000058,3.141592653589788,forward,False,c41a99663f66adb2283d01dcfbc79eb8788dbd915849d64b97a8ae017b83182b,forward,12.75
ground_AISLE_NBV_b160_n92801,GroundV2,ART1_AISLE_DEV,NBV,True,True,90,0.750000000000008,3.750000000000007,3.141592653589788,forward,False,95e5e787e6dd29bddf26fafffdf0539aa1661c226c0a6cdbec15a7bc29dff30b,right,13.0
ground_AISLE_NBV_b160_n92801,GroundV2,ART1_AISLE_DEV,NBV,True,True,91,0.750000000000008,3.750000000000007,2.6179938779914895,turn_right,False,be34eb55617bee7b7b09c48b7960188e5c4bf3a76e3ab63e01489b87f6b12341,right,13.0
ground_AISLE_NBV_b160_n92801,GroundV2,ART1_AISLE_DEV,NBV,True,True,92,0.750000000000008,3.750000000000007,2.0943951023931913,turn_right,False,ece4c9e67efa4ee394cc58f332caeb746de974660ddbf3977eb5bdce9fe2e118,right,13.0
ground_AISLE_NBV_b160_n92801,GroundV2,ART1_AISLE_DEV,NBV,True,True,93,0.750000000000008,3.750000000000007,1.570796326794893,turn_right,False,fcbd660073b37a385536ca7044d4243767ecd515e3aa48b263ce8c527073029d,forward,13.0
ground_AISLE_NBV_b160_n92801,GroundV2,ART1_AISLE_DEV,NBV,True,True,94,0.7500000000000089,4.000000000000007,1.570796326794893,forward,False,533e97a25f1e0949fd1fadae571f073b19e4e028b4de4e1d233ab3f04956b6d9,forward,13.25
ground_AISLE_NBV_b160_n92801,GroundV2,ART1_AISLE_DEV,NBV,True,True,95,0.7500000000000098,4.250000000000007,1.570796326794893,forward,False,65cd53edcce870480fa210d40a62696ca975d49889912352b1b091792c9bf556,forward,13.5
ground_AISLE_NBV_b160_n92801,GroundV2,ART1_AISLE_DEV,NBV,True,True,96,0.7500000000000107,4.500000000000007,1.570796326794893,forward,False,56b2c3f386a53cdaea49075a6a96f08cc9afda723750d8ec9c08d4719a1a4b31,forward,13.75
ground_AISLE_NBV_b160_n92801,GroundV2,ART1_AISLE_DEV,NBV,True,True,97,0.7500000000000115,4.750000000000007,1.570796326794893,forward,False,f0fe6fd8170df463edca4d5710c157ea9ba8d2654bd47b7f55b7d6ef4dc31e7d,right,14.0
ground_AISLE_NBV_b160_n92801,GroundV2,ART1_AISLE_DEV,NBV,True,True,98,0.7500000000000115,4.750000000000007,1.0471975511965947,turn_right,False,373dfcf3a2ad88cc81976d81e9ddb0c96a8f47c3d21e52de3eab719fa103cafc,right,14.0
ground_AISLE_NBV_b160_n92801,GroundV2,ART1_AISLE_DEV,NBV,True,True,99,0.7500000000000115,4.750000000000007,0.523598775598296,turn_right,False,9f2bfced0545dfc8f5e3445d45a6a999a41baa0994160ef083043e728bf0d249,observe,14.0
ground_AISLE_NBV_b160_n92801,GroundV2,ART1_AISLE_DEV,NBV,True,True,100,0.7500000000000115,4.750000000000007,0.523598775598296,observe,False,5f1d384147882257117656297c0b91a9884b2ed9175d98358b323875cfc2cf58,right,14.0
ground_AISLE_NBV_b160_n92801,GroundV2,ART1_AISLE_DEV,NBV,True,True,101,0.7500000000000115,4.750000000000007,-2.6645352591003757e-15,turn_right,False,7218aecac1258429e70145969bd14370d9b3185fb189865993f00c5bbf89054a,right,14.0
ground_AISLE_NBV_b160_n92801,GroundV2,ART1_AISLE_DEV,NBV,True,True,102,0.7500000000000115,4.750000000000007,-0.5235987755983014,turn_right,False,982bebd6fcabcfd658e53e3c66953159311403a879443d6a1b9580e2e61f68eb,observe,14.0
ground_AISLE_NBV_b160_n92801,GroundV2,ART1_AISLE_DEV,NBV,True,True,103,0.7500000000000115,4.750000000000007,-0.5235987755983014,observe,False,10e524cc46e1aba2adc607406b7cb452f23fe1c3269f15807f5a38210f1f6f94,right,14.0
ground_AISLE_NBV_b160_n92801,GroundV2,ART1_AISLE_DEV,NBV,True,True,104,0.7500000000000115,4.750000000000007,-1.0471975511966,turn_right,False,f6a32b9760593a33cb403fac64e98f6298ab24b9a6c08d675b3eed72dc86a35b,observe,14.0
ground_AISLE_NBV_b160_n92801,GroundV2,ART1_AISLE_DEV,NBV,True,True,105,0.7500000000000115,4.750000000000007,-1.0471975511966,observe,False,6de245ef6ef8c97fae8d0dceb79a66f120c95bcb9321a18113824003ed828906,right,14.0
ground_AISLE_NBV_b160_n92801,GroundV2,ART1_AISLE_DEV,NBV,True,True,106,0.7500000000000115,4.750000000000007,-1.5707963267948988,turn_right,False,71e3cecd1d80ca568916f033e228dca5324a1cd655016fc9589f0096476f020f,observe,14.0
ground_AISLE_NBV_b160_n92801,GroundV2,ART1_AISLE_DEV,NBV,True,True,107,0.7500000000000115,4.750000000000007,-1.5707963267948988,observe,False,2077164780ff487f995d3703524a8ec4da4f183e0a08910422d9b53fbacf5724,forward,14.0
ground_AISLE_NBV_b160_n92801,GroundV2,ART1_AISLE_DEV,NBV,True,True,108,0.750000000000011,4.500000000000007,-1.5707963267948988,forward,False,8eaf9104f71e3e82f64823a59c63a33dba914c3e2d40a02b795e0b83a7c0cf2b,forward,14.25
ground_AISLE_NBV_b160_n92801,GroundV2,ART1_AISLE_DEV,NBV,True,True,109,0.7500000000000104,4.250000000000007,-1.5707963267948988,forward,False,b3653c45d463b1a96af71b9603f5aae24d23c9fc6cc6058ae27ab6da1c36caa3,forward,14.5
ground_AISLE_NBV_b160_n92801,GroundV2,ART1_AISLE_DEV,NBV,True,True,110,0.7500000000000099,4.000000000000007,-1.5707963267948988,forward,False,555cc7a7b88a37fad40ee57bd0830343de3936955d04f78b33c29d1f94a25e49,forward,14.75
ground_AISLE_NBV_b160_n92801,GroundV2,ART1_AISLE_DEV,NBV,True,True,111,0.7500000000000093,3.750000000000007,-1.5707963267948988,forward,False,e17e781ad491789e71207212745b50a4b4e498b1e18f6606f8dfb401f49562d6,left,15.0
ground_AISLE_NBV_b160_n92801,GroundV2,ART1_AISLE_DEV,NBV,True,True,112,0.7500000000000093,3.750000000000007,-1.0471975511966,turn_left,False,b4ed2b66736b319d5906d38d4b42e3153690410f09c8b2d85c5015963d654e05,observe,15.0
ground_AISLE_NBV_b160_n92801,GroundV2,ART1_AISLE_DEV,NBV,True,True,113,0.7500000000000093,3.750000000000007,-1.0471975511966,observe,False,cc5fea2f36cec98573519bf037c6c6c33db4263360e86b23b662441965f8c54c,left,15.0
ground_AISLE_NBV_b160_n92801,GroundV2,ART1_AISLE_DEV,NBV,True,True,114,0.7500000000000093,3.750000000000007,-0.5235987755983014,turn_left,False,1974f073a4c04caed34ab60768459ad01c3fe9f6179ed804cfcdf71bf1388539,left,15.0
ground_AISLE_NBV_b160_n92801,GroundV2,ART1_AISLE_DEV,NBV,True,True,115,0.7500000000000093,3.750000000000007,-2.6645352591003757e-15,turn_left,False,a192d280ff5dba9fdc7ea9d083ea399377c7a3accde0868aad44c097def7e673,forward,15.0
ground_AISLE_NBV_b160_n92801,GroundV2,ART1_AISLE_DEV,NBV,True,True,116,1.0000000000000093,3.750000000000006,-2.6645352591003757e-15,forward,False,eaccd26aaf573b7697529757e4e6c6a3876158067c3f80b7b45a458aaec1a0d4,forward,15.25
ground_AISLE_NBV_b160_n92801,GroundV2,ART1_AISLE_DEV,NBV,True,True,117,1.2500000000000093,3.7500000000000053,-2.6645352591003757e-15,forward,False,0fc779c6ab7ebdaa8f8f2810e7335a8806b275269b457c7e1f8a5a6b0ab50385,forward,15.5
ground_AISLE_NBV_b160_n92801,GroundV2,ART1_AISLE_DEV,NBV,True,True,118,1.5000000000000093,3.7500000000000044,-2.6645352591003757e-15,forward,False,f380f4c9d29dd0d56dbe7a5284dbea48155d730bacf6fc97ce9bea34cc14dce9,forward,15.75
ground_AISLE_NBV_b160_n92801,GroundV2,ART1_AISLE_DEV,NBV,True,True,119,1.7500000000000093,3.7500000000000036,-2.6645352591003757e-15,forward,False,34df887ed78c1ecff69292132c8ebc32b85f52f8b7d06ae7237325b510e7ea25,forward,16.0
ground_AISLE_NBV_b160_n92801,GroundV2,ART1_AISLE_DEV,NBV,True,True,120,2.0000000000000093,3.7500000000000027,-2.6645352591003757e-15,forward,False,0f53f953937d9a4f79c0db55055217dd07a20386d4e7ef3a6799f936c130555e,forward,16.25
ground_AISLE_NBV_b160_n92801,GroundV2,ART1_AISLE_DEV,NBV,True,True,121,2.2500000000000093,3.7500000000000018,-2.6645352591003757e-15,forward,False,f495f5fcb10934dd0ee62c49ae8652ee54a102ec4b2564bf94940232a670108a,forward,16.5
ground_AISLE_NBV_b160_n92801,GroundV2,ART1_AISLE_DEV,NBV,True,True,122,2.5000000000000093,3.750000000000001,-2.6645352591003757e-15,forward,False,466cfffd8986136ef3c24e5914c0aacf0e3988775d082f2a808e19d353c12f38,forward,16.75
ground_AISLE_NBV_b160_n92801,GroundV2,ART1_AISLE_DEV,NBV,True,True,123,2.7500000000000093,3.75,-2.6645352591003757e-15,forward,False,10c684f157470534dc6aa5c68995427c38b6736169cf8f3b4f8d3a99173e9b52,right,17.0
ground_AISLE_NBV_b160_n92801,GroundV2,ART1_AISLE_DEV,NBV,True,True,124,2.7500000000000093,3.75,-0.5235987755983014,turn_right,False,ac10a92021a2039953b0ee959cd6a23ea969266895a1b6f32efdc01c9fc57780,right,17.0
ground_AISLE_NBV_b160_n92801,GroundV2,ART1_AISLE_DEV,NBV,True,True,125,2.7500000000000093,3.75,-1.0471975511966,turn_right,False,97b58e42a732a8cf19a1b800ab64ebbaf4712064bade591147dece10d4848a86,right,17.0
ground_AISLE_NBV_b160_n92801,GroundV2,ART1_AISLE_DEV,NBV,True,True,126,2.7500000000000093,3.75,-1.5707963267948988,turn_right,False,0382b4c32d0286088708bfae5412dc63b7f2f2efc158ae1042407d696211bc56,right,17.0
ground_AISLE_NBV_b160_n92801,GroundV2,ART1_AISLE_DEV,NBV,True,True,127,2.7500000000000093,3.75,-2.0943951023931975,turn_right,False,af8b0fddf8e50f54b79d4f1e3719858465cb0167eed2d4fd8ebb5cd21f54ba5b,observe,17.0
ground_AISLE_NBV_b160_n92801,GroundV2,ART1_AISLE_DEV,NBV,True,True,128,2.7500000000000093,3.75,-2.0943951023931975,observe,False,c9e996c7add3d088882fde2766921f57580d043670cfc2ca68165375c62c6e39,right,17.0
ground_AISLE_NBV_b160_n92801,GroundV2,ART1_AISLE_DEV,NBV,True,True,129,2.7500000000000093,3.75,-2.617993877991496,turn_right,False,0fc00c978606c488390f10a5f95357d039a558ff80df3c0591ef89ef1136cb06,observe,17.0
ground_AISLE_NBV_b160_n92801,GroundV2,ART1_AISLE_DEV,NBV,True,True,130,2.7500000000000093,3.75,-2.617993877991496,observe,False,d344c13ce3397e4d97dc7f37be75a4632b2c67ad3db4bb46487d01d52e30052a,right,17.0
ground_AISLE_NBV_b160_n92801,GroundV2,ART1_AISLE_DEV,NBV,True,True,131,2.7500000000000093,3.75,3.1415926535897913,turn_right,False,4840fbcdb40e26727a32087b000c05fdb3bd07ca0394391e710410464190b11c,forward,17.0
ground_AISLE_NBV_b160_n92801,GroundV2,ART1_AISLE_DEV,NBV,True,True,132,2.5000000000000093,3.7500000000000004,3.1415926535897913,forward,False,47866707e1f8375fa663c88ace58defde5855be073d81deef1ea51d3f4f759d4,forward,17.25
ground_AISLE_NBV_b160_n92801,GroundV2,ART1_AISLE_DEV,NBV,True,True,133,2.2500000000000093,3.750000000000001,3.1415926535897913,forward,False,e8c4d2facb77df3c3ffe3b6e25b8161bc476643e13c8db9ea8fb6060f08d95c3,forward,17.5
ground_AISLE_NBV_b160_n92801,GroundV2,ART1_AISLE_DEV,NBV,True,True,134,2.0000000000000093,3.7500000000000013,3.1415926535897913,forward,False,7a2a2cca2ef585568ad3a89e8f734da3064cf6324fe061d56a49746a04460a3a,forward,17.75
ground_AISLE_NBV_b160_n92801,GroundV2,ART1_AISLE_DEV,NBV,True,True,135,1.7500000000000093,3.7500000000000018,3.1415926535897913,forward,False,843e83ca726c4cba75d566bb74f75fe98ae0f6e11268b161ff56af27c79cef31,left,18.0
ground_AISLE_NBV_b160_n92801,GroundV2,ART1_AISLE_DEV,NBV,True,True,136,1.7500000000000093,3.7500000000000018,-2.6179938779914966,turn_left,False,165a5e399f030ea59f74c44f58fdcf69e50f0d2f3640369862801dc96bcfefbf,observe,18.0
ground_AISLE_NBV_b160_n92801,GroundV2,ART1_AISLE_DEV,NBV,True,True,137,1.7500000000000093,3.7500000000000018,-2.6179938779914966,observe,False,9efcf91a37566785f2bb48cf286a9cb43769c777f8b32f6611430d332db4e64d,right,18.0
ground_AISLE_NBV_b160_n92801,GroundV2,ART1_AISLE_DEV,NBV,True,True,138,1.7500000000000093,3.7500000000000018,3.1415926535897913,turn_right,False,24bb2d4c44bc27ab6313c5e84013bb256ca4c8f8ba94431447d4132b429cc1df,forward,18.0
ground_AISLE_NBV_b160_n92801,GroundV2,ART1_AISLE_DEV,NBV,True,True,139,1.5000000000000093,3.750000000000002,3.1415926535897913,forward,False,1d3063a8741f24ccf4f1b6c73ffebda1266620e945bf2263c7a1c04c160afb3e,forward,18.25
ground_AISLE_NBV_b160_n92801,GroundV2,ART1_AISLE_DEV,NBV,True,True,140,1.2500000000000093,3.7500000000000027,3.1415926535897913,forward,False,d6e12a470cbf91ee3d94a0086099bce949fa2bf7aa71bd7b3d49671b8ee21a9e,forward,18.5
ground_AISLE_NBV_b160_n92801,GroundV2,ART1_AISLE_DEV,NBV,True,True,141,1.0000000000000093,3.750000000000003,3.1415926535897913,forward,False,d3af798e96a8443292d60db3960bca9ff6d3bf2b387719fae120ce78435c05ac,forward,18.75
ground_AISLE_NBV_b160_n92801,GroundV2,ART1_AISLE_DEV,NBV,True,True,142,0.7500000000000093,3.7500000000000036,3.1415926535897913,forward,False,1655f9c5294435a93adcce6c3b5a5c74cf3abfecce541a8a01f288ac07598395,left,19.0
ground_AISLE_NBV_b160_n92801,GroundV2,ART1_AISLE_DEV,NBV,True,True,143,0.7500000000000093,3.7500000000000036,-2.6179938779914966,turn_left,False,32643b21d31eacb05cd3bea8881976543d8c4cac7e1a33f438cc04d9fc51a696,left,19.0
ground_AISLE_NBV_b160_n92801,GroundV2,ART1_AISLE_DEV,NBV,True,True,144,0.7500000000000093,3.7500000000000036,-2.094395102393198,turn_left,False,692f2f46aa3e4edbfd3a91eea12e8ee79918dbdcb17148c5a41b09681089f408,left,19.0
ground_AISLE_NBV_b160_n92801,GroundV2,ART1_AISLE_DEV,NBV,True,True,145,0.7500000000000093,3.7500000000000036,-1.5707963267948992,turn_left,False,7194c6b78f9d3572d5d1c0ac67343359594ec308b3595efb5281dfa280e5ff34,forward,19.0
ground_AISLE_NBV_b160_n92801,GroundV2,ART1_AISLE_DEV,NBV,True,True,146,0.7500000000000087,3.5000000000000036,-1.5707963267948992,forward,False,b1d60394bf1af709b14d8e9d6bca237b727ff059c63edfc70596a81b8a818db3,forward,19.25
ground_AISLE_NBV_b160_n92801,GroundV2,ART1_AISLE_DEV,NBV,True,True,147,0.750000000000008,3.2500000000000036,-1.5707963267948992,forward,False,6249de01cdf7a3713ae85d96bbeaa64f2ab1d651a4ea5a5fecff320c3214d8d7,forward,19.5
ground_AISLE_NBV_b160_n92801,GroundV2,ART1_AISLE_DEV,NBV,True,True,148,0.7500000000000073,3.0000000000000036,-1.5707963267948992,forward,False,32b9c29474eda61fdbb5c736a865599bab936f90ece0d24eec9e877c40d12c55,forward,19.75
ground_AISLE_NBV_b160_n92801,GroundV2,ART1_AISLE_DEV,NBV,True,True,149,0.7500000000000067,2.7500000000000036,-1.5707963267948992,forward,False,1bf85e4ad5d167756c3a98df448719ee18178363d1857e6b2996e0fd9981d65f,forward,20.0
ground_AISLE_NBV_b160_n92801,GroundV2,ART1_AISLE_DEV,NBV,True,True,150,0.750000000000006,2.5000000000000036,-1.5707963267948992,forward,False,a40477dc3ab7fc68f83835e87b8a34f5dfba8bc8a4e0fb0820dbb8609bb620d4,forward,20.25
ground_AISLE_NBV_b160_n92801,GroundV2,ART1_AISLE_DEV,NBV,True,True,151,0.7500000000000053,2.2500000000000036,-1.5707963267948992,forward,False,a303daf491a7601074c8389b33300035b96d6112229a920a6a11a92a5939060b,forward,20.5
ground_AISLE_NBV_b160_n92801,GroundV2,ART1_AISLE_DEV,NBV,True,True,152,0.7500000000000047,2.0000000000000036,-1.5707963267948992,forward,False,0a313189f2f768ca9205b46634fac7181ee550bc69cd2eaa8605bb7219fab1e4,forward,20.75
ground_AISLE_NBV_b160_n92801,GroundV2,ART1_AISLE_DEV,NBV,True,True,153,0.750000000000004,1.7500000000000036,-1.5707963267948992,forward,False,8181448bff354c904f973f8b37c00c0cf4a4318ede0904a8adadb7eadbaee309,forward,21.0
ground_AISLE_NBV_b160_n92801,GroundV2,ART1_AISLE_DEV,NBV,True,True,154,0.7500000000000033,1.5000000000000036,-1.5707963267948992,forward,False,3c3cd73582055f11dd69f1d16eed640b97c928e69bbc7243054b955e7aaf5479,forward,21.25
ground_AISLE_NBV_b160_n92801,GroundV2,ART1_AISLE_DEV,NBV,True,True,155,0.7500000000000027,1.2500000000000036,-1.5707963267948992,forward,False,d22e45c2ada09c4067e0ccd468ab8b2e291e647327988d5d2ba0112b0aebb770,forward,21.5
ground_AISLE_NBV_b160_n92801,GroundV2,ART1_AISLE_DEV,NBV,True,True,156,0.750000000000002,1.0000000000000036,-1.5707963267948992,forward,False,33f3a4fcc3b5446c8c9390f9935b2380346122ebcb587a3d7797627610125deb,forward,21.75
ground_AISLE_NBV_b160_n92801,GroundV2,ART1_AISLE_DEV,NBV,True,True,157,0.7500000000000013,0.7500000000000036,-1.5707963267948992,forward,False,9770ce1d470a9f8ed17c8d92eac3e0c637c73f46c891e01e628a3251f3689ee6,left,22.0
ground_AISLE_NBV_b160_n92801,GroundV2,ART1_AISLE_DEV,NBV,True,True,158,0.7500000000000013,0.7500000000000036,-1.0471975511966005,turn_left,False,6b74a2649f0dfd36a3e13f6027bb5385e468e9b1e0540c3b515b08998985e058,left,22.0
ground_AISLE_NBV_b160_n92801,GroundV2,ART1_AISLE_DEV,NBV,True,True,159,0.7500000000000013,0.7500000000000036,-0.5235987755983018,turn_left,False,abcd4796e7007337f1e4479a636a05d21b3d3af87ff892e6e21868ffa2fc2887,left,22.0
ground_AISLE_NBV_b160_n92801,GroundV2,ART1_AISLE_DEV,NBV,True,True,160,0.7500000000000013,0.7500000000000036,-3.1086244689504383e-15,turn_left,False,3f11ed099e04e31a2942d047c0036f3108ce59e0c61c31082598fd39c26c0bcd,stop,22.0
ground_AISLE_S_b160_n92801,GroundV2,ART1_AISLE_DEV,S,True,True,0,0.75,0.75,0.0,initial_observation,False,8d6d7ba1df1c1c5d947c12439a178911ee973d5cb154414d87e11bccf5d06c55,forward,0.0
ground_AISLE_S_b160_n92801,GroundV2,ART1_AISLE_DEV,S,True,True,1,1.0,0.75,0.0,forward,False,69fec43c8c836dfba3a188aaf0e6ee753afb1e39c226e82b248defba3ab0232f,forward,0.25
ground_AISLE_S_b160_n92801,GroundV2,ART1_AISLE_DEV,S,True,True,2,1.25,0.75,0.0,forward,False,372eefd1a011a331cf448cdec9be32e748c31e1cf4f994f30358808ccdf43350,forward,0.5
ground_AISLE_S_b160_n92801,GroundV2,ART1_AISLE_DEV,S,True,True,3,1.5,0.75,0.0,forward,False,0505452c5d30ee3ca1d4071a6ce0474e0e8d985963f9172c78a35a45ee1323f3,forward,0.75
ground_AISLE_S_b160_n92801,GroundV2,ART1_AISLE_DEV,S,True,True,4,1.75,0.75,0.0,forward,False,2bf9d0addf755d05199b87836762c66b179e3ca863167ad44567192a4a13c793,left,1.0
ground_AISLE_S_b160_n92801,GroundV2,ART1_AISLE_DEV,S,True,True,5,1.75,0.75,0.5235987755982987,turn_left,False,044d77b55e5166809cd428684f102eb1ce45e44c8e5342bba9c65a3991fcb601,observe,1.0
ground_AISLE_S_b160_n92801,GroundV2,ART1_AISLE_DEV,S,True,True,6,1.75,0.75,0.5235987755982987,observe,False,9fbdacfc9533b3aa7c57e764a4366ed6c2973049a12798589057f704bdd4032f,right,1.0
ground_AISLE_S_b160_n92801,GroundV2,ART1_AISLE_DEV,S,True,True,7,1.75,0.75,0.0,turn_right,False,07e365866e0dc989c6e822b73d5f3e8a7420947f007060c4538c20c5965195e5,forward,1.0
ground_AISLE_S_b160_n92801,GroundV2,ART1_AISLE_DEV,S,True,True,8,2.0,0.75,0.0,forward,False,39e2f21b1b32d63844cfc13cf24d547429f9791a131bf1ea5d19fb1ca4924507,forward,1.25
ground_AISLE_S_b160_n92801,GroundV2,ART1_AISLE_DEV,S,True,True,9,2.25,0.75,0.0,forward,False,4ab8bfa930efb2470a6bcfc5c273cfeb81033686881c92dcdb62c9e4d1fc98ff,forward,1.5
ground_AISLE_S_b160_n92801,GroundV2,ART1_AISLE_DEV,S,True,True,10,2.5,0.75,0.0,forward,False,dbe570507757f9fd49656cea5eff61d16a16d64a1dd63b90d076aacccb0bce63,forward,1.75
ground_AISLE_S_b160_n92801,GroundV2,ART1_AISLE_DEV,S,True,True,11,2.75,0.75,0.0,forward,False,13a4d794f959cf2b7f30981f9fa21399b628653280a344eff18a9df9843e3d69,left,2.0
ground_AISLE_S_b160_n92801,GroundV2,ART1_AISLE_DEV,S,True,True,12,2.75,0.75,0.5235987755982987,turn_left,False,935a35583a14f2cbc214c03e1dfe8cf893a5e4905f2b281e9987f06d9af9c067,observe,2.0
ground_AISLE_S_b160_n92801,GroundV2,ART1_AISLE_DEV,S,True,True,13,2.75,0.75,0.5235987755982987,observe,False,7a2182d82ebd648fd59b42d391bfcbde2145553f56117c7c6495800ef50a7318,left,2.0
ground_AISLE_S_b160_n92801,GroundV2,ART1_AISLE_DEV,S,True,True,14,2.75,0.75,1.0471975511965974,turn_left,False,b17ee56bf4450cd4198957c25bfa053cefaca980b99991ead751b3626ee7bd1b,left,2.0
ground_AISLE_S_b160_n92801,GroundV2,ART1_AISLE_DEV,S,True,True,15,2.75,0.75,1.5707963267948966,turn_left,False,3d7f585059bc7014e440b9209be264a6a38a2726ff1014eb78e2740294e5a379,forward,2.0
ground_AISLE_S_b160_n92801,GroundV2,ART1_AISLE_DEV,S,True,True,16,2.75,1.0,1.5707963267948966,forward,False,70dd35eda4dd40b7a75229b918d4bb93c944034e26616e8eb4033e00ee7dc816,forward,2.25
ground_AISLE_S_b160_n92801,GroundV2,ART1_AISLE_DEV,S,True,True,17,2.75,1.25,1.5707963267948966,forward,False,4ab328d70e5438997fd871afa21c087cf2135baba27a56eb1159ba7088fab277,forward,2.5
ground_AISLE_S_b160_n92801,GroundV2,ART1_AISLE_DEV,S,True,True,18,2.75,1.5,1.5707963267948966,forward,False,fb25373d91c98d47a615c6e234f4bae814cbdd3a87711f29398b4d17782be594,forward,2.75
ground_AISLE_S_b160_n92801,GroundV2,ART1_AISLE_DEV,S,True,True,19,2.75,1.75,1.5707963267948966,forward,False,e2d1e9fc3b512b7850a9d4f62b2a8f2077a365bb652ed6e1ca8702769a57abae,left,3.0
ground_AISLE_S_b160_n92801,GroundV2,ART1_AISLE_DEV,S,True,True,20,2.75,1.75,2.094395102393195,turn_left,False,1cbf6029a1f9c2e4ed4699b6526aa8981b13214a23ac86cfaaf2b4478d126b6c,left,3.0
ground_AISLE_S_b160_n92801,GroundV2,ART1_AISLE_DEV,S,True,True,21,2.75,1.75,2.617993877991493,turn_left,False,5f74bdcf10d7bfcf91c1b4e853d07b4f5416dd46d6e2dcdd5de0e47705c087a0,left,3.0
ground_AISLE_S_b160_n92801,GroundV2,ART1_AISLE_DEV,S,True,True,22,2.75,1.75,3.1415926535897913,turn_left,False,bc6ca84bee4c38d845f850b435720f815168bb5b9963c23b30cd7df59476b076,forward,3.0
ground_AISLE_S_b160_n92801,GroundV2,ART1_AISLE_DEV,S,True,True,23,2.5,1.7500000000000004,3.1415926535897913,forward,False,cc6bb71736382b8a3a340c8842acd879bbc5280844d0263caaf58df9ca469a63,forward,3.25
ground_AISLE_S_b160_n92801,GroundV2,ART1_AISLE_DEV,S,True,True,24,2.25,1.7500000000000009,3.1415926535897913,forward,False,8a7e4a28484b64df817a5578d0369c60af79e1b0ebe50765e099477c7f044d40,forward,3.5
ground_AISLE_S_b160_n92801,GroundV2,ART1_AISLE_DEV,S,True,True,25,2.0,1.7500000000000013,3.1415926535897913,forward,False,62c2b9efc96a683870de18724e8f6d6f69a04de97436c62e059964671fd8d46c,forward,3.75
ground_AISLE_S_b160_n92801,GroundV2,ART1_AISLE_DEV,S,True,True,26,1.75,1.7500000000000018,3.1415926535897913,forward,False,ca1a817b5bb925e1c18b787b4791d817f534bda29ed32a519b69b21f24c2b25b,observe,4.0
ground_AISLE_S_b160_n92801,GroundV2,ART1_AISLE_DEV,S,True,True,27,1.75,1.7500000000000018,3.1415926535897913,observe,False,80f1e697fce809a3de4c3d7edc6734a4e67d2322dfa49884d96ec48c0b0bf6a7,forward,4.0
ground_AISLE_S_b160_n92801,GroundV2,ART1_AISLE_DEV,S,True,True,28,1.5,1.7500000000000022,3.1415926535897913,forward,False,c6d86c6571fe10dc9405d3ec15d58ca459ac0982e50c6cffd521b20c8bc28cc3,forward,4.25
ground_AISLE_S_b160_n92801,GroundV2,ART1_AISLE_DEV,S,True,True,29,1.25,1.7500000000000027,3.1415926535897913,forward,False,df4ecc8140535fc852719c04bf8033f2d86baf41a7bb16e66e925fec563749c8,forward,4.5
ground_AISLE_S_b160_n92801,GroundV2,ART1_AISLE_DEV,S,True,True,30,1.0,1.750000000000003,3.1415926535897913,forward,False,40e6da08b38a31690664d80d11d366bed08180b8566656ff86b8825d052ac52f,forward,4.75
ground_AISLE_S_b160_n92801,GroundV2,ART1_AISLE_DEV,S,True,True,31,0.75,1.7500000000000036,3.1415926535897913,forward,False,1eacadeed73d9bf5ad302dd16650ddce0aca1927f63da3aa3e98ad561a17220e,left,5.0
ground_AISLE_S_b160_n92801,GroundV2,ART1_AISLE_DEV,S,True,True,32,0.75,1.7500000000000036,-2.6179938779914966,turn_left,False,673b1beccf42eb13df4856d58b2b88080805eae0fde777481dbd491fcac29eba,left,5.0
ground_AISLE_S_b160_n92801,GroundV2,ART1_AISLE_DEV,S,True,True,33,0.75,1.7500000000000036,-2.094395102393198,turn_left,False,366ddc9f6bac56d1be130b4978106a440df7b4ef7747f1165685ec59f333dfac,left,5.0
ground_AISLE_S_b160_n92801,GroundV2,ART1_AISLE_DEV,S,True,True,34,0.75,1.7500000000000036,-1.5707963267948992,turn_left,False,c35512c9788ebf18e3945adb7e862d74055224b17756ffee2b081abdfe1b6bc0,forward,5.0
ground_AISLE_S_b160_n92801,GroundV2,ART1_AISLE_DEV,S,True,True,35,0.7499999999999993,1.5000000000000036,-1.5707963267948992,forward,False,f46225b0f411b4a0f8e2c8137f1ebaf438c2bed92bc5c78bb27b395c5ab2977d,forward,5.25
ground_AISLE_S_b160_n92801,GroundV2,ART1_AISLE_DEV,S,True,True,36,0.7499999999999987,1.2500000000000036,-1.5707963267948992,forward,False,827ecbd6c2e1b3f9a236cee0a8d3925dfca671ba7d82b01d5d030bcb68fc7f86,forward,5.5
ground_AISLE_S_b160_n92801,GroundV2,ART1_AISLE_DEV,S,True,True,37,0.749999999999998,1.0000000000000036,-1.5707963267948992,forward,False,55a4cc49c8961e88bf7dde87f39e01ea1737cc4fc994f95d3c69973e88e754f3,forward,5.75
ground_AISLE_S_b160_n92801,GroundV2,ART1_AISLE_DEV,S,True,True,38,0.7499999999999973,0.7500000000000036,-1.5707963267948992,forward,False,174afa2362db278b13ff9628eb7c780e250aa8929179ee50786699610000c56d,left,6.0
ground_AISLE_S_b160_n92801,GroundV2,ART1_AISLE_DEV,S,True,True,39,0.7499999999999973,0.7500000000000036,-1.0471975511966005,turn_left,False,736351e1a32a0f387612c1826a34b2b48b9f5aed7dbe82e8483f0d087c149043,left,6.0
ground_AISLE_S_b160_n92801,GroundV2,ART1_AISLE_DEV,S,True,True,40,0.7499999999999973,0.7500000000000036,-0.5235987755983018,turn_left,False,fd8c6eb972553cebf2db1e45cd8b3809b237549d92e8ebf7e43b6b32af61c4cb,left,6.0
ground_AISLE_S_b160_n92801,GroundV2,ART1_AISLE_DEV,S,True,True,41,0.7499999999999973,0.7500000000000036,-3.1086244689504383e-15,turn_left,False,972351b942a33ec8e20b02fa532b580ebc1a973429bd074046f81f051b361897,left,6.0
ground_AISLE_S_b160_n92801,GroundV2,ART1_AISLE_DEV,S,True,True,42,0.7499999999999973,0.7500000000000036,0.5235987755982956,turn_left,False,dcae329516abb846c0eff524cc5b7c55d030c69d6a5792f998b8da9907774ce0,left,6.0
ground_AISLE_S_b160_n92801,GroundV2,ART1_AISLE_DEV,S,True,True,43,0.7499999999999973,0.7500000000000036,1.0471975511965947,turn_left,False,cd355a9d3b2e796cfcb03c513d34b89714b04dcb685014a05c499eeef612e6b4,observe,6.0
ground_AISLE_S_b160_n92801,GroundV2,ART1_AISLE_DEV,S,True,True,44,0.7499999999999973,0.7500000000000036,1.0471975511965947,observe,False,77ef31ff062022a5eae07ef20c766930f7b9d052756d9b99edcd9b85c6f56061,left,6.0
ground_AISLE_S_b160_n92801,GroundV2,ART1_AISLE_DEV,S,True,True,45,0.7499999999999973,0.7500000000000036,1.570796326794893,turn_left,False,f7cf0cf4ff6da96f47464e7799bc409c2a9c1297f9b8919f6a5c5d0a992cb2e0,forward,6.0
ground_AISLE_S_b160_n92801,GroundV2,ART1_AISLE_DEV,S,True,True,46,0.7499999999999982,1.0000000000000036,1.570796326794893,forward,False,e133b38b2504e261a1c96a4fca2a1c8b107f469c6086298b5c2b14e381337ea2,forward,6.25
ground_AISLE_S_b160_n92801,GroundV2,ART1_AISLE_DEV,S,True,True,47,0.7499999999999991,1.2500000000000036,1.570796326794893,forward,False,bb93ba1ea0d04fb3f34c02162c7da7b2b4c7ace874c4318c9e05a948f5602666,forward,6.5
ground_AISLE_S_b160_n92801,GroundV2,ART1_AISLE_DEV,S,True,True,48,0.75,1.5000000000000036,1.570796326794893,forward,False,79e1ea2c96b1ea5bf39ecbdcad1ada14435aa746c1c64873c404c257da2bd0a3,forward,6.75
ground_AISLE_S_b160_n92801,GroundV2,ART1_AISLE_DEV,S,True,True,49,0.7500000000000009,1.7500000000000036,1.570796326794893,forward,False,9d74c635964e98c1caf992b1e2caf8e3d6a02284dc605f49e446c61ab5b1c358,forward,7.0
ground_AISLE_S_b160_n92801,GroundV2,ART1_AISLE_DEV,S,True,True,50,0.7500000000000018,2.0000000000000036,1.570796326794893,forward,False,d28ddeb1a09eeced22427de9b7012976e40b6f3c5bc2311168b77822a7d1a7b2,forward,7.25
ground_AISLE_S_b160_n92801,GroundV2,ART1_AISLE_DEV,S,True,True,51,0.7500000000000027,2.2500000000000036,1.570796326794893,forward,False,6c144b30c97f523cb2d2e39c70c6b92fe39ad815fd6bc6fb96032aee2b65d627,forward,7.5
ground_AISLE_S_b160_n92801,GroundV2,ART1_AISLE_DEV,S,True,True,52,0.7500000000000036,2.5000000000000036,1.570796326794893,forward,False,79e3e0751712a9b43e58c38de50b77f1be18fdf6b266fade1c4e39582fa22e20,forward,7.75
ground_AISLE_S_b160_n92801,GroundV2,ART1_AISLE_DEV,S,True,True,53,0.7500000000000044,2.7500000000000036,1.570796326794893,forward,False,8b5371403d8f7fc10a5e8f5c5e3023fe7f0fba294f363ff715e20dcf9d021cdd,forward,8.0
ground_AISLE_S_b160_n92801,GroundV2,ART1_AISLE_DEV,S,True,True,54,0.7500000000000053,3.0000000000000036,1.570796326794893,forward,False,a452fd159dd900f2281823520d15f2310230f1b2ff226b4189ae467097d0cccc,forward,8.25
ground_AISLE_S_b160_n92801,GroundV2,ART1_AISLE_DEV,S,True,True,55,0.7500000000000062,3.2500000000000036,1.570796326794893,forward,False,2ec1ecd0564597265fa6764453d3a74115080a8029770a39bf3ba623a3addc33,forward,8.5
ground_AISLE_S_b160_n92801,GroundV2,ART1_AISLE_DEV,S,True,True,56,0.7500000000000071,3.5000000000000036,1.570796326794893,forward,False,1a1e9010866cabfc7b6698cb908d99ec1931a53d2d1586e2771c0bd5f0ede833,forward,8.75
ground_AISLE_S_b160_n92801,GroundV2,ART1_AISLE_DEV,S,True,True,57,0.750000000000008,3.7500000000000036,1.570796326794893,forward,False,2654dc261d40996934836e4bf7fb6ef82c687d15d636addd21a85c2aadb482f3,right,9.0
ground_AISLE_S_b160_n92801,GroundV2,ART1_AISLE_DEV,S,True,True,58,0.750000000000008,3.7500000000000036,1.0471975511965947,turn_right,False,80ef5255d50bb000050aa48fa987f5488fda2f33d5f12a28570805fc5f8f8e80,right,9.0
ground_AISLE_S_b160_n92801,GroundV2,ART1_AISLE_DEV,S,True,True,59,0.750000000000008,3.7500000000000036,0.523598775598296,turn_right,False,7b49f5f8d68d5f8f420a23e2653d3522a0503e663b46875308d37269126a293d,observe,9.0
ground_AISLE_S_b160_n92801,GroundV2,ART1_AISLE_DEV,S,True,True,60,0.750000000000008,3.7500000000000036,0.523598775598296,observe,False,b1534ae4e8e9b65184ef0447d8aceff3ed919b126f590cb50c672e7644866bef,right,9.0
ground_AISLE_S_b160_n92801,GroundV2,ART1_AISLE_DEV,S,True,True,61,0.750000000000008,3.7500000000000036,-2.6645352591003757e-15,turn_right,False,318d3e6a7738ef1342f5c66e219aa2a2077bb2570977815797e6ca39d834f484,right,9.0
ground_AISLE_S_b160_n92801,GroundV2,ART1_AISLE_DEV,S,True,True,62,0.750000000000008,3.7500000000000036,-0.5235987755983014,turn_right,False,12856b0c42018f5bfb16b5c76489ba51b0dd20c7d14b787b5c97f475ed97507c,observe,9.0
ground_AISLE_S_b160_n92801,GroundV2,ART1_AISLE_DEV,S,True,True,63,0.750000000000008,3.7500000000000036,-0.5235987755983014,observe,False,bf59d36675253e8a3d8bd57dbff5bf1bf36ed543ce423d22b97b50dea809f445,left,9.0
ground_AISLE_S_b160_n92801,GroundV2,ART1_AISLE_DEV,S,True,True,64,0.750000000000008,3.7500000000000036,-2.6645352591003757e-15,turn_left,False,040add1b6f549bfac77f362d6cdf821417d549a17f17de78515b89e1c274a511,forward,9.0
ground_AISLE_S_b160_n92801,GroundV2,ART1_AISLE_DEV,S,True,True,65,1.000000000000008,3.7500000000000027,-2.6645352591003757e-15,forward,False,f444d9602543d4c5c21c3cb3135a416c72f87a519e8f9bb515b9fe11b666bcf5,forward,9.25
ground_AISLE_S_b160_n92801,GroundV2,ART1_AISLE_DEV,S,True,True,66,1.250000000000008,3.7500000000000018,-2.6645352591003757e-15,forward,False,6019e1ff6212c9131ed60920b81d7bce8fd5aa06906713a50657e3b1efbcad7c,forward,9.5
ground_AISLE_S_b160_n92801,GroundV2,ART1_AISLE_DEV,S,True,True,67,1.500000000000008,3.750000000000001,-2.6645352591003757e-15,forward,False,61541265ef77ed2b889210873be884cb92f4c2a2952fa5c839ebf07dacfe728f,forward,9.75
ground_AISLE_S_b160_n92801,GroundV2,ART1_AISLE_DEV,S,True,True,68,1.750000000000008,3.75,-2.6645352591003757e-15,forward,False,6474aaf41e77ffe91219a1c20b1fe8f5b8cb253e1b7a87d6ecd633d533b76eeb,right,10.0
ground_AISLE_S_b160_n92801,GroundV2,ART1_AISLE_DEV,S,True,True,69,1.750000000000008,3.75,-0.5235987755983014,turn_right,False,800a90c611f1ca3fc44f07c5fcd0db890d8ace4179a965e029bd0cc67c283b96,observe,10.0
ground_AISLE_S_b160_n92801,GroundV2,ART1_AISLE_DEV,S,True,True,70,1.750000000000008,3.75,-0.5235987755983014,observe,False,f29e68439f89db73a6855463e5ccdfa981cef05ee5da8152c11079c72dab69ec,left,10.0
ground_AISLE_S_b160_n92801,GroundV2,ART1_AISLE_DEV,S,True,True,71,1.750000000000008,3.75,-2.6645352591003757e-15,turn_left,False,784978cc6131c112cf4e86076dbcf821354c15c18b77b763428d41c15d80ff14,forward,10.0
ground_AISLE_S_b160_n92801,GroundV2,ART1_AISLE_DEV,S,True,True,72,2.000000000000008,3.749999999999999,-2.6645352591003757e-15,forward,False,7a4fa077d421eb16a4089fd338dbfeacc7514d84fef0d15a170e9f83c4040b19,forward,10.25
ground_AISLE_S_b160_n92801,GroundV2,ART1_AISLE_DEV,S,True,True,73,2.250000000000008,3.7499999999999982,-2.6645352591003757e-15,forward,False,742ac0b4cafe363c8f481fe0a61bca26f06065ee94870c9c7b27483870876c6a,forward,10.5
ground_AISLE_S_b160_n92801,GroundV2,ART1_AISLE_DEV,S,True,True,74,2.500000000000008,3.7499999999999973,-2.6645352591003757e-15,forward,False,4c15b7615059cd76333f50bfff53828844703934b3fa5827ccd044c18ec371fa,forward,10.75
ground_AISLE_S_b160_n92801,GroundV2,ART1_AISLE_DEV,S,True,True,75,2.750000000000008,3.7499999999999964,-2.6645352591003757e-15,forward,False,d899735396160d01220a606e8419e32aaa6e6259a1a44fe70a10c1f8b68ac813,observe,11.0
ground_AISLE_S_b160_n92801,GroundV2,ART1_AISLE_DEV,S,True,True,76,2.750000000000008,3.7499999999999964,-2.6645352591003757e-15,observe,False,2f4dd5d74f1b58bdd1beb3abb84ba52e1b6b02277b2d4460bdfc35f10fc2fe8e,left,11.0
ground_AISLE_S_b160_n92801,GroundV2,ART1_AISLE_DEV,S,True,True,77,2.750000000000008,3.7499999999999964,0.523598775598296,turn_left,False,1325b8efee22c586ce1aa226a27141823a239ccbed74e2cbf7aa178eb8a2b568,left,11.0
ground_AISLE_S_b160_n92801,GroundV2,ART1_AISLE_DEV,S,True,True,78,2.750000000000008,3.7499999999999964,1.0471975511965947,turn_left,False,3dc7688caf3b9d3a093e964a0c08ea315ee3ae3e2fa2c55867f81c329f096897,left,11.0
ground_AISLE_S_b160_n92801,GroundV2,ART1_AISLE_DEV,S,True,True,79,2.750000000000008,3.7499999999999964,1.570796326794893,turn_left,False,f7e2261e41a63b5c17d7f0f2d12fc3c67650c60f9e36332c5431bcfe2589bf4b,left,11.0
ground_AISLE_S_b160_n92801,GroundV2,ART1_AISLE_DEV,S,True,True,80,2.750000000000008,3.7499999999999964,2.0943951023931913,turn_left,False,a897944d0def0f8f68d3bb0e7533c2b58addf0976d9501883c29871bf8b89262,left,11.0
ground_AISLE_S_b160_n92801,GroundV2,ART1_AISLE_DEV,S,True,True,81,2.750000000000008,3.7499999999999964,2.6179938779914895,turn_left,False,85dc1de1e78f1d8954a1c8772c02a6cf9fca2bd292f71f5c9de72aafcea6ecbd,left,11.0
ground_AISLE_S_b160_n92801,GroundV2,ART1_AISLE_DEV,S,True,True,82,2.750000000000008,3.7499999999999964,3.141592653589788,turn_left,False,f1bc9b297bd1f4448d44b2359d567517e08fe24548ff6641c249346c931dc44f,forward,11.0
ground_AISLE_S_b160_n92801,GroundV2,ART1_AISLE_DEV,S,True,True,83,2.500000000000008,3.749999999999998,3.141592653589788,forward,False,a3e1006b209cd67ec424b9c05c8e4480b4527493bcfc4582f31145ff7b73f0c8,forward,11.25
ground_AISLE_S_b160_n92801,GroundV2,ART1_AISLE_DEV,S,True,True,84,2.250000000000008,3.749999999999999,3.141592653589788,forward,False,fc4cac256c99177590572528a78ae82fc9f3203a1b9d72407205de083b8ae953,forward,11.5
ground_AISLE_S_b160_n92801,GroundV2,ART1_AISLE_DEV,S,True,True,85,2.000000000000008,3.7500000000000004,3.141592653589788,forward,False,3e5c1ccb8f6b5bec260b1475626102b1f104c977f2d8802a465d6396ed3386d9,forward,11.75
ground_AISLE_S_b160_n92801,GroundV2,ART1_AISLE_DEV,S,True,True,86,1.750000000000008,3.7500000000000018,3.141592653589788,forward,False,e3bfc7234a5007ebfa3a09aaf7e0c6d868bfdef4f0c8f1dc7ebb8f53437542a6,forward,12.0
ground_AISLE_S_b160_n92801,GroundV2,ART1_AISLE_DEV,S,True,True,87,1.500000000000008,3.750000000000003,3.141592653589788,forward,False,791fb449c81cde88537f02b8b6a588e5fb297ae90d71e79aa3c10d198fdd01b5,forward,12.25
ground_AISLE_S_b160_n92801,GroundV2,ART1_AISLE_DEV,S,True,True,88,1.250000000000008,3.7500000000000044,3.141592653589788,forward,False,58d5a159f3c9aabaa49f52f869e491d22b32ba34fbacdd681c7e6c76279e6e1e,forward,12.5
ground_AISLE_S_b160_n92801,GroundV2,ART1_AISLE_DEV,S,True,True,89,1.000000000000008,3.7500000000000058,3.141592653589788,forward,False,883e7dec19725888de0f3f72b1172772d08f7a810a534718e3618aa5944d9f55,forward,12.75
ground_AISLE_S_b160_n92801,GroundV2,ART1_AISLE_DEV,S,True,True,90,0.750000000000008,3.750000000000007,3.141592653589788,forward,False,56368665c4c227bf7a0d7d89814c3488f5eb9e279c1b8d025342b715cbd339fc,right,13.0
ground_AISLE_S_b160_n92801,GroundV2,ART1_AISLE_DEV,S,True,True,91,0.750000000000008,3.750000000000007,2.6179938779914895,turn_right,False,6ccba7684d21de5a7eadca2127b1e4daeaaf0f0ab1221c2b40f15d17b3a3a211,right,13.0
ground_AISLE_S_b160_n92801,GroundV2,ART1_AISLE_DEV,S,True,True,92,0.750000000000008,3.750000000000007,2.0943951023931913,turn_right,False,c7b098717649833e674fc24d5b9650e4b16e91453e6d1355823c3119c495823d,right,13.0
ground_AISLE_S_b160_n92801,GroundV2,ART1_AISLE_DEV,S,True,True,93,0.750000000000008,3.750000000000007,1.570796326794893,turn_right,False,d8b1c43e10d6814c97af67811ee0c2592fa3464d917344e439607a03bdd1103c,forward,13.0
ground_AISLE_S_b160_n92801,GroundV2,ART1_AISLE_DEV,S,True,True,94,0.7500000000000089,4.000000000000007,1.570796326794893,forward,False,2fbb7d9b518e1fc6382f1ada38b61340267fa75b00d7ab57ad14db64a90cd42a,forward,13.25
ground_AISLE_S_b160_n92801,GroundV2,ART1_AISLE_DEV,S,True,True,95,0.7500000000000098,4.250000000000007,1.570796326794893,forward,False,e35d41cfe6fa34ad3609c4032473340de2d03896c1c8ecf28dff343bd9224786,forward,13.5
ground_AISLE_S_b160_n92801,GroundV2,ART1_AISLE_DEV,S,True,True,96,0.7500000000000107,4.500000000000007,1.570796326794893,forward,False,190a716b1704e13498738148b0d10654ed264018fa13a4fbe32d3c6be6168fb0,forward,13.75
ground_AISLE_S_b160_n92801,GroundV2,ART1_AISLE_DEV,S,True,True,97,0.7500000000000115,4.750000000000007,1.570796326794893,forward,False,5460d9818f9e3f8e4796884cffd46efb408489ffc3dabafe8b2a1292bd4299e0,right,14.0
ground_AISLE_S_b160_n92801,GroundV2,ART1_AISLE_DEV,S,True,True,98,0.7500000000000115,4.750000000000007,1.0471975511965947,turn_right,False,0f48b322e09039e8a89a280a2b85bb966839a56a74a0a4856c109e036f11cf7f,right,14.0
ground_AISLE_S_b160_n92801,GroundV2,ART1_AISLE_DEV,S,True,True,99,0.7500000000000115,4.750000000000007,0.523598775598296,turn_right,False,db9d3b006f3af109c8e4887cb192b985cac5fdcdfddbbeffcbfce02c5a5b8be6,observe,14.0
ground_AISLE_S_b160_n92801,GroundV2,ART1_AISLE_DEV,S,True,True,100,0.7500000000000115,4.750000000000007,0.523598775598296,observe,False,8194940c73fdddaeb077496b0a3dd3d7f707205c46488dee417bf24a38a03ce2,right,14.0
ground_AISLE_S_b160_n92801,GroundV2,ART1_AISLE_DEV,S,True,True,101,0.7500000000000115,4.750000000000007,-2.6645352591003757e-15,turn_right,False,2b809d9db0deea3b77d8fd90256c2abb361c8fe0b73817ceceff44fce5c69c79,right,14.0
ground_AISLE_S_b160_n92801,GroundV2,ART1_AISLE_DEV,S,True,True,102,0.7500000000000115,4.750000000000007,-0.5235987755983014,turn_right,False,94b7962bd2b5f6a87e0e03c84b67f167e8f4730141fa4588609adf3e9f6a9f76,observe,14.0
ground_AISLE_S_b160_n92801,GroundV2,ART1_AISLE_DEV,S,True,True,103,0.7500000000000115,4.750000000000007,-0.5235987755983014,observe,False,6775835edcfc27d841316a0e13249bcd8429c237436e1c47f7017dd0449e3562,right,14.0
ground_AISLE_S_b160_n92801,GroundV2,ART1_AISLE_DEV,S,True,True,104,0.7500000000000115,4.750000000000007,-1.0471975511966,turn_right,False,278a82c5c6d07c66285b538927a112e639eca2c09a0d03895f2f92e1f7a16be7,observe,14.0
ground_AISLE_S_b160_n92801,GroundV2,ART1_AISLE_DEV,S,True,True,105,0.7500000000000115,4.750000000000007,-1.0471975511966,observe,False,7216a03ce8df6d65a440f9a67c5c8aa12f3bca677f75a5777da2fc935ba2b95c,right,14.0
ground_AISLE_S_b160_n92801,GroundV2,ART1_AISLE_DEV,S,True,True,106,0.7500000000000115,4.750000000000007,-1.5707963267948988,turn_right,False,4a7b7a4b70ed94cf52ead373bd6769545cdd4efda3c1b40b7755e4669ab786ab,observe,14.0
ground_AISLE_S_b160_n92801,GroundV2,ART1_AISLE_DEV,S,True,True,107,0.7500000000000115,4.750000000000007,-1.5707963267948988,observe,False,737c8b09b5491436fd5e6e657e42c458888077ef63e8d80378ca5a480dccf52b,forward,14.0
ground_AISLE_S_b160_n92801,GroundV2,ART1_AISLE_DEV,S,True,True,108,0.750000000000011,4.500000000000007,-1.5707963267948988,forward,False,be1f363de745c085e2f1a71efb5d466ed0949e8f7a7136cafa4a9cbd19768feb,forward,14.25
ground_AISLE_S_b160_n92801,GroundV2,ART1_AISLE_DEV,S,True,True,109,0.7500000000000104,4.250000000000007,-1.5707963267948988,forward,False,57ff86fb0342ce27f0347ee0c1e8d33648b946795d27133415266d70d3d5559a,forward,14.5
ground_AISLE_S_b160_n92801,GroundV2,ART1_AISLE_DEV,S,True,True,110,0.7500000000000099,4.000000000000007,-1.5707963267948988,forward,False,ab9d56a84932530c399ca16cc78b1a3a2c72ad334c7e1ca06ed908be57926300,forward,14.75
ground_AISLE_S_b160_n92801,GroundV2,ART1_AISLE_DEV,S,True,True,111,0.7500000000000093,3.750000000000007,-1.5707963267948988,forward,False,1eea345045c1ba06f35b3d976925ce811d8c87dc2ac53cd4e1418d3d638d7b98,left,15.0
ground_AISLE_S_b160_n92801,GroundV2,ART1_AISLE_DEV,S,True,True,112,0.7500000000000093,3.750000000000007,-1.0471975511966,turn_left,False,b27b81d29d0d517c405891d58695394f18464e37096fe2399fa4216c88b74090,observe,15.0
ground_AISLE_S_b160_n92801,GroundV2,ART1_AISLE_DEV,S,True,True,113,0.7500000000000093,3.750000000000007,-1.0471975511966,observe,False,a6d443402616bd03383fcb7872fe26e746fec24e571dc39a01325a9c18551d3b,left,15.0
ground_AISLE_S_b160_n92801,GroundV2,ART1_AISLE_DEV,S,True,True,114,0.7500000000000093,3.750000000000007,-0.5235987755983014,turn_left,False,5ec6722fbee67f31fe4671388aaf04f2cc9330600c09a3b19b845f39ad987948,left,15.0
ground_AISLE_S_b160_n92801,GroundV2,ART1_AISLE_DEV,S,True,True,115,0.7500000000000093,3.750000000000007,-2.6645352591003757e-15,turn_left,False,35a16cb9ba8ea537b17f58ad61d26f2d14974a745b1170e9270093618852758e,forward,15.0
ground_AISLE_S_b160_n92801,GroundV2,ART1_AISLE_DEV,S,True,True,116,1.0000000000000093,3.750000000000006,-2.6645352591003757e-15,forward,False,eaed2226323ed130b6024b0bb6530132ac1af90115ac06e7e657dd8cceb495bd,forward,15.25
ground_AISLE_S_b160_n92801,GroundV2,ART1_AISLE_DEV,S,True,True,117,1.2500000000000093,3.7500000000000053,-2.6645352591003757e-15,forward,False,1dacf99656040af4e3709f25eb96e9f530804c4ea6720ca2e497a8ce79c611fc,forward,15.5
ground_AISLE_S_b160_n92801,GroundV2,ART1_AISLE_DEV,S,True,True,118,1.5000000000000093,3.7500000000000044,-2.6645352591003757e-15,forward,False,9649742f89caf4496f29ec400a633bcee1aa89a7ac45af64c698944069134b99,forward,15.75
ground_AISLE_S_b160_n92801,GroundV2,ART1_AISLE_DEV,S,True,True,119,1.7500000000000093,3.7500000000000036,-2.6645352591003757e-15,forward,False,3888a19bf6f9062a4b5d9943725e5cea7d6561c63ae3d63fca7de0411fa597a0,forward,16.0
ground_AISLE_S_b160_n92801,GroundV2,ART1_AISLE_DEV,S,True,True,120,2.0000000000000093,3.7500000000000027,-2.6645352591003757e-15,forward,False,69647e5d12ff4a506d767eb8fa9efe92b90fb340976b0e490abd2c385447ddae,forward,16.25
ground_AISLE_S_b160_n92801,GroundV2,ART1_AISLE_DEV,S,True,True,121,2.2500000000000093,3.7500000000000018,-2.6645352591003757e-15,forward,False,93b70234a3a79624115cc85ea0614c12a8295f536a0a7a9444ce4ac49bc3a42c,forward,16.5
ground_AISLE_S_b160_n92801,GroundV2,ART1_AISLE_DEV,S,True,True,122,2.5000000000000093,3.750000000000001,-2.6645352591003757e-15,forward,False,b590da37bfc081bafad7cc8f879303985c1dd55017951a8db855493e7f33bd70,forward,16.75
ground_AISLE_S_b160_n92801,GroundV2,ART1_AISLE_DEV,S,True,True,123,2.7500000000000093,3.75,-2.6645352591003757e-15,forward,False,a184fd6c90112312c15dc15bffc9685cfd6fd04d6996d21b139ced79c106f695,right,17.0
ground_AISLE_S_b160_n92801,GroundV2,ART1_AISLE_DEV,S,True,True,124,2.7500000000000093,3.75,-0.5235987755983014,turn_right,False,c0157653c10c47dc0463c26e5e7697f68d8fafdd0d866b35c83f977ff47125c7,right,17.0
ground_AISLE_S_b160_n92801,GroundV2,ART1_AISLE_DEV,S,True,True,125,2.7500000000000093,3.75,-1.0471975511966,turn_right,False,6f23122119c500ffba265ac1ad9b0a25875665a194f155e45ed38ed764540914,right,17.0
ground_AISLE_S_b160_n92801,GroundV2,ART1_AISLE_DEV,S,True,True,126,2.7500000000000093,3.75,-1.5707963267948988,turn_right,False,6241e3767cdec70a1ee546ea98e9cfcb4a60ee7d5056b50d9c1d6ff01f9b62a0,right,17.0
ground_AISLE_S_b160_n92801,GroundV2,ART1_AISLE_DEV,S,True,True,127,2.7500000000000093,3.75,-2.0943951023931975,turn_right,False,0e712b6b17a801d638630226aa30d3b62b3fe99686b4e290204178799d966ff6,observe,17.0
ground_AISLE_S_b160_n92801,GroundV2,ART1_AISLE_DEV,S,True,True,128,2.7500000000000093,3.75,-2.0943951023931975,observe,False,892883d09a7679989984b59f0d057610e9500d6fc1a9cc3b0e1b51115e5ae96f,right,17.0
ground_AISLE_S_b160_n92801,GroundV2,ART1_AISLE_DEV,S,True,True,129,2.7500000000000093,3.75,-2.617993877991496,turn_right,False,1e6d0d8ade40ad46f2d108a6e87ecacf3028a9cb25eab3c36a1fe6c27928ac53,observe,17.0
ground_AISLE_S_b160_n92801,GroundV2,ART1_AISLE_DEV,S,True,True,130,2.7500000000000093,3.75,-2.617993877991496,observe,False,e2f777631b39ae4b42dd7edd4e3eb3b2faec829d5fbe5b397686d6eed9bc4ffb,right,17.0
ground_AISLE_S_b160_n92801,GroundV2,ART1_AISLE_DEV,S,True,True,131,2.7500000000000093,3.75,3.1415926535897913,turn_right,False,9198f4077f8dc61572bea8686198c85f9d993d902802438948dd725eca5a6005,forward,17.0
ground_AISLE_S_b160_n92801,GroundV2,ART1_AISLE_DEV,S,True,True,132,2.5000000000000093,3.7500000000000004,3.1415926535897913,forward,False,4dcf42a93327e84369370e6b60814e9542c969bf9f66e3deab17ad660fb8f8fb,forward,17.25
ground_AISLE_S_b160_n92801,GroundV2,ART1_AISLE_DEV,S,True,True,133,2.2500000000000093,3.750000000000001,3.1415926535897913,forward,False,97bc484eda42ab96679590f6f2497dfb324c5ab7ccfbad620934a57892efb1d4,forward,17.5
ground_AISLE_S_b160_n92801,GroundV2,ART1_AISLE_DEV,S,True,True,134,2.0000000000000093,3.7500000000000013,3.1415926535897913,forward,False,d75c56462f27ba948b7bca5aec071dee81be9d93fa6dcd2f1ddbdd57f8ea60e3,forward,17.75
ground_AISLE_S_b160_n92801,GroundV2,ART1_AISLE_DEV,S,True,True,135,1.7500000000000093,3.7500000000000018,3.1415926535897913,forward,False,2cd2bfd5825969f272f152033613753676c813dd8488412c9209a01bd21404be,left,18.0
ground_AISLE_S_b160_n92801,GroundV2,ART1_AISLE_DEV,S,True,True,136,1.7500000000000093,3.7500000000000018,-2.6179938779914966,turn_left,False,d73fe28a2d6a09d2ea96f4f20983f4c8720f3196787fb167f715b0283c8e6fe3,observe,18.0
ground_AISLE_S_b160_n92801,GroundV2,ART1_AISLE_DEV,S,True,True,137,1.7500000000000093,3.7500000000000018,-2.6179938779914966,observe,False,30c7f5f0a42d6f2ffae828a4377992139e1750f65caf5d98aca7fd341dffffd9,right,18.0
ground_AISLE_S_b160_n92801,GroundV2,ART1_AISLE_DEV,S,True,True,138,1.7500000000000093,3.7500000000000018,3.1415926535897913,turn_right,False,505fbe946f086169e2e69d8644407bf8cd2350f5c1f90861a513b4da014665f1,forward,18.0
ground_AISLE_S_b160_n92801,GroundV2,ART1_AISLE_DEV,S,True,True,139,1.5000000000000093,3.750000000000002,3.1415926535897913,forward,False,56feac02e7c2ec30983a7e1d89dca7c6e6dd820804e84daba181e907761ec977,forward,18.25
ground_AISLE_S_b160_n92801,GroundV2,ART1_AISLE_DEV,S,True,True,140,1.2500000000000093,3.7500000000000027,3.1415926535897913,forward,False,83cbeb7033dc5371914b76a22e5b7641afb9f8fbea9508ccc4f0c09b25d8429c,forward,18.5
ground_AISLE_S_b160_n92801,GroundV2,ART1_AISLE_DEV,S,True,True,141,1.0000000000000093,3.750000000000003,3.1415926535897913,forward,False,3f255e4aa0d6c9944e06e0fd14b61d307d6330c71360f159f8b3e60703653cb6,forward,18.75
ground_AISLE_S_b160_n92801,GroundV2,ART1_AISLE_DEV,S,True,True,142,0.7500000000000093,3.7500000000000036,3.1415926535897913,forward,False,a0d0d7f7031c739bef17deab64ed5eac16675d5fbdbade7b1dcf022a5683817a,left,19.0
ground_AISLE_S_b160_n92801,GroundV2,ART1_AISLE_DEV,S,True,True,143,0.7500000000000093,3.7500000000000036,-2.6179938779914966,turn_left,False,a60d21c0fe717d26202109e9f9b3e0cfaf4495de6b247bc4dfa7374bb4ca74c1,left,19.0
ground_AISLE_S_b160_n92801,GroundV2,ART1_AISLE_DEV,S,True,True,144,0.7500000000000093,3.7500000000000036,-2.094395102393198,turn_left,False,e228f0c4c99d7fe930bdfefabe8d36a8836501d94cba495012efacd807f253bf,left,19.0
ground_AISLE_S_b160_n92801,GroundV2,ART1_AISLE_DEV,S,True,True,145,0.7500000000000093,3.7500000000000036,-1.5707963267948992,turn_left,False,88af0d87d5210be87f35dd452a6a007a26dc2ff4ae65811e3206aa2da1246eff,forward,19.0
ground_AISLE_S_b160_n92801,GroundV2,ART1_AISLE_DEV,S,True,True,146,0.7500000000000087,3.5000000000000036,-1.5707963267948992,forward,False,b368c04b24e3b5f351148012f8806bf51c11d2999ad040783372882b3c933f33,forward,19.25
ground_AISLE_S_b160_n92801,GroundV2,ART1_AISLE_DEV,S,True,True,147,0.750000000000008,3.2500000000000036,-1.5707963267948992,forward,False,3d598a48df4f0a48e8491669b287136a42f88422567d4f7b0abaf26abc11a080,forward,19.5
ground_AISLE_S_b160_n92801,GroundV2,ART1_AISLE_DEV,S,True,True,148,0.7500000000000073,3.0000000000000036,-1.5707963267948992,forward,False,7be5592bc14504959c7cea3a52e979af5780b430d747d798ecf33fc900910ea0,forward,19.75
ground_AISLE_S_b160_n92801,GroundV2,ART1_AISLE_DEV,S,True,True,149,0.7500000000000067,2.7500000000000036,-1.5707963267948992,forward,False,856475c6d19a20c3186c25e1e0125ee77cf6a4c984d836479494d431823b0bf9,forward,20.0
ground_AISLE_S_b160_n92801,GroundV2,ART1_AISLE_DEV,S,True,True,150,0.750000000000006,2.5000000000000036,-1.5707963267948992,forward,False,b637957f8c1978a575605de887bf0ce2faad9837c356ebb243b07ae427111603,forward,20.25
ground_AISLE_S_b160_n92801,GroundV2,ART1_AISLE_DEV,S,True,True,151,0.7500000000000053,2.2500000000000036,-1.5707963267948992,forward,False,2c0bbf4b260cf122202ff6c98895d66b3abf66fcd886439ee7a88c8c46249359,forward,20.5
ground_AISLE_S_b160_n92801,GroundV2,ART1_AISLE_DEV,S,True,True,152,0.7500000000000047,2.0000000000000036,-1.5707963267948992,forward,False,0eff07b7242d1a5c119ac2f932ca2bba2e0f282d18b220a54c6d25d12763ff87,forward,20.75
ground_AISLE_S_b160_n92801,GroundV2,ART1_AISLE_DEV,S,True,True,153,0.750000000000004,1.7500000000000036,-1.5707963267948992,forward,False,9acc6313ac7da592e5dcaa73decadf0682d22b948ca147f5318bdfe1e637c8f9,forward,21.0
ground_AISLE_S_b160_n92801,GroundV2,ART1_AISLE_DEV,S,True,True,154,0.7500000000000033,1.5000000000000036,-1.5707963267948992,forward,False,96703cd50f43f2071bfafa89bb8c5533b2b91c71b3a580bc1cf301375766bae1,forward,21.25
ground_AISLE_S_b160_n92801,GroundV2,ART1_AISLE_DEV,S,True,True,155,0.7500000000000027,1.2500000000000036,-1.5707963267948992,forward,False,3109699e4218e5469b38159232f291ae2456f7c45bf281637d4bcdaaf6299f91,forward,21.5
ground_AISLE_S_b160_n92801,GroundV2,ART1_AISLE_DEV,S,True,True,156,0.750000000000002,1.0000000000000036,-1.5707963267948992,forward,False,4b270c0a85068693e4889e22fe15ac33df8cb7c397b4ede4d72f8c8b72f3589c,forward,21.75
ground_AISLE_S_b160_n92801,GroundV2,ART1_AISLE_DEV,S,True,True,157,0.7500000000000013,0.7500000000000036,-1.5707963267948992,forward,False,e721a2ef85a1384639b67adc031184bb263b8d3eb535695c52061d5a050728bd,left,22.0
ground_AISLE_S_b160_n92801,GroundV2,ART1_AISLE_DEV,S,True,True,158,0.7500000000000013,0.7500000000000036,-1.0471975511966005,turn_left,False,ebe0425fd9c4ee3e27a16d7d1b5fe340312fade4caad7c5930cac6ce4628e305,left,22.0
ground_AISLE_S_b160_n92801,GroundV2,ART1_AISLE_DEV,S,True,True,159,0.7500000000000013,0.7500000000000036,-0.5235987755983018,turn_left,False,6bfb6950af67d03af79c766f0e986c1fa7aee23d06d119ab895bd78f89943c08,left,22.0
ground_AISLE_S_b160_n92801,GroundV2,ART1_AISLE_DEV,S,True,True,160,0.7500000000000013,0.7500000000000036,-3.1086244689504383e-15,turn_left,False,ea411a599937a759fcc10141ac34e103929f6ba622d1945ef25ffcd1e8e493a2,stop,22.0
ground_CELL_B_b160_n92801,GroundV2,ART1_CELL_DEV,B,True,True,0,0.75,0.75,0.0,initial_observation,False,6ecf0c9411baedf0a2c0d32d531f5d5b28831779208fab85d3b2b92e2211f0e2,forward,0.0
ground_CELL_B_b160_n92801,GroundV2,ART1_CELL_DEV,B,True,True,1,1.0,0.75,0.0,forward,False,a2320c211a9b91f193cffd7a3dd344dfedf9e9860a8d1473556322aba53ded05,forward,0.25
ground_CELL_B_b160_n92801,GroundV2,ART1_CELL_DEV,B,True,True,2,1.25,0.75,0.0,forward,False,d6c14ad690dfb75e2d64d743865437250128093b41b3dad16f8f28b853ac4ad2,forward,0.5
ground_CELL_B_b160_n92801,GroundV2,ART1_CELL_DEV,B,True,True,3,1.5,0.75,0.0,forward,False,cd7e37f38f2c84641364d3d4cb5eec6b02fe834a46458f1088706eca6f8a9646,forward,0.75
ground_CELL_B_b160_n92801,GroundV2,ART1_CELL_DEV,B,True,True,4,1.75,0.75,0.0,forward,False,13fca7629f8cf0ec944f629fd8fa2bc493d2f38ebe13246494fffea872edef66,forward,1.0
ground_CELL_B_b160_n92801,GroundV2,ART1_CELL_DEV,B,True,True,5,2.0,0.75,0.0,forward,False,a5ffa67591c22f3ffb074796b9dd533dc4738cbde5a54d1f294a1022a2a0ac30,forward,1.25
ground_CELL_B_b160_n92801,GroundV2,ART1_CELL_DEV,B,True,True,6,2.25,0.75,0.0,forward,False,4cd6a33d287d92e18412e567f39ab6748861a826d6c1e8c558050d27562c8f19,forward,1.5
ground_CELL_B_b160_n92801,GroundV2,ART1_CELL_DEV,B,True,True,7,2.5,0.75,0.0,forward,False,4898b22a152cf1e6de9a05492f3e22355618d45e7bc5a303034e7c70270e99c8,forward,1.75
ground_CELL_B_b160_n92801,GroundV2,ART1_CELL_DEV,B,True,True,8,2.75,0.75,0.0,forward,False,a329e751eede01e3e007f770adca31786b4ea75b4555ec8a806077e158222739,forward,2.0
ground_CELL_B_b160_n92801,GroundV2,ART1_CELL_DEV,B,True,True,9,3.0,0.75,0.0,forward,False,38d3aeaf60ef6f864ffa901b92717f29a49e694db38d6bf8aa29f3d3ec6de3b6,forward,2.25
ground_CELL_B_b160_n92801,GroundV2,ART1_CELL_DEV,B,True,True,10,3.25,0.75,0.0,forward,False,f4348a088ef8e078b860b5e53cebbb838c9c5b65d9ccd67e7497615b5cefe56a,forward,2.5
ground_CELL_B_b160_n92801,GroundV2,ART1_CELL_DEV,B,True,True,11,3.5,0.75,0.0,forward,False,ebc6a3cdae1f11fba1c2afd9db3ac48153f38e5800de6e49c1bcce3a50f97d56,forward,2.75
ground_CELL_B_b160_n92801,GroundV2,ART1_CELL_DEV,B,True,True,12,3.75,0.75,0.0,forward,False,72e6670296d0e042e84ec701bd676b8b6552e2a2b6b39f744745e16abc3dc6df,left,3.0
ground_CELL_B_b160_n92801,GroundV2,ART1_CELL_DEV,B,True,True,13,3.75,0.75,0.5235987755982987,turn_left,False,0bf09eb0542d1c84a25209a1042e3e3bcecd09a5f9bf2c219fc7076b2d713710,left,3.0
ground_CELL_B_b160_n92801,GroundV2,ART1_CELL_DEV,B,True,True,14,3.75,0.75,1.0471975511965974,turn_left,False,6cbaa926dcea884e0201323244a090bdcdc28ccf4a9bf1de5c7a01d1423db6ac,left,3.0
ground_CELL_B_b160_n92801,GroundV2,ART1_CELL_DEV,B,True,True,15,3.75,0.75,1.5707963267948966,turn_left,False,4f3d21b10588845cd461f4a12014b27a8061e9278ea77d829c54e8b4cc53177f,forward,3.0
ground_CELL_B_b160_n92801,GroundV2,ART1_CELL_DEV,B,True,True,16,3.75,1.0,1.5707963267948966,forward,False,f774593879080db436aa9f2ca24be9968381ff095bd56d8582447ba547ad67dc,forward,3.25
ground_CELL_B_b160_n92801,GroundV2,ART1_CELL_DEV,B,True,True,17,3.75,1.25,1.5707963267948966,forward,False,2e052303b04c90ecca7e2105efe0390a2a605e1e2ca8ecb321372aaccc567277,forward,3.5
ground_CELL_B_b160_n92801,GroundV2,ART1_CELL_DEV,B,True,True,18,3.75,1.5,1.5707963267948966,forward,False,8a5c914d7dd0d446beae07e35775d6d872fe66cba84cdb6b18e6702e7cc44b47,forward,3.75
ground_CELL_B_b160_n92801,GroundV2,ART1_CELL_DEV,B,True,True,19,3.75,1.75,1.5707963267948966,forward,False,b1e43addc3838bceda5f5adaffe1196e26fcdd658ecda8d5980b0ac50bf9951c,observe,4.0
ground_CELL_B_b160_n92801,GroundV2,ART1_CELL_DEV,B,True,True,20,3.75,1.75,1.5707963267948966,observe,False,152f879d0e7f0cf163f510697cea255d1936d6943cfa177b87d7b3647b4fdc7e,forward,4.0
ground_CELL_B_b160_n92801,GroundV2,ART1_CELL_DEV,B,True,True,21,3.75,2.0,1.5707963267948966,forward,False,9f1b187a7300df4eb32d343f369b40dba84a363f99dec01b545f71522d801781,forward,4.25
ground_CELL_B_b160_n92801,GroundV2,ART1_CELL_DEV,B,True,True,22,3.75,2.25,1.5707963267948966,forward,False,22c06ea557363a196ef3fc3e523eaceb86b53179db832c068da82319554bd75e,forward,4.5
ground_CELL_B_b160_n92801,GroundV2,ART1_CELL_DEV,B,True,True,23,3.75,2.5,1.5707963267948966,forward,False,53fc25289b30ba82ad46a253300fa98ef347211ecaf7a8439371ae6612b31e5e,forward,4.75
ground_CELL_B_b160_n92801,GroundV2,ART1_CELL_DEV,B,True,True,24,3.75,2.75,1.5707963267948966,forward,False,304777e027271da7c060878cf749650b3aa27caeb61833dfed996c3505d19790,right,5.0
ground_CELL_B_b160_n92801,GroundV2,ART1_CELL_DEV,B,True,True,25,3.75,2.75,1.0471975511965983,turn_right,False,9e0d9ed3a564b4e8b527b7d61ffd0c151fbc4c5a3d75dc9b286907917a674655,right,5.0
ground_CELL_B_b160_n92801,GroundV2,ART1_CELL_DEV,B,True,True,26,3.75,2.75,0.5235987755982996,turn_right,False,1d48389e6f5e042b504c0a0f84bbc16e29b280205449703fa99f2f2f20e92601,observe,5.0
ground_CELL_B_b160_n92801,GroundV2,ART1_CELL_DEV,B,True,True,27,3.75,2.75,0.5235987755982996,observe,False,5a07f3f07493877f56eec9ce3bf3753a3229bccb63f206acea90632b12557b84,right,5.0
ground_CELL_B_b160_n92801,GroundV2,ART1_CELL_DEV,B,True,True,28,3.75,2.75,8.881784197001252e-16,turn_right,False,1e5fcaa2339013623915b7a48acf5897382e5fdaa2beca7feb5ee4758901b9a6,right,5.0
ground_CELL_B_b160_n92801,GroundV2,ART1_CELL_DEV,B,True,True,29,3.75,2.75,-0.5235987755982978,turn_right,False,937659b56831e5a91107b4fb875de992d0c4ed51178cedc19f1a58697108f6b9,right,5.0
ground_CELL_B_b160_n92801,GroundV2,ART1_CELL_DEV,B,True,True,30,3.75,2.75,-1.0471975511965965,turn_right,False,6155f0a0fec63429211a5728f0a86d6e1ce7945eb1b615bdec6fa5961c0dca80,right,5.0
ground_CELL_B_b160_n92801,GroundV2,ART1_CELL_DEV,B,True,True,31,3.75,2.75,-1.5707963267948952,turn_right,False,35c86ef49ebb6fd14bb5bb46e51312f7ecfe22c8e7c6d9fdc6bebe388e32138f,forward,5.0
ground_CELL_B_b160_n92801,GroundV2,ART1_CELL_DEV,B,True,True,32,3.7500000000000004,2.5,-1.5707963267948952,forward,False,a7d7679b709ff25f10aa27f991ce01dd37d31bfbf4f591119551c967be1887e4,forward,5.25
ground_CELL_B_b160_n92801,GroundV2,ART1_CELL_DEV,B,True,True,33,3.750000000000001,2.25,-1.5707963267948952,forward,False,dcb075146a4fff4fcbaf84f847867013c4574afb089cdfcbb92b14be92ec48c0,forward,5.5
ground_CELL_B_b160_n92801,GroundV2,ART1_CELL_DEV,B,True,True,34,3.7500000000000013,2.0,-1.5707963267948952,forward,False,4ebd7d324df68e17c7e3ab20aaa2e6740da631111f5d17bd243cc93c5ec31a56,forward,5.75
ground_CELL_B_b160_n92801,GroundV2,ART1_CELL_DEV,B,True,True,35,3.7500000000000018,1.75,-1.5707963267948952,forward,False,ccc3b443ce02bb045634b5359e00e220cf6a0711f004c7b0055ffa511c9962f0,left,6.0
ground_CELL_B_b160_n92801,GroundV2,ART1_CELL_DEV,B,True,True,36,3.7500000000000018,1.75,-1.0471975511965965,turn_left,False,1cf50ba1b59b06075f0e2b0c90b73c6dc861330185d61fbd29a29caccae648f7,left,6.0
ground_CELL_B_b160_n92801,GroundV2,ART1_CELL_DEV,B,True,True,37,3.7500000000000018,1.75,-0.5235987755982978,turn_left,False,93a7dfa390ceb30e1984598afcc17f8e11c0593d4e5fee1688c76ae2f3212a60,left,6.0
ground_CELL_B_b160_n92801,GroundV2,ART1_CELL_DEV,B,True,True,38,3.7500000000000018,1.75,8.881784197001252e-16,turn_left,False,8f8d3476e33f82dc2eadb4399342f5ab2784d302a99d7fda92af31e12e75b72b,forward,6.0
ground_CELL_B_b160_n92801,GroundV2,ART1_CELL_DEV,B,True,True,39,4.000000000000002,1.7500000000000002,8.881784197001252e-16,forward,False,23c88d23398dd327226bf2d07fc58cd0e200f4cd90c55793856981396834b1c3,forward,6.25
ground_CELL_B_b160_n92801,GroundV2,ART1_CELL_DEV,B,True,True,40,4.250000000000002,1.7500000000000004,8.881784197001252e-16,forward,False,291baf32cadc6d24ba3aeff5b3518d91650c048c2d05922f26affecf418ab3e2,forward,6.5
ground_CELL_B_b160_n92801,GroundV2,ART1_CELL_DEV,B,True,True,41,4.500000000000002,1.7500000000000007,8.881784197001252e-16,forward,False,38068cb6365d49ca6bfac7375e3d1ac6745a3ea18910af877b0d1e1bc037f08e,forward,6.75
ground_CELL_B_b160_n92801,GroundV2,ART1_CELL_DEV,B,True,True,42,4.750000000000002,1.7500000000000009,8.881784197001252e-16,forward,False,8178000f47be8e5b982efbdf1d0674e6a740db241473e2773f8ced1a678e2600,left,7.0
ground_CELL_B_b160_n92801,GroundV2,ART1_CELL_DEV,B,True,True,43,4.750000000000002,1.7500000000000009,0.5235987755982996,turn_left,False,579503eda71fd54ab814e6a85e0b274c5d8c3f72e9d91a4d0b9145558f974026,left,7.0
ground_CELL_B_b160_n92801,GroundV2,ART1_CELL_DEV,B,True,True,44,4.750000000000002,1.7500000000000009,1.0471975511965983,turn_left,False,d610a9d19ef98bdafd047ca4719d0b43b7008c2258d0adf90dd33b7c79592fe8,observe,7.0
ground_CELL_B_b160_n92801,GroundV2,ART1_CELL_DEV,B,True,True,45,4.750000000000002,1.7500000000000009,1.0471975511965983,observe,False,918de5fc1d6ffcb21f4573176cfea91a1598cd999d56acedcc94c63409db405b,right,7.0
ground_CELL_B_b160_n92801,GroundV2,ART1_CELL_DEV,B,True,True,46,4.750000000000002,1.7500000000000009,0.5235987755982996,turn_right,False,c94b65efa7dbdf7a5d8ffbf005a5c5a172ff2bf7dfbe7f31c3fcb62f896856f5,right,7.0
ground_CELL_B_b160_n92801,GroundV2,ART1_CELL_DEV,B,True,True,47,4.750000000000002,1.7500000000000009,8.881784197001252e-16,turn_right,False,ebe2ef9a6c42bca6da4a57221b36a094609a8e9d8c3f0c3f3d5e2dbcc9596335,forward,7.0
ground_CELL_B_b160_n92801,GroundV2,ART1_CELL_DEV,B,True,True,48,5.000000000000002,1.750000000000001,8.881784197001252e-16,forward,False,6fcd3fe7eeaa2a44a5561a1e90513189f9f081b15861b8ba2d5fc260c3242c44,forward,7.25
ground_CELL_B_b160_n92801,GroundV2,ART1_CELL_DEV,B,True,True,49,5.250000000000002,1.7500000000000013,8.881784197001252e-16,forward,False,03897f516266341ffc4ff9176be39df7473b9d8d034e3bf8216419e47c95f3f3,forward,7.5
ground_CELL_B_b160_n92801,GroundV2,ART1_CELL_DEV,B,True,True,50,5.500000000000002,1.7500000000000016,8.881784197001252e-16,forward,False,0cc5fdb653fb717969039677ff75e684190bc51f0f2b0004ccfa01ad2f11a846,forward,7.75
ground_CELL_B_b160_n92801,GroundV2,ART1_CELL_DEV,B,True,True,51,5.750000000000002,1.7500000000000018,8.881784197001252e-16,forward,False,63740d6763858b500119d8862c0c480774e5a0e596049acd28db57ccc3f4e3d6,left,8.0
ground_CELL_B_b160_n92801,GroundV2,ART1_CELL_DEV,B,True,True,52,5.750000000000002,1.7500000000000018,0.5235987755982996,turn_left,False,194b3fdfd2e65bca31151af562b787a0af765b9da19a51ae8ffa53d51d747b8b,left,8.0
ground_CELL_B_b160_n92801,GroundV2,ART1_CELL_DEV,B,True,True,53,5.750000000000002,1.7500000000000018,1.0471975511965983,turn_left,False,cc9d72a06378b223b24c4f7353826a4270f84d2e65599db68d90404bd0f245c8,observe,8.0
ground_CELL_B_b160_n92801,GroundV2,ART1_CELL_DEV,B,True,True,54,5.750000000000002,1.7500000000000018,1.0471975511965983,observe,False,1655a7dac692ff09bded9a11282f48ae507d7ece448efc758364f6cd2cd91e6e,left,8.0
ground_CELL_B_b160_n92801,GroundV2,ART1_CELL_DEV,B,True,True,55,5.750000000000002,1.7500000000000018,1.5707963267948966,turn_left,False,0fa1426cc66c0728f9e3867153944aecce6b90fd9caf3d4b12bf2da57b7aca3a,observe,8.0
ground_CELL_B_b160_n92801,GroundV2,ART1_CELL_DEV,B,True,True,56,5.750000000000002,1.7500000000000018,1.5707963267948966,observe,False,0e739bde65e33cd2dfac5864bdddb0e60fa2fbb250dee72ba81b5c5560c00273,left,8.0
ground_CELL_B_b160_n92801,GroundV2,ART1_CELL_DEV,B,True,True,57,5.750000000000002,1.7500000000000018,2.094395102393195,turn_left,False,a1a7407a9067b14e88adc519c201aa1d64050c9ae81f44ed39bb1273ecda8860,observe,8.0
ground_CELL_B_b160_n92801,GroundV2,ART1_CELL_DEV,B,True,True,58,5.750000000000002,1.7500000000000018,2.094395102393195,observe,False,b64f0e679fa8e97842ffc4aa6a6abc8a1607212c2af7b26385f7c786f08be0f2,left,8.0
ground_CELL_B_b160_n92801,GroundV2,ART1_CELL_DEV,B,True,True,59,5.750000000000002,1.7500000000000018,2.617993877991493,turn_left,False,f72415cbc927264a259aac9f5fad95f1b6c1643699302372b94ed41c4f041132,observe,8.0
ground_CELL_B_b160_n92801,GroundV2,ART1_CELL_DEV,B,True,True,60,5.750000000000002,1.7500000000000018,2.617993877991493,observe,False,33c4c7ea9b377cfba09b6729515fc10baab03e87bd8f89d43494ae7d43e84c8c,left,8.0
ground_CELL_B_b160_n92801,GroundV2,ART1_CELL_DEV,B,True,True,61,5.750000000000002,1.7500000000000018,3.1415926535897913,turn_left,False,2fe0ede59467702ad5de8ca3802aa4ce0a2a6ee26722c65d110ff90e486da77f,forward,8.0
ground_CELL_B_b160_n92801,GroundV2,ART1_CELL_DEV,B,True,True,62,5.500000000000002,1.7500000000000022,3.1415926535897913,forward,False,5668dd0a682078f884f9990ec369b8042a337c06513e730d867b5afd65528289,forward,8.25
ground_CELL_B_b160_n92801,GroundV2,ART1_CELL_DEV,B,True,True,63,5.250000000000002,1.7500000000000027,3.1415926535897913,forward,False,b21d2b51f4897454277125dd29149825c46fb7cc23169a83256bb4e6e838af3e,forward,8.5
ground_CELL_B_b160_n92801,GroundV2,ART1_CELL_DEV,B,True,True,64,5.000000000000002,1.750000000000003,3.1415926535897913,forward,False,07534e2ef2bcd14a9e025a0fc2cf41b9fc71b5c65a1cc2b4992a93783c89789e,forward,8.75
ground_CELL_B_b160_n92801,GroundV2,ART1_CELL_DEV,B,True,True,65,4.750000000000002,1.7500000000000036,3.1415926535897913,forward,False,b29de596413927493e2e093b9015cb237e8921c0b6c0e0b711aec951e43962c3,right,9.0
ground_CELL_B_b160_n92801,GroundV2,ART1_CELL_DEV,B,True,True,66,4.750000000000002,1.7500000000000036,2.617993877991493,turn_right,False,e24c61954d3fb3c8ba7365952349e3e2b15200c5cf9b670e41fddec189690ff2,right,9.0
ground_CELL_B_b160_n92801,GroundV2,ART1_CELL_DEV,B,True,True,67,4.750000000000002,1.7500000000000036,2.094395102393195,turn_right,False,6be68aa66eb87bf4490ddd03e3700b6b79a766a49a4e129921e9968e2405a839,right,9.0
ground_CELL_B_b160_n92801,GroundV2,ART1_CELL_DEV,B,True,True,68,4.750000000000002,1.7500000000000036,1.5707963267948966,turn_right,False,dd5c1591f834b82998574fcfdc492b7cef420585688197f9baca9c02b6c39bc6,observe,9.0
ground_CELL_B_b160_n92801,GroundV2,ART1_CELL_DEV,B,True,True,69,4.750000000000002,1.7500000000000036,1.5707963267948966,observe,False,a33c368008713205c7a7db5cf523fb97a8cddbc7daaee1bf66f04683121fdb65,left,9.0
ground_CELL_B_b160_n92801,GroundV2,ART1_CELL_DEV,B,True,True,70,4.750000000000002,1.7500000000000036,2.094395102393195,turn_left,False,349e935dedb54a1d8f791e6564fbe76b8dd65549e1e1bcfde206fcb60c61a1cb,left,9.0
ground_CELL_B_b160_n92801,GroundV2,ART1_CELL_DEV,B,True,True,71,4.750000000000002,1.7500000000000036,2.617993877991493,turn_left,False,08ba61e89ec65bac0be0e99e81093273384169cfac3df248985b6b450b453ee5,left,9.0
ground_CELL_B_b160_n92801,GroundV2,ART1_CELL_DEV,B,True,True,72,4.750000000000002,1.7500000000000036,3.1415926535897913,turn_left,False,44d116449588013ca732435d37bef15e00e1150021cf7c7169a0544fbee00f2b,forward,9.0
ground_CELL_B_b160_n92801,GroundV2,ART1_CELL_DEV,B,True,True,73,4.500000000000002,1.750000000000004,3.1415926535897913,forward,False,dd48510afa16073afa8a5d7e91c220e83ff21d88b9797a709250fa48697f8b5c,forward,9.25
ground_CELL_B_b160_n92801,GroundV2,ART1_CELL_DEV,B,True,True,74,4.250000000000002,1.7500000000000044,3.1415926535897913,forward,False,b842aaa49b54a32511c649a57a0fb46cacccffcc5ff134150c17f395fcc0668a,forward,9.5
ground_CELL_B_b160_n92801,GroundV2,ART1_CELL_DEV,B,True,True,75,4.000000000000002,1.7500000000000049,3.1415926535897913,forward,False,9e695d99a6bc2891e61c1188d5572bfa2b1c4f2637084dcde8dc0c6abc47ed4b,forward,9.75
ground_CELL_B_b160_n92801,GroundV2,ART1_CELL_DEV,B,True,True,76,3.7500000000000018,1.7500000000000053,3.1415926535897913,forward,False,f9d83df2591f42f2993c81ffec6d05f801047a976a8a3c396443d0c2f9d4bbee,right,10.0
ground_CELL_B_b160_n92801,GroundV2,ART1_CELL_DEV,B,True,True,77,3.7500000000000018,1.7500000000000053,2.617993877991493,turn_right,False,0d841b9813d680d0c23bd269ae15e7f44a1bba71e485a76d526c95edc78265d0,right,10.0
ground_CELL_B_b160_n92801,GroundV2,ART1_CELL_DEV,B,True,True,78,3.7500000000000018,1.7500000000000053,2.094395102393195,turn_right,False,96747c8ded47709dfe05a9fb106e9f1b156a5d8a0a1ff3ffed3700c763e570b5,right,10.0
ground_CELL_B_b160_n92801,GroundV2,ART1_CELL_DEV,B,True,True,79,3.7500000000000018,1.7500000000000053,1.5707963267948966,turn_right,False,6d7b498bbbc3a39f473161851da5f7eca65c94785cf69b7d29eb77cb823f0ead,right,10.0
ground_CELL_B_b160_n92801,GroundV2,ART1_CELL_DEV,B,True,True,80,3.7500000000000018,1.7500000000000053,1.0471975511965983,turn_right,False,36e05c0eba57d8682cdfe9c716f9da1ce147ef3a4e76ce4259d3e0a7fb2343c1,observe,10.0
ground_CELL_B_b160_n92801,GroundV2,ART1_CELL_DEV,B,True,True,81,3.7500000000000018,1.7500000000000053,1.0471975511965983,observe,False,09273ece0494bb95af6fa8a3b8341c5a61850d736e280d98ab127a5b6b782294,left,10.0
ground_CELL_B_b160_n92801,GroundV2,ART1_CELL_DEV,B,True,True,82,3.7500000000000018,1.7500000000000053,1.5707963267948966,turn_left,False,c6e0289f85fb0c04843fd54951009f13fb28c776bd4b929561688c15e40a6f9c,left,10.0
ground_CELL_B_b160_n92801,GroundV2,ART1_CELL_DEV,B,True,True,83,3.7500000000000018,1.7500000000000053,2.094395102393195,turn_left,False,3c24d0225db93bdbf79f7f417d78cf20eb395c4f03adbfac6c4d892a02cbba01,left,10.0
ground_CELL_B_b160_n92801,GroundV2,ART1_CELL_DEV,B,True,True,84,3.7500000000000018,1.7500000000000053,2.617993877991493,turn_left,False,0b227e596e2e05e87b11099bd40504eef3417579366e7ff4d11b5313c5b26fde,left,10.0
ground_CELL_B_b160_n92801,GroundV2,ART1_CELL_DEV,B,True,True,85,3.7500000000000018,1.7500000000000053,3.1415926535897913,turn_left,False,517592631bee881d2ef86fe0d61fbe15bed109c5a853d2e2fa3a2b656b4dadee,forward,10.0
ground_CELL_B_b160_n92801,GroundV2,ART1_CELL_DEV,B,True,True,86,3.5000000000000018,1.7500000000000058,3.1415926535897913,forward,False,fa2348d47f57fdf832a391cfb43a940544fa85d8a230e1b7c1bf774828badf2a,forward,10.25
ground_CELL_B_b160_n92801,GroundV2,ART1_CELL_DEV,B,True,True,87,3.2500000000000018,1.7500000000000062,3.1415926535897913,forward,False,1884a4cc2c3f30fd6429b4a988946f658fdfffeda5d5a5ce72d78d59a9d125cb,forward,10.5
ground_CELL_B_b160_n92801,GroundV2,ART1_CELL_DEV,B,True,True,88,3.0000000000000018,1.7500000000000067,3.1415926535897913,forward,False,b6cca9a9a607f734fcdec9f4150e9907e5acc271027d25597f42b188455d5112,forward,10.75
ground_CELL_B_b160_n92801,GroundV2,ART1_CELL_DEV,B,True,True,89,2.7500000000000018,1.750000000000007,3.1415926535897913,forward,False,702462c9c9f22164fe8c6a63019d33aca3b8b7d6f0994b6ff9de5acec9419a83,right,11.0
ground_CELL_B_b160_n92801,GroundV2,ART1_CELL_DEV,B,True,True,90,2.7500000000000018,1.750000000000007,2.617993877991493,turn_right,False,f79df6817f2fd78d7e8e3ec317ea55ef675522fccfec2f1018a09b2b294d99f9,observe,11.0
ground_CELL_B_b160_n92801,GroundV2,ART1_CELL_DEV,B,True,True,91,2.7500000000000018,1.750000000000007,2.617993877991493,observe,False,663381ac1eb21932c973d576060a18545e2bd1aca39d03a7734acd82808e413a,right,11.0
ground_CELL_B_b160_n92801,GroundV2,ART1_CELL_DEV,B,True,True,92,2.7500000000000018,1.750000000000007,2.094395102393195,turn_right,False,51e1bf21fcf3147a223f419d975ac2247b8f63d722e8a1bb5be81d77f0869eb7,observe,11.0
ground_CELL_B_b160_n92801,GroundV2,ART1_CELL_DEV,B,True,True,93,2.7500000000000018,1.750000000000007,2.094395102393195,observe,False,11e0046378f6f6073ae47fba0ef9410a968e09dd0f2c91f682ac79e9089e5be4,right,11.0
ground_CELL_B_b160_n92801,GroundV2,ART1_CELL_DEV,B,True,True,94,2.7500000000000018,1.750000000000007,1.5707963267948966,turn_right,False,b41a47270bfae00a162a44c22fc8b61c945a4359ec5ea1e41fcd7b2bb4793a6b,right,11.0
ground_CELL_B_b160_n92801,GroundV2,ART1_CELL_DEV,B,True,True,95,2.7500000000000018,1.750000000000007,1.0471975511965983,turn_right,False,4114190bdc85efe907f5281c7605e908b78d186d1f3850bb9db5d64114b4a97d,observe,11.0
ground_CELL_B_b160_n92801,GroundV2,ART1_CELL_DEV,B,True,True,96,2.7500000000000018,1.750000000000007,1.0471975511965983,observe,False,49d5c716f645063fb413d0e82ebf6699448619de3ad694c1b344c7c8c6c243d0,right,11.0
ground_CELL_B_b160_n92801,GroundV2,ART1_CELL_DEV,B,True,True,97,2.7500000000000018,1.750000000000007,0.5235987755982996,turn_right,False,79ca428cb8eec56b899fcc8b626b6da89c3860b1dcfe22933490109f4572d5c0,observe,11.0
ground_CELL_B_b160_n92801,GroundV2,ART1_CELL_DEV,B,True,True,98,2.7500000000000018,1.750000000000007,0.5235987755982996,observe,False,76b89092b649cb586668fb517f689871169fcf4d9202ec255b0840fbd8f9108b,right,11.0
ground_CELL_B_b160_n92801,GroundV2,ART1_CELL_DEV,B,True,True,99,2.7500000000000018,1.750000000000007,8.881784197001252e-16,turn_right,False,793083fa3e36b106278515c8c50008a82bf53ee3e2261af06ec82eb8f90262c9,observe,11.0
ground_CELL_B_b160_n92801,GroundV2,ART1_CELL_DEV,B,True,True,100,2.7500000000000018,1.750000000000007,8.881784197001252e-16,observe,False,375b55a59296dd9b4bedd6b82fc0bbd2b05c058c3b27741dcd652c6d532e2226,right,11.0
ground_CELL_B_b160_n92801,GroundV2,ART1_CELL_DEV,B,True,True,101,2.7500000000000018,1.750000000000007,-0.5235987755982978,turn_right,False,ca505a9208233da9a15e9401c60fec5fa2329cdb8d23f08d4a3b09339745a02a,right,11.0
ground_CELL_B_b160_n92801,GroundV2,ART1_CELL_DEV,B,True,True,102,2.7500000000000018,1.750000000000007,-1.0471975511965965,turn_right,False,a1ac4f079ae5a0f50029a19875e03eae4a99f1b10c1f05b82ec66322a25af375,right,11.0
ground_CELL_B_b160_n92801,GroundV2,ART1_CELL_DEV,B,True,True,103,2.7500000000000018,1.750000000000007,-1.5707963267948952,turn_right,False,022257ce5ac0a2e256bf7f0b45fd9fcc15abed102deb184fada1815ed3776d0a,forward,11.0
ground_CELL_B_b160_n92801,GroundV2,ART1_CELL_DEV,B,True,True,104,2.750000000000002,1.500000000000007,-1.5707963267948952,forward,False,3c8749a4ad85a4e478f83ba3583d6848e3b4fff3b68a0c7cc41a7fb88674e5d4,forward,11.25
ground_CELL_B_b160_n92801,GroundV2,ART1_CELL_DEV,B,True,True,105,2.7500000000000027,1.250000000000007,-1.5707963267948952,forward,False,b11c478bbbbadba0e6b509f3864926fe15b2b5ae776c820432489410d7ea6caf,forward,11.5
ground_CELL_B_b160_n92801,GroundV2,ART1_CELL_DEV,B,True,True,106,2.750000000000003,1.000000000000007,-1.5707963267948952,forward,False,eee9785385df3e2b2875c4a2ed9f003dd397362aa88dc0363eede62210938fb1,forward,11.75
ground_CELL_B_b160_n92801,GroundV2,ART1_CELL_DEV,B,True,True,107,2.7500000000000036,0.7500000000000071,-1.5707963267948952,forward,False,5fc31d16ae9fd8322521aaf7c1e34fa316b52913bf4bee40e81ef08829f7330d,left,12.0
ground_CELL_B_b160_n92801,GroundV2,ART1_CELL_DEV,B,True,True,108,2.7500000000000036,0.7500000000000071,-1.0471975511965965,turn_left,False,d9b65095b00ac7e9225061c6611adf9db666b581c5dadcf604da4249126af3ac,left,12.0
ground_CELL_B_b160_n92801,GroundV2,ART1_CELL_DEV,B,True,True,109,2.7500000000000036,0.7500000000000071,-0.5235987755982978,turn_left,False,27dcfbcfff93dd234d3510e633585a1778cb3a6b41234593f1a560a2891f3a37,left,12.0
ground_CELL_B_b160_n92801,GroundV2,ART1_CELL_DEV,B,True,True,110,2.7500000000000036,0.7500000000000071,8.881784197001252e-16,turn_left,False,d72f28e58bdf4c12c44f2ff69767c87da134c88e35eaff96f6424d19333338d5,left,12.0
ground_CELL_B_b160_n92801,GroundV2,ART1_CELL_DEV,B,True,True,111,2.7500000000000036,0.7500000000000071,0.5235987755982996,turn_left,False,54d33ce5cb28bdaccfbab716d4bf4db861c2ec37512ab831dcf7ee9a03c4b2ae,observe,12.0
ground_CELL_B_b160_n92801,GroundV2,ART1_CELL_DEV,B,True,True,112,2.7500000000000036,0.7500000000000071,0.5235987755982996,observe,False,51a3f6c5df2ae7e5bd26625cba7f5a469e6fe275d5f97d9426146b1785b3c000,left,12.0
ground_CELL_B_b160_n92801,GroundV2,ART1_CELL_DEV,B,True,True,113,2.7500000000000036,0.7500000000000071,1.0471975511965983,turn_left,False,1f63c61b6075441ad6064f346374f87a68bee54179ba59bc95b8cc4ee8e26c0e,observe,12.0
ground_CELL_B_b160_n92801,GroundV2,ART1_CELL_DEV,B,True,True,114,2.7500000000000036,0.7500000000000071,1.0471975511965983,observe,False,a7e2e7ddb56dd53b55c71d042a2f6d2a133b30cb10258bc7277f229191f69850,left,12.0
ground_CELL_B_b160_n92801,GroundV2,ART1_CELL_DEV,B,True,True,115,2.7500000000000036,0.7500000000000071,1.5707963267948966,turn_left,False,cac06b26d18e8ff72a2b68b3bc65f85e4a9252c850fdf74d1b2dfc08b5825fcc,observe,12.0
ground_CELL_B_b160_n92801,GroundV2,ART1_CELL_DEV,B,True,True,116,2.7500000000000036,0.7500000000000071,1.5707963267948966,observe,False,efd21dd918de222dc3d94be1281f42fdcde39d2ebd1c98d6ce489d0c03e12499,left,12.0
ground_CELL_B_b160_n92801,GroundV2,ART1_CELL_DEV,B,True,True,117,2.7500000000000036,0.7500000000000071,2.094395102393195,turn_left,False,af99227dc3765be56779b9f537565437172ba8843572f597dcb21904b6d19731,observe,12.0
ground_CELL_B_b160_n92801,GroundV2,ART1_CELL_DEV,B,True,True,118,2.7500000000000036,0.7500000000000071,2.094395102393195,observe,False,a0d10fea0d871728c189e136ae2ee7c225f5f7df0d9e5dd9a46e3bd7e0779ebb,left,12.0
ground_CELL_B_b160_n92801,GroundV2,ART1_CELL_DEV,B,True,True,119,2.7500000000000036,0.7500000000000071,2.617993877991493,turn_left,False,ba46ddedb08014c80c22ab954cafb49d4e07504945656d9764ce881c882b168c,left,12.0
ground_CELL_B_b160_n92801,GroundV2,ART1_CELL_DEV,B,True,True,120,2.7500000000000036,0.7500000000000071,3.1415926535897913,turn_left,False,0b0bb77ba8ca0ba4897c818e453e0c6b6194ce15e8c06cc90f939446c7466201,forward,12.0
ground_CELL_B_b160_n92801,GroundV2,ART1_CELL_DEV,B,True,True,121,2.5000000000000036,0.7500000000000075,3.1415926535897913,forward,False,4a30addc96a549ffa14224072d0d1317b6804a37141427748da12d2ac82bf9b5,forward,12.25
ground_CELL_B_b160_n92801,GroundV2,ART1_CELL_DEV,B,True,True,122,2.2500000000000036,0.750000000000008,3.1415926535897913,forward,False,92d613aec69e45cda8080cb414d9a1b993af354d950077ef5672b55f5976f727,forward,12.5
ground_CELL_B_b160_n92801,GroundV2,ART1_CELL_DEV,B,True,True,123,2.0000000000000036,0.7500000000000084,3.1415926535897913,forward,False,43858868cc22f6926a9c9817d3ca6ff8a6e64e40c9eaf2ec99e303d3f2629e2b,forward,12.75
ground_CELL_B_b160_n92801,GroundV2,ART1_CELL_DEV,B,True,True,124,1.7500000000000036,0.7500000000000089,3.1415926535897913,forward,False,0c26b1037bad8142aa82575ebdee58042dd49dd64020ca405219bc7b7e23b8a5,right,13.0
ground_CELL_B_b160_n92801,GroundV2,ART1_CELL_DEV,B,True,True,125,1.7500000000000036,0.7500000000000089,2.617993877991493,turn_right,False,38d59e392a644fc0f98d3835adff9569cd03cd0aca41bb29d8a502a928e8b4b0,right,13.0
ground_CELL_B_b160_n92801,GroundV2,ART1_CELL_DEV,B,True,True,126,1.7500000000000036,0.7500000000000089,2.094395102393195,turn_right,False,06d888b98d6a953ebbb0209dadb5293fc848fb4d003ca6e834fb2ba1cdd0f8af,right,13.0
ground_CELL_B_b160_n92801,GroundV2,ART1_CELL_DEV,B,True,True,127,1.7500000000000036,0.7500000000000089,1.5707963267948966,turn_right,False,6eb789dbcf641e00467e649cfa1410e2fa0f82690352062730901c305f6abb6d,right,13.0
ground_CELL_B_b160_n92801,GroundV2,ART1_CELL_DEV,B,True,True,128,1.7500000000000036,0.7500000000000089,1.0471975511965983,turn_right,False,310d7515a3028a1e658ca4adde38e860b11f3380572da064d3e34642aba75e82,right,13.0
ground_CELL_B_b160_n92801,GroundV2,ART1_CELL_DEV,B,True,True,129,1.7500000000000036,0.7500000000000089,0.5235987755982996,turn_right,False,27dd2b09b1a1edac6931696f38822506f5a8b3a5ee4b76771ad9ea26e3ee4640,observe,13.0
ground_CELL_B_b160_n92801,GroundV2,ART1_CELL_DEV,B,True,True,130,1.7500000000000036,0.7500000000000089,0.5235987755982996,observe,False,db2952b54e904b01203c7158613970c9d0587e8ec5482ce6cf1e1e28c593a731,left,13.0
ground_CELL_B_b160_n92801,GroundV2,ART1_CELL_DEV,B,True,True,131,1.7500000000000036,0.7500000000000089,1.0471975511965983,turn_left,False,8bd61666f37220575f72b79f018e6f58d3990f0b308f45cd4e0e619a4b00eb52,left,13.0
ground_CELL_B_b160_n92801,GroundV2,ART1_CELL_DEV,B,True,True,132,1.7500000000000036,0.7500000000000089,1.5707963267948966,turn_left,False,7a165b3163e8fbe9c3f0f484763246d4ca4911bee107e5382e7744350da64432,forward,13.0
ground_CELL_B_b160_n92801,GroundV2,ART1_CELL_DEV,B,True,True,133,1.7500000000000036,1.0000000000000089,1.5707963267948966,forward,False,8f7420acad75e413f8c693d31698690c494d2ee40f423ee20af6696736fb6582,forward,13.25
ground_CELL_B_b160_n92801,GroundV2,ART1_CELL_DEV,B,True,True,134,1.7500000000000036,1.2500000000000089,1.5707963267948966,forward,False,89151d4a8929b5602cff81dcad351c076acfbc584497caab7164e1185a4fffd5,forward,13.5
ground_CELL_B_b160_n92801,GroundV2,ART1_CELL_DEV,B,True,True,135,1.7500000000000036,1.5000000000000089,1.5707963267948966,forward,False,0b49681f87b1c5fa7fb55b090178ea221369ec1b1ab95d0d8d012fad0f4df3d3,forward,13.75
ground_CELL_B_b160_n92801,GroundV2,ART1_CELL_DEV,B,True,True,136,1.7500000000000036,1.7500000000000089,1.5707963267948966,forward,False,64c8e11b898c9ef2aca76251dc5377d280973d84faad6ebde2017a89820a1fb7,right,14.0
ground_CELL_B_b160_n92801,GroundV2,ART1_CELL_DEV,B,True,True,137,1.7500000000000036,1.7500000000000089,1.0471975511965983,turn_right,False,c951cbb4d5deb8cbbc0d058456ab6e587c2542334e1eb0052e3baabb109d3880,observe,14.0
ground_CELL_B_b160_n92801,GroundV2,ART1_CELL_DEV,B,True,True,138,1.7500000000000036,1.7500000000000089,1.0471975511965983,observe,False,23a8903384a313f0bcab7fffeb71d0643e204679e92643a47e1266a51a7efff8,left,14.0
ground_CELL_B_b160_n92801,GroundV2,ART1_CELL_DEV,B,True,True,139,1.7500000000000036,1.7500000000000089,1.5707963267948966,turn_left,False,5f579a276077b21436d767e66401ff2f04ca7bba0a46b3f59bd7cde1a4750a1f,left,14.0
ground_CELL_B_b160_n92801,GroundV2,ART1_CELL_DEV,B,True,True,140,1.7500000000000036,1.7500000000000089,2.094395102393195,turn_left,False,406febe31b7d510738b3bda82029014847729d327de257cb198eb633f0c5109a,left,14.0
ground_CELL_B_b160_n92801,GroundV2,ART1_CELL_DEV,B,True,True,141,1.7500000000000036,1.7500000000000089,2.617993877991493,turn_left,False,fdb49abdbf00a8eb34bcb737485b72a48d931d32f1d614d3364ae1a27473f714,left,14.0
ground_CELL_B_b160_n92801,GroundV2,ART1_CELL_DEV,B,True,True,142,1.7500000000000036,1.7500000000000089,3.1415926535897913,turn_left,False,c206b9382e6a4d3e29be19c75e9b55582ba3849cc7009d607f47f855462b2393,forward,14.0
ground_CELL_B_b160_n92801,GroundV2,ART1_CELL_DEV,B,True,True,143,1.5000000000000036,1.7500000000000093,3.1415926535897913,forward,False,0a4c97671d4a47550999af66fdf00a4a604ec3a4486017d35da39ed1c3edded6,forward,14.25
ground_CELL_B_b160_n92801,GroundV2,ART1_CELL_DEV,B,True,True,144,1.2500000000000036,1.7500000000000098,3.1415926535897913,forward,False,ab2b4c299b7445cd8138fce8c335da97bf81b4506300454a10a3061d24d2eda0,forward,14.5
ground_CELL_B_b160_n92801,GroundV2,ART1_CELL_DEV,B,True,True,145,1.0000000000000036,1.7500000000000102,3.1415926535897913,forward,False,9802e7856db868e5f504fcc38a5c32ef6d566588e6b6d695e81be1431515d122,forward,14.75
ground_CELL_B_b160_n92801,GroundV2,ART1_CELL_DEV,B,True,True,146,0.7500000000000036,1.7500000000000107,3.1415926535897913,forward,False,83ee3a437adde7735b4e9e29d70698c1a1e9c297785cf9c0c3287ccb3c6e36f5,left,15.0
ground_CELL_B_b160_n92801,GroundV2,ART1_CELL_DEV,B,True,True,147,0.7500000000000036,1.7500000000000107,-2.6179938779914966,turn_left,False,7027baab638ff3bcac75a8612218e1a946d97a21a0aebc28ab0f4119c5e0ae2b,left,15.0
ground_CELL_B_b160_n92801,GroundV2,ART1_CELL_DEV,B,True,True,148,0.7500000000000036,1.7500000000000107,-2.094395102393198,turn_left,False,1bbeefda9b11e9a8252f9b207e14483d7430aa122eea01d91c9cb47da30325d5,left,15.0
ground_CELL_B_b160_n92801,GroundV2,ART1_CELL_DEV,B,True,True,149,0.7500000000000036,1.7500000000000107,-1.5707963267948992,turn_left,False,353c12bd8593f9c4d3cb879fa33a7aab86e7730963be7631a28a2b0695d10ce5,forward,15.0
ground_CELL_B_b160_n92801,GroundV2,ART1_CELL_DEV,B,True,True,150,0.7500000000000029,1.5000000000000107,-1.5707963267948992,forward,False,9101e594d25bea2ed5dcb243c50cd98de5aba1d455edcd00cbe739d25b293223,forward,15.25
ground_CELL_B_b160_n92801,GroundV2,ART1_CELL_DEV,B,True,True,151,0.7500000000000022,1.2500000000000107,-1.5707963267948992,forward,False,b29031889ea5764b3bb2ee2a0bfbdbd306389d3083ea2167c81325c68b466ba1,forward,15.5
ground_CELL_B_b160_n92801,GroundV2,ART1_CELL_DEV,B,True,True,152,0.7500000000000016,1.0000000000000107,-1.5707963267948992,forward,False,ed57482fc9c758fb6baaedc69a6465932f27e17f11b8f45434d19664a2c84222,forward,15.75
ground_CELL_B_b160_n92801,GroundV2,ART1_CELL_DEV,B,True,True,153,0.7500000000000009,0.7500000000000107,-1.5707963267948992,forward,False,136172276a6b24aa300275816369f4599485cc405ab8319ec5c457345d76c22a,left,16.0
ground_CELL_B_b160_n92801,GroundV2,ART1_CELL_DEV,B,True,True,154,0.7500000000000009,0.7500000000000107,-1.0471975511966005,turn_left,False,2a082fce0a5bcdba47e615e8e45e064a7d12b80fcd79cb344ea935a2a8ea8496,left,16.0
ground_CELL_B_b160_n92801,GroundV2,ART1_CELL_DEV,B,True,True,155,0.7500000000000009,0.7500000000000107,-0.5235987755983018,turn_left,False,95209e5318e76a7311b0a22930d5adec3e6d0692945f24886070bd9b3a5db79b,left,16.0
ground_CELL_B_b160_n92801,GroundV2,ART1_CELL_DEV,B,True,True,156,0.7500000000000009,0.7500000000000107,-3.1086244689504383e-15,turn_left,False,ef0296b26788f11c31672af5543935538219dc7b4b48da01f76e4da6e9b1af12,left,16.0
ground_CELL_B_b160_n92801,GroundV2,ART1_CELL_DEV,B,True,True,157,0.7500000000000009,0.7500000000000107,0.5235987755982956,turn_left,False,fc02acabf343e859b7abbd20a6028554afcf3c64044e72273f49318d757b05bd,observe,16.0
ground_CELL_B_b160_n92801,GroundV2,ART1_CELL_DEV,B,True,True,158,0.7500000000000009,0.7500000000000107,0.5235987755982956,observe,False,aed08244b353f27bb8496249dc398333cb87d58abb59f63833dbcaa7be3fb5d5,right,16.0
ground_CELL_B_b160_n92801,GroundV2,ART1_CELL_DEV,B,True,True,159,0.7500000000000009,0.7500000000000107,-3.1086244689504383e-15,turn_right,False,34b73c4917c201a620cc76ce03ee63386b8ee41c4dd4ed3f420030405f1c5486,stop,16.0
ground_CELL_G_b160_n92801,GroundV2,ART1_CELL_DEV,G,True,True,0,0.75,0.75,0.0,initial_observation,False,e67b7e0833f239e5d743a9ada3954d91b63cbb699dfcb04be3c7cad4774114f9,forward,0.0
ground_CELL_G_b160_n92801,GroundV2,ART1_CELL_DEV,G,True,True,1,1.0,0.75,0.0,forward,False,d894059e79472d4b70bdaad777d9e70be67c8d5187e29790be27efe123c516a2,forward,0.25
ground_CELL_G_b160_n92801,GroundV2,ART1_CELL_DEV,G,True,True,2,1.25,0.75,0.0,forward,False,2580ad9f2a9de4ba24b4e5510bd0f039a0e520a17afe6f4f21652d4dfff50ea5,forward,0.5
ground_CELL_G_b160_n92801,GroundV2,ART1_CELL_DEV,G,True,True,3,1.5,0.75,0.0,forward,False,882a60656290df84edb74863736fa762ec3f6cc94ae9cb69ee00bc1ba09eeefa,forward,0.75
ground_CELL_G_b160_n92801,GroundV2,ART1_CELL_DEV,G,True,True,4,1.75,0.75,0.0,forward,False,5955719bdbbc72ca793413de4ed0702ad6061deb824f5b3e18378f5acc72ab9f,forward,1.0
ground_CELL_G_b160_n92801,GroundV2,ART1_CELL_DEV,G,True,True,5,2.0,0.75,0.0,forward,False,83b394a6047b8b41d83cc3e7be0d2a94c32e748d8582c38deb86af347c6bed8a,forward,1.25
ground_CELL_G_b160_n92801,GroundV2,ART1_CELL_DEV,G,True,True,6,2.25,0.75,0.0,forward,False,118e4a7ff3772d9724bc27ad230799fd0851de72d6992a1f8452a8b42d5ebc0e,forward,1.5
ground_CELL_G_b160_n92801,GroundV2,ART1_CELL_DEV,G,True,True,7,2.5,0.75,0.0,forward,False,0c2a26b2acc671d6f0b28065cbd25574bd19b4c9ccf9219d2c205de7107e12a1,forward,1.75
ground_CELL_G_b160_n92801,GroundV2,ART1_CELL_DEV,G,True,True,8,2.75,0.75,0.0,forward,False,f51ff3cc6281cb6c82bcf8be226579f03e8ed4055a69cd17719a45b8e9d75406,forward,2.0
ground_CELL_G_b160_n92801,GroundV2,ART1_CELL_DEV,G,True,True,9,3.0,0.75,0.0,forward,False,905b6507ca7887e5e64aacb5e81cfcb1241633155cbf2b4285d6b046412450a0,forward,2.25
ground_CELL_G_b160_n92801,GroundV2,ART1_CELL_DEV,G,True,True,10,3.25,0.75,0.0,forward,False,34217a5f979355ce23aebdaa91e2d6e98c4c8c3854a0b0cbb57cb9e350cf9003,forward,2.5
ground_CELL_G_b160_n92801,GroundV2,ART1_CELL_DEV,G,True,True,11,3.5,0.75,0.0,forward,False,969941395e03436f3d4b2bd3eb93756460c3a68ba94a83326397cc62c16fcda1,forward,2.75
ground_CELL_G_b160_n92801,GroundV2,ART1_CELL_DEV,G,True,True,12,3.75,0.75,0.0,forward,False,7741192d2c083b1cc2d77ff989b12e728776b8b570272120f7377967129a88ef,left,3.0
ground_CELL_G_b160_n92801,GroundV2,ART1_CELL_DEV,G,True,True,13,3.75,0.75,0.5235987755982987,turn_left,False,7ea754c91117d4e53136e336ed8d7b596af3d37819826a1d4cdc6efa5a4d3669,left,3.0
ground_CELL_G_b160_n92801,GroundV2,ART1_CELL_DEV,G,True,True,14,3.75,0.75,1.0471975511965974,turn_left,False,c0c09ad18cd6d54dc99611807bee89acbf654dda94ec7ae10f036d1070ee2bc0,left,3.0
ground_CELL_G_b160_n92801,GroundV2,ART1_CELL_DEV,G,True,True,15,3.75,0.75,1.5707963267948966,turn_left,False,8bd492df5cb5068198c64a8da662ef6133cabea7373913644b45216a026c1bff,forward,3.0
ground_CELL_G_b160_n92801,GroundV2,ART1_CELL_DEV,G,True,True,16,3.75,1.0,1.5707963267948966,forward,False,53efa8ae6e2e1a265e002f413825196ffa2bba4668b5eab0d23f264bd188b938,forward,3.25
ground_CELL_G_b160_n92801,GroundV2,ART1_CELL_DEV,G,True,True,17,3.75,1.25,1.5707963267948966,forward,False,a29234626b701d896e9b410a90df88d01da3fb23b4ef8fc6aa1199f931f11606,forward,3.5
ground_CELL_G_b160_n92801,GroundV2,ART1_CELL_DEV,G,True,True,18,3.75,1.5,1.5707963267948966,forward,False,7510eea4147be221e2360d98a2958cfdde35db6263d989b2438f582ec6d74474,forward,3.75
ground_CELL_G_b160_n92801,GroundV2,ART1_CELL_DEV,G,True,True,19,3.75,1.75,1.5707963267948966,forward,False,0b0779a76e80b6c8fb00e52d4a53d15406010f7f86d9093febc8e7656588e510,observe,4.0
ground_CELL_G_b160_n92801,GroundV2,ART1_CELL_DEV,G,True,True,20,3.75,1.75,1.5707963267948966,observe,False,b5998296d9aba03a9eb05d49a8b110908951e6fdc099424a4cad86ec2bd4259e,forward,4.0
ground_CELL_G_b160_n92801,GroundV2,ART1_CELL_DEV,G,True,True,21,3.75,2.0,1.5707963267948966,forward,False,6574715f9eb2fd319e024d3343779b8615f58ff8bc5ddc743a7dee8c1432a03d,forward,4.25
ground_CELL_G_b160_n92801,GroundV2,ART1_CELL_DEV,G,True,True,22,3.75,2.25,1.5707963267948966,forward,False,b882426b89334561e853c1ef0dbee305b4c2210b9b52fe313cd087b24c903370,forward,4.5
ground_CELL_G_b160_n92801,GroundV2,ART1_CELL_DEV,G,True,True,23,3.75,2.5,1.5707963267948966,forward,False,0c821bd03c45a3cd426ffc7b5b31e4643ff692b3fcc96d233582ad45ba0b8603,forward,4.75
ground_CELL_G_b160_n92801,GroundV2,ART1_CELL_DEV,G,True,True,24,3.75,2.75,1.5707963267948966,forward,False,6df625e11c453379dea008a009ca5635c76ab7353b90ea33062b8e47c48eab46,right,5.0
ground_CELL_G_b160_n92801,GroundV2,ART1_CELL_DEV,G,True,True,25,3.75,2.75,1.0471975511965983,turn_right,False,b1bf54e526cd40a5b99c0e5234c2f88a3ced3acf0538d189de55280255a6d692,right,5.0
ground_CELL_G_b160_n92801,GroundV2,ART1_CELL_DEV,G,True,True,26,3.75,2.75,0.5235987755982996,turn_right,False,b7536c71d0eadd219ba30cebfa1a814c5d38f9f31f39d6b2b8bc260ffc2071a2,observe,5.0
ground_CELL_G_b160_n92801,GroundV2,ART1_CELL_DEV,G,True,True,27,3.75,2.75,0.5235987755982996,observe,False,34d00fcb0334267f6cbb7d0a8edc960b3e44a57b748b7ae9999a010c9acd343d,right,5.0
ground_CELL_G_b160_n92801,GroundV2,ART1_CELL_DEV,G,True,True,28,3.75,2.75,8.881784197001252e-16,turn_right,False,fa0ddc98cd4858671aef99df69f2015358d8feb1db8ccde2ec4582b40e0e2b78,right,5.0
ground_CELL_G_b160_n92801,GroundV2,ART1_CELL_DEV,G,True,True,29,3.75,2.75,-0.5235987755982978,turn_right,False,f1333491ec387ca960dd2daefe10732c7ccd138ed932902203aa5c99a00959b0,right,5.0
ground_CELL_G_b160_n92801,GroundV2,ART1_CELL_DEV,G,True,True,30,3.75,2.75,-1.0471975511965965,turn_right,False,c12fe735e56cb77c9fcb71fd12ef4cf3295375569bc98070f658d726f137bf47,right,5.0
ground_CELL_G_b160_n92801,GroundV2,ART1_CELL_DEV,G,True,True,31,3.75,2.75,-1.5707963267948952,turn_right,False,0886ba463f96a37b80af7f111641381d8c4e184a43260b75fab176c087a76448,forward,5.0
ground_CELL_G_b160_n92801,GroundV2,ART1_CELL_DEV,G,True,True,32,3.7500000000000004,2.5,-1.5707963267948952,forward,False,fcc335a5c9caadcb1a96c08f5d25012a059ab419d9904d570100c110f987f275,forward,5.25
ground_CELL_G_b160_n92801,GroundV2,ART1_CELL_DEV,G,True,True,33,3.750000000000001,2.25,-1.5707963267948952,forward,False,e64ae40c7cfd21afdc42233ae9fd6e63ec5d2298b10b778396ad99f263714132,forward,5.5
ground_CELL_G_b160_n92801,GroundV2,ART1_CELL_DEV,G,True,True,34,3.7500000000000013,2.0,-1.5707963267948952,forward,False,75682a68f2f5b9b524577d04146c76a0beaf2a7fec5dbf3630ca4bc0a9569731,forward,5.75
ground_CELL_G_b160_n92801,GroundV2,ART1_CELL_DEV,G,True,True,35,3.7500000000000018,1.75,-1.5707963267948952,forward,False,7b2ab9efde65f1de22bc4d5c87b5b7fb68e30e7f3306b5b0fd203bb510338947,left,6.0
ground_CELL_G_b160_n92801,GroundV2,ART1_CELL_DEV,G,True,True,36,3.7500000000000018,1.75,-1.0471975511965965,turn_left,False,d9ac4bab05b1781a8d57cd5e3407bfae0fbf49f65706db240db33d74274bd2cc,left,6.0
ground_CELL_G_b160_n92801,GroundV2,ART1_CELL_DEV,G,True,True,37,3.7500000000000018,1.75,-0.5235987755982978,turn_left,False,60e132a234307891572df884c3c4ebfce2e55b422476d1f11ea5978f0bf1d156,left,6.0
ground_CELL_G_b160_n92801,GroundV2,ART1_CELL_DEV,G,True,True,38,3.7500000000000018,1.75,8.881784197001252e-16,turn_left,False,279e1d07143060dac43bf189e23c923dabef8b4342bbe1f7f1e9b2c384372974,forward,6.0
ground_CELL_G_b160_n92801,GroundV2,ART1_CELL_DEV,G,True,True,39,4.000000000000002,1.7500000000000002,8.881784197001252e-16,forward,False,1aeba84009ac9914df146b6e25f19cf31c83fc75630b08b2fea4634583b65c07,forward,6.25
ground_CELL_G_b160_n92801,GroundV2,ART1_CELL_DEV,G,True,True,40,4.250000000000002,1.7500000000000004,8.881784197001252e-16,forward,False,825e724e96487bd3ef099d6da4fa52fc196e3ba89a8ad1fb59f7dd0627bb7ca9,forward,6.5
ground_CELL_G_b160_n92801,GroundV2,ART1_CELL_DEV,G,True,True,41,4.500000000000002,1.7500000000000007,8.881784197001252e-16,forward,False,36a4f46d908dc4d450dd0a350ec2ee12a9a70d1194e09e8261dad9e37111b1bf,forward,6.75
ground_CELL_G_b160_n92801,GroundV2,ART1_CELL_DEV,G,True,True,42,4.750000000000002,1.7500000000000009,8.881784197001252e-16,forward,False,ad98210c7ca3898b212f08d1c270532daded2c5318c3f445225ce702bd675bea,left,7.0
ground_CELL_G_b160_n92801,GroundV2,ART1_CELL_DEV,G,True,True,43,4.750000000000002,1.7500000000000009,0.5235987755982996,turn_left,False,d4e14eb97471a94f1749f08d93252d9d4836692e39cef6aaf947bbb7979feef9,left,7.0
ground_CELL_G_b160_n92801,GroundV2,ART1_CELL_DEV,G,True,True,44,4.750000000000002,1.7500000000000009,1.0471975511965983,turn_left,False,08829fc0756ad4d78e2446e0a77c55dc6439e0a0e4cba802b76f11a92597c019,observe,7.0
ground_CELL_G_b160_n92801,GroundV2,ART1_CELL_DEV,G,True,True,45,4.750000000000002,1.7500000000000009,1.0471975511965983,observe,False,041e4676244044ea87bab321d4cbd7cd996813ce17a33c28cbc56b1fa47e4f28,right,7.0
ground_CELL_G_b160_n92801,GroundV2,ART1_CELL_DEV,G,True,True,46,4.750000000000002,1.7500000000000009,0.5235987755982996,turn_right,False,81b98177bcaccbf50123fa63d32d7c5f1a2be32a139076886deef77949e01a23,right,7.0
ground_CELL_G_b160_n92801,GroundV2,ART1_CELL_DEV,G,True,True,47,4.750000000000002,1.7500000000000009,8.881784197001252e-16,turn_right,False,0a4b660cd26596d6b038398b45acfc5d7fc9d10f9ddd36dd545fe2e8d38f3acb,forward,7.0
ground_CELL_G_b160_n92801,GroundV2,ART1_CELL_DEV,G,True,True,48,5.000000000000002,1.750000000000001,8.881784197001252e-16,forward,False,35b5283c3d62ae1c9d5be1ef12297f89168fdf6f8ba5e83943974f312e817301,forward,7.25
ground_CELL_G_b160_n92801,GroundV2,ART1_CELL_DEV,G,True,True,49,5.250000000000002,1.7500000000000013,8.881784197001252e-16,forward,False,e409e32d1fb348f0a220a209747017715f0a58680ca6f92914f69f83fa78af61,forward,7.5
ground_CELL_G_b160_n92801,GroundV2,ART1_CELL_DEV,G,True,True,50,5.500000000000002,1.7500000000000016,8.881784197001252e-16,forward,False,2a744f3129afa4e5638019eabe88fe83954c039f9e018862c95d4f6866d29c52,forward,7.75
ground_CELL_G_b160_n92801,GroundV2,ART1_CELL_DEV,G,True,True,51,5.750000000000002,1.7500000000000018,8.881784197001252e-16,forward,False,db9f130e3af59f54caebceff0b56033c1653f884d905836bfcad53bcb8c08795,left,8.0
ground_CELL_G_b160_n92801,GroundV2,ART1_CELL_DEV,G,True,True,52,5.750000000000002,1.7500000000000018,0.5235987755982996,turn_left,False,9f1b55964b3b431a500f61e56a7f14529ad5091fe6585425f069ebe04b43da5a,left,8.0
ground_CELL_G_b160_n92801,GroundV2,ART1_CELL_DEV,G,True,True,53,5.750000000000002,1.7500000000000018,1.0471975511965983,turn_left,False,d88ce052c74557390171cf8bec7696c5e9835336de6d1fdb8bbded08b6c46d80,observe,8.0
ground_CELL_G_b160_n92801,GroundV2,ART1_CELL_DEV,G,True,True,54,5.750000000000002,1.7500000000000018,1.0471975511965983,observe,False,f19b6beecbd00b985b3cedaba63e6fa2a501025db3f190460c52d7380c0c6b35,left,8.0
ground_CELL_G_b160_n92801,GroundV2,ART1_CELL_DEV,G,True,True,55,5.750000000000002,1.7500000000000018,1.5707963267948966,turn_left,False,9004655707265da13bb841d45dca4dbab46a77ef76b040c0f349506229e26535,left,8.0
ground_CELL_G_b160_n92801,GroundV2,ART1_CELL_DEV,G,True,True,56,5.750000000000002,1.7500000000000018,2.094395102393195,turn_left,False,085108bc32669e429fad0681441a02e41ea6db3dc2dd7ba412ca88e162115f04,observe,8.0
ground_CELL_G_b160_n92801,GroundV2,ART1_CELL_DEV,G,True,True,57,5.750000000000002,1.7500000000000018,2.094395102393195,observe,False,88ec3ed29a5d5479f39dec0138fcc1a0085fd8c524b9be9675d3e1a26b6029b7,left,8.0
ground_CELL_G_b160_n92801,GroundV2,ART1_CELL_DEV,G,True,True,58,5.750000000000002,1.7500000000000018,2.617993877991493,turn_left,False,b7b5a945f97229a9623f7e4ac6118a70f70d197f09615eb69675f3ae082d8432,observe,8.0
ground_CELL_G_b160_n92801,GroundV2,ART1_CELL_DEV,G,True,True,59,5.750000000000002,1.7500000000000018,2.617993877991493,observe,False,8a562fdfc0c8f6076b14ef815d4a848a04bca367afe3973a0ec4161af1debfe8,left,8.0
ground_CELL_G_b160_n92801,GroundV2,ART1_CELL_DEV,G,True,True,60,5.750000000000002,1.7500000000000018,3.1415926535897913,turn_left,False,fb266d4d0b27e92cff49465d7107b53e09c44c9104275e23138b1fff39d9cedc,forward,8.0
ground_CELL_G_b160_n92801,GroundV2,ART1_CELL_DEV,G,True,True,61,5.500000000000002,1.7500000000000022,3.1415926535897913,forward,False,6d787dd960ace707e823c42e6a316c669bec09c785aab48550da1fb39fd91b47,forward,8.25
ground_CELL_G_b160_n92801,GroundV2,ART1_CELL_DEV,G,True,True,62,5.250000000000002,1.7500000000000027,3.1415926535897913,forward,False,d769ec186fc25ea778b0a9a718d3591cbb99a448aafb5b05a9f80d9cdd083ec4,forward,8.5
ground_CELL_G_b160_n92801,GroundV2,ART1_CELL_DEV,G,True,True,63,5.000000000000002,1.750000000000003,3.1415926535897913,forward,False,d3130622280c514463ad779e17421068b30ebf910dcff71ab2b49e13fb18b9c5,forward,8.75
ground_CELL_G_b160_n92801,GroundV2,ART1_CELL_DEV,G,True,True,64,4.750000000000002,1.7500000000000036,3.1415926535897913,forward,False,d94f3d07aebdf7a2232401206a8b5056bd636379d7198e2bda7cb59ef969a589,right,9.0
ground_CELL_G_b160_n92801,GroundV2,ART1_CELL_DEV,G,True,True,65,4.750000000000002,1.7500000000000036,2.617993877991493,turn_right,False,3349eabcc245d3a43575b352e1501fa842b85d9b449428725209bbeebd5aac50,right,9.0
ground_CELL_G_b160_n92801,GroundV2,ART1_CELL_DEV,G,True,True,66,4.750000000000002,1.7500000000000036,2.094395102393195,turn_right,False,708378803703ec60a7f40f5ea0e2cd37ec0876529ee604c8ec0957bc37fb4326,right,9.0
ground_CELL_G_b160_n92801,GroundV2,ART1_CELL_DEV,G,True,True,67,4.750000000000002,1.7500000000000036,1.5707963267948966,turn_right,False,d6aede87ac79ae6e7c94e3b9e57c9241917ec83dab7d036bb437d1762090ac01,observe,9.0
ground_CELL_G_b160_n92801,GroundV2,ART1_CELL_DEV,G,True,True,68,4.750000000000002,1.7500000000000036,1.5707963267948966,observe,False,d6a3a0387f66367968dad91bc2a28ac9c96bae597b671a979e6410b6229a074e,left,9.0
ground_CELL_G_b160_n92801,GroundV2,ART1_CELL_DEV,G,True,True,69,4.750000000000002,1.7500000000000036,2.094395102393195,turn_left,False,3f924ad9520f4a3179b7e5115ab4f7d1c322378ebf43d007ac09979d8d6245c2,left,9.0
ground_CELL_G_b160_n92801,GroundV2,ART1_CELL_DEV,G,True,True,70,4.750000000000002,1.7500000000000036,2.617993877991493,turn_left,False,cd5fb021350f0215a41f65e78ceae87ca248a7b3c199308c17749685dbebc6bd,left,9.0
ground_CELL_G_b160_n92801,GroundV2,ART1_CELL_DEV,G,True,True,71,4.750000000000002,1.7500000000000036,3.1415926535897913,turn_left,False,a0654216d7aff7bb1bbafed31302c3a190448e56c1fc97e06bd2e17806957178,forward,9.0
ground_CELL_G_b160_n92801,GroundV2,ART1_CELL_DEV,G,True,True,72,4.500000000000002,1.750000000000004,3.1415926535897913,forward,False,31a286f464d36d6586a80f06558a534898caa9b00107ac3777063f95811cf33e,forward,9.25
ground_CELL_G_b160_n92801,GroundV2,ART1_CELL_DEV,G,True,True,73,4.250000000000002,1.7500000000000044,3.1415926535897913,forward,False,a054ffa4c60ff775a87946aee568b74b19aa30a3ea453b9597f0e1a1ff800f9c,forward,9.5
ground_CELL_G_b160_n92801,GroundV2,ART1_CELL_DEV,G,True,True,74,4.000000000000002,1.7500000000000049,3.1415926535897913,forward,False,1185d0cff0f2f2aa691a80cf3719f72d5cb3ce36c80534c04d1ee7d645e4e8e8,forward,9.75
ground_CELL_G_b160_n92801,GroundV2,ART1_CELL_DEV,G,True,True,75,3.7500000000000018,1.7500000000000053,3.1415926535897913,forward,False,d54dff3f43326c21f8d495657d6fdf9dc0ca4f8f97cc63e24814a9d5e21d9b11,right,10.0
ground_CELL_G_b160_n92801,GroundV2,ART1_CELL_DEV,G,True,True,76,3.7500000000000018,1.7500000000000053,2.617993877991493,turn_right,False,d192a2b9d5f78b0b401f46e798a404cfdf60d219b5fcee9d58388604dc60d60f,right,10.0
ground_CELL_G_b160_n92801,GroundV2,ART1_CELL_DEV,G,True,True,77,3.7500000000000018,1.7500000000000053,2.094395102393195,turn_right,False,feab5f45dabaacc21f7529782221770981105fee8a29034845ff1be904b944de,right,10.0
ground_CELL_G_b160_n92801,GroundV2,ART1_CELL_DEV,G,True,True,78,3.7500000000000018,1.7500000000000053,1.5707963267948966,turn_right,False,c35299458761f9bc40230d156fb4271d99dc938c5de73f0c0b1b11b117577d6d,right,10.0
ground_CELL_G_b160_n92801,GroundV2,ART1_CELL_DEV,G,True,True,79,3.7500000000000018,1.7500000000000053,1.0471975511965983,turn_right,False,889e89c1095249c241ef3d8988538acfea3c65f4317f7ed60aae4a77ed10a7d3,observe,10.0
ground_CELL_G_b160_n92801,GroundV2,ART1_CELL_DEV,G,True,True,80,3.7500000000000018,1.7500000000000053,1.0471975511965983,observe,False,8711e55b579cecfbf1f21b2660b783b6099397b619b93d0fe08b0abdb0ac33c2,left,10.0
ground_CELL_G_b160_n92801,GroundV2,ART1_CELL_DEV,G,True,True,81,3.7500000000000018,1.7500000000000053,1.5707963267948966,turn_left,False,2215e8be05b955b0bf65c463e363069f77d07b7ef3284c2ac1d31ada43f6b260,left,10.0
ground_CELL_G_b160_n92801,GroundV2,ART1_CELL_DEV,G,True,True,82,3.7500000000000018,1.7500000000000053,2.094395102393195,turn_left,False,fbd30bcebaaa21922f39952cbc35f94ac41e3e5b45677aead3e8d6849e4a2567,left,10.0
ground_CELL_G_b160_n92801,GroundV2,ART1_CELL_DEV,G,True,True,83,3.7500000000000018,1.7500000000000053,2.617993877991493,turn_left,False,6bd7d19de7b7bb943ec0ff93448548d6a9f439f849a034aa07f0aedd30fd367a,left,10.0
ground_CELL_G_b160_n92801,GroundV2,ART1_CELL_DEV,G,True,True,84,3.7500000000000018,1.7500000000000053,3.1415926535897913,turn_left,False,aa76714232914c3c74f2e7b9aaa39fc83bf87210c35e779bf97b44b4bea4deb0,forward,10.0
ground_CELL_G_b160_n92801,GroundV2,ART1_CELL_DEV,G,True,True,85,3.5000000000000018,1.7500000000000058,3.1415926535897913,forward,False,e36d21030de4192dd759d8a2082edd78b8643d0725c74bc919e4e7272e333e75,forward,10.25
ground_CELL_G_b160_n92801,GroundV2,ART1_CELL_DEV,G,True,True,86,3.2500000000000018,1.7500000000000062,3.1415926535897913,forward,False,54f3487ef73b7357102936edfe6f6d3570e62ce2f41eaebd6eca47156e5314b4,forward,10.5
ground_CELL_G_b160_n92801,GroundV2,ART1_CELL_DEV,G,True,True,87,3.0000000000000018,1.7500000000000067,3.1415926535897913,forward,False,72f987a062d01a933e84fa80c2413be84a07a2418b4597f5c8259d3bcc200bdf,forward,10.75
ground_CELL_G_b160_n92801,GroundV2,ART1_CELL_DEV,G,True,True,88,2.7500000000000018,1.750000000000007,3.1415926535897913,forward,False,2440077da3bf8fa49393bee53a95578ebfecf4eebc77690de76c50513ae7f84c,right,11.0
ground_CELL_G_b160_n92801,GroundV2,ART1_CELL_DEV,G,True,True,89,2.7500000000000018,1.750000000000007,2.617993877991493,turn_right,False,1959f50d3653d7ff0b93a24c10b17007ddedee2f7769521b04685b7544c8be67,observe,11.0
ground_CELL_G_b160_n92801,GroundV2,ART1_CELL_DEV,G,True,True,90,2.7500000000000018,1.750000000000007,2.617993877991493,observe,False,b136c54869e2d3918088d17356eb061839882d20d3a200dfdd5856029493f8a0,right,11.0
ground_CELL_G_b160_n92801,GroundV2,ART1_CELL_DEV,G,True,True,91,2.7500000000000018,1.750000000000007,2.094395102393195,turn_right,False,1cb4b274f74238fd9da42c799b4210a3016144ab79e28aed07eb1da413989c2b,observe,11.0
ground_CELL_G_b160_n92801,GroundV2,ART1_CELL_DEV,G,True,True,92,2.7500000000000018,1.750000000000007,2.094395102393195,observe,False,b3c1ad92e0fd5d095f1239c4f414e1d27a35a2b0108e832432d9439f9abcaaf8,right,11.0
ground_CELL_G_b160_n92801,GroundV2,ART1_CELL_DEV,G,True,True,93,2.7500000000000018,1.750000000000007,1.5707963267948966,turn_right,False,c6445420554a69702053ecc3dcf3a8af1ce577d3670851a9a5733e3bdee2323f,right,11.0
ground_CELL_G_b160_n92801,GroundV2,ART1_CELL_DEV,G,True,True,94,2.7500000000000018,1.750000000000007,1.0471975511965983,turn_right,False,6558298ce93e7139e9b899e9903dd3d0f4d07f9d26b53f5fc9555c255bfed098,right,11.0
ground_CELL_G_b160_n92801,GroundV2,ART1_CELL_DEV,G,True,True,95,2.7500000000000018,1.750000000000007,0.5235987755982996,turn_right,False,8c031797d03e9b1276a20f1111d8446ce8a4294cf032dae65b385c56317f37c8,observe,11.0
ground_CELL_G_b160_n92801,GroundV2,ART1_CELL_DEV,G,True,True,96,2.7500000000000018,1.750000000000007,0.5235987755982996,observe,False,bfc3fa546b0686246cf321fa39aa01a846aaffadf433ccfa25f9153552068cad,right,11.0
ground_CELL_G_b160_n92801,GroundV2,ART1_CELL_DEV,G,True,True,97,2.7500000000000018,1.750000000000007,8.881784197001252e-16,turn_right,False,04a939712e4522d9b9e5b2ae0b763ab07165a7855c4bf48872facea95fcd8746,observe,11.0
ground_CELL_G_b160_n92801,GroundV2,ART1_CELL_DEV,G,True,True,98,2.7500000000000018,1.750000000000007,8.881784197001252e-16,observe,False,129dd7e5e3efebb7bdd65ce350837008bd2b4c3514ae1ae7e78e17760a5d3efd,left,11.0
ground_CELL_G_b160_n92801,GroundV2,ART1_CELL_DEV,G,True,True,99,2.7500000000000018,1.750000000000007,0.5235987755982996,turn_left,False,875aa544f9a8a25b6e9f4613032951fecbe312ff9d7b87587ba921dadf5ede9a,left,11.0
ground_CELL_G_b160_n92801,GroundV2,ART1_CELL_DEV,G,True,True,100,2.7500000000000018,1.750000000000007,1.0471975511965983,turn_left,False,868522c012a888503f1b1b5b3a6a11788bf0b6e427222bfd8b000b6976772631,left,11.0
ground_CELL_G_b160_n92801,GroundV2,ART1_CELL_DEV,G,True,True,101,2.7500000000000018,1.750000000000007,1.5707963267948966,turn_left,False,18422b893ad4d7031fc26ba326b0642ebc544d5a5e3168744e6746650db46c36,left,11.0
ground_CELL_G_b160_n92801,GroundV2,ART1_CELL_DEV,G,True,True,102,2.7500000000000018,1.750000000000007,2.094395102393195,turn_left,False,2df9e4150b52d8c5a9fcdbb2e2cd133610d5993f45e8c1e2c69fe1cd88654966,left,11.0
ground_CELL_G_b160_n92801,GroundV2,ART1_CELL_DEV,G,True,True,103,2.7500000000000018,1.750000000000007,2.617993877991493,turn_left,False,e8445c1e1f6c09c8ebad4843320b11cf7b7b20720f19d085a26e07bc409681ba,left,11.0
ground_CELL_G_b160_n92801,GroundV2,ART1_CELL_DEV,G,True,True,104,2.7500000000000018,1.750000000000007,3.1415926535897913,turn_left,False,711b329ca5b37ac81aa8cff423c0633c8d140635243f3955660065790403ea93,forward,11.0
ground_CELL_G_b160_n92801,GroundV2,ART1_CELL_DEV,G,True,True,105,2.5000000000000018,1.7500000000000075,3.1415926535897913,forward,False,fc1d70586f38e8da2b87ee15c858f690053640900c1a1982256291e1e395e8e0,forward,11.25
ground_CELL_G_b160_n92801,GroundV2,ART1_CELL_DEV,G,True,True,106,2.2500000000000018,1.750000000000008,3.1415926535897913,forward,False,507c227f8375d1ebe9384785bc055cf43bf514f14f59e854bb87b1bd2e32f33f,forward,11.5
ground_CELL_G_b160_n92801,GroundV2,ART1_CELL_DEV,G,True,True,107,2.0000000000000018,1.7500000000000084,3.1415926535897913,forward,False,9c7bede7bc53afff090a411cc4cd2f6326c2e2eb147135b2fc02e1ca7f3dd3cc,forward,11.75
ground_CELL_G_b160_n92801,GroundV2,ART1_CELL_DEV,G,True,True,108,1.7500000000000018,1.7500000000000089,3.1415926535897913,forward,False,1a994f10266bc97fca7692d4422b44066b329283468c0838ff3d782772760d8f,observe,12.0
ground_CELL_G_b160_n92801,GroundV2,ART1_CELL_DEV,G,True,True,109,1.7500000000000018,1.7500000000000089,3.1415926535897913,observe,False,8b0587a7974faa8dee349deb5d0d7d6640d7927f7ad3d7f31c1329d7330d99cd,forward,12.0
ground_CELL_G_b160_n92801,GroundV2,ART1_CELL_DEV,G,True,True,110,1.5000000000000018,1.7500000000000093,3.1415926535897913,forward,False,22507225968473c52117f7ec5c1f710efe9bf48317278f614734ccc644886f81,forward,12.25
ground_CELL_G_b160_n92801,GroundV2,ART1_CELL_DEV,G,True,True,111,1.2500000000000018,1.7500000000000098,3.1415926535897913,forward,False,003a04e38a1c63b133d7367def8702cf6829025483d0d91b516f355f8959bd0b,forward,12.5
ground_CELL_G_b160_n92801,GroundV2,ART1_CELL_DEV,G,True,True,112,1.0000000000000018,1.7500000000000102,3.1415926535897913,forward,False,862405acf00f7b06da9bb33d71415974c5deb3ae1d8663c6e670634117955ef6,forward,12.75
ground_CELL_G_b160_n92801,GroundV2,ART1_CELL_DEV,G,True,True,113,0.7500000000000018,1.7500000000000107,3.1415926535897913,forward,False,e042e624930b913c1a348d41c4b773a9616385a3f3218b3debaec628b6554694,left,13.0
ground_CELL_G_b160_n92801,GroundV2,ART1_CELL_DEV,G,True,True,114,0.7500000000000018,1.7500000000000107,-2.6179938779914966,turn_left,False,8def804ec89939e6ff04ce3489181316dc373a91e2c5eeea6077620df0811a5f,left,13.0
ground_CELL_G_b160_n92801,GroundV2,ART1_CELL_DEV,G,True,True,115,0.7500000000000018,1.7500000000000107,-2.094395102393198,turn_left,False,48b5dee069b7bc5de82266d34b67f568e3bc001461256993dc25b5def3e394d9,left,13.0
ground_CELL_G_b160_n92801,GroundV2,ART1_CELL_DEV,G,True,True,116,0.7500000000000018,1.7500000000000107,-1.5707963267948992,turn_left,False,54e910b9fd812235c7600e9d1edaa3a0543885859687ee95ccf2888b0c39da52,forward,13.0
ground_CELL_G_b160_n92801,GroundV2,ART1_CELL_DEV,G,True,True,117,0.7500000000000011,1.5000000000000107,-1.5707963267948992,forward,False,2ef01c37075d0410c4cf7367c5c2dd0dcfc919b8f41440bc72021dc440f4618a,forward,13.25
ground_CELL_G_b160_n92801,GroundV2,ART1_CELL_DEV,G,True,True,118,0.7500000000000004,1.2500000000000107,-1.5707963267948992,forward,False,3c3856df1fac496d9e6604a0ae121373d09325046d177dbcbbe3ed1b57b20674,forward,13.5
ground_CELL_G_b160_n92801,GroundV2,ART1_CELL_DEV,G,True,True,119,0.7499999999999998,1.0000000000000107,-1.5707963267948992,forward,False,bdd23534ca94171c9ae0cf3d9d2ffb611389a3bdf088e4d8310d472c6c87789b,forward,13.75
ground_CELL_G_b160_n92801,GroundV2,ART1_CELL_DEV,G,True,True,120,0.7499999999999991,0.7500000000000107,-1.5707963267948992,forward,False,5daf714a1b9399e101b16ead9a06ecdf4505007d507138d50a860723f48a82a0,left,14.0
ground_CELL_G_b160_n92801,GroundV2,ART1_CELL_DEV,G,True,True,121,0.7499999999999991,0.7500000000000107,-1.0471975511966005,turn_left,False,5760717e634d3209a6ee0d024af4c3884d529a62f1aaf9f5e132f2e372f91558,left,14.0
ground_CELL_G_b160_n92801,GroundV2,ART1_CELL_DEV,G,True,True,122,0.7499999999999991,0.7500000000000107,-0.5235987755983018,turn_left,False,85c3fb55bb8488af9dd9e088985cfa0526b423683340197663ea4bed52b3abef,left,14.0
ground_CELL_G_b160_n92801,GroundV2,ART1_CELL_DEV,G,True,True,123,0.7499999999999991,0.7500000000000107,-3.1086244689504383e-15,turn_left,False,51ff65956927f41558654c4135c3fd7c29a8bc9bae6fc57152fb260bc345c5ec,left,14.0
ground_CELL_G_b160_n92801,GroundV2,ART1_CELL_DEV,G,True,True,124,0.7499999999999991,0.7500000000000107,0.5235987755982956,turn_left,False,515e7f902fa2274e7b354b8737a055f9b68e4b4ff541342964afed63fdce41c3,left,14.0
ground_CELL_G_b160_n92801,GroundV2,ART1_CELL_DEV,G,True,True,125,0.7499999999999991,0.7500000000000107,1.0471975511965947,turn_left,False,7e1a81bfcb5ea602eb696832b995fb0f24db3aeb6afd90bba4469abca6ce000c,observe,14.0
ground_CELL_G_b160_n92801,GroundV2,ART1_CELL_DEV,G,True,True,126,0.7499999999999991,0.7500000000000107,1.0471975511965947,observe,False,256dc9b03ff4b771b907ae09ad3ee6fb2fb296d12b82fa42925893084c2917fb,left,14.0
ground_CELL_G_b160_n92801,GroundV2,ART1_CELL_DEV,G,True,True,127,0.7499999999999991,0.7500000000000107,1.570796326794893,turn_left,False,b5c41b42d94df99def08c5f32e3ff3e56e270797c4f20162e124f2d5fc220c27,observe,14.0
ground_CELL_G_b160_n92801,GroundV2,ART1_CELL_DEV,G,True,True,128,0.7499999999999991,0.7500000000000107,1.570796326794893,observe,False,3cce0206547fbdc5b9bba447f78ff81889e8d4c8a251a1eabdabd244e498e8d3,right,14.0
ground_CELL_G_b160_n92801,GroundV2,ART1_CELL_DEV,G,True,True,129,0.7499999999999991,0.7500000000000107,1.0471975511965947,turn_right,False,60330bba6df6b2414d7063cc4bedfd0da872b76ea175d2eba4bb9f6432506c68,right,14.0
ground_CELL_G_b160_n92801,GroundV2,ART1_CELL_DEV,G,True,True,130,0.7499999999999991,0.7500000000000107,0.523598775598296,turn_right,False,a226bbb61b39f6d4ee9ea191eba80f3b69f1937edc51697f8dcf29c8b988bfc9,right,14.0
ground_CELL_G_b160_n92801,GroundV2,ART1_CELL_DEV,G,True,True,131,0.7499999999999991,0.7500000000000107,-2.6645352591003757e-15,turn_right,False,8e2c747b62c32976241f4bb0ea853a08d08f9c64a5e45b23ee44b8c88cf177a3,forward,14.0
ground_CELL_G_b160_n92801,GroundV2,ART1_CELL_DEV,G,True,True,132,0.9999999999999991,0.75000000000001,-2.6645352591003757e-15,forward,False,71fee763fb23b8375cb9713448b4b258bc13bc4a8aefde6abd93474efa566449,forward,14.25
ground_CELL_G_b160_n92801,GroundV2,ART1_CELL_DEV,G,True,True,133,1.2499999999999991,0.7500000000000093,-2.6645352591003757e-15,forward,False,e2208628a92e619b10982d3ce89dc8d2ee957a19aaf6c1fb75af4ababfcb8d96,forward,14.5
ground_CELL_G_b160_n92801,GroundV2,ART1_CELL_DEV,G,True,True,134,1.4999999999999991,0.7500000000000087,-2.6645352591003757e-15,forward,False,16ec17fd311ac58f08275a639ab4be00cdf6d045dc2bf8e54fce14a41c6c313c,forward,14.75
ground_CELL_G_b160_n92801,GroundV2,ART1_CELL_DEV,G,True,True,135,1.7499999999999991,0.750000000000008,-2.6645352591003757e-15,forward,False,ccd8227e107e1fca24d42ead353a394f773ac59dce6a40741472e630636ca5e3,left,15.0
ground_CELL_G_b160_n92801,GroundV2,ART1_CELL_DEV,G,True,True,136,1.7499999999999991,0.750000000000008,0.523598775598296,turn_left,False,04381f1027e4a9bd4e85946209704f5f7d44e5732a980483e5823286751ab332,left,15.0
ground_CELL_G_b160_n92801,GroundV2,ART1_CELL_DEV,G,True,True,137,1.7499999999999991,0.750000000000008,1.0471975511965947,turn_left,False,036d5d6fee6b9528b5d7efcb2c21245eed2f1d919ef83de9e65f6c66ec8b8361,observe,15.0
ground_CELL_G_b160_n92801,GroundV2,ART1_CELL_DEV,G,True,True,138,1.7499999999999991,0.750000000000008,1.0471975511965947,observe,False,7081d97d83391554275f84d171652372d505347a7d0698a53347a8ece85b4a89,left,15.0
ground_CELL_G_b160_n92801,GroundV2,ART1_CELL_DEV,G,True,True,139,1.7499999999999991,0.750000000000008,1.570796326794893,turn_left,False,0f7524f79d19d55dd018fddedf13d7dd2f7648e420b11a9288aa88d055879061,observe,15.0
ground_CELL_G_b160_n92801,GroundV2,ART1_CELL_DEV,G,True,True,140,1.7499999999999991,0.750000000000008,1.570796326794893,observe,False,d08faba09175a297f0d9c09f200a2f606773c76d69dbb23cbd2dbf5cbc4ad7a3,left,15.0
ground_CELL_G_b160_n92801,GroundV2,ART1_CELL_DEV,G,True,True,141,1.7499999999999991,0.750000000000008,2.0943951023931913,turn_left,False,c9a5aecb584cb1a93a097b04eaa0380a64a438267275a31ffcd76ebe0e07e1a0,observe,15.0
ground_CELL_G_b160_n92801,GroundV2,ART1_CELL_DEV,G,True,True,142,1.7499999999999991,0.750000000000008,2.0943951023931913,observe,False,08ef4496c1e6b6371f1a7c64fff6da3e0b8eb16d8b5e42c98ba5f460becd564f,left,15.0
ground_CELL_G_b160_n92801,GroundV2,ART1_CELL_DEV,G,True,True,143,1.7499999999999991,0.750000000000008,2.6179938779914895,turn_left,False,2bb3421b16abdb4e9d9cbc0eba53e25f7442b17310b0728d70acb4b22ba1e76e,left,15.0
ground_CELL_G_b160_n92801,GroundV2,ART1_CELL_DEV,G,True,True,144,1.7499999999999991,0.750000000000008,3.141592653589788,turn_left,False,01c34186b38d768d9c015afbf9c35fa64b2653bb5888411d6582dfea3f8d7df8,forward,15.0
ground_CELL_G_b160_n92801,GroundV2,ART1_CELL_DEV,G,True,True,145,1.4999999999999991,0.7500000000000093,3.141592653589788,forward,False,90152c21c471fb44486a272c8e9e0f093e7f122e88231b48fa834a85cbee7911,right,15.25
ground_CELL_G_b160_n92801,GroundV2,ART1_CELL_DEV,G,True,True,146,1.4999999999999991,0.7500000000000093,2.6179938779914895,turn_right,False,3299f0e6038414bfb8e200ca71377068c1da64a2e56fd90dfa4980f2a374375d,right,15.25
ground_CELL_G_b160_n92801,GroundV2,ART1_CELL_DEV,G,True,True,147,1.4999999999999991,0.7500000000000093,2.0943951023931913,turn_right,False,3fae735cdfe11eda60c12de9f2683c54ddadbbc4646692d5021bc4dcd689a87b,observe,15.25
ground_CELL_G_b160_n92801,GroundV2,ART1_CELL_DEV,G,True,True,148,1.4999999999999991,0.7500000000000093,2.0943951023931913,observe,False,6b1e8a2a4901ba6cf663f1cf19c9c5d1464664f943b2ee6a942138533ab48d65,left,15.25
ground_CELL_G_b160_n92801,GroundV2,ART1_CELL_DEV,G,True,True,149,1.4999999999999991,0.7500000000000093,2.6179938779914895,turn_left,False,954b346737387e11675061fd540606a2a6c387a9429271f51e2432bda8b54af3,left,15.25
ground_CELL_G_b160_n92801,GroundV2,ART1_CELL_DEV,G,True,True,150,1.4999999999999991,0.7500000000000093,3.141592653589788,turn_left,False,407f1a3ccfc09092e875652fd10980ca6d977c4d1b7b9e0f0494781a5021bbe4,forward,15.25
ground_CELL_G_b160_n92801,GroundV2,ART1_CELL_DEV,G,True,True,151,1.2499999999999991,0.7500000000000107,3.141592653589788,forward,False,21ad9a9620efc933d94c57617d64a298f2d730ee15537eca464a793bca8000b0,forward,15.5
ground_CELL_G_b160_n92801,GroundV2,ART1_CELL_DEV,G,True,True,152,0.9999999999999991,0.750000000000012,3.141592653589788,forward,False,3fd1440b56b5db0e12fcc5ae7105d254c0827d55309eb436c11cf384ebaf631e,forward,15.75
ground_CELL_G_b160_n92801,GroundV2,ART1_CELL_DEV,G,True,True,153,0.7499999999999991,0.7500000000000133,3.141592653589788,forward,False,d687756f0b07a6b589a23ee1107a8c6486bd2c62641978b3d6faa4908b4bd43e,right,16.0
ground_CELL_G_b160_n92801,GroundV2,ART1_CELL_DEV,G,True,True,154,0.7499999999999991,0.7500000000000133,2.6179938779914895,turn_right,False,90698a9513777a661336511b0e98f4997bdfd4a60060f3d0e2d4da6a2e4eccb5,right,16.0
ground_CELL_G_b160_n92801,GroundV2,ART1_CELL_DEV,G,True,True,155,0.7499999999999991,0.7500000000000133,2.0943951023931913,turn_right,False,707b666c3280d7bd35d5d403dbaa3668ee55564c1da9a0d9d16edf1c05b5b2bd,right,16.0
ground_CELL_G_b160_n92801,GroundV2,ART1_CELL_DEV,G,True,True,156,0.7499999999999991,0.7500000000000133,1.570796326794893,turn_right,False,3e57b9c5bc22fe1f46ea12dbb4ef3d858dad966f763f63311bd7002ab5b35a2f,right,16.0
ground_CELL_G_b160_n92801,GroundV2,ART1_CELL_DEV,G,True,True,157,0.7499999999999991,0.7500000000000133,1.0471975511965947,turn_right,False,606cd7ed6bb852c3f52ee9e275f35d63cc6f78bd55bf99485f171602745d8849,right,16.0
ground_CELL_G_b160_n92801,GroundV2,ART1_CELL_DEV,G,True,True,158,0.7499999999999991,0.7500000000000133,0.523598775598296,turn_right,False,776db2829ae8f4bc3c809769618c00a4dbdff8c08e9ee0451285cb8be7ab2912,right,16.0
ground_CELL_G_b160_n92801,GroundV2,ART1_CELL_DEV,G,True,True,159,0.7499999999999991,0.7500000000000133,-2.6645352591003757e-15,turn_right,False,36f16604496c150668ec569bc0dd875a8310c023289fbbee05928f6705dc9af8,stop,16.0
ground_CELL_NBV_b160_n92801,GroundV2,ART1_CELL_DEV,NBV,True,True,0,0.75,0.75,0.0,initial_observation,False,770cdef2afc2a67a3e91523e9334e00361b36f7dad25b06f5a5602fa144caf69,forward,0.0
ground_CELL_NBV_b160_n92801,GroundV2,ART1_CELL_DEV,NBV,True,True,1,1.0,0.75,0.0,forward,False,3dae42139da2b54437539569a6b86234f4ac4cd4d4bcda0f1e4f3318797763af,forward,0.25
ground_CELL_NBV_b160_n92801,GroundV2,ART1_CELL_DEV,NBV,True,True,2,1.25,0.75,0.0,forward,False,b4080d5e090066c0424b7b9f0d4f82a2cf7db9da5da87c6eedb5bcdffddf9215,forward,0.5
ground_CELL_NBV_b160_n92801,GroundV2,ART1_CELL_DEV,NBV,True,True,3,1.5,0.75,0.0,forward,False,cf89f0fef7edcedf28264f87f31e01694bf39f0dd3a2b6d47431547971b1f5c3,forward,0.75
ground_CELL_NBV_b160_n92801,GroundV2,ART1_CELL_DEV,NBV,True,True,4,1.75,0.75,0.0,forward,False,b7785455b205c755158a5169794200882dbc08e59b2780b5428b37e70a7640c8,forward,1.0
ground_CELL_NBV_b160_n92801,GroundV2,ART1_CELL_DEV,NBV,True,True,5,2.0,0.75,0.0,forward,False,1c503adefd45559a6185ffa470c8f10b1c9c8972ffbfd1b96fa0bf4e6f17ceb0,forward,1.25
ground_CELL_NBV_b160_n92801,GroundV2,ART1_CELL_DEV,NBV,True,True,6,2.25,0.75,0.0,forward,False,daedd3f9632b96e9b1813189249492f8d73b41bd3369dd86bf9f333783e0f484,forward,1.5
ground_CELL_NBV_b160_n92801,GroundV2,ART1_CELL_DEV,NBV,True,True,7,2.5,0.75,0.0,forward,False,915994499ddd5db9bcfcdb5a83e2685280a90edc88213e133dda3006e0106dc6,forward,1.75
ground_CELL_NBV_b160_n92801,GroundV2,ART1_CELL_DEV,NBV,True,True,8,2.75,0.75,0.0,forward,False,c715590ee116f80bf604547156d3ffae7ae2742afa288db7056d28b564c5aa02,forward,2.0
ground_CELL_NBV_b160_n92801,GroundV2,ART1_CELL_DEV,NBV,True,True,9,3.0,0.75,0.0,forward,False,eec7e872950a354639c707d7a1aa00e3e47629fef97b454ad7ed6e49b43f4e62,forward,2.25
ground_CELL_NBV_b160_n92801,GroundV2,ART1_CELL_DEV,NBV,True,True,10,3.25,0.75,0.0,forward,False,88a2192308c8ad054f457321492229500b039d7db9686281e290c2a1d2aa2547,forward,2.5
ground_CELL_NBV_b160_n92801,GroundV2,ART1_CELL_DEV,NBV,True,True,11,3.5,0.75,0.0,forward,False,946ad53fe35f45716ebd380bcd342ad2c7a504ac561fe44d019acedd1e6ff8de,forward,2.75
ground_CELL_NBV_b160_n92801,GroundV2,ART1_CELL_DEV,NBV,True,True,12,3.75,0.75,0.0,forward,False,4ec774f99ee624de1e7c137447df72b75511e6ca518e79f20029372856dbb7f9,left,3.0
ground_CELL_NBV_b160_n92801,GroundV2,ART1_CELL_DEV,NBV,True,True,13,3.75,0.75,0.5235987755982987,turn_left,False,63d7b1961ad003875b45db1a96980e4aa811115bb4dbadc641feae7ee2968a37,left,3.0
ground_CELL_NBV_b160_n92801,GroundV2,ART1_CELL_DEV,NBV,True,True,14,3.75,0.75,1.0471975511965974,turn_left,False,d6b660e88ce5fbef850b220d47f3fb2fedbc3f686794364264fcd0b09b44f62f,left,3.0
ground_CELL_NBV_b160_n92801,GroundV2,ART1_CELL_DEV,NBV,True,True,15,3.75,0.75,1.5707963267948966,turn_left,False,b6ae92425ae92f3d0223ee158db2d2fc95fe1c614489ccf9bb6a1e5b634ca6b1,forward,3.0
ground_CELL_NBV_b160_n92801,GroundV2,ART1_CELL_DEV,NBV,True,True,16,3.75,1.0,1.5707963267948966,forward,False,d48a50f4a1492d3c627c44bbb2eb2eafb0b6c26c58782842be07ce93a27f382b,forward,3.25
ground_CELL_NBV_b160_n92801,GroundV2,ART1_CELL_DEV,NBV,True,True,17,3.75,1.25,1.5707963267948966,forward,False,392377aed193b077561b5793edc63b2256cf68f082241cdbb926fe14af620bcd,forward,3.5
ground_CELL_NBV_b160_n92801,GroundV2,ART1_CELL_DEV,NBV,True,True,18,3.75,1.5,1.5707963267948966,forward,False,c85caa810618add702afd603c00713237dd3fb488303e53c18525927fd104e87,forward,3.75
ground_CELL_NBV_b160_n92801,GroundV2,ART1_CELL_DEV,NBV,True,True,19,3.75,1.75,1.5707963267948966,forward,False,2b53e56a0d1d0b75d131c5e2c78bea2cd69ab5912abf6e5ce2f7f66648a4009e,right,4.0
ground_CELL_NBV_b160_n92801,GroundV2,ART1_CELL_DEV,NBV,True,True,20,3.75,1.75,1.0471975511965983,turn_right,False,293989630a654eeed9e8917a562e204076ebde9c23c1983a437368d40cb649f9,right,4.0
ground_CELL_NBV_b160_n92801,GroundV2,ART1_CELL_DEV,NBV,True,True,21,3.75,1.75,0.5235987755982996,turn_right,False,9a4453fc10beb4e5638ba815637ee7c2895b90c7ebd02b0b964ac9a7978bbffe,right,4.0
ground_CELL_NBV_b160_n92801,GroundV2,ART1_CELL_DEV,NBV,True,True,22,3.75,1.75,8.881784197001252e-16,turn_right,False,0debf505397f709eeb0eaaba3670619e9d0fb3d33cc67864c5d31f86228ef172,forward,4.0
ground_CELL_NBV_b160_n92801,GroundV2,ART1_CELL_DEV,NBV,True,True,23,4.0,1.7500000000000002,8.881784197001252e-16,forward,False,8e70ffebf686a0d29357d5cb8146981ac2c0e365125404b251aee562f62f3119,forward,4.25
ground_CELL_NBV_b160_n92801,GroundV2,ART1_CELL_DEV,NBV,True,True,24,4.25,1.7500000000000004,8.881784197001252e-16,forward,False,a0258a6a8878533b9e5fdb6a5ffecdfa5130c8959d7f323122f1a386ca4b8107,forward,4.5
ground_CELL_NBV_b160_n92801,GroundV2,ART1_CELL_DEV,NBV,True,True,25,4.5,1.7500000000000007,8.881784197001252e-16,forward,False,d90249a0f4b2be532376d327dfbe66de3138e2b3508b603daf01f60a3f3816a8,forward,4.75
ground_CELL_NBV_b160_n92801,GroundV2,ART1_CELL_DEV,NBV,True,True,26,4.75,1.7500000000000009,8.881784197001252e-16,forward,False,ce30927f2e91687325c186b828be9533fbf4be925fa8a8e73d6c7c8e697bafc6,left,5.0
ground_CELL_NBV_b160_n92801,GroundV2,ART1_CELL_DEV,NBV,True,True,27,4.75,1.7500000000000009,0.5235987755982996,turn_left,False,810c3bc3797a7ec17a64892086efe3eb35342c5499207bea61e482d58d196307,left,5.0
ground_CELL_NBV_b160_n92801,GroundV2,ART1_CELL_DEV,NBV,True,True,28,4.75,1.7500000000000009,1.0471975511965983,turn_left,False,a591c685deb0d6d38584264bc65a6078c774dde885220760cb2aac6242173f10,observe,5.0
ground_CELL_NBV_b160_n92801,GroundV2,ART1_CELL_DEV,NBV,True,True,29,4.75,1.7500000000000009,1.0471975511965983,observe,False,3b367ff2ccec13a171f9b4d28fa59623c279549095cbfff7791c895d889cca79,left,5.0
ground_CELL_NBV_b160_n92801,GroundV2,ART1_CELL_DEV,NBV,True,True,30,4.75,1.7500000000000009,1.5707963267948966,turn_left,False,4662441f39f1ffeb4f7941b95ec62f48198dfe2ce6f608f5a6fa7e6a500f7278,observe,5.0
ground_CELL_NBV_b160_n92801,GroundV2,ART1_CELL_DEV,NBV,True,True,31,4.75,1.7500000000000009,1.5707963267948966,observe,False,76515c19b037183d59704641491ce3d92d63ec1f3d28d3ac62afb9791698eac6,right,5.0
ground_CELL_NBV_b160_n92801,GroundV2,ART1_CELL_DEV,NBV,True,True,32,4.75,1.7500000000000009,1.0471975511965983,turn_right,False,7359784cfccd9e4fc0ba4536b914f56c0639960e5e526da2c9d8fc2bbedc7663,right,5.0
ground_CELL_NBV_b160_n92801,GroundV2,ART1_CELL_DEV,NBV,True,True,33,4.75,1.7500000000000009,0.5235987755982996,turn_right,False,af176b9b92432395ef989a7893b47062a9042028d164ddbef779c24c30ed4245,right,5.0
ground_CELL_NBV_b160_n92801,GroundV2,ART1_CELL_DEV,NBV,True,True,34,4.75,1.7500000000000009,8.881784197001252e-16,turn_right,False,7c9ba249ca1cdcb8b0ebca9df617ab1ce6d1c451ee4fdda8a866c69ef4939ff9,forward,5.0
ground_CELL_NBV_b160_n92801,GroundV2,ART1_CELL_DEV,NBV,True,True,35,5.0,1.750000000000001,8.881784197001252e-16,forward,False,236927db40b1db9b9d0522a03d9faf92b409c124a70dacbe67920a15e58e4e8f,forward,5.25
ground_CELL_NBV_b160_n92801,GroundV2,ART1_CELL_DEV,NBV,True,True,36,5.25,1.7500000000000013,8.881784197001252e-16,forward,False,1b0c14c048812dd68bad85c855e29e6d02c7494bdb17d70cd958fcfc46bbef07,forward,5.5
ground_CELL_NBV_b160_n92801,GroundV2,ART1_CELL_DEV,NBV,True,True,37,5.5,1.7500000000000016,8.881784197001252e-16,forward,False,a599aeb3160fefe585652451d8b853c58938f0c14a362c1f993a4fa80dbafd81,forward,5.75
ground_CELL_NBV_b160_n92801,GroundV2,ART1_CELL_DEV,NBV,True,True,38,5.75,1.7500000000000018,8.881784197001252e-16,forward,False,c3125d48213980fbf9083772c78d2f893327b9d5448329c0f7d48857cc32ca76,left,6.0
ground_CELL_NBV_b160_n92801,GroundV2,ART1_CELL_DEV,NBV,True,True,39,5.75,1.7500000000000018,0.5235987755982996,turn_left,False,5dd4ae90edd4c113634e68933c9756891ce17cd5c04752df2bcea4df0be279f2,left,6.0
ground_CELL_NBV_b160_n92801,GroundV2,ART1_CELL_DEV,NBV,True,True,40,5.75,1.7500000000000018,1.0471975511965983,turn_left,False,0c53646c7d903389ce11e15ebb29be0ca1740059c078e4f6fdde748eb020d765,left,6.0
ground_CELL_NBV_b160_n92801,GroundV2,ART1_CELL_DEV,NBV,True,True,41,5.75,1.7500000000000018,1.5707963267948966,turn_left,False,bd0fb707b4b86285d21dcdc5967d83c62f6d23967d319eef3ae9834b64d55bbc,left,6.0
ground_CELL_NBV_b160_n92801,GroundV2,ART1_CELL_DEV,NBV,True,True,42,5.75,1.7500000000000018,2.094395102393195,turn_left,False,d3e8068b97532d1591d0a516c0f5bfee5bdd83ea1a040e8fb22b29bc21bf8be6,observe,6.0
ground_CELL_NBV_b160_n92801,GroundV2,ART1_CELL_DEV,NBV,True,True,43,5.75,1.7500000000000018,2.094395102393195,observe,False,d5ce707b4568f31d7767632d3eae42f39c5bf7466107abff6f5c667d5bf315be,left,6.0
ground_CELL_NBV_b160_n92801,GroundV2,ART1_CELL_DEV,NBV,True,True,44,5.75,1.7500000000000018,2.617993877991493,turn_left,False,8089321d478285c50f0792be57fda266e10f4050ae5971f90c8e0f2fbe5c3aa0,left,6.0
ground_CELL_NBV_b160_n92801,GroundV2,ART1_CELL_DEV,NBV,True,True,45,5.75,1.7500000000000018,3.1415926535897913,turn_left,False,d26eb1aef095d9b86abc3cb940da89c894f1c8a5b0fb5f65734676fb6fb61f50,forward,6.0
ground_CELL_NBV_b160_n92801,GroundV2,ART1_CELL_DEV,NBV,True,True,46,5.5,1.7500000000000022,3.1415926535897913,forward,False,b504bcad11269fa5f9aaa287144a25c520b5594c145f939c73a7bca2d8c7f033,forward,6.25
ground_CELL_NBV_b160_n92801,GroundV2,ART1_CELL_DEV,NBV,True,True,47,5.25,1.7500000000000027,3.1415926535897913,forward,False,2d71d37077de6ca09b5e0b9536c7e56ce6f23249195deff431c3697557a44f9d,forward,6.5
ground_CELL_NBV_b160_n92801,GroundV2,ART1_CELL_DEV,NBV,True,True,48,5.0,1.750000000000003,3.1415926535897913,forward,False,2929b6045ca571db18f9e5c05a02dcc014d495babc9b3427d99fa38e898e148f,forward,6.75
ground_CELL_NBV_b160_n92801,GroundV2,ART1_CELL_DEV,NBV,True,True,49,4.75,1.7500000000000036,3.1415926535897913,forward,False,1de41518210b5357021218a92ba235561c2a3dbf71354b84edb04254013cabfa,forward,7.0
ground_CELL_NBV_b160_n92801,GroundV2,ART1_CELL_DEV,NBV,True,True,50,4.5,1.750000000000004,3.1415926535897913,forward,False,3b9c1d29019dd8c24a3a6a0ddb9448adc970caaa0e3a382076ff54d72d9f0727,forward,7.25
ground_CELL_NBV_b160_n92801,GroundV2,ART1_CELL_DEV,NBV,True,True,51,4.25,1.7500000000000044,3.1415926535897913,forward,False,832f3f5b6f326d0689bab168a5428929933f4d031c560f20e88bcd45d93436fe,forward,7.5
ground_CELL_NBV_b160_n92801,GroundV2,ART1_CELL_DEV,NBV,True,True,52,4.0,1.7500000000000049,3.1415926535897913,forward,False,d6b9e4bc4d300aaf611c3ca4ffdeea17bbb8012efb6e25814c369f43d3d6698b,forward,7.75
ground_CELL_NBV_b160_n92801,GroundV2,ART1_CELL_DEV,NBV,True,True,53,3.75,1.7500000000000053,3.1415926535897913,forward,False,eed49e072524f27557e3159c8bca6217ada03ee9bb4c065a1a270c33d5382421,right,8.0
ground_CELL_NBV_b160_n92801,GroundV2,ART1_CELL_DEV,NBV,True,True,54,3.75,1.7500000000000053,2.617993877991493,turn_right,False,c7b0c3b28ca44fb2da19c03a6fff19522a86bd7868be479992d7af8f324a3925,right,8.0
ground_CELL_NBV_b160_n92801,GroundV2,ART1_CELL_DEV,NBV,True,True,55,3.75,1.7500000000000053,2.094395102393195,turn_right,False,ca93ec795f478d19d3bc07983ec94943ccd7dc83a56ea7317f4539916c583970,right,8.0
ground_CELL_NBV_b160_n92801,GroundV2,ART1_CELL_DEV,NBV,True,True,56,3.75,1.7500000000000053,1.5707963267948966,turn_right,False,8f76442a967c6c3426906a3f3effa3c1d7041286a037aad8462db47d47ac8c77,forward,8.0
ground_CELL_NBV_b160_n92801,GroundV2,ART1_CELL_DEV,NBV,True,True,57,3.75,2.0000000000000053,1.5707963267948966,forward,False,354c45da060d2c48f5c8cb189785cc4de5467ac6d124c5cf232b0db9a5bd97ea,forward,8.25
ground_CELL_NBV_b160_n92801,GroundV2,ART1_CELL_DEV,NBV,True,True,58,3.75,2.2500000000000053,1.5707963267948966,forward,False,b40321d68c708a0680efaf1d31fb02d483107b9cb7adc228dc245f521fa7adc3,forward,8.5
ground_CELL_NBV_b160_n92801,GroundV2,ART1_CELL_DEV,NBV,True,True,59,3.75,2.5000000000000053,1.5707963267948966,forward,False,0eba17bcda4f44be26e65331b83e36b3c5e1472ac3696a99ad388e87e575157a,forward,8.75
ground_CELL_NBV_b160_n92801,GroundV2,ART1_CELL_DEV,NBV,True,True,60,3.75,2.7500000000000053,1.5707963267948966,forward,False,2918f685a1198029bc5ab6a9ca15985276e8c5dc8320b6bb9c42f1c58effe379,right,9.0
ground_CELL_NBV_b160_n92801,GroundV2,ART1_CELL_DEV,NBV,True,True,61,3.75,2.7500000000000053,1.0471975511965983,turn_right,False,9066875d1f61f59573f18d726967d42130a5be6f5ccaa2ee61a3f9d6f255e1eb,right,9.0
ground_CELL_NBV_b160_n92801,GroundV2,ART1_CELL_DEV,NBV,True,True,62,3.75,2.7500000000000053,0.5235987755982996,turn_right,False,9d627925cca70bcb5928a68e35b3a59484093a80da0e0e4260072001c019b9ff,right,9.0
ground_CELL_NBV_b160_n92801,GroundV2,ART1_CELL_DEV,NBV,True,True,63,3.75,2.7500000000000053,8.881784197001252e-16,turn_right,False,df8bcf069166a04a91c4ab893eb0cca4a051d34a44c4d9f3c6195b0b1a239ad5,observe,9.0
ground_CELL_NBV_b160_n92801,GroundV2,ART1_CELL_DEV,NBV,True,True,64,3.75,2.7500000000000053,8.881784197001252e-16,observe,False,e6c95c939c5c8efc185c6941e9f8bb22b9a674da8ff3e4a845d128215224dd66,right,9.0
ground_CELL_NBV_b160_n92801,GroundV2,ART1_CELL_DEV,NBV,True,True,65,3.75,2.7500000000000053,-0.5235987755982978,turn_right,False,159fde2bf0217c7f378ee369205cd18c5e51b78c25094d3360cd9046f3d38df4,right,9.0
ground_CELL_NBV_b160_n92801,GroundV2,ART1_CELL_DEV,NBV,True,True,66,3.75,2.7500000000000053,-1.0471975511965965,turn_right,False,43f21eb6c5976372ee1cc7b50d7ea4e3883206ca4d0b72bab3c3eb580d0e165d,right,9.0
ground_CELL_NBV_b160_n92801,GroundV2,ART1_CELL_DEV,NBV,True,True,67,3.75,2.7500000000000053,-1.5707963267948952,turn_right,False,285eadec201f4914a758d537dec4dc2273229424d1744217832871040e626a3c,right,9.0
ground_CELL_NBV_b160_n92801,GroundV2,ART1_CELL_DEV,NBV,True,True,68,3.75,2.7500000000000053,-2.094395102393194,turn_right,False,dc3a19994e6b4167a1108007acb675936c5ed82c2a06fc33648c79aa80a507c7,right,9.0
ground_CELL_NBV_b160_n92801,GroundV2,ART1_CELL_DEV,NBV,True,True,69,3.75,2.7500000000000053,-2.6179938779914926,turn_right,False,e4c26456d77baf142c39db4bf1b30e173c7886d1c447853773b6117d697d727e,observe,9.0
ground_CELL_NBV_b160_n92801,GroundV2,ART1_CELL_DEV,NBV,True,True,70,3.75,2.7500000000000053,-2.6179938779914926,observe,False,58b23c40284733668b74d3e4f77e004224ee07a820ead54b0a776bdc58e189b5,right,9.0
ground_CELL_NBV_b160_n92801,GroundV2,ART1_CELL_DEV,NBV,True,True,71,3.75,2.7500000000000053,-3.1415926535897913,turn_right,False,3c8575f4799555465ae62c4c027f842ac4bebf2fec87e53452b70a651b9f94e2,observe,9.0
ground_CELL_NBV_b160_n92801,GroundV2,ART1_CELL_DEV,NBV,True,True,72,3.75,2.7500000000000053,-3.1415926535897913,observe,False,449e4d5a3a0206cb1a720fbba2d56d285cb16ac9d896b66a48f31b78b344c4c1,left,9.0
ground_CELL_NBV_b160_n92801,GroundV2,ART1_CELL_DEV,NBV,True,True,73,3.75,2.7500000000000053,-2.6179938779914926,turn_left,False,c6e5f715ec81bc0ade440ad5bf7756bd5478133b484236b70b494260d1390d19,left,9.0
ground_CELL_NBV_b160_n92801,GroundV2,ART1_CELL_DEV,NBV,True,True,74,3.75,2.7500000000000053,-2.094395102393194,turn_left,False,791f6d0d5deabde7bfa18da581cab61db7272db184b8f9af3f88e32e89650908,left,9.0
ground_CELL_NBV_b160_n92801,GroundV2,ART1_CELL_DEV,NBV,True,True,75,3.75,2.7500000000000053,-1.5707963267948952,turn_left,False,59c791e1489a0eeeb0be3c6ae66b9e42260565d23b3e5bd51c36dc411d8d3df8,forward,9.0
ground_CELL_NBV_b160_n92801,GroundV2,ART1_CELL_DEV,NBV,True,True,76,3.7500000000000004,2.5000000000000053,-1.5707963267948952,forward,False,38ccaab4b8cb8dc9120e9a9c8fe98d080fc7745ce3ecde2a2c1736c64cc6cf92,forward,9.25
ground_CELL_NBV_b160_n92801,GroundV2,ART1_CELL_DEV,NBV,True,True,77,3.750000000000001,2.2500000000000053,-1.5707963267948952,forward,False,022a586a3f777ab95cc90bdc69cb1a48c04054b6616a42735e39a607632f9e7a,forward,9.5
ground_CELL_NBV_b160_n92801,GroundV2,ART1_CELL_DEV,NBV,True,True,78,3.7500000000000013,2.0000000000000053,-1.5707963267948952,forward,False,e18e3042ee724e8f95515db4f1596d4ae114ae10258165989a61c9f2ac6c50c1,forward,9.75
ground_CELL_NBV_b160_n92801,GroundV2,ART1_CELL_DEV,NBV,True,True,79,3.7500000000000018,1.7500000000000053,-1.5707963267948952,forward,False,956016a410fcc5b9ae4d88c3bc2db2e890cd6c62c392edbe54c79b1a3875b162,forward,10.0
ground_CELL_NBV_b160_n92801,GroundV2,ART1_CELL_DEV,NBV,True,True,80,3.750000000000002,1.5000000000000053,-1.5707963267948952,forward,False,a920502a74aa21ef8449245ccf0d02ce49b62ed705806c4868199c99b6d2e534,forward,10.25
ground_CELL_NBV_b160_n92801,GroundV2,ART1_CELL_DEV,NBV,True,True,81,3.7500000000000027,1.2500000000000053,-1.5707963267948952,forward,False,bd6a65f6f89e3757067120c771399f637e8a91407b75f5eeaa93e0e8c2cad029,forward,10.5
ground_CELL_NBV_b160_n92801,GroundV2,ART1_CELL_DEV,NBV,True,True,82,3.750000000000003,1.0000000000000053,-1.5707963267948952,forward,False,0869c53fa65a0bd32487ae53416ed4a6bb1282e24459e65397ad5ad909f1c7b6,forward,10.75
ground_CELL_NBV_b160_n92801,GroundV2,ART1_CELL_DEV,NBV,True,True,83,3.7500000000000036,0.7500000000000053,-1.5707963267948952,forward,False,a262970b0bf2484bd3204ac2a129dbe0412be037c70b775ee4fae60e6be2ffd8,left,11.0
ground_CELL_NBV_b160_n92801,GroundV2,ART1_CELL_DEV,NBV,True,True,84,3.7500000000000036,0.7500000000000053,-1.0471975511965965,turn_left,False,d10a6edcae284e49d62f65e2d2f3763b084946d880f9416fef8fc2178dc4bebf,left,11.0
ground_CELL_NBV_b160_n92801,GroundV2,ART1_CELL_DEV,NBV,True,True,85,3.7500000000000036,0.7500000000000053,-0.5235987755982978,turn_left,False,3cdd4172938ce30ebab8aca02900080967c9832e71811f2a32a2de1311895941,left,11.0
ground_CELL_NBV_b160_n92801,GroundV2,ART1_CELL_DEV,NBV,True,True,86,3.7500000000000036,0.7500000000000053,8.881784197001252e-16,turn_left,False,617dd0a5cd9c46e4a7e26ad53ea79fe735ecfabcd5528c0905e17ee0272f512a,forward,11.0
ground_CELL_NBV_b160_n92801,GroundV2,ART1_CELL_DEV,NBV,True,True,87,4.0000000000000036,0.7500000000000056,8.881784197001252e-16,forward,False,4d384d0b5eeee2a0133f8c64b0623069fdaf7141101bb016622d4ae739628647,forward,11.25
ground_CELL_NBV_b160_n92801,GroundV2,ART1_CELL_DEV,NBV,True,True,88,4.2500000000000036,0.7500000000000058,8.881784197001252e-16,forward,False,351c54d6489ce4f3ff61f487285ab7ec36d91273fe99601e200c6e2b1b48b855,forward,11.5
ground_CELL_NBV_b160_n92801,GroundV2,ART1_CELL_DEV,NBV,True,True,89,4.5000000000000036,0.750000000000006,8.881784197001252e-16,forward,False,ce69e0f630d46af922b2d621cf6944b15cfb30ddc618232bde142fd244fed879,forward,11.75
ground_CELL_NBV_b160_n92801,GroundV2,ART1_CELL_DEV,NBV,True,True,90,4.7500000000000036,0.7500000000000062,8.881784197001252e-16,forward,False,e9fe47b3f076170eba5b19dbed02ee504d006f7a360fd3927591dcc1e131ed95,left,12.0
ground_CELL_NBV_b160_n92801,GroundV2,ART1_CELL_DEV,NBV,True,True,91,4.7500000000000036,0.7500000000000062,0.5235987755982996,turn_left,False,3eef478c3afb4466cebc4f21ca8d9ce1a1679bb04b84584b1638185ea3614cef,observe,12.0
ground_CELL_NBV_b160_n92801,GroundV2,ART1_CELL_DEV,NBV,True,True,92,4.7500000000000036,0.7500000000000062,0.5235987755982996,observe,False,0aef1091dfdcec8ab6e5cfca9b4e882ac6b8409f348b9afe8ee41ddb62fe1313,left,12.0
ground_CELL_NBV_b160_n92801,GroundV2,ART1_CELL_DEV,NBV,True,True,93,4.7500000000000036,0.7500000000000062,1.0471975511965983,turn_left,False,e586a0849ded369ba0aef3a4d21bf7c50592b5279621c2114b49b3cda54f98b5,observe,12.0
ground_CELL_NBV_b160_n92801,GroundV2,ART1_CELL_DEV,NBV,True,True,94,4.7500000000000036,0.7500000000000062,1.0471975511965983,observe,False,264329851857348537075dceeb180df5b6f266e209be39007f68f79342dc4543,left,12.0
ground_CELL_NBV_b160_n92801,GroundV2,ART1_CELL_DEV,NBV,True,True,95,4.7500000000000036,0.7500000000000062,1.5707963267948966,turn_left,False,a17d28f92a73b2a202d8564e585ecf50dc2cff25685dcb064d5a5f828bd5ba16,observe,12.0
ground_CELL_NBV_b160_n92801,GroundV2,ART1_CELL_DEV,NBV,True,True,96,4.7500000000000036,0.7500000000000062,1.5707963267948966,observe,False,8bd37c010314c9c76603c03f055c7e712dd6eb58e059f1161e0f6b8b622e7862,right,12.0
ground_CELL_NBV_b160_n92801,GroundV2,ART1_CELL_DEV,NBV,True,True,97,4.7500000000000036,0.7500000000000062,1.0471975511965983,turn_right,False,6ad3f7deba968986083f5fd90f901885348c9ee9ff0edde1d64e5954a8f376eb,right,12.0
ground_CELL_NBV_b160_n92801,GroundV2,ART1_CELL_DEV,NBV,True,True,98,4.7500000000000036,0.7500000000000062,0.5235987755982996,turn_right,False,b6011f36604106b810c62dd91830118620f69bc57d9269c5f10f59c896dffe61,right,12.0
ground_CELL_NBV_b160_n92801,GroundV2,ART1_CELL_DEV,NBV,True,True,99,4.7500000000000036,0.7500000000000062,8.881784197001252e-16,turn_right,False,c395b42313a90fa52d87c0b6b45af6406b5ce27adf70839297cfed6a2480ef08,forward,12.0
ground_CELL_NBV_b160_n92801,GroundV2,ART1_CELL_DEV,NBV,True,True,100,5.0000000000000036,0.7500000000000064,8.881784197001252e-16,forward,False,a2e40cf0bd8e9d89c757a64ed99a17eb58d13d8142d335d65c535a64fb4a8e7b,forward,12.25
ground_CELL_NBV_b160_n92801,GroundV2,ART1_CELL_DEV,NBV,True,True,101,5.2500000000000036,0.7500000000000067,8.881784197001252e-16,forward,False,e17a0cbea2fb379143e492fc67cd5a33b9bfff8e7a5eda90880851064b029518,forward,12.5
ground_CELL_NBV_b160_n92801,GroundV2,ART1_CELL_DEV,NBV,True,True,102,5.5000000000000036,0.7500000000000069,8.881784197001252e-16,forward,False,2fd0544fefd5d61a081d4aca72528ab207244c3bf2e6ba87b2399eac062a7338,forward,12.75
ground_CELL_NBV_b160_n92801,GroundV2,ART1_CELL_DEV,NBV,True,True,103,5.7500000000000036,0.7500000000000071,8.881784197001252e-16,forward,False,d90d149257ada9a7ee883630ead33bdbf4834ebbe35ce741a469ddf347383d3d,left,13.0
ground_CELL_NBV_b160_n92801,GroundV2,ART1_CELL_DEV,NBV,True,True,104,5.7500000000000036,0.7500000000000071,0.5235987755982996,turn_left,False,d69dc01fe2409f79c291beef719ef69a7103790c22efe720897834e0736e4aef,left,13.0
ground_CELL_NBV_b160_n92801,GroundV2,ART1_CELL_DEV,NBV,True,True,105,5.7500000000000036,0.7500000000000071,1.0471975511965983,turn_left,False,7ffde590e983e5952f9f95f36763f237facc168ab5ce7c128bbf06df8f9f511f,observe,13.0
ground_CELL_NBV_b160_n92801,GroundV2,ART1_CELL_DEV,NBV,True,True,106,5.7500000000000036,0.7500000000000071,1.0471975511965983,observe,False,d451be1cdf04343b3a6f1133c7af2730195a6b8160a85291ad0ed29de8dde3a2,left,13.0
ground_CELL_NBV_b160_n92801,GroundV2,ART1_CELL_DEV,NBV,True,True,107,5.7500000000000036,0.7500000000000071,1.5707963267948966,turn_left,False,245f3239af94f1ff7d9ab4512968721153976ef1a630127314d4b38d0027078c,observe,13.0
ground_CELL_NBV_b160_n92801,GroundV2,ART1_CELL_DEV,NBV,True,True,108,5.7500000000000036,0.7500000000000071,1.5707963267948966,observe,False,16794b5dab6edcdb504292c88af65b1d44612d483d73c6f590212404579ca3a3,left,13.0
ground_CELL_NBV_b160_n92801,GroundV2,ART1_CELL_DEV,NBV,True,True,109,5.7500000000000036,0.7500000000000071,2.094395102393195,turn_left,False,3f4b050ae0bf7fc465c0ca2e3d1122adf80b482f7f2f039fca77d85fbbd28fae,observe,13.0
ground_CELL_NBV_b160_n92801,GroundV2,ART1_CELL_DEV,NBV,True,True,110,5.7500000000000036,0.7500000000000071,2.094395102393195,observe,False,d09ee570c64dc01c745c008563db85c24aed3d202c67d4ce9c74c4edf6a67923,left,13.0
ground_CELL_NBV_b160_n92801,GroundV2,ART1_CELL_DEV,NBV,True,True,111,5.7500000000000036,0.7500000000000071,2.617993877991493,turn_left,False,a5d265bae5918c61b86348bb2f853687eeb8695d7f30f401b9d3b31ee8889d3f,left,13.0
ground_CELL_NBV_b160_n92801,GroundV2,ART1_CELL_DEV,NBV,True,True,112,5.7500000000000036,0.7500000000000071,3.1415926535897913,turn_left,False,e8813e99e14ebc926a35a836b5ab8a59c428738340fdc1eccbb588b687cc183d,forward,13.0
ground_CELL_NBV_b160_n92801,GroundV2,ART1_CELL_DEV,NBV,True,True,113,5.5000000000000036,0.7500000000000075,3.1415926535897913,forward,False,c1f0a24202f69fb2e0b529e9d8239b0fbe5b23f7c4d1de8f30a3456f1326b4f2,forward,13.25
ground_CELL_NBV_b160_n92801,GroundV2,ART1_CELL_DEV,NBV,True,True,114,5.2500000000000036,0.750000000000008,3.1415926535897913,forward,False,dbb229215c5158470a098df1be8ef3e3cc288b4ca535d48f66a64de9d55f29fb,forward,13.5
ground_CELL_NBV_b160_n92801,GroundV2,ART1_CELL_DEV,NBV,True,True,115,5.0000000000000036,0.7500000000000084,3.1415926535897913,forward,False,ea2315c28943dcccc6a18ff85f6e9308ed719211e14b5fd6c62060b8099085f1,forward,13.75
ground_CELL_NBV_b160_n92801,GroundV2,ART1_CELL_DEV,NBV,True,True,116,4.7500000000000036,0.7500000000000089,3.1415926535897913,forward,False,74a248e32e54be32dc8b174767d41730af9dd4672b987000b1041a9bae41ce50,forward,14.0
ground_CELL_NBV_b160_n92801,GroundV2,ART1_CELL_DEV,NBV,True,True,117,4.5000000000000036,0.7500000000000093,3.1415926535897913,forward,False,7b5a288922962ca7ec5e95ac4121925a6f6f06202f90aee54228b009f0c7bc7a,forward,14.25
ground_CELL_NBV_b160_n92801,GroundV2,ART1_CELL_DEV,NBV,True,True,118,4.2500000000000036,0.7500000000000098,3.1415926535897913,forward,False,8c9f0435373356d609d55dcedaab1057143b014899795d68c3b20f6ae49b75bd,forward,14.5
ground_CELL_NBV_b160_n92801,GroundV2,ART1_CELL_DEV,NBV,True,True,119,4.0000000000000036,0.7500000000000102,3.1415926535897913,forward,False,d413af920f6fac2a015252bcf77df055503569dde2d8ace50a9dbd51bb5d6d1f,forward,14.75
ground_CELL_NBV_b160_n92801,GroundV2,ART1_CELL_DEV,NBV,True,True,120,3.7500000000000036,0.7500000000000107,3.1415926535897913,forward,False,60316c4f1f423cce095a7ce2a61bb968c099713f872940d12e8d289882258f39,forward,15.0
ground_CELL_NBV_b160_n92801,GroundV2,ART1_CELL_DEV,NBV,True,True,121,3.5000000000000036,0.7500000000000111,3.1415926535897913,forward,False,9c9265d3d148cf12df5f5d893b38956c801680f7f1c945cf3b1aaea86c67d6e9,forward,15.25
ground_CELL_NBV_b160_n92801,GroundV2,ART1_CELL_DEV,NBV,True,True,122,3.2500000000000036,0.7500000000000115,3.1415926535897913,forward,False,9be8ba7ebc5d01a81c8d1f7b79f231da42549bcf50cdb2deb3caeb17b246f2f1,forward,15.5
ground_CELL_NBV_b160_n92801,GroundV2,ART1_CELL_DEV,NBV,True,True,123,3.0000000000000036,0.750000000000012,3.1415926535897913,forward,False,982c8c627e161d2a140382791e93850403697f2c801da8f75f5d2899694ae406,forward,15.75
ground_CELL_NBV_b160_n92801,GroundV2,ART1_CELL_DEV,NBV,True,True,124,2.7500000000000036,0.7500000000000124,3.1415926535897913,forward,False,4284a477b765517d7ab597083fce869e9360fbeca4dda707dcc641112dbcc18d,right,16.0
ground_CELL_NBV_b160_n92801,GroundV2,ART1_CELL_DEV,NBV,True,True,125,2.7500000000000036,0.7500000000000124,2.617993877991493,turn_right,False,c1cdf249cfbd664ccadbe036d0b4cc4caac7a115982ceb38192a74dbe5f0aba3,right,16.0
ground_CELL_NBV_b160_n92801,GroundV2,ART1_CELL_DEV,NBV,True,True,126,2.7500000000000036,0.7500000000000124,2.094395102393195,turn_right,False,6c3c05e405c600b748758f88a029eda742cb5fa21b8e8998fa180e0c44ee1d81,right,16.0
ground_CELL_NBV_b160_n92801,GroundV2,ART1_CELL_DEV,NBV,True,True,127,2.7500000000000036,0.7500000000000124,1.5707963267948966,turn_right,False,d7c1c3b072c168841d335cc66acc908cbf9a20490e940b1760aae7123631f344,right,16.0
ground_CELL_NBV_b160_n92801,GroundV2,ART1_CELL_DEV,NBV,True,True,128,2.7500000000000036,0.7500000000000124,1.0471975511965983,turn_right,False,b6e76756c18bff79a3977aff65fb7ea2d86a6f24f245162eb0ef5b057d2fd23c,observe,16.0
ground_CELL_NBV_b160_n92801,GroundV2,ART1_CELL_DEV,NBV,True,True,129,2.7500000000000036,0.7500000000000124,1.0471975511965983,observe,False,3db10c6c760eb4777920371ad569e031f3b3b866365e88dd0bdeb282e0a15a42,right,16.0
ground_CELL_NBV_b160_n92801,GroundV2,ART1_CELL_DEV,NBV,True,True,130,2.7500000000000036,0.7500000000000124,0.5235987755982996,turn_right,False,329c65e8c0f14f163a2c6dba47874c0be187c5a366c96cb1617aecb2118381b6,observe,16.0
ground_CELL_NBV_b160_n92801,GroundV2,ART1_CELL_DEV,NBV,True,True,131,2.7500000000000036,0.7500000000000124,0.5235987755982996,observe,False,8aae1df753d6eb66ee25c01b37cc180cb7011d813ec254050f7302dd3e2b4f0d,left,16.0
ground_CELL_NBV_b160_n92801,GroundV2,ART1_CELL_DEV,NBV,True,True,132,2.7500000000000036,0.7500000000000124,1.0471975511965983,turn_left,False,27314f436e975272717e74a184e53553edfc44f7a1df1919cd9aba64430672c1,left,16.0
ground_CELL_NBV_b160_n92801,GroundV2,ART1_CELL_DEV,NBV,True,True,133,2.7500000000000036,0.7500000000000124,1.5707963267948966,turn_left,False,c86bb33627e97eb03037228bc67d8ecf5e329831fc11b8495382df039adeb9b2,forward,16.0
ground_CELL_NBV_b160_n92801,GroundV2,ART1_CELL_DEV,NBV,True,True,134,2.7500000000000036,1.0000000000000124,1.5707963267948966,forward,False,5f78208ac3e2a6d86ff9955a7c4d18bb36d3905bf5a876bebbe9bc135da3311a,forward,16.25
ground_CELL_NBV_b160_n92801,GroundV2,ART1_CELL_DEV,NBV,True,True,135,2.7500000000000036,1.2500000000000124,1.5707963267948966,forward,False,e4d43ab971e071ff5220d218eeff2cb0e0e7ecd190766a73250a251b359c2e08,forward,16.5
ground_CELL_NBV_b160_n92801,GroundV2,ART1_CELL_DEV,NBV,True,True,136,2.7500000000000036,1.5000000000000124,1.5707963267948966,forward,False,6ff8a4cd021b1911a4bf0d0633550b2c66848eeb30eed0d2d2e624bcf509fe54,forward,16.75
ground_CELL_NBV_b160_n92801,GroundV2,ART1_CELL_DEV,NBV,True,True,137,2.7500000000000036,1.7500000000000124,1.5707963267948966,forward,False,a16e046caca59299f2428d6850b7eaf3711220844327c8c5673ae50a406a30a7,left,17.0
ground_CELL_NBV_b160_n92801,GroundV2,ART1_CELL_DEV,NBV,True,True,138,2.7500000000000036,1.7500000000000124,2.094395102393195,turn_left,False,de640b5e0bcff580d4bd3b005d2d989d345d37afd6a0efa743efb7884ffac024,left,17.0
ground_CELL_NBV_b160_n92801,GroundV2,ART1_CELL_DEV,NBV,True,True,139,2.7500000000000036,1.7500000000000124,2.617993877991493,turn_left,False,be975cba3e515d1f0fd76ebc3c87f8b657d65a45bf7a926617aadfb918c591d7,left,17.0
ground_CELL_NBV_b160_n92801,GroundV2,ART1_CELL_DEV,NBV,True,True,140,2.7500000000000036,1.7500000000000124,3.1415926535897913,turn_left,False,e1d60ddddc797614a4160660c76caf0b26b035f9bd82e7ef29827646f6f05ab5,forward,17.0
ground_CELL_NBV_b160_n92801,GroundV2,ART1_CELL_DEV,NBV,True,True,141,2.5000000000000036,1.7500000000000129,3.1415926535897913,forward,False,379c6d56c533b15a3bac6461421e0555310baf337ebd8ed5cf643acad398f76c,forward,17.25
ground_CELL_NBV_b160_n92801,GroundV2,ART1_CELL_DEV,NBV,True,True,142,2.2500000000000036,1.7500000000000133,3.1415926535897913,forward,False,e7dc1d597d212c206f7b6f60816dcd89b2e9e919e37e810234734d16f3eb2909,forward,17.5
ground_CELL_NBV_b160_n92801,GroundV2,ART1_CELL_DEV,NBV,True,True,143,2.0000000000000036,1.7500000000000138,3.1415926535897913,forward,False,6a293662290b51f6c367031f97e09fe186c1a6204131c15882f4b26e6cc797fc,forward,17.75
ground_CELL_NBV_b160_n92801,GroundV2,ART1_CELL_DEV,NBV,True,True,144,1.7500000000000036,1.7500000000000142,3.1415926535897913,forward,False,7a6ce50fb8a04f585ea44e3017bdf65ae88ddeea4ad6b2bc76f75568f4daec72,observe,18.0
ground_CELL_NBV_b160_n92801,GroundV2,ART1_CELL_DEV,NBV,True,True,145,1.7500000000000036,1.7500000000000142,3.1415926535897913,observe,False,62a542247a629ff16e0eb143b64d4ac3504a15425284aa737d677e8de5219640,forward,18.0
ground_CELL_NBV_b160_n92801,GroundV2,ART1_CELL_DEV,NBV,True,True,146,1.5000000000000036,1.7500000000000147,3.1415926535897913,forward,False,bc7333b3ac0ed7f72718618111709294379d01179e172f7ccb40447a1f1ef469,forward,18.25
ground_CELL_NBV_b160_n92801,GroundV2,ART1_CELL_DEV,NBV,True,True,147,1.2500000000000036,1.750000000000015,3.1415926535897913,forward,False,d5400a938f14a4f68559e9937d1d8da2e55291b3a3e02eccc6cc6305325b64af,forward,18.5
ground_CELL_NBV_b160_n92801,GroundV2,ART1_CELL_DEV,NBV,True,True,148,1.0000000000000036,1.7500000000000155,3.1415926535897913,forward,False,5342adcb095134521cd3c6af1e4b8467520e800e0d829585dc2776fa94b7c5fd,forward,18.75
ground_CELL_NBV_b160_n92801,GroundV2,ART1_CELL_DEV,NBV,True,True,149,0.7500000000000036,1.750000000000016,3.1415926535897913,forward,False,f07c9765e59a0579808e31840ed32a1a58dbfb7679ce4bab40d92beb60696470,observe,19.0
ground_CELL_NBV_b160_n92801,GroundV2,ART1_CELL_DEV,NBV,True,True,150,0.7500000000000036,1.750000000000016,3.1415926535897913,observe,False,d2ab5ce7fdcf2efa17448118c3e21f1975b43c80bc59ef6df12a2c06ab91e949,left,19.0
ground_CELL_NBV_b160_n92801,GroundV2,ART1_CELL_DEV,NBV,True,True,151,0.7500000000000036,1.750000000000016,-2.6179938779914966,turn_left,False,d42205fb4a8c0b09108efb80b960c5cba2f4684b41030b425849134399c529e3,left,19.0
ground_CELL_NBV_b160_n92801,GroundV2,ART1_CELL_DEV,NBV,True,True,152,0.7500000000000036,1.750000000000016,-2.094395102393198,turn_left,False,6d9828cc140584963b8f145b1d12d89288582372addaa4332c230417f4449f5a,left,19.0
ground_CELL_NBV_b160_n92801,GroundV2,ART1_CELL_DEV,NBV,True,True,153,0.7500000000000036,1.750000000000016,-1.5707963267948992,turn_left,False,8ccd0e41f486791bac42dd9080080890a8273b91349b3aefa02227bc72344f38,forward,19.0
ground_CELL_NBV_b160_n92801,GroundV2,ART1_CELL_DEV,NBV,True,True,154,0.7500000000000029,1.500000000000016,-1.5707963267948992,forward,False,2cc882f10602aa870f75ec3f6dacfffceac0275340ab48c551d84425ed129a72,forward,19.25
ground_CELL_NBV_b160_n92801,GroundV2,ART1_CELL_DEV,NBV,True,True,155,0.7500000000000022,1.250000000000016,-1.5707963267948992,forward,False,60ea72e113b4fb297a8aaa5fe44c4294b0a23a80f3c4e282aa6450b20b414ceb,forward,19.5
ground_CELL_NBV_b160_n92801,GroundV2,ART1_CELL_DEV,NBV,True,True,156,0.7500000000000016,1.000000000000016,-1.5707963267948992,forward,False,82938a4c90e0744d6406cf1992863c03857c78c79e1ffed9894f033529c412ea,forward,19.75
ground_CELL_NBV_b160_n92801,GroundV2,ART1_CELL_DEV,NBV,True,True,157,0.7500000000000009,0.750000000000016,-1.5707963267948992,forward,False,5ce4611890112f10dcc1a0253481c36b788f3913b88ce8ac8c1e7f505ff024a7,left,20.0
ground_CELL_NBV_b160_n92801,GroundV2,ART1_CELL_DEV,NBV,True,True,158,0.7500000000000009,0.750000000000016,-1.0471975511966005,turn_left,False,5173f98cfdae2ec24a4f766ab147893c998848827ccf4ee01c7777d7d66f2097,left,20.0
ground_CELL_NBV_b160_n92801,GroundV2,ART1_CELL_DEV,NBV,True,True,159,0.7500000000000009,0.750000000000016,-0.5235987755983018,turn_left,False,f174222a707350647a052b45f5cafeebb3720fffc60c9b8bfdf7048a231a6f6c,left,20.0
ground_CELL_NBV_b160_n92801,GroundV2,ART1_CELL_DEV,NBV,True,True,160,0.7500000000000009,0.750000000000016,-3.1086244689504383e-15,turn_left,False,481789fafbfd609e2dbf098ac9e9c7b5ec2e7f519436222fda2206f2d5f28edd,stop,20.0
ground_CELL_S_b160_n92801,GroundV2,ART1_CELL_DEV,S,True,True,0,0.75,0.75,0.0,initial_observation,False,6357a0869486becf4f138cb7612c9a6528605ab23d8005bb68840c498911abdf,forward,0.0
ground_CELL_S_b160_n92801,GroundV2,ART1_CELL_DEV,S,True,True,1,1.0,0.75,0.0,forward,False,6ff596816df729881e6b33db28b941223da2b2fb8b6737698ef7fe95c47384cb,forward,0.25
ground_CELL_S_b160_n92801,GroundV2,ART1_CELL_DEV,S,True,True,2,1.25,0.75,0.0,forward,False,5e0cae0e78d6d66ec005fcc5b290258f28f1ae46e10fd86b53224012ed6f2f17,forward,0.5
ground_CELL_S_b160_n92801,GroundV2,ART1_CELL_DEV,S,True,True,3,1.5,0.75,0.0,forward,False,a313b4d08d026eab6a55bd09e0fd202b51cb94254abdcf0c95961ee1cfe62e76,forward,0.75
ground_CELL_S_b160_n92801,GroundV2,ART1_CELL_DEV,S,True,True,4,1.75,0.75,0.0,forward,False,7c6f76e46834364cf6f392e77eeeadd528e715f8a3c5522d33646cecf663de0b,forward,1.0
ground_CELL_S_b160_n92801,GroundV2,ART1_CELL_DEV,S,True,True,5,2.0,0.75,0.0,forward,False,2f36f3f4a994052b8b7d937062b8dab593cad0968f41efb7520f537876a9493f,forward,1.25
ground_CELL_S_b160_n92801,GroundV2,ART1_CELL_DEV,S,True,True,6,2.25,0.75,0.0,forward,False,dab7f053db1da04943059f7f84e8d07271e0e8fb24474f131ca1215afd422717,forward,1.5
ground_CELL_S_b160_n92801,GroundV2,ART1_CELL_DEV,S,True,True,7,2.5,0.75,0.0,forward,False,fae894c2de139b9ca3a59fda4431686c6cdca4c97e4795d80db93e244958336c,forward,1.75
ground_CELL_S_b160_n92801,GroundV2,ART1_CELL_DEV,S,True,True,8,2.75,0.75,0.0,forward,False,2b46a71ae9d84c845ef778026872db58627f77ce17252713d71a56cd2b659203,forward,2.0
ground_CELL_S_b160_n92801,GroundV2,ART1_CELL_DEV,S,True,True,9,3.0,0.75,0.0,forward,False,93f55bccd5cbf0ab69496d775d67adc8065d0c86f5450679ce40626085dd8cf4,forward,2.25
ground_CELL_S_b160_n92801,GroundV2,ART1_CELL_DEV,S,True,True,10,3.25,0.75,0.0,forward,False,438617bc20edd3bff6f19167780b0c40b006a11038e4eb26d93064b146f91856,forward,2.5
ground_CELL_S_b160_n92801,GroundV2,ART1_CELL_DEV,S,True,True,11,3.5,0.75,0.0,forward,False,80892306a3f27d1f74944a60d1e0b2fbb673b4be6d4de4c3e130830ff60afca6,forward,2.75
ground_CELL_S_b160_n92801,GroundV2,ART1_CELL_DEV,S,True,True,12,3.75,0.75,0.0,forward,False,6d6a7e7796730261668380f9fe7a2406a120db8b04e2632e189ab92c798f753d,left,3.0
ground_CELL_S_b160_n92801,GroundV2,ART1_CELL_DEV,S,True,True,13,3.75,0.75,0.5235987755982987,turn_left,False,fc46a3745ba33e8ec982bb4a6b92e8d49cd30e6b14ca9050a57e23ac58aaa50c,left,3.0
ground_CELL_S_b160_n92801,GroundV2,ART1_CELL_DEV,S,True,True,14,3.75,0.75,1.0471975511965974,turn_left,False,cce393b135f05e67ae9bd6564ea7e965a0e6e3da8166c61f456b18f0488f3d37,left,3.0
ground_CELL_S_b160_n92801,GroundV2,ART1_CELL_DEV,S,True,True,15,3.75,0.75,1.5707963267948966,turn_left,False,43f3e44ba5bf1425bcbfb235ad726d46b39ac438bd60a24889dc1d491dadc2cf,forward,3.0
ground_CELL_S_b160_n92801,GroundV2,ART1_CELL_DEV,S,True,True,16,3.75,1.0,1.5707963267948966,forward,False,a032b2d4b53df20517606e28f296c32bc73dcee935314b029b2efa23bdcbba17,forward,3.25
ground_CELL_S_b160_n92801,GroundV2,ART1_CELL_DEV,S,True,True,17,3.75,1.25,1.5707963267948966,forward,False,2ded5d6555240548b2cc634bbf2bd12ef6651c493e046979046630eca63b2ade,forward,3.5
ground_CELL_S_b160_n92801,GroundV2,ART1_CELL_DEV,S,True,True,18,3.75,1.5,1.5707963267948966,forward,False,742ab9c85c5581a5072e9981c4af4d9d6515351dd548d0142611b3844796a851,forward,3.75
ground_CELL_S_b160_n92801,GroundV2,ART1_CELL_DEV,S,True,True,19,3.75,1.75,1.5707963267948966,forward,False,ddffb67880a43456b59a9192a7527cfce88d7af02a8750ce581006ad4f16cdd9,observe,4.0
ground_CELL_S_b160_n92801,GroundV2,ART1_CELL_DEV,S,True,True,20,3.75,1.75,1.5707963267948966,observe,False,6cbf94bb943acf32dc03923b6a1935f2982d35596d626e3163997f7ed023184d,forward,4.0
ground_CELL_S_b160_n92801,GroundV2,ART1_CELL_DEV,S,True,True,21,3.75,2.0,1.5707963267948966,forward,False,71872341b6ec94d84f7db6b27225489bd3a8fc574a52f2cf7dff2f6bb3d5080b,forward,4.25
ground_CELL_S_b160_n92801,GroundV2,ART1_CELL_DEV,S,True,True,22,3.75,2.25,1.5707963267948966,forward,False,3875c5624e18425b3eebf477d6a1efeb6275dd8456e39956478c66c552ad388d,forward,4.5
ground_CELL_S_b160_n92801,GroundV2,ART1_CELL_DEV,S,True,True,23,3.75,2.5,1.5707963267948966,forward,False,a52b5dea0a3d942db9562c31c79da8667cbcc9225b39a7599e6ba2bfd5214144,forward,4.75
ground_CELL_S_b160_n92801,GroundV2,ART1_CELL_DEV,S,True,True,24,3.75,2.75,1.5707963267948966,forward,False,50c27452b6f357d2a37c05193c7fba357593667358db83cd9f9f9b47ba1de99d,right,5.0
ground_CELL_S_b160_n92801,GroundV2,ART1_CELL_DEV,S,True,True,25,3.75,2.75,1.0471975511965983,turn_right,False,a1a2cfee56d740869c0bece4d6cb7f4b42af2c7bd816150fd82440e5436bbb00,right,5.0
ground_CELL_S_b160_n92801,GroundV2,ART1_CELL_DEV,S,True,True,26,3.75,2.75,0.5235987755982996,turn_right,False,108f32ff8a0ff271313d5d94bdc2e89f7cf32da94c8124437797e432f6966bae,observe,5.0
ground_CELL_S_b160_n92801,GroundV2,ART1_CELL_DEV,S,True,True,27,3.75,2.75,0.5235987755982996,observe,False,0a85fe6e39caab90f958ed249c6a7ca51e532f75484e7054d88554b2a185d441,right,5.0
ground_CELL_S_b160_n92801,GroundV2,ART1_CELL_DEV,S,True,True,28,3.75,2.75,8.881784197001252e-16,turn_right,False,391dfdd3a55c424b80a10dc95551779909add4f335a23e4fa1f895648f320ff2,right,5.0
ground_CELL_S_b160_n92801,GroundV2,ART1_CELL_DEV,S,True,True,29,3.75,2.75,-0.5235987755982978,turn_right,False,43d3639e5d91877e26575f172f0f9a9a9b0c0b99a9f0e19524c9d636260ff973,right,5.0
ground_CELL_S_b160_n92801,GroundV2,ART1_CELL_DEV,S,True,True,30,3.75,2.75,-1.0471975511965965,turn_right,False,0435f8b279adf583ddc08c1183532dae79f4d317b110943469408abb10ec8172,right,5.0
ground_CELL_S_b160_n92801,GroundV2,ART1_CELL_DEV,S,True,True,31,3.75,2.75,-1.5707963267948952,turn_right,False,190a6a6af9436876da3577e821769421f70d4981c6f9812ff86995fc6454d61c,forward,5.0
ground_CELL_S_b160_n92801,GroundV2,ART1_CELL_DEV,S,True,True,32,3.7500000000000004,2.5,-1.5707963267948952,forward,False,0135b3ef2b1b0c8437d11b7691cfd2cbc0ccb107a3b43318b4afe27f93ca76c8,forward,5.25
ground_CELL_S_b160_n92801,GroundV2,ART1_CELL_DEV,S,True,True,33,3.750000000000001,2.25,-1.5707963267948952,forward,False,039a3929aa2c09ab1b5e9d558fdff64978b7cff91f703d7d55bd4e08d4d8a3d3,forward,5.5
ground_CELL_S_b160_n92801,GroundV2,ART1_CELL_DEV,S,True,True,34,3.7500000000000013,2.0,-1.5707963267948952,forward,False,9003646052f35803e9b6f675ce3e062172bf0053a98e8dc547a674ac965978c8,forward,5.75
ground_CELL_S_b160_n92801,GroundV2,ART1_CELL_DEV,S,True,True,35,3.7500000000000018,1.75,-1.5707963267948952,forward,False,1f813b88bb0106a3f8473245ae8fe0e13af9b52c3ec0875b46ea06f4faa2a4ce,left,6.0
ground_CELL_S_b160_n92801,GroundV2,ART1_CELL_DEV,S,True,True,36,3.7500000000000018,1.75,-1.0471975511965965,turn_left,False,0f03ca3d67260eb5cfb57230a3da5511d0cc672035827cef8a3bd0c65cd793c3,left,6.0
ground_CELL_S_b160_n92801,GroundV2,ART1_CELL_DEV,S,True,True,37,3.7500000000000018,1.75,-0.5235987755982978,turn_left,False,b3536682094f6fe471c7c4e7ba05210dcf8b5d6089a08af1a84fd2d465a7c98a,left,6.0
ground_CELL_S_b160_n92801,GroundV2,ART1_CELL_DEV,S,True,True,38,3.7500000000000018,1.75,8.881784197001252e-16,turn_left,False,cc8e8b6f8cd690933d7a6e2882cbe31bc21c8034f5669013ace74f91b909ed6b,forward,6.0
ground_CELL_S_b160_n92801,GroundV2,ART1_CELL_DEV,S,True,True,39,4.000000000000002,1.7500000000000002,8.881784197001252e-16,forward,False,538c3ae22260ccdea32d4f82b927e1ccb8d40500f6c7c2c0b3320603e1d18a13,forward,6.25
ground_CELL_S_b160_n92801,GroundV2,ART1_CELL_DEV,S,True,True,40,4.250000000000002,1.7500000000000004,8.881784197001252e-16,forward,False,10e53cf5aa80956d1d167c981a6f87c9194a3831dc056d581bebf5b22a50ed40,forward,6.5
ground_CELL_S_b160_n92801,GroundV2,ART1_CELL_DEV,S,True,True,41,4.500000000000002,1.7500000000000007,8.881784197001252e-16,forward,False,2b52fd3339faf59dada2fa6517d3efcb8510b40e96da6a0fa9014390805d65be,forward,6.75
ground_CELL_S_b160_n92801,GroundV2,ART1_CELL_DEV,S,True,True,42,4.750000000000002,1.7500000000000009,8.881784197001252e-16,forward,False,77297542b26f19f1c01df48dfb67c19d6f26e2dbf22540f09e3223e413412c14,left,7.0
ground_CELL_S_b160_n92801,GroundV2,ART1_CELL_DEV,S,True,True,43,4.750000000000002,1.7500000000000009,0.5235987755982996,turn_left,False,7191853bac09f03c692a05faf04bd80a8d51112f607ef2db6f01e9587ccf8e77,left,7.0
ground_CELL_S_b160_n92801,GroundV2,ART1_CELL_DEV,S,True,True,44,4.750000000000002,1.7500000000000009,1.0471975511965983,turn_left,False,a481fb393ea2c454b801b95e795f1173b5c3c7b0ae83386aefcf9fceac49fcc0,observe,7.0
ground_CELL_S_b160_n92801,GroundV2,ART1_CELL_DEV,S,True,True,45,4.750000000000002,1.7500000000000009,1.0471975511965983,observe,False,2f6b03f1dc17212fa14f00e0dac2a97466cc237aae92a3bdf854126d44960f6c,right,7.0
ground_CELL_S_b160_n92801,GroundV2,ART1_CELL_DEV,S,True,True,46,4.750000000000002,1.7500000000000009,0.5235987755982996,turn_right,False,6bd44148745f1a769e5f6be0a6ed56176d507ed8eb78b6f9b7cee9560aaaa0d0,right,7.0
ground_CELL_S_b160_n92801,GroundV2,ART1_CELL_DEV,S,True,True,47,4.750000000000002,1.7500000000000009,8.881784197001252e-16,turn_right,False,0f7de326d21367c5137adca5f8594e4877cb73444c65439b3df728461169004a,forward,7.0
ground_CELL_S_b160_n92801,GroundV2,ART1_CELL_DEV,S,True,True,48,5.000000000000002,1.750000000000001,8.881784197001252e-16,forward,False,bb090f7305986a39326d4c0180ce08c65379bac7d306d681a98e2cb9f51ac53c,forward,7.25
ground_CELL_S_b160_n92801,GroundV2,ART1_CELL_DEV,S,True,True,49,5.250000000000002,1.7500000000000013,8.881784197001252e-16,forward,False,51d1fb12383903fc779e27cd696c9b3050fb67560e36967cb7a62d8e8d508a7e,forward,7.5
ground_CELL_S_b160_n92801,GroundV2,ART1_CELL_DEV,S,True,True,50,5.500000000000002,1.7500000000000016,8.881784197001252e-16,forward,False,09527b77f09ec144fa166446c0b4453024090f083663f9f8d3b5e8acc057861b,forward,7.75
ground_CELL_S_b160_n92801,GroundV2,ART1_CELL_DEV,S,True,True,51,5.750000000000002,1.7500000000000018,8.881784197001252e-16,forward,False,adfb3e38eb068c3e82fe438b7f58a6ced1c5f4c1d12f73b50e354c46cf660ef9,left,8.0
ground_CELL_S_b160_n92801,GroundV2,ART1_CELL_DEV,S,True,True,52,5.750000000000002,1.7500000000000018,0.5235987755982996,turn_left,False,643fc4fb65fe3df83dc687ca6760c45f1cb5e97175943f65bf8f4452753ef92c,left,8.0
ground_CELL_S_b160_n92801,GroundV2,ART1_CELL_DEV,S,True,True,53,5.750000000000002,1.7500000000000018,1.0471975511965983,turn_left,False,07c7610fe1a8a93fd2e7b676194bb772b9401dd9647c91fe7c4fdb37b51c0a4c,observe,8.0
ground_CELL_S_b160_n92801,GroundV2,ART1_CELL_DEV,S,True,True,54,5.750000000000002,1.7500000000000018,1.0471975511965983,observe,False,4ebac3ed6eff9f4b966c3149475fc94775a77301dde1103b3831dc71fde144dd,left,8.0
ground_CELL_S_b160_n92801,GroundV2,ART1_CELL_DEV,S,True,True,55,5.750000000000002,1.7500000000000018,1.5707963267948966,turn_left,False,c23700b21907df57e03733dcb974f387816a0037d8cfa7cce7225560b3e99cce,observe,8.0
ground_CELL_S_b160_n92801,GroundV2,ART1_CELL_DEV,S,True,True,56,5.750000000000002,1.7500000000000018,1.5707963267948966,observe,False,27c4b4bf7db310c8fe6efb382a21ec36c9c37dd8f46cbd12ad56f89ed6370c3c,left,8.0
ground_CELL_S_b160_n92801,GroundV2,ART1_CELL_DEV,S,True,True,57,5.750000000000002,1.7500000000000018,2.094395102393195,turn_left,False,6167be74a2ac8a0cbb47607256ce4761e694e08d1d28a161379f20c6830aaf47,observe,8.0
ground_CELL_S_b160_n92801,GroundV2,ART1_CELL_DEV,S,True,True,58,5.750000000000002,1.7500000000000018,2.094395102393195,observe,False,acffb54d15076f951153eeb0ede9d1ceceeca606734efd61bd851384aeea7996,left,8.0
ground_CELL_S_b160_n92801,GroundV2,ART1_CELL_DEV,S,True,True,59,5.750000000000002,1.7500000000000018,2.617993877991493,turn_left,False,b4f51163e92f7397425cb66ee5343856720f7611b723ca411633f3e824eb7a95,observe,8.0
ground_CELL_S_b160_n92801,GroundV2,ART1_CELL_DEV,S,True,True,60,5.750000000000002,1.7500000000000018,2.617993877991493,observe,False,96c90a75a90eb7edff5927a298064bb4d85847476b5389624243e5ee3100e9f1,left,8.0
ground_CELL_S_b160_n92801,GroundV2,ART1_CELL_DEV,S,True,True,61,5.750000000000002,1.7500000000000018,3.1415926535897913,turn_left,False,3b3643974e65c33dc60b613e1844464a3bde33439694dbcf7a57b71d382ea30c,forward,8.0
ground_CELL_S_b160_n92801,GroundV2,ART1_CELL_DEV,S,True,True,62,5.500000000000002,1.7500000000000022,3.1415926535897913,forward,False,e68469d534adac8b1fa876155e1b0e26bc05ed7e8da7ec520c6b1a493e6100dd,forward,8.25
ground_CELL_S_b160_n92801,GroundV2,ART1_CELL_DEV,S,True,True,63,5.250000000000002,1.7500000000000027,3.1415926535897913,forward,False,b5954038ff70b9774aebd2d07f3408300b52f405b717f93729b325fa7b9812ed,forward,8.5
ground_CELL_S_b160_n92801,GroundV2,ART1_CELL_DEV,S,True,True,64,5.000000000000002,1.750000000000003,3.1415926535897913,forward,False,25483e6e215e57558fd121814dd8b7ac178a3937cd9af7305c8a3a0635ec4fb1,forward,8.75
ground_CELL_S_b160_n92801,GroundV2,ART1_CELL_DEV,S,True,True,65,4.750000000000002,1.7500000000000036,3.1415926535897913,forward,False,fc704ace2a24124d32faa379590dd1eae9c9810379e888a010c35b1608df9892,right,9.0
ground_CELL_S_b160_n92801,GroundV2,ART1_CELL_DEV,S,True,True,66,4.750000000000002,1.7500000000000036,2.617993877991493,turn_right,False,37afb550316a3e6d564789d58e4f1d56783856dca500c3e7e800178eed9d7bcb,right,9.0
ground_CELL_S_b160_n92801,GroundV2,ART1_CELL_DEV,S,True,True,67,4.750000000000002,1.7500000000000036,2.094395102393195,turn_right,False,8f4ab67cf2c71365d8b910f24a0787afe6cedca358b06b854c9a9d13f58448fb,right,9.0
ground_CELL_S_b160_n92801,GroundV2,ART1_CELL_DEV,S,True,True,68,4.750000000000002,1.7500000000000036,1.5707963267948966,turn_right,False,a38c133fee51ce1eff962adbab4d3a557a4e8c174788be5367cbccdeb7e96023,observe,9.0
ground_CELL_S_b160_n92801,GroundV2,ART1_CELL_DEV,S,True,True,69,4.750000000000002,1.7500000000000036,1.5707963267948966,observe,False,900daea7e7a2be0f65f002165b41cd21863d850c4587a1eee471485920358a24,left,9.0
ground_CELL_S_b160_n92801,GroundV2,ART1_CELL_DEV,S,True,True,70,4.750000000000002,1.7500000000000036,2.094395102393195,turn_left,False,3152d71bcdecec64dbda542db2f29970adc66b3148bc7e87a3837cab9a707b43,left,9.0
ground_CELL_S_b160_n92801,GroundV2,ART1_CELL_DEV,S,True,True,71,4.750000000000002,1.7500000000000036,2.617993877991493,turn_left,False,7cabbbcc027345de371e615be2cb38d4325c09effadaa534ab79b12309a763dd,left,9.0
ground_CELL_S_b160_n92801,GroundV2,ART1_CELL_DEV,S,True,True,72,4.750000000000002,1.7500000000000036,3.1415926535897913,turn_left,False,e79ca66f29388a7da2891ce953a985f7e114b1a45b275fb4e8afc17c0449f01a,forward,9.0
ground_CELL_S_b160_n92801,GroundV2,ART1_CELL_DEV,S,True,True,73,4.500000000000002,1.750000000000004,3.1415926535897913,forward,False,fa329a92b9a6dad7794c2656c43ce8a10546c3cd133e96f2a5dc6bdb0ec5ba1a,forward,9.25
ground_CELL_S_b160_n92801,GroundV2,ART1_CELL_DEV,S,True,True,74,4.250000000000002,1.7500000000000044,3.1415926535897913,forward,False,ec72f7983ef5b84b675b0aae851d5d106c46ad5f430338f6e9d9aa0b726a3dce,forward,9.5
ground_CELL_S_b160_n92801,GroundV2,ART1_CELL_DEV,S,True,True,75,4.000000000000002,1.7500000000000049,3.1415926535897913,forward,False,cc24a9bf56fb4cdec0bbccf6aebb18eb10055ea2f250e61b1fb256a830618da8,forward,9.75
ground_CELL_S_b160_n92801,GroundV2,ART1_CELL_DEV,S,True,True,76,3.7500000000000018,1.7500000000000053,3.1415926535897913,forward,False,597b41e5a88ac5534ed80400b0a9f90a26e7e87c7f4589279674f2508f7e1da1,right,10.0
ground_CELL_S_b160_n92801,GroundV2,ART1_CELL_DEV,S,True,True,77,3.7500000000000018,1.7500000000000053,2.617993877991493,turn_right,False,b0e432b8633611c66e7f984b211a17c36534be5ce36f9d6fb5350d739fbf6340,right,10.0
ground_CELL_S_b160_n92801,GroundV2,ART1_CELL_DEV,S,True,True,78,3.7500000000000018,1.7500000000000053,2.094395102393195,turn_right,False,e8376455a089f0cbf2c9d0b027c79dc6e57992027e84420d2c90c4ead1156f47,right,10.0
ground_CELL_S_b160_n92801,GroundV2,ART1_CELL_DEV,S,True,True,79,3.7500000000000018,1.7500000000000053,1.5707963267948966,turn_right,False,158659a16cad2b120037549ba7a5c94f5ecb3b8926a211dc57a05006d079c98e,right,10.0
ground_CELL_S_b160_n92801,GroundV2,ART1_CELL_DEV,S,True,True,80,3.7500000000000018,1.7500000000000053,1.0471975511965983,turn_right,False,9754e08b4dc244efb3d4d36867cb92b003fc3fa121f0314889afc267a289cda5,observe,10.0
ground_CELL_S_b160_n92801,GroundV2,ART1_CELL_DEV,S,True,True,81,3.7500000000000018,1.7500000000000053,1.0471975511965983,observe,False,a692d8358f542a55d60c1ff139f1eb2c64a5daddf6af30ecf5b742335cc6fce8,left,10.0
ground_CELL_S_b160_n92801,GroundV2,ART1_CELL_DEV,S,True,True,82,3.7500000000000018,1.7500000000000053,1.5707963267948966,turn_left,False,d7484c576990720ac01634fc4799b163007021952935a451b985a37e8814952b,left,10.0
ground_CELL_S_b160_n92801,GroundV2,ART1_CELL_DEV,S,True,True,83,3.7500000000000018,1.7500000000000053,2.094395102393195,turn_left,False,e0cbd068c9eaec87d3e90471b687993a9688e45536948a2044f0705e13e48037,left,10.0
ground_CELL_S_b160_n92801,GroundV2,ART1_CELL_DEV,S,True,True,84,3.7500000000000018,1.7500000000000053,2.617993877991493,turn_left,False,97a00d7a72d544e55afd99abd311abb5ecfd2926a41d16ede2a7a32245505315,left,10.0
ground_CELL_S_b160_n92801,GroundV2,ART1_CELL_DEV,S,True,True,85,3.7500000000000018,1.7500000000000053,3.1415926535897913,turn_left,False,8186d452236d2da89cf6ede24345811a7be1418180203863d04ef2a959551114,forward,10.0
ground_CELL_S_b160_n92801,GroundV2,ART1_CELL_DEV,S,True,True,86,3.5000000000000018,1.7500000000000058,3.1415926535897913,forward,False,ac6295066cf54d1a80d651f2235de5eda3fd0b2fe43ed58a335f1de04efd2766,forward,10.25
ground_CELL_S_b160_n92801,GroundV2,ART1_CELL_DEV,S,True,True,87,3.2500000000000018,1.7500000000000062,3.1415926535897913,forward,False,c41d5d2f83df41008f3b226187f0a994eb73130fd906ed011070811b474778e6,forward,10.5
ground_CELL_S_b160_n92801,GroundV2,ART1_CELL_DEV,S,True,True,88,3.0000000000000018,1.7500000000000067,3.1415926535897913,forward,False,797cea1b9b9d961037d19213bbd5eebd73f1698a6efd1f86fd66ce9191e4bd06,forward,10.75
ground_CELL_S_b160_n92801,GroundV2,ART1_CELL_DEV,S,True,True,89,2.7500000000000018,1.750000000000007,3.1415926535897913,forward,False,a3f7b84a433dd93fbac898e0912497687f1060bf798f8f695efd85c6a169c1f8,right,11.0
ground_CELL_S_b160_n92801,GroundV2,ART1_CELL_DEV,S,True,True,90,2.7500000000000018,1.750000000000007,2.617993877991493,turn_right,False,7c61579e810629f62a7c14577c02e21b0bc85b2fe2d4a0d8d1dc4f742664fc37,observe,11.0
ground_CELL_S_b160_n92801,GroundV2,ART1_CELL_DEV,S,True,True,91,2.7500000000000018,1.750000000000007,2.617993877991493,observe,False,715f279af76991903b94513ec837ced60b076e231c0fc8e95a43594c37366fa5,right,11.0
ground_CELL_S_b160_n92801,GroundV2,ART1_CELL_DEV,S,True,True,92,2.7500000000000018,1.750000000000007,2.094395102393195,turn_right,False,bfd5b15043a3b4491e238eade83d3dd6b1cdd7cd3ba710c27302dfa6fc2d8e87,observe,11.0
ground_CELL_S_b160_n92801,GroundV2,ART1_CELL_DEV,S,True,True,93,2.7500000000000018,1.750000000000007,2.094395102393195,observe,False,792d0430ab0d269bb6dab6cedb02dec080b1d9e23f74af514b5dd2713834547b,right,11.0
ground_CELL_S_b160_n92801,GroundV2,ART1_CELL_DEV,S,True,True,94,2.7500000000000018,1.750000000000007,1.5707963267948966,turn_right,False,4bf11ea929fe67312ab3ecf388fff988ca3acac527cbd677a2fd0d3886c4706e,right,11.0
ground_CELL_S_b160_n92801,GroundV2,ART1_CELL_DEV,S,True,True,95,2.7500000000000018,1.750000000000007,1.0471975511965983,turn_right,False,ae2490f8ebb651ad3c67d6052704e4f11107f1b9717b42e71f71fa4fca2cfded,observe,11.0
ground_CELL_S_b160_n92801,GroundV2,ART1_CELL_DEV,S,True,True,96,2.7500000000000018,1.750000000000007,1.0471975511965983,observe,False,25565de7984aaeb6c8571313617ea67e78713aae39bf1e5a78da900b622fb535,right,11.0
ground_CELL_S_b160_n92801,GroundV2,ART1_CELL_DEV,S,True,True,97,2.7500000000000018,1.750000000000007,0.5235987755982996,turn_right,False,9329abe8dbb5ffcfba3a34e32f96f049ae80a30366cca0792c43e8fb6168f357,observe,11.0
ground_CELL_S_b160_n92801,GroundV2,ART1_CELL_DEV,S,True,True,98,2.7500000000000018,1.750000000000007,0.5235987755982996,observe,False,ceb06c657b08c0e80b3d8e8bd861e3ada7f22f0b85b053190a17645ec7472a3a,right,11.0
ground_CELL_S_b160_n92801,GroundV2,ART1_CELL_DEV,S,True,True,99,2.7500000000000018,1.750000000000007,8.881784197001252e-16,turn_right,False,706da27213d0e7a5a33f6f92aed988181b1cc5e765570f8e02d29054fc3eb62e,observe,11.0
ground_CELL_S_b160_n92801,GroundV2,ART1_CELL_DEV,S,True,True,100,2.7500000000000018,1.750000000000007,8.881784197001252e-16,observe,False,6c0f1de02c734f204cbab86a5f489efcf97746b18df59b333631e4ce54020eed,right,11.0
ground_CELL_S_b160_n92801,GroundV2,ART1_CELL_DEV,S,True,True,101,2.7500000000000018,1.750000000000007,-0.5235987755982978,turn_right,False,5b45e353da25bd7a59f3a6a206091c77ea8cf06af39a1302e4d5c4e3045408e3,right,11.0
ground_CELL_S_b160_n92801,GroundV2,ART1_CELL_DEV,S,True,True,102,2.7500000000000018,1.750000000000007,-1.0471975511965965,turn_right,False,eb45f4f143014f2455b1d9f70105614914d6752df595f53c59229325dc5c8f72,right,11.0
ground_CELL_S_b160_n92801,GroundV2,ART1_CELL_DEV,S,True,True,103,2.7500000000000018,1.750000000000007,-1.5707963267948952,turn_right,False,c6173fec89d77a0f7e6ae82144539dc5cf60fa850f423987d99c490a98c943d9,forward,11.0
ground_CELL_S_b160_n92801,GroundV2,ART1_CELL_DEV,S,True,True,104,2.750000000000002,1.500000000000007,-1.5707963267948952,forward,False,1d50c788238042414086891688cba47321132afd12688aabd82a74ae8ae6eda8,forward,11.25
ground_CELL_S_b160_n92801,GroundV2,ART1_CELL_DEV,S,True,True,105,2.7500000000000027,1.250000000000007,-1.5707963267948952,forward,False,2590bd319a8beec5207805947d58f3747f9082b24d927bb4bec3986570a9b130,forward,11.5
ground_CELL_S_b160_n92801,GroundV2,ART1_CELL_DEV,S,True,True,106,2.750000000000003,1.000000000000007,-1.5707963267948952,forward,False,51cb0c8b70ed6c35250cf3c9dfa1510419db3203f4ba4e64d895941f38bb9e8a,forward,11.75
ground_CELL_S_b160_n92801,GroundV2,ART1_CELL_DEV,S,True,True,107,2.7500000000000036,0.7500000000000071,-1.5707963267948952,forward,False,f6c00c36e7c48e12f9fbccc2ec9d23c5fffc25e4388e213156176127a8869500,left,12.0
ground_CELL_S_b160_n92801,GroundV2,ART1_CELL_DEV,S,True,True,108,2.7500000000000036,0.7500000000000071,-1.0471975511965965,turn_left,False,a77850a9f78e490085e132c651f380fc967600337e5d40368e0b28a2a7aa7455,left,12.0
ground_CELL_S_b160_n92801,GroundV2,ART1_CELL_DEV,S,True,True,109,2.7500000000000036,0.7500000000000071,-0.5235987755982978,turn_left,False,082ce72446b981787d4b243aeecbc0fcdc0ee86818f008da87c45a5595a062e0,left,12.0
ground_CELL_S_b160_n92801,GroundV2,ART1_CELL_DEV,S,True,True,110,2.7500000000000036,0.7500000000000071,8.881784197001252e-16,turn_left,False,0671e9b646e6962de83cc55d9755ead856d58964b817084d6ff6c5a3ef22cb6c,left,12.0
ground_CELL_S_b160_n92801,GroundV2,ART1_CELL_DEV,S,True,True,111,2.7500000000000036,0.7500000000000071,0.5235987755982996,turn_left,False,d6ab6845e5963cfa392d84a185dd5e618b3c3cb56e2407711475ba1e3488ac35,observe,12.0
ground_CELL_S_b160_n92801,GroundV2,ART1_CELL_DEV,S,True,True,112,2.7500000000000036,0.7500000000000071,0.5235987755982996,observe,False,1ada01658a87565809839b96a527514ddf8198339c532c5870a7ef497b8e91bd,left,12.0
ground_CELL_S_b160_n92801,GroundV2,ART1_CELL_DEV,S,True,True,113,2.7500000000000036,0.7500000000000071,1.0471975511965983,turn_left,False,dfc4c5bce6d9d31385fb2f4382670d6d95e1b0abccee3720e15d5e50954696ac,observe,12.0
ground_CELL_S_b160_n92801,GroundV2,ART1_CELL_DEV,S,True,True,114,2.7500000000000036,0.7500000000000071,1.0471975511965983,observe,False,0ea46c241fb6d7d752688025ed44a8673b8f0758dc6d0f9c43c9f9f2c8b1edce,left,12.0
ground_CELL_S_b160_n92801,GroundV2,ART1_CELL_DEV,S,True,True,115,2.7500000000000036,0.7500000000000071,1.5707963267948966,turn_left,False,211304409f91174a55bf7aa9fe8c04301b7456ad45101e41dd019a224a88a122,observe,12.0
ground_CELL_S_b160_n92801,GroundV2,ART1_CELL_DEV,S,True,True,116,2.7500000000000036,0.7500000000000071,1.5707963267948966,observe,False,3913ff2f917016cbb7719506467aa4a3abbdef38335336ca42d49ce7b4d8d594,left,12.0
ground_CELL_S_b160_n92801,GroundV2,ART1_CELL_DEV,S,True,True,117,2.7500000000000036,0.7500000000000071,2.094395102393195,turn_left,False,260121b164f21587aeab818ab971fdadd0c46589b2ee3af612c673713abd4db6,observe,12.0
ground_CELL_S_b160_n92801,GroundV2,ART1_CELL_DEV,S,True,True,118,2.7500000000000036,0.7500000000000071,2.094395102393195,observe,False,abc951af3faa7567efccd7d8df724febd0b3255299a7cfd262eec873a3e35cfa,left,12.0
ground_CELL_S_b160_n92801,GroundV2,ART1_CELL_DEV,S,True,True,119,2.7500000000000036,0.7500000000000071,2.617993877991493,turn_left,False,824af6f33ba4d4ebbe5fd69c92a675bf472b3dfb7b0596de5a09169b84f6b07e,left,12.0
ground_CELL_S_b160_n92801,GroundV2,ART1_CELL_DEV,S,True,True,120,2.7500000000000036,0.7500000000000071,3.1415926535897913,turn_left,False,809714a3b02f7266adc5fcd38137d82888c3cf59349236f6a63d2b028847b952,forward,12.0
ground_CELL_S_b160_n92801,GroundV2,ART1_CELL_DEV,S,True,True,121,2.5000000000000036,0.7500000000000075,3.1415926535897913,forward,False,6d23e913545cbe8be06b3e99658a3563d4eabbcbf5a892b09fe4201ef2aa09a1,forward,12.25
ground_CELL_S_b160_n92801,GroundV2,ART1_CELL_DEV,S,True,True,122,2.2500000000000036,0.750000000000008,3.1415926535897913,forward,False,e6f24e216e51a33ce05eacc6753c391eb49fecc426f28bd9b61aeacb32135503,forward,12.5
ground_CELL_S_b160_n92801,GroundV2,ART1_CELL_DEV,S,True,True,123,2.0000000000000036,0.7500000000000084,3.1415926535897913,forward,False,ac34bfc2363eae93b0a5696422e12a5f5394bdb35d840bd11e3bddda46f06fb7,forward,12.75
ground_CELL_S_b160_n92801,GroundV2,ART1_CELL_DEV,S,True,True,124,1.7500000000000036,0.7500000000000089,3.1415926535897913,forward,False,808982dcb1c6da6912497ba4d4ba8002b460b0324a7028b48446d6a5ba69878d,right,13.0
ground_CELL_S_b160_n92801,GroundV2,ART1_CELL_DEV,S,True,True,125,1.7500000000000036,0.7500000000000089,2.617993877991493,turn_right,False,3a99e6d4baf0792625f2e2b1213c8a97e34db09766ac732eaada5b5a2f5c4ed7,right,13.0
ground_CELL_S_b160_n92801,GroundV2,ART1_CELL_DEV,S,True,True,126,1.7500000000000036,0.7500000000000089,2.094395102393195,turn_right,False,e0ce055e32aa2e18c4b7f1ac0d92ca7acaa9ae220d971a90d9264349fa2a7c3a,right,13.0
ground_CELL_S_b160_n92801,GroundV2,ART1_CELL_DEV,S,True,True,127,1.7500000000000036,0.7500000000000089,1.5707963267948966,turn_right,False,0f88ec45c9469dd9fb6836ad37cc3b52b9a06f41812a6ba2aa95034478ce9db4,right,13.0
ground_CELL_S_b160_n92801,GroundV2,ART1_CELL_DEV,S,True,True,128,1.7500000000000036,0.7500000000000089,1.0471975511965983,turn_right,False,0ff72f4900a61c7694469a683521e1b3d101421023f75d10b4369d61e68e7496,right,13.0
ground_CELL_S_b160_n92801,GroundV2,ART1_CELL_DEV,S,True,True,129,1.7500000000000036,0.7500000000000089,0.5235987755982996,turn_right,False,07ca20419a7d2c6d1359049625ffde3e3092522d33269b01ccfe106582331669,observe,13.0
ground_CELL_S_b160_n92801,GroundV2,ART1_CELL_DEV,S,True,True,130,1.7500000000000036,0.7500000000000089,0.5235987755982996,observe,False,86f431332a9c061d4f06eb925aab1bfc0ced2921d294aaeb841fb27822a2e93a,left,13.0
ground_CELL_S_b160_n92801,GroundV2,ART1_CELL_DEV,S,True,True,131,1.7500000000000036,0.7500000000000089,1.0471975511965983,turn_left,False,d64f699809dfb2b1cb48d2e424db8e6423479ac597afd97cc1c73e72a2cb56b6,left,13.0
ground_CELL_S_b160_n92801,GroundV2,ART1_CELL_DEV,S,True,True,132,1.7500000000000036,0.7500000000000089,1.5707963267948966,turn_left,False,8c11f5b72d760301fe715f062c9ab0dc6f773663dd78d68ad8aa4e682f18c298,forward,13.0
ground_CELL_S_b160_n92801,GroundV2,ART1_CELL_DEV,S,True,True,133,1.7500000000000036,1.0000000000000089,1.5707963267948966,forward,False,ff9735de9e3c2054702990304e322a16e8f44d004160760e67ec477840cb1e80,forward,13.25
ground_CELL_S_b160_n92801,GroundV2,ART1_CELL_DEV,S,True,True,134,1.7500000000000036,1.2500000000000089,1.5707963267948966,forward,False,add1747971b06d8da18d68149129e6ae2592c756c44db098dd10ccad0963a9b9,forward,13.5
ground_CELL_S_b160_n92801,GroundV2,ART1_CELL_DEV,S,True,True,135,1.7500000000000036,1.5000000000000089,1.5707963267948966,forward,False,b073c30112620ee2339281c394641fa845bf0fc356f5ec312e17f1c97c3f7af4,forward,13.75
ground_CELL_S_b160_n92801,GroundV2,ART1_CELL_DEV,S,True,True,136,1.7500000000000036,1.7500000000000089,1.5707963267948966,forward,False,824710837237e005005d3947088262cf1b9b3fffa7a6abedd1dfdf8e19397801,right,14.0
ground_CELL_S_b160_n92801,GroundV2,ART1_CELL_DEV,S,True,True,137,1.7500000000000036,1.7500000000000089,1.0471975511965983,turn_right,False,99dd54ad677494bfc2042e7ba738703349776a5cf456da6058525c9d800aae4e,observe,14.0
ground_CELL_S_b160_n92801,GroundV2,ART1_CELL_DEV,S,True,True,138,1.7500000000000036,1.7500000000000089,1.0471975511965983,observe,False,48195b55d2cac092144ca411c5a4bb9e00a9bd22a4a5011d0e8f953397e410d0,left,14.0
ground_CELL_S_b160_n92801,GroundV2,ART1_CELL_DEV,S,True,True,139,1.7500000000000036,1.7500000000000089,1.5707963267948966,turn_left,False,e075c67b6693e6b122b4e3a2051379311b62b3bf1568b4b13dbfa52f79eec1bc,left,14.0
ground_CELL_S_b160_n92801,GroundV2,ART1_CELL_DEV,S,True,True,140,1.7500000000000036,1.7500000000000089,2.094395102393195,turn_left,False,458c0ccf038b6f87c083dd9f42f8e72b4ac3f8a75e43bed6c7ee7b0e32dc1a0a,left,14.0
ground_CELL_S_b160_n92801,GroundV2,ART1_CELL_DEV,S,True,True,141,1.7500000000000036,1.7500000000000089,2.617993877991493,turn_left,False,429710f5ddc15f3c38b1e922af1e96ab42c10a25f2f3aeab8e80811d5ee05525,left,14.0
ground_CELL_S_b160_n92801,GroundV2,ART1_CELL_DEV,S,True,True,142,1.7500000000000036,1.7500000000000089,3.1415926535897913,turn_left,False,68a7f628ff955c31a40b60b431b0d2bc4fa52b13b992a11d07d7b27ac02f4f6a,forward,14.0
ground_CELL_S_b160_n92801,GroundV2,ART1_CELL_DEV,S,True,True,143,1.5000000000000036,1.7500000000000093,3.1415926535897913,forward,False,4bb012d1baed60363bafbea344d17828f63f619e6e4aa81f9df892584a32bea2,forward,14.25
ground_CELL_S_b160_n92801,GroundV2,ART1_CELL_DEV,S,True,True,144,1.2500000000000036,1.7500000000000098,3.1415926535897913,forward,False,8f6dbaae6bc2476a0a4f89af743192ccfb7de98eed186cb98a9cfe21927253e7,forward,14.5
ground_CELL_S_b160_n92801,GroundV2,ART1_CELL_DEV,S,True,True,145,1.0000000000000036,1.7500000000000102,3.1415926535897913,forward,False,e9fdcd55dd7e8ece45ea20cc43d4353181eef13d52b571bbd690b84d6f0ea7fc,forward,14.75
ground_CELL_S_b160_n92801,GroundV2,ART1_CELL_DEV,S,True,True,146,0.7500000000000036,1.7500000000000107,3.1415926535897913,forward,False,82dc90bee1a6bdae85fc21b49a66d16f4876d6c97d69094f644c91ce5397acd1,left,15.0
ground_CELL_S_b160_n92801,GroundV2,ART1_CELL_DEV,S,True,True,147,0.7500000000000036,1.7500000000000107,-2.6179938779914966,turn_left,False,351f6d8792aac0b5bcac13717739e8c37754f668f38da7d86935efbda6b1a636,left,15.0
ground_CELL_S_b160_n92801,GroundV2,ART1_CELL_DEV,S,True,True,148,0.7500000000000036,1.7500000000000107,-2.094395102393198,turn_left,False,d71204ad7443ff2bfd5069d5a5edad358ff14eb5e96e3cfffe95163d55ecc93f,left,15.0
ground_CELL_S_b160_n92801,GroundV2,ART1_CELL_DEV,S,True,True,149,0.7500000000000036,1.7500000000000107,-1.5707963267948992,turn_left,False,4b99334dfd251d468ef0683899c1a146ebe2191cc270e412b09c017261cfa4cd,forward,15.0
ground_CELL_S_b160_n92801,GroundV2,ART1_CELL_DEV,S,True,True,150,0.7500000000000029,1.5000000000000107,-1.5707963267948992,forward,False,998c4926beb35dafa3167f33eec88ebcddf529bd57238810e725f5fe9c53f209,forward,15.25
ground_CELL_S_b160_n92801,GroundV2,ART1_CELL_DEV,S,True,True,151,0.7500000000000022,1.2500000000000107,-1.5707963267948992,forward,False,f971731aa5832a0fc286a521da10677c02c4b0244a3258778aa39cf0d5146590,forward,15.5
ground_CELL_S_b160_n92801,GroundV2,ART1_CELL_DEV,S,True,True,152,0.7500000000000016,1.0000000000000107,-1.5707963267948992,forward,False,abb9779cdfd9ca57bcb48d43cbd09d0726ba8ba74c38e0c13bc01d7803140585,forward,15.75
ground_CELL_S_b160_n92801,GroundV2,ART1_CELL_DEV,S,True,True,153,0.7500000000000009,0.7500000000000107,-1.5707963267948992,forward,False,fffc24cd023ae4e3c494b33f5e7a8e5b76437a23b920e50079772f0ce0dfc577,left,16.0
ground_CELL_S_b160_n92801,GroundV2,ART1_CELL_DEV,S,True,True,154,0.7500000000000009,0.7500000000000107,-1.0471975511966005,turn_left,False,9070ab2932ef8f46822cb9b53055036808331331451e4fc9444bd8c3bc1eff6e,left,16.0
ground_CELL_S_b160_n92801,GroundV2,ART1_CELL_DEV,S,True,True,155,0.7500000000000009,0.7500000000000107,-0.5235987755983018,turn_left,False,f63c28326a80081d8a8ec24c4e4a808b88ea994db7e9401f2833f0d679259b5e,left,16.0
ground_CELL_S_b160_n92801,GroundV2,ART1_CELL_DEV,S,True,True,156,0.7500000000000009,0.7500000000000107,-3.1086244689504383e-15,turn_left,False,42588a6540662b1ee52adcfd8221c0101882ca1676a97ff4ef281ed87074e05d,left,16.0
ground_CELL_S_b160_n92801,GroundV2,ART1_CELL_DEV,S,True,True,157,0.7500000000000009,0.7500000000000107,0.5235987755982956,turn_left,False,7bb22a169532c4a10aa6998397309bf211d76e297d4bb106860b9b2a8dc56441,observe,16.0
ground_CELL_S_b160_n92801,GroundV2,ART1_CELL_DEV,S,True,True,158,0.7500000000000009,0.7500000000000107,0.5235987755982956,observe,False,f1f1f5ed80083219a316fd0205e206c1fe58004aee76b0a7f78c7e9ecda909d8,right,16.0
ground_CELL_S_b160_n92801,GroundV2,ART1_CELL_DEV,S,True,True,159,0.7500000000000009,0.7500000000000107,-3.1086244689504383e-15,turn_right,False,5815348f9213b275860bc967161cce870b904d29ff5da075034924ec70e55d7e,stop,16.0
ground_LOOP_B_b160_n92801,GroundV2,ART1_LOOP_DEV,B,True,True,0,0.75,0.75,0.0,initial_observation,False,d50c9603df9829430b81c71c5ce9a4d03e5d3e542cb1ce14fe904862e44544c5,left,0.0
ground_LOOP_B_b160_n92801,GroundV2,ART1_LOOP_DEV,B,True,True,1,0.75,0.75,0.5235987755982987,turn_left,False,f9875fcd0d703ccb98d0b1f712c3b01bbd7a9fcf4ba026c84b444cac4808064e,left,0.0
ground_LOOP_B_b160_n92801,GroundV2,ART1_LOOP_DEV,B,True,True,2,0.75,0.75,1.0471975511965974,turn_left,False,9c9770c4bd9d03adbab080eef9e4e2ceca1b54eb97f71a8de5fc5cf5501920ad,left,0.0
ground_LOOP_B_b160_n92801,GroundV2,ART1_LOOP_DEV,B,True,True,3,0.75,0.75,1.5707963267948966,turn_left,False,c5bd034c8dca66165d9bb59fbabf0f043170335ed2ba859afb2e16a3c9cd982c,forward,0.0
ground_LOOP_B_b160_n92801,GroundV2,ART1_LOOP_DEV,B,True,True,4,0.75,1.0,1.5707963267948966,forward,False,34d96e6b21a731abee71fab5ccf70a2ca5b1cdb93a0ac99eddf92f7f0197a637,forward,0.25
ground_LOOP_B_b160_n92801,GroundV2,ART1_LOOP_DEV,B,True,True,5,0.75,1.25,1.5707963267948966,forward,False,22abb5e83365b94e4b67d832146ed31c66f2b511a91b2ef47839a3ba346dacb0,forward,0.5
ground_LOOP_B_b160_n92801,GroundV2,ART1_LOOP_DEV,B,True,True,6,0.75,1.5,1.5707963267948966,forward,False,42a980a5c14202356382502d21376e92f8c512ae6053febfd628a43dd0fea3f3,forward,0.75
ground_LOOP_B_b160_n92801,GroundV2,ART1_LOOP_DEV,B,True,True,7,0.75,1.75,1.5707963267948966,forward,False,a996ffe587e14814d476486ea896221c885d876a4f27782a7462f65b0b480f48,forward,1.0
ground_LOOP_B_b160_n92801,GroundV2,ART1_LOOP_DEV,B,True,True,8,0.75,2.0,1.5707963267948966,forward,False,11ad56ca90b7f88c27461be64ee17f49127e17c7249bf094cc1b0a0517e9126c,forward,1.25
ground_LOOP_B_b160_n92801,GroundV2,ART1_LOOP_DEV,B,True,True,9,0.75,2.25,1.5707963267948966,forward,False,70ad91ad41c191bd83b3dc1b5f5c1db842f3179894f4e495ffa9a8bddd036b8d,forward,1.5
ground_LOOP_B_b160_n92801,GroundV2,ART1_LOOP_DEV,B,True,True,10,0.75,2.5,1.5707963267948966,forward,False,498a6322e1dbe2520fd972e4f93570dd9a404fc340ddd40ad0b91ab385bbe49d,forward,1.75
ground_LOOP_B_b160_n92801,GroundV2,ART1_LOOP_DEV,B,True,True,11,0.75,2.75,1.5707963267948966,forward,False,1f64231d91e7205fae32f310680f5078b2ae6b499766f6ddb8d5b2cbaa746785,forward,2.0
ground_LOOP_B_b160_n92801,GroundV2,ART1_LOOP_DEV,B,True,True,12,0.75,3.0,1.5707963267948966,forward,False,94d866f4448b15004422f658a2ff8e74747487543187c8ceff581c425c0fa52a,forward,2.25
ground_LOOP_B_b160_n92801,GroundV2,ART1_LOOP_DEV,B,True,True,13,0.75,3.25,1.5707963267948966,forward,False,4e9ee2f32339f4c17f0c047b7cdb91bcc01bfa9707c6fe99ae06091411e2ac73,forward,2.5
ground_LOOP_B_b160_n92801,GroundV2,ART1_LOOP_DEV,B,True,True,14,0.75,3.5,1.5707963267948966,forward,False,80f30764369c7e502524f91765a75186df20b657aa336bcab2b5a18b5665f3ec,forward,2.75
ground_LOOP_B_b160_n92801,GroundV2,ART1_LOOP_DEV,B,True,True,15,0.75,3.75,1.5707963267948966,forward,False,81177a253063a0bef19e470dbc8f22ce363dcfdea833cf67c846a4b1a238f1aa,right,3.0
ground_LOOP_B_b160_n92801,GroundV2,ART1_LOOP_DEV,B,True,True,16,0.75,3.75,1.0471975511965983,turn_right,False,b1789c85923930e7da4b5089c5380b5f27a9fdc60ea0d8ad7d1ff67f8d0629db,observe,3.0
ground_LOOP_B_b160_n92801,GroundV2,ART1_LOOP_DEV,B,True,True,17,0.75,3.75,1.0471975511965983,observe,False,2db542ac813575275fa098f912831bbb077d0cc4a75d3ea14e4c7681dfb8c404,right,3.0
ground_LOOP_B_b160_n92801,GroundV2,ART1_LOOP_DEV,B,True,True,18,0.75,3.75,0.5235987755982996,turn_right,False,c46fc7c7b92029216a6c5811b1c604154a655dee199c01652db42d72baf88c57,right,3.0
ground_LOOP_B_b160_n92801,GroundV2,ART1_LOOP_DEV,B,True,True,19,0.75,3.75,8.881784197001252e-16,turn_right,False,931ccc26450dab4781053ce92af645f6df438c8ad4d5679a065631ce5209ffac,observe,3.0
ground_LOOP_B_b160_n92801,GroundV2,ART1_LOOP_DEV,B,True,True,20,0.75,3.75,8.881784197001252e-16,observe,False,acdb34aea778252bbc3c849755680247b6e50a3f54a33ea4f6306dad68b5484e,left,3.0
ground_LOOP_B_b160_n92801,GroundV2,ART1_LOOP_DEV,B,True,True,21,0.75,3.75,0.5235987755982996,turn_left,False,77d0e08be0b304c68e9cdc14724ac7f24704bebd69d0c2a5ea098ab271fa8814,left,3.0
ground_LOOP_B_b160_n92801,GroundV2,ART1_LOOP_DEV,B,True,True,22,0.75,3.75,1.0471975511965983,turn_left,False,7ebdcbb4dd095e33e861124ceedaa3185fe97544abc1a48bbbf7d9e40bb292a9,left,3.0
ground_LOOP_B_b160_n92801,GroundV2,ART1_LOOP_DEV,B,True,True,23,0.75,3.75,1.5707963267948966,turn_left,False,5b73a0ba8d081c3bfc14a849c6d66e18a72ad5475e55087bd6f373461033bc7b,forward,3.0
ground_LOOP_B_b160_n92801,GroundV2,ART1_LOOP_DEV,B,True,True,24,0.75,4.0,1.5707963267948966,forward,False,6f9f0016392f27b56733e98296a005ffff969215b5f143594f51ee56f6b9216d,forward,3.25
ground_LOOP_B_b160_n92801,GroundV2,ART1_LOOP_DEV,B,True,True,25,0.75,4.25,1.5707963267948966,forward,False,93e8177827a1e9333fca5d907b634ccd7ae7db9b432a7361add6a6c34ece0ab1,forward,3.5
ground_LOOP_B_b160_n92801,GroundV2,ART1_LOOP_DEV,B,True,True,26,0.75,4.5,1.5707963267948966,forward,False,a11b1a9aa96932e7bb3cc015755187e256c3b28dc3dd18f4c853b6bce676c6c6,forward,3.75
ground_LOOP_B_b160_n92801,GroundV2,ART1_LOOP_DEV,B,True,True,27,0.75,4.75,1.5707963267948966,forward,False,8d5ca94e86e124f557f7caef82062d0ac98efc34e0b660b5d2ac5a38dd92bb36,forward,4.0
ground_LOOP_B_b160_n92801,GroundV2,ART1_LOOP_DEV,B,True,True,28,0.75,5.0,1.5707963267948966,forward,False,e905ca6aed6cbaeb9ced7cede32b7400efd5576d87a9e3d18e338cb663f1b314,forward,4.25
ground_LOOP_B_b160_n92801,GroundV2,ART1_LOOP_DEV,B,True,True,29,0.75,5.25,1.5707963267948966,forward,False,f9a818b22fe94be08bb1366852a8500612f11fe3589553305280b99ff85f6419,forward,4.5
ground_LOOP_B_b160_n92801,GroundV2,ART1_LOOP_DEV,B,True,True,30,0.75,5.5,1.5707963267948966,forward,False,899033eca5c4b30aeeec4ff5a2fd88779fb58f82a07dab5f2763015d2ff35045,forward,4.75
ground_LOOP_B_b160_n92801,GroundV2,ART1_LOOP_DEV,B,True,True,31,0.75,5.75,1.5707963267948966,forward,False,e101e0a6019933902335e7d6f8ccb580fb565f76b9d3a7d75b60d003ad0f573d,right,5.0
ground_LOOP_B_b160_n92801,GroundV2,ART1_LOOP_DEV,B,True,True,32,0.75,5.75,1.0471975511965983,turn_right,False,61d7b707ff09c3ffdaf4b490924ece0325d63b4043aaf6078b5bc8a778e92b6a,right,5.0
ground_LOOP_B_b160_n92801,GroundV2,ART1_LOOP_DEV,B,True,True,33,0.75,5.75,0.5235987755982996,turn_right,False,229a034fcc4389c130f696a593d17d7cb1bdb60473d8ab32fdea4e3103c9706b,right,5.0
ground_LOOP_B_b160_n92801,GroundV2,ART1_LOOP_DEV,B,True,True,34,0.75,5.75,8.881784197001252e-16,turn_right,False,d61de5190f7d32f656fbf15eb67ea8940f54a2a2123756772e66fa96c40dddae,observe,5.0
ground_LOOP_B_b160_n92801,GroundV2,ART1_LOOP_DEV,B,True,True,35,0.75,5.75,8.881784197001252e-16,observe,False,68a979e4f81515cdc0412009bc68caec246b13043809e1baf317c666b9ba0669,right,5.0
ground_LOOP_B_b160_n92801,GroundV2,ART1_LOOP_DEV,B,True,True,36,0.75,5.75,-0.5235987755982978,turn_right,False,e4a766b2fd016778a6193c11d7b23bdec2d1bb0baeb9a2f06f48dc93cfe853e9,right,5.0
ground_LOOP_B_b160_n92801,GroundV2,ART1_LOOP_DEV,B,True,True,37,0.75,5.75,-1.0471975511965965,turn_right,False,bc093513dff8710ab197fa84a164db17b9bbfc7fbd3a0c4fb7f20d15ec1c3f7b,right,5.0
ground_LOOP_B_b160_n92801,GroundV2,ART1_LOOP_DEV,B,True,True,38,0.75,5.75,-1.5707963267948952,turn_right,False,4477ecbcd61922437c9853bacf20850939b67f5bf65b0d004280dd1060206508,observe,5.0
ground_LOOP_B_b160_n92801,GroundV2,ART1_LOOP_DEV,B,True,True,39,0.75,5.75,-1.5707963267948952,observe,False,d0214b289827ca0753fe2c09fc94ec62c801e18f4c057096fccc32e8f157c6a5,left,5.0
ground_LOOP_B_b160_n92801,GroundV2,ART1_LOOP_DEV,B,True,True,40,0.75,5.75,-1.0471975511965965,turn_left,False,8eccbcae6c1345078e8f83f581feed72cbbb684ecb85af5f66dd4e9a31442be5,left,5.0
ground_LOOP_B_b160_n92801,GroundV2,ART1_LOOP_DEV,B,True,True,41,0.75,5.75,-0.5235987755982978,turn_left,False,d7485c79ae1af0f02a4d14ea24ad828b9f4e83a1db29f709283b304e16f8410b,left,5.0
ground_LOOP_B_b160_n92801,GroundV2,ART1_LOOP_DEV,B,True,True,42,0.75,5.75,8.881784197001252e-16,turn_left,False,55975a56b7415ae8e28988b61da9fe6888ec110cb65ee7f998ed40033f06f201,left,5.0
ground_LOOP_B_b160_n92801,GroundV2,ART1_LOOP_DEV,B,True,True,43,0.75,5.75,0.5235987755982996,turn_left,False,ef6385bdcf5994f78390fe9ef970f78eaa1f1fcf0534a58037912734f808f67a,left,5.0
ground_LOOP_B_b160_n92801,GroundV2,ART1_LOOP_DEV,B,True,True,44,0.75,5.75,1.0471975511965983,turn_left,False,fd7caa80547fabc917981330f47f8b4c876ac33b1b4e1c406a1c7f9602c5e2d5,left,5.0
ground_LOOP_B_b160_n92801,GroundV2,ART1_LOOP_DEV,B,True,True,45,0.75,5.75,1.5707963267948966,turn_left,False,c2a6a09fa072a24af9a1ae62da2f65656bcc23df686f0685cee9929c67de2acf,forward,5.0
ground_LOOP_B_b160_n92801,GroundV2,ART1_LOOP_DEV,B,True,True,46,0.75,6.0,1.5707963267948966,forward,False,b5493cd0a5a1f2b8758f701459f8cd729239e2c79013d83624afa0b195c26df3,forward,5.25
ground_LOOP_B_b160_n92801,GroundV2,ART1_LOOP_DEV,B,True,True,47,0.75,6.25,1.5707963267948966,forward,False,da11b48f6f169b97b1605702ca280d6fb09f5b65b9411ff607fb690d6d3f3f7a,forward,5.5
ground_LOOP_B_b160_n92801,GroundV2,ART1_LOOP_DEV,B,True,True,48,0.75,6.5,1.5707963267948966,forward,False,3f2ea687aa793b6dc007ae7c1177fd9d31248e6df8d5182a2e414d0535023290,forward,5.75
ground_LOOP_B_b160_n92801,GroundV2,ART1_LOOP_DEV,B,True,True,49,0.75,6.75,1.5707963267948966,forward,False,5b2604c9465ff84eab558456bf6c14423add3edd6dddd709726807261e771a7e,right,6.0
ground_LOOP_B_b160_n92801,GroundV2,ART1_LOOP_DEV,B,True,True,50,0.75,6.75,1.0471975511965983,turn_right,False,c2a4fc1b9bd3b535c7e9b604c65c2ba2668b3fc605944b522deec29b5e921b82,right,6.0
ground_LOOP_B_b160_n92801,GroundV2,ART1_LOOP_DEV,B,True,True,51,0.75,6.75,0.5235987755982996,turn_right,False,8cd2bc6cb2b8eb73881025a34a9a968cd8f4978c1198675750a9713b0e137253,right,6.0
ground_LOOP_B_b160_n92801,GroundV2,ART1_LOOP_DEV,B,True,True,52,0.75,6.75,8.881784197001252e-16,turn_right,False,b075eef94e07d4a38b30e7ac42e134f946d6d5142cf0302b6b2f1cde02f2a12b,right,6.0
ground_LOOP_B_b160_n92801,GroundV2,ART1_LOOP_DEV,B,True,True,53,0.75,6.75,-0.5235987755982978,turn_right,False,c525da3e6e86515ea98be14ebf47d03927a3c1315e60428ef5fb8036f14fd645,right,6.0
ground_LOOP_B_b160_n92801,GroundV2,ART1_LOOP_DEV,B,True,True,54,0.75,6.75,-1.0471975511965965,turn_right,False,b3dde0e985d23d6ab66ea13c813cce0379d362846f105f54d778e4ddd7848ff7,observe,6.0
ground_LOOP_B_b160_n92801,GroundV2,ART1_LOOP_DEV,B,True,True,55,0.75,6.75,-1.0471975511965965,observe,False,d48ce6dc3b7aa9eb8ccc5c6a90258214980a034d69d9832db3a8420cc0bd49a5,left,6.0
ground_LOOP_B_b160_n92801,GroundV2,ART1_LOOP_DEV,B,True,True,56,0.75,6.75,-0.5235987755982978,turn_left,False,2825aa23da1e6f71e42a46844baecf5733556217274645db4b1599d4aafaebc9,left,6.0
ground_LOOP_B_b160_n92801,GroundV2,ART1_LOOP_DEV,B,True,True,57,0.75,6.75,8.881784197001252e-16,turn_left,False,3b4088bcb08021c94ec90a56a78e0dfc7988705a1f9f65d5f63c13841165c06c,forward,6.0
ground_LOOP_B_b160_n92801,GroundV2,ART1_LOOP_DEV,B,True,True,58,1.0,6.75,8.881784197001252e-16,forward,False,c2361a1a0653eae38fc03948d099649d46f793e8d4347af41d19faef57fd7a9e,forward,6.25
ground_LOOP_B_b160_n92801,GroundV2,ART1_LOOP_DEV,B,True,True,59,1.25,6.75,8.881784197001252e-16,forward,False,ff6237c22de80a6a40230a9b244a458c891c98e7ec594ddf6835c5697ca3313c,forward,6.5
ground_LOOP_B_b160_n92801,GroundV2,ART1_LOOP_DEV,B,True,True,60,1.5,6.75,8.881784197001252e-16,forward,False,9530e1aa1d58a4440258e51d3188111af1a51127369c2523206c08c14c7d9f8e,forward,6.75
ground_LOOP_B_b160_n92801,GroundV2,ART1_LOOP_DEV,B,True,True,61,1.75,6.75,8.881784197001252e-16,forward,False,4102697aa38e1c459f55591495e38e782fa9e53f6208a87ec9a4b1980eda6618,right,7.0
ground_LOOP_B_b160_n92801,GroundV2,ART1_LOOP_DEV,B,True,True,62,1.75,6.75,-0.5235987755982978,turn_right,False,5059eed175d0bcf8851bec65f9b3b1f6645a1265ff37ce4e1a5b0e97d7e02440,observe,7.0
ground_LOOP_B_b160_n92801,GroundV2,ART1_LOOP_DEV,B,True,True,63,1.75,6.75,-0.5235987755982978,observe,False,03fc8ecde5f21162a40226ce3898e82f99b5aa7937be3b283cacc65d732a27ed,left,7.0
ground_LOOP_B_b160_n92801,GroundV2,ART1_LOOP_DEV,B,True,True,64,1.75,6.75,8.881784197001252e-16,turn_left,False,0ae13b636c8605eb8ccbd3a70144a057c3df5de0549f83fa48405bbe0eea2bd3,forward,7.0
ground_LOOP_B_b160_n92801,GroundV2,ART1_LOOP_DEV,B,True,True,65,2.0,6.75,8.881784197001252e-16,forward,False,368c80037b85f96ef5d92b86cf510d9f138c3780daed4e9b8ef6538c8e86f318,forward,7.25
ground_LOOP_B_b160_n92801,GroundV2,ART1_LOOP_DEV,B,True,True,66,2.25,6.75,8.881784197001252e-16,forward,False,775236f6f9d92559e1a5485c035e830d7ea4774994a88774857a02fd82efd422,forward,7.5
ground_LOOP_B_b160_n92801,GroundV2,ART1_LOOP_DEV,B,True,True,67,2.5,6.75,8.881784197001252e-16,forward,False,376f3a43cb9db344941ae90aea0d52f97d7204ea228cc91e136168884d80686a,forward,7.75
ground_LOOP_B_b160_n92801,GroundV2,ART1_LOOP_DEV,B,True,True,68,2.75,6.75,8.881784197001252e-16,forward,False,e9c7400eade97ec7cf210f0ccb869bf9d9637d43de8c002fe63c3470c57434e3,right,8.0
ground_LOOP_B_b160_n92801,GroundV2,ART1_LOOP_DEV,B,True,True,69,2.75,6.75,-0.5235987755982978,turn_right,False,2b8540b37f5c9d2a2889499142147c47cdded27b7745fae65ae1e65c97328970,right,8.0
ground_LOOP_B_b160_n92801,GroundV2,ART1_LOOP_DEV,B,True,True,70,2.75,6.75,-1.0471975511965965,turn_right,False,ce0510ce1a9b69d61677c52f1e9661fd5fcd062d870c03de16cb44b7f140ec6b,right,8.0
ground_LOOP_B_b160_n92801,GroundV2,ART1_LOOP_DEV,B,True,True,71,2.75,6.75,-1.5707963267948952,turn_right,False,08a45252b92ae4c0a673c8e503fb7a2d0d13c5610f3cdb035faaec48feb5d98c,forward,8.0
ground_LOOP_B_b160_n92801,GroundV2,ART1_LOOP_DEV,B,True,True,72,2.7500000000000004,6.5,-1.5707963267948952,forward,False,a020147f1158faf9a13c851dc47cda01498524ef4a0d359903e6dd03252af319,forward,8.25
ground_LOOP_B_b160_n92801,GroundV2,ART1_LOOP_DEV,B,True,True,73,2.750000000000001,6.25,-1.5707963267948952,forward,False,4d1d4144983876e8efd5d4b53b57becfb6cfd488dc94279099eb33ca5c0f447a,forward,8.5
ground_LOOP_B_b160_n92801,GroundV2,ART1_LOOP_DEV,B,True,True,74,2.7500000000000013,6.0,-1.5707963267948952,forward,False,2fddd339e8ceb2f02e0fc6b91a69b7e82775bcd30d21a769b7fc96014854508d,forward,8.75
ground_LOOP_B_b160_n92801,GroundV2,ART1_LOOP_DEV,B,True,True,75,2.7500000000000018,5.75,-1.5707963267948952,forward,False,3d4e4b981396a7d283e3b57a2afb27a8715e70f1ee5640bd81a0ae43b2e84296,forward,9.0
ground_LOOP_B_b160_n92801,GroundV2,ART1_LOOP_DEV,B,True,True,76,2.750000000000002,5.5,-1.5707963267948952,forward,False,38aa417d05c6974eba7f8945f39998848ceffc4078ab7c57dc047824152930ef,forward,9.25
ground_LOOP_B_b160_n92801,GroundV2,ART1_LOOP_DEV,B,True,True,77,2.7500000000000027,5.25,-1.5707963267948952,forward,False,db92687b1096364d04150eaeafd5b1d29fd7c710820c1ff3973f81d9994b3ffe,forward,9.5
ground_LOOP_B_b160_n92801,GroundV2,ART1_LOOP_DEV,B,True,True,78,2.750000000000003,5.0,-1.5707963267948952,forward,False,46ebd6ac4a75d253166e6057c39d8290abec4a892f08583affcdbcd817597cf8,forward,9.75
ground_LOOP_B_b160_n92801,GroundV2,ART1_LOOP_DEV,B,True,True,79,2.7500000000000036,4.75,-1.5707963267948952,forward,False,2af3ad7daae69a99126bc22677b22f87317dbeca9484e43b876ace95ecca9582,observe,10.0
ground_LOOP_B_b160_n92801,GroundV2,ART1_LOOP_DEV,B,True,True,80,2.7500000000000036,4.75,-1.5707963267948952,observe,False,e6d65dd11cbd6f40a9f946a4d39ba9829801ae1e8f1c0835930164e376bfc806,forward,10.0
ground_LOOP_B_b160_n92801,GroundV2,ART1_LOOP_DEV,B,True,True,81,2.750000000000004,4.5,-1.5707963267948952,forward,False,c5e72540dd03bff81ab6468a700a1e9bbc8b00f60ecdb99704eea3ec19fe7192,forward,10.25
ground_LOOP_B_b160_n92801,GroundV2,ART1_LOOP_DEV,B,True,True,82,2.7500000000000044,4.25,-1.5707963267948952,forward,False,af1dba085a30d5971f9b8dfca6bed98afc45e52dcb515fe998cd9e365ee5e7b9,forward,10.5
ground_LOOP_B_b160_n92801,GroundV2,ART1_LOOP_DEV,B,True,True,83,2.750000000000005,4.0,-1.5707963267948952,forward,False,fa6318422639559d91d9aede152a989582320d1e5f82cf670c911fe3a1334d1a,forward,10.75
ground_LOOP_B_b160_n92801,GroundV2,ART1_LOOP_DEV,B,True,True,84,2.7500000000000053,3.75,-1.5707963267948952,forward,False,6f13cff7d5ce00129294082bb5b676c2eceafa70ece3010f7d2a9dee2a8d1ba1,right,11.0
ground_LOOP_B_b160_n92801,GroundV2,ART1_LOOP_DEV,B,True,True,85,2.7500000000000053,3.75,-2.094395102393194,turn_right,False,34e0013decc45da0b727ecf1243e27560eb62975cff524268a9a43c004658f98,observe,11.0
ground_LOOP_B_b160_n92801,GroundV2,ART1_LOOP_DEV,B,True,True,86,2.7500000000000053,3.75,-2.094395102393194,observe,False,1cfd2778b3b2027ef5bba33f46e8cc31f68f2b2b4fa9207b233b154c6256d426,right,11.0
ground_LOOP_B_b160_n92801,GroundV2,ART1_LOOP_DEV,B,True,True,87,2.7500000000000053,3.75,-2.6179938779914926,turn_right,False,2ee86f28ec595597109d28e1e7a2cb8482da4c78032228ea47f02087e5db2eca,right,11.0
ground_LOOP_B_b160_n92801,GroundV2,ART1_LOOP_DEV,B,True,True,88,2.7500000000000053,3.75,-3.1415926535897913,turn_right,False,b6989460572070a361552c71e5ab0f5893430423f9670ca385b2b02ee34ccc4c,right,11.0
ground_LOOP_B_b160_n92801,GroundV2,ART1_LOOP_DEV,B,True,True,89,2.7500000000000053,3.75,2.6179938779914966,turn_right,False,6ae97226c16a5400f8c56824a13448cb43d4b8faf7f5eb1ff9040429dfadf98c,observe,11.0
ground_LOOP_B_b160_n92801,GroundV2,ART1_LOOP_DEV,B,True,True,90,2.7500000000000053,3.75,2.6179938779914966,observe,False,af55f1e77f7b48a2301322d19db17961d11454431dd6122539c559a33f1e0c12,right,11.0
ground_LOOP_B_b160_n92801,GroundV2,ART1_LOOP_DEV,B,True,True,91,2.7500000000000053,3.75,2.0943951023931984,turn_right,False,b65a6bc89e2d0c911a8e7ac88ed0101120cc04a7c29f99cb3e8ced1a7280880c,observe,11.0
ground_LOOP_B_b160_n92801,GroundV2,ART1_LOOP_DEV,B,True,True,92,2.7500000000000053,3.75,2.0943951023931984,observe,False,abe64c8467f506ab4c8181cd0b1c1196f063117ed3732d068bd06c575de96770,right,11.0
ground_LOOP_B_b160_n92801,GroundV2,ART1_LOOP_DEV,B,True,True,93,2.7500000000000053,3.75,1.5707963267949,turn_right,False,e7d9fbdf3d1b882e8c658705f345288f9875e1c6a40c5e56bba4fb708e181a3b,observe,11.0
ground_LOOP_B_b160_n92801,GroundV2,ART1_LOOP_DEV,B,True,True,94,2.7500000000000053,3.75,1.5707963267949,observe,False,f334005b55edb34b6f8f1e30e4d0f82b6d9601025a41a87017ede2b664d67050,left,11.0
ground_LOOP_B_b160_n92801,GroundV2,ART1_LOOP_DEV,B,True,True,95,2.7500000000000053,3.75,2.0943951023931984,turn_left,False,6d9daab28c99c604f4a9f7fcb67737321f8a4881db909402680d2325cb6280a4,left,11.0
ground_LOOP_B_b160_n92801,GroundV2,ART1_LOOP_DEV,B,True,True,96,2.7500000000000053,3.75,2.6179938779914966,turn_left,False,445cc07138ed3f87495c30b8cb49772aca00ab076e683c40477139bfc8509f11,left,11.0
ground_LOOP_B_b160_n92801,GroundV2,ART1_LOOP_DEV,B,True,True,97,2.7500000000000053,3.75,-3.1415926535897913,turn_left,False,d80a629b30d367323f1381abd5ac0e1752ef0794b5bbf4628aea308db76d8718,forward,11.0
ground_LOOP_B_b160_n92801,GroundV2,ART1_LOOP_DEV,B,True,True,98,2.5000000000000053,3.7499999999999996,-3.1415926535897913,forward,False,0a024b8ba91431fcececf17c7c55fa57469045916b72356f5c5192f9d646a06d,forward,11.25
ground_LOOP_B_b160_n92801,GroundV2,ART1_LOOP_DEV,B,True,True,99,2.2500000000000053,3.749999999999999,-3.1415926535897913,forward,False,ac1322f9c2117190d862b93974183da0ef0ad92f9df63230d2cfac16abcfcc58,forward,11.5
ground_LOOP_B_b160_n92801,GroundV2,ART1_LOOP_DEV,B,True,True,100,2.0000000000000053,3.7499999999999987,-3.1415926535897913,forward,False,1ef9ae151f6f0b3f7a358776329cc46f9cdfdd6b7e164ba447e8b4a457e203ce,forward,11.75
ground_LOOP_B_b160_n92801,GroundV2,ART1_LOOP_DEV,B,True,True,101,1.7500000000000053,3.7499999999999982,-3.1415926535897913,forward,False,ab4c6c2e2fde30131a7a05722bce6baae66eca2fee8e0c793c47cc1a78e7b419,forward,12.0
ground_LOOP_B_b160_n92801,GroundV2,ART1_LOOP_DEV,B,True,True,102,1.5000000000000053,3.749999999999998,-3.1415926535897913,forward,False,d39f65380f2eed48025cc5fe54173a1c3d47815381caa1c0cc29f5a1d7444e77,forward,12.25
ground_LOOP_B_b160_n92801,GroundV2,ART1_LOOP_DEV,B,True,True,103,1.2500000000000053,3.7499999999999973,-3.1415926535897913,forward,False,7227b63c0939e117e45fb36f44209e8d429bc75ffbe21a89a061562dfbebeef8,forward,12.5
ground_LOOP_B_b160_n92801,GroundV2,ART1_LOOP_DEV,B,True,True,104,1.0000000000000053,3.749999999999997,-3.1415926535897913,forward,False,2cc30d1fd3967700389959ec94e9b0d5e4c9807c544f8b529057adbf348f52fb,forward,12.75
ground_LOOP_B_b160_n92801,GroundV2,ART1_LOOP_DEV,B,True,True,105,0.7500000000000053,3.7499999999999964,-3.1415926535897913,forward,False,8c34930bec2119d09d6f107e0e0ae3bb5c68073c818eab809fa906947cb5714e,right,13.0
ground_LOOP_B_b160_n92801,GroundV2,ART1_LOOP_DEV,B,True,True,106,0.7500000000000053,3.7499999999999964,2.6179938779914966,turn_right,False,b3a26fa8aec81d0a3c1eb7afc566e6dcaafcce7916fba500f6e5ca137aa0843c,right,13.0
ground_LOOP_B_b160_n92801,GroundV2,ART1_LOOP_DEV,B,True,True,107,0.7500000000000053,3.7499999999999964,2.0943951023931984,turn_right,False,53bfe00ac4db8c10bad8dca22c26dd7d39c732e62758760e15d189c05d5e3d83,right,13.0
ground_LOOP_B_b160_n92801,GroundV2,ART1_LOOP_DEV,B,True,True,108,0.7500000000000053,3.7499999999999964,1.5707963267949,turn_right,False,6a939cb2ea33027bda77366e2a493a169fdae2a65d00951c2fb326c1a0223d12,forward,13.0
ground_LOOP_B_b160_n92801,GroundV2,ART1_LOOP_DEV,B,True,True,109,0.7500000000000044,3.9999999999999964,1.5707963267949,forward,False,697b8cf95909dbb6932a68ae90929a16d8ef9d8e6b6cfa48fe5f39c0dd713bf9,forward,13.25
ground_LOOP_B_b160_n92801,GroundV2,ART1_LOOP_DEV,B,True,True,110,0.7500000000000036,4.2499999999999964,1.5707963267949,forward,False,d42889135e9d58d24c2fc4b0b979cd91cf8ba7ebd180c120fd1b78dbad0402dd,forward,13.5
ground_LOOP_B_b160_n92801,GroundV2,ART1_LOOP_DEV,B,True,True,111,0.7500000000000027,4.4999999999999964,1.5707963267949,forward,False,8727c86caf579a7ce1cfb5d68a645567f04992d9540857e5cf0babfc15772b69,forward,13.75
ground_LOOP_B_b160_n92801,GroundV2,ART1_LOOP_DEV,B,True,True,112,0.7500000000000018,4.7499999999999964,1.5707963267949,forward,False,653601fae2de91c7be84b5ed5cb1327758d194f1e2ee59cf3c7dcae3ae26182d,right,14.0
ground_LOOP_B_b160_n92801,GroundV2,ART1_LOOP_DEV,B,True,True,113,0.7500000000000018,4.7499999999999964,1.0471975511966019,turn_right,False,9d00c76c8b7058ac204501dfea5ff3144c30aceae4c791fd045b22c03c17248a,right,14.0
ground_LOOP_B_b160_n92801,GroundV2,ART1_LOOP_DEV,B,True,True,114,0.7500000000000018,4.7499999999999964,0.5235987755983031,turn_right,False,9c2b051865b1fdb981b90952c3c67c535543e29b767dfbe60e6a95f5acc0ccb6,observe,14.0
ground_LOOP_B_b160_n92801,GroundV2,ART1_LOOP_DEV,B,True,True,115,0.7500000000000018,4.7499999999999964,0.5235987755983031,observe,False,8404ce64bc515ee0a2ca59a29c7040ff7988aa779f0a9e97921ac9d8fb2b2886,right,14.0
ground_LOOP_B_b160_n92801,GroundV2,ART1_LOOP_DEV,B,True,True,116,0.7500000000000018,4.7499999999999964,4.440892098500626e-15,turn_right,False,ae13ff7d2d71567f0ff1190ee6f50c723611872d06f17e20babdfb4dff43b175,right,14.0
ground_LOOP_B_b160_n92801,GroundV2,ART1_LOOP_DEV,B,True,True,117,0.7500000000000018,4.7499999999999964,-0.5235987755982943,turn_right,False,018f5bad74965b224e644bcff1412e4aaeab4c7fefd7c01681e92b1e5148a019,right,14.0
ground_LOOP_B_b160_n92801,GroundV2,ART1_LOOP_DEV,B,True,True,118,0.7500000000000018,4.7499999999999964,-1.047197551196593,turn_right,False,a7f7746cb8f8ab164066315a99c9944024987cabb660e040472ad2921d07ba2e,right,14.0
ground_LOOP_B_b160_n92801,GroundV2,ART1_LOOP_DEV,B,True,True,119,0.7500000000000018,4.7499999999999964,-1.5707963267948917,turn_right,False,91f4ab492436a0344e6e29e215360a159e8cb1653a323ad05ec52314a014c82a,forward,14.0
ground_LOOP_B_b160_n92801,GroundV2,ART1_LOOP_DEV,B,True,True,120,0.750000000000003,4.4999999999999964,-1.5707963267948917,forward,False,78a477b324c8c9be36d128c69c8def49ce3e83f4cccc1dc23d070efcaf07c77f,forward,14.25
ground_LOOP_B_b160_n92801,GroundV2,ART1_LOOP_DEV,B,True,True,121,0.7500000000000042,4.2499999999999964,-1.5707963267948917,forward,False,05f40b07911e62ffdc054f896a26218c2a4019a8ab52fb79954c9f12a5ab2ea6,forward,14.5
ground_LOOP_B_b160_n92801,GroundV2,ART1_LOOP_DEV,B,True,True,122,0.7500000000000054,3.9999999999999964,-1.5707963267948917,forward,False,7383c9a867083e1e7011ef36c892aa27f3e9c9796278b175d3e91339a0c1517d,forward,14.75
ground_LOOP_B_b160_n92801,GroundV2,ART1_LOOP_DEV,B,True,True,123,0.7500000000000067,3.7499999999999964,-1.5707963267948917,forward,False,f0a1686181bc3c2027865b09faea685d1843ee73de11ed36e1064e1511b984f3,forward,15.0
ground_LOOP_B_b160_n92801,GroundV2,ART1_LOOP_DEV,B,True,True,124,0.7500000000000079,3.4999999999999964,-1.5707963267948917,forward,False,6c6ea614ba11239cf10c4429faa0f53aa51424d7a10650977bb3533ff244bbcc,forward,15.25
ground_LOOP_B_b160_n92801,GroundV2,ART1_LOOP_DEV,B,True,True,125,0.7500000000000091,3.2499999999999964,-1.5707963267948917,forward,False,5356fdf4a25c2df4c81aea34bc03976506b2f34283f15a4ca1d24bf9f45d1f2f,forward,15.5
ground_LOOP_B_b160_n92801,GroundV2,ART1_LOOP_DEV,B,True,True,126,0.7500000000000103,2.9999999999999964,-1.5707963267948917,forward,False,4dfa418dfe9f299fa50245c615767e27955c2d78b281e1f9fb6d77b69c178a00,forward,15.75
ground_LOOP_B_b160_n92801,GroundV2,ART1_LOOP_DEV,B,True,True,127,0.7500000000000115,2.7499999999999964,-1.5707963267948917,forward,False,a80a921c4c8901cca7dc15aa358c9d940caa6ca067092bb6c953525b217661e1,forward,16.0
ground_LOOP_B_b160_n92801,GroundV2,ART1_LOOP_DEV,B,True,True,128,0.7500000000000128,2.4999999999999964,-1.5707963267948917,forward,False,56f876ef0a2e80f8c0203e2f885e186efc3c44ed4289134b88e800044c4ca465,forward,16.25
ground_LOOP_B_b160_n92801,GroundV2,ART1_LOOP_DEV,B,True,True,129,0.750000000000014,2.2499999999999964,-1.5707963267948917,forward,False,47e4da159a05aeae0a818b6bc6b76fd68dad32d6721037d9e4e6b38169d9db94,forward,16.5
ground_LOOP_B_b160_n92801,GroundV2,ART1_LOOP_DEV,B,True,True,130,0.7500000000000152,1.9999999999999964,-1.5707963267948917,forward,False,860e1ab9f17fffb6b4f10f8c27cf8503a49aecd82f4bafbf218548c178e5a017,forward,16.75
ground_LOOP_B_b160_n92801,GroundV2,ART1_LOOP_DEV,B,True,True,131,0.7500000000000164,1.7499999999999964,-1.5707963267948917,forward,False,eeb2cefe41406ce15a2f1510c6bff059f1f6bea8f3febd4897108d4eb622f117,left,17.0
ground_LOOP_B_b160_n92801,GroundV2,ART1_LOOP_DEV,B,True,True,132,0.7500000000000164,1.7499999999999964,-1.047197551196593,turn_left,False,a91521e22cfbc513edf56397bcb1ee3536037b97878ed5bc045c943f4e19b2e1,left,17.0
ground_LOOP_B_b160_n92801,GroundV2,ART1_LOOP_DEV,B,True,True,133,0.7500000000000164,1.7499999999999964,-0.5235987755982943,turn_left,False,d707d2e627bcbe68372f7c7187717a107923160ebd22f7af650395fdd21aa264,left,17.0
ground_LOOP_B_b160_n92801,GroundV2,ART1_LOOP_DEV,B,True,True,134,0.7500000000000164,1.7499999999999964,4.440892098500626e-15,turn_left,False,100355c0b257c61ba135fc628f76119f23bf63a5b1b1039f42687f0a08388ad4,left,17.0
ground_LOOP_B_b160_n92801,GroundV2,ART1_LOOP_DEV,B,True,True,135,0.7500000000000164,1.7499999999999964,0.5235987755983031,turn_left,False,b48424267b29304d67dbd46094cdeb46a0830fb721719616c1108423c2ee4f2f,left,17.0
ground_LOOP_B_b160_n92801,GroundV2,ART1_LOOP_DEV,B,True,True,136,0.7500000000000164,1.7499999999999964,1.0471975511966019,turn_left,False,3fd23d2b85230768acba04a81ebfad8fca19117833e1b1d48bdd7002dd2fa497,observe,17.0
ground_LOOP_B_b160_n92801,GroundV2,ART1_LOOP_DEV,B,True,True,137,0.7500000000000164,1.7499999999999964,1.0471975511966019,observe,False,b5f952ce2312bfecab5b2d34bfe727945bbd1b1e3f245e381e5ec40f83599fc8,left,17.0
ground_LOOP_B_b160_n92801,GroundV2,ART1_LOOP_DEV,B,True,True,138,0.7500000000000164,1.7499999999999964,1.5707963267949,turn_left,False,a91daed3e1c36dcee8b548310f45f47dd2f35c4665d0f5d3eaeac342b7998723,forward,17.0
ground_LOOP_B_b160_n92801,GroundV2,ART1_LOOP_DEV,B,True,True,139,0.7500000000000155,1.9999999999999964,1.5707963267949,forward,False,e466fc1f2ccb8f0915da1d2d9e2e32b47c530bc5c0a79e6e50b02eab9bf8d237,forward,17.25
ground_LOOP_B_b160_n92801,GroundV2,ART1_LOOP_DEV,B,True,True,140,0.7500000000000147,2.2499999999999964,1.5707963267949,forward,False,94397dcc2d2bb1ee1bd26d9627a9aa7faf5149bb86747f1a14f7def09fc24620,forward,17.5
ground_LOOP_B_b160_n92801,GroundV2,ART1_LOOP_DEV,B,True,True,141,0.7500000000000138,2.4999999999999964,1.5707963267949,forward,False,0a45543a60e631c79bc2a6c630ba4104bfbf9dceff0e85907391437daa5e2adb,forward,17.75
ground_LOOP_B_b160_n92801,GroundV2,ART1_LOOP_DEV,B,True,True,142,0.7500000000000129,2.7499999999999964,1.5707963267949,forward,False,592f29f15d3dd5c881014f80286a00ba428617e54d63c79517c674a1c50748d2,right,18.0
ground_LOOP_B_b160_n92801,GroundV2,ART1_LOOP_DEV,B,True,True,143,0.7500000000000129,2.7499999999999964,1.0471975511966019,turn_right,False,d727f8eb5928f7853829b3e134d74bf7d31b78542cafb3d2df6e9bd6cd4516f0,observe,18.0
ground_LOOP_B_b160_n92801,GroundV2,ART1_LOOP_DEV,B,True,True,144,0.7500000000000129,2.7499999999999964,1.0471975511966019,observe,False,395e77344c09d68371e40186a96a0c70df39bad2ec86832a05634b62e454148a,right,18.0
ground_LOOP_B_b160_n92801,GroundV2,ART1_LOOP_DEV,B,True,True,145,0.7500000000000129,2.7499999999999964,0.5235987755983031,turn_right,False,5711d8b4da0b6006e09ae7b6efcc2e85ac3261879f13ad50cdf27d087764f9e5,right,18.0
ground_LOOP_B_b160_n92801,GroundV2,ART1_LOOP_DEV,B,True,True,146,0.7500000000000129,2.7499999999999964,4.440892098500626e-15,turn_right,False,626c6308d7a0548878063b90f631d0b2b5382d3de57fe9b19f17eb35ec1643e8,right,18.0
ground_LOOP_B_b160_n92801,GroundV2,ART1_LOOP_DEV,B,True,True,147,0.7500000000000129,2.7499999999999964,-0.5235987755982943,turn_right,False,721befb1077f9c585d6f4b38e1e039f41c6e80eb36c339b3ab9bf2b60ca4d8ba,right,18.0
ground_LOOP_B_b160_n92801,GroundV2,ART1_LOOP_DEV,B,True,True,148,0.7500000000000129,2.7499999999999964,-1.047197551196593,turn_right,False,7e1cdd39e8387a3f90b69f71bedc123eaae49f4249a2fe0cbd5ff8a05d3c8ac1,right,18.0
ground_LOOP_B_b160_n92801,GroundV2,ART1_LOOP_DEV,B,True,True,149,0.7500000000000129,2.7499999999999964,-1.5707963267948917,turn_right,False,a8d5444af17bb517ac9b1847f669afee48023899a05c1ea255edbf30facc0d15,forward,18.0
ground_LOOP_B_b160_n92801,GroundV2,ART1_LOOP_DEV,B,True,True,150,0.7500000000000141,2.4999999999999964,-1.5707963267948917,forward,False,06c5eeb723a3833b695abfbcaf418cbd36505d2fc557199a4d665b9b9aa2fefa,forward,18.25
ground_LOOP_B_b160_n92801,GroundV2,ART1_LOOP_DEV,B,True,True,151,0.7500000000000153,2.2499999999999964,-1.5707963267948917,forward,False,952e08ef9ba1ce62defd33d66403174d77a37c761f4946e6a6ff5473cafae70c,forward,18.5
ground_LOOP_B_b160_n92801,GroundV2,ART1_LOOP_DEV,B,True,True,152,0.7500000000000165,1.9999999999999964,-1.5707963267948917,forward,False,44eed2caeb1f53e5312aad1f50fe98b25afe17e9cccf2b4f29aa7ef9ba228d5e,forward,18.75
ground_LOOP_B_b160_n92801,GroundV2,ART1_LOOP_DEV,B,True,True,153,0.7500000000000178,1.7499999999999964,-1.5707963267948917,forward,False,e497c9a982d57178eebc2af4e5387d2f0c6ae199232337d47874bcfcb751bff1,forward,19.0
ground_LOOP_B_b160_n92801,GroundV2,ART1_LOOP_DEV,B,True,True,154,0.750000000000019,1.4999999999999964,-1.5707963267948917,forward,False,6822a61e41cbc5abe4116b61beeda88883051232e7b3fe6bf8f5b170735847d1,forward,19.25
ground_LOOP_B_b160_n92801,GroundV2,ART1_LOOP_DEV,B,True,True,155,0.7500000000000202,1.2499999999999964,-1.5707963267948917,forward,False,532c693055697e169d261baf818c1207dc5251ba6192218c6ab181a90003c88f,forward,19.5
ground_LOOP_B_b160_n92801,GroundV2,ART1_LOOP_DEV,B,True,True,156,0.7500000000000214,0.9999999999999964,-1.5707963267948917,forward,False,d0516c06e689006bccab9531ca9373254328bcb8c61973de3865fd2d747d0ffc,forward,19.75
ground_LOOP_B_b160_n92801,GroundV2,ART1_LOOP_DEV,B,True,True,157,0.7500000000000226,0.7499999999999964,-1.5707963267948917,forward,False,6ff836beba104db7d68738bd7ec172a6562dee63b8398084e947d73a7fdbb7cc,left,20.0
ground_LOOP_B_b160_n92801,GroundV2,ART1_LOOP_DEV,B,True,True,158,0.7500000000000226,0.7499999999999964,-1.047197551196593,turn_left,False,63395dff45aaf9c9986f64b964494b940196640c3c33897b5d5dc494d64f9a0d,left,20.0
ground_LOOP_B_b160_n92801,GroundV2,ART1_LOOP_DEV,B,True,True,159,0.7500000000000226,0.7499999999999964,-0.5235987755982943,turn_left,False,233f346345792aad7d4ee96af455f2b084eb0faa82c246e644e93c2c81716707,left,20.0
ground_LOOP_B_b160_n92801,GroundV2,ART1_LOOP_DEV,B,True,True,160,0.7500000000000226,0.7499999999999964,4.440892098500626e-15,turn_left,False,0802a0624ec0c0d0a1d7b8989d2adfba70884c30fb647a0e3aabf4804dff3f64,stop,20.0
ground_LOOP_G_b160_n92801,GroundV2,ART1_LOOP_DEV,G,True,True,0,0.75,0.75,0.0,initial_observation,False,389619bfb3bf0521752cf49b531e5d328c69d43da5c040ca0278f4834e64df80,left,0.0
ground_LOOP_G_b160_n92801,GroundV2,ART1_LOOP_DEV,G,True,True,1,0.75,0.75,0.5235987755982987,turn_left,False,17962cca5301d39c1cf02d73798c469674758f368166199ef27036d1eec901d8,left,0.0
ground_LOOP_G_b160_n92801,GroundV2,ART1_LOOP_DEV,G,True,True,2,0.75,0.75,1.0471975511965974,turn_left,False,558ee319b7dab6071f916c6db6b17ffbd21e3ce6b1a7abf4b5292457a931ffb8,left,0.0
ground_LOOP_G_b160_n92801,GroundV2,ART1_LOOP_DEV,G,True,True,3,0.75,0.75,1.5707963267948966,turn_left,False,6f17c79e380fb2fe4bb76a8e4bc48ad0f5f4c456e9a55bec0362fe053477104d,forward,0.0
ground_LOOP_G_b160_n92801,GroundV2,ART1_LOOP_DEV,G,True,True,4,0.75,1.0,1.5707963267948966,forward,False,1a077a1d344591589fc5580973f8fd028b86c55b1141ce73972e336d065c4260,forward,0.25
ground_LOOP_G_b160_n92801,GroundV2,ART1_LOOP_DEV,G,True,True,5,0.75,1.25,1.5707963267948966,forward,False,603b8b56e885955c15c513904ed0ae92cf96d783eee67cdd7f581e12e11fd462,forward,0.5
ground_LOOP_G_b160_n92801,GroundV2,ART1_LOOP_DEV,G,True,True,6,0.75,1.5,1.5707963267948966,forward,False,0b9e193062a4b0106d8c08a704a29e00eddcc934b8c6448d6ceabb745225aa89,forward,0.75
ground_LOOP_G_b160_n92801,GroundV2,ART1_LOOP_DEV,G,True,True,7,0.75,1.75,1.5707963267948966,forward,False,4aab4438bd81beb8bf07bc343cda36ea0a79ed4f73276f289b6523ec69941d07,forward,1.0
ground_LOOP_G_b160_n92801,GroundV2,ART1_LOOP_DEV,G,True,True,8,0.75,2.0,1.5707963267948966,forward,False,ab3b3588fcee933e0095a2eb95c576c759c8a756345c5e382b27ea1db9e76c22,forward,1.25
ground_LOOP_G_b160_n92801,GroundV2,ART1_LOOP_DEV,G,True,True,9,0.75,2.25,1.5707963267948966,forward,False,973b2307c19998429e8cf94c76c57407b465e13426239f38d1adde8255e6a60d,forward,1.5
ground_LOOP_G_b160_n92801,GroundV2,ART1_LOOP_DEV,G,True,True,10,0.75,2.5,1.5707963267948966,forward,False,50e86f524f18a7b60d09c7ccee8703f14887c05cedcdc2c92045eee6c0c9d256,forward,1.75
ground_LOOP_G_b160_n92801,GroundV2,ART1_LOOP_DEV,G,True,True,11,0.75,2.75,1.5707963267948966,forward,False,757c51d961141fa8a89325fa75f65f3613f3201070fd3c1899722ffd25604888,forward,2.0
ground_LOOP_G_b160_n92801,GroundV2,ART1_LOOP_DEV,G,True,True,12,0.75,3.0,1.5707963267948966,forward,False,5cdb847ad128255faf692c8599001d5b1f56591894f7e4cf22d3948a4d93c570,forward,2.25
ground_LOOP_G_b160_n92801,GroundV2,ART1_LOOP_DEV,G,True,True,13,0.75,3.25,1.5707963267948966,forward,False,8ab2a0864f4aaccd83aa93c3d525f4702d2e96f5ed0693c913cfe9ba2c37b040,forward,2.5
ground_LOOP_G_b160_n92801,GroundV2,ART1_LOOP_DEV,G,True,True,14,0.75,3.5,1.5707963267948966,forward,False,50a37aa543bf4899f0a783916a11bacd9b205d4caf57c3d6d742d50c553c8455,forward,2.75
ground_LOOP_G_b160_n92801,GroundV2,ART1_LOOP_DEV,G,True,True,15,0.75,3.75,1.5707963267948966,forward,False,0c497d4acb6437ac0d5ae8aec39f7e914b97823fe6d46617943e70fd6b20ddfa,right,3.0
ground_LOOP_G_b160_n92801,GroundV2,ART1_LOOP_DEV,G,True,True,16,0.75,3.75,1.0471975511965983,turn_right,False,8210dc07b79c2b458492171e4e40edc2d6ca28d970d01edf28fa99d2040bc66a,observe,3.0
ground_LOOP_G_b160_n92801,GroundV2,ART1_LOOP_DEV,G,True,True,17,0.75,3.75,1.0471975511965983,observe,False,5c09b9662f8842986dcb9a1cd1f5af18388bb725afa1cdb8fefc018cc4c8d07d,right,3.0
ground_LOOP_G_b160_n92801,GroundV2,ART1_LOOP_DEV,G,True,True,18,0.75,3.75,0.5235987755982996,turn_right,False,81c05ec64bd403c3441944b783e2f447aa0478966ccbcb2329c3f7e52d8e5e35,right,3.0
ground_LOOP_G_b160_n92801,GroundV2,ART1_LOOP_DEV,G,True,True,19,0.75,3.75,8.881784197001252e-16,turn_right,False,24e3894b63c0f566c786eb48a97bffff203de152473204b038d40ca89e2cf5c6,observe,3.0
ground_LOOP_G_b160_n92801,GroundV2,ART1_LOOP_DEV,G,True,True,20,0.75,3.75,8.881784197001252e-16,observe,False,057c3ba566ca3124d535225393ff02f5c86b7593a8aa137116fe6254ec1c58b5,left,3.0
ground_LOOP_G_b160_n92801,GroundV2,ART1_LOOP_DEV,G,True,True,21,0.75,3.75,0.5235987755982996,turn_left,False,69c1cf773299b7ec955fce4a6eb043663a894ebd6ab3560eec5bf0384cfca258,left,3.0
ground_LOOP_G_b160_n92801,GroundV2,ART1_LOOP_DEV,G,True,True,22,0.75,3.75,1.0471975511965983,turn_left,False,723265b958ab3a65293b107e5830ef2c768274ce9613ef27331f60fddd45c421,left,3.0
ground_LOOP_G_b160_n92801,GroundV2,ART1_LOOP_DEV,G,True,True,23,0.75,3.75,1.5707963267948966,turn_left,False,6ea7ac14a71b616ea4daa4a497874a529c12de5c1917f859eb1faba1ecd0b0ca,forward,3.0
ground_LOOP_G_b160_n92801,GroundV2,ART1_LOOP_DEV,G,True,True,24,0.75,4.0,1.5707963267948966,forward,False,dc95a7131e5739aad82e4b39c620815f5ee4c98d58868d9941e400e24d420b3a,forward,3.25
ground_LOOP_G_b160_n92801,GroundV2,ART1_LOOP_DEV,G,True,True,25,0.75,4.25,1.5707963267948966,forward,False,e7de7a0bd04ef2ec8cb6cab1db8cc6e2842944d290e91e13343b83ee995fbb6c,forward,3.5
ground_LOOP_G_b160_n92801,GroundV2,ART1_LOOP_DEV,G,True,True,26,0.75,4.5,1.5707963267948966,forward,False,799808a575b6d92459f63f48d2ca0dea11c7e2d1ea41d48b4b926a8f66584d19,forward,3.75
ground_LOOP_G_b160_n92801,GroundV2,ART1_LOOP_DEV,G,True,True,27,0.75,4.75,1.5707963267948966,forward,False,26bbd8f4163a928887df0262eb38aeb700edc89932bbe933d29635559f699016,forward,4.0
ground_LOOP_G_b160_n92801,GroundV2,ART1_LOOP_DEV,G,True,True,28,0.75,5.0,1.5707963267948966,forward,False,a39cb16110b4d766ad38256fddafebb7e1d64ee30aeb423d84692a697f23777d,forward,4.25
ground_LOOP_G_b160_n92801,GroundV2,ART1_LOOP_DEV,G,True,True,29,0.75,5.25,1.5707963267948966,forward,False,fe55fac9a07a7fdfb45a508b6c51b7bbb3989e0619b62ecfea2b497a8b48ab77,forward,4.5
ground_LOOP_G_b160_n92801,GroundV2,ART1_LOOP_DEV,G,True,True,30,0.75,5.5,1.5707963267948966,forward,False,9f56f76ee7332de0ea82640d67e8a68e9714e0b363417818daa29aaf1c70d5e2,forward,4.75
ground_LOOP_G_b160_n92801,GroundV2,ART1_LOOP_DEV,G,True,True,31,0.75,5.75,1.5707963267948966,forward,False,026a5ed415d96b1d70ac8aad89e4578d2184ccc980e06134c4305edefcbaf10b,right,5.0
ground_LOOP_G_b160_n92801,GroundV2,ART1_LOOP_DEV,G,True,True,32,0.75,5.75,1.0471975511965983,turn_right,False,760ccd5865ea579f4cfe9b78099442ece636c3cc6c0936ccd6d9fde4d561a6db,right,5.0
ground_LOOP_G_b160_n92801,GroundV2,ART1_LOOP_DEV,G,True,True,33,0.75,5.75,0.5235987755982996,turn_right,False,33cb5016bb07ca55d960d47073864ea05a0b36b026c18430bda1f7aa9be879a2,right,5.0
ground_LOOP_G_b160_n92801,GroundV2,ART1_LOOP_DEV,G,True,True,34,0.75,5.75,8.881784197001252e-16,turn_right,False,5120fed463d50ea87932f5bc9bec2663722e20d11b84f21d318f5aa6772f4293,observe,5.0
ground_LOOP_G_b160_n92801,GroundV2,ART1_LOOP_DEV,G,True,True,35,0.75,5.75,8.881784197001252e-16,observe,False,9a348017c871aca330c2a3abba65d7ac1f444109c2d4a392b94f24d6c8957516,right,5.0
ground_LOOP_G_b160_n92801,GroundV2,ART1_LOOP_DEV,G,True,True,36,0.75,5.75,-0.5235987755982978,turn_right,False,b2085b00299b012300208d0c81972da26752e134ed308daa2aebbfd2f15880ee,right,5.0
ground_LOOP_G_b160_n92801,GroundV2,ART1_LOOP_DEV,G,True,True,37,0.75,5.75,-1.0471975511965965,turn_right,False,0e8b02bb79f9d17c6bc1566f0c5292405608851e675131cfe9470773d07d5807,right,5.0
ground_LOOP_G_b160_n92801,GroundV2,ART1_LOOP_DEV,G,True,True,38,0.75,5.75,-1.5707963267948952,turn_right,False,86ecd78d8c52310e35ff4e36bf73cea3b12acc6a8115288a04315ae09af53d13,observe,5.0
ground_LOOP_G_b160_n92801,GroundV2,ART1_LOOP_DEV,G,True,True,39,0.75,5.75,-1.5707963267948952,observe,False,922a9e9ff2c8c80462cf5c9c67c4725d7f52adc0cac8cc2204f595fbb6e1aa5d,left,5.0
ground_LOOP_G_b160_n92801,GroundV2,ART1_LOOP_DEV,G,True,True,40,0.75,5.75,-1.0471975511965965,turn_left,False,5fa2f07bb19dd44c72e93c20570d9ea7ec228a9aaba63ced94d3bf052201b93b,left,5.0
ground_LOOP_G_b160_n92801,GroundV2,ART1_LOOP_DEV,G,True,True,41,0.75,5.75,-0.5235987755982978,turn_left,False,2b39323fbb597977b5993f7e1d665f245a2c9825f61dd29dc702f633964ac79b,left,5.0
ground_LOOP_G_b160_n92801,GroundV2,ART1_LOOP_DEV,G,True,True,42,0.75,5.75,8.881784197001252e-16,turn_left,False,ad99ad4e524eac3351b61f0bea796d2156a53ad339c6842d86fbcb2f3b9c72b5,left,5.0
ground_LOOP_G_b160_n92801,GroundV2,ART1_LOOP_DEV,G,True,True,43,0.75,5.75,0.5235987755982996,turn_left,False,4007ca0124bbe44a65eebb0d8ca8a492433f2fc41e283182d991de68920b53f5,left,5.0
ground_LOOP_G_b160_n92801,GroundV2,ART1_LOOP_DEV,G,True,True,44,0.75,5.75,1.0471975511965983,turn_left,False,db5edfa7658b7614777bd3962c7eb3c93545ec4d440c238a14fd6f8dc6b35a4f,left,5.0
ground_LOOP_G_b160_n92801,GroundV2,ART1_LOOP_DEV,G,True,True,45,0.75,5.75,1.5707963267948966,turn_left,False,0a58a99e9873f16b9cf44eb489b08de0cb9c701f8f35b9ae9ea85ecadac2313b,forward,5.0
ground_LOOP_G_b160_n92801,GroundV2,ART1_LOOP_DEV,G,True,True,46,0.75,6.0,1.5707963267948966,forward,False,88eeff8ade27aff25b817b848e890b30f7ade4203a4119dfcac3cca75a7d520e,forward,5.25
ground_LOOP_G_b160_n92801,GroundV2,ART1_LOOP_DEV,G,True,True,47,0.75,6.25,1.5707963267948966,forward,False,b56c6a1cbe78e30ef17bfa3bb028f59b7169d538f5acd47d52d917bce984b4e8,forward,5.5
ground_LOOP_G_b160_n92801,GroundV2,ART1_LOOP_DEV,G,True,True,48,0.75,6.5,1.5707963267948966,forward,False,524630bcf996315886a7a85bc897cce25e5fd2845590323d71892076d8daceeb,forward,5.75
ground_LOOP_G_b160_n92801,GroundV2,ART1_LOOP_DEV,G,True,True,49,0.75,6.75,1.5707963267948966,forward,False,fb72e6ece0c7b60620f172e1a40a29f764e7cbaff612db282a49ec3f712fdc06,right,6.0
ground_LOOP_G_b160_n92801,GroundV2,ART1_LOOP_DEV,G,True,True,50,0.75,6.75,1.0471975511965983,turn_right,False,8864369a98b419e1c0912075fff599e96e88d41912faecf759de0e3f8edcb4f1,right,6.0
ground_LOOP_G_b160_n92801,GroundV2,ART1_LOOP_DEV,G,True,True,51,0.75,6.75,0.5235987755982996,turn_right,False,b7ed7be46abdec83536b931a2690c2854ebd3edd26fd3062fde7d445c92161b3,right,6.0
ground_LOOP_G_b160_n92801,GroundV2,ART1_LOOP_DEV,G,True,True,52,0.75,6.75,8.881784197001252e-16,turn_right,False,bcf42250cf5388e53072c7de1b2de7ff86e47ccf97f10329756df166be564c5a,right,6.0
ground_LOOP_G_b160_n92801,GroundV2,ART1_LOOP_DEV,G,True,True,53,0.75,6.75,-0.5235987755982978,turn_right,False,8de22e1eaf0642d1a741251f8fa7ddb63b73a94e0e30b7b6375a96754d357e16,right,6.0
ground_LOOP_G_b160_n92801,GroundV2,ART1_LOOP_DEV,G,True,True,54,0.75,6.75,-1.0471975511965965,turn_right,False,ad4274b86dd9369915b6694f1c5e5cfb86f32c8dc130024fe959d352b7eb8c8b,observe,6.0
ground_LOOP_G_b160_n92801,GroundV2,ART1_LOOP_DEV,G,True,True,55,0.75,6.75,-1.0471975511965965,observe,False,d179a1573364e2c3acfb6d69d75c5eea32b7e76f0a9cd0aa9b7a658f64dee812,left,6.0
ground_LOOP_G_b160_n92801,GroundV2,ART1_LOOP_DEV,G,True,True,56,0.75,6.75,-0.5235987755982978,turn_left,False,7de93c090accd72eba13bb8e711dd3ce6f7fad1203b9ef199cb88acd69257f3d,left,6.0
ground_LOOP_G_b160_n92801,GroundV2,ART1_LOOP_DEV,G,True,True,57,0.75,6.75,8.881784197001252e-16,turn_left,False,3131f2d36a2b462412eef6de82d98c8924847eb49846573dc05454f77cbeb6ee,forward,6.0
ground_LOOP_G_b160_n92801,GroundV2,ART1_LOOP_DEV,G,True,True,58,1.0,6.75,8.881784197001252e-16,forward,False,08bd2ba4728671b2119035a7ff51c8736b4d1ab0939bda78af5871e3fe4795d1,forward,6.25
ground_LOOP_G_b160_n92801,GroundV2,ART1_LOOP_DEV,G,True,True,59,1.25,6.75,8.881784197001252e-16,forward,False,4df74b9d35daf249add23d33830cbfe770fe8f34a76b3f888b6501c6bfb427fd,forward,6.5
ground_LOOP_G_b160_n92801,GroundV2,ART1_LOOP_DEV,G,True,True,60,1.5,6.75,8.881784197001252e-16,forward,False,5301ba005890235c07f5d41db99da52c9072a7a062fa82d6b148a67d95141c96,forward,6.75
ground_LOOP_G_b160_n92801,GroundV2,ART1_LOOP_DEV,G,True,True,61,1.75,6.75,8.881784197001252e-16,forward,False,9f4796d0a4c71938821a1c3f394adff2350f9146b4168b243bfdfff86aa07c7e,right,7.0
ground_LOOP_G_b160_n92801,GroundV2,ART1_LOOP_DEV,G,True,True,62,1.75,6.75,-0.5235987755982978,turn_right,False,a4bdcfeee034d7be16fc2d717f4dc218e3e4a8a0ee08e1f2b278d8bfa95ece69,observe,7.0
ground_LOOP_G_b160_n92801,GroundV2,ART1_LOOP_DEV,G,True,True,63,1.75,6.75,-0.5235987755982978,observe,False,692a2aa61b30c0831e18a5e46c7d8e0bc4c27257e7c79ac09e004df233fb9d7e,left,7.0
ground_LOOP_G_b160_n92801,GroundV2,ART1_LOOP_DEV,G,True,True,64,1.75,6.75,8.881784197001252e-16,turn_left,False,5a4c68865ead05f23b8a9d3238111def9f66573c3ccfae1922f8d1ba6d5e2b41,forward,7.0
ground_LOOP_G_b160_n92801,GroundV2,ART1_LOOP_DEV,G,True,True,65,2.0,6.75,8.881784197001252e-16,forward,False,4360ad3fb5f0bde8fabf3e5077e5e8594959ecfebebd1fda171ebe562ca3f751,forward,7.25
ground_LOOP_G_b160_n92801,GroundV2,ART1_LOOP_DEV,G,True,True,66,2.25,6.75,8.881784197001252e-16,forward,False,bb48c4fb8b2ce4ae9843fec8f8b95c581638f087b373c08b0b0485bde2251449,forward,7.5
ground_LOOP_G_b160_n92801,GroundV2,ART1_LOOP_DEV,G,True,True,67,2.5,6.75,8.881784197001252e-16,forward,False,079d4b8bc8e8f51435362b6e638f0a62cacba6dc4e08c7414d64f193164f92fd,forward,7.75
ground_LOOP_G_b160_n92801,GroundV2,ART1_LOOP_DEV,G,True,True,68,2.75,6.75,8.881784197001252e-16,forward,False,f9da2c981d0957659a1e68d0483f0e30c7288b88920ddaefc9acc9f6ec106fba,right,8.0
ground_LOOP_G_b160_n92801,GroundV2,ART1_LOOP_DEV,G,True,True,69,2.75,6.75,-0.5235987755982978,turn_right,False,3c3ae52efeeece686b0f90710004a9748bb897dea68189f0581680db04264a0b,right,8.0
ground_LOOP_G_b160_n92801,GroundV2,ART1_LOOP_DEV,G,True,True,70,2.75,6.75,-1.0471975511965965,turn_right,False,c1dfcb1d32dd688b8b6ddbd822a71c2779916d11a54d704eb64e482ba39fbd6b,right,8.0
ground_LOOP_G_b160_n92801,GroundV2,ART1_LOOP_DEV,G,True,True,71,2.75,6.75,-1.5707963267948952,turn_right,False,65ae8d4b74fe5c2113aba21e75772e006fe0e686efe7a14f42a8d7cc46d16714,forward,8.0
ground_LOOP_G_b160_n92801,GroundV2,ART1_LOOP_DEV,G,True,True,72,2.7500000000000004,6.5,-1.5707963267948952,forward,False,4badecd22318105ec1d96cb537d2535d1ac4f55e626bf1f9c7b273a835f21fa4,forward,8.25
ground_LOOP_G_b160_n92801,GroundV2,ART1_LOOP_DEV,G,True,True,73,2.750000000000001,6.25,-1.5707963267948952,forward,False,e58150d1765b2d7a90d0ba4dffa5e2d94873b2fa17f1abd3c51f25ec80dd2939,forward,8.5
ground_LOOP_G_b160_n92801,GroundV2,ART1_LOOP_DEV,G,True,True,74,2.7500000000000013,6.0,-1.5707963267948952,forward,False,f1d88822e98f617c42c6b90bf0c7461b4361fcb0fc7ebc9bece3ae7e83ffecb9,forward,8.75
ground_LOOP_G_b160_n92801,GroundV2,ART1_LOOP_DEV,G,True,True,75,2.7500000000000018,5.75,-1.5707963267948952,forward,False,7bb58c2b393e2a5537309a366e4c82e41f852bdc0b893ff61075e42837126f30,forward,9.0
ground_LOOP_G_b160_n92801,GroundV2,ART1_LOOP_DEV,G,True,True,76,2.750000000000002,5.5,-1.5707963267948952,forward,False,6b57408bc9ebd98cde68540d4f7c1c19ad0cb319958d66dccef81a0024c566a1,forward,9.25
ground_LOOP_G_b160_n92801,GroundV2,ART1_LOOP_DEV,G,True,True,77,2.7500000000000027,5.25,-1.5707963267948952,forward,False,7377cd170f4246c5f8ecf954f99255a515806e714d61aba1059030bf096511de,forward,9.5
ground_LOOP_G_b160_n92801,GroundV2,ART1_LOOP_DEV,G,True,True,78,2.750000000000003,5.0,-1.5707963267948952,forward,False,ef31d3526445aa1985accd1865ed9382ebada2eeaca77ad87db0d9befc661778,forward,9.75
ground_LOOP_G_b160_n92801,GroundV2,ART1_LOOP_DEV,G,True,True,79,2.7500000000000036,4.75,-1.5707963267948952,forward,False,08a6d4aa617fca4c2f5183b09a25ec429c79afeb5a4c60a5143931f628859ea9,observe,10.0
ground_LOOP_G_b160_n92801,GroundV2,ART1_LOOP_DEV,G,True,True,80,2.7500000000000036,4.75,-1.5707963267948952,observe,False,1cc4ee190f355a0fcde2f45a9cc30cca895916444166754a6e05c33a897dab09,forward,10.0
ground_LOOP_G_b160_n92801,GroundV2,ART1_LOOP_DEV,G,True,True,81,2.750000000000004,4.5,-1.5707963267948952,forward,False,2188ddd4b0304ed5e227e825495252b0b7da4a76c48aec33edbd00e0256c8c57,forward,10.25
ground_LOOP_G_b160_n92801,GroundV2,ART1_LOOP_DEV,G,True,True,82,2.7500000000000044,4.25,-1.5707963267948952,forward,False,e3f9cb5e4a12919e010398ca97408a00d44304c7152307bd6f4f7e9edaef6b3c,forward,10.5
ground_LOOP_G_b160_n92801,GroundV2,ART1_LOOP_DEV,G,True,True,83,2.750000000000005,4.0,-1.5707963267948952,forward,False,1dc77640b1b326c208666ac48c04abc46e55ddf5af8800b9b2b3a9397124e38e,forward,10.75
ground_LOOP_G_b160_n92801,GroundV2,ART1_LOOP_DEV,G,True,True,84,2.7500000000000053,3.75,-1.5707963267948952,forward,False,a6a4d430902f1a3f60ce1c0cd961c01ef318e6f8e7346dc12316443cbc9422d7,right,11.0
ground_LOOP_G_b160_n92801,GroundV2,ART1_LOOP_DEV,G,True,True,85,2.7500000000000053,3.75,-2.094395102393194,turn_right,False,699843f271b7fee70fe23fede4879da252a79a5b8c2587b100092a216ee91a92,observe,11.0
ground_LOOP_G_b160_n92801,GroundV2,ART1_LOOP_DEV,G,True,True,86,2.7500000000000053,3.75,-2.094395102393194,observe,False,5c7338c4c3a722b200ea379dafd8a55be7d94339690bd83f7322f757676dfb46,right,11.0
ground_LOOP_G_b160_n92801,GroundV2,ART1_LOOP_DEV,G,True,True,87,2.7500000000000053,3.75,-2.6179938779914926,turn_right,False,276288ad9060a0edfe87b62fcc36fc4263fc1858e0527e7befc87d09c24597b2,right,11.0
ground_LOOP_G_b160_n92801,GroundV2,ART1_LOOP_DEV,G,True,True,88,2.7500000000000053,3.75,-3.1415926535897913,turn_right,False,4a241eb3e8ec57c44b9460f217281e293dc8bdeedd2c4869cae41a476c853d30,right,11.0
ground_LOOP_G_b160_n92801,GroundV2,ART1_LOOP_DEV,G,True,True,89,2.7500000000000053,3.75,2.6179938779914966,turn_right,False,ad434f79f347f464dd94eb4449bcb510d8df3ee113b846c44c31ddad48a7444a,observe,11.0
ground_LOOP_G_b160_n92801,GroundV2,ART1_LOOP_DEV,G,True,True,90,2.7500000000000053,3.75,2.6179938779914966,observe,False,1a894dd37ea702b1f0b77ebd6a2f12d2a5cdca724d47e4f613a0fcf7dc3751ab,right,11.0
ground_LOOP_G_b160_n92801,GroundV2,ART1_LOOP_DEV,G,True,True,91,2.7500000000000053,3.75,2.0943951023931984,turn_right,False,57d18872abea3803b1d4eba41c56168784c7b2f5a1a11a11bdd1ac50b510fdf4,observe,11.0
ground_LOOP_G_b160_n92801,GroundV2,ART1_LOOP_DEV,G,True,True,92,2.7500000000000053,3.75,2.0943951023931984,observe,False,44277389730557ea8f0933dc376a5e97142fec714f98e81094c816fc812f788e,right,11.0
ground_LOOP_G_b160_n92801,GroundV2,ART1_LOOP_DEV,G,True,True,93,2.7500000000000053,3.75,1.5707963267949,turn_right,False,d02b4f6443a69ce3ae80696ac6635a4342fd7602e577715d7126ac9c589c953e,observe,11.0
ground_LOOP_G_b160_n92801,GroundV2,ART1_LOOP_DEV,G,True,True,94,2.7500000000000053,3.75,1.5707963267949,observe,False,faf83a72aaba6d7c7ecf18735369372b4c4d5e07e950b463309ef5dcd7171137,left,11.0
ground_LOOP_G_b160_n92801,GroundV2,ART1_LOOP_DEV,G,True,True,95,2.7500000000000053,3.75,2.0943951023931984,turn_left,False,6aa2d60a221901f3d0cd7647ef99e81518991b165ca3939704a25faad0bd02e7,left,11.0
ground_LOOP_G_b160_n92801,GroundV2,ART1_LOOP_DEV,G,True,True,96,2.7500000000000053,3.75,2.6179938779914966,turn_left,False,f5b3752540dcd541229b84ad90c2bf049daa30a6a7f8cb16f19d9742cff46f24,left,11.0
ground_LOOP_G_b160_n92801,GroundV2,ART1_LOOP_DEV,G,True,True,97,2.7500000000000053,3.75,-3.1415926535897913,turn_left,False,a35d4aba6ef1e9972048d054e848d7cf13c96334b194dff4963d66b878a75982,forward,11.0
ground_LOOP_G_b160_n92801,GroundV2,ART1_LOOP_DEV,G,True,True,98,2.5000000000000053,3.7499999999999996,-3.1415926535897913,forward,False,2cecefce32a744a3d352d09d771c66fc9e10fd0dd3167326308196f4a262df4f,forward,11.25
ground_LOOP_G_b160_n92801,GroundV2,ART1_LOOP_DEV,G,True,True,99,2.2500000000000053,3.749999999999999,-3.1415926535897913,forward,False,f671ec7826d337636c5bce5f3749a6f9467eec36db8331ee1c915080356de0db,forward,11.5
ground_LOOP_G_b160_n92801,GroundV2,ART1_LOOP_DEV,G,True,True,100,2.0000000000000053,3.7499999999999987,-3.1415926535897913,forward,False,544278e1d853d7962c1cd53d652d77e370eede68f0bc53cc8445cba8a5315a4d,forward,11.75
ground_LOOP_G_b160_n92801,GroundV2,ART1_LOOP_DEV,G,True,True,101,1.7500000000000053,3.7499999999999982,-3.1415926535897913,forward,False,4e92b4694afa6a18807681aeebd2eac5196b3f620bc37f75880ff3c2b9e58eca,forward,12.0
ground_LOOP_G_b160_n92801,GroundV2,ART1_LOOP_DEV,G,True,True,102,1.5000000000000053,3.749999999999998,-3.1415926535897913,forward,False,8cccf71a06fd22db404cd341deea1d0f67cf9717cfd51ea66ff5f357b6670fae,forward,12.25
ground_LOOP_G_b160_n92801,GroundV2,ART1_LOOP_DEV,G,True,True,103,1.2500000000000053,3.7499999999999973,-3.1415926535897913,forward,False,e3c17bbb89f3dad52d0c44ed4f723b6fb4e49e96954b9d314fcc474088011aeb,forward,12.5
ground_LOOP_G_b160_n92801,GroundV2,ART1_LOOP_DEV,G,True,True,104,1.0000000000000053,3.749999999999997,-3.1415926535897913,forward,False,0d1addb8c545e22b3b121f2126a54889bde2528c8cc0bc5216b2bc34788a8a67,forward,12.75
ground_LOOP_G_b160_n92801,GroundV2,ART1_LOOP_DEV,G,True,True,105,0.7500000000000053,3.7499999999999964,-3.1415926535897913,forward,False,fa4a87069afc7eb88e2672a98504c15b61a3213a7dfd29e64245fba580ff3909,right,13.0
ground_LOOP_G_b160_n92801,GroundV2,ART1_LOOP_DEV,G,True,True,106,0.7500000000000053,3.7499999999999964,2.6179938779914966,turn_right,False,1712a720d8996d58171dcc4d9ae8ada8352b23c7eeb6dbaf5a21946a8f7255e8,right,13.0
ground_LOOP_G_b160_n92801,GroundV2,ART1_LOOP_DEV,G,True,True,107,0.7500000000000053,3.7499999999999964,2.0943951023931984,turn_right,False,67b5ae710bd5413b2b78ec6d78d1b3b2fc243b311063ba0d440a4c33bd93c93e,right,13.0
ground_LOOP_G_b160_n92801,GroundV2,ART1_LOOP_DEV,G,True,True,108,0.7500000000000053,3.7499999999999964,1.5707963267949,turn_right,False,58f7d7b0f07480106e9cd3d66cd47c66a425cc0d0fe8b735ca8e4c0a824b5947,forward,13.0
ground_LOOP_G_b160_n92801,GroundV2,ART1_LOOP_DEV,G,True,True,109,0.7500000000000044,3.9999999999999964,1.5707963267949,forward,False,6951e1a3a84bbc599fce3ce4fe0e8e59937ec46919bb4d370cd26f48c268c854,forward,13.25
ground_LOOP_G_b160_n92801,GroundV2,ART1_LOOP_DEV,G,True,True,110,0.7500000000000036,4.2499999999999964,1.5707963267949,forward,False,a589f4e8c7dad1dd60ea10498b6a1a15a78fb84ec9f34b8c1b4bb9f633bc60fb,forward,13.5
ground_LOOP_G_b160_n92801,GroundV2,ART1_LOOP_DEV,G,True,True,111,0.7500000000000027,4.4999999999999964,1.5707963267949,forward,False,045eaacf5e746b80e004aa8037b9f121745f8a22a9c018a3a108ea7deb7d1af5,forward,13.75
ground_LOOP_G_b160_n92801,GroundV2,ART1_LOOP_DEV,G,True,True,112,0.7500000000000018,4.7499999999999964,1.5707963267949,forward,False,95ed7881da18c628403d8c82bdc89ce342d51f5ac32f07618745209fa717ea2b,right,14.0
ground_LOOP_G_b160_n92801,GroundV2,ART1_LOOP_DEV,G,True,True,113,0.7500000000000018,4.7499999999999964,1.0471975511966019,turn_right,False,d8b01f340c253df7844b084bbaac6d1d5e75a8fa7b9fe6738126f1300543e7ca,right,14.0
ground_LOOP_G_b160_n92801,GroundV2,ART1_LOOP_DEV,G,True,True,114,0.7500000000000018,4.7499999999999964,0.5235987755983031,turn_right,False,3240b876b94f991ce0467b730a966aff70342b082b6a8b712e03e16b7c7d40ae,observe,14.0
ground_LOOP_G_b160_n92801,GroundV2,ART1_LOOP_DEV,G,True,True,115,0.7500000000000018,4.7499999999999964,0.5235987755983031,observe,False,7e7b9beb55e639687d02f0f733d3014f96e8dccf2f4a217021601b024b7858db,right,14.0
ground_LOOP_G_b160_n92801,GroundV2,ART1_LOOP_DEV,G,True,True,116,0.7500000000000018,4.7499999999999964,4.440892098500626e-15,turn_right,False,e1d8206de74fe6430243ce436b6eb8569a223f30fa6eeefc3517a29ec55d926f,right,14.0
ground_LOOP_G_b160_n92801,GroundV2,ART1_LOOP_DEV,G,True,True,117,0.7500000000000018,4.7499999999999964,-0.5235987755982943,turn_right,False,5d9eefebcdfb9b34f3a1864fdc00802ff22f185ca18563a252dfbba2ba520f01,right,14.0
ground_LOOP_G_b160_n92801,GroundV2,ART1_LOOP_DEV,G,True,True,118,0.7500000000000018,4.7499999999999964,-1.047197551196593,turn_right,False,982ed4283e7dd04ad87530dced63134caa00aa0bfa7b9cc46591ce99b9fb903e,right,14.0
ground_LOOP_G_b160_n92801,GroundV2,ART1_LOOP_DEV,G,True,True,119,0.7500000000000018,4.7499999999999964,-1.5707963267948917,turn_right,False,9d96901f56fadeb988af0e8e36429ca56c3c64a9083b1302dc622c9158c1ff75,forward,14.0
ground_LOOP_G_b160_n92801,GroundV2,ART1_LOOP_DEV,G,True,True,120,0.750000000000003,4.4999999999999964,-1.5707963267948917,forward,False,4c7c6d7671c17d8d620cf6396a723ab5ea5da1e12fbd704997ec42e8dbb61d3b,forward,14.25
ground_LOOP_G_b160_n92801,GroundV2,ART1_LOOP_DEV,G,True,True,121,0.7500000000000042,4.2499999999999964,-1.5707963267948917,forward,False,7a431e6293def3e228732de224a0b48a893f28cf83ba7338c949375b863f6cf6,forward,14.5
ground_LOOP_G_b160_n92801,GroundV2,ART1_LOOP_DEV,G,True,True,122,0.7500000000000054,3.9999999999999964,-1.5707963267948917,forward,False,62826744b75403f7aa26f4a03f3efededa3a46a67edd0b5c5504051c0e6fdd23,forward,14.75
ground_LOOP_G_b160_n92801,GroundV2,ART1_LOOP_DEV,G,True,True,123,0.7500000000000067,3.7499999999999964,-1.5707963267948917,forward,False,ec2f5311164e1bfcb4d2d80f6c8a286553c309fca38f68881308c76d3487ec29,forward,15.0
ground_LOOP_G_b160_n92801,GroundV2,ART1_LOOP_DEV,G,True,True,124,0.7500000000000079,3.4999999999999964,-1.5707963267948917,forward,False,3033696854ddb89966070d84c1917463de7f336e4497816659b4f6fe48fa622f,forward,15.25
ground_LOOP_G_b160_n92801,GroundV2,ART1_LOOP_DEV,G,True,True,125,0.7500000000000091,3.2499999999999964,-1.5707963267948917,forward,False,1067fa3b463703dfb314f95363ca41e8c92d2d5475f6c0e56ef823e7f6d34883,forward,15.5
ground_LOOP_G_b160_n92801,GroundV2,ART1_LOOP_DEV,G,True,True,126,0.7500000000000103,2.9999999999999964,-1.5707963267948917,forward,False,ef85d192828dc6a5cf816653762997fb40993f7a91afe58667718b87464cf23b,forward,15.75
ground_LOOP_G_b160_n92801,GroundV2,ART1_LOOP_DEV,G,True,True,127,0.7500000000000115,2.7499999999999964,-1.5707963267948917,forward,False,7d62db4daf8fd910f36cf8132c8b0d2bff9da1a86713fc945780d56425787a88,forward,16.0
ground_LOOP_G_b160_n92801,GroundV2,ART1_LOOP_DEV,G,True,True,128,0.7500000000000128,2.4999999999999964,-1.5707963267948917,forward,False,3768ce3debcc0f53b3ab10aaca914ae607919dc9125b05759f36e9c0f42b452c,forward,16.25
ground_LOOP_G_b160_n92801,GroundV2,ART1_LOOP_DEV,G,True,True,129,0.750000000000014,2.2499999999999964,-1.5707963267948917,forward,False,a371a2d8bd9d3a906a911e40f343cf512c8c3e1ede4e2a80278254a903740d21,forward,16.5
ground_LOOP_G_b160_n92801,GroundV2,ART1_LOOP_DEV,G,True,True,130,0.7500000000000152,1.9999999999999964,-1.5707963267948917,forward,False,648184b0185424eea5e9af4ca0f85f4dc0b765220a75da911be1e88c02ad8d2e,forward,16.75
ground_LOOP_G_b160_n92801,GroundV2,ART1_LOOP_DEV,G,True,True,131,0.7500000000000164,1.7499999999999964,-1.5707963267948917,forward,False,b6f984a0835ae63b4a7baaf4d63d9e705811ffee4f11672ce4f009156ae349ee,left,17.0
ground_LOOP_G_b160_n92801,GroundV2,ART1_LOOP_DEV,G,True,True,132,0.7500000000000164,1.7499999999999964,-1.047197551196593,turn_left,False,d0f5f5138742fc2c5da168a1132b0c90dd8175235312ad4ebcd5c4d925669961,left,17.0
ground_LOOP_G_b160_n92801,GroundV2,ART1_LOOP_DEV,G,True,True,133,0.7500000000000164,1.7499999999999964,-0.5235987755982943,turn_left,False,cfefdc4e6d763a443f7c873b7e41306fefdfb0e3f797d38beb6b8a63d3318a25,left,17.0
ground_LOOP_G_b160_n92801,GroundV2,ART1_LOOP_DEV,G,True,True,134,0.7500000000000164,1.7499999999999964,4.440892098500626e-15,turn_left,False,b3c8f0041870b31e665416b7e02310a35820ab5c578efd3fbf8589b9948912d6,left,17.0
ground_LOOP_G_b160_n92801,GroundV2,ART1_LOOP_DEV,G,True,True,135,0.7500000000000164,1.7499999999999964,0.5235987755983031,turn_left,False,52746af1b3ecc20cc2c014a5c6acd0488973eacb218390ddc092f8621918cf17,left,17.0
ground_LOOP_G_b160_n92801,GroundV2,ART1_LOOP_DEV,G,True,True,136,0.7500000000000164,1.7499999999999964,1.0471975511966019,turn_left,False,43697ae1c20b33f1f716109747940d8258f4c9dd986e7165a66ff05d1e2be8b4,observe,17.0
ground_LOOP_G_b160_n92801,GroundV2,ART1_LOOP_DEV,G,True,True,137,0.7500000000000164,1.7499999999999964,1.0471975511966019,observe,False,eba8a509acd177832ad2160065fe71471c6fa95ce0ac1da1f1fa028c49674c87,left,17.0
ground_LOOP_G_b160_n92801,GroundV2,ART1_LOOP_DEV,G,True,True,138,0.7500000000000164,1.7499999999999964,1.5707963267949,turn_left,False,0f5248d956a3ec7086ac9b428a9896be45ca774e12329b201d3057e7690ea8bc,forward,17.0
ground_LOOP_G_b160_n92801,GroundV2,ART1_LOOP_DEV,G,True,True,139,0.7500000000000155,1.9999999999999964,1.5707963267949,forward,False,77ce51e604ebfe35d0d87394e03a59abc87625d8bf99245d5c1b6583513d6482,forward,17.25
ground_LOOP_G_b160_n92801,GroundV2,ART1_LOOP_DEV,G,True,True,140,0.7500000000000147,2.2499999999999964,1.5707963267949,forward,False,2d41b8b0b9355f503a4c9dc1d17965a1fa64f1ba4e26467ef090dc6b467b4bd3,forward,17.5
ground_LOOP_G_b160_n92801,GroundV2,ART1_LOOP_DEV,G,True,True,141,0.7500000000000138,2.4999999999999964,1.5707963267949,forward,False,62d1a0aa5d131c8e48518efec467b3b8d6a6f84e5b5c8e79ffdad94856a8350b,forward,17.75
ground_LOOP_G_b160_n92801,GroundV2,ART1_LOOP_DEV,G,True,True,142,0.7500000000000129,2.7499999999999964,1.5707963267949,forward,False,2dba1882bd42d376ce0921c6d91249e2ffc4033e71229c2f1ff6c12e7000a6fe,right,18.0
ground_LOOP_G_b160_n92801,GroundV2,ART1_LOOP_DEV,G,True,True,143,0.7500000000000129,2.7499999999999964,1.0471975511966019,turn_right,False,6f5200737e84ea94547274432a0ad053652c689518b3dc692f4ae7bd03a50c4d,observe,18.0
ground_LOOP_G_b160_n92801,GroundV2,ART1_LOOP_DEV,G,True,True,144,0.7500000000000129,2.7499999999999964,1.0471975511966019,observe,False,c7b8432b7b2b74940281250c957750b467816a075bd06f1892cd86dfad351d78,right,18.0
ground_LOOP_G_b160_n92801,GroundV2,ART1_LOOP_DEV,G,True,True,145,0.7500000000000129,2.7499999999999964,0.5235987755983031,turn_right,False,3faa0293b54542463c095d21442c002e924e53a1382f2f61a214db83baa20d52,right,18.0
ground_LOOP_G_b160_n92801,GroundV2,ART1_LOOP_DEV,G,True,True,146,0.7500000000000129,2.7499999999999964,4.440892098500626e-15,turn_right,False,7b4ae2e905339a7dad7a5c78c22fab680a953407abb0d208a97e496cbcc1ffaf,right,18.0
ground_LOOP_G_b160_n92801,GroundV2,ART1_LOOP_DEV,G,True,True,147,0.7500000000000129,2.7499999999999964,-0.5235987755982943,turn_right,False,b62bce9d8c41f432195fdf6a445d466b7b8b253be1af517c3eb7fb0314c5897a,right,18.0
ground_LOOP_G_b160_n92801,GroundV2,ART1_LOOP_DEV,G,True,True,148,0.7500000000000129,2.7499999999999964,-1.047197551196593,turn_right,False,836ecf23472721f1fb6c90e34e20ccb24c1bbdb468febf05b38bef3d24b44386,right,18.0
ground_LOOP_G_b160_n92801,GroundV2,ART1_LOOP_DEV,G,True,True,149,0.7500000000000129,2.7499999999999964,-1.5707963267948917,turn_right,False,5f1f7849cce250965a2a525c51118f6484422bf0b6a71064e010775afed2d6c3,forward,18.0
ground_LOOP_G_b160_n92801,GroundV2,ART1_LOOP_DEV,G,True,True,150,0.7500000000000141,2.4999999999999964,-1.5707963267948917,forward,False,86cfc1d66e052c4e428757e32cc41ffe809ef086520b20a2df14509d12b24d6d,forward,18.25
ground_LOOP_G_b160_n92801,GroundV2,ART1_LOOP_DEV,G,True,True,151,0.7500000000000153,2.2499999999999964,-1.5707963267948917,forward,False,a889600856c9a76ca5f3578405f43c0e7e78e78c61010c4999b14b50f8aa0af9,forward,18.5
ground_LOOP_G_b160_n92801,GroundV2,ART1_LOOP_DEV,G,True,True,152,0.7500000000000165,1.9999999999999964,-1.5707963267948917,forward,False,d6fc473621858a63e9d3a4a086c7b7a2080246f527871415fc6ac647fc8d7419,forward,18.75
ground_LOOP_G_b160_n92801,GroundV2,ART1_LOOP_DEV,G,True,True,153,0.7500000000000178,1.7499999999999964,-1.5707963267948917,forward,False,ad1e4557f3097941a7165e926f8f1c06856c7d1e6b6f4bc4aa70aaa71b498a80,forward,19.0
ground_LOOP_G_b160_n92801,GroundV2,ART1_LOOP_DEV,G,True,True,154,0.750000000000019,1.4999999999999964,-1.5707963267948917,forward,False,592ff9d60e3f671e65e3fcf7c1697a22e10f6e48d6a84cabdd0a9d6ae99e4d6d,forward,19.25
ground_LOOP_G_b160_n92801,GroundV2,ART1_LOOP_DEV,G,True,True,155,0.7500000000000202,1.2499999999999964,-1.5707963267948917,forward,False,164f5c1b3bc87de02ec322c32f19b645e6627f7fb5845fc42fc5644713918068,forward,19.5
ground_LOOP_G_b160_n92801,GroundV2,ART1_LOOP_DEV,G,True,True,156,0.7500000000000214,0.9999999999999964,-1.5707963267948917,forward,False,decdb5abb9d1e216f6adf5b12b4379dca1edef594abc6cc2d4ebac1a32a86f64,forward,19.75
ground_LOOP_G_b160_n92801,GroundV2,ART1_LOOP_DEV,G,True,True,157,0.7500000000000226,0.7499999999999964,-1.5707963267948917,forward,False,4492cd82a888da221e94534054ef43819026706a1a2df6c7378e5d4ef633b7c2,left,20.0
ground_LOOP_G_b160_n92801,GroundV2,ART1_LOOP_DEV,G,True,True,158,0.7500000000000226,0.7499999999999964,-1.047197551196593,turn_left,False,7ccb650b80c648fd75c20d6d2e19ab5199d82eeab7edd61c3e086d19394aa0e2,left,20.0
ground_LOOP_G_b160_n92801,GroundV2,ART1_LOOP_DEV,G,True,True,159,0.7500000000000226,0.7499999999999964,-0.5235987755982943,turn_left,False,690d4dbbe2eaf5756d08bb5629d3f761aee6ad2975a0e9675de2cf84e43fcfd7,left,20.0
ground_LOOP_G_b160_n92801,GroundV2,ART1_LOOP_DEV,G,True,True,160,0.7500000000000226,0.7499999999999964,4.440892098500626e-15,turn_left,False,a85821202832bbdc3bafd23ec1c118a97128e6179cbcb17239ffc20029ef56a8,stop,20.0
ground_LOOP_NBV_b160_n92801,GroundV2,ART1_LOOP_DEV,NBV,True,True,0,0.75,0.75,0.0,initial_observation,False,7c988b54b793a8a2394d6d4190b7315d5bb453c0912d5dad8ac9a1bad18a4ad6,left,0.0
ground_LOOP_NBV_b160_n92801,GroundV2,ART1_LOOP_DEV,NBV,True,True,1,0.75,0.75,0.5235987755982987,turn_left,False,ede291a165297c75c23027c8ab7da0a3620facdd7e978dedcbfa5acbe05aa914,left,0.0
ground_LOOP_NBV_b160_n92801,GroundV2,ART1_LOOP_DEV,NBV,True,True,2,0.75,0.75,1.0471975511965974,turn_left,False,f91b8d159c5881b3a9aefd476d07d72145df10887ffc7d76987128e0daac7ba5,left,0.0
ground_LOOP_NBV_b160_n92801,GroundV2,ART1_LOOP_DEV,NBV,True,True,3,0.75,0.75,1.5707963267948966,turn_left,False,8007c470b1ff53472b765ecfededb2f07ce7a5ac7ac999d8d2ca579b73ca9577,forward,0.0
ground_LOOP_NBV_b160_n92801,GroundV2,ART1_LOOP_DEV,NBV,True,True,4,0.75,1.0,1.5707963267948966,forward,False,ed86f062abb11ee5eb112de8c9dbc92b52f8b1b8f86e00801831e53f88edbef4,forward,0.25
ground_LOOP_NBV_b160_n92801,GroundV2,ART1_LOOP_DEV,NBV,True,True,5,0.75,1.25,1.5707963267948966,forward,False,ca003bda4c026a70f746cc6b62ecd668c0cf8e3496525ebeb2006838569b4eeb,forward,0.5
ground_LOOP_NBV_b160_n92801,GroundV2,ART1_LOOP_DEV,NBV,True,True,6,0.75,1.5,1.5707963267948966,forward,False,d96716008cacaf420302f57578476468a6c09efda9057adbf1cf4a2fb5217438,forward,0.75
ground_LOOP_NBV_b160_n92801,GroundV2,ART1_LOOP_DEV,NBV,True,True,7,0.75,1.75,1.5707963267948966,forward,False,c3ee2f0f666a096446d6b73d21ae14597b1145257d58ead40692eba95b4b5dbf,forward,1.0
ground_LOOP_NBV_b160_n92801,GroundV2,ART1_LOOP_DEV,NBV,True,True,8,0.75,2.0,1.5707963267948966,forward,False,985d675f346e7be10df8f880fb613061b2d3312d3549c064eda19877bb0240bf,forward,1.25
ground_LOOP_NBV_b160_n92801,GroundV2,ART1_LOOP_DEV,NBV,True,True,9,0.75,2.25,1.5707963267948966,forward,False,34eab3e5998daaa129eee41990366449a5a55b9ed5bcd3155a07aa572a530507,forward,1.5
ground_LOOP_NBV_b160_n92801,GroundV2,ART1_LOOP_DEV,NBV,True,True,10,0.75,2.5,1.5707963267948966,forward,False,c2b31fec78d2c6055b4438f0c3d1413699c2d79396d86ea62dd545e8999fa15f,forward,1.75
ground_LOOP_NBV_b160_n92801,GroundV2,ART1_LOOP_DEV,NBV,True,True,11,0.75,2.75,1.5707963267948966,forward,False,1f768032b74afa223ff2bff35edb875a317d32ebc264eb5d5553e1f26cd6aa27,forward,2.0
ground_LOOP_NBV_b160_n92801,GroundV2,ART1_LOOP_DEV,NBV,True,True,12,0.75,3.0,1.5707963267948966,forward,False,13234a05e3acfd1ebffcd1c710d194113591e1fba184185f26d4e9e6cefdaf9f,forward,2.25
ground_LOOP_NBV_b160_n92801,GroundV2,ART1_LOOP_DEV,NBV,True,True,13,0.75,3.25,1.5707963267948966,forward,False,7ab5855e6a06a4de724cdeeeb50ddbcdfca5cdc4bceb4c2e29f082259f04c709,forward,2.5
ground_LOOP_NBV_b160_n92801,GroundV2,ART1_LOOP_DEV,NBV,True,True,14,0.75,3.5,1.5707963267948966,forward,False,d08889fac04c2d444c6f2c2f2b8b463d41c77509c2cb8051bd835518c1ff6d76,forward,2.75
ground_LOOP_NBV_b160_n92801,GroundV2,ART1_LOOP_DEV,NBV,True,True,15,0.75,3.75,1.5707963267948966,forward,False,67079aa2205bfcafa9569b4a9a65e96e28ae84d68440a3159783e304e870306a,right,3.0
ground_LOOP_NBV_b160_n92801,GroundV2,ART1_LOOP_DEV,NBV,True,True,16,0.75,3.75,1.0471975511965983,turn_right,False,e9be56c97c949205b46a42a20883faf6a71c3a84142b6559672827424410bfab,observe,3.0
ground_LOOP_NBV_b160_n92801,GroundV2,ART1_LOOP_DEV,NBV,True,True,17,0.75,3.75,1.0471975511965983,observe,False,f19bc85c9688131fe33246f51d7dfe20b7c552f412e60bb1079afd985d03c09a,right,3.0
ground_LOOP_NBV_b160_n92801,GroundV2,ART1_LOOP_DEV,NBV,True,True,18,0.75,3.75,0.5235987755982996,turn_right,False,1689779e987acb9893bc5a318dd33f14c5db9496bcc534f079d5ff1b68c6832a,right,3.0
ground_LOOP_NBV_b160_n92801,GroundV2,ART1_LOOP_DEV,NBV,True,True,19,0.75,3.75,8.881784197001252e-16,turn_right,False,717ab24b7feb03cbe1f11b3cd9dc84518e2122362dd5060681bfd32d1f032103,observe,3.0
ground_LOOP_NBV_b160_n92801,GroundV2,ART1_LOOP_DEV,NBV,True,True,20,0.75,3.75,8.881784197001252e-16,observe,False,a5ad75d91a6f2694d6d957ac28423055752dcdff29ab9982abec236539e7cfd9,left,3.0
ground_LOOP_NBV_b160_n92801,GroundV2,ART1_LOOP_DEV,NBV,True,True,21,0.75,3.75,0.5235987755982996,turn_left,False,f076d7d2715d88ea5f0ec028d344f09fbf1ecdecbb7273754ec28bc1bf926251,left,3.0
ground_LOOP_NBV_b160_n92801,GroundV2,ART1_LOOP_DEV,NBV,True,True,22,0.75,3.75,1.0471975511965983,turn_left,False,1458c5b3125e731053027c88da03f197dc45d507ff0d41b15fc3dc1a673f88da,left,3.0
ground_LOOP_NBV_b160_n92801,GroundV2,ART1_LOOP_DEV,NBV,True,True,23,0.75,3.75,1.5707963267948966,turn_left,False,41bfc03dbba102d687aec773661d9f8b8c765b8ff9dbd8f3e29edafa729b91fb,forward,3.0
ground_LOOP_NBV_b160_n92801,GroundV2,ART1_LOOP_DEV,NBV,True,True,24,0.75,4.0,1.5707963267948966,forward,False,510e23c3e012cdf3ba907ff9d5fe2ccdb7060f973ee82226c0085ed304cd5615,forward,3.25
ground_LOOP_NBV_b160_n92801,GroundV2,ART1_LOOP_DEV,NBV,True,True,25,0.75,4.25,1.5707963267948966,forward,False,1347a8fa6071ad46a6f0465b7e48acd4210feede7a377692a76f6443605a8c00,forward,3.5
ground_LOOP_NBV_b160_n92801,GroundV2,ART1_LOOP_DEV,NBV,True,True,26,0.75,4.5,1.5707963267948966,forward,False,9a734ef98c8bd4c4106cbf280192fa6fde3cf5847a26da6cdb6ddf4a0fa09b82,forward,3.75
ground_LOOP_NBV_b160_n92801,GroundV2,ART1_LOOP_DEV,NBV,True,True,27,0.75,4.75,1.5707963267948966,forward,False,0b2b1d96fdf39273fdbcd8306943d512408ce82da3f4f14d20d6a8936fcfcdad,forward,4.0
ground_LOOP_NBV_b160_n92801,GroundV2,ART1_LOOP_DEV,NBV,True,True,28,0.75,5.0,1.5707963267948966,forward,False,4f614805c427cf0ed0c575681136a8eae2fa87818ffbdf13270ed6f5e05e2196,forward,4.25
ground_LOOP_NBV_b160_n92801,GroundV2,ART1_LOOP_DEV,NBV,True,True,29,0.75,5.25,1.5707963267948966,forward,False,d4104b99629daddde7ebe57ce67c279b6adf4c4ae675050558a7fa83fe6a150e,forward,4.5
ground_LOOP_NBV_b160_n92801,GroundV2,ART1_LOOP_DEV,NBV,True,True,30,0.75,5.5,1.5707963267948966,forward,False,7cbbb6316dfd6c0c5ddfad0207e06e95d73797078d565307ac1646d37fdcb752,forward,4.75
ground_LOOP_NBV_b160_n92801,GroundV2,ART1_LOOP_DEV,NBV,True,True,31,0.75,5.75,1.5707963267948966,forward,False,706f6dac5d84242ac27727e8cf516f6bd3d9a11007ded408f9ed5ce3681d18d6,right,5.0
ground_LOOP_NBV_b160_n92801,GroundV2,ART1_LOOP_DEV,NBV,True,True,32,0.75,5.75,1.0471975511965983,turn_right,False,805d7d546aedf5b2364eb9ce2dcdd490a4e1a8435a2f8f1d8608cd012b33082c,right,5.0
ground_LOOP_NBV_b160_n92801,GroundV2,ART1_LOOP_DEV,NBV,True,True,33,0.75,5.75,0.5235987755982996,turn_right,False,1b9e751ef8ef360b2ee07a18ac9723ffe1dffa15eaf9753d309c43139607c1e9,right,5.0
ground_LOOP_NBV_b160_n92801,GroundV2,ART1_LOOP_DEV,NBV,True,True,34,0.75,5.75,8.881784197001252e-16,turn_right,False,4ca6fd08c91250d268c55ab20827dedfa060bdd6bd456d664a2f541688ad9064,observe,5.0
ground_LOOP_NBV_b160_n92801,GroundV2,ART1_LOOP_DEV,NBV,True,True,35,0.75,5.75,8.881784197001252e-16,observe,False,19aa30483fce88c9da7d469f40b65adae4c7b3594f32439a2ea7592822249380,right,5.0
ground_LOOP_NBV_b160_n92801,GroundV2,ART1_LOOP_DEV,NBV,True,True,36,0.75,5.75,-0.5235987755982978,turn_right,False,e9120c5fb50a4ed82b793769de24cc50ad2374aeb1e3378716c7919b414464d6,right,5.0
ground_LOOP_NBV_b160_n92801,GroundV2,ART1_LOOP_DEV,NBV,True,True,37,0.75,5.75,-1.0471975511965965,turn_right,False,558d93080740ab45e2c7386a77b4461f14c2abf2b833f3b0ebbc018440ae63ab,right,5.0
ground_LOOP_NBV_b160_n92801,GroundV2,ART1_LOOP_DEV,NBV,True,True,38,0.75,5.75,-1.5707963267948952,turn_right,False,a4b00eb728ffef53c4f3cf419469fe6151ad0039ba8289e634f456f1bd3bb782,observe,5.0
ground_LOOP_NBV_b160_n92801,GroundV2,ART1_LOOP_DEV,NBV,True,True,39,0.75,5.75,-1.5707963267948952,observe,False,7cfa982b10dde04b6367c6c9ec21d18ebe7f18a20408362ba8ac0d3585c36015,left,5.0
ground_LOOP_NBV_b160_n92801,GroundV2,ART1_LOOP_DEV,NBV,True,True,40,0.75,5.75,-1.0471975511965965,turn_left,False,1fc45c14bbb69011677570227411b4e305547a6536f8b482dd96fa692e2d03d0,left,5.0
ground_LOOP_NBV_b160_n92801,GroundV2,ART1_LOOP_DEV,NBV,True,True,41,0.75,5.75,-0.5235987755982978,turn_left,False,52b5fd0e7d2ca5d3015aa002d539c5244a3f4968f8a2aded06800abb15a72815,left,5.0
ground_LOOP_NBV_b160_n92801,GroundV2,ART1_LOOP_DEV,NBV,True,True,42,0.75,5.75,8.881784197001252e-16,turn_left,False,a728c73ba493188d2d90d1c9b10c3c6d56823ee1dffeadc5cfb19e3d4cec3310,left,5.0
ground_LOOP_NBV_b160_n92801,GroundV2,ART1_LOOP_DEV,NBV,True,True,43,0.75,5.75,0.5235987755982996,turn_left,False,2657a22e38863595990707c146a34f5b401d299a4a329e13ca78fcf8e5fd4d65,left,5.0
ground_LOOP_NBV_b160_n92801,GroundV2,ART1_LOOP_DEV,NBV,True,True,44,0.75,5.75,1.0471975511965983,turn_left,False,bd23ea1b37dca292a7376b4909d96cc3b2c9f4683ff98b72c376d10e41e313b1,left,5.0
ground_LOOP_NBV_b160_n92801,GroundV2,ART1_LOOP_DEV,NBV,True,True,45,0.75,5.75,1.5707963267948966,turn_left,False,070e6c9009445d15188a2dd824f032c334c6a32df051badb593eaf40f740de26,forward,5.0
ground_LOOP_NBV_b160_n92801,GroundV2,ART1_LOOP_DEV,NBV,True,True,46,0.75,6.0,1.5707963267948966,forward,False,6affeedda1155636a1a4f37896154817a66eb88d603201a645c221a52b9da003,forward,5.25
ground_LOOP_NBV_b160_n92801,GroundV2,ART1_LOOP_DEV,NBV,True,True,47,0.75,6.25,1.5707963267948966,forward,False,6846e93a502f96dd76c34ea5d5aa472fde67a94f08845cb80d46adc71aadf638,forward,5.5
ground_LOOP_NBV_b160_n92801,GroundV2,ART1_LOOP_DEV,NBV,True,True,48,0.75,6.5,1.5707963267948966,forward,False,d248fe1f52be3f4b6410afb3ab4261842dcbfabbd71d6dcbaf8f751d624350b2,forward,5.75
ground_LOOP_NBV_b160_n92801,GroundV2,ART1_LOOP_DEV,NBV,True,True,49,0.75,6.75,1.5707963267948966,forward,False,b65fcd2c4cb217a2c811db8a0d5fd5b6b3cb9d48d454778c074bf1d59dc663b0,right,6.0
ground_LOOP_NBV_b160_n92801,GroundV2,ART1_LOOP_DEV,NBV,True,True,50,0.75,6.75,1.0471975511965983,turn_right,False,ed3f9bfb5d9b81520cf51d87c029ce3a2c97f27411ecf97a3084dad0fe61a349,right,6.0
ground_LOOP_NBV_b160_n92801,GroundV2,ART1_LOOP_DEV,NBV,True,True,51,0.75,6.75,0.5235987755982996,turn_right,False,2c3e28fa40ecc9ee124c50140377aa13c4510f8f0e1dfd46b83d96a44e5eb4d5,right,6.0
ground_LOOP_NBV_b160_n92801,GroundV2,ART1_LOOP_DEV,NBV,True,True,52,0.75,6.75,8.881784197001252e-16,turn_right,False,f70becdbe4b6b7a9a29ae4b278b853bebaf8cde172edea7f18e46eeff4728e22,right,6.0
ground_LOOP_NBV_b160_n92801,GroundV2,ART1_LOOP_DEV,NBV,True,True,53,0.75,6.75,-0.5235987755982978,turn_right,False,88103b994235bfefafa88719ff8762d1cd5acca28fe427ce572bbd025dd3de9c,right,6.0
ground_LOOP_NBV_b160_n92801,GroundV2,ART1_LOOP_DEV,NBV,True,True,54,0.75,6.75,-1.0471975511965965,turn_right,False,b2bd7b575010629f9d5ced62f5f6d4039186f637c9294c7ff0f6ddca70f6467e,observe,6.0
ground_LOOP_NBV_b160_n92801,GroundV2,ART1_LOOP_DEV,NBV,True,True,55,0.75,6.75,-1.0471975511965965,observe,False,cbdbd1adbf1976458b97435fb2a9b0149a38bf3ef8b9c1e87a350de8856435f8,left,6.0
ground_LOOP_NBV_b160_n92801,GroundV2,ART1_LOOP_DEV,NBV,True,True,56,0.75,6.75,-0.5235987755982978,turn_left,False,1f775f762b98cd083cda6fb9a921efe2212276cda50ee2bc01dea16bba39b6ad,left,6.0
ground_LOOP_NBV_b160_n92801,GroundV2,ART1_LOOP_DEV,NBV,True,True,57,0.75,6.75,8.881784197001252e-16,turn_left,False,b295559328188e67d1418d4e1d79ceedc7dba34ecaf6a4d8297529a3c477ce38,forward,6.0
ground_LOOP_NBV_b160_n92801,GroundV2,ART1_LOOP_DEV,NBV,True,True,58,1.0,6.75,8.881784197001252e-16,forward,False,aaf8dc3dcfc2d2e603ca4f747542d1915fd0575fe8dd46e9e1ba38b94d882239,forward,6.25
ground_LOOP_NBV_b160_n92801,GroundV2,ART1_LOOP_DEV,NBV,True,True,59,1.25,6.75,8.881784197001252e-16,forward,False,3aaf66434463e555a1f3b2eb978e69863aa535c6e39f17e3b8ec2419fec7610b,forward,6.5
ground_LOOP_NBV_b160_n92801,GroundV2,ART1_LOOP_DEV,NBV,True,True,60,1.5,6.75,8.881784197001252e-16,forward,False,30832ac711ab4333084239342951081e68034374586fccb6a9b9ef98d268334f,forward,6.75
ground_LOOP_NBV_b160_n92801,GroundV2,ART1_LOOP_DEV,NBV,True,True,61,1.75,6.75,8.881784197001252e-16,forward,False,4f36470eb74c12090f444ec92284e9fbe6b76d17ebcb5141bcd0f55a2d984b7f,right,7.0
ground_LOOP_NBV_b160_n92801,GroundV2,ART1_LOOP_DEV,NBV,True,True,62,1.75,6.75,-0.5235987755982978,turn_right,False,15b8b399ecb5f2cf62b489bb84cc87bcf6dfa78b4691d9d7bc882240370d5a78,observe,7.0
ground_LOOP_NBV_b160_n92801,GroundV2,ART1_LOOP_DEV,NBV,True,True,63,1.75,6.75,-0.5235987755982978,observe,False,7649d79d5008b1de30d6acb45eba682d6f4d46a978eb81d702da9abc9c3b98fa,left,7.0
ground_LOOP_NBV_b160_n92801,GroundV2,ART1_LOOP_DEV,NBV,True,True,64,1.75,6.75,8.881784197001252e-16,turn_left,False,a56fe103d4a5912683d8f18c2b503470010797a7bf34d654b5b87774fcfdf290,forward,7.0
ground_LOOP_NBV_b160_n92801,GroundV2,ART1_LOOP_DEV,NBV,True,True,65,2.0,6.75,8.881784197001252e-16,forward,False,c2693b5fca1e2defe1231d6beac6cd3cc081d34e14abd987604f1e138ec8f302,forward,7.25
ground_LOOP_NBV_b160_n92801,GroundV2,ART1_LOOP_DEV,NBV,True,True,66,2.25,6.75,8.881784197001252e-16,forward,False,199a7d36a0d358aed18c8be94873154c682928243d27d2875d99e860414deded,forward,7.5
ground_LOOP_NBV_b160_n92801,GroundV2,ART1_LOOP_DEV,NBV,True,True,67,2.5,6.75,8.881784197001252e-16,forward,False,00e69b9744ac898c470db4e795b3e5a83afb19ff92dc7f64269f126afde8502c,forward,7.75
ground_LOOP_NBV_b160_n92801,GroundV2,ART1_LOOP_DEV,NBV,True,True,68,2.75,6.75,8.881784197001252e-16,forward,False,37f1dbcc38fa0d4b293ebf41b725510c664af07c639b90e8482df9b18f52ebda,right,8.0
ground_LOOP_NBV_b160_n92801,GroundV2,ART1_LOOP_DEV,NBV,True,True,69,2.75,6.75,-0.5235987755982978,turn_right,False,cc801a34d8eaa28b70d2212c4443a00a3d6790adb7b44b39ce68a305cc1b2d56,right,8.0
ground_LOOP_NBV_b160_n92801,GroundV2,ART1_LOOP_DEV,NBV,True,True,70,2.75,6.75,-1.0471975511965965,turn_right,False,e81dfba7e7d7fcd404b8ce14d5867c155be2aa57c127807374a4a9d3a724ac16,right,8.0
ground_LOOP_NBV_b160_n92801,GroundV2,ART1_LOOP_DEV,NBV,True,True,71,2.75,6.75,-1.5707963267948952,turn_right,False,03d188a5f34d16c054c358fe8d4eda7427ba3be73ba9874f5a2b7495f7b09112,forward,8.0
ground_LOOP_NBV_b160_n92801,GroundV2,ART1_LOOP_DEV,NBV,True,True,72,2.7500000000000004,6.5,-1.5707963267948952,forward,False,f83bf04514604cf490689aed1d79c4cc3d1e4aeebf025bb608322cea9178cf56,forward,8.25
ground_LOOP_NBV_b160_n92801,GroundV2,ART1_LOOP_DEV,NBV,True,True,73,2.750000000000001,6.25,-1.5707963267948952,forward,False,ad6683ab820d38a9eea97da9b0dfeef008d3bffa6ee6b832f4d8eff43c563e91,forward,8.5
ground_LOOP_NBV_b160_n92801,GroundV2,ART1_LOOP_DEV,NBV,True,True,74,2.7500000000000013,6.0,-1.5707963267948952,forward,False,6291bddcaadcecd59083d2b47ed758f5c9beb8f7a975b831031a4ccc8b6fa692,forward,8.75
ground_LOOP_NBV_b160_n92801,GroundV2,ART1_LOOP_DEV,NBV,True,True,75,2.7500000000000018,5.75,-1.5707963267948952,forward,False,6f0cfc4e5c513a685a559eeb8da8b398be68bd5d6413b9da239aaa6d0c70665e,forward,9.0
ground_LOOP_NBV_b160_n92801,GroundV2,ART1_LOOP_DEV,NBV,True,True,76,2.750000000000002,5.5,-1.5707963267948952,forward,False,c8440bf9c185b647dcf17a918c4935ab4b3cc522bfed48e41caa4e76fbc91ff8,forward,9.25
ground_LOOP_NBV_b160_n92801,GroundV2,ART1_LOOP_DEV,NBV,True,True,77,2.7500000000000027,5.25,-1.5707963267948952,forward,False,ccd97c062a64ae82c476b7a477ea30e024f4270750b15253f3879145c0aa9312,forward,9.5
ground_LOOP_NBV_b160_n92801,GroundV2,ART1_LOOP_DEV,NBV,True,True,78,2.750000000000003,5.0,-1.5707963267948952,forward,False,edb6bdaef474aac1e280b3f31832ef6ec235babd5d4f49880d82e6fd79042f61,forward,9.75
ground_LOOP_NBV_b160_n92801,GroundV2,ART1_LOOP_DEV,NBV,True,True,79,2.7500000000000036,4.75,-1.5707963267948952,forward,False,3c89684278080eee3f9c3fa480256f08c2c7fb0723d5a46c3f3ce63b9fc6336b,observe,10.0
ground_LOOP_NBV_b160_n92801,GroundV2,ART1_LOOP_DEV,NBV,True,True,80,2.7500000000000036,4.75,-1.5707963267948952,observe,False,ddd30da4a4bd9b265fb64592bab21c964efbdd707cb22aac718015a912ee7029,forward,10.0
ground_LOOP_NBV_b160_n92801,GroundV2,ART1_LOOP_DEV,NBV,True,True,81,2.750000000000004,4.5,-1.5707963267948952,forward,False,06c8819106ef616929658ce9b012e13a8b9a6a5c4c77790db1e1a08e177b507e,forward,10.25
ground_LOOP_NBV_b160_n92801,GroundV2,ART1_LOOP_DEV,NBV,True,True,82,2.7500000000000044,4.25,-1.5707963267948952,forward,False,eea05de2463a2eec01a4e8ae1aecbeb20767b12b9403464e7e7224a6aa695fbc,forward,10.5
ground_LOOP_NBV_b160_n92801,GroundV2,ART1_LOOP_DEV,NBV,True,True,83,2.750000000000005,4.0,-1.5707963267948952,forward,False,9150cd0372e73170a69314622360b69ada3999443a477b4aef3c3d4953d49c09,forward,10.75
ground_LOOP_NBV_b160_n92801,GroundV2,ART1_LOOP_DEV,NBV,True,True,84,2.7500000000000053,3.75,-1.5707963267948952,forward,False,b38bac0b66c52d76532beb958eb779c819e998da738e0d443dabf3579e5ecaaf,right,11.0
ground_LOOP_NBV_b160_n92801,GroundV2,ART1_LOOP_DEV,NBV,True,True,85,2.7500000000000053,3.75,-2.094395102393194,turn_right,False,cc34e049c151b946a46bd5ddb0d6e77c9ecc9fe1a70c001f76e5f08654ebdb71,observe,11.0
ground_LOOP_NBV_b160_n92801,GroundV2,ART1_LOOP_DEV,NBV,True,True,86,2.7500000000000053,3.75,-2.094395102393194,observe,False,da1b88a4aeaaea0298ef947f65db6cf5074d16e3467d073c490d6447a54c9c78,right,11.0
ground_LOOP_NBV_b160_n92801,GroundV2,ART1_LOOP_DEV,NBV,True,True,87,2.7500000000000053,3.75,-2.6179938779914926,turn_right,False,67b33684cea5f45abcf4c159d643dfd0638491f84cc7aed925d5b1a663c680bf,right,11.0
ground_LOOP_NBV_b160_n92801,GroundV2,ART1_LOOP_DEV,NBV,True,True,88,2.7500000000000053,3.75,-3.1415926535897913,turn_right,False,784cf4b1551f315199e43d5dc32671c8af769bc4649b4e3f6b25e1422dbd6436,right,11.0
ground_LOOP_NBV_b160_n92801,GroundV2,ART1_LOOP_DEV,NBV,True,True,89,2.7500000000000053,3.75,2.6179938779914966,turn_right,False,a5836705f64ed4a63ebc214389aba2aa42fa09d34a5ba93ee345792bd178bd0d,observe,11.0
ground_LOOP_NBV_b160_n92801,GroundV2,ART1_LOOP_DEV,NBV,True,True,90,2.7500000000000053,3.75,2.6179938779914966,observe,False,a1bb6b49f1f5d830c998bd244725d6d40700006a8f766182f9cd2b7a0b4cf080,right,11.0
ground_LOOP_NBV_b160_n92801,GroundV2,ART1_LOOP_DEV,NBV,True,True,91,2.7500000000000053,3.75,2.0943951023931984,turn_right,False,2e9b00a5652ac6de4efca97d822a97a58aab5762b4d9fb7ff6b00f08b4be4e7a,observe,11.0
ground_LOOP_NBV_b160_n92801,GroundV2,ART1_LOOP_DEV,NBV,True,True,92,2.7500000000000053,3.75,2.0943951023931984,observe,False,c38737704e668b3949d5f74eb52c8a51e0ff520ca7c163340a1a9ad5f05a0bb4,right,11.0
ground_LOOP_NBV_b160_n92801,GroundV2,ART1_LOOP_DEV,NBV,True,True,93,2.7500000000000053,3.75,1.5707963267949,turn_right,False,66112095673eb6489fb678fc85477f384ce8312ebcc8e01006fe637e161ab6b4,observe,11.0
ground_LOOP_NBV_b160_n92801,GroundV2,ART1_LOOP_DEV,NBV,True,True,94,2.7500000000000053,3.75,1.5707963267949,observe,False,c8a2fd0239450a23809e257f98a5ddb88110348060aacc20d9e5d6c50dc98258,left,11.0
ground_LOOP_NBV_b160_n92801,GroundV2,ART1_LOOP_DEV,NBV,True,True,95,2.7500000000000053,3.75,2.0943951023931984,turn_left,False,e4cff55b44768f942de2a915153ab31bfa390de42b7eb330297b87b5fdd8adc2,left,11.0
ground_LOOP_NBV_b160_n92801,GroundV2,ART1_LOOP_DEV,NBV,True,True,96,2.7500000000000053,3.75,2.6179938779914966,turn_left,False,5cdd3db8fb76a41b1fd5c09f820cf233a894a314271b6d82b9f9fb7202a4a2a9,left,11.0
ground_LOOP_NBV_b160_n92801,GroundV2,ART1_LOOP_DEV,NBV,True,True,97,2.7500000000000053,3.75,-3.1415926535897913,turn_left,False,80f5f07349c10c93ad3ad57c1e77e181f7a53e2dd5336cc57fbed8d1879cad04,forward,11.0
ground_LOOP_NBV_b160_n92801,GroundV2,ART1_LOOP_DEV,NBV,True,True,98,2.5000000000000053,3.7499999999999996,-3.1415926535897913,forward,False,32f84082a9a94ebaf452be6f16635fb049478ff05c4da090eb3dddf68c4e60d4,forward,11.25
ground_LOOP_NBV_b160_n92801,GroundV2,ART1_LOOP_DEV,NBV,True,True,99,2.2500000000000053,3.749999999999999,-3.1415926535897913,forward,False,4f23f5a411e0c9ec2b9adf4ebf6b36c9a94ab42a14c3a657705a8acfc197451c,forward,11.5
ground_LOOP_NBV_b160_n92801,GroundV2,ART1_LOOP_DEV,NBV,True,True,100,2.0000000000000053,3.7499999999999987,-3.1415926535897913,forward,False,4cb0ed1a474be15b3c579b5e6827a650bc50ab070ce6481f8cad4441c3f0024f,forward,11.75
ground_LOOP_NBV_b160_n92801,GroundV2,ART1_LOOP_DEV,NBV,True,True,101,1.7500000000000053,3.7499999999999982,-3.1415926535897913,forward,False,1a86f6a15e7e2fd49a2888b94e3dbaa0ab19053ad09629b2a1ce959bf1d504d0,forward,12.0
ground_LOOP_NBV_b160_n92801,GroundV2,ART1_LOOP_DEV,NBV,True,True,102,1.5000000000000053,3.749999999999998,-3.1415926535897913,forward,False,3f6d227107f97bee48d170bb5455ec67a11479a072d14945cf21becd3e8516a9,forward,12.25
ground_LOOP_NBV_b160_n92801,GroundV2,ART1_LOOP_DEV,NBV,True,True,103,1.2500000000000053,3.7499999999999973,-3.1415926535897913,forward,False,a6dc54df1f072b799ee42eaddcc4879e505e6ca11eb4b2cde9f1bb836e815850,forward,12.5
ground_LOOP_NBV_b160_n92801,GroundV2,ART1_LOOP_DEV,NBV,True,True,104,1.0000000000000053,3.749999999999997,-3.1415926535897913,forward,False,0c979142d16848c636fd32c96d9ce7867f05c3afe5b56af8aae2ad6eb84254a4,forward,12.75
ground_LOOP_NBV_b160_n92801,GroundV2,ART1_LOOP_DEV,NBV,True,True,105,0.7500000000000053,3.7499999999999964,-3.1415926535897913,forward,False,270094b0ba85499bbc7a1f935bc5f9f679453292545dff180464289eb53bff6c,right,13.0
ground_LOOP_NBV_b160_n92801,GroundV2,ART1_LOOP_DEV,NBV,True,True,106,0.7500000000000053,3.7499999999999964,2.6179938779914966,turn_right,False,f8b730bad14b522521198116a04d35bdfd3eee382a34d7b361e9924ebf228bf2,right,13.0
ground_LOOP_NBV_b160_n92801,GroundV2,ART1_LOOP_DEV,NBV,True,True,107,0.7500000000000053,3.7499999999999964,2.0943951023931984,turn_right,False,4dd32c88553c847acf7531284a5696d304ad0bf71c491e39424f8d3e3128a509,right,13.0
ground_LOOP_NBV_b160_n92801,GroundV2,ART1_LOOP_DEV,NBV,True,True,108,0.7500000000000053,3.7499999999999964,1.5707963267949,turn_right,False,9e7a83cb7e9420cddbb21cbe0089177939da5bbaa6e5df7c9fe6b43910958b0d,forward,13.0
ground_LOOP_NBV_b160_n92801,GroundV2,ART1_LOOP_DEV,NBV,True,True,109,0.7500000000000044,3.9999999999999964,1.5707963267949,forward,False,d203ebc9dd3cbf92302a0896acac68a1d4a1e838ee7849c9b1a75f37ca09b060,forward,13.25
ground_LOOP_NBV_b160_n92801,GroundV2,ART1_LOOP_DEV,NBV,True,True,110,0.7500000000000036,4.2499999999999964,1.5707963267949,forward,False,c76db9982ee58a69ab21d076c5264865cac2854e0dd2db0241dd6b2cd251d944,forward,13.5
ground_LOOP_NBV_b160_n92801,GroundV2,ART1_LOOP_DEV,NBV,True,True,111,0.7500000000000027,4.4999999999999964,1.5707963267949,forward,False,2a9e7500001e43403b1d3090e7ae955692e7eeca17b0e399df4603eb4573b929,forward,13.75
ground_LOOP_NBV_b160_n92801,GroundV2,ART1_LOOP_DEV,NBV,True,True,112,0.7500000000000018,4.7499999999999964,1.5707963267949,forward,False,f36a6237331442823c0077d852db063ff7774e0951e40b28dbe3018c5c4f1686,right,14.0
ground_LOOP_NBV_b160_n92801,GroundV2,ART1_LOOP_DEV,NBV,True,True,113,0.7500000000000018,4.7499999999999964,1.0471975511966019,turn_right,False,baf1a93c64d690bed802f0ac6daa1b94816e965754dca069dc0645b52f71203a,right,14.0
ground_LOOP_NBV_b160_n92801,GroundV2,ART1_LOOP_DEV,NBV,True,True,114,0.7500000000000018,4.7499999999999964,0.5235987755983031,turn_right,False,99442e764b189aa916f419730b767efd4ea1f5a09a8fcbd7692bf93593420c4b,observe,14.0
ground_LOOP_NBV_b160_n92801,GroundV2,ART1_LOOP_DEV,NBV,True,True,115,0.7500000000000018,4.7499999999999964,0.5235987755983031,observe,False,bf72d32f140f0c5a902b9a5c12df40886c2837511e049f046365400874176a3f,right,14.0
ground_LOOP_NBV_b160_n92801,GroundV2,ART1_LOOP_DEV,NBV,True,True,116,0.7500000000000018,4.7499999999999964,4.440892098500626e-15,turn_right,False,e4797de02c10343edff4241d0f2fea8d5e041467c8d502157846224d7222d8a0,right,14.0
ground_LOOP_NBV_b160_n92801,GroundV2,ART1_LOOP_DEV,NBV,True,True,117,0.7500000000000018,4.7499999999999964,-0.5235987755982943,turn_right,False,520136d352d32490c00127fdc1897885dad729b8864f622766238f2e26e8ce69,right,14.0
ground_LOOP_NBV_b160_n92801,GroundV2,ART1_LOOP_DEV,NBV,True,True,118,0.7500000000000018,4.7499999999999964,-1.047197551196593,turn_right,False,80883913c628e820f884a20f977838fa8196a98bf035bb17a2f46cc037ee473d,right,14.0
ground_LOOP_NBV_b160_n92801,GroundV2,ART1_LOOP_DEV,NBV,True,True,119,0.7500000000000018,4.7499999999999964,-1.5707963267948917,turn_right,False,2d374c9ad6d29f34f459546e055d5c28fd820ab96fe647119ae674d9c1a9b249,forward,14.0
ground_LOOP_NBV_b160_n92801,GroundV2,ART1_LOOP_DEV,NBV,True,True,120,0.750000000000003,4.4999999999999964,-1.5707963267948917,forward,False,00cce609f57b5fd62dfd10edfb707b14fb6d76d5dd199a1a0a5d1dbdc4c0c631,forward,14.25
ground_LOOP_NBV_b160_n92801,GroundV2,ART1_LOOP_DEV,NBV,True,True,121,0.7500000000000042,4.2499999999999964,-1.5707963267948917,forward,False,1bbb68c103187ea44fef69dd4d3d56c919a517343eff1c873351010960d2798b,forward,14.5
ground_LOOP_NBV_b160_n92801,GroundV2,ART1_LOOP_DEV,NBV,True,True,122,0.7500000000000054,3.9999999999999964,-1.5707963267948917,forward,False,fe61c8c68a48356c92d457a26bd9f96832dbe431e7805f302f387c34293b8c93,forward,14.75
ground_LOOP_NBV_b160_n92801,GroundV2,ART1_LOOP_DEV,NBV,True,True,123,0.7500000000000067,3.7499999999999964,-1.5707963267948917,forward,False,bd169c81a984612a863623e1332c6817b5ba80a1359c649008cdfd457f3c10b9,forward,15.0
ground_LOOP_NBV_b160_n92801,GroundV2,ART1_LOOP_DEV,NBV,True,True,124,0.7500000000000079,3.4999999999999964,-1.5707963267948917,forward,False,01e28d9f58f736da2995b31b786452f08946075cb7e2a10a7a409b6757cd2fc6,forward,15.25
ground_LOOP_NBV_b160_n92801,GroundV2,ART1_LOOP_DEV,NBV,True,True,125,0.7500000000000091,3.2499999999999964,-1.5707963267948917,forward,False,a8756abf9efa16394ce0f1a3d939055efa58d0622223f5c58b5021f1217437b9,forward,15.5
ground_LOOP_NBV_b160_n92801,GroundV2,ART1_LOOP_DEV,NBV,True,True,126,0.7500000000000103,2.9999999999999964,-1.5707963267948917,forward,False,04135d1cfee92800dc0b564089c74e6f2945ea7817e778339cdc28a2bc3c0a25,forward,15.75
ground_LOOP_NBV_b160_n92801,GroundV2,ART1_LOOP_DEV,NBV,True,True,127,0.7500000000000115,2.7499999999999964,-1.5707963267948917,forward,False,adf851be0abb4d80353ed4c73c157326f7ce65a4b2e450c406c006d5e28ab24d,forward,16.0
ground_LOOP_NBV_b160_n92801,GroundV2,ART1_LOOP_DEV,NBV,True,True,128,0.7500000000000128,2.4999999999999964,-1.5707963267948917,forward,False,9a54809b418c0edcf6e3779651e1cf2a2d79d065c4a2a7c76dc32536bfa3b6b0,forward,16.25
ground_LOOP_NBV_b160_n92801,GroundV2,ART1_LOOP_DEV,NBV,True,True,129,0.750000000000014,2.2499999999999964,-1.5707963267948917,forward,False,549d66dd5bcc315869b58df5b9fdd43268bfc31c962a9d766f4d37e04c2f62f1,forward,16.5
ground_LOOP_NBV_b160_n92801,GroundV2,ART1_LOOP_DEV,NBV,True,True,130,0.7500000000000152,1.9999999999999964,-1.5707963267948917,forward,False,2e2fde16e78d4ddba3f92f2e4744fda96ff14a862206cfb6e6fe7d9830abb05f,forward,16.75
ground_LOOP_NBV_b160_n92801,GroundV2,ART1_LOOP_DEV,NBV,True,True,131,0.7500000000000164,1.7499999999999964,-1.5707963267948917,forward,False,1744d8ed598f8f601e2654df538d53401db96c1062c471988fcef4f141efb355,left,17.0
ground_LOOP_NBV_b160_n92801,GroundV2,ART1_LOOP_DEV,NBV,True,True,132,0.7500000000000164,1.7499999999999964,-1.047197551196593,turn_left,False,964c309cbe102bbca7782679645f6406493a4649687b861bac95ceafe953e869,left,17.0
ground_LOOP_NBV_b160_n92801,GroundV2,ART1_LOOP_DEV,NBV,True,True,133,0.7500000000000164,1.7499999999999964,-0.5235987755982943,turn_left,False,367efb237a2535aefd2c98c35e9c62ab25a873564ef282287dde6b3760e68aea,left,17.0
ground_LOOP_NBV_b160_n92801,GroundV2,ART1_LOOP_DEV,NBV,True,True,134,0.7500000000000164,1.7499999999999964,4.440892098500626e-15,turn_left,False,3780b37923d6f8d1749212ad3b9e84b2ba23b6a9e22c3bd4c353f207ac026433,left,17.0
ground_LOOP_NBV_b160_n92801,GroundV2,ART1_LOOP_DEV,NBV,True,True,135,0.7500000000000164,1.7499999999999964,0.5235987755983031,turn_left,False,5ee46d526e5cc7508209cf0af407f19cb7bc83f6b0177855ef56958880f498ce,left,17.0
ground_LOOP_NBV_b160_n92801,GroundV2,ART1_LOOP_DEV,NBV,True,True,136,0.7500000000000164,1.7499999999999964,1.0471975511966019,turn_left,False,68c049dc4e941d607898b72ef2408fa4d58e7ef144244a82cb9b922327d16383,observe,17.0
ground_LOOP_NBV_b160_n92801,GroundV2,ART1_LOOP_DEV,NBV,True,True,137,0.7500000000000164,1.7499999999999964,1.0471975511966019,observe,False,f436fe9c1090632ac441861ee58856c92a74612da0818e64543313b9090cdea2,left,17.0
ground_LOOP_NBV_b160_n92801,GroundV2,ART1_LOOP_DEV,NBV,True,True,138,0.7500000000000164,1.7499999999999964,1.5707963267949,turn_left,False,b16c03b8124fb695c9e8a841dc794bd473ee718e156ad2543d411235a1a06964,forward,17.0
ground_LOOP_NBV_b160_n92801,GroundV2,ART1_LOOP_DEV,NBV,True,True,139,0.7500000000000155,1.9999999999999964,1.5707963267949,forward,False,0522e51aab7f949764a0f3f154fce74a6852dc9f958b6b991cc8c8428c5974e2,forward,17.25
ground_LOOP_NBV_b160_n92801,GroundV2,ART1_LOOP_DEV,NBV,True,True,140,0.7500000000000147,2.2499999999999964,1.5707963267949,forward,False,0ee00ceefc04b250594fb1e17f03055f316ba0cd50e545f412f1e11a30eef7bf,forward,17.5
ground_LOOP_NBV_b160_n92801,GroundV2,ART1_LOOP_DEV,NBV,True,True,141,0.7500000000000138,2.4999999999999964,1.5707963267949,forward,False,5c014494248e605766d74e22f626fcdcc515bf4f82698013414946b57b22620c,forward,17.75
ground_LOOP_NBV_b160_n92801,GroundV2,ART1_LOOP_DEV,NBV,True,True,142,0.7500000000000129,2.7499999999999964,1.5707963267949,forward,False,9e77465941aa86fcab5c05903e2ac45989dc5db5758cfe8f6d01836c195f0db5,right,18.0
ground_LOOP_NBV_b160_n92801,GroundV2,ART1_LOOP_DEV,NBV,True,True,143,0.7500000000000129,2.7499999999999964,1.0471975511966019,turn_right,False,30897deaf3dff57557991fadebfe3fcf6f4b41a9826e1c39d5e330e814b27ca3,observe,18.0
ground_LOOP_NBV_b160_n92801,GroundV2,ART1_LOOP_DEV,NBV,True,True,144,0.7500000000000129,2.7499999999999964,1.0471975511966019,observe,False,6bddbf13b083c01e2c8e4741f69942f0841e65a01ce245e982d9b47ac50749b3,right,18.0
ground_LOOP_NBV_b160_n92801,GroundV2,ART1_LOOP_DEV,NBV,True,True,145,0.7500000000000129,2.7499999999999964,0.5235987755983031,turn_right,False,b70c3a5a8d688c1a2cdd7213d91169791ac2f38a8f9619aa2e5e30c77fa7ce87,right,18.0
ground_LOOP_NBV_b160_n92801,GroundV2,ART1_LOOP_DEV,NBV,True,True,146,0.7500000000000129,2.7499999999999964,4.440892098500626e-15,turn_right,False,be7f6876fc2b0953a3ea8cc7a7792894c45eae3f6fdbdbb4dce0faf06ecb6143,right,18.0
ground_LOOP_NBV_b160_n92801,GroundV2,ART1_LOOP_DEV,NBV,True,True,147,0.7500000000000129,2.7499999999999964,-0.5235987755982943,turn_right,False,bc6a3ed835ce808eaf38ba80fce4184ea3aeb4363bb63e46f9a103615e14bdd2,right,18.0
ground_LOOP_NBV_b160_n92801,GroundV2,ART1_LOOP_DEV,NBV,True,True,148,0.7500000000000129,2.7499999999999964,-1.047197551196593,turn_right,False,b160f41636727158e548fa6517ffea50b27b0b8bf2f572c4a7d23bc609bb13c1,right,18.0
ground_LOOP_NBV_b160_n92801,GroundV2,ART1_LOOP_DEV,NBV,True,True,149,0.7500000000000129,2.7499999999999964,-1.5707963267948917,turn_right,False,99f6de045ec2a8d214c5ac1db31fdebf983758a0fffc0bd5dca71169bdeb55ec,forward,18.0
ground_LOOP_NBV_b160_n92801,GroundV2,ART1_LOOP_DEV,NBV,True,True,150,0.7500000000000141,2.4999999999999964,-1.5707963267948917,forward,False,78836d38b8d75a618e924ec44aa4e8ec3a5f888d38ecf83771d166283e289aed,forward,18.25
ground_LOOP_NBV_b160_n92801,GroundV2,ART1_LOOP_DEV,NBV,True,True,151,0.7500000000000153,2.2499999999999964,-1.5707963267948917,forward,False,f3d3db6514af37017bb0c82f096a1365526a4224e43e0d221068ea990ae61736,forward,18.5
ground_LOOP_NBV_b160_n92801,GroundV2,ART1_LOOP_DEV,NBV,True,True,152,0.7500000000000165,1.9999999999999964,-1.5707963267948917,forward,False,694129e24d7cef1fbecc789e826cbbd18c10d08ca0e3429c24e4f036526243db,forward,18.75
ground_LOOP_NBV_b160_n92801,GroundV2,ART1_LOOP_DEV,NBV,True,True,153,0.7500000000000178,1.7499999999999964,-1.5707963267948917,forward,False,2056463b5dfbd3f5beeeaf207fde401a89aca6941f65c326f3f7f5c445a419a3,forward,19.0
ground_LOOP_NBV_b160_n92801,GroundV2,ART1_LOOP_DEV,NBV,True,True,154,0.750000000000019,1.4999999999999964,-1.5707963267948917,forward,False,1f2267ef83a93c9f4fb3e8489514c90b80df11ed24fa88a20a4693b4cbefacba,forward,19.25
ground_LOOP_NBV_b160_n92801,GroundV2,ART1_LOOP_DEV,NBV,True,True,155,0.7500000000000202,1.2499999999999964,-1.5707963267948917,forward,False,a9effc195439e42a071210f5fa22580d2ac12a36c766863571271dbe31dbc1f1,forward,19.5
ground_LOOP_NBV_b160_n92801,GroundV2,ART1_LOOP_DEV,NBV,True,True,156,0.7500000000000214,0.9999999999999964,-1.5707963267948917,forward,False,c3cab524a9e06800ffe8f71b975ad341ae6c8318b97dcaf574840fcd71c83d01,forward,19.75
ground_LOOP_NBV_b160_n92801,GroundV2,ART1_LOOP_DEV,NBV,True,True,157,0.7500000000000226,0.7499999999999964,-1.5707963267948917,forward,False,fc11e478359ab45c14691470b59e479904397e13e193904bea997f3cf8a59606,left,20.0
ground_LOOP_NBV_b160_n92801,GroundV2,ART1_LOOP_DEV,NBV,True,True,158,0.7500000000000226,0.7499999999999964,-1.047197551196593,turn_left,False,26446bd26fd04fe26d0a9dd580cabfc2006d3fdd28eef460ddbeba6c31e276a0,left,20.0
ground_LOOP_NBV_b160_n92801,GroundV2,ART1_LOOP_DEV,NBV,True,True,159,0.7500000000000226,0.7499999999999964,-0.5235987755982943,turn_left,False,6f72e0fab44346d0aa0daa2de3d6efcf47d4428d05b0e7c852694573b99c72de,left,20.0
ground_LOOP_NBV_b160_n92801,GroundV2,ART1_LOOP_DEV,NBV,True,True,160,0.7500000000000226,0.7499999999999964,4.440892098500626e-15,turn_left,False,1c030624d1e00f75a7263f6ac15f77a931613f5e7c435ffd358a244cc4d96b3b,stop,20.0
ground_LOOP_S_b160_n92801,GroundV2,ART1_LOOP_DEV,S,True,True,0,0.75,0.75,0.0,initial_observation,False,96043934d2bbf3ebfa7b34488ea9ac6dcb2f007eabec88e2f87d07e157c0e5bc,left,0.0
ground_LOOP_S_b160_n92801,GroundV2,ART1_LOOP_DEV,S,True,True,1,0.75,0.75,0.5235987755982987,turn_left,False,6c5728d99c373d88348d28aeaf63d761e17fa8a584721e7ede2241ee2e41e9fd,left,0.0
ground_LOOP_S_b160_n92801,GroundV2,ART1_LOOP_DEV,S,True,True,2,0.75,0.75,1.0471975511965974,turn_left,False,d8df6635b7f0bc6317ae8bfd02232f73dcb1591f008566b44280b67e56da0254,left,0.0
ground_LOOP_S_b160_n92801,GroundV2,ART1_LOOP_DEV,S,True,True,3,0.75,0.75,1.5707963267948966,turn_left,False,fc1bce41e2df11b0c5e07d1255efd061e42d3eec688e507ba6ce71ab3a7f7e74,forward,0.0
ground_LOOP_S_b160_n92801,GroundV2,ART1_LOOP_DEV,S,True,True,4,0.75,1.0,1.5707963267948966,forward,False,0dfe102336152969921882ade35532b0dd39cfa7f7b667e4a60f9c57ffdd24e5,forward,0.25
ground_LOOP_S_b160_n92801,GroundV2,ART1_LOOP_DEV,S,True,True,5,0.75,1.25,1.5707963267948966,forward,False,5339d581ede4389e899dec77c8392141b734b12e41e55d3f4480040d97cd5c9d,forward,0.5
ground_LOOP_S_b160_n92801,GroundV2,ART1_LOOP_DEV,S,True,True,6,0.75,1.5,1.5707963267948966,forward,False,d7de4ff78c4556d0d741b04237cc903114e22f64e7558e8d4c5e2e024b1599b9,forward,0.75
ground_LOOP_S_b160_n92801,GroundV2,ART1_LOOP_DEV,S,True,True,7,0.75,1.75,1.5707963267948966,forward,False,598df39456790587d2874d0750d95bf06a3efa5a1f16da4e2d1d0e734c922ca3,forward,1.0
ground_LOOP_S_b160_n92801,GroundV2,ART1_LOOP_DEV,S,True,True,8,0.75,2.0,1.5707963267948966,forward,False,7b009793bb858a71821ddce7bfca146b604768e240e76057e226f8fbca5b2ae3,forward,1.25
ground_LOOP_S_b160_n92801,GroundV2,ART1_LOOP_DEV,S,True,True,9,0.75,2.25,1.5707963267948966,forward,False,99894ac907807f23d632381afeec866f052da77f943473652c78588adcb32812,forward,1.5
ground_LOOP_S_b160_n92801,GroundV2,ART1_LOOP_DEV,S,True,True,10,0.75,2.5,1.5707963267948966,forward,False,e36337113ced8bbc0920cf8fd4ac7e996cdaab13816e5c615a88f0039c615e20,forward,1.75
ground_LOOP_S_b160_n92801,GroundV2,ART1_LOOP_DEV,S,True,True,11,0.75,2.75,1.5707963267948966,forward,False,35b5d280b2771f0e4f85c7c508bb69adc4e499a64727a0a481ae61f69fdb0ccd,forward,2.0
ground_LOOP_S_b160_n92801,GroundV2,ART1_LOOP_DEV,S,True,True,12,0.75,3.0,1.5707963267948966,forward,False,ea80f1a02ac34e608659ac74dc6a896de15731bde6c2fac4d04768801217b2b5,forward,2.25
ground_LOOP_S_b160_n92801,GroundV2,ART1_LOOP_DEV,S,True,True,13,0.75,3.25,1.5707963267948966,forward,False,3aeb20abb1dec6bb798618dc73123441aea6dd5b0b14adc6e959e4a3dbe9d7fa,forward,2.5
ground_LOOP_S_b160_n92801,GroundV2,ART1_LOOP_DEV,S,True,True,14,0.75,3.5,1.5707963267948966,forward,False,f0d70c94e38e8abb30f8d109aa6661fd13ee8b9810b6ab5ae26d3b84670df0d2,forward,2.75
ground_LOOP_S_b160_n92801,GroundV2,ART1_LOOP_DEV,S,True,True,15,0.75,3.75,1.5707963267948966,forward,False,92e703405bf7266644335d8997af85551cba4218b1354adbc7b3016c63f3496b,right,3.0
ground_LOOP_S_b160_n92801,GroundV2,ART1_LOOP_DEV,S,True,True,16,0.75,3.75,1.0471975511965983,turn_right,False,e474ccfd13639f1d2005cac22e090162d8f222fda9a6acd4af39fb2ab4d03e75,observe,3.0
ground_LOOP_S_b160_n92801,GroundV2,ART1_LOOP_DEV,S,True,True,17,0.75,3.75,1.0471975511965983,observe,False,b8f7aa67167c41214912cfb1bab497de2c5620b1be78e6ec580a19399c0f55f9,right,3.0
ground_LOOP_S_b160_n92801,GroundV2,ART1_LOOP_DEV,S,True,True,18,0.75,3.75,0.5235987755982996,turn_right,False,a69ed52095b86e888c3ca2f6a229a2f0d7601f4c114497019774864acc05d8a0,right,3.0
ground_LOOP_S_b160_n92801,GroundV2,ART1_LOOP_DEV,S,True,True,19,0.75,3.75,8.881784197001252e-16,turn_right,False,8cf4c70ea0808a944b99b44927cd9a1e11a4d971702b6c76e644aab800c57abf,observe,3.0
ground_LOOP_S_b160_n92801,GroundV2,ART1_LOOP_DEV,S,True,True,20,0.75,3.75,8.881784197001252e-16,observe,False,14aa71f4df7ac9606d992e928d438323ddceea740a5140f3f387a11a56118538,left,3.0
ground_LOOP_S_b160_n92801,GroundV2,ART1_LOOP_DEV,S,True,True,21,0.75,3.75,0.5235987755982996,turn_left,False,9c2af0e67533bd69d847f4dff854085bd71942adc8c52c3ca00669f47e77ca2b,left,3.0
ground_LOOP_S_b160_n92801,GroundV2,ART1_LOOP_DEV,S,True,True,22,0.75,3.75,1.0471975511965983,turn_left,False,f8fdae053961351928140cc4e1956da25ddf9051f99e245cd91cadaf355dacbb,left,3.0
ground_LOOP_S_b160_n92801,GroundV2,ART1_LOOP_DEV,S,True,True,23,0.75,3.75,1.5707963267948966,turn_left,False,9351b33e0cb57b6ea8d400aacea6e028bf5fd01cbd12276c46615b13aaa97247,forward,3.0
ground_LOOP_S_b160_n92801,GroundV2,ART1_LOOP_DEV,S,True,True,24,0.75,4.0,1.5707963267948966,forward,False,4a231df2544f40ca75f463c839dbed62fbc193ed6ad1e9fd5d5869b9af271d51,forward,3.25
ground_LOOP_S_b160_n92801,GroundV2,ART1_LOOP_DEV,S,True,True,25,0.75,4.25,1.5707963267948966,forward,False,3a8639c30759a5b670259e2533eb11d1afe9dd27256374ef421c85ec137ebb0e,forward,3.5
ground_LOOP_S_b160_n92801,GroundV2,ART1_LOOP_DEV,S,True,True,26,0.75,4.5,1.5707963267948966,forward,False,49f667f1fe9194e71f09ae42e5f76f0b6b35ffe0d0f212d16658acba5e808ac8,forward,3.75
ground_LOOP_S_b160_n92801,GroundV2,ART1_LOOP_DEV,S,True,True,27,0.75,4.75,1.5707963267948966,forward,False,d4beb8e86904b6518139cf0eccc100b9346a127e3fa6d70bd47914e3b10fac7b,forward,4.0
ground_LOOP_S_b160_n92801,GroundV2,ART1_LOOP_DEV,S,True,True,28,0.75,5.0,1.5707963267948966,forward,False,d73292961e2206bbe3c2bafff1fc68dac9e3a5b4bdd94d641089e88f9531fb1e,forward,4.25
ground_LOOP_S_b160_n92801,GroundV2,ART1_LOOP_DEV,S,True,True,29,0.75,5.25,1.5707963267948966,forward,False,f00b4a7ce82e2edaa35dc0b78799fcffbcf879811cbfbfe4410afe34a331bbff,forward,4.5
ground_LOOP_S_b160_n92801,GroundV2,ART1_LOOP_DEV,S,True,True,30,0.75,5.5,1.5707963267948966,forward,False,5a4db034e57fe0984f082d8b92936b9745955d1e5df4be97e8d48c838619567a,forward,4.75
ground_LOOP_S_b160_n92801,GroundV2,ART1_LOOP_DEV,S,True,True,31,0.75,5.75,1.5707963267948966,forward,False,9ea8ebb1445f40b9d18c81b9820ca277326b4dca1caf5c6dc9ae5467ea939952,right,5.0
ground_LOOP_S_b160_n92801,GroundV2,ART1_LOOP_DEV,S,True,True,32,0.75,5.75,1.0471975511965983,turn_right,False,ad3700a4708774acd6d6631c0e534a5088c0657f881ae175c6f3c6f8671e78a5,right,5.0
ground_LOOP_S_b160_n92801,GroundV2,ART1_LOOP_DEV,S,True,True,33,0.75,5.75,0.5235987755982996,turn_right,False,3dffdb6731bf95928636f4458613d857f17ced1ba7336a907b6df42ce5384dff,right,5.0
ground_LOOP_S_b160_n92801,GroundV2,ART1_LOOP_DEV,S,True,True,34,0.75,5.75,8.881784197001252e-16,turn_right,False,6111d6c5fba0e30ee433efc7957127c5eb1ac884463eb358da6c01d4a13e2280,observe,5.0
ground_LOOP_S_b160_n92801,GroundV2,ART1_LOOP_DEV,S,True,True,35,0.75,5.75,8.881784197001252e-16,observe,False,f5fcadfdf0de9c0c81eef6952cf6faa98773ad1558c0b108f4a70cf8d02ffb14,right,5.0
ground_LOOP_S_b160_n92801,GroundV2,ART1_LOOP_DEV,S,True,True,36,0.75,5.75,-0.5235987755982978,turn_right,False,f70a8df66f6c061aa588c704e99736ebff023df9138f9ac75083072daa0f83d8,right,5.0
ground_LOOP_S_b160_n92801,GroundV2,ART1_LOOP_DEV,S,True,True,37,0.75,5.75,-1.0471975511965965,turn_right,False,c4bbc09cbbf0d60c33b3c48987326b0116ad52069be8d3bf9e7075a9edb9d2a9,right,5.0
ground_LOOP_S_b160_n92801,GroundV2,ART1_LOOP_DEV,S,True,True,38,0.75,5.75,-1.5707963267948952,turn_right,False,238769f42eb227194d3dd4ec845355452d462961f87c0a5ea43676fe7d4371a5,observe,5.0
ground_LOOP_S_b160_n92801,GroundV2,ART1_LOOP_DEV,S,True,True,39,0.75,5.75,-1.5707963267948952,observe,False,1fe7b4be37e980f490877f4c38bbc5e366d3d43c21d24f405063e7648d6c419f,left,5.0
ground_LOOP_S_b160_n92801,GroundV2,ART1_LOOP_DEV,S,True,True,40,0.75,5.75,-1.0471975511965965,turn_left,False,e34f7a5b5cf206138e4a70bbf4c6073a1b713897918c39105fdea63a8c714ab5,left,5.0
ground_LOOP_S_b160_n92801,GroundV2,ART1_LOOP_DEV,S,True,True,41,0.75,5.75,-0.5235987755982978,turn_left,False,66c466c63e5974f4a7b20a270999038cb8dd0e91a96ebafaf4ce06a1fe343349,left,5.0
ground_LOOP_S_b160_n92801,GroundV2,ART1_LOOP_DEV,S,True,True,42,0.75,5.75,8.881784197001252e-16,turn_left,False,a7e798eb01471859ee455a639d8e44951b687f9472ae8cd7a2e8c4c225951b3d,left,5.0
ground_LOOP_S_b160_n92801,GroundV2,ART1_LOOP_DEV,S,True,True,43,0.75,5.75,0.5235987755982996,turn_left,False,2cac334be0b04091a21eadff9105e25cd30c30eacccee5f85aa058126328f415,left,5.0
ground_LOOP_S_b160_n92801,GroundV2,ART1_LOOP_DEV,S,True,True,44,0.75,5.75,1.0471975511965983,turn_left,False,4fa8bba129da44b18eb58f0cc14c4116f46a3389defa6e0d589a6f7ab658032a,left,5.0
ground_LOOP_S_b160_n92801,GroundV2,ART1_LOOP_DEV,S,True,True,45,0.75,5.75,1.5707963267948966,turn_left,False,5158bc54cdaa2899e17909d3826deed9dcb2795d1cd88a2c80f1f951ae7ed80d,forward,5.0
ground_LOOP_S_b160_n92801,GroundV2,ART1_LOOP_DEV,S,True,True,46,0.75,6.0,1.5707963267948966,forward,False,af36985361e1bc93e439dcf315512f8fe88d7b8661187af54353208d66d2bc04,forward,5.25
ground_LOOP_S_b160_n92801,GroundV2,ART1_LOOP_DEV,S,True,True,47,0.75,6.25,1.5707963267948966,forward,False,2317c6ce951db7c769d0d9f6679dd2a127347a8d5286f2ab3ee814a6e761c509,forward,5.5
ground_LOOP_S_b160_n92801,GroundV2,ART1_LOOP_DEV,S,True,True,48,0.75,6.5,1.5707963267948966,forward,False,5532c0909f5641067eb8c5410bd0075c8f4416aff9b1a52edd899d04c272e653,forward,5.75
ground_LOOP_S_b160_n92801,GroundV2,ART1_LOOP_DEV,S,True,True,49,0.75,6.75,1.5707963267948966,forward,False,6faec3d28eedf9f425dd8088b5bd2509c0a42dcf88bffba5923112aea1690a69,right,6.0
ground_LOOP_S_b160_n92801,GroundV2,ART1_LOOP_DEV,S,True,True,50,0.75,6.75,1.0471975511965983,turn_right,False,150385397b4180d1a50c21b4326c89c92072b9cf4fab2eb7bd4a12f79c9df46a,right,6.0
ground_LOOP_S_b160_n92801,GroundV2,ART1_LOOP_DEV,S,True,True,51,0.75,6.75,0.5235987755982996,turn_right,False,840730142c6ca2e5563f58bbb9b4687367eaf621f311beaf2c9961e6a451bf0a,right,6.0
ground_LOOP_S_b160_n92801,GroundV2,ART1_LOOP_DEV,S,True,True,52,0.75,6.75,8.881784197001252e-16,turn_right,False,1184b30d5085714fa3f884f37dd0e431457e9f56f5ca22054cc5c281b9657495,right,6.0
ground_LOOP_S_b160_n92801,GroundV2,ART1_LOOP_DEV,S,True,True,53,0.75,6.75,-0.5235987755982978,turn_right,False,a73bb0292b79eb93740ec34506fdb0750d61aee2a30b50f00eca6ceeaf0d870e,right,6.0
ground_LOOP_S_b160_n92801,GroundV2,ART1_LOOP_DEV,S,True,True,54,0.75,6.75,-1.0471975511965965,turn_right,False,dc0bb22f9e1836eafab06def1f682b2910c2fc656fa2d57e676249598e5a1c50,observe,6.0
ground_LOOP_S_b160_n92801,GroundV2,ART1_LOOP_DEV,S,True,True,55,0.75,6.75,-1.0471975511965965,observe,False,cf1ad59a97b7e59b2488a1bd1595307d7d7a546f869c2dbab9ee9f0e4b1dd252,left,6.0
ground_LOOP_S_b160_n92801,GroundV2,ART1_LOOP_DEV,S,True,True,56,0.75,6.75,-0.5235987755982978,turn_left,False,114c3b705b8e758e05ebfd75feb20c1d96b49f58588555f623b46b5deb8c0d2f,left,6.0
ground_LOOP_S_b160_n92801,GroundV2,ART1_LOOP_DEV,S,True,True,57,0.75,6.75,8.881784197001252e-16,turn_left,False,08f8211d2d3c90996a37be09ce81ce94d58c2becbacf2dcfe964aa934d7ce164,forward,6.0
ground_LOOP_S_b160_n92801,GroundV2,ART1_LOOP_DEV,S,True,True,58,1.0,6.75,8.881784197001252e-16,forward,False,a7a214f292546e5c5e96c1f47fd9cc44b6cd0a1c4eb0aa82b88aeaff05489caa,forward,6.25
ground_LOOP_S_b160_n92801,GroundV2,ART1_LOOP_DEV,S,True,True,59,1.25,6.75,8.881784197001252e-16,forward,False,06acede7ca34dd24cb839255e71b6040276fb5965bcc774dd2861b67f6a8e42f,forward,6.5
ground_LOOP_S_b160_n92801,GroundV2,ART1_LOOP_DEV,S,True,True,60,1.5,6.75,8.881784197001252e-16,forward,False,1d8497bcabf7878444f111273b9dba6fed3fc23bfa40a6a36195a5fb89dd13bf,forward,6.75
ground_LOOP_S_b160_n92801,GroundV2,ART1_LOOP_DEV,S,True,True,61,1.75,6.75,8.881784197001252e-16,forward,False,977ec3dba528f1af03abf94a32ec5738247dbc214450596d6f87fb8c56a8d36b,right,7.0
ground_LOOP_S_b160_n92801,GroundV2,ART1_LOOP_DEV,S,True,True,62,1.75,6.75,-0.5235987755982978,turn_right,False,40f89a1a2842474adb315668fdb1ab967a8c69067c928d436db9548f4c4bc454,observe,7.0
ground_LOOP_S_b160_n92801,GroundV2,ART1_LOOP_DEV,S,True,True,63,1.75,6.75,-0.5235987755982978,observe,False,063aee7008973d8b83abc21c089065c0de4dd4cb5ba6dc550eb54af73da8acda,left,7.0
ground_LOOP_S_b160_n92801,GroundV2,ART1_LOOP_DEV,S,True,True,64,1.75,6.75,8.881784197001252e-16,turn_left,False,75cae3ce9f7805d988d73d36f21676eaed3456fdee8f6b60fbef4436f3c78e9c,forward,7.0
ground_LOOP_S_b160_n92801,GroundV2,ART1_LOOP_DEV,S,True,True,65,2.0,6.75,8.881784197001252e-16,forward,False,a88fcbaeb3e637cb65efeb85657603b0eda77b4eaed13798ce4396a443ec1033,forward,7.25
ground_LOOP_S_b160_n92801,GroundV2,ART1_LOOP_DEV,S,True,True,66,2.25,6.75,8.881784197001252e-16,forward,False,dca50daccb9f55c15cdae85276994533fa8fe7a9ad1dd989d151653d6b7d44a3,forward,7.5
ground_LOOP_S_b160_n92801,GroundV2,ART1_LOOP_DEV,S,True,True,67,2.5,6.75,8.881784197001252e-16,forward,False,eb020496b7467a0f78e54b117ba06390157ab677724f8a434419bbc083798d33,forward,7.75
ground_LOOP_S_b160_n92801,GroundV2,ART1_LOOP_DEV,S,True,True,68,2.75,6.75,8.881784197001252e-16,forward,False,c72c27c46318d58e0f7265a074a70f2589ad8ff0c936019b44d1719952b45ac1,right,8.0
ground_LOOP_S_b160_n92801,GroundV2,ART1_LOOP_DEV,S,True,True,69,2.75,6.75,-0.5235987755982978,turn_right,False,3aea216fbea37f1f5cff7a9153723235bf6eab3e6cd121fedf6b0b2b01c4ce71,right,8.0
ground_LOOP_S_b160_n92801,GroundV2,ART1_LOOP_DEV,S,True,True,70,2.75,6.75,-1.0471975511965965,turn_right,False,804d2e1d6eac6905ace4ff64ba922f7e8b7ab2f1a3d8db36b04381955c78bced,right,8.0
ground_LOOP_S_b160_n92801,GroundV2,ART1_LOOP_DEV,S,True,True,71,2.75,6.75,-1.5707963267948952,turn_right,False,82fe102deb98301775c8685636bfc7b30a8c17d3e54d21266e97e1872fa738d2,forward,8.0
ground_LOOP_S_b160_n92801,GroundV2,ART1_LOOP_DEV,S,True,True,72,2.7500000000000004,6.5,-1.5707963267948952,forward,False,c424655823245b9c687a42096e952e896e15e4611f2a63b76161136f1dd6ddf7,forward,8.25
ground_LOOP_S_b160_n92801,GroundV2,ART1_LOOP_DEV,S,True,True,73,2.750000000000001,6.25,-1.5707963267948952,forward,False,c0bea6dff52feb7ac3310f4732e733cc4522c58c6919f8e7777f1220c4454264,forward,8.5
ground_LOOP_S_b160_n92801,GroundV2,ART1_LOOP_DEV,S,True,True,74,2.7500000000000013,6.0,-1.5707963267948952,forward,False,cc75d3fe01655e0aa7648b162522b9daa1905d42b59c4df2abe7a1b88c953ef7,forward,8.75
ground_LOOP_S_b160_n92801,GroundV2,ART1_LOOP_DEV,S,True,True,75,2.7500000000000018,5.75,-1.5707963267948952,forward,False,e09a960b026de1470a209c1a6dd26b4d5d0a52ad094d47f1f5e2c7c7633beacc,forward,9.0
ground_LOOP_S_b160_n92801,GroundV2,ART1_LOOP_DEV,S,True,True,76,2.750000000000002,5.5,-1.5707963267948952,forward,False,b44189ccfa98b7d29a5304c40245cda4c814bf5401c653caa968230f2ed14932,forward,9.25
ground_LOOP_S_b160_n92801,GroundV2,ART1_LOOP_DEV,S,True,True,77,2.7500000000000027,5.25,-1.5707963267948952,forward,False,b0338d27b331579012cebe02be9ae0f0022e2b5d85a0be2a5ca693f9d63704e9,forward,9.5
ground_LOOP_S_b160_n92801,GroundV2,ART1_LOOP_DEV,S,True,True,78,2.750000000000003,5.0,-1.5707963267948952,forward,False,66ad8c55a7648ef2afafbf193c03004a188d234edfebc4695cb5c7b183455390,forward,9.75
ground_LOOP_S_b160_n92801,GroundV2,ART1_LOOP_DEV,S,True,True,79,2.7500000000000036,4.75,-1.5707963267948952,forward,False,e375da1180057b51fbfb4076abe083dced29281d371eaa9a5987ef91cc274b53,observe,10.0
ground_LOOP_S_b160_n92801,GroundV2,ART1_LOOP_DEV,S,True,True,80,2.7500000000000036,4.75,-1.5707963267948952,observe,False,3a4f9a441a68141d591e595c042c5507ed3d1e6a5976709569791f2d62d5ec35,forward,10.0
ground_LOOP_S_b160_n92801,GroundV2,ART1_LOOP_DEV,S,True,True,81,2.750000000000004,4.5,-1.5707963267948952,forward,False,41f8af5d3790a1a2078aaa5c2b88c8c71700fbded9f3c2157688659551679c76,forward,10.25
ground_LOOP_S_b160_n92801,GroundV2,ART1_LOOP_DEV,S,True,True,82,2.7500000000000044,4.25,-1.5707963267948952,forward,False,2be4df9b66f662ef465b0f2ba15b8dca4153276294e7e0d39a4b001383d06ff2,forward,10.5
ground_LOOP_S_b160_n92801,GroundV2,ART1_LOOP_DEV,S,True,True,83,2.750000000000005,4.0,-1.5707963267948952,forward,False,e8171c44e1ad60e1c7f407f64319caffde8a1c2fd9c22eee7f9ba4dfe87286ea,forward,10.75
ground_LOOP_S_b160_n92801,GroundV2,ART1_LOOP_DEV,S,True,True,84,2.7500000000000053,3.75,-1.5707963267948952,forward,False,84c392129805609b280169cad56d5ccca296630d10e08dfca8036456130a4410,right,11.0
ground_LOOP_S_b160_n92801,GroundV2,ART1_LOOP_DEV,S,True,True,85,2.7500000000000053,3.75,-2.094395102393194,turn_right,False,b1094c2ff77cebea07b0fc1c3cf084c78ea8606b56f65fd91ab6b64e79ea54b7,observe,11.0
ground_LOOP_S_b160_n92801,GroundV2,ART1_LOOP_DEV,S,True,True,86,2.7500000000000053,3.75,-2.094395102393194,observe,False,4cd6fea0debfa16c6bd04fcc8e324feb3dd43753eea256c24a2c35f7bd15009f,right,11.0
ground_LOOP_S_b160_n92801,GroundV2,ART1_LOOP_DEV,S,True,True,87,2.7500000000000053,3.75,-2.6179938779914926,turn_right,False,ceb588ff24e2895f69a399633596ed05c3cf0663d038d9a9364838a64d0bd0b7,right,11.0
ground_LOOP_S_b160_n92801,GroundV2,ART1_LOOP_DEV,S,True,True,88,2.7500000000000053,3.75,-3.1415926535897913,turn_right,False,0bbd53e7a41cf746105676c11dbe00ae77041f37227c5523e65fa6f9e6d6c8cf,right,11.0
ground_LOOP_S_b160_n92801,GroundV2,ART1_LOOP_DEV,S,True,True,89,2.7500000000000053,3.75,2.6179938779914966,turn_right,False,53ffa19fcb5229ea405f5ac76957b3354e4d451c1c3822dff2a7d8a5e0dc0ab0,observe,11.0
ground_LOOP_S_b160_n92801,GroundV2,ART1_LOOP_DEV,S,True,True,90,2.7500000000000053,3.75,2.6179938779914966,observe,False,7241e82e80ae4122b072207a4c20378c7eac84071d326517e4acc794adb1c4dc,right,11.0
ground_LOOP_S_b160_n92801,GroundV2,ART1_LOOP_DEV,S,True,True,91,2.7500000000000053,3.75,2.0943951023931984,turn_right,False,e163fa01ae58c8f5d78e6b602e39b8ad3ce990f6ca5366a947b8441ae342e3ae,observe,11.0
ground_LOOP_S_b160_n92801,GroundV2,ART1_LOOP_DEV,S,True,True,92,2.7500000000000053,3.75,2.0943951023931984,observe,False,259e20a36677277f623bb186759fa17384d53a8e0385544cd236a50cb7f433a7,right,11.0
ground_LOOP_S_b160_n92801,GroundV2,ART1_LOOP_DEV,S,True,True,93,2.7500000000000053,3.75,1.5707963267949,turn_right,False,4683ea9c9f7fdfeea767c8af1b5392400b7e7ff51528bdd2e8d70ca116e6148b,observe,11.0
ground_LOOP_S_b160_n92801,GroundV2,ART1_LOOP_DEV,S,True,True,94,2.7500000000000053,3.75,1.5707963267949,observe,False,039b8b247aee2d5fdf196c31a8a8f74b91677c0ac3742c1b17249b7f878c6dd6,left,11.0
ground_LOOP_S_b160_n92801,GroundV2,ART1_LOOP_DEV,S,True,True,95,2.7500000000000053,3.75,2.0943951023931984,turn_left,False,5278786c3caa30cbc4f10691535cea4676b44d87c197047ed020dc86d38a0949,left,11.0
ground_LOOP_S_b160_n92801,GroundV2,ART1_LOOP_DEV,S,True,True,96,2.7500000000000053,3.75,2.6179938779914966,turn_left,False,afa4201e45bcf210efde1a295c0af59f36755d90e3a37e57bd4475a457cef3ce,left,11.0
ground_LOOP_S_b160_n92801,GroundV2,ART1_LOOP_DEV,S,True,True,97,2.7500000000000053,3.75,-3.1415926535897913,turn_left,False,9a6c978ab135c964abc1e0e207b89198f5d28bd163887447e139dacb45f6d1d9,forward,11.0
ground_LOOP_S_b160_n92801,GroundV2,ART1_LOOP_DEV,S,True,True,98,2.5000000000000053,3.7499999999999996,-3.1415926535897913,forward,False,bdf7c2139f8278bbd9d4c6ca9ef1819e224f7f99f602d1fa3c2b93756205a32a,forward,11.25
ground_LOOP_S_b160_n92801,GroundV2,ART1_LOOP_DEV,S,True,True,99,2.2500000000000053,3.749999999999999,-3.1415926535897913,forward,False,9df9a8f46c2ec16899551cdb45585adbe1b872e9bca4f0b119f519d55821f595,forward,11.5
ground_LOOP_S_b160_n92801,GroundV2,ART1_LOOP_DEV,S,True,True,100,2.0000000000000053,3.7499999999999987,-3.1415926535897913,forward,False,bd3f66de8bf8e04325081d8f90d2ecdf275520b5d72a7d1cfc5f9d4cd38e42dd,forward,11.75
ground_LOOP_S_b160_n92801,GroundV2,ART1_LOOP_DEV,S,True,True,101,1.7500000000000053,3.7499999999999982,-3.1415926535897913,forward,False,8816d1aa82fc6ad15834de9f24d50366208901f0ccdc21cc7f93d9eea25bd7c4,forward,12.0
ground_LOOP_S_b160_n92801,GroundV2,ART1_LOOP_DEV,S,True,True,102,1.5000000000000053,3.749999999999998,-3.1415926535897913,forward,False,70609c342566f032393eb81b078880e1b1bb5c5e7b62259a95bd4e97fd38b400,forward,12.25
ground_LOOP_S_b160_n92801,GroundV2,ART1_LOOP_DEV,S,True,True,103,1.2500000000000053,3.7499999999999973,-3.1415926535897913,forward,False,334f8b58da388d1cd1d87f1460a8cefa83a21290e6126697ecef27c3011c3ffb,forward,12.5
ground_LOOP_S_b160_n92801,GroundV2,ART1_LOOP_DEV,S,True,True,104,1.0000000000000053,3.749999999999997,-3.1415926535897913,forward,False,e47eae3079469de1f27ef2d04e5b24bc8fd32c62bd0393eede530ea3c1fa8eab,forward,12.75
ground_LOOP_S_b160_n92801,GroundV2,ART1_LOOP_DEV,S,True,True,105,0.7500000000000053,3.7499999999999964,-3.1415926535897913,forward,False,3863b23f66e8cdcdf849e1a5add72d0690760efbddee721ec1ab14f44ab2b091,right,13.0
ground_LOOP_S_b160_n92801,GroundV2,ART1_LOOP_DEV,S,True,True,106,0.7500000000000053,3.7499999999999964,2.6179938779914966,turn_right,False,d0b323e66f7c7d70f7314c22deab6132d173f073ccf168e349bb71781cd626eb,right,13.0
ground_LOOP_S_b160_n92801,GroundV2,ART1_LOOP_DEV,S,True,True,107,0.7500000000000053,3.7499999999999964,2.0943951023931984,turn_right,False,199962b06b7f0a37038df3fe2ec512ad98e781eb25ab5677b9f6266e9bb5712e,right,13.0
ground_LOOP_S_b160_n92801,GroundV2,ART1_LOOP_DEV,S,True,True,108,0.7500000000000053,3.7499999999999964,1.5707963267949,turn_right,False,b0818858b889a99e7f700d018a3ed431be69ccc16bbd9008616b8e26e7189d00,forward,13.0
ground_LOOP_S_b160_n92801,GroundV2,ART1_LOOP_DEV,S,True,True,109,0.7500000000000044,3.9999999999999964,1.5707963267949,forward,False,fe5843427f284821839fd2015b94656ed2149a775623e77e58af19054aaf74d1,forward,13.25
ground_LOOP_S_b160_n92801,GroundV2,ART1_LOOP_DEV,S,True,True,110,0.7500000000000036,4.2499999999999964,1.5707963267949,forward,False,579965dc11f4dab075aceb829275485b0f275952a070dc4a3058d43cf59f9cf1,forward,13.5
ground_LOOP_S_b160_n92801,GroundV2,ART1_LOOP_DEV,S,True,True,111,0.7500000000000027,4.4999999999999964,1.5707963267949,forward,False,a5da101ce8c7c37439a3c1264f3186ccedcfac1b5c509a5922ba3ea078b8461d,forward,13.75
ground_LOOP_S_b160_n92801,GroundV2,ART1_LOOP_DEV,S,True,True,112,0.7500000000000018,4.7499999999999964,1.5707963267949,forward,False,12fd83cf76875f453e220df96eb11fe7a8266b76f96e5718294b8bc898671535,right,14.0
ground_LOOP_S_b160_n92801,GroundV2,ART1_LOOP_DEV,S,True,True,113,0.7500000000000018,4.7499999999999964,1.0471975511966019,turn_right,False,7c087348150a743cdb96f2dedf32aca1584549178890455618262357e9b02a94,right,14.0
ground_LOOP_S_b160_n92801,GroundV2,ART1_LOOP_DEV,S,True,True,114,0.7500000000000018,4.7499999999999964,0.5235987755983031,turn_right,False,7fae09a58446cb8b426aa38b793385d5d04020fbc4fb44560ae5098f91022ae4,observe,14.0
ground_LOOP_S_b160_n92801,GroundV2,ART1_LOOP_DEV,S,True,True,115,0.7500000000000018,4.7499999999999964,0.5235987755983031,observe,False,b978ebfc1a43a81663054bd7346dbce8f87a52b1bcc35ff178479b2b7b643885,right,14.0
ground_LOOP_S_b160_n92801,GroundV2,ART1_LOOP_DEV,S,True,True,116,0.7500000000000018,4.7499999999999964,4.440892098500626e-15,turn_right,False,ae5bd1ff66ed14cb154803085aae63ab1d0f8a4d588cc5edcf8a6b0983113de1,right,14.0
ground_LOOP_S_b160_n92801,GroundV2,ART1_LOOP_DEV,S,True,True,117,0.7500000000000018,4.7499999999999964,-0.5235987755982943,turn_right,False,301d2fbc6d2dcfc65bef764d8bf574a026a82c872e6c2b8aa2972c68bf98579b,right,14.0
ground_LOOP_S_b160_n92801,GroundV2,ART1_LOOP_DEV,S,True,True,118,0.7500000000000018,4.7499999999999964,-1.047197551196593,turn_right,False,9a25aa79b063a32224b0cf388e5596d40c5ce570054dc2f39f2f63b0b1a0811b,right,14.0
ground_LOOP_S_b160_n92801,GroundV2,ART1_LOOP_DEV,S,True,True,119,0.7500000000000018,4.7499999999999964,-1.5707963267948917,turn_right,False,abd4ccf8dca7978061e33b24888483d7138ef508858b48a715faff838b0cbf9a,forward,14.0
ground_LOOP_S_b160_n92801,GroundV2,ART1_LOOP_DEV,S,True,True,120,0.750000000000003,4.4999999999999964,-1.5707963267948917,forward,False,4ad7d02ff1f964934afc7f15cc4c3508b1f88a311ec11c154171452512acbb81,forward,14.25
ground_LOOP_S_b160_n92801,GroundV2,ART1_LOOP_DEV,S,True,True,121,0.7500000000000042,4.2499999999999964,-1.5707963267948917,forward,False,5c9297ea394b7097d1e5551c3c2700402bad280b5e284d2d7530979442a08a7d,forward,14.5
ground_LOOP_S_b160_n92801,GroundV2,ART1_LOOP_DEV,S,True,True,122,0.7500000000000054,3.9999999999999964,-1.5707963267948917,forward,False,7d2cce93f272ce6129c257ea3d07afe8fa43aa3a0090bd7faf053cee60cad902,forward,14.75
ground_LOOP_S_b160_n92801,GroundV2,ART1_LOOP_DEV,S,True,True,123,0.7500000000000067,3.7499999999999964,-1.5707963267948917,forward,False,31af7f0c0958f44181dd4a0bcf9a5727ca4ae2001030c31d2b23faf83e71420d,forward,15.0
ground_LOOP_S_b160_n92801,GroundV2,ART1_LOOP_DEV,S,True,True,124,0.7500000000000079,3.4999999999999964,-1.5707963267948917,forward,False,421b541f4de66104cf545486ae4a1742984236499f32d680d16a37c03e22d9bb,forward,15.25
ground_LOOP_S_b160_n92801,GroundV2,ART1_LOOP_DEV,S,True,True,125,0.7500000000000091,3.2499999999999964,-1.5707963267948917,forward,False,5429204118b2b27262356609cd7e700ae17dae8b91305bd091f10a54477f8f35,forward,15.5
ground_LOOP_S_b160_n92801,GroundV2,ART1_LOOP_DEV,S,True,True,126,0.7500000000000103,2.9999999999999964,-1.5707963267948917,forward,False,1d3721c240a50ecf4a542dfda778790d44b3936264168e100087ac98d39cb2ed,forward,15.75
ground_LOOP_S_b160_n92801,GroundV2,ART1_LOOP_DEV,S,True,True,127,0.7500000000000115,2.7499999999999964,-1.5707963267948917,forward,False,dae8619b9b48151534adef2d320a20cad39df907bf1796113014d4b771e7d10c,forward,16.0
ground_LOOP_S_b160_n92801,GroundV2,ART1_LOOP_DEV,S,True,True,128,0.7500000000000128,2.4999999999999964,-1.5707963267948917,forward,False,b19d0b4ed7b59ef7c2d254342bea032319c30cb53148bb69aebff5af1dc3201b,forward,16.25
ground_LOOP_S_b160_n92801,GroundV2,ART1_LOOP_DEV,S,True,True,129,0.750000000000014,2.2499999999999964,-1.5707963267948917,forward,False,8cfec0b7a7f22abcafd333dcc2404f0df5b57599a7a62c38e145ca7b6200323b,forward,16.5
ground_LOOP_S_b160_n92801,GroundV2,ART1_LOOP_DEV,S,True,True,130,0.7500000000000152,1.9999999999999964,-1.5707963267948917,forward,False,5cfb548fe75837024675b3e889e10b1c8c03c746e48429b186c527e79f33e4f6,forward,16.75
ground_LOOP_S_b160_n92801,GroundV2,ART1_LOOP_DEV,S,True,True,131,0.7500000000000164,1.7499999999999964,-1.5707963267948917,forward,False,7338927ba71eb063ff67ad5be538202a0f90edd817bdae6b6bdb5d1eac1f1277,left,17.0
ground_LOOP_S_b160_n92801,GroundV2,ART1_LOOP_DEV,S,True,True,132,0.7500000000000164,1.7499999999999964,-1.047197551196593,turn_left,False,c14f689b73e5e4cc282ee8b1919711f74377f04a8789c803e349af892b447b05,left,17.0
ground_LOOP_S_b160_n92801,GroundV2,ART1_LOOP_DEV,S,True,True,133,0.7500000000000164,1.7499999999999964,-0.5235987755982943,turn_left,False,80ccc42b7c2a67e7519e7e78a49b852ae15148b05ffc90ee764d813c9c90e1d4,left,17.0
ground_LOOP_S_b160_n92801,GroundV2,ART1_LOOP_DEV,S,True,True,134,0.7500000000000164,1.7499999999999964,4.440892098500626e-15,turn_left,False,96f541d62d1d04b0db1f0db561b345edd0eb63c9b22c554ee85ed1e7f960f67a,left,17.0
ground_LOOP_S_b160_n92801,GroundV2,ART1_LOOP_DEV,S,True,True,135,0.7500000000000164,1.7499999999999964,0.5235987755983031,turn_left,False,c06c38deb679e16d50fd263810974fa3d079561a9b7c9bac77b51ccf85c8595d,left,17.0
ground_LOOP_S_b160_n92801,GroundV2,ART1_LOOP_DEV,S,True,True,136,0.7500000000000164,1.7499999999999964,1.0471975511966019,turn_left,False,8d9492776aa5f47bd4633bf958613c79a8f422d4b635f759864aea8577c8c696,observe,17.0
ground_LOOP_S_b160_n92801,GroundV2,ART1_LOOP_DEV,S,True,True,137,0.7500000000000164,1.7499999999999964,1.0471975511966019,observe,False,9652c7a00f9f1f52e24c672d0fe33519621cbd749df0fd827c039f101ec78fb0,left,17.0
ground_LOOP_S_b160_n92801,GroundV2,ART1_LOOP_DEV,S,True,True,138,0.7500000000000164,1.7499999999999964,1.5707963267949,turn_left,False,550205a7644ddac674329f400c71f97c8c089cba730dbf01a8b6c659c1ac62d4,forward,17.0
ground_LOOP_S_b160_n92801,GroundV2,ART1_LOOP_DEV,S,True,True,139,0.7500000000000155,1.9999999999999964,1.5707963267949,forward,False,65ef7d4c1d5232aa431c987a1d1e17d7e5ef552ff7833196d1d5d703d2c4b8b7,forward,17.25
ground_LOOP_S_b160_n92801,GroundV2,ART1_LOOP_DEV,S,True,True,140,0.7500000000000147,2.2499999999999964,1.5707963267949,forward,False,a1291ca7eb8d756afc8169ab78ca8bd41035b52ad80175d71eb1f22b951bfc96,forward,17.5
ground_LOOP_S_b160_n92801,GroundV2,ART1_LOOP_DEV,S,True,True,141,0.7500000000000138,2.4999999999999964,1.5707963267949,forward,False,3fd014e1b8ceef578a022109d17e79bc848f82ea1f7234e0d745c0fd72ee7257,forward,17.75
ground_LOOP_S_b160_n92801,GroundV2,ART1_LOOP_DEV,S,True,True,142,0.7500000000000129,2.7499999999999964,1.5707963267949,forward,False,975609a92b0d03749dc07d6b3717c4e9cb1ba4169da6d78f6af5b2742bbf1173,right,18.0
ground_LOOP_S_b160_n92801,GroundV2,ART1_LOOP_DEV,S,True,True,143,0.7500000000000129,2.7499999999999964,1.0471975511966019,turn_right,False,b93ba5a6a03170c37dcce799af1f323bab5f7044f996c3b7c08c3a2e6bbfeaa7,observe,18.0
ground_LOOP_S_b160_n92801,GroundV2,ART1_LOOP_DEV,S,True,True,144,0.7500000000000129,2.7499999999999964,1.0471975511966019,observe,False,871cd894db4d4624e60723bf0251c1d8465edd796aa50060875516c328f22ebc,right,18.0
ground_LOOP_S_b160_n92801,GroundV2,ART1_LOOP_DEV,S,True,True,145,0.7500000000000129,2.7499999999999964,0.5235987755983031,turn_right,False,d18201cd090f4bdec050dc64f05fd7e68d03f6a873d1177327abf4ffd0b92676,right,18.0
ground_LOOP_S_b160_n92801,GroundV2,ART1_LOOP_DEV,S,True,True,146,0.7500000000000129,2.7499999999999964,4.440892098500626e-15,turn_right,False,831123ae112e8e11f098f0290c1bc2877f1a0897e63ec3adb9e94bd0290164d8,right,18.0
ground_LOOP_S_b160_n92801,GroundV2,ART1_LOOP_DEV,S,True,True,147,0.7500000000000129,2.7499999999999964,-0.5235987755982943,turn_right,False,4900b8b8e50f38210b5877b4915deef63c3c8b3fe5b9f3a6814bf55a2bb34a3c,right,18.0
ground_LOOP_S_b160_n92801,GroundV2,ART1_LOOP_DEV,S,True,True,148,0.7500000000000129,2.7499999999999964,-1.047197551196593,turn_right,False,36844b4280646e878dc506be21d00f08e02648dcb07415d6e0292db01734e6a5,right,18.0
ground_LOOP_S_b160_n92801,GroundV2,ART1_LOOP_DEV,S,True,True,149,0.7500000000000129,2.7499999999999964,-1.5707963267948917,turn_right,False,84d5fb27bf826d85ab76ad22bbc437a6fe7841c2d351883305ae7a3a26fc0e7f,forward,18.0
ground_LOOP_S_b160_n92801,GroundV2,ART1_LOOP_DEV,S,True,True,150,0.7500000000000141,2.4999999999999964,-1.5707963267948917,forward,False,f6ee4076742449f1be4ceb6952044d422cc1790ef965a9c9ac2b80c4c7ce67d1,forward,18.25
ground_LOOP_S_b160_n92801,GroundV2,ART1_LOOP_DEV,S,True,True,151,0.7500000000000153,2.2499999999999964,-1.5707963267948917,forward,False,1eb5da863f30cc4838d555506c273ac38ced6dc7d2eb6da33cb9e1b92c832d33,forward,18.5
ground_LOOP_S_b160_n92801,GroundV2,ART1_LOOP_DEV,S,True,True,152,0.7500000000000165,1.9999999999999964,-1.5707963267948917,forward,False,66c6ab888835e74214d2cbf6e1868fc392e3798f3af83e3e2a227807a439709d,forward,18.75
ground_LOOP_S_b160_n92801,GroundV2,ART1_LOOP_DEV,S,True,True,153,0.7500000000000178,1.7499999999999964,-1.5707963267948917,forward,False,05b1b632458661e390d82c773de0c0e7920f6ffa6b81bb4a0140abd52764878f,forward,19.0
ground_LOOP_S_b160_n92801,GroundV2,ART1_LOOP_DEV,S,True,True,154,0.750000000000019,1.4999999999999964,-1.5707963267948917,forward,False,ce85024d724fc102a51b47705ac2754c64efdd3eb9a05343713d4dbfebc42709,forward,19.25
ground_LOOP_S_b160_n92801,GroundV2,ART1_LOOP_DEV,S,True,True,155,0.7500000000000202,1.2499999999999964,-1.5707963267948917,forward,False,8b84f3a5684523b9a9c6d68b8cbf262fb477d35dde7f9791c06412adb6fee737,forward,19.5
ground_LOOP_S_b160_n92801,GroundV2,ART1_LOOP_DEV,S,True,True,156,0.7500000000000214,0.9999999999999964,-1.5707963267948917,forward,False,7986f18d01bedc733a7c0e64df46e967d968f113fb00cdd8e5239e75409d5c89,forward,19.75
ground_LOOP_S_b160_n92801,GroundV2,ART1_LOOP_DEV,S,True,True,157,0.7500000000000226,0.7499999999999964,-1.5707963267948917,forward,False,05b37c3471c5db152a812c53dc5677f9c9e377b778e0b0221533fecec323121c,left,20.0
ground_LOOP_S_b160_n92801,GroundV2,ART1_LOOP_DEV,S,True,True,158,0.7500000000000226,0.7499999999999964,-1.047197551196593,turn_left,False,ba17f370211b8a83e49204789dd5aba8f8fe2196000addf322dd2e90a504e258,left,20.0
ground_LOOP_S_b160_n92801,GroundV2,ART1_LOOP_DEV,S,True,True,159,0.7500000000000226,0.7499999999999964,-0.5235987755982943,turn_left,False,a421250bcab9b449e5315342767d8938648c6596953a0368ef397fe25180f964,left,20.0
ground_LOOP_S_b160_n92801,GroundV2,ART1_LOOP_DEV,S,True,True,160,0.7500000000000226,0.7499999999999964,4.440892098500626e-15,turn_left,False,4dbbfbc5d8d934ac842a0ba167e578990f86e3d3e8c10a25e57785265488ca95,stop,20.0
