index,parent,assignment,mode,budget,action_id,coverage_2d,C_plan,safe_cells,possible_cells,C_ROI,old_navigation_C_plan,coverage_intent,actual_new_known_cells,known_lost_cells,safe_added_cells,safe_lost_cells,predicted_union_cells,realized_predicted_cells,unrealized_predicted_cells,unpredicted_realized_cells,action,collision,phase,reserved_return_cost,return_reserve_margin,known_cells,task_cells,deficit_cells,conservative_rate,union_yield,rate_paid_actions,rate_net_known_gain,net_known_gain_cells,paid_kind,option_id,arrived
0,D19-P00,A_complex_B_simple,N,160,0,0.27090549233052946,0.18926332288401254,966,5104,,0.18926332288401254,,,,,,,,,,,,,,,,,,,,,,,,,
0,D19-P00,A_complex_B_simple,N,160,1,0.27634834240475015,0.19839034205231387,986,4970,,0.19839034205231387,True,52,0,29,9,11,11,0,41,forward,False,outbound,5,154,,,,,,,,,,,
0,D19-P00,A_complex_B_simple,N,160,2,0.28154379020286985,0.20508646998982705,1008,4915,,0.20508646998982705,True,35,0,25,3,8,8,0,27,forward,False,outbound,6,152,,,,,,,,,,,
0,D19-P00,A_complex_B_simple,N,160,3,0.2864918357248887,0.21036460467021711,1027,4882,,0.21036460467021711,True,32,0,19,0,7,7,0,25,forward,False,outbound,7,150,,,,,,,,,,,
0,D19-P00,A_complex_B_simple,N,160,4,0.29069767441860467,0.21506482815394115,1045,4859,,0.21506482815394115,True,25,0,18,0,5,5,0,20,forward,False,outbound,8,148,,,,,,,,,,,
0,D19-P00,A_complex_B_simple,N,160,5,0.2951509153884216,0.21857585139318886,1059,4845,,0.21857585139318886,True,27,0,16,2,5,5,0,22,forward,False,outbound,9,146,,,,,,,,,,,
0,D19-P00,A_complex_B_simple,N,160,6,0.29886194952993567,0.22141823444283648,1071,4837,,0.22141823444283648,True,23,0,12,0,4,4,0,19,forward,False,outbound,10,144,,,,,,,,,,,
0,D19-P00,A_complex_B_simple,N,160,7,0.3025729836714498,0.22500517491202648,1087,4831,,0.22500517491202648,True,26,0,16,0,0,0,0,26,forward,False,outbound,11,142,,,,,,,,,,,
0,D19-P00,A_complex_B_simple,N,160,8,0.3025729836714498,0.2250103691414351,1085,4822,,0.2250103691414351,True,23,0,12,14,0,0,0,23,right,False,outbound,10,142,,,,,,,,,,,
0,D19-P00,A_complex_B_simple,N,160,9,0.30554181098466104,0.22272915802571547,1074,4822,,0.22272915802571547,True,17,0,8,19,19,2,17,15,forward,False,outbound,11,140,,,,,,,,,,,
0,D19-P00,A_complex_B_simple,N,160,10,0.30875804057397327,0.2254431699687174,1081,4795,,0.2254431699687174,True,15,0,11,4,4,4,0,11,forward,False,outbound,12,138,,,,,,,,,,,
0,D19-P00,A_complex_B_simple,N,160,11,0.30875804057397327,0.2263003355704698,1079,4768,,0.2263003355704698,True,0,0,0,2,0,0,0,0,left,False,outbound,13,136,,,,,,,,,,,
0,D19-P00,A_complex_B_simple,N,160,12,0.31123206333498266,0.2278162366268093,1086,4767,,0.2278162366268093,True,10,0,8,1,3,3,0,7,forward,False,outbound,14,134,,,,,,,,,,,
0,D19-P00,A_complex_B_simple,N,160,13,0.3144482929242949,0.22949444094818544,1094,4767,,0.22949444094818544,True,13,0,9,1,3,3,0,10,forward,False,outbound,15,132,,,,,,,,,,,
0,D19-P00,A_complex_B_simple,N,160,14,0.31716971796140525,0.2313182199832074,1102,4764,,0.2313182199832074,True,11,0,9,1,4,4,0,7,forward,False,outbound,16,130,,,,,,,,,,,
0,D19-P00,A_complex_B_simple,N,160,15,0.3206333498268184,0.23335433732409158,1111,4761,,0.23335433732409158,True,14,0,10,1,4,4,0,10,forward,False,outbound,17,128,,,,,,,,,,,
0,D19-P00,A_complex_B_simple,N,160,16,0.3236021771400297,0.2353930222782682,1120,4758,,0.2353930222782682,True,12,0,10,1,4,4,0,8,forward,False,outbound,18,126,,,,,,,,,,,
0,D19-P00,A_complex_B_simple,N,160,17,0.32830282038594755,0.23827549947423765,1133,4755,,0.23827549947423765,True,19,0,13,0,5,5,0,14,forward,False,outbound,19,124,,,,,,,,,,,
0,D19-P00,A_complex_B_simple,N,160,18,0.33547748639287484,0.24347643097643099,1157,4752,,0.24347643097643099,True,30,0,24,0,5,5,0,25,forward,False,outbound,20,122,,,,,,,,,,,
0,D19-P00,A_complex_B_simple,N,160,19,0.3414151410192974,0.24805222152032005,1178,4749,,0.24805222152032005,True,25,0,21,0,6,6,0,19,forward,False,outbound,21,120,,,,,,,,,,,
0,D19-P00,A_complex_B_simple,N,160,20,0.34982681840672936,0.25431942688579856,1207,4746,,0.25431942688579856,True,35,0,29,0,6,6,0,29,forward,False,outbound,22,118,,,,,,,,,,,
0,D19-P00,A_complex_B_simple,N,160,21,0.3582384957941613,0.2601728863588446,1234,4743,,0.2601728863588446,True,52,0,28,1,7,7,0,45,forward,False,outbound,23,116,,,,,,,,,,,
0,D19-P00,A_complex_B_simple,N,160,22,0.36368134586838197,0.2641787897954881,1253,4743,,0.2641787897954881,True,28,0,19,0,8,8,0,20,forward,False,outbound,24,114,,,,,,,,,,,
0,D19-P00,A_complex_B_simple,N,160,23,0.3713508164275111,0.2707672796448954,1281,4731,,0.2707672796448954,True,38,0,28,0,8,8,0,30,forward,False,outbound,25,112,,,,,,,,,,,
0,D19-P00,A_complex_B_simple,N,160,24,0.37926768926274124,0.27647431832593533,1308,4731,,0.27647431832593533,True,36,0,28,1,9,9,0,27,forward,False,outbound,26,110,,,,,,,,,,,
0,D19-P00,A_complex_B_simple,N,160,25,0.38941118258287977,0.28384094754653133,1342,4728,,0.28384094754653133,True,44,0,34,0,22,10,12,34,forward,False,outbound,27,108,,,,,,,,,,,
0,D19-P00,A_complex_B_simple,N,160,26,0.396833250865908,0.2906706156124392,1374,4727,,0.2906706156124392,True,37,0,32,0,8,8,0,29,forward,False,outbound,28,106,,,,,,,,,,,
0,D19-P00,A_complex_B_simple,N,160,27,0.4067293419099456,0.2994266298577193,1410,4709,,0.2994266298577193,True,46,0,36,0,8,8,0,38,forward,False,outbound,29,104,,,,,,,,,,,
0,D19-P00,A_complex_B_simple,N,160,28,0.4156358238495794,0.30659574468085105,1441,4700,,0.30659574468085105,True,38,0,31,0,7,7,0,31,forward,False,outbound,30,102,,,,,,,,,,,
0,D19-P00,A_complex_B_simple,N,160,29,0.4252845126175161,0.3150597269624573,1477,4688,,0.3150597269624573,True,44,0,36,0,24,16,8,28,forward,False,outbound,31,100,,,,,,,,,,,
0,D19-P00,A_complex_B_simple,N,160,30,0.4366650173181593,0.3235671514114628,1513,4676,,0.3235671514114628,True,48,0,37,1,17,17,0,31,forward,False,outbound,32,98,,,,,,,,,,,
0,D19-P00,A_complex_B_simple,N,160,31,0.4433448787728847,0.330406852248394,1543,4670,,0.330406852248394,True,38,0,30,0,10,10,0,28,forward,False,outbound,33,96,,,,,,,,,,,
0,D19-P00,A_complex_B_simple,N,160,32,0.45546759030183076,0.3361218361218361,1567,4662,,0.3361218361218361,True,110,0,38,14,12,12,0,98,forward,False,outbound,34,94,,,,,,,,,,,
0,D19-P00,A_complex_B_simple,N,160,33,0.4675903018307768,0.3442798883880661,1604,4659,,0.3442798883880661,True,70,0,38,1,5,5,0,65,forward,False,outbound,35,92,,,,,,,,,,,
0,D19-P00,A_complex_B_simple,N,160,34,0.48911429985155863,0.3637938501515808,1680,4618,,0.3637938501515808,True,97,0,79,3,2,2,0,95,forward,False,outbound,36,90,,,,,,,,,,,
0,D19-P00,A_complex_B_simple,N,160,35,0.5111331024245424,0.3813246471226927,1756,4605,,0.3813246471226927,True,104,0,76,0,5,5,0,99,forward,False,outbound,37,88,,,,,,,,,,,
0,D19-P00,A_complex_B_simple,N,160,36,0.5388421573478476,0.4099825632083697,1881,4588,,0.4099825632083697,True,126,0,127,2,7,7,0,119,forward,False,outbound,38,86,,,,,,,,,,,
0,D19-P00,A_complex_B_simple,N,160,37,0.5507174666006928,0.42756958141573526,1951,4563,,0.42756958141573526,True,80,0,71,1,3,3,0,77,forward,False,outbound,39,84,,,,,,,,,,,
0,D19-P00,A_complex_B_simple,N,160,38,0.5507174666006928,0.42923382645175534,1944,4529,,0.42923382645175534,True,8,0,0,7,0,0,0,8,right,False,outbound,38,84,,,,,,,,,,,
0,D19-P00,A_complex_B_simple,N,160,39,0.5541810984661059,0.43100022079929345,1952,4529,,0.43100022079929345,True,21,0,11,3,5,5,0,16,forward,False,outbound,39,82,,,,,,,,,,,
0,D19-P00,A_complex_B_simple,N,160,40,0.5571499257793172,0.433083038869258,1961,4528,,0.433083038869258,True,15,0,10,1,5,5,0,10,forward,False,outbound,40,80,,,,,,,,,,,
0,D19-P00,A_complex_B_simple,N,160,41,0.5601187530925285,0.43558011049723755,1971,4525,,0.43558011049723755,True,13,0,10,0,5,5,0,8,forward,False,outbound,43,76,,,,,,,,,,,
0,D19-P00,A_complex_B_simple,N,160,42,0.5633349826818407,0.43687817820030955,1976,4523,,0.43687817820030955,True,13,0,9,4,5,5,0,8,forward,False,outbound,44,74,,,,,,,,,,,
0,D19-P00,A_complex_B_simple,N,160,43,0.5665512122711529,0.4400177069499779,1988,4518,,0.4400177069499779,True,14,0,12,0,4,4,0,10,forward,False,outbound,45,72,,,,,,,,,,,
0,D19-P00,A_complex_B_simple,N,160,44,0.570014844136566,0.4423034330011074,1997,4515,,0.4423034330011074,True,14,0,10,1,4,4,0,10,forward,False,outbound,46,70,,,,,,,,,,,
0,D19-P00,A_complex_B_simple,N,160,45,0.574468085106383,0.44592198581560283,2012,4512,,0.44592198581560283,True,19,0,15,0,5,5,0,14,forward,False,outbound,47,68,,,,,,,,,,,
0,D19-P00,A_complex_B_simple,N,160,46,0.578673923800099,0.4488031914893617,2025,4512,,0.4488031914893617,True,17,0,13,0,5,5,0,12,forward,False,outbound,48,66,,,,,,,,,,,
0,D19-P00,A_complex_B_simple,N,160,47,0.582384957941613,0.45190602836879434,2039,4512,,0.45190602836879434,True,17,0,14,0,5,5,0,12,forward,False,outbound,49,64,,,,,,,,,,,
0,D19-P00,A_complex_B_simple,N,160,48,0.5865907966353291,0.4545656028368794,2051,4512,,0.4545656028368794,True,18,0,13,1,6,6,0,12,forward,False,outbound,50,62,,,,,,,,,,,
0,D19-P00,A_complex_B_simple,N,160,49,0.5912914398812469,0.4581947216677756,2066,4509,,0.4581947216677756,True,19,0,15,0,6,6,0,13,forward,False,outbound,51,60,,,,,,,,,,,
0,D19-P00,A_complex_B_simple,N,160,50,0.5954972785749629,0.4620337477797513,2081,4504,,0.4620337477797513,True,17,0,15,0,6,6,0,11,forward,False,outbound,52,58,,,,,,,,,,,
0,D19-P00,A_complex_B_simple,N,160,51,0.6011875309252845,0.46568954030646237,2097,4503,,0.46568954030646237,True,23,0,17,1,6,6,0,17,forward,False,outbound,53,56,,,,,,,,,,,
0,D19-P00,A_complex_B_simple,N,160,52,0.6095992083127165,0.4726423487544484,2125,4496,,0.4726423487544484,True,34,0,28,0,6,6,0,28,forward,False,outbound,54,54,,,,,,,,,,,
0,D19-P00,A_complex_B_simple,N,160,53,0.6177634834240475,0.4793149466192171,2155,4496,,0.4793149466192171,True,41,0,30,0,6,6,0,35,forward,False,outbound,55,52,,,,,,,,,,,
0,D19-P00,A_complex_B_simple,N,160,54,0.6229589312221673,0.4854282536151279,2182,4495,,0.4854282536151279,True,36,0,27,0,7,7,0,29,forward,False,outbound,56,50,,,,,,,,,,,
0,D19-P00,A_complex_B_simple,N,160,55,0.6298861949529936,0.48987764182424914,2202,4495,,0.48987764182424914,True,87,0,33,13,8,8,0,79,forward,False,outbound,57,48,,,,,,,,,,,
0,D19-P00,A_complex_B_simple,N,160,56,0.6358238495794162,0.49410456062291436,2221,4495,,0.49410456062291436,True,46,0,22,3,3,3,0,43,forward,False,outbound,58,46,,,,,,,,,,,
0,D19-P00,A_complex_B_simple,N,160,57,0.6358238495794162,0.49820547330641546,2221,4458,,0.49820547330641546,True,3,0,0,0,0,0,0,3,left,False,outbound,57,46,,,,,,,,,,,
0,D19-P00,A_complex_B_simple,N,160,58,0.6378030677882236,0.5004486316733961,2231,4458,,0.5004486316733961,True,16,0,10,0,1,1,0,15,forward,False,outbound,58,44,,,,,,,,,,,
0,D19-P00,A_complex_B_simple,N,160,59,0.6380504700643246,0.5002253267237494,2220,4438,,0.5002253267237494,True,3,0,0,11,0,0,0,3,right,False,outbound,59,42,,,,,,,,,,,
0,D19-P00,A_complex_B_simple,N,160,60,0.6417615042058387,0.5029292474087427,2232,4438,,0.5029292474087427,True,32,0,15,3,2,2,0,30,forward,False,outbound,60,40,,,,,,,,,,,
0,D19-P00,A_complex_B_simple,N,160,61,0.6519049975259772,0.5111965618638317,2260,4421,,0.5111965618638317,True,58,0,30,2,2,2,0,56,forward,False,outbound,61,38,,,,,,,,,,,
0,D19-P00,A_complex_B_simple,N,160,62,0.6665017318159328,0.5277272727272727,2322,4400,,0.5277272727272727,True,80,0,63,1,0,0,0,80,forward,False,outbound,62,36,,,,,,,,,,,
0,D19-P00,A_complex_B_simple,N,160,63,0.6702127659574468,0.5324200913242009,2332,4380,,0.5324200913242009,True,21,0,13,3,0,0,0,21,forward,False,outbound,63,34,,,,,,,,,,,
0,D19-P00,A_complex_B_simple,N,160,64,0.6712023750618505,0.5351660939289805,2336,4365,,0.5351660939289805,True,8,0,4,0,0,0,0,8,forward,False,outbound,62,34,,,,,,,,,,,
0,D19-P00,A_complex_B_simple,N,160,65,0.6712023750618505,0.5364787111622554,2331,4345,,0.5364787111622554,True,0,0,0,5,0,0,0,0,right,False,outbound,61,34,,,,,,,,,,,
0,D19-P00,A_complex_B_simple,N,160,66,0.6719445818901534,0.5371691599539701,2334,4345,,0.5371691599539701,True,3,0,3,0,0,0,0,3,forward,False,outbound,60,34,,,,,,,,,,,
0,D19-P00,A_complex_B_simple,N,160,67,0.6741712023750619,0.5398250460405156,2345,4344,,0.5398250460405156,True,13,0,11,0,1,1,0,12,forward,False,outbound,59,34,,,,,,,,,,,
0,D19-P00,A_complex_B_simple,N,160,68,0.6751608114794656,0.5407458563535912,2349,4344,,0.5407458563535912,True,4,0,4,0,1,1,0,3,forward,False,outbound,58,34,,,,,,,,,,,
0,D19-P00,A_complex_B_simple,N,160,69,0.6768926274121722,0.5421464762782128,2354,4342,,0.5421464762782128,True,7,0,5,0,2,2,0,5,forward,False,outbound,57,34,,,,,,,,,,,
0,D19-P00,A_complex_B_simple,N,160,70,0.6793666501731815,0.5449515905947441,2364,4338,,0.5449515905947441,True,10,0,10,0,3,3,0,7,forward,False,outbound,56,34,,,,,,,,,,,
0,D19-P00,A_complex_B_simple,N,160,71,0.681840672934191,0.5469218353700714,2372,4337,,0.5469218353700714,True,10,0,8,0,3,3,0,7,forward,False,outbound,55,34,,,,,,,,,,,
0,D19-P00,A_complex_B_simple,N,160,72,0.685799109351806,0.5502767527675276,2386,4336,,0.5502767527675276,True,17,0,14,0,3,3,0,14,forward,False,outbound,54,34,,,,,,,,,,,
0,D19-P00,A_complex_B_simple,N,160,73,0.6927263730826324,0.5558118081180812,2410,4336,,0.5558118081180812,True,28,0,24,0,4,4,0,24,forward,False,outbound,53,34,,,,,,,,,,,
0,D19-P00,A_complex_B_simple,N,160,74,0.6976744186046512,0.5599630996309963,2428,4336,,0.5599630996309963,True,20,0,18,0,5,5,0,15,forward,False,outbound,52,34,,,,,,,,,,,
0,D19-P00,A_complex_B_simple,N,160,75,0.7093023255813954,0.5695501730103806,2469,4335,,0.5695501730103806,True,52,0,41,0,12,12,0,40,forward,False,outbound,51,34,,,,,,,,,,,
0,D19-P00,A_complex_B_simple,N,160,76,0.7219198416625433,0.5810841983852364,2519,4335,,0.5810841983852364,True,64,0,50,0,14,14,0,50,forward,False,outbound,50,34,,,,,,,,,,,
0,D19-P00,A_complex_B_simple,N,160,77,0.7333003463631865,0.5921052631578947,2565,4332,,0.5921052631578947,True,58,0,47,1,32,30,2,28,forward,False,outbound,49,34,,,,,,,,,,,
0,D19-P00,A_complex_B_simple,N,160,78,0.7454230578921326,0.6057380842202684,2618,4322,,0.6057380842202684,True,65,0,53,0,47,45,2,20,forward,False,outbound,48,34,,,,,,,,,,,
0,D19-P00,A_complex_B_simple,N,160,79,0.7493814943097477,0.6142956602459968,2647,4309,,0.6142956602459968,True,36,0,35,6,20,20,0,16,forward,False,outbound,47,34,,,,,,,,,,,
0,D19-P00,A_complex_B_simple,N,160,80,0.7516081147946561,0.6147407579632643,2644,4301,,0.6147407579632643,True,39,0,9,12,7,7,0,32,forward,False,outbound,46,34,,,,,,,,,,,
0,D19-P00,A_complex_B_simple,N,160,81,0.7533399307273627,0.617016317016317,2647,4290,,0.617016317016317,True,12,0,5,2,3,3,0,9,forward,False,outbound,45,34,,,,,,,,,,,
0,D19-P00,A_complex_B_simple,N,160,82,0.7543295398317664,0.6205116169913166,2644,4261,,0.6205116169913166,True,4,0,3,6,2,2,0,2,forward,False,outbound,44,34,,,,,,,,,,,
0,D19-P00,A_complex_B_simple,N,160,83,0.7550717466600693,0.6211515863689777,2643,4255,,0.6211515863689777,True,3,0,3,4,2,2,0,1,forward,False,outbound,43,34,,,,,,,,,,,
0,D19-P00,A_complex_B_simple,N,160,84,0.7555665512122711,0.6221751412429378,2643,4248,,0.6221751412429378,True,2,0,2,2,1,1,0,1,forward,False,outbound,42,34,,,,,,,,,,,
0,D19-P00,A_complex_B_simple,N,160,85,0.7555665512122711,0.6237904177484069,2643,4237,,0.6237904177484069,True,0,0,0,0,0,0,0,0,forward,False,outbound,41,34,,,,,,,,,,,
0,D19-P00,A_complex_B_simple,N,160,86,0.7555665512122711,0.624822695035461,2643,4230,,0.624822695035461,True,0,0,0,0,0,0,0,0,forward,False,outbound,40,34,,,,,,,,,,,
0,D19-P00,A_complex_B_simple,N,160,87,0.7555665512122711,0.6255621301775148,2643,4225,,0.6255621301775148,True,0,0,0,0,0,0,0,0,forward,False,outbound,39,34,,,,,,,,,,,
0,D19-P00,A_complex_B_simple,N,160,88,0.7555665512122711,0.626303317535545,2643,4220,,0.626303317535545,True,0,0,0,0,0,0,0,0,forward,False,outbound,38,34,,,,,,,,,,,
0,D19-P00,A_complex_B_simple,N,160,89,0.7555665512122711,0.6264517658212847,2643,4219,,0.6264517658212847,True,0,0,0,0,0,0,0,0,forward,False,outbound,37,34,,,,,,,,,,,
0,D19-P00,A_complex_B_simple,N,160,90,0.7555665512122711,0.6264517658212847,2643,4219,,0.6264517658212847,True,0,0,0,0,0,0,0,0,forward,False,outbound,36,34,,,,,,,,,,,
0,D19-P00,A_complex_B_simple,N,160,91,0.7555665512122711,0.6271950640721404,2643,4214,,0.6271950640721404,True,0,0,0,0,0,0,0,0,forward,False,outbound,35,34,,,,,,,,,,,
0,D19-P00,A_complex_B_simple,N,160,92,0.7555665512122711,0.6273439354379302,2643,4213,,0.6273439354379302,True,0,0,0,0,0,0,0,0,forward,False,outbound,34,34,,,,,,,,,,,
0,D19-P00,A_complex_B_simple,N,160,93,0.7555665512122711,0.6237835271777831,2628,4213,,0.6237835271777831,True,0,0,0,15,0,0,0,0,right,False,outbound,35,32,,,,,,,,,,,
0,D19-P00,A_complex_B_simple,N,160,94,0.7555665512122711,0.6225967244244006,2623,4213,,0.6225967244244006,True,5,0,0,5,0,0,0,5,forward,False,outbound,34,32,,,,,,,,,,,
0,D19-P00,A_complex_B_simple,N,160,95,0.7555665512122711,0.6225967244244006,2623,4213,,0.6225967244244006,True,3,0,0,0,0,0,0,3,forward,False,outbound,33,32,,,,,,,,,,,
0,D19-P00,A_complex_B_simple,N,160,96,0.7555665512122711,0.6223593638737241,2622,4213,,0.6223593638737241,True,2,0,0,1,0,0,0,2,forward,False,outbound,32,32,,,,,,,,,,,
0,D19-P00,A_complex_B_simple,N,160,97,0.7555665512122711,0.6223593638737241,2622,4213,,0.6223593638737241,True,1,0,0,0,0,0,0,1,forward,False,outbound,31,32,,,,,,,,,,,
0,D19-P00,A_complex_B_simple,N,160,98,0.7555665512122711,0.6223593638737241,2622,4213,,0.6223593638737241,True,0,0,0,0,0,0,0,0,forward,False,outbound,30,32,,,,,,,,,,,
0,D19-P00,A_complex_B_simple,N,160,99,0.7555665512122711,0.6223593638737241,2622,4213,,0.6223593638737241,True,0,0,0,0,0,0,0,0,forward,False,outbound,29,32,,,,,,,,,,,
0,D19-P00,A_complex_B_simple,N,160,100,0.7555665512122711,0.6223593638737241,2622,4213,,0.6223593638737241,True,0,0,0,0,0,0,0,0,forward,False,outbound,28,32,,,,,,,,,,,
0,D19-P00,A_complex_B_simple,N,160,101,0.7555665512122711,0.6223593638737241,2622,4213,,0.6223593638737241,True,0,0,0,0,0,0,0,0,forward,False,outbound,27,32,,,,,,,,,,,
0,D19-P00,A_complex_B_simple,N,160,102,0.7555665512122711,0.6223593638737241,2622,4213,,0.6223593638737241,True,0,0,0,0,0,0,0,0,forward,False,outbound,26,32,,,,,,,,,,,
0,D19-P00,A_complex_B_simple,N,160,103,0.7555665512122711,0.6223593638737241,2622,4213,,0.6223593638737241,True,0,0,0,0,0,0,0,0,forward,False,outbound,25,32,,,,,,,,,,,
0,D19-P00,A_complex_B_simple,N,160,104,0.7555665512122711,0.6223593638737241,2622,4213,,0.6223593638737241,True,0,0,0,0,0,0,0,0,forward,False,outbound,24,32,,,,,,,,,,,
0,D19-P00,A_complex_B_simple,N,160,105,0.7555665512122711,0.6223593638737241,2622,4213,,0.6223593638737241,True,0,0,0,0,0,0,0,0,forward,False,outbound,23,32,,,,,,,,,,,
0,D19-P00,A_complex_B_simple,N,160,106,0.7555665512122711,0.6223593638737241,2622,4213,,0.6223593638737241,True,0,0,0,0,0,0,0,0,forward,False,outbound,22,32,,,,,,,,,,,
0,D19-P00,A_complex_B_simple,N,160,107,0.7555665512122711,0.6223593638737241,2622,4213,,0.6223593638737241,True,0,0,0,0,0,0,0,0,forward,False,outbound,21,32,,,,,,,,,,,
0,D19-P00,A_complex_B_simple,N,160,108,0.7555665512122711,0.6223593638737241,2622,4213,,0.6223593638737241,True,0,0,0,0,0,0,0,0,forward,False,outbound,20,32,,,,,,,,,,,
0,D19-P00,A_complex_B_simple,N,160,109,0.7555665512122711,0.6223593638737241,2622,4213,,0.6223593638737241,True,0,0,0,0,0,0,0,0,forward,False,outbound,19,32,,,,,,,,,,,
0,D19-P00,A_complex_B_simple,N,160,110,0.7555665512122711,0.6223593638737241,2622,4213,,0.6223593638737241,True,0,0,0,0,0,0,0,0,forward,False,outbound,18,32,,,,,,,,,,,
0,D19-P00,A_complex_B_simple,N,160,111,0.7555665512122711,0.6223593638737241,2622,4213,,0.6223593638737241,True,0,0,0,0,0,0,0,0,forward,False,outbound,17,32,,,,,,,,,,,
0,D19-P00,A_complex_B_simple,N,160,112,0.7555665512122711,0.6223593638737241,2622,4213,,0.6223593638737241,True,0,0,0,0,0,0,0,0,forward,False,outbound,16,32,,,,,,,,,,,
0,D19-P00,A_complex_B_simple,N,160,113,0.7555665512122711,0.6223593638737241,2622,4213,,0.6223593638737241,True,0,0,0,0,0,0,0,0,forward,False,outbound,15,32,,,,,,,,,,,
0,D19-P00,A_complex_B_simple,N,160,114,0.7555665512122711,0.6223593638737241,2622,4213,,0.6223593638737241,True,0,0,0,0,0,0,0,0,forward,False,outbound,14,32,,,,,,,,,,,
0,D19-P00,A_complex_B_simple,N,160,115,0.7555665512122711,0.6223593638737241,2622,4213,,0.6223593638737241,True,0,0,0,0,0,0,0,0,forward,False,outbound,13,32,,,,,,,,,,,
0,D19-P00,A_complex_B_simple,N,160,116,0.7555665512122711,0.6199857583669595,2612,4213,,0.6199857583669595,True,2,0,0,10,0,0,0,2,forward,False,outbound,12,32,,,,,,,,,,,
0,D19-P00,A_complex_B_simple,N,160,117,0.7555665512122711,0.6199524940617577,2610,4210,,0.6199524940617577,True,15,0,0,2,0,0,0,15,forward,False,outbound,11,32,,,,,,,,,,,
0,D19-P00,A_complex_B_simple,N,160,118,0.7555665512122711,0.6199524940617577,2610,4210,,0.6199524940617577,True,3,0,0,0,0,0,0,3,forward,False,outbound,10,32,,,,,,,,,,,
0,D19-P00,A_complex_B_simple,N,160,119,0.7585353785254825,0.62541567695962,2633,4210,,0.62541567695962,True,26,0,23,0,1,1,0,25,forward,False,outbound,11,30,,,,,,,,,,,
0,D19-P00,A_complex_B_simple,N,160,120,0.7615042058386937,0.6291359200190431,2643,4201,,0.6291359200190431,True,14,0,10,0,4,4,0,10,forward,False,outbound,12,28,,,,,,,,,,,
0,D19-P00,A_complex_B_simple,N,160,121,0.7649678377041069,0.6335003579098067,2655,4191,,0.6335003579098067,True,17,0,12,0,5,5,0,12,forward,False,outbound,13,26,,,,,,,,,,,
0,D19-P00,A_complex_B_simple,N,160,122,0.768678871845621,0.6367766618842658,2663,4182,,0.6367766618842658,True,20,0,13,5,6,6,0,14,forward,False,outbound,14,24,,,,,,,,,,,
0,D19-P00,A_complex_B_simple,N,160,123,0.7723899059871351,0.640872065165309,2675,4174,,0.640872065165309,True,16,0,13,1,6,6,0,10,forward,False,outbound,15,22,,,,,,,,,,,
0,D19-P00,A_complex_B_simple,N,160,124,0.7761009401286492,0.6444497722368736,2688,4171,,0.6444497722368736,True,17,0,13,0,6,6,0,11,forward,False,outbound,16,20,,,,,,,,,,,
0,D19-P00,A_complex_B_simple,N,160,125,0.7798119742701632,0.6491228070175439,2701,4161,,0.6491228070175439,True,17,0,13,0,6,6,0,11,forward,False,outbound,17,18,,,,,,,,,,,
0,D19-P00,A_complex_B_simple,N,160,126,0.7835230084116774,0.6528746692326197,2714,4157,,0.6528746692326197,True,17,0,13,0,6,6,0,11,forward,False,outbound,18,16,,,,,,,,,,,
0,D19-P00,A_complex_B_simple,N,160,127,0.7874814448292924,0.6572803850782191,2731,4155,,0.6572803850782191,True,20,0,17,0,6,6,0,14,forward,False,outbound,19,14,,,,,,,,,,,
0,D19-P00,A_complex_B_simple,N,160,128,0.7921820880752103,0.6607271851673489,2744,4153,,0.6607271851673489,True,20,0,15,2,6,6,0,14,forward,False,outbound,20,12,,,,,,,,,,,
0,D19-P00,A_complex_B_simple,N,160,129,0.7961405244928254,0.6653799758745477,2758,4145,,0.6653799758745477,True,19,0,14,0,6,6,0,13,forward,False,outbound,21,10,,,,,,,,,,,
0,D19-P00,A_complex_B_simple,N,160,130,0.8000989609104404,0.6688390055515328,2771,4143,,0.6688390055515328,True,19,0,14,1,6,6,0,13,forward,False,outbound,22,8,,,,,,,,,,,
0,D19-P00,A_complex_B_simple,N,160,131,0.8052944087085602,0.6735137747704205,2787,4138,,0.6735137747704205,True,24,0,17,1,6,6,0,18,forward,False,outbound,23,6,,,,,,,,,,,
0,D19-P00,A_complex_B_simple,N,160,132,0.8114794656110836,0.6794096298088556,2808,4133,,0.6794096298088556,True,26,0,21,0,6,6,0,20,forward,False,outbound,24,4,,,,,,,,,,,
0,D19-P00,A_complex_B_simple,N,160,133,0.8159327065809006,0.6837772397094432,2824,4130,,0.6837772397094432,True,20,0,16,0,6,6,0,14,forward,False,outbound,25,2,,,,,,,,,,,
0,D19-P00,A_complex_B_simple,N,160,134,0.8218703612073232,0.6891957364341085,2845,4128,,0.6891957364341085,True,27,0,21,0,6,6,0,21,forward,False,outbound,26,0,,,,,,,,,,,
0,D19-P00,A_complex_B_simple,N,160,135,0.8218703612073232,0.6898642095053347,2845,4124,,0.6898642095053347,True,0,0,0,0,0,0,0,0,left,False,outbound,25,0,,,,,,,,,,,
0,D19-P00,A_complex_B_simple,N,160,136,0.8248391885205344,0.6922890397672163,2855,4124,,0.6922890397672163,True,12,0,10,0,0,0,0,12,forward,False,outbound,24,0,,,,,,,,,,,
0,D19-P00,A_complex_B_simple,N,160,137,0.830282038594755,0.6974993930565672,2873,4119,,0.6974993930565672,True,23,0,18,0,0,0,0,23,forward,False,outbound,23,0,,,,,,,,,,,
0,D19-P00,A_complex_B_simple,N,160,138,0.8334982681840672,0.7003399708596406,2884,4118,,0.7003399708596406,True,13,0,11,0,0,0,0,13,forward,False,outbound,22,0,,,,,,,,,,,
0,D19-P00,A_complex_B_simple,N,160,139,0.8344878772884711,0.7014816614039349,2888,4117,,0.7014816614039349,True,4,0,4,0,0,0,0,4,forward,False,outbound,21,0,,,,,,,,,,,
0,D19-P00,A_complex_B_simple,N,160,140,0.8374567046016823,0.7043245869776482,2899,4116,,0.7043245869776482,True,13,0,11,0,0,0,0,13,forward,False,outbound,20,0,,,,,,,,,,,
0,D19-P00,A_complex_B_simple,N,160,141,0.8396833250865908,0.706511175898931,2908,4116,,0.706511175898931,True,9,0,9,0,0,0,0,9,forward,False,outbound,19,0,,,,,,,,,,,
0,D19-P00,A_complex_B_simple,N,160,142,0.8399307273626917,0.706754130223518,2909,4116,,0.706754130223518,True,1,0,1,0,0,0,0,1,forward,False,outbound,18,0,,,,,,,,,,,
0,D19-P00,A_complex_B_simple,N,160,143,0.8399307273626917,0.706754130223518,2909,4116,,0.706754130223518,False,0,0,0,0,0,0,0,0,left,False,return,17,0,,,,,,,,,,,
0,D19-P00,A_complex_B_simple,N,160,144,0.8399307273626917,0.706025267249757,2906,4116,,0.706025267249757,False,0,0,0,3,0,0,0,0,forward,False,return,16,0,,,,,,,,,,,
0,D19-P00,A_complex_B_simple,N,160,145,0.8399307273626917,0.706025267249757,2906,4116,,0.706025267249757,False,0,0,0,0,0,0,0,0,forward,False,return,15,0,,,,,,,,,,,
0,D19-P00,A_complex_B_simple,N,160,146,0.8399307273626917,0.706025267249757,2906,4116,,0.706025267249757,False,0,0,0,0,0,0,0,0,forward,False,return,14,0,,,,,,,,,,,
0,D19-P00,A_complex_B_simple,N,160,147,0.8399307273626917,0.706025267249757,2906,4116,,0.706025267249757,False,0,0,0,0,0,0,0,0,forward,False,return,13,0,,,,,,,,,,,
0,D19-P00,A_complex_B_simple,N,160,148,0.8399307273626917,0.706025267249757,2906,4116,,0.706025267249757,False,0,0,0,0,0,0,0,0,forward,False,return,12,0,,,,,,,,,,,
0,D19-P00,A_complex_B_simple,N,160,149,0.8399307273626917,0.706025267249757,2906,4116,,0.706025267249757,False,0,0,0,0,0,0,0,0,forward,False,return,11,0,,,,,,,,,,,
0,D19-P00,A_complex_B_simple,N,160,150,0.8399307273626917,0.706025267249757,2906,4116,,0.706025267249757,False,0,0,0,0,0,0,0,0,forward,False,return,10,0,,,,,,,,,,,
0,D19-P00,A_complex_B_simple,N,160,151,0.8399307273626917,0.706025267249757,2906,4116,,0.706025267249757,False,0,0,0,0,0,0,0,0,forward,False,return,9,0,,,,,,,,,,,
0,D19-P00,A_complex_B_simple,N,160,152,0.8399307273626917,0.7052964042759962,2903,4116,,0.7052964042759962,False,0,0,0,3,0,0,0,0,forward,False,return,8,0,,,,,,,,,,,
0,D19-P00,A_complex_B_simple,N,160,153,0.8399307273626917,0.7052964042759962,2903,4116,,0.7052964042759962,False,0,0,0,0,0,0,0,0,forward,False,return,7,0,,,,,,,,,,,
0,D19-P00,A_complex_B_simple,N,160,154,0.8399307273626917,0.7052964042759962,2903,4116,,0.7052964042759962,False,0,0,0,0,0,0,0,0,forward,False,return,6,0,,,,,,,,,,,
0,D19-P00,A_complex_B_simple,N,160,155,0.8399307273626917,0.7052964042759962,2903,4116,,0.7052964042759962,False,0,0,0,0,0,0,0,0,forward,False,return,5,0,,,,,,,,,,,
0,D19-P00,A_complex_B_simple,N,160,156,0.8399307273626917,0.7052964042759962,2903,4116,,0.7052964042759962,False,0,0,0,0,0,0,0,0,forward,False,return,4,0,,,,,,,,,,,
0,D19-P00,A_complex_B_simple,N,160,157,0.8399307273626917,0.7052964042759962,2903,4116,,0.7052964042759962,False,0,0,0,0,0,0,0,0,forward,False,return,3,0,,,,,,,,,,,
0,D19-P00,A_complex_B_simple,N,160,158,0.8399307273626917,0.7045675413022352,2900,4116,,0.7045675413022352,False,0,0,0,3,0,0,0,0,forward,False,return,2,0,,,,,,,,,,,
0,D19-P00,A_complex_B_simple,N,160,159,0.8399307273626917,0.7045675413022352,2900,4116,,0.7045675413022352,False,0,0,0,0,0,0,0,0,forward,False,return,1,0,,,,,,,,,,,
0,D19-P00,A_complex_B_simple,N,160,160,0.8399307273626917,0.7045675413022352,2900,4116,,0.7045675413022352,False,0,0,0,0,0,0,0,0,left,False,return,0,0,,,,,,,,,,,
1,D19-P00,A_simple_B_complex,N,160,0,0.2714002968827313,0.18926332288401254,966,5104,,0.18926332288401254,,,,,,,,,,,,,,,,,,,,,,,,,
1,D19-P00,A_simple_B_complex,N,160,1,0.27634834240475015,0.19839034205231387,986,4970,,0.19839034205231387,True,52,0,29,9,11,11,0,41,forward,False,outbound,5,154,,,,,,,,,,,
1,D19-P00,A_simple_B_complex,N,160,2,0.28154379020286985,0.20508646998982705,1008,4915,,0.20508646998982705,True,35,0,25,3,8,8,0,27,forward,False,outbound,6,152,,,,,,,,,,,
1,D19-P00,A_simple_B_complex,N,160,3,0.28624443344878775,0.21036460467021711,1027,4882,,0.21036460467021711,True,32,0,19,0,7,7,0,25,forward,False,outbound,7,150,,,,,,,,,,,
1,D19-P00,A_simple_B_complex,N,160,4,0.2904502721425037,0.21506482815394115,1045,4859,,0.21506482815394115,True,25,0,18,0,5,5,0,20,forward,False,outbound,8,148,,,,,,,,,,,
1,D19-P00,A_simple_B_complex,N,160,5,0.29440870856011875,0.21857585139318886,1059,4845,,0.21857585139318886,True,27,0,16,2,5,5,0,22,forward,False,outbound,9,146,,,,,,,,,,,
1,D19-P00,A_simple_B_complex,N,160,6,0.2983671449777338,0.22141823444283648,1071,4837,,0.22141823444283648,True,23,0,12,0,4,4,0,19,forward,False,outbound,10,144,,,,,,,,,,,
1,D19-P00,A_simple_B_complex,N,160,7,0.30282038594755073,0.22500517491202648,1087,4831,,0.22500517491202648,True,26,0,16,0,0,0,0,26,forward,False,outbound,11,142,,,,,,,,,,,
1,D19-P00,A_simple_B_complex,N,160,8,0.30282038594755073,0.2250103691414351,1085,4822,,0.2250103691414351,True,23,0,12,14,0,0,0,23,right,False,outbound,10,142,,,,,,,,,,,
1,D19-P00,A_simple_B_complex,N,160,9,0.30578921326076197,0.22272915802571547,1074,4822,,0.22272915802571547,True,17,0,8,19,19,2,17,15,forward,False,outbound,11,140,,,,,,,,,,,
1,D19-P00,A_simple_B_complex,N,160,10,0.3090054428500742,0.2254431699687174,1081,4795,,0.2254431699687174,True,15,0,11,4,4,4,0,11,forward,False,outbound,12,138,,,,,,,,,,,
1,D19-P00,A_simple_B_complex,N,160,11,0.3090054428500742,0.2263003355704698,1079,4768,,0.2263003355704698,True,0,0,0,2,0,0,0,0,left,False,outbound,13,136,,,,,,,,,,,
1,D19-P00,A_simple_B_complex,N,160,12,0.31147946561108364,0.2278162366268093,1086,4767,,0.2278162366268093,True,10,0,8,1,3,3,0,7,forward,False,outbound,14,134,,,,,,,,,,,
1,D19-P00,A_simple_B_complex,N,160,13,0.31469569520039586,0.22949444094818544,1094,4767,,0.22949444094818544,True,13,0,9,1,3,3,0,10,forward,False,outbound,15,132,,,,,,,,,,,
1,D19-P00,A_simple_B_complex,N,160,14,0.3174171202375062,0.2313182199832074,1102,4764,,0.2313182199832074,True,11,0,9,1,4,4,0,7,forward,False,outbound,16,130,,,,,,,,,,,
1,D19-P00,A_simple_B_complex,N,160,15,0.32088075210291933,0.23335433732409158,1111,4761,,0.23335433732409158,True,14,0,10,1,4,4,0,10,forward,False,outbound,17,128,,,,,,,,,,,
1,D19-P00,A_simple_B_complex,N,160,16,0.32384957941613063,0.2353930222782682,1120,4758,,0.2353930222782682,True,12,0,10,1,4,4,0,8,forward,False,outbound,18,126,,,,,,,,,,,
1,D19-P00,A_simple_B_complex,N,160,17,0.3285502226620485,0.23827549947423765,1133,4755,,0.23827549947423765,True,19,0,13,0,5,5,0,14,forward,False,outbound,19,124,,,,,,,,,,,
1,D19-P00,A_simple_B_complex,N,160,18,0.33547748639287484,0.24347643097643099,1157,4752,,0.24347643097643099,True,30,0,24,0,5,5,0,25,forward,False,outbound,20,122,,,,,,,,,,,
1,D19-P00,A_simple_B_complex,N,160,19,0.34116773874319645,0.24805222152032005,1178,4749,,0.24805222152032005,True,25,0,21,0,6,6,0,19,forward,False,outbound,21,120,,,,,,,,,,,
1,D19-P00,A_simple_B_complex,N,160,20,0.3488372093023256,0.2536873156342183,1204,4746,,0.2536873156342183,True,35,0,28,2,6,6,0,29,forward,False,outbound,22,118,,,,,,,,,,,
1,D19-P00,A_simple_B_complex,N,160,21,0.3570014844136566,0.25869702719797594,1227,4743,,0.25869702719797594,True,52,0,27,4,6,6,0,46,forward,False,outbound,23,116,,,,,,,,,,,
1,D19-P00,A_simple_B_complex,N,160,22,0.3624443344878773,0.2627029306346194,1246,4743,,0.2627029306346194,True,28,0,19,0,7,7,0,21,forward,False,outbound,24,114,,,,,,,,,,,
1,D19-P00,A_simple_B_complex,N,160,23,0.36961900049480456,0.2686535616148806,1271,4731,,0.2686535616148806,True,38,0,26,1,8,8,0,30,forward,False,outbound,25,112,,,,,,,,,,,
1,D19-P00,A_simple_B_complex,N,160,24,0.37753587333003463,0.2743606002959205,1298,4731,,0.2743606002959205,True,36,0,28,1,8,8,0,28,forward,False,outbound,26,110,,,,,,,,,,,
1,D19-P00,A_simple_B_complex,N,160,25,0.3869371598218704,0.28151438240270726,1331,4728,,0.28151438240270726,True,44,0,33,0,20,8,12,36,forward,False,outbound,27,108,,,,,,,,,,,
1,D19-P00,A_simple_B_complex,N,160,26,0.3941118258287976,0.28813200761582397,1362,4727,,0.28813200761582397,True,37,0,31,0,7,7,0,30,forward,False,outbound,28,106,,,,,,,,,,,
1,D19-P00,A_simple_B_complex,N,160,27,0.4037605145967343,0.29666595880229346,1397,4709,,0.29666595880229346,True,46,0,35,0,8,8,0,38,forward,False,outbound,29,104,,,,,,,,,,,
1,D19-P00,A_simple_B_complex,N,160,28,0.4124195942602672,0.3038297872340426,1428,4700,,0.3038297872340426,True,38,0,31,0,7,7,0,31,forward,False,outbound,30,102,,,,,,,,,,,
1,D19-P00,A_simple_B_complex,N,160,29,0.42206828302820387,0.3122866894197952,1464,4688,,0.3122866894197952,True,44,0,36,0,8,8,0,36,forward,False,outbound,31,100,,,,,,,,,,,
1,D19-P00,A_simple_B_complex,N,160,30,0.43295398317664524,0.32078699743370404,1500,4676,,0.32078699743370404,True,48,0,37,1,10,10,0,38,forward,False,outbound,32,98,,,,,,,,,,,
1,D19-P00,A_simple_B_complex,N,160,31,0.4396338446313706,0.32762312633832974,1530,4670,,0.32762312633832974,True,38,0,30,0,10,10,0,28,forward,False,outbound,33,96,,,,,,,,,,,
1,D19-P00,A_simple_B_complex,N,160,32,0.4517565561603167,0.3333333333333333,1554,4662,,0.3333333333333333,True,110,0,38,14,12,12,0,98,forward,False,outbound,34,94,,,,,,,,,,,
1,D19-P00,A_simple_B_complex,N,160,33,0.46387926768926274,0.3414895900407813,1591,4659,,0.3414895900407813,True,70,0,38,1,3,3,0,67,forward,False,outbound,35,92,,,,,,,,,,,
1,D19-P00,A_simple_B_complex,N,160,34,0.48515586343394357,0.3609787786920745,1667,4618,,0.3609787786920745,True,97,0,79,3,2,2,0,95,forward,False,outbound,36,90,,,,,,,,,,,
1,D19-P00,A_simple_B_complex,N,160,35,0.5069272637308263,0.3785016286644951,1743,4605,,0.3785016286644951,True,104,0,76,0,5,5,0,99,forward,False,outbound,37,88,,,,,,,,,,,
1,D19-P00,A_simple_B_complex,N,160,36,0.5343889163780307,0.4071490845684394,1868,4588,,0.4071490845684394,True,126,0,127,2,7,7,0,119,forward,False,outbound,38,86,,,,,,,,,,,
1,D19-P00,A_simple_B_complex,N,160,37,0.5497278574962889,0.4247205785667324,1938,4563,,0.4247205785667324,True,80,0,71,1,3,3,0,77,forward,False,outbound,39,84,,,,,,,,,,,
1,D19-P00,A_simple_B_complex,N,160,38,0.5497278574962889,0.4250386398763524,1925,4529,,0.4250386398763524,True,7,0,0,13,0,0,0,7,right,False,outbound,38,84,,,,,,,,,,,
1,D19-P00,A_simple_B_complex,N,160,39,0.5531914893617021,0.4268050342238905,1933,4529,,0.4268050342238905,True,21,0,11,3,5,5,0,16,forward,False,outbound,39,82,,,,,,,,,,,
1,D19-P00,A_simple_B_complex,N,160,40,0.5561603166749134,0.428886925795053,1942,4528,,0.428886925795053,True,15,0,10,1,5,5,0,10,forward,False,outbound,40,80,,,,,,,,,,,
1,D19-P00,A_simple_B_complex,N,160,41,0.5591291439881247,0.4313812154696133,1952,4525,,0.4313812154696133,True,14,0,10,0,5,5,0,9,forward,False,outbound,43,76,,,,,,,,,,,
1,D19-P00,A_simple_B_complex,N,160,42,0.5623453735774369,0.43267742648684504,1957,4523,,0.43267742648684504,True,13,0,9,4,5,5,0,8,forward,False,outbound,44,74,,,,,,,,,,,
1,D19-P00,A_simple_B_complex,N,160,43,0.5653142008906482,0.4358123063302346,1969,4518,,0.4358123063302346,True,14,0,12,0,4,4,0,10,forward,False,outbound,45,72,,,,,,,,,,,
1,D19-P00,A_simple_B_complex,N,160,44,0.5687778327560613,0.4380952380952381,1978,4515,,0.4380952380952381,True,14,0,10,1,4,4,0,10,forward,False,outbound,46,70,,,,,,,,,,,
1,D19-P00,A_simple_B_complex,N,160,45,0.5732310737258782,0.4417109929078014,1993,4512,,0.4417109929078014,True,19,0,15,0,5,5,0,14,forward,False,outbound,47,68,,,,,,,,,,,
1,D19-P00,A_simple_B_complex,N,160,46,0.5774369124195943,0.4445921985815603,2006,4512,,0.4445921985815603,True,17,0,13,0,5,5,0,12,forward,False,outbound,48,66,,,,,,,,,,,
1,D19-P00,A_simple_B_complex,N,160,47,0.5811479465611084,0.44769503546099293,2020,4512,,0.44769503546099293,True,17,0,14,0,5,5,0,12,forward,False,outbound,49,64,,,,,,,,,,,
1,D19-P00,A_simple_B_complex,N,160,48,0.5853537852548244,0.450354609929078,2032,4512,,0.450354609929078,True,18,0,13,1,6,6,0,12,forward,False,outbound,50,62,,,,,,,,,,,
1,D19-P00,A_simple_B_complex,N,160,49,0.5900544285007422,0.45398092703481924,2047,4509,,0.45398092703481924,True,19,0,15,0,6,6,0,13,forward,False,outbound,51,60,,,,,,,,,,,
1,D19-P00,A_simple_B_complex,N,160,50,0.5942602671944582,0.4578152753108348,2062,4504,,0.4578152753108348,True,17,0,15,0,6,6,0,11,forward,False,outbound,52,58,,,,,,,,,,,
1,D19-P00,A_simple_B_complex,N,160,51,0.5999505195447798,0.46147013102376194,2078,4503,,0.46147013102376194,True,23,0,17,1,6,6,0,17,forward,False,outbound,53,56,,,,,,,,,,,
1,D19-P00,A_simple_B_complex,N,160,52,0.6083621969322118,0.46841637010676157,2106,4496,,0.46841637010676157,True,34,0,28,0,6,6,0,28,forward,False,outbound,54,54,,,,,,,,,,,
1,D19-P00,A_simple_B_complex,N,160,53,0.6165264720435428,0.4750889679715303,2136,4496,,0.4750889679715303,True,41,0,30,0,6,6,0,35,forward,False,outbound,55,52,,,,,,,,,,,
1,D19-P00,A_simple_B_complex,N,160,54,0.6217219198416626,0.4812013348164627,2163,4495,,0.4812013348164627,True,36,0,27,0,7,7,0,29,forward,False,outbound,56,50,,,,,,,,,,,
1,D19-P00,A_simple_B_complex,N,160,55,0.6286491835724889,0.485650723025584,2183,4495,,0.485650723025584,True,87,0,33,13,8,8,0,79,forward,False,outbound,57,48,,,,,,,,,,,
1,D19-P00,A_simple_B_complex,N,160,56,0.6345868381989115,0.48987764182424914,2202,4495,,0.48987764182424914,True,46,0,22,3,3,3,0,43,forward,False,outbound,58,46,,,,,,,,,,,
1,D19-P00,A_simple_B_complex,N,160,57,0.6345868381989115,0.4939434724091521,2202,4458,,0.4939434724091521,True,3,0,0,0,0,0,0,3,left,False,outbound,57,46,,,,,,,,,,,
1,D19-P00,A_simple_B_complex,N,160,58,0.6365660564077189,0.4961866307761328,2212,4458,,0.4961866307761328,True,16,0,10,0,1,1,0,15,forward,False,outbound,58,44,,,,,,,,,,,
1,D19-P00,A_simple_B_complex,N,160,59,0.6368134586838199,0.4959441189725101,2201,4438,,0.4959441189725101,True,3,0,0,11,0,0,0,3,right,False,outbound,59,42,,,,,,,,,,,
1,D19-P00,A_simple_B_complex,N,160,60,0.640524492825334,0.4986480396575034,2213,4438,,0.4986480396575034,True,32,0,15,3,2,2,0,30,forward,False,outbound,60,40,,,,,,,,,,,
1,D19-P00,A_simple_B_complex,N,160,61,0.6506679861454725,0.506898891653472,2241,4421,,0.506898891653472,True,58,0,30,2,2,2,0,56,forward,False,outbound,61,38,,,,,,,,,,,
1,D19-P00,A_simple_B_complex,N,160,62,0.6652647204354281,0.5234090909090909,2303,4400,,0.5234090909090909,True,80,0,63,1,0,0,0,80,forward,False,outbound,62,36,,,,,,,,,,,
1,D19-P00,A_simple_B_complex,N,160,63,0.6689757545769421,0.5280821917808219,2313,4380,,0.5280821917808219,True,21,0,13,3,0,0,0,21,forward,False,outbound,63,34,,,,,,,,,,,
1,D19-P00,A_simple_B_complex,N,160,64,0.6699653636813458,0.5308132875143184,2317,4365,,0.5308132875143184,True,8,0,4,0,0,0,0,8,forward,False,outbound,62,34,,,,,,,,,,,
1,D19-P00,A_simple_B_complex,N,160,65,0.6699653636813458,0.5321058688147295,2312,4345,,0.5321058688147295,True,0,0,0,5,0,0,0,0,right,False,outbound,61,34,,,,,,,,,,,
1,D19-P00,A_simple_B_complex,N,160,66,0.6707075705096487,0.5327963176064442,2315,4345,,0.5327963176064442,True,3,0,3,0,0,0,0,3,forward,False,outbound,60,34,,,,,,,,,,,
1,D19-P00,A_simple_B_complex,N,160,67,0.6729341909945572,0.535451197053407,2326,4344,,0.535451197053407,True,13,0,11,0,1,1,0,12,forward,False,outbound,59,34,,,,,,,,,,,
1,D19-P00,A_simple_B_complex,N,160,68,0.6739238000989609,0.5363720073664825,2330,4344,,0.5363720073664825,True,4,0,4,0,1,1,0,3,forward,False,outbound,58,34,,,,,,,,,,,
1,D19-P00,A_simple_B_complex,N,160,69,0.6756556160316675,0.537770612620912,2335,4342,,0.537770612620912,True,7,0,5,0,2,2,0,5,forward,False,outbound,57,34,,,,,,,,,,,
1,D19-P00,A_simple_B_complex,N,160,70,0.6781296387926768,0.5405716920239741,2345,4338,,0.5405716920239741,True,10,0,10,0,3,3,0,7,forward,False,outbound,56,34,,,,,,,,,,,
1,D19-P00,A_simple_B_complex,N,160,71,0.6806036615536863,0.5425409269080009,2353,4337,,0.5425409269080009,True,10,0,8,0,3,3,0,7,forward,False,outbound,55,34,,,,,,,,,,,
1,D19-P00,A_simple_B_complex,N,160,72,0.6845620979713013,0.5458948339483395,2367,4336,,0.5458948339483395,True,17,0,14,0,3,3,0,14,forward,False,outbound,54,34,,,,,,,,,,,
1,D19-P00,A_simple_B_complex,N,160,73,0.6914893617021277,0.551429889298893,2391,4336,,0.551429889298893,True,28,0,24,0,4,4,0,24,forward,False,outbound,53,34,,,,,,,,,,,
1,D19-P00,A_simple_B_complex,N,160,74,0.6964374072241465,0.5555811808118081,2409,4336,,0.5555811808118081,True,20,0,18,0,5,5,0,15,forward,False,outbound,52,34,,,,,,,,,,,
1,D19-P00,A_simple_B_complex,N,160,75,0.7080653142008907,0.5651672433679354,2450,4335,,0.5651672433679354,True,52,0,41,0,12,12,0,40,forward,False,outbound,51,34,,,,,,,,,,,
1,D19-P00,A_simple_B_complex,N,160,76,0.7206828302820386,0.5767012687427913,2500,4335,,0.5767012687427913,True,64,0,50,0,14,14,0,50,forward,False,outbound,50,34,,,,,,,,,,,
1,D19-P00,A_simple_B_complex,N,160,77,0.7320633349826818,0.5877192982456141,2546,4332,,0.5877192982456141,True,58,0,47,1,32,30,2,28,forward,False,outbound,49,34,,,,,,,,,,,
1,D19-P00,A_simple_B_complex,N,160,78,0.7441860465116279,0.6013419713095789,2599,4322,,0.6013419713095789,True,65,0,53,0,47,45,2,20,forward,False,outbound,48,34,,,,,,,,,,,
1,D19-P00,A_simple_B_complex,N,160,79,0.748144482929243,0.6098862845207704,2628,4309,,0.6098862845207704,True,36,0,35,6,20,20,0,16,forward,False,outbound,47,34,,,,,,,,,,,
1,D19-P00,A_simple_B_complex,N,160,80,0.7503711034141514,0.6103231806556615,2625,4301,,0.6103231806556615,True,39,0,9,12,7,7,0,32,forward,False,outbound,46,34,,,,,,,,,,,
1,D19-P00,A_simple_B_complex,N,160,81,0.752102919346858,0.6125874125874126,2628,4290,,0.6125874125874126,True,12,0,5,2,3,3,0,9,forward,False,outbound,45,34,,,,,,,,,,,
1,D19-P00,A_simple_B_complex,N,160,82,0.7530925284512617,0.6160525698192912,2625,4261,,0.6160525698192912,True,4,0,3,6,2,2,0,2,forward,False,outbound,44,34,,,,,,,,,,,
1,D19-P00,A_simple_B_complex,N,160,83,0.7538347352795646,0.6166862514688601,2624,4255,,0.6166862514688601,True,3,0,3,4,2,2,0,1,forward,False,outbound,43,34,,,,,,,,,,,
1,D19-P00,A_simple_B_complex,N,160,84,0.7543295398317664,0.6177024482109228,2624,4248,,0.6177024482109228,True,2,0,2,2,1,1,0,1,forward,False,outbound,42,34,,,,,,,,,,,
1,D19-P00,A_simple_B_complex,N,160,85,0.7543295398317664,0.6193061128156715,2624,4237,,0.6193061128156715,True,0,0,0,0,0,0,0,0,forward,False,outbound,41,34,,,,,,,,,,,
1,D19-P00,A_simple_B_complex,N,160,86,0.7543295398317664,0.6203309692671395,2624,4230,,0.6203309692671395,True,0,0,0,0,0,0,0,0,forward,False,outbound,40,34,,,,,,,,,,,
1,D19-P00,A_simple_B_complex,N,160,87,0.7543295398317664,0.6210650887573964,2624,4225,,0.6210650887573964,True,0,0,0,0,0,0,0,0,forward,False,outbound,39,34,,,,,,,,,,,
1,D19-P00,A_simple_B_complex,N,160,88,0.7543295398317664,0.6218009478672986,2624,4220,,0.6218009478672986,True,0,0,0,0,0,0,0,0,forward,False,outbound,38,34,,,,,,,,,,,
1,D19-P00,A_simple_B_complex,N,160,89,0.7543295398317664,0.6219483289879119,2624,4219,,0.6219483289879119,True,0,0,0,0,0,0,0,0,forward,False,outbound,37,34,,,,,,,,,,,
1,D19-P00,A_simple_B_complex,N,160,90,0.7543295398317664,0.6219483289879119,2624,4219,,0.6219483289879119,True,0,0,0,0,0,0,0,0,forward,False,outbound,36,34,,,,,,,,,,,
1,D19-P00,A_simple_B_complex,N,160,91,0.7543295398317664,0.6226862838158519,2624,4214,,0.6226862838158519,True,0,0,0,0,0,0,0,0,forward,False,outbound,35,34,,,,,,,,,,,
1,D19-P00,A_simple_B_complex,N,160,92,0.7543295398317664,0.6228340849750772,2624,4213,,0.6228340849750772,True,0,0,0,0,0,0,0,0,forward,False,outbound,34,34,,,,,,,,,,,
1,D19-P00,A_simple_B_complex,N,160,93,0.7543295398317664,0.6192736767149299,2609,4213,,0.6192736767149299,True,0,0,0,15,0,0,0,0,right,False,outbound,35,32,,,,,,,,,,,
1,D19-P00,A_simple_B_complex,N,160,94,0.7543295398317664,0.6180868739615476,2604,4213,,0.6180868739615476,True,5,0,0,5,0,0,0,5,forward,False,outbound,34,32,,,,,,,,,,,
1,D19-P00,A_simple_B_complex,N,160,95,0.7543295398317664,0.6180868739615476,2604,4213,,0.6180868739615476,True,3,0,0,0,0,0,0,3,forward,False,outbound,33,32,,,,,,,,,,,
1,D19-P00,A_simple_B_complex,N,160,96,0.7543295398317664,0.6178495134108711,2603,4213,,0.6178495134108711,True,2,0,0,1,0,0,0,2,forward,False,outbound,32,32,,,,,,,,,,,
1,D19-P00,A_simple_B_complex,N,160,97,0.7543295398317664,0.6178495134108711,2603,4213,,0.6178495134108711,True,1,0,0,0,0,0,0,1,forward,False,outbound,31,32,,,,,,,,,,,
1,D19-P00,A_simple_B_complex,N,160,98,0.7543295398317664,0.6178495134108711,2603,4213,,0.6178495134108711,True,0,0,0,0,0,0,0,0,forward,False,outbound,30,32,,,,,,,,,,,
1,D19-P00,A_simple_B_complex,N,160,99,0.7543295398317664,0.6178495134108711,2603,4213,,0.6178495134108711,True,0,0,0,0,0,0,0,0,forward,False,outbound,29,32,,,,,,,,,,,
1,D19-P00,A_simple_B_complex,N,160,100,0.7543295398317664,0.6178495134108711,2603,4213,,0.6178495134108711,True,0,0,0,0,0,0,0,0,forward,False,outbound,28,32,,,,,,,,,,,
1,D19-P00,A_simple_B_complex,N,160,101,0.7543295398317664,0.6178495134108711,2603,4213,,0.6178495134108711,True,0,0,0,0,0,0,0,0,forward,False,outbound,27,32,,,,,,,,,,,
1,D19-P00,A_simple_B_complex,N,160,102,0.7543295398317664,0.6178495134108711,2603,4213,,0.6178495134108711,True,0,0,0,0,0,0,0,0,forward,False,outbound,26,32,,,,,,,,,,,
1,D19-P00,A_simple_B_complex,N,160,103,0.7543295398317664,0.6178495134108711,2603,4213,,0.6178495134108711,True,0,0,0,0,0,0,0,0,forward,False,outbound,25,32,,,,,,,,,,,
1,D19-P00,A_simple_B_complex,N,160,104,0.7543295398317664,0.6178495134108711,2603,4213,,0.6178495134108711,True,0,0,0,0,0,0,0,0,forward,False,outbound,24,32,,,,,,,,,,,
1,D19-P00,A_simple_B_complex,N,160,105,0.7543295398317664,0.6178495134108711,2603,4213,,0.6178495134108711,True,0,0,0,0,0,0,0,0,forward,False,outbound,23,32,,,,,,,,,,,
1,D19-P00,A_simple_B_complex,N,160,106,0.7543295398317664,0.6178495134108711,2603,4213,,0.6178495134108711,True,0,0,0,0,0,0,0,0,forward,False,outbound,22,32,,,,,,,,,,,
1,D19-P00,A_simple_B_complex,N,160,107,0.7543295398317664,0.6178495134108711,2603,4213,,0.6178495134108711,True,0,0,0,0,0,0,0,0,forward,False,outbound,21,32,,,,,,,,,,,
1,D19-P00,A_simple_B_complex,N,160,108,0.7543295398317664,0.6178495134108711,2603,4213,,0.6178495134108711,True,0,0,0,0,0,0,0,0,forward,False,outbound,20,32,,,,,,,,,,,
1,D19-P00,A_simple_B_complex,N,160,109,0.7543295398317664,0.6178495134108711,2603,4213,,0.6178495134108711,True,0,0,0,0,0,0,0,0,forward,False,outbound,19,32,,,,,,,,,,,
1,D19-P00,A_simple_B_complex,N,160,110,0.7543295398317664,0.6178495134108711,2603,4213,,0.6178495134108711,True,0,0,0,0,0,0,0,0,forward,False,outbound,18,32,,,,,,,,,,,
1,D19-P00,A_simple_B_complex,N,160,111,0.7543295398317664,0.6178495134108711,2603,4213,,0.6178495134108711,True,0,0,0,0,0,0,0,0,forward,False,outbound,17,32,,,,,,,,,,,
1,D19-P00,A_simple_B_complex,N,160,112,0.7543295398317664,0.6178495134108711,2603,4213,,0.6178495134108711,True,0,0,0,0,0,0,0,0,forward,False,outbound,16,32,,,,,,,,,,,
1,D19-P00,A_simple_B_complex,N,160,113,0.7543295398317664,0.6178495134108711,2603,4213,,0.6178495134108711,True,0,0,0,0,0,0,0,0,forward,False,outbound,15,32,,,,,,,,,,,
1,D19-P00,A_simple_B_complex,N,160,114,0.7543295398317664,0.6178495134108711,2603,4213,,0.6178495134108711,True,0,0,0,0,0,0,0,0,forward,False,outbound,14,32,,,,,,,,,,,
1,D19-P00,A_simple_B_complex,N,160,115,0.7543295398317664,0.6178495134108711,2603,4213,,0.6178495134108711,True,0,0,0,0,0,0,0,0,forward,False,outbound,13,32,,,,,,,,,,,
1,D19-P00,A_simple_B_complex,N,160,116,0.7543295398317664,0.6154759079041063,2593,4213,,0.6154759079041063,True,2,0,0,10,0,0,0,2,forward,False,outbound,12,32,,,,,,,,,,,
1,D19-P00,A_simple_B_complex,N,160,117,0.7543295398317664,0.6154394299287411,2591,4210,,0.6154394299287411,True,15,0,0,2,0,0,0,15,forward,False,outbound,11,32,,,,,,,,,,,
1,D19-P00,A_simple_B_complex,N,160,118,0.7543295398317664,0.6154394299287411,2591,4210,,0.6154394299287411,True,3,0,0,0,0,0,0,3,forward,False,outbound,10,32,,,,,,,,,,,
1,D19-P00,A_simple_B_complex,N,160,119,0.7572983671449778,0.6209026128266033,2614,4210,,0.6209026128266033,True,26,0,23,0,1,1,0,25,forward,False,outbound,11,30,,,,,,,,,,,
1,D19-P00,A_simple_B_complex,N,160,120,0.760267194458189,0.6246131873363485,2624,4201,,0.6246131873363485,True,14,0,10,0,4,4,0,10,forward,False,outbound,12,28,,,,,,,,,,,
1,D19-P00,A_simple_B_complex,N,160,121,0.7637308263236022,0.6289668336912432,2636,4191,,0.6289668336912432,True,17,0,12,0,5,5,0,12,forward,False,outbound,13,26,,,,,,,,,,,
1,D19-P00,A_simple_B_complex,N,160,122,0.7674418604651163,0.632233381157341,2644,4182,,0.632233381157341,True,20,0,13,5,6,6,0,14,forward,False,outbound,14,24,,,,,,,,,,,
1,D19-P00,A_simple_B_complex,N,160,123,0.7711528946066304,0.6363200766650695,2656,4174,,0.6363200766650695,True,16,0,13,1,6,6,0,10,forward,False,outbound,15,22,,,,,,,,,,,
1,D19-P00,A_simple_B_complex,N,160,124,0.7748639287481445,0.6398945097099017,2669,4171,,0.6398945097099017,True,17,0,13,0,6,6,0,11,forward,False,outbound,16,20,,,,,,,,,,,
1,D19-P00,A_simple_B_complex,N,160,125,0.7785749628896586,0.6445565969718817,2682,4161,,0.6445565969718817,True,17,0,13,0,6,6,0,11,forward,False,outbound,17,18,,,,,,,,,,,
1,D19-P00,A_simple_B_complex,N,160,126,0.7822859970311727,0.6483040654318017,2695,4157,,0.6483040654318017,True,17,0,13,0,6,6,0,11,forward,False,outbound,18,16,,,,,,,,,,,
1,D19-P00,A_simple_B_complex,N,160,127,0.7862444334487877,0.6527075812274368,2712,4155,,0.6527075812274368,True,20,0,17,0,6,6,0,14,forward,False,outbound,19,14,,,,,,,,,,,
1,D19-P00,A_simple_B_complex,N,160,128,0.7909450766947056,0.6561521791476042,2725,4153,,0.6561521791476042,True,20,0,15,2,6,6,0,14,forward,False,outbound,20,12,,,,,,,,,,,
1,D19-P00,A_simple_B_complex,N,160,129,0.7949035131123207,0.6607961399276236,2739,4145,,0.6607961399276236,True,19,0,14,0,6,6,0,13,forward,False,outbound,21,10,,,,,,,,,,,
1,D19-P00,A_simple_B_complex,N,160,130,0.7988619495299357,0.6642529567945933,2752,4143,,0.6642529567945933,True,19,0,14,1,6,6,0,13,forward,False,outbound,22,8,,,,,,,,,,,
1,D19-P00,A_simple_B_complex,N,160,131,0.8040573973280554,0.6689221846302562,2768,4138,,0.6689221846302562,True,24,0,17,1,6,6,0,18,forward,False,outbound,23,6,,,,,,,,,,,
1,D19-P00,A_simple_B_complex,N,160,132,0.810242454230579,0.6748124848778128,2789,4133,,0.6748124848778128,True,26,0,21,0,6,6,0,20,forward,False,outbound,24,4,,,,,,,,,,,
1,D19-P00,A_simple_B_complex,N,160,133,0.8146956952003959,0.6791767554479419,2805,4130,,0.6791767554479419,True,20,0,16,0,6,6,0,14,forward,False,outbound,25,2,,,,,,,,,,,
1,D19-P00,A_simple_B_complex,N,160,134,0.8206333498268185,0.684593023255814,2826,4128,,0.684593023255814,True,27,0,21,0,6,6,0,21,forward,False,outbound,26,0,,,,,,,,,,,
1,D19-P00,A_simple_B_complex,N,160,135,0.8206333498268185,0.6852570320077594,2826,4124,,0.6852570320077594,True,0,0,0,0,0,0,0,0,left,False,outbound,25,0,,,,,,,,,,,
1,D19-P00,A_simple_B_complex,N,160,136,0.8236021771400297,0.6876818622696411,2836,4124,,0.6876818622696411,True,12,0,10,0,0,0,0,12,forward,False,outbound,24,0,,,,,,,,,,,
1,D19-P00,A_simple_B_complex,N,160,137,0.8290450272142503,0.6928866229667395,2854,4119,,0.6928866229667395,True,23,0,18,0,0,0,0,23,forward,False,outbound,23,0,,,,,,,,,,,
1,D19-P00,A_simple_B_complex,N,160,138,0.8322612568035626,0.695726080621661,2865,4118,,0.695726080621661,True,13,0,11,0,0,0,0,13,forward,False,outbound,22,0,,,,,,,,,,,
1,D19-P00,A_simple_B_complex,N,160,139,0.8332508659079664,0.6968666504736458,2869,4117,,0.6968666504736458,True,4,0,4,0,0,0,0,4,forward,False,outbound,21,0,,,,,,,,,,,
1,D19-P00,A_simple_B_complex,N,160,140,0.8362196932211776,0.6997084548104956,2880,4116,,0.6997084548104956,True,13,0,11,0,0,0,0,13,forward,False,outbound,20,0,,,,,,,,,,,
1,D19-P00,A_simple_B_complex,N,160,141,0.8384463137060861,0.7018950437317785,2889,4116,,0.7018950437317785,True,9,0,9,0,0,0,0,9,forward,False,outbound,19,0,,,,,,,,,,,
1,D19-P00,A_simple_B_complex,N,160,142,0.838693715982187,0.7021379980563655,2890,4116,,0.7021379980563655,True,1,0,1,0,0,0,0,1,forward,False,outbound,18,0,,,,,,,,,,,
1,D19-P00,A_simple_B_complex,N,160,143,0.838693715982187,0.7021379980563655,2890,4116,,0.7021379980563655,False,0,0,0,0,0,0,0,0,left,False,return,17,0,,,,,,,,,,,
1,D19-P00,A_simple_B_complex,N,160,144,0.838693715982187,0.7014091350826045,2887,4116,,0.7014091350826045,False,0,0,0,3,0,0,0,0,forward,False,return,16,0,,,,,,,,,,,
1,D19-P00,A_simple_B_complex,N,160,145,0.838693715982187,0.7014091350826045,2887,4116,,0.7014091350826045,False,0,0,0,0,0,0,0,0,forward,False,return,15,0,,,,,,,,,,,
1,D19-P00,A_simple_B_complex,N,160,146,0.838693715982187,0.7014091350826045,2887,4116,,0.7014091350826045,False,0,0,0,0,0,0,0,0,forward,False,return,14,0,,,,,,,,,,,
1,D19-P00,A_simple_B_complex,N,160,147,0.838693715982187,0.7014091350826045,2887,4116,,0.7014091350826045,False,0,0,0,0,0,0,0,0,forward,False,return,13,0,,,,,,,,,,,
1,D19-P00,A_simple_B_complex,N,160,148,0.838693715982187,0.7014091350826045,2887,4116,,0.7014091350826045,False,0,0,0,0,0,0,0,0,forward,False,return,12,0,,,,,,,,,,,
1,D19-P00,A_simple_B_complex,N,160,149,0.838693715982187,0.7014091350826045,2887,4116,,0.7014091350826045,False,0,0,0,0,0,0,0,0,forward,False,return,11,0,,,,,,,,,,,
1,D19-P00,A_simple_B_complex,N,160,150,0.838693715982187,0.7014091350826045,2887,4116,,0.7014091350826045,False,0,0,0,0,0,0,0,0,forward,False,return,10,0,,,,,,,,,,,
1,D19-P00,A_simple_B_complex,N,160,151,0.838693715982187,0.7014091350826045,2887,4116,,0.7014091350826045,False,0,0,0,0,0,0,0,0,forward,False,return,9,0,,,,,,,,,,,
1,D19-P00,A_simple_B_complex,N,160,152,0.838693715982187,0.7006802721088435,2884,4116,,0.7006802721088435,False,0,0,0,3,0,0,0,0,forward,False,return,8,0,,,,,,,,,,,
1,D19-P00,A_simple_B_complex,N,160,153,0.838693715982187,0.7006802721088435,2884,4116,,0.7006802721088435,False,0,0,0,0,0,0,0,0,forward,False,return,7,0,,,,,,,,,,,
1,D19-P00,A_simple_B_complex,N,160,154,0.838693715982187,0.7006802721088435,2884,4116,,0.7006802721088435,False,0,0,0,0,0,0,0,0,forward,False,return,6,0,,,,,,,,,,,
1,D19-P00,A_simple_B_complex,N,160,155,0.838693715982187,0.7006802721088435,2884,4116,,0.7006802721088435,False,0,0,0,0,0,0,0,0,forward,False,return,5,0,,,,,,,,,,,
1,D19-P00,A_simple_B_complex,N,160,156,0.838693715982187,0.7006802721088435,2884,4116,,0.7006802721088435,False,0,0,0,0,0,0,0,0,forward,False,return,4,0,,,,,,,,,,,
1,D19-P00,A_simple_B_complex,N,160,157,0.838693715982187,0.7006802721088435,2884,4116,,0.7006802721088435,False,0,0,0,0,0,0,0,0,forward,False,return,3,0,,,,,,,,,,,
1,D19-P00,A_simple_B_complex,N,160,158,0.838693715982187,0.6999514091350826,2881,4116,,0.6999514091350826,False,0,0,0,3,0,0,0,0,forward,False,return,2,0,,,,,,,,,,,
1,D19-P00,A_simple_B_complex,N,160,159,0.838693715982187,0.6999514091350826,2881,4116,,0.6999514091350826,False,0,0,0,0,0,0,0,0,forward,False,return,1,0,,,,,,,,,,,
1,D19-P00,A_simple_B_complex,N,160,160,0.838693715982187,0.6999514091350826,2881,4116,,0.6999514091350826,False,0,0,0,0,0,0,0,0,left,False,return,0,0,,,,,,,,,,,
2,D19-P01,A_complex_B_simple,N,184,0,0.22052956111715633,0.16251500600240096,1083,6664,,0.16251500600240096,,,,,,,,,,,,,,,,,,,,,,,,,
2,D19-P01,A_complex_B_simple,N,184,1,0.2259702575262967,0.16993865030674846,1108,6520,,0.16993865030674846,True,46,0,30,5,13,9,4,37,forward,False,outbound,5,178,,,,,,,,,,,
2,D19-P01,A_complex_B_simple,N,184,2,0.23086688429452304,0.17452248921749847,1133,6492,,0.17452248921749847,True,32,0,27,2,12,8,4,24,forward,False,outbound,6,176,,,,,,,,,,,
2,D19-P01,A_complex_B_simple,N,184,3,0.23576351106274937,0.1782850092535472,1156,6484,,0.1782850092535472,True,40,0,25,2,6,6,0,34,forward,False,outbound,7,174,,,,,,,,,,,
2,D19-P01,A_complex_B_simple,N,184,4,0.23993471164309033,0.18252126836813612,1180,6465,,0.18252126836813612,True,30,0,24,0,5,5,0,25,forward,False,outbound,8,172,,,,,,,,,,,
2,D19-P01,A_complex_B_simple,N,184,5,0.24392455567645993,0.18608614812519367,1201,6454,,0.18608614812519367,True,34,0,21,0,4,4,0,30,forward,False,outbound,9,170,,,,,,,,,,,
2,D19-P01,A_complex_B_simple,N,184,6,0.24718897352194413,0.18964982956306167,1224,6454,,0.18964982956306167,True,26,0,23,0,1,1,0,25,forward,False,outbound,10,168,,,,,,,,,,,
2,D19-P01,A_complex_B_simple,N,184,7,0.24718897352194413,0.1891095252869997,1219,6446,,0.1891095252869997,True,19,0,0,5,0,0,0,19,right,False,outbound,9,168,,,,,,,,,,,
2,D19-P01,A_complex_B_simple,N,184,8,0.2500906782734857,0.18817871548246975,1213,6446,,0.18817871548246975,True,32,0,13,19,20,3,17,29,forward,False,outbound,10,166,,,,,,,,,,,
2,D19-P01,A_complex_B_simple,N,184,9,0.25281102647805587,0.1909743910056215,1223,6404,,0.1909743910056215,True,36,0,14,4,6,6,0,30,forward,False,outbound,11,164,,,,,,,,,,,
2,D19-P01,A_complex_B_simple,N,184,10,0.25281102647805587,0.1915594603074992,1221,6374,,0.1915594603074992,True,0,0,0,2,0,0,0,0,left,False,outbound,12,162,,,,,,,,,,,
2,D19-P01,A_complex_B_simple,N,184,11,0.254443235400798,0.19290535237796264,1229,6371,,0.19290535237796264,True,11,0,9,1,3,3,0,8,forward,False,outbound,13,160,,,,,,,,,,,
2,D19-P01,A_complex_B_simple,N,184,12,0.25643815741748277,0.19459714151091567,1239,6367,,0.19459714151091567,True,14,0,11,1,2,2,0,12,forward,False,outbound,14,158,,,,,,,,,,,
2,D19-P01,A_complex_B_simple,N,184,13,0.2589771490750816,0.19610307982401007,1248,6364,,0.19610307982401007,True,16,0,10,1,3,3,0,13,forward,False,outbound,15,156,,,,,,,,,,,
2,D19-P01,A_complex_B_simple,N,184,14,0.2607907145447951,0.19770368040264233,1257,6358,,0.19770368040264233,True,12,0,10,1,3,3,0,9,forward,False,outbound,16,154,,,,,,,,,,,
2,D19-P01,A_complex_B_simple,N,184,15,0.26332970620239393,0.1993073047858942,1266,6352,,0.1993073047858942,True,14,0,10,1,4,4,0,10,forward,False,outbound,17,152,,,,,,,,,,,
2,D19-P01,A_complex_B_simple,N,184,16,0.26550598476605003,0.20091396155058305,1275,6346,,0.20091396155058305,True,12,0,10,1,4,4,0,8,forward,False,outbound,18,150,,,,,,,,,,,
2,D19-P01,A_complex_B_simple,N,184,17,0.2680449764236489,0.2025236593059937,1284,6340,,0.2025236593059937,True,14,0,10,1,4,4,0,10,forward,False,outbound,19,148,,,,,,,,,,,
2,D19-P01,A_complex_B_simple,N,184,18,0.2731229597388466,0.20618882222923904,1306,6334,,0.20618882222923904,True,29,0,23,1,5,5,0,24,forward,False,outbound,20,146,,,,,,,,,,,
2,D19-P01,A_complex_B_simple,N,184,19,0.2772941603191875,0.20938685208596713,1325,6328,,0.20938685208596713,True,24,0,20,1,5,5,0,19,forward,False,outbound,21,144,,,,,,,,,,,
2,D19-P01,A_complex_B_simple,N,184,20,0.2841857091040987,0.21438735177865612,1356,6325,,0.21438735177865612,True,39,0,31,0,6,6,0,33,forward,False,outbound,22,142,,,,,,,,,,,
2,D19-P01,A_complex_B_simple,N,184,21,0.29017047515415306,0.21860170832015186,1382,6322,,0.21860170832015186,True,36,0,28,2,6,6,0,30,forward,False,outbound,23,140,,,,,,,,,,,
2,D19-P01,A_complex_B_simple,N,184,22,0.29397896264055134,0.22171229624940655,1401,6319,,0.22171229624940655,True,21,0,19,0,7,7,0,14,forward,False,outbound,24,138,,,,,,,,,,,
2,D19-P01,A_complex_B_simple,N,184,23,0.2997823721436344,0.2265228426395939,1428,6304,,0.2265228426395939,True,35,0,27,0,8,8,0,27,forward,False,outbound,25,136,,,,,,,,,,,
2,D19-P01,A_complex_B_simple,N,184,24,0.30594849474066016,0.23139184256467227,1458,6301,,0.23139184256467227,True,36,0,30,0,9,9,0,27,forward,False,outbound,26,134,,,,,,,,,,,
2,D19-P01,A_complex_B_simple,N,184,25,0.3133841131664853,0.2372181644966656,1494,6298,,0.2372181644966656,True,42,0,36,0,10,10,0,32,forward,False,outbound,27,132,,,,,,,,,,,
2,D19-P01,A_complex_B_simple,N,184,26,0.3208197315923105,0.24392567889471176,1536,6297,,0.24392567889471176,True,46,0,42,0,10,10,0,36,forward,False,outbound,28,130,,,,,,,,,,,
2,D19-P01,A_complex_B_simple,N,184,27,0.32752992383025026,0.2499602985548674,1574,6297,,0.2499602985548674,True,56,0,38,0,10,10,0,46,forward,False,outbound,29,128,,,,,,,,,,,
2,D19-P01,A_complex_B_simple,N,184,28,0.3347841857091041,0.25660617637695,1612,6282,,0.25660617637695,True,48,0,38,0,11,11,0,37,forward,False,outbound,30,126,,,,,,,,,,,
2,D19-P01,A_complex_B_simple,N,184,29,0.3402248821182445,0.26143790849673204,1640,6273,,0.26143790849673204,True,33,0,28,0,16,14,2,19,forward,False,outbound,31,124,,,,,,,,,,,
2,D19-P01,A_complex_B_simple,N,184,30,0.34892999637286903,0.2688686771980214,1685,6267,,0.2688686771980214,True,53,0,45,0,24,24,0,29,forward,False,outbound,32,122,,,,,,,,,,,
2,D19-P01,A_complex_B_simple,N,184,31,0.3554588320638375,0.2743688079258549,1717,6258,,0.2743688079258549,True,36,0,32,0,10,10,0,26,forward,False,outbound,33,120,,,,,,,,,,,
2,D19-P01,A_complex_B_simple,N,184,32,0.363075807036634,0.2807606263982103,1757,6258,,0.2807606263982103,True,46,0,41,1,13,13,0,33,forward,False,outbound,34,118,,,,,,,,,,,
2,D19-P01,A_complex_B_simple,N,184,33,0.37069278200943057,0.2869704236610711,1795,6255,,0.2869704236610711,True,45,0,38,0,12,12,0,33,forward,False,outbound,35,116,,,,,,,,,,,
2,D19-P01,A_complex_B_simple,N,184,34,0.37740297424737035,0.29224620303756993,1828,6255,,0.29224620303756993,True,38,0,33,0,11,11,0,27,forward,False,outbound,36,114,,,,,,,,,,,
2,D19-P01,A_complex_B_simple,N,184,35,0.3897352194414218,0.302158273381295,1890,6255,,0.302158273381295,True,69,0,62,0,11,11,0,58,forward,False,outbound,37,112,,,,,,,,,,,
2,D19-P01,A_complex_B_simple,N,184,36,0.40261153427638735,0.3123599103426193,1951,6246,,0.3123599103426193,True,73,0,61,0,13,13,0,60,forward,False,outbound,38,110,,,,,,,,,,,
2,D19-P01,A_complex_B_simple,N,184,37,0.4238302502720348,0.3288504642971502,2054,6246,,0.3288504642971502,True,117,0,103,0,14,14,0,103,forward,False,outbound,39,108,,,,,,,,,,,
2,D19-P01,A_complex_B_simple,N,184,38,0.44831338411316646,0.34963129208079513,2181,6238,,0.34963129208079513,True,140,0,127,0,16,16,0,124,forward,False,outbound,40,106,,,,,,,,,,,
2,D19-P01,A_complex_B_simple,N,184,39,0.47442872687704024,0.37303622956075666,2327,6238,,0.37303622956075666,True,158,0,146,0,18,18,0,140,forward,False,outbound,41,104,,,,,,,,,,,
2,D19-P01,A_complex_B_simple,N,184,40,0.4936525208560029,0.3887997432605905,2423,6232,,0.3887997432605905,True,202,0,109,13,19,19,0,183,forward,False,outbound,42,102,,,,,,,,,,,
2,D19-P01,A_complex_B_simple,N,184,41,0.4998186434530287,0.3980691874497184,2474,6215,,0.3980691874497184,True,57,0,51,0,10,10,0,47,forward,False,outbound,43,100,,,,,,,,,,,
2,D19-P01,A_complex_B_simple,N,184,42,0.4998186434530287,0.398603669426855,2455,6159,,0.398603669426855,True,7,0,0,19,0,0,0,7,left,False,outbound,42,100,,,,,,,,,,,
2,D19-P01,A_complex_B_simple,N,184,43,0.5061661225970258,0.4041240461113817,2489,6159,,0.4041240461113817,True,51,0,36,2,11,11,0,40,forward,False,outbound,45,96,,,,,,,,,,,
2,D19-P01,A_complex_B_simple,N,184,44,0.5126949582879942,0.4110479285134037,2530,6155,,0.4110479285134037,True,52,0,41,0,14,14,0,38,forward,False,outbound,46,94,,,,,,,,,,,
2,D19-P01,A_complex_B_simple,N,184,45,0.5172288719622778,0.42048780487804877,2586,6150,,0.42048780487804877,True,80,0,58,2,14,14,0,66,forward,False,outbound,47,92,,,,,,,,,,,
2,D19-P01,A_complex_B_simple,N,184,46,0.5214000725426188,0.4224572823433686,2596,6145,,0.4224572823433686,True,48,0,22,12,12,12,0,36,forward,False,outbound,44,94,,,,,,,,,,,
2,D19-P01,A_complex_B_simple,N,184,47,0.5248458469350744,0.4272385005729252,2610,6109,,0.4272385005729252,True,35,0,18,4,8,8,0,27,forward,False,outbound,43,94,,,,,,,,,,,
2,D19-P01,A_complex_B_simple,N,184,48,0.528835690968444,0.4296964725184578,2619,6095,,0.4296964725184578,True,31,0,18,9,8,8,0,23,forward,False,outbound,44,92,,,,,,,,,,,
2,D19-P01,A_complex_B_simple,N,184,49,0.5322814653608995,0.43398714356354046,2633,6067,,0.43398714356354046,True,27,0,17,3,7,7,0,20,forward,False,outbound,45,90,,,,,,,,,,,
2,D19-P01,A_complex_B_simple,N,184,50,0.5357272397533551,0.43758256274768825,2650,6056,,0.43758256274768825,True,27,0,18,1,7,7,0,20,forward,False,outbound,46,88,,,,,,,,,,,
2,D19-P01,A_complex_B_simple,N,184,51,0.5391730141458106,0.44151756129887343,2665,6036,,0.44151756129887343,True,22,0,15,0,7,7,0,15,forward,False,outbound,47,86,,,,,,,,,,,
2,D19-P01,A_complex_B_simple,N,184,52,0.5424374319912949,0.4453851261620186,2683,6024,,0.4453851261620186,True,22,0,18,0,6,6,0,16,forward,False,outbound,50,82,,,,,,,,,,,
2,D19-P01,A_complex_B_simple,N,184,53,0.5457018498367792,0.4485453034081463,2698,6015,,0.4485453034081463,True,20,0,15,0,6,6,0,14,forward,False,outbound,51,80,,,,,,,,,,,
2,D19-P01,A_complex_B_simple,N,184,54,0.5491476242292347,0.4522579570071655,2714,6001,,0.4522579570071655,True,20,0,16,0,5,5,0,15,forward,False,outbound,52,78,,,,,,,,,,,
2,D19-P01,A_complex_B_simple,N,184,55,0.552412042074719,0.4557743658210948,2731,5992,,0.4557743658210948,True,19,0,17,0,5,5,0,14,forward,False,outbound,53,76,,,,,,,,,,,
2,D19-P01,A_complex_B_simple,N,184,56,0.5558578164671745,0.4589041095890411,2747,5986,,0.4589041095890411,True,21,0,16,0,6,6,0,15,forward,False,outbound,54,74,,,,,,,,,,,
2,D19-P01,A_complex_B_simple,N,184,57,0.5596663039535728,0.4619755975263246,2764,5983,,0.4619755975263246,True,22,0,17,0,6,6,0,16,forward,False,outbound,55,72,,,,,,,,,,,
2,D19-P01,A_complex_B_simple,N,184,58,0.5627493652520856,0.4654161781946073,2779,5971,,0.4654161781946073,True,17,0,15,0,6,6,0,11,forward,False,outbound,56,70,,,,,,,,,,,
2,D19-P01,A_complex_B_simple,N,184,59,0.5661951396445412,0.4683310991957105,2795,5968,,0.4683310991957105,True,20,0,16,0,6,6,0,14,forward,False,outbound,57,68,,,,,,,,,,,
2,D19-P01,A_complex_B_simple,N,184,60,0.5707290533188248,0.47191011235955055,2814,5963,,0.47191011235955055,True,26,0,19,0,6,6,0,20,forward,False,outbound,58,66,,,,,,,,,,,
2,D19-P01,A_complex_B_simple,N,184,61,0.5765324628219078,0.4768378650553877,2841,5958,,0.4768378650553877,True,35,0,28,1,7,7,0,28,forward,False,outbound,59,64,,,,,,,,,,,
2,D19-P01,A_complex_B_simple,N,184,62,0.5805223068552775,0.4806787634408602,2861,5952,,0.4806787634408602,True,23,0,20,0,7,7,0,16,forward,False,outbound,60,62,,,,,,,,,,,
2,D19-P01,A_complex_B_simple,N,184,63,0.5857816467174465,0.4845430107526882,2884,5952,,0.4845430107526882,True,29,0,23,0,8,8,0,21,forward,False,outbound,61,60,,,,,,,,,,,
2,D19-P01,A_complex_B_simple,N,184,64,0.5921291258614436,0.4895798319327731,2913,5950,,0.4895798319327731,True,35,0,29,0,8,8,0,27,forward,False,outbound,62,58,,,,,,,,,,,
2,D19-P01,A_complex_B_simple,N,184,65,0.5988393180993834,0.4959623149394347,2948,5944,,0.4959623149394347,True,45,0,35,0,10,10,0,35,forward,False,outbound,63,56,,,,,,,,,,,
2,D19-P01,A_complex_B_simple,N,184,66,0.6059122234312658,0.5020188425302826,2984,5944,,0.5020188425302826,True,47,0,36,0,11,11,0,36,forward,False,outbound,62,56,,,,,,,,,,,
2,D19-P01,A_complex_B_simple,N,184,67,0.6149800507798332,0.509421265141319,3028,5944,,0.509421265141319,True,59,0,46,2,13,13,0,46,forward,False,outbound,63,54,,,,,,,,,,,
2,D19-P01,A_complex_B_simple,N,184,68,0.6215088864708016,0.5168747890651367,3063,5926,,0.5168747890651367,True,48,0,37,2,14,14,0,34,forward,False,outbound,66,50,,,,,,,,,,,
2,D19-P01,A_complex_B_simple,N,184,69,0.6287631483496554,0.5196757304509373,3077,5921,,0.5196757304509373,True,106,0,28,14,16,16,0,90,forward,False,outbound,67,48,,,,,,,,,,,
2,D19-P01,A_complex_B_simple,N,184,70,0.6403699673558215,0.5258080893552208,3107,5909,,0.5258080893552208,True,84,0,33,3,7,7,0,77,forward,False,outbound,68,46,,,,,,,,,,,
2,D19-P01,A_complex_B_simple,N,184,71,0.6534276387377584,0.5449897750511248,3198,5868,,0.5449897750511248,True,99,0,92,1,5,5,0,94,forward,False,outbound,69,44,,,,,,,,,,,
2,D19-P01,A_complex_B_simple,N,184,72,0.6565107000362713,0.5480293465278963,3212,5861,,0.5480293465278963,True,22,0,16,2,4,4,0,18,forward,False,outbound,70,42,,,,,,,,,,,
2,D19-P01,A_complex_B_simple,N,184,73,0.6594124047878128,0.5523972602739726,3226,5840,,0.5523972602739726,True,22,0,15,1,2,2,0,20,forward,False,outbound,71,40,,,,,,,,,,,
2,D19-P01,A_complex_B_simple,N,184,74,0.6594124047878128,0.5545235638114895,3224,5814,,0.5545235638114895,True,0,0,0,2,0,0,0,0,left,False,outbound,70,40,,,,,,,,,,,
2,D19-P01,A_complex_B_simple,N,184,75,0.6621327529923831,0.5564155486756106,3235,5814,,0.5564155486756106,True,18,0,14,3,3,3,0,15,forward,False,outbound,73,36,,,,,,,,,,,
2,D19-P01,A_complex_B_simple,N,184,76,0.6641276750090678,0.5584035781868226,3246,5813,,0.5584035781868226,True,14,0,11,0,3,3,0,11,forward,False,outbound,74,34,,,,,,,,,,,
2,D19-P01,A_complex_B_simple,N,184,77,0.6661225970257526,0.5597798038878377,3254,5813,,0.5597798038878377,True,13,0,9,1,4,4,0,9,forward,False,outbound,75,32,,,,,,,,,,,
2,D19-P01,A_complex_B_simple,N,184,78,0.6686615886833515,0.5621128699242945,3267,5812,,0.5621128699242945,True,16,0,14,1,4,4,0,12,forward,False,outbound,76,30,,,,,,,,,,,
2,D19-P01,A_complex_B_simple,N,184,79,0.6712005803409503,0.5637583892617449,3276,5811,,0.5637583892617449,True,14,0,10,1,4,4,0,10,forward,False,outbound,77,28,,,,,,,,,,,
2,D19-P01,A_complex_B_simple,N,184,80,0.6764599202031193,0.5676419965576592,3298,5810,,0.5676419965576592,True,29,0,23,1,5,5,0,24,forward,False,outbound,78,26,,,,,,,,,,,
2,D19-P01,A_complex_B_simple,N,184,81,0.6791802684076895,0.569805474264073,3310,5809,,0.569805474264073,True,15,0,13,1,5,5,0,10,forward,False,outbound,79,24,,,,,,,,,,,
2,D19-P01,A_complex_B_simple,N,184,82,0.6867972433804861,0.5755853994490359,3343,5808,,0.5755853994490359,True,42,0,34,1,6,6,0,36,forward,False,outbound,80,22,,,,,,,,,,,
2,D19-P01,A_complex_B_simple,N,184,83,0.6913311570547697,0.5791286378508697,3363,5807,,0.5791286378508697,True,30,0,21,1,7,7,0,23,forward,False,outbound,81,20,,,,,,,,,,,
2,D19-P01,A_complex_B_simple,N,184,84,0.7011244105912223,0.5880124009645195,3414,5806,,0.5880124009645195,True,59,0,51,0,8,8,0,51,forward,False,outbound,82,18,,,,,,,,,,,
2,D19-P01,A_complex_B_simple,N,184,85,0.7098295248458469,0.5965184419165805,3461,5802,,0.5965184419165805,True,54,0,48,1,9,9,0,45,forward,False,outbound,59,40,,,,,,,,,,,
2,D19-P01,A_complex_B_simple,N,184,86,0.7194414218353282,0.6057941024314537,3513,5799,,0.6057941024314537,True,63,0,53,1,11,11,0,52,forward,False,outbound,58,40,,,,,,,,,,,
2,D19-P01,A_complex_B_simple,N,184,87,0.7281465360899528,0.6171280276816609,3567,5780,,0.6171280276816609,True,65,0,54,0,11,11,0,54,forward,False,outbound,57,40,,,,,,,,,,,
2,D19-P01,A_complex_B_simple,N,184,88,0.7326804497642365,0.6228769497400347,3594,5770,,0.6228769497400347,True,36,0,30,3,11,11,0,25,forward,False,outbound,54,42,,,,,,,,,,,
2,D19-P01,A_complex_B_simple,N,184,89,0.7368516503445774,0.6278019113814075,3613,5755,,0.6278019113814075,True,27,0,23,4,10,10,0,17,forward,False,outbound,53,42,,,,,,,,,,,
2,D19-P01,A_complex_B_simple,N,184,90,0.7410228509249184,0.6326779189142161,3636,5747,,0.6326779189142161,True,26,0,23,0,10,10,0,16,forward,False,outbound,52,42,,,,,,,,,,,
2,D19-P01,A_complex_B_simple,N,184,91,0.745012694958288,0.6371558034158243,3656,5738,,0.6371558034158243,True,25,0,20,0,10,10,0,15,forward,False,outbound,51,42,,,,,,,,,,,
2,D19-P01,A_complex_B_simple,N,184,92,0.7495466086325716,0.6424337517433751,3685,5736,,0.6424337517433751,True,30,0,29,0,10,10,0,20,forward,False,outbound,50,42,,,,,,,,,,,
2,D19-P01,A_complex_B_simple,N,184,93,0.7522669568371418,0.6467817896389325,3708,5733,,0.6467817896389325,True,29,0,23,0,10,10,0,19,forward,False,outbound,49,42,,,,,,,,,,,
2,D19-P01,A_complex_B_simple,N,184,94,0.7546245919477693,0.6469972067039106,3706,5728,,0.6469972067039106,True,54,0,11,13,10,10,0,44,forward,False,outbound,48,42,,,,,,,,,,,
2,D19-P01,A_complex_B_simple,N,184,95,0.7568008705114254,0.6477987421383647,3708,5724,,0.6477987421383647,True,16,0,9,7,5,5,0,11,forward,False,outbound,47,42,,,,,,,,,,,
2,D19-P01,A_complex_B_simple,N,184,96,0.7578890097932536,0.6515710022819028,3712,5697,,0.6515710022819028,True,6,0,5,1,3,3,0,3,forward,False,outbound,46,42,,,,,,,,,,,
2,D19-P01,A_complex_B_simple,N,184,97,0.7587957925281102,0.6534879634510631,3719,5691,,0.6534879634510631,True,5,0,7,0,2,2,0,3,forward,False,outbound,45,42,,,,,,,,,,,
2,D19-P01,A_complex_B_simple,N,184,98,0.759158505622053,0.6543535620052771,3720,5685,,0.6543535620052771,True,2,0,2,1,1,1,0,1,forward,False,outbound,44,42,,,,,,,,,,,
2,D19-P01,A_complex_B_simple,N,184,99,0.7595212187159956,0.6559746210786042,3722,5674,,0.6559746210786042,True,2,0,2,0,1,1,0,1,forward,False,outbound,43,42,,,,,,,,,,,
2,D19-P01,A_complex_B_simple,N,184,100,0.759702575262967,0.6566137566137566,3723,5670,,0.6566137566137566,True,2,0,1,0,1,1,0,1,forward,False,outbound,42,42,,,,,,,,,,,
2,D19-P01,A_complex_B_simple,N,184,101,0.759702575262967,0.6569613552143991,3723,5667,,0.6569613552143991,True,0,0,0,0,0,0,0,0,forward,False,outbound,41,42,,,,,,,,,,,
2,D19-P01,A_complex_B_simple,N,184,102,0.759702575262967,0.6578900865877364,3723,5659,,0.6578900865877364,True,0,0,0,0,0,0,0,0,forward,False,outbound,40,42,,,,,,,,,,,
2,D19-P01,A_complex_B_simple,N,184,103,0.759702575262967,0.6585883601627455,3723,5653,,0.6585883601627455,True,1,0,0,0,0,0,0,1,forward,False,outbound,39,42,,,,,,,,,,,
2,D19-P01,A_complex_B_simple,N,184,104,0.759702575262967,0.6591110324065875,3722,5647,,0.6591110324065875,True,0,0,0,1,0,0,0,0,forward,False,outbound,38,42,,,,,,,,,,,
2,D19-P01,A_complex_B_simple,N,184,105,0.759702575262967,0.659227771873893,3722,5646,,0.659227771873893,True,0,0,0,0,0,0,0,0,forward,False,outbound,37,42,,,,,,,,,,,
2,D19-P01,A_complex_B_simple,N,184,106,0.759702575262967,0.659227771873893,3722,5646,,0.659227771873893,True,0,0,0,0,0,0,0,0,forward,False,outbound,36,42,,,,,,,,,,,
2,D19-P01,A_complex_B_simple,N,184,107,0.759702575262967,0.6597591215019483,3725,5646,,0.6597591215019483,True,1,0,3,0,0,0,0,1,forward,False,outbound,35,42,,,,,,,,,,,
2,D19-P01,A_complex_B_simple,N,184,108,0.759702575262967,0.6597591215019483,3725,5646,,0.6597591215019483,True,0,0,0,0,0,0,0,0,forward,False,outbound,34,42,,,,,,,,,,,
2,D19-P01,A_complex_B_simple,N,184,109,0.759702575262967,0.6597591215019483,3725,5646,,0.6597591215019483,True,0,0,0,0,0,0,0,0,left,False,outbound,35,40,,,,,,,,,,,
2,D19-P01,A_complex_B_simple,N,184,110,0.759702575262967,0.6597591215019483,3725,5646,,0.6597591215019483,True,0,0,0,0,0,0,0,0,forward,False,outbound,34,40,,,,,,,,,,,
2,D19-P01,A_complex_B_simple,N,184,111,0.759702575262967,0.6597591215019483,3725,5646,,0.6597591215019483,True,1,0,0,0,0,0,0,1,forward,False,outbound,33,40,,,,,,,,,,,
2,D19-P01,A_complex_B_simple,N,184,112,0.759702575262967,0.6568644818423384,3708,5645,,0.6568644818423384,True,1,0,1,18,0,0,0,1,forward,False,outbound,32,40,,,,,,,,,,,
2,D19-P01,A_complex_B_simple,N,184,113,0.759702575262967,0.6563330380868024,3705,5645,,0.6563330380868024,True,0,0,0,3,0,0,0,0,forward,False,outbound,31,40,,,,,,,,,,,
2,D19-P01,A_complex_B_simple,N,184,114,0.759702575262967,0.6563884458621301,3704,5643,,0.6563884458621301,True,0,0,0,1,0,0,0,0,forward,False,outbound,30,40,,,,,,,,,,,
2,D19-P01,A_complex_B_simple,N,184,115,0.759702575262967,0.6558568137515506,3701,5643,,0.6558568137515506,True,0,0,0,3,0,0,0,0,forward,False,outbound,29,40,,,,,,,,,,,
2,D19-P01,A_complex_B_simple,N,184,116,0.759702575262967,0.6558568137515506,3701,5643,,0.6558568137515506,True,0,0,0,0,0,0,0,0,forward,False,outbound,28,40,,,,,,,,,,,
2,D19-P01,A_complex_B_simple,N,184,117,0.759702575262967,0.6556796030480241,3700,5643,,0.6556796030480241,True,0,0,0,1,0,0,0,0,forward,False,outbound,27,40,,,,,,,,,,,
2,D19-P01,A_complex_B_simple,N,184,118,0.759702575262967,0.6556796030480241,3700,5643,,0.6556796030480241,True,0,0,0,0,0,0,0,0,forward,False,outbound,26,40,,,,,,,,,,,
2,D19-P01,A_complex_B_simple,N,184,119,0.759702575262967,0.6556796030480241,3700,5643,,0.6556796030480241,True,0,0,0,0,0,0,0,0,forward,False,outbound,25,40,,,,,,,,,,,
2,D19-P01,A_complex_B_simple,N,184,120,0.759702575262967,0.6556796030480241,3700,5643,,0.6556796030480241,True,0,0,0,0,0,0,0,0,forward,False,outbound,24,40,,,,,,,,,,,
2,D19-P01,A_complex_B_simple,N,184,121,0.759702575262967,0.6556796030480241,3700,5643,,0.6556796030480241,True,0,0,0,0,0,0,0,0,forward,False,outbound,23,40,,,,,,,,,,,
2,D19-P01,A_complex_B_simple,N,184,122,0.759702575262967,0.6556796030480241,3700,5643,,0.6556796030480241,True,0,0,0,0,0,0,0,0,forward,False,outbound,22,40,,,,,,,,,,,
2,D19-P01,A_complex_B_simple,N,184,123,0.759702575262967,0.6556796030480241,3700,5643,,0.6556796030480241,True,0,0,0,0,0,0,0,0,forward,False,outbound,21,40,,,,,,,,,,,
2,D19-P01,A_complex_B_simple,N,184,124,0.759702575262967,0.6556796030480241,3700,5643,,0.6556796030480241,True,0,0,0,0,0,0,0,0,forward,False,outbound,20,40,,,,,,,,,,,
2,D19-P01,A_complex_B_simple,N,184,125,0.759702575262967,0.6556796030480241,3700,5643,,0.6556796030480241,True,0,0,0,0,0,0,0,0,forward,False,outbound,19,40,,,,,,,,,,,
2,D19-P01,A_complex_B_simple,N,184,126,0.759702575262967,0.6556796030480241,3700,5643,,0.6556796030480241,True,0,0,0,0,0,0,0,0,forward,False,outbound,18,40,,,,,,,,,,,
2,D19-P01,A_complex_B_simple,N,184,127,0.759702575262967,0.6556796030480241,3700,5643,,0.6556796030480241,True,0,0,0,0,0,0,0,0,forward,False,outbound,17,40,,,,,,,,,,,
2,D19-P01,A_complex_B_simple,N,184,128,0.759702575262967,0.6556796030480241,3700,5643,,0.6556796030480241,True,0,0,0,0,0,0,0,0,forward,False,outbound,16,40,,,,,,,,,,,
2,D19-P01,A_complex_B_simple,N,184,129,0.759702575262967,0.6556796030480241,3700,5643,,0.6556796030480241,True,0,0,0,0,0,0,0,0,forward,False,outbound,15,40,,,,,,,,,,,
2,D19-P01,A_complex_B_simple,N,184,130,0.759702575262967,0.6556796030480241,3700,5643,,0.6556796030480241,True,0,0,0,0,0,0,0,0,forward,False,outbound,14,40,,,,,,,,,,,
2,D19-P01,A_complex_B_simple,N,184,131,0.759702575262967,0.6556796030480241,3700,5643,,0.6556796030480241,True,0,0,0,0,0,0,0,0,forward,False,outbound,13,40,,,,,,,,,,,
2,D19-P01,A_complex_B_simple,N,184,132,0.759702575262967,0.6556796030480241,3700,5643,,0.6556796030480241,True,0,0,0,0,0,0,0,0,forward,False,outbound,12,40,,,,,,,,,,,
2,D19-P01,A_complex_B_simple,N,184,133,0.759702575262967,0.6556796030480241,3700,5643,,0.6556796030480241,True,0,0,0,0,0,0,0,0,forward,False,outbound,11,40,,,,,,,,,,,
2,D19-P01,A_complex_B_simple,N,184,134,0.759702575262967,0.6556796030480241,3700,5643,,0.6556796030480241,True,0,0,0,0,0,0,0,0,forward,False,outbound,10,40,,,,,,,,,,,
2,D19-P01,A_complex_B_simple,N,184,135,0.759702575262967,0.6556796030480241,3700,5643,,0.6556796030480241,True,0,0,0,0,0,0,0,0,forward,False,outbound,9,40,,,,,,,,,,,
2,D19-P01,A_complex_B_simple,N,184,136,0.759702575262967,0.6556796030480241,3700,5643,,0.6556796030480241,True,0,0,0,0,0,0,0,0,forward,False,outbound,8,40,,,,,,,,,,,
2,D19-P01,A_complex_B_simple,N,184,137,0.759702575262967,0.6556796030480241,3700,5643,,0.6556796030480241,True,0,0,0,0,0,0,0,0,forward,False,outbound,7,40,,,,,,,,,,,
2,D19-P01,A_complex_B_simple,N,184,138,0.759702575262967,0.6556796030480241,3700,5643,,0.6556796030480241,True,0,0,0,0,0,0,0,0,forward,False,outbound,6,40,,,,,,,,,,,
2,D19-P01,A_complex_B_simple,N,184,139,0.7598839318099383,0.6558568137515506,3701,5643,,0.6558568137515506,True,2,0,1,0,0,0,0,2,forward,False,outbound,7,38,,,,,,,,,,,
2,D19-P01,A_complex_B_simple,N,184,140,0.7611534276387377,0.6565656565656566,3705,5643,,0.6565656565656566,True,9,0,7,3,3,3,0,6,forward,False,outbound,8,36,,,,,,,,,,,
2,D19-P01,A_complex_B_simple,N,184,141,0.7636924192963366,0.6586921850079744,3717,5643,,0.6586921850079744,True,16,0,12,0,5,5,0,11,forward,False,outbound,9,34,,,,,,,,,,,
2,D19-P01,A_complex_B_simple,N,184,142,0.7665941240478781,0.6608187134502924,3729,5643,,0.6608187134502924,True,20,0,12,0,5,5,0,15,forward,False,outbound,10,32,,,,,,,,,,,
2,D19-P01,A_complex_B_simple,N,184,143,0.7694958287994197,0.6632399858206309,3742,5642,,0.6632399858206309,True,19,0,14,1,6,6,0,13,forward,False,outbound,11,30,,,,,,,,,,,
2,D19-P01,A_complex_B_simple,N,184,144,0.7723975335509612,0.6659574468085107,3756,5640,,0.6659574468085107,True,18,0,14,0,6,6,0,12,forward,False,outbound,12,28,,,,,,,,,,,
2,D19-P01,A_complex_B_simple,N,184,145,0.7758433079434167,0.6688542036183044,3771,5638,,0.6688542036183044,True,20,0,15,0,6,6,0,14,forward,False,outbound,13,26,,,,,,,,,,,
2,D19-P01,A_complex_B_simple,N,184,146,0.7789263692419296,0.6717530163236338,3786,5636,,0.6717530163236338,True,20,0,15,0,6,6,0,14,forward,False,outbound,14,24,,,,,,,,,,,
2,D19-P01,A_complex_B_simple,N,184,147,0.7820094305404425,0.674653887113951,3801,5634,,0.674653887113951,True,19,0,15,0,7,7,0,12,forward,False,outbound,15,22,,,,,,,,,,,
2,D19-P01,A_complex_B_simple,N,184,148,0.7856365614798694,0.677734375,3817,5632,,0.677734375,True,21,0,16,0,7,7,0,14,forward,False,outbound,16,20,,,,,,,,,,,
2,D19-P01,A_complex_B_simple,N,184,149,0.7898077620602104,0.6813499111900533,3836,5630,,0.6813499111900533,True,26,0,19,0,7,7,0,19,forward,False,outbound,17,18,,,,,,,,,,,
2,D19-P01,A_complex_B_simple,N,184,150,0.7932535364526659,0.6849777777777778,3853,5625,,0.6849777777777778,True,19,0,17,0,8,8,0,11,forward,False,outbound,18,16,,,,,,,,,,,
2,D19-P01,A_complex_B_simple,N,184,151,0.7966993108451215,0.6882447092299484,3870,5623,,0.6882447092299484,True,21,0,17,0,8,8,0,13,forward,False,outbound,19,14,,,,,,,,,,,
2,D19-P01,A_complex_B_simple,N,184,152,0.8005077983315197,0.6915139654865682,3887,5621,,0.6915139654865682,True,24,0,17,0,8,8,0,16,forward,False,outbound,20,12,,,,,,,,,,,
2,D19-P01,A_complex_B_simple,N,184,153,0.8050417120058034,0.6954974194696565,3908,5619,,0.6954974194696565,True,26,0,21,0,8,8,0,18,forward,False,outbound,21,10,,,,,,,,,,,
2,D19-P01,A_complex_B_simple,N,184,154,0.809575625680087,0.6994837101655688,3929,5617,,0.6994837101655688,True,29,0,21,0,9,9,0,20,forward,False,outbound,22,8,,,,,,,,,,,
2,D19-P01,A_complex_B_simple,N,184,155,0.8142908959013421,0.70377627360171,3951,5614,,0.70377627360171,True,27,0,22,0,9,9,0,18,forward,False,outbound,23,6,,,,,,,,,,,
2,D19-P01,A_complex_B_simple,N,184,156,0.8197315923104824,0.7086600142551674,3977,5612,,0.7086600142551674,True,32,0,26,0,10,10,0,22,forward,False,outbound,24,4,,,,,,,,,,,
2,D19-P01,A_complex_B_simple,N,184,157,0.8253536452665942,0.7137254901960784,4004,5610,,0.7137254901960784,True,32,0,27,0,10,10,0,22,forward,False,outbound,25,2,,,,,,,,,,,
2,D19-P01,A_complex_B_simple,N,184,158,0.8327892636924193,0.7203994293865906,4040,5608,,0.7203994293865906,True,46,0,36,0,10,10,0,36,forward,False,outbound,26,0,,,,,,,,,,,
2,D19-P01,A_complex_B_simple,N,184,159,0.8327892636924193,0.7212997678985895,4040,5601,,0.7212997678985895,True,0,0,0,0,0,0,0,0,right,False,outbound,25,0,,,,,,,,,,,
2,D19-P01,A_complex_B_simple,N,184,160,0.8346028291621328,0.7232142857142857,4050,5600,,0.7232142857142857,True,10,0,10,0,0,0,0,10,forward,False,outbound,24,0,,,,,,,,,,,
2,D19-P01,A_complex_B_simple,N,184,161,0.8358723249909322,0.7244642857142857,4057,5600,,0.7244642857142857,True,7,0,7,0,0,0,0,7,forward,False,outbound,23,0,,,,,,,,,,,
2,D19-P01,A_complex_B_simple,N,184,162,0.8371418208197315,0.7258439006965529,4064,5599,,0.7258439006965529,False,7,0,7,0,0,0,0,7,forward,False,return,22,0,,,,,,,,,,,
2,D19-P01,A_complex_B_simple,N,184,163,0.8371418208197315,0.7251294874084658,4060,5599,,0.7251294874084658,False,0,0,0,4,0,0,0,0,right,False,return,21,0,,,,,,,,,,,
2,D19-P01,A_complex_B_simple,N,184,164,0.8371418208197315,0.7245936774424004,4057,5599,,0.7245936774424004,False,0,0,0,3,0,0,0,0,forward,False,return,20,0,,,,,,,,,,,
2,D19-P01,A_complex_B_simple,N,184,165,0.8371418208197315,0.7245936774424004,4057,5599,,0.7245936774424004,False,0,0,0,0,0,0,0,0,forward,False,return,19,0,,,,,,,,,,,
2,D19-P01,A_complex_B_simple,N,184,166,0.8371418208197315,0.7245936774424004,4057,5599,,0.7245936774424004,False,0,0,0,0,0,0,0,0,forward,False,return,18,0,,,,,,,,,,,
2,D19-P01,A_complex_B_simple,N,184,167,0.8371418208197315,0.7245936774424004,4057,5599,,0.7245936774424004,False,0,0,0,0,0,0,0,0,forward,False,return,17,0,,,,,,,,,,,
2,D19-P01,A_complex_B_simple,N,184,168,0.8371418208197315,0.7245936774424004,4057,5599,,0.7245936774424004,False,0,0,0,0,0,0,0,0,forward,False,return,16,0,,,,,,,,,,,
2,D19-P01,A_complex_B_simple,N,184,169,0.8371418208197315,0.7245936774424004,4057,5599,,0.7245936774424004,False,0,0,0,0,0,0,0,0,forward,False,return,15,0,,,,,,,,,,,
2,D19-P01,A_complex_B_simple,N,184,170,0.8371418208197315,0.7245936774424004,4057,5599,,0.7245936774424004,False,0,0,0,0,0,0,0,0,forward,False,return,14,0,,,,,,,,,,,
2,D19-P01,A_complex_B_simple,N,184,171,0.8371418208197315,0.7245936774424004,4057,5599,,0.7245936774424004,False,0,0,0,0,0,0,0,0,forward,False,return,13,0,,,,,,,,,,,
2,D19-P01,A_complex_B_simple,N,184,172,0.8371418208197315,0.7245936774424004,4057,5599,,0.7245936774424004,False,0,0,0,0,0,0,0,0,forward,False,return,12,0,,,,,,,,,,,
2,D19-P01,A_complex_B_simple,N,184,173,0.8371418208197315,0.7245936774424004,4057,5599,,0.7245936774424004,False,0,0,0,0,0,0,0,0,forward,False,return,11,0,,,,,,,,,,,
2,D19-P01,A_complex_B_simple,N,184,174,0.8371418208197315,0.7245936774424004,4057,5599,,0.7245936774424004,False,0,0,0,0,0,0,0,0,forward,False,return,10,0,,,,,,,,,,,
2,D19-P01,A_complex_B_simple,N,184,175,0.8371418208197315,0.7245936774424004,4057,5599,,0.7245936774424004,False,1,0,0,0,0,0,0,1,forward,False,return,9,0,,,,,,,,,,,
2,D19-P01,A_complex_B_simple,N,184,176,0.8371418208197315,0.7237006608322915,4052,5599,,0.7237006608322915,False,0,0,0,5,0,0,0,0,forward,False,return,8,0,,,,,,,,,,,
2,D19-P01,A_complex_B_simple,N,184,177,0.8371418208197315,0.7237006608322915,4052,5599,,0.7237006608322915,False,0,0,0,0,0,0,0,0,forward,False,return,7,0,,,,,,,,,,,
2,D19-P01,A_complex_B_simple,N,184,178,0.8371418208197315,0.7237006608322915,4052,5599,,0.7237006608322915,False,0,0,0,0,0,0,0,0,forward,False,return,6,0,,,,,,,,,,,
2,D19-P01,A_complex_B_simple,N,184,179,0.8371418208197315,0.7237006608322915,4052,5599,,0.7237006608322915,False,0,0,0,0,0,0,0,0,forward,False,return,5,0,,,,,,,,,,,
2,D19-P01,A_complex_B_simple,N,184,180,0.8371418208197315,0.7237006608322915,4052,5599,,0.7237006608322915,False,0,0,0,0,0,0,0,0,forward,False,return,4,0,,,,,,,,,,,
2,D19-P01,A_complex_B_simple,N,184,181,0.8371418208197315,0.7237006608322915,4052,5599,,0.7237006608322915,False,0,0,0,0,0,0,0,0,forward,False,return,3,0,,,,,,,,,,,
2,D19-P01,A_complex_B_simple,N,184,182,0.8371418208197315,0.7237006608322915,4052,5599,,0.7237006608322915,False,0,0,0,0,0,0,0,0,forward,False,return,2,0,,,,,,,,,,,
2,D19-P01,A_complex_B_simple,N,184,183,0.8371418208197315,0.7237006608322915,4052,5599,,0.7237006608322915,False,0,0,0,0,0,0,0,0,forward,False,return,1,0,,,,,,,,,,,
2,D19-P01,A_complex_B_simple,N,184,184,0.8371418208197315,0.7237006608322915,4052,5599,,0.7237006608322915,False,0,0,0,0,0,0,0,0,right,False,return,0,0,,,,,,,,,,,
3,D19-P01,A_simple_B_complex,N,184,0,0.22052956111715633,0.16251500600240096,1083,6664,,0.16251500600240096,,,,,,,,,,,,,,,,,,,,,,,,,
3,D19-P01,A_simple_B_complex,N,184,1,0.22542618788538266,0.16993865030674846,1108,6520,,0.16993865030674846,True,46,0,30,5,13,9,4,37,forward,False,outbound,5,178,,,,,,,,,,,
3,D19-P01,A_simple_B_complex,N,184,2,0.2306855277475517,0.17452248921749847,1133,6492,,0.17452248921749847,True,32,0,27,2,12,8,4,24,forward,False,outbound,6,176,,,,,,,,,,,
3,D19-P01,A_simple_B_complex,N,184,3,0.23558215451577802,0.1782850092535472,1156,6484,,0.1782850092535472,True,40,0,25,2,6,6,0,34,forward,False,outbound,7,174,,,,,,,,,,,
3,D19-P01,A_simple_B_complex,N,184,4,0.23975335509611898,0.18252126836813612,1180,6465,,0.18252126836813612,True,30,0,24,0,5,5,0,25,forward,False,outbound,8,172,,,,,,,,,,,
3,D19-P01,A_simple_B_complex,N,184,5,0.24356184258251723,0.18608614812519367,1201,6454,,0.18608614812519367,True,34,0,21,0,4,4,0,30,forward,False,outbound,9,170,,,,,,,,,,,
3,D19-P01,A_simple_B_complex,N,184,6,0.24718897352194413,0.18964982956306167,1224,6454,,0.18964982956306167,True,26,0,23,0,1,1,0,25,forward,False,outbound,10,168,,,,,,,,,,,
3,D19-P01,A_simple_B_complex,N,184,7,0.24718897352194413,0.1891095252869997,1219,6446,,0.1891095252869997,True,19,0,0,5,0,0,0,19,right,False,outbound,9,168,,,,,,,,,,,
3,D19-P01,A_simple_B_complex,N,184,8,0.2500906782734857,0.18817871548246975,1213,6446,,0.18817871548246975,True,32,0,13,19,20,3,17,29,forward,False,outbound,10,166,,,,,,,,,,,
3,D19-P01,A_simple_B_complex,N,184,9,0.25281102647805587,0.1909743910056215,1223,6404,,0.1909743910056215,True,36,0,14,4,6,6,0,30,forward,False,outbound,11,164,,,,,,,,,,,
3,D19-P01,A_simple_B_complex,N,184,10,0.25281102647805587,0.1915594603074992,1221,6374,,0.1915594603074992,True,0,0,0,2,0,0,0,0,left,False,outbound,12,162,,,,,,,,,,,
3,D19-P01,A_simple_B_complex,N,184,11,0.254443235400798,0.19290535237796264,1229,6371,,0.19290535237796264,True,11,0,9,1,3,3,0,8,forward,False,outbound,13,160,,,,,,,,,,,
3,D19-P01,A_simple_B_complex,N,184,12,0.25643815741748277,0.19459714151091567,1239,6367,,0.19459714151091567,True,14,0,11,1,2,2,0,12,forward,False,outbound,14,158,,,,,,,,,,,
3,D19-P01,A_simple_B_complex,N,184,13,0.2589771490750816,0.19610307982401007,1248,6364,,0.19610307982401007,True,16,0,10,1,3,3,0,13,forward,False,outbound,15,156,,,,,,,,,,,
3,D19-P01,A_simple_B_complex,N,184,14,0.2607907145447951,0.19770368040264233,1257,6358,,0.19770368040264233,True,12,0,10,1,3,3,0,9,forward,False,outbound,16,154,,,,,,,,,,,
3,D19-P01,A_simple_B_complex,N,184,15,0.26332970620239393,0.1993073047858942,1266,6352,,0.1993073047858942,True,14,0,10,1,4,4,0,10,forward,False,outbound,17,152,,,,,,,,,,,
3,D19-P01,A_simple_B_complex,N,184,16,0.26550598476605003,0.20091396155058305,1275,6346,,0.20091396155058305,True,12,0,10,1,4,4,0,8,forward,False,outbound,18,150,,,,,,,,,,,
3,D19-P01,A_simple_B_complex,N,184,17,0.2680449764236489,0.2025236593059937,1284,6340,,0.2025236593059937,True,14,0,10,1,4,4,0,10,forward,False,outbound,19,148,,,,,,,,,,,
3,D19-P01,A_simple_B_complex,N,184,18,0.2729416031918752,0.20618882222923904,1306,6334,,0.20618882222923904,True,29,0,23,1,5,5,0,24,forward,False,outbound,20,146,,,,,,,,,,,
3,D19-P01,A_simple_B_complex,N,184,19,0.2769314472252448,0.20938685208596713,1325,6328,,0.20938685208596713,True,24,0,20,1,5,5,0,19,forward,False,outbound,21,144,,,,,,,,,,,
3,D19-P01,A_simple_B_complex,N,184,20,0.28327892636924196,0.21391304347826087,1353,6325,,0.21391304347826087,True,39,0,30,2,6,6,0,33,forward,False,outbound,22,142,,,,,,,,,,,
3,D19-P01,A_simple_B_complex,N,184,21,0.289082335872325,0.21749446377728568,1375,6322,,0.21749446377728568,True,36,0,27,5,6,6,0,30,forward,False,outbound,23,140,,,,,,,,,,,
3,D19-P01,A_simple_B_complex,N,184,22,0.29289082335872324,0.22060452603260008,1394,6319,,0.22060452603260008,True,21,0,19,0,7,7,0,14,forward,False,outbound,24,138,,,,,,,,,,,
3,D19-P01,A_simple_B_complex,N,184,23,0.2983315197678636,0.2250951776649746,1419,6304,,0.2250951776649746,True,35,0,26,1,8,8,0,27,forward,False,outbound,25,136,,,,,,,,,,,
3,D19-P01,A_simple_B_complex,N,184,24,0.30449764236488935,0.22996349785748293,1449,6301,,0.22996349785748293,True,36,0,30,0,8,8,0,28,forward,False,outbound,26,134,,,,,,,,,,,
3,D19-P01,A_simple_B_complex,N,184,25,0.3113891911498005,0.2357891394093363,1485,6298,,0.2357891394093363,True,42,0,36,0,8,8,0,34,forward,False,outbound,27,132,,,,,,,,,,,
3,D19-P01,A_simple_B_complex,N,184,26,0.318462096481683,0.24233762108940765,1526,6297,,0.24233762108940765,True,46,0,41,0,9,9,0,37,forward,False,outbound,28,130,,,,,,,,,,,
3,D19-P01,A_simple_B_complex,N,184,27,0.3251722887196228,0.2483722407495633,1564,6297,,0.2483722407495633,True,56,0,38,0,10,10,0,46,forward,False,outbound,29,128,,,,,,,,,,,
3,D19-P01,A_simple_B_complex,N,184,28,0.33224519405150527,0.25501432664756446,1602,6282,,0.25501432664756446,True,48,0,38,0,10,10,0,38,forward,False,outbound,30,126,,,,,,,,,,,
3,D19-P01,A_simple_B_complex,N,184,29,0.3376858904606456,0.2598437749083373,1630,6273,,0.2598437749083373,True,33,0,28,0,10,10,0,23,forward,False,outbound,31,124,,,,,,,,,,,
3,D19-P01,A_simple_B_complex,N,184,30,0.34602829162132753,0.2672730173926919,1675,6267,,0.2672730173926919,True,53,0,45,0,10,10,0,43,forward,False,outbound,32,122,,,,,,,,,,,
3,D19-P01,A_simple_B_complex,N,184,31,0.352557127312296,0.27277085330776607,1707,6258,,0.27277085330776607,True,36,0,32,0,10,10,0,26,forward,False,outbound,33,120,,,,,,,,,,,
3,D19-P01,A_simple_B_complex,N,184,32,0.3601741022850925,0.27916267178012144,1747,6258,,0.27916267178012144,True,46,0,41,1,11,11,0,35,forward,False,outbound,34,118,,,,,,,,,,,
3,D19-P01,A_simple_B_complex,N,184,33,0.367791077257889,0.2853717026378897,1785,6255,,0.2853717026378897,True,45,0,38,0,11,11,0,34,forward,False,outbound,35,116,,,,,,,,,,,
3,D19-P01,A_simple_B_complex,N,184,34,0.37431991294885747,0.2906474820143885,1818,6255,,0.2906474820143885,True,38,0,33,0,11,11,0,27,forward,False,outbound,36,114,,,,,,,,,,,
3,D19-P01,A_simple_B_complex,N,184,35,0.3864708015959376,0.3005595523581135,1880,6255,,0.3005595523581135,True,69,0,62,0,11,11,0,58,forward,False,outbound,37,112,,,,,,,,,,,
3,D19-P01,A_simple_B_complex,N,184,36,0.3991657598839318,0.31075888568683957,1941,6246,,0.31075888568683957,True,73,0,61,0,13,13,0,60,forward,False,outbound,38,110,,,,,,,,,,,
3,D19-P01,A_simple_B_complex,N,184,37,0.4203844758795793,0.3272494396413705,2044,6246,,0.3272494396413705,True,117,0,103,0,14,14,0,103,forward,False,outbound,39,108,,,,,,,,,,,
3,D19-P01,A_simple_B_complex,N,184,38,0.44486760972071093,0.3480282141712087,2171,6238,,0.3480282141712087,True,140,0,127,0,16,16,0,124,forward,False,outbound,40,106,,,,,,,,,,,
3,D19-P01,A_simple_B_complex,N,184,39,0.4709829524845847,0.37143315165117025,2317,6238,,0.37143315165117025,True,158,0,146,0,18,18,0,140,forward,False,outbound,41,104,,,,,,,,,,,
3,D19-P01,A_simple_B_complex,N,184,40,0.4923830250272035,0.3871951219512195,2413,6232,,0.3871951219512195,True,202,0,109,13,19,19,0,183,forward,False,outbound,42,102,,,,,,,,,,,
3,D19-P01,A_simple_B_complex,N,184,41,0.499455930359086,0.39646017699115044,2464,6215,,0.39646017699115044,True,57,0,51,0,10,10,0,47,forward,False,outbound,43,100,,,,,,,,,,,
3,D19-P01,A_simple_B_complex,N,184,42,0.499455930359086,0.3981165773664556,2452,6159,,0.3981165773664556,True,7,0,0,12,0,0,0,7,left,False,outbound,42,100,,,,,,,,,,,
3,D19-P01,A_simple_B_complex,N,184,43,0.5059847660500544,0.40379931807111547,2487,6159,,0.40379931807111547,True,51,0,36,1,11,11,0,40,forward,False,outbound,45,96,,,,,,,,,,,
3,D19-P01,A_simple_B_complex,N,184,44,0.5125136017410229,0.4105605199025183,2527,6155,,0.4105605199025183,True,52,0,41,1,14,14,0,38,forward,False,outbound,46,94,,,,,,,,,,,
3,D19-P01,A_simple_B_complex,N,184,45,0.5172288719622778,0.42,2583,6150,,0.42,True,80,0,58,2,14,14,0,66,forward,False,outbound,47,92,,,,,,,,,,,
3,D19-P01,A_simple_B_complex,N,184,46,0.5214000725426188,0.42213181448331977,2594,6145,,0.42213181448331977,True,48,0,22,11,12,12,0,36,forward,False,outbound,44,94,,,,,,,,,,,
3,D19-P01,A_simple_B_complex,N,184,47,0.5248458469350744,0.4269111147487314,2608,6109,,0.4269111147487314,True,36,0,18,4,9,9,0,27,forward,False,outbound,43,94,,,,,,,,,,,
3,D19-P01,A_simple_B_complex,N,184,48,0.528835690968444,0.4296964725184578,2619,6095,,0.4296964725184578,True,31,0,18,7,9,9,0,22,forward,False,outbound,44,92,,,,,,,,,,,
3,D19-P01,A_simple_B_complex,N,184,49,0.5322814653608995,0.43398714356354046,2633,6067,,0.43398714356354046,True,27,0,17,3,8,8,0,19,forward,False,outbound,45,90,,,,,,,,,,,
3,D19-P01,A_simple_B_complex,N,184,50,0.5359085963003264,0.43758256274768825,2650,6056,,0.43758256274768825,True,27,0,18,1,7,7,0,20,forward,False,outbound,46,88,,,,,,,,,,,
3,D19-P01,A_simple_B_complex,N,184,51,0.539354370692782,0.44151756129887343,2665,6036,,0.44151756129887343,True,22,0,15,0,8,8,0,14,forward,False,outbound,47,86,,,,,,,,,,,
3,D19-P01,A_simple_B_complex,N,184,52,0.5426187885382663,0.4453851261620186,2683,6024,,0.4453851261620186,True,22,0,18,0,6,6,0,16,forward,False,outbound,50,82,,,,,,,,,,,
3,D19-P01,A_simple_B_complex,N,184,53,0.5458832063837504,0.4485453034081463,2698,6015,,0.4485453034081463,True,20,0,15,0,7,7,0,13,forward,False,outbound,51,80,,,,,,,,,,,
3,D19-P01,A_simple_B_complex,N,184,54,0.5493289807762061,0.4522579570071655,2714,6001,,0.4522579570071655,True,20,0,16,0,5,5,0,15,forward,False,outbound,52,78,,,,,,,,,,,
3,D19-P01,A_simple_B_complex,N,184,55,0.5525933986216902,0.4557743658210948,2731,5992,,0.4557743658210948,True,19,0,17,0,5,5,0,14,forward,False,outbound,53,76,,,,,,,,,,,
3,D19-P01,A_simple_B_complex,N,184,56,0.5560391730141458,0.4589041095890411,2747,5986,,0.4589041095890411,True,21,0,16,0,6,6,0,15,forward,False,outbound,54,74,,,,,,,,,,,
3,D19-P01,A_simple_B_complex,N,184,57,0.559847660500544,0.4619755975263246,2764,5983,,0.4619755975263246,True,22,0,17,0,6,6,0,16,forward,False,outbound,55,72,,,,,,,,,,,
3,D19-P01,A_simple_B_complex,N,184,58,0.5629307217990569,0.4654161781946073,2779,5971,,0.4654161781946073,True,17,0,15,0,6,6,0,11,forward,False,outbound,56,70,,,,,,,,,,,
3,D19-P01,A_simple_B_complex,N,184,59,0.5663764961915125,0.4683310991957105,2795,5968,,0.4683310991957105,True,20,0,16,0,6,6,0,14,forward,False,outbound,57,68,,,,,,,,,,,
3,D19-P01,A_simple_B_complex,N,184,60,0.5709104098657961,0.47191011235955055,2814,5963,,0.47191011235955055,True,26,0,19,0,6,6,0,20,forward,False,outbound,58,66,,,,,,,,,,,
3,D19-P01,A_simple_B_complex,N,184,61,0.5767138193688792,0.4768378650553877,2841,5958,,0.4768378650553877,True,35,0,28,1,7,7,0,28,forward,False,outbound,59,64,,,,,,,,,,,
3,D19-P01,A_simple_B_complex,N,184,62,0.5807036634022488,0.4806787634408602,2861,5952,,0.4806787634408602,True,23,0,20,0,7,7,0,16,forward,False,outbound,60,62,,,,,,,,,,,
3,D19-P01,A_simple_B_complex,N,184,63,0.5859630032644179,0.4845430107526882,2884,5952,,0.4845430107526882,True,29,0,23,0,8,8,0,21,forward,False,outbound,61,60,,,,,,,,,,,
3,D19-P01,A_simple_B_complex,N,184,64,0.592310482408415,0.4895798319327731,2913,5950,,0.4895798319327731,True,35,0,29,0,8,8,0,27,forward,False,outbound,62,58,,,,,,,,,,,
3,D19-P01,A_simple_B_complex,N,184,65,0.5990206746463548,0.4959623149394347,2948,5944,,0.4959623149394347,True,45,0,35,0,10,10,0,35,forward,False,outbound,63,56,,,,,,,,,,,
3,D19-P01,A_simple_B_complex,N,184,66,0.6060935799782372,0.5020188425302826,2984,5944,,0.5020188425302826,True,47,0,36,0,11,11,0,36,forward,False,outbound,62,56,,,,,,,,,,,
3,D19-P01,A_simple_B_complex,N,184,67,0.6151614073268045,0.509421265141319,3028,5944,,0.509421265141319,True,59,0,46,2,13,13,0,46,forward,False,outbound,63,54,,,,,,,,,,,
3,D19-P01,A_simple_B_complex,N,184,68,0.621690243017773,0.5168747890651367,3063,5926,,0.5168747890651367,True,48,0,37,2,14,14,0,34,forward,False,outbound,66,50,,,,,,,,,,,
3,D19-P01,A_simple_B_complex,N,184,69,0.6289445048966268,0.5196757304509373,3077,5921,,0.5196757304509373,True,106,0,28,14,16,16,0,90,forward,False,outbound,67,48,,,,,,,,,,,
3,D19-P01,A_simple_B_complex,N,184,70,0.6405513239027929,0.5258080893552208,3107,5909,,0.5258080893552208,True,84,0,33,3,7,7,0,77,forward,False,outbound,68,46,,,,,,,,,,,
3,D19-P01,A_simple_B_complex,N,184,71,0.6536089952847298,0.5448193592365371,3197,5868,,0.5448193592365371,True,98,0,91,1,5,5,0,93,forward,False,outbound,69,44,,,,,,,,,,,
3,D19-P01,A_simple_B_complex,N,184,72,0.6566920565832427,0.5478587271796622,3211,5861,,0.5478587271796622,True,22,0,16,2,4,4,0,18,forward,False,outbound,70,42,,,,,,,,,,,
3,D19-P01,A_simple_B_complex,N,184,73,0.6595937613347842,0.5522260273972602,3225,5840,,0.5522260273972602,True,22,0,15,1,2,2,0,20,forward,False,outbound,71,40,,,,,,,,,,,
3,D19-P01,A_simple_B_complex,N,184,74,0.6595937613347842,0.5543515651874785,3223,5814,,0.5543515651874785,True,0,0,0,2,0,0,0,0,left,False,outbound,70,40,,,,,,,,,,,
3,D19-P01,A_simple_B_complex,N,184,75,0.6623141095393543,0.5562435500515995,3234,5814,,0.5562435500515995,True,18,0,14,3,3,3,0,15,forward,False,outbound,73,36,,,,,,,,,,,
3,D19-P01,A_simple_B_complex,N,184,76,0.6643090315560392,0.5582315499741958,3245,5813,,0.5582315499741958,True,14,0,11,0,3,3,0,11,forward,False,outbound,74,34,,,,,,,,,,,
3,D19-P01,A_simple_B_complex,N,184,77,0.666303953572724,0.5597798038878377,3254,5813,,0.5597798038878377,True,13,0,9,0,4,4,0,9,forward,False,outbound,75,32,,,,,,,,,,,
3,D19-P01,A_simple_B_complex,N,184,78,0.6688429452303228,0.5621128699242945,3267,5812,,0.5621128699242945,True,16,0,14,1,4,4,0,12,forward,False,outbound,76,30,,,,,,,,,,,
3,D19-P01,A_simple_B_complex,N,184,79,0.6713819368879217,0.5637583892617449,3276,5811,,0.5637583892617449,True,14,0,10,1,4,4,0,10,forward,False,outbound,77,28,,,,,,,,,,,
3,D19-P01,A_simple_B_complex,N,184,80,0.6766412767500907,0.5676419965576592,3298,5810,,0.5676419965576592,True,29,0,23,1,5,5,0,24,forward,False,outbound,78,26,,,,,,,,,,,
3,D19-P01,A_simple_B_complex,N,184,81,0.6793616249546609,0.569805474264073,3310,5809,,0.569805474264073,True,15,0,13,1,5,5,0,10,forward,False,outbound,79,24,,,,,,,,,,,
3,D19-P01,A_simple_B_complex,N,184,82,0.6869785999274574,0.5755853994490359,3343,5808,,0.5755853994490359,True,42,0,34,1,6,6,0,36,forward,False,outbound,80,22,,,,,,,,,,,
3,D19-P01,A_simple_B_complex,N,184,83,0.691512513601741,0.5791286378508697,3363,5807,,0.5791286378508697,True,30,0,21,1,7,7,0,23,forward,False,outbound,81,20,,,,,,,,,,,
3,D19-P01,A_simple_B_complex,N,184,84,0.7013057671381937,0.5880124009645195,3414,5806,,0.5880124009645195,True,59,0,51,0,8,8,0,51,forward,False,outbound,82,18,,,,,,,,,,,
3,D19-P01,A_simple_B_complex,N,184,85,0.7100108813928183,0.5965184419165805,3461,5802,,0.5965184419165805,True,54,0,48,1,9,9,0,45,forward,False,outbound,59,40,,,,,,,,,,,
3,D19-P01,A_simple_B_complex,N,184,86,0.7196227783822996,0.6057941024314537,3513,5799,,0.6057941024314537,True,63,0,53,1,11,11,0,52,forward,False,outbound,58,40,,,,,,,,,,,
3,D19-P01,A_simple_B_complex,N,184,87,0.7283278926369242,0.6171280276816609,3567,5780,,0.6171280276816609,True,65,0,54,0,11,11,0,54,forward,False,outbound,57,40,,,,,,,,,,,
3,D19-P01,A_simple_B_complex,N,184,88,0.7328618063112078,0.6228769497400347,3594,5770,,0.6228769497400347,True,36,0,30,3,11,11,0,25,forward,False,outbound,54,42,,,,,,,,,,,
3,D19-P01,A_simple_B_complex,N,184,89,0.7370330068915488,0.6278019113814075,3613,5755,,0.6278019113814075,True,27,0,23,4,10,10,0,17,forward,False,outbound,53,42,,,,,,,,,,,
3,D19-P01,A_simple_B_complex,N,184,90,0.7412042074718898,0.6326779189142161,3636,5747,,0.6326779189142161,True,26,0,23,0,10,10,0,16,forward,False,outbound,52,42,,,,,,,,,,,
3,D19-P01,A_simple_B_complex,N,184,91,0.7451940515052593,0.6371558034158243,3656,5738,,0.6371558034158243,True,25,0,20,0,10,10,0,15,forward,False,outbound,51,42,,,,,,,,,,,
3,D19-P01,A_simple_B_complex,N,184,92,0.749727965179543,0.6424337517433751,3685,5736,,0.6424337517433751,True,30,0,29,0,10,10,0,20,forward,False,outbound,50,42,,,,,,,,,,,
3,D19-P01,A_simple_B_complex,N,184,93,0.7524483133841132,0.6467817896389325,3708,5733,,0.6467817896389325,True,29,0,23,0,10,10,0,19,forward,False,outbound,49,42,,,,,,,,,,,
3,D19-P01,A_simple_B_complex,N,184,94,0.7548059484947407,0.6469972067039106,3706,5728,,0.6469972067039106,True,54,0,11,13,10,10,0,44,forward,False,outbound,48,42,,,,,,,,,,,
3,D19-P01,A_simple_B_complex,N,184,95,0.7569822270583968,0.6477987421383647,3708,5724,,0.6477987421383647,True,16,0,9,7,5,5,0,11,forward,False,outbound,47,42,,,,,,,,,,,
3,D19-P01,A_simple_B_complex,N,184,96,0.7580703663402248,0.6515710022819028,3712,5697,,0.6515710022819028,True,6,0,5,1,3,3,0,3,forward,False,outbound,46,42,,,,,,,,,,,
3,D19-P01,A_simple_B_complex,N,184,97,0.7589771490750816,0.6534879634510631,3719,5691,,0.6534879634510631,True,5,0,7,0,2,2,0,3,forward,False,outbound,45,42,,,,,,,,,,,
3,D19-P01,A_simple_B_complex,N,184,98,0.7593398621690243,0.6543535620052771,3720,5685,,0.6543535620052771,True,2,0,2,1,1,1,0,1,forward,False,outbound,44,42,,,,,,,,,,,
3,D19-P01,A_simple_B_complex,N,184,99,0.759702575262967,0.6559746210786042,3722,5674,,0.6559746210786042,True,2,0,2,0,1,1,0,1,forward,False,outbound,43,42,,,,,,,,,,,
3,D19-P01,A_simple_B_complex,N,184,100,0.7598839318099383,0.6566137566137566,3723,5670,,0.6566137566137566,True,2,0,1,0,1,1,0,1,forward,False,outbound,42,42,,,,,,,,,,,
3,D19-P01,A_simple_B_complex,N,184,101,0.7598839318099383,0.6569613552143991,3723,5667,,0.6569613552143991,True,0,0,0,0,0,0,0,0,forward,False,outbound,41,42,,,,,,,,,,,
3,D19-P01,A_simple_B_complex,N,184,102,0.7598839318099383,0.6578900865877364,3723,5659,,0.6578900865877364,True,0,0,0,0,0,0,0,0,forward,False,outbound,40,42,,,,,,,,,,,
3,D19-P01,A_simple_B_complex,N,184,103,0.7598839318099383,0.6585883601627455,3723,5653,,0.6585883601627455,True,1,0,0,0,0,0,0,1,forward,False,outbound,39,42,,,,,,,,,,,
3,D19-P01,A_simple_B_complex,N,184,104,0.7598839318099383,0.6591110324065875,3722,5647,,0.6591110324065875,True,0,0,0,1,0,0,0,0,forward,False,outbound,38,42,,,,,,,,,,,
3,D19-P01,A_simple_B_complex,N,184,105,0.7598839318099383,0.659227771873893,3722,5646,,0.659227771873893,True,0,0,0,0,0,0,0,0,forward,False,outbound,37,42,,,,,,,,,,,
3,D19-P01,A_simple_B_complex,N,184,106,0.7598839318099383,0.659227771873893,3722,5646,,0.659227771873893,True,0,0,0,0,0,0,0,0,forward,False,outbound,36,42,,,,,,,,,,,
3,D19-P01,A_simple_B_complex,N,184,107,0.7598839318099383,0.6597591215019483,3725,5646,,0.6597591215019483,True,1,0,3,0,0,0,0,1,forward,False,outbound,35,42,,,,,,,,,,,
3,D19-P01,A_simple_B_complex,N,184,108,0.7598839318099383,0.6597591215019483,3725,5646,,0.6597591215019483,True,0,0,0,0,0,0,0,0,forward,False,outbound,34,42,,,,,,,,,,,
3,D19-P01,A_simple_B_complex,N,184,109,0.7598839318099383,0.6597591215019483,3725,5646,,0.6597591215019483,True,0,0,0,0,0,0,0,0,left,False,outbound,35,40,,,,,,,,,,,
3,D19-P01,A_simple_B_complex,N,184,110,0.7598839318099383,0.6597591215019483,3725,5646,,0.6597591215019483,True,0,0,0,0,0,0,0,0,forward,False,outbound,34,40,,,,,,,,,,,
3,D19-P01,A_simple_B_complex,N,184,111,0.7598839318099383,0.6597591215019483,3725,5646,,0.6597591215019483,True,1,0,0,0,0,0,0,1,forward,False,outbound,33,40,,,,,,,,,,,
3,D19-P01,A_simple_B_complex,N,184,112,0.7598839318099383,0.6568644818423384,3708,5645,,0.6568644818423384,True,1,0,1,18,0,0,0,1,forward,False,outbound,32,40,,,,,,,,,,,
3,D19-P01,A_simple_B_complex,N,184,113,0.7598839318099383,0.6563330380868024,3705,5645,,0.6563330380868024,True,0,0,0,3,0,0,0,0,forward,False,outbound,31,40,,,,,,,,,,,
3,D19-P01,A_simple_B_complex,N,184,114,0.7598839318099383,0.6563884458621301,3704,5643,,0.6563884458621301,True,0,0,0,1,0,0,0,0,forward,False,outbound,30,40,,,,,,,,,,,
3,D19-P01,A_simple_B_complex,N,184,115,0.7598839318099383,0.6558568137515506,3701,5643,,0.6558568137515506,True,0,0,0,3,0,0,0,0,forward,False,outbound,29,40,,,,,,,,,,,
3,D19-P01,A_simple_B_complex,N,184,116,0.7598839318099383,0.6558568137515506,3701,5643,,0.6558568137515506,True,0,0,0,0,0,0,0,0,forward,False,outbound,28,40,,,,,,,,,,,
3,D19-P01,A_simple_B_complex,N,184,117,0.7598839318099383,0.6556796030480241,3700,5643,,0.6556796030480241,True,0,0,0,1,0,0,0,0,forward,False,outbound,27,40,,,,,,,,,,,
3,D19-P01,A_simple_B_complex,N,184,118,0.7598839318099383,0.6556796030480241,3700,5643,,0.6556796030480241,True,0,0,0,0,0,0,0,0,forward,False,outbound,26,40,,,,,,,,,,,
3,D19-P01,A_simple_B_complex,N,184,119,0.7598839318099383,0.6556796030480241,3700,5643,,0.6556796030480241,True,0,0,0,0,0,0,0,0,forward,False,outbound,25,40,,,,,,,,,,,
3,D19-P01,A_simple_B_complex,N,184,120,0.7598839318099383,0.6556796030480241,3700,5643,,0.6556796030480241,True,0,0,0,0,0,0,0,0,forward,False,outbound,24,40,,,,,,,,,,,
3,D19-P01,A_simple_B_complex,N,184,121,0.7598839318099383,0.6556796030480241,3700,5643,,0.6556796030480241,True,0,0,0,0,0,0,0,0,forward,False,outbound,23,40,,,,,,,,,,,
3,D19-P01,A_simple_B_complex,N,184,122,0.7598839318099383,0.6556796030480241,3700,5643,,0.6556796030480241,True,0,0,0,0,0,0,0,0,forward,False,outbound,22,40,,,,,,,,,,,
3,D19-P01,A_simple_B_complex,N,184,123,0.7598839318099383,0.6556796030480241,3700,5643,,0.6556796030480241,True,0,0,0,0,0,0,0,0,forward,False,outbound,21,40,,,,,,,,,,,
3,D19-P01,A_simple_B_complex,N,184,124,0.7598839318099383,0.6556796030480241,3700,5643,,0.6556796030480241,True,0,0,0,0,0,0,0,0,forward,False,outbound,20,40,,,,,,,,,,,
3,D19-P01,A_simple_B_complex,N,184,125,0.7598839318099383,0.6556796030480241,3700,5643,,0.6556796030480241,True,0,0,0,0,0,0,0,0,forward,False,outbound,19,40,,,,,,,,,,,
3,D19-P01,A_simple_B_complex,N,184,126,0.7598839318099383,0.6556796030480241,3700,5643,,0.6556796030480241,True,0,0,0,0,0,0,0,0,forward,False,outbound,18,40,,,,,,,,,,,
3,D19-P01,A_simple_B_complex,N,184,127,0.7598839318099383,0.6556796030480241,3700,5643,,0.6556796030480241,True,0,0,0,0,0,0,0,0,forward,False,outbound,17,40,,,,,,,,,,,
3,D19-P01,A_simple_B_complex,N,184,128,0.7598839318099383,0.6556796030480241,3700,5643,,0.6556796030480241,True,0,0,0,0,0,0,0,0,forward,False,outbound,16,40,,,,,,,,,,,
3,D19-P01,A_simple_B_complex,N,184,129,0.7598839318099383,0.6556796030480241,3700,5643,,0.6556796030480241,True,0,0,0,0,0,0,0,0,forward,False,outbound,15,40,,,,,,,,,,,
3,D19-P01,A_simple_B_complex,N,184,130,0.7598839318099383,0.6556796030480241,3700,5643,,0.6556796030480241,True,0,0,0,0,0,0,0,0,forward,False,outbound,14,40,,,,,,,,,,,
3,D19-P01,A_simple_B_complex,N,184,131,0.7598839318099383,0.6556796030480241,3700,5643,,0.6556796030480241,True,0,0,0,0,0,0,0,0,forward,False,outbound,13,40,,,,,,,,,,,
3,D19-P01,A_simple_B_complex,N,184,132,0.7598839318099383,0.6556796030480241,3700,5643,,0.6556796030480241,True,0,0,0,0,0,0,0,0,forward,False,outbound,12,40,,,,,,,,,,,
3,D19-P01,A_simple_B_complex,N,184,133,0.7598839318099383,0.6556796030480241,3700,5643,,0.6556796030480241,True,0,0,0,0,0,0,0,0,forward,False,outbound,11,40,,,,,,,,,,,
3,D19-P01,A_simple_B_complex,N,184,134,0.7598839318099383,0.6556796030480241,3700,5643,,0.6556796030480241,True,0,0,0,0,0,0,0,0,forward,False,outbound,10,40,,,,,,,,,,,
3,D19-P01,A_simple_B_complex,N,184,135,0.7598839318099383,0.6556796030480241,3700,5643,,0.6556796030480241,True,0,0,0,0,0,0,0,0,forward,False,outbound,9,40,,,,,,,,,,,
3,D19-P01,A_simple_B_complex,N,184,136,0.7598839318099383,0.6556796030480241,3700,5643,,0.6556796030480241,True,0,0,0,0,0,0,0,0,forward,False,outbound,8,40,,,,,,,,,,,
3,D19-P01,A_simple_B_complex,N,184,137,0.7598839318099383,0.6556796030480241,3700,5643,,0.6556796030480241,True,0,0,0,0,0,0,0,0,forward,False,outbound,7,40,,,,,,,,,,,
3,D19-P01,A_simple_B_complex,N,184,138,0.7598839318099383,0.6556796030480241,3700,5643,,0.6556796030480241,True,0,0,0,0,0,0,0,0,forward,False,outbound,6,40,,,,,,,,,,,
3,D19-P01,A_simple_B_complex,N,184,139,0.7600652883569097,0.6558568137515506,3701,5643,,0.6558568137515506,True,2,0,1,0,0,0,0,2,forward,False,outbound,7,38,,,,,,,,,,,
3,D19-P01,A_simple_B_complex,N,184,140,0.7613347841857091,0.6565656565656566,3705,5643,,0.6565656565656566,True,9,0,7,3,3,3,0,6,forward,False,outbound,8,36,,,,,,,,,,,
3,D19-P01,A_simple_B_complex,N,184,141,0.763873775843308,0.6586921850079744,3717,5643,,0.6586921850079744,True,16,0,12,0,5,5,0,11,forward,False,outbound,9,34,,,,,,,,,,,
3,D19-P01,A_simple_B_complex,N,184,142,0.7667754805948495,0.6608187134502924,3729,5643,,0.6608187134502924,True,20,0,12,0,5,5,0,15,forward,False,outbound,10,32,,,,,,,,,,,
3,D19-P01,A_simple_B_complex,N,184,143,0.769677185346391,0.6632399858206309,3742,5642,,0.6632399858206309,True,19,0,14,1,6,6,0,13,forward,False,outbound,11,30,,,,,,,,,,,
3,D19-P01,A_simple_B_complex,N,184,144,0.7725788900979326,0.6659574468085107,3756,5640,,0.6659574468085107,True,18,0,14,0,6,6,0,12,forward,False,outbound,12,28,,,,,,,,,,,
3,D19-P01,A_simple_B_complex,N,184,145,0.7760246644903881,0.6688542036183044,3771,5638,,0.6688542036183044,True,20,0,15,0,6,6,0,14,forward,False,outbound,13,26,,,,,,,,,,,
3,D19-P01,A_simple_B_complex,N,184,146,0.779107725788901,0.6717530163236338,3786,5636,,0.6717530163236338,True,20,0,15,0,6,6,0,14,forward,False,outbound,14,24,,,,,,,,,,,
3,D19-P01,A_simple_B_complex,N,184,147,0.7821907870874139,0.674653887113951,3801,5634,,0.674653887113951,True,19,0,15,0,7,7,0,12,forward,False,outbound,15,22,,,,,,,,,,,
3,D19-P01,A_simple_B_complex,N,184,148,0.7858179180268408,0.677734375,3817,5632,,0.677734375,True,21,0,16,0,7,7,0,14,forward,False,outbound,16,20,,,,,,,,,,,
3,D19-P01,A_simple_B_complex,N,184,149,0.7899891186071817,0.6813499111900533,3836,5630,,0.6813499111900533,True,26,0,19,0,7,7,0,19,forward,False,outbound,17,18,,,,,,,,,,,
3,D19-P01,A_simple_B_complex,N,184,150,0.7934348929996373,0.6849777777777778,3853,5625,,0.6849777777777778,True,19,0,17,0,8,8,0,11,forward,False,outbound,18,16,,,,,,,,,,,
3,D19-P01,A_simple_B_complex,N,184,151,0.7968806673920928,0.6882447092299484,3870,5623,,0.6882447092299484,True,21,0,17,0,8,8,0,13,forward,False,outbound,19,14,,,,,,,,,,,
3,D19-P01,A_simple_B_complex,N,184,152,0.8006891548784911,0.6915139654865682,3887,5621,,0.6915139654865682,True,24,0,17,0,8,8,0,16,forward,False,outbound,20,12,,,,,,,,,,,
3,D19-P01,A_simple_B_complex,N,184,153,0.8052230685527747,0.6954974194696565,3908,5619,,0.6954974194696565,True,26,0,21,0,8,8,0,18,forward,False,outbound,21,10,,,,,,,,,,,
3,D19-P01,A_simple_B_complex,N,184,154,0.8097569822270584,0.6994837101655688,3929,5617,,0.6994837101655688,True,29,0,21,0,9,9,0,20,forward,False,outbound,22,8,,,,,,,,,,,
3,D19-P01,A_simple_B_complex,N,184,155,0.8144722524483133,0.70377627360171,3951,5614,,0.70377627360171,True,27,0,22,0,9,9,0,18,forward,False,outbound,23,6,,,,,,,,,,,
3,D19-P01,A_simple_B_complex,N,184,156,0.8199129488574538,0.7086600142551674,3977,5612,,0.7086600142551674,True,32,0,26,0,10,10,0,22,forward,False,outbound,24,4,,,,,,,,,,,
3,D19-P01,A_simple_B_complex,N,184,157,0.8255350018135654,0.7137254901960784,4004,5610,,0.7137254901960784,True,32,0,27,0,10,10,0,22,forward,False,outbound,25,2,,,,,,,,,,,
3,D19-P01,A_simple_B_complex,N,184,158,0.8329706202393906,0.7203994293865906,4040,5608,,0.7203994293865906,True,46,0,36,0,10,10,0,36,forward,False,outbound,26,0,,,,,,,,,,,
3,D19-P01,A_simple_B_complex,N,184,159,0.8329706202393906,0.7212997678985895,4040,5601,,0.7212997678985895,True,0,0,0,0,0,0,0,0,right,False,outbound,25,0,,,,,,,,,,,
3,D19-P01,A_simple_B_complex,N,184,160,0.8347841857091041,0.7232142857142857,4050,5600,,0.7232142857142857,True,10,0,10,0,0,0,0,10,forward,False,outbound,24,0,,,,,,,,,,,
3,D19-P01,A_simple_B_complex,N,184,161,0.8360536815379035,0.7244642857142857,4057,5600,,0.7244642857142857,True,7,0,7,0,0,0,0,7,forward,False,outbound,23,0,,,,,,,,,,,
3,D19-P01,A_simple_B_complex,N,184,162,0.8373231773667029,0.7258439006965529,4064,5599,,0.7258439006965529,False,7,0,7,0,0,0,0,7,forward,False,return,22,0,,,,,,,,,,,
3,D19-P01,A_simple_B_complex,N,184,163,0.8373231773667029,0.7251294874084658,4060,5599,,0.7251294874084658,False,0,0,0,4,0,0,0,0,right,False,return,21,0,,,,,,,,,,,
3,D19-P01,A_simple_B_complex,N,184,164,0.8373231773667029,0.7245936774424004,4057,5599,,0.7245936774424004,False,0,0,0,3,0,0,0,0,forward,False,return,20,0,,,,,,,,,,,
3,D19-P01,A_simple_B_complex,N,184,165,0.8373231773667029,0.7245936774424004,4057,5599,,0.7245936774424004,False,0,0,0,0,0,0,0,0,forward,False,return,19,0,,,,,,,,,,,
3,D19-P01,A_simple_B_complex,N,184,166,0.8373231773667029,0.7245936774424004,4057,5599,,0.7245936774424004,False,0,0,0,0,0,0,0,0,forward,False,return,18,0,,,,,,,,,,,
3,D19-P01,A_simple_B_complex,N,184,167,0.8373231773667029,0.7245936774424004,4057,5599,,0.7245936774424004,False,0,0,0,0,0,0,0,0,forward,False,return,17,0,,,,,,,,,,,
3,D19-P01,A_simple_B_complex,N,184,168,0.8373231773667029,0.7245936774424004,4057,5599,,0.7245936774424004,False,0,0,0,0,0,0,0,0,forward,False,return,16,0,,,,,,,,,,,
3,D19-P01,A_simple_B_complex,N,184,169,0.8373231773667029,0.7245936774424004,4057,5599,,0.7245936774424004,False,0,0,0,0,0,0,0,0,forward,False,return,15,0,,,,,,,,,,,
3,D19-P01,A_simple_B_complex,N,184,170,0.8373231773667029,0.7245936774424004,4057,5599,,0.7245936774424004,False,0,0,0,0,0,0,0,0,forward,False,return,14,0,,,,,,,,,,,
3,D19-P01,A_simple_B_complex,N,184,171,0.8373231773667029,0.7245936774424004,4057,5599,,0.7245936774424004,False,0,0,0,0,0,0,0,0,forward,False,return,13,0,,,,,,,,,,,
3,D19-P01,A_simple_B_complex,N,184,172,0.8373231773667029,0.7245936774424004,4057,5599,,0.7245936774424004,False,0,0,0,0,0,0,0,0,forward,False,return,12,0,,,,,,,,,,,
3,D19-P01,A_simple_B_complex,N,184,173,0.8373231773667029,0.7245936774424004,4057,5599,,0.7245936774424004,False,0,0,0,0,0,0,0,0,forward,False,return,11,0,,,,,,,,,,,
3,D19-P01,A_simple_B_complex,N,184,174,0.8373231773667029,0.7245936774424004,4057,5599,,0.7245936774424004,False,0,0,0,0,0,0,0,0,forward,False,return,10,0,,,,,,,,,,,
3,D19-P01,A_simple_B_complex,N,184,175,0.8373231773667029,0.7245936774424004,4057,5599,,0.7245936774424004,False,1,0,0,0,0,0,0,1,forward,False,return,9,0,,,,,,,,,,,
3,D19-P01,A_simple_B_complex,N,184,176,0.8373231773667029,0.7237006608322915,4052,5599,,0.7237006608322915,False,0,0,0,5,0,0,0,0,forward,False,return,8,0,,,,,,,,,,,
3,D19-P01,A_simple_B_complex,N,184,177,0.8373231773667029,0.7237006608322915,4052,5599,,0.7237006608322915,False,0,0,0,0,0,0,0,0,forward,False,return,7,0,,,,,,,,,,,
3,D19-P01,A_simple_B_complex,N,184,178,0.8373231773667029,0.7237006608322915,4052,5599,,0.7237006608322915,False,0,0,0,0,0,0,0,0,forward,False,return,6,0,,,,,,,,,,,
3,D19-P01,A_simple_B_complex,N,184,179,0.8373231773667029,0.7237006608322915,4052,5599,,0.7237006608322915,False,0,0,0,0,0,0,0,0,forward,False,return,5,0,,,,,,,,,,,
3,D19-P01,A_simple_B_complex,N,184,180,0.8373231773667029,0.7237006608322915,4052,5599,,0.7237006608322915,False,0,0,0,0,0,0,0,0,forward,False,return,4,0,,,,,,,,,,,
3,D19-P01,A_simple_B_complex,N,184,181,0.8373231773667029,0.7237006608322915,4052,5599,,0.7237006608322915,False,0,0,0,0,0,0,0,0,forward,False,return,3,0,,,,,,,,,,,
3,D19-P01,A_simple_B_complex,N,184,182,0.8373231773667029,0.7237006608322915,4052,5599,,0.7237006608322915,False,0,0,0,0,0,0,0,0,forward,False,return,2,0,,,,,,,,,,,
3,D19-P01,A_simple_B_complex,N,184,183,0.8373231773667029,0.7237006608322915,4052,5599,,0.7237006608322915,False,0,0,0,0,0,0,0,0,forward,False,return,1,0,,,,,,,,,,,
3,D19-P01,A_simple_B_complex,N,184,184,0.8373231773667029,0.7237006608322915,4052,5599,,0.7237006608322915,False,0,0,0,0,0,0,0,0,right,False,return,0,0,,,,,,,,,,,
0,D19-P00,A_complex_B_simple,G,160,0,0.27090549233052946,,,,0.24166666666666667,,,,,,,,,,,,,,,,1305,5400,3015,,0.5,0,0,,,,
0,D19-P00,A_complex_B_simple,G,160,1,0.27634834240475015,,,,0.2512962962962963,,True,52,0,,,,,,,forward,False,outbound,,,1357,5400,2963,26.0,0.9230769230769231,1,52,52,coverage_intent,D19-P00/v13-history-smoke/plan-1,False
0,D19-P00,A_complex_B_simple,G,160,2,0.28154379020286985,,,,0.2577777777777778,,True,35,0,,,,,,,forward,False,outbound,,,1392,5400,2928,21.75,0.9523809523809523,2,87,35,coverage_intent,D19-P00/v13-history-smoke/plan-1,False
0,D19-P00,A_complex_B_simple,G,160,3,0.2864918357248887,,,,0.2637037037037037,,True,32,0,,,,,,,forward,False,outbound,,,1424,5400,2896,19.833333333333332,0.9642857142857143,3,119,32,coverage_intent,D19-P00/v13-history-smoke/plan-1,False
0,D19-P00,A_complex_B_simple,G,160,4,0.29069767441860467,,,,0.2683333333333333,,True,25,0,,,,,,,forward,False,outbound,,,1449,5400,2871,18.0,0.9696969696969697,4,144,25,coverage_intent,D19-P00/v13-history-smoke/plan-1,False
0,D19-P00,A_complex_B_simple,G,160,5,0.2951509153884216,,,,0.2733333333333333,,True,27,0,,,,,,,forward,False,outbound,,,1476,5400,2844,17.1,0.9736842105263158,5,171,27,coverage_intent,D19-P00/v13-history-smoke/plan-1,False
0,D19-P00,A_complex_B_simple,G,160,6,0.29886194952993567,,,,0.2775925925925926,,True,23,0,,,,,,,forward,False,outbound,,,1499,5400,2821,16.166666666666668,0.9761904761904762,6,194,23,coverage_intent,D19-P00/v13-history-smoke/plan-1,False
0,D19-P00,A_complex_B_simple,G,160,7,0.3025729836714498,,,,0.2824074074074074,,True,26,0,,,,,,,forward,False,outbound,,,1525,5400,2795,15.714285714285714,0.9761904761904762,7,220,26,coverage_intent,D19-P00/v13-history-smoke/plan-1,False
0,D19-P00,A_complex_B_simple,G,160,8,0.3025729836714498,,,,0.2866666666666667,,True,23,0,,,,,,,right,False,outbound,,,1548,5400,2772,15.1875,0.9761904761904762,8,243,23,coverage_intent,D19-P00/v13-history-smoke/plan-1,False
0,D19-P00,A_complex_B_simple,G,160,9,0.30554181098466104,,,,0.2898148148148148,,True,17,0,,,,,,,forward,False,outbound,,,1565,5400,2755,14.444444444444445,0.7049180327868853,9,260,17,coverage_intent,D19-P00/v13-history-smoke/plan-1,False
0,D19-P00,A_complex_B_simple,G,160,10,0.30875804057397327,,,,0.29259259259259257,,True,15,0,,,,,,,forward,False,outbound,,,1580,5400,2740,13.75,0.7230769230769231,10,275,15,coverage_intent,D19-P00/v13-history-smoke/plan-1,False
0,D19-P00,A_complex_B_simple,G,160,11,0.30875804057397327,,,,0.29259259259259257,,True,0,0,,,,,,,left,False,outbound,,,1580,5400,2740,12.5,0.7230769230769231,11,275,0,coverage_intent,D19-P00/v13-history-smoke/plan-1,False
0,D19-P00,A_complex_B_simple,G,160,12,0.31123206333498266,,,,0.29444444444444445,,True,10,0,,,,,,,forward,False,outbound,,,1590,5400,2730,11.875,0.7352941176470589,12,285,10,coverage_intent,D19-P00/v13-history-smoke/plan-1,False
0,D19-P00,A_complex_B_simple,G,160,13,0.3144482929242949,,,,0.29685185185185187,,True,13,0,,,,,,,forward,False,outbound,,,1603,5400,2717,11.461538461538462,0.7464788732394366,13,298,13,coverage_intent,D19-P00/v13-history-smoke/plan-1,False
0,D19-P00,A_complex_B_simple,G,160,14,0.31716971796140525,,,,0.29888888888888887,,True,11,0,,,,,,,forward,False,outbound,,,1614,5400,2706,11.035714285714286,0.76,14,309,11,coverage_intent,D19-P00/v13-history-smoke/plan-1,False
0,D19-P00,A_complex_B_simple,G,160,15,0.3206333498268184,,,,0.30148148148148146,,True,14,0,,,,,,,forward,False,outbound,,,1628,5400,2692,10.766666666666667,0.7721518987341772,15,323,14,coverage_intent,D19-P00/v13-history-smoke/plan-1,False
0,D19-P00,A_complex_B_simple,G,160,16,0.3236021771400297,,,,0.3037037037037037,,True,12,0,,,,,,,forward,False,outbound,,,1640,5400,2680,10.46875,0.7831325301204819,16,335,12,coverage_intent,D19-P00/v13-history-smoke/plan-1,False
0,D19-P00,A_complex_B_simple,G,160,17,0.32830282038594755,,,,0.30722222222222223,,True,19,0,,,,,,,forward,False,outbound,,,1659,5400,2661,10.411764705882353,0.7954545454545454,17,354,19,coverage_intent,D19-P00/v13-history-smoke/plan-1,False
0,D19-P00,A_complex_B_simple,G,160,18,0.33547748639287484,,,,0.31277777777777777,,True,30,0,,,,,,,forward,False,outbound,,,1689,5400,2631,10.666666666666666,0.8064516129032258,18,384,30,coverage_intent,D19-P00/v13-history-smoke/plan-1,False
0,D19-P00,A_complex_B_simple,G,160,19,0.3414151410192974,,,,0.3174074074074074,,True,25,0,,,,,,,forward,False,outbound,,,1714,5400,2606,10.763157894736842,0.8181818181818182,19,409,25,coverage_intent,D19-P00/v13-history-smoke/plan-1,False
0,D19-P00,A_complex_B_simple,G,160,20,0.34982681840672936,,,,0.3238888888888889,,True,35,0,,,,,,,forward,False,outbound,,,1749,5400,2571,11.1,0.8285714285714286,20,444,35,coverage_intent,D19-P00/v13-history-smoke/plan-1,False
0,D19-P00,A_complex_B_simple,G,160,21,0.3582384957941613,,,,0.3335185185185185,,True,52,0,,,,,,,forward,False,outbound,,,1801,5400,2519,11.80952380952381,0.8392857142857143,21,496,52,coverage_intent,D19-P00/v13-history-smoke/plan-1,False
0,D19-P00,A_complex_B_simple,G,160,22,0.36368134586838197,,,,0.33870370370370373,,True,28,0,,,,,,,forward,False,outbound,,,1829,5400,2491,11.909090909090908,0.85,22,524,28,coverage_intent,D19-P00/v13-history-smoke/plan-1,False
0,D19-P00,A_complex_B_simple,G,160,23,0.3713508164275111,,,,0.34574074074074074,,True,38,0,,,,,,,forward,False,outbound,,,1867,5400,2453,12.217391304347826,0.859375,23,562,38,coverage_intent,D19-P00/v13-history-smoke/plan-1,False
0,D19-P00,A_complex_B_simple,G,160,24,0.37926768926274124,,,,0.3524074074074074,,True,36,0,,,,,,,forward,False,outbound,,,1903,5400,2417,12.458333333333334,0.8686131386861314,24,598,36,coverage_intent,D19-P00/v13-history-smoke/plan-1,False
0,D19-P00,A_complex_B_simple,G,160,25,0.38941118258287977,,,,0.3605555555555556,,True,44,0,,,,,,,forward,False,outbound,,,1947,5400,2373,12.84,0.8113207547169812,25,642,44,coverage_intent,D19-P00/v13-history-smoke/plan-1,False
0,D19-P00,A_complex_B_simple,G,160,26,0.396833250865908,,,,0.3674074074074074,,True,37,0,,,,,,,forward,False,outbound,,,1984,5400,2336,13.057692307692308,0.8203592814371258,26,679,37,coverage_intent,D19-P00/v13-history-smoke/plan-1,False
0,D19-P00,A_complex_B_simple,G,160,27,0.4067293419099456,,,,0.37592592592592594,,True,46,0,,,,,,,forward,False,outbound,,,2030,5400,2290,13.425925925925926,0.8285714285714286,27,725,46,coverage_intent,D19-P00/v13-history-smoke/plan-1,False
0,D19-P00,A_complex_B_simple,G,160,28,0.4156358238495794,,,,0.38296296296296295,,True,38,0,,,,,,,forward,False,outbound,,,2068,5400,2252,13.625,0.8351648351648352,28,763,38,coverage_intent,D19-P00/v13-history-smoke/plan-1,True
0,D19-P00,A_complex_B_simple,G,160,29,0.4252845126175161,,,,0.39111111111111113,,True,44,0,,,,,,,forward,False,outbound,,,2112,5400,2208,13.913793103448276,0.8155339805825242,29,807,44,coverage_intent,D19-P00/v13-history-smoke/plan-2,False
0,D19-P00,A_complex_B_simple,G,160,30,0.4366650173181593,,,,0.4,,True,48,0,,,,,,,forward,False,outbound,,,2160,5400,2160,14.25,0.8295964125560538,30,855,48,coverage_intent,D19-P00/v13-history-smoke/plan-2,False
0,D19-P00,A_complex_B_simple,G,160,31,0.4433448787728847,,,,0.40703703703703703,,True,38,0,,,,,,,forward,False,outbound,,,2198,5400,2122,13.884615384615385,0.8369098712446352,26,722,38,coverage_intent,D19-P00/v13-history-smoke/plan-2,False
0,D19-P00,A_complex_B_simple,G,160,32,0.45546759030183076,,,,0.4274074074074074,,True,110,0,,,,,,,forward,False,outbound,,,2308,5400,2012,15.407407407407407,0.8448979591836735,27,832,110,coverage_intent,D19-P00/v13-history-smoke/plan-2,False
0,D19-P00,A_complex_B_simple,G,160,33,0.4675903018307768,,,,0.44037037037037036,,True,70,0,,,,,,,forward,False,outbound,,,2378,5400,1942,16.107142857142858,0.848,28,902,70,coverage_intent,D19-P00/v13-history-smoke/plan-2,False
0,D19-P00,A_complex_B_simple,G,160,34,0.48911429985155863,,,,0.4583333333333333,,True,97,0,,,,,,,forward,False,outbound,,,2475,5400,1845,17.224137931034484,0.8492063492063492,29,999,97,coverage_intent,D19-P00/v13-history-smoke/plan-2,False
0,D19-P00,A_complex_B_simple,G,160,35,0.5111331024245424,,,,0.47759259259259257,,True,104,0,,,,,,,forward,False,outbound,,,2579,5400,1741,18.383333333333333,0.8521400778210116,30,1103,104,coverage_intent,D19-P00/v13-history-smoke/plan-2,False
0,D19-P00,A_complex_B_simple,G,160,36,0.5388421573478476,,,,0.5009259259259259,,True,126,0,,,,,,,forward,False,outbound,,,2705,5400,1615,21.634615384615383,0.8560606060606061,26,1125,126,coverage_intent,D19-P00/v13-history-smoke/plan-2,False
0,D19-P00,A_complex_B_simple,G,160,37,0.5507174666006928,,,,0.5157407407407407,,True,80,0,,,,,,,forward,False,outbound,,,2785,5400,1535,22.314814814814813,0.8576779026217228,27,1205,80,coverage_intent,D19-P00/v13-history-smoke/plan-2,True
0,D19-P00,A_complex_B_simple,G,160,38,0.5507174666006928,,,,0.5181481481481481,,False,13,0,,,,,,,left,False,outbound,,,2798,5400,1522,22.314814814814813,0.8576779026217228,27,1205,13,quality_intent,D19-P00/v13-history-smoke/plan-3,False
0,D19-P00,A_complex_B_simple,G,160,39,0.5507174666006928,,,,0.5181481481481481,,False,0,0,,,,,,,left,False,outbound,,,2798,5400,1522,22.314814814814813,0.8576779026217228,27,1205,0,quality_intent,D19-P00/v13-history-smoke/plan-3,True
0,D19-P00,A_complex_B_simple,G,160,40,0.5507174666006928,,,,0.5198148148148148,,False,9,0,,,,,,,left,False,outbound,,,2807,5400,1513,22.314814814814813,0.8576779026217228,27,1205,9,quality_intent,D19-P00/v13-history-smoke/plan-4,False
0,D19-P00,A_complex_B_simple,G,160,41,0.5507174666006928,,,,0.5198148148148148,,False,0,0,,,,,,,left,False,outbound,,,2807,5400,1513,22.314814814814813,0.8576779026217228,27,1205,0,quality_intent,D19-P00/v13-history-smoke/plan-4,True
0,D19-P00,A_complex_B_simple,G,160,42,0.5507174666006928,,,,0.5203703703703704,,False,3,0,,,,,,,left,False,outbound,,,2810,5400,1510,22.314814814814813,0.8576779026217228,27,1205,3,quality_intent,D19-P00/v13-history-smoke/plan-5,False
0,D19-P00,A_complex_B_simple,G,160,43,0.5507174666006928,,,,0.5203703703703704,,False,0,0,,,,,,,left,False,outbound,,,2810,5400,1510,22.314814814814813,0.8576779026217228,27,1205,0,quality_intent,D19-P00/v13-history-smoke/plan-5,True
0,D19-P00,A_complex_B_simple,G,160,44,0.5507174666006928,,,,0.5209259259259259,,False,3,0,,,,,,,left,False,outbound,,,2813,5400,1507,22.314814814814813,0.8576779026217228,27,1205,3,quality_intent,D19-P00/v13-history-smoke/plan-6,False
0,D19-P00,A_complex_B_simple,G,160,45,0.5507174666006928,,,,0.5209259259259259,,False,0,0,,,,,,,left,False,outbound,,,2813,5400,1507,22.314814814814813,0.8576779026217228,27,1205,0,quality_intent,D19-P00/v13-history-smoke/plan-6,True
0,D19-P00,A_complex_B_simple,G,160,46,0.5507174666006928,,,,0.5211111111111111,,False,1,0,,,,,,,left,False,outbound,,,2814,5400,1506,22.314814814814813,0.8576779026217228,27,1205,1,quality_intent,D19-P00/v13-history-smoke/plan-7,False
0,D19-P00,A_complex_B_simple,G,160,47,0.5507174666006928,,,,0.5211111111111111,,False,0,0,,,,,,,left,False,outbound,,,2814,5400,1506,22.314814814814813,0.8576779026217228,27,1205,0,quality_intent,D19-P00/v13-history-smoke/plan-7,True
0,D19-P00,A_complex_B_simple,G,160,48,0.5507174666006928,,,,0.5211111111111111,,True,0,0,,,,,,,left,False,outbound,,,2814,5400,1506,25.152173913043477,0.8576779026217228,23,1157,0,coverage_intent,D19-P00/v13-history-smoke/plan-8,False
0,D19-P00,A_complex_B_simple,G,160,49,0.553933696190005,,,,0.5244444444444445,,True,18,0,,,,,,,forward,False,outbound,,,2832,5400,1488,24.479166666666668,0.8602941176470589,24,1175,18,coverage_intent,D19-P00/v13-history-smoke/plan-8,False
0,D19-P00,A_complex_B_simple,G,160,50,0.5569025235032162,,,,0.5270370370370371,,True,14,0,,,,,,,forward,False,outbound,,,2846,5400,1474,23.78,0.8628158844765343,25,1189,14,coverage_intent,D19-P00/v13-history-smoke/plan-8,False
0,D19-P00,A_complex_B_simple,G,160,51,0.5598713508164275,,,,0.5294444444444445,,True,13,0,,,,,,,forward,False,outbound,,,2859,5400,1461,23.115384615384617,0.8652482269503546,26,1202,13,coverage_intent,D19-P00/v13-history-smoke/plan-8,False
0,D19-P00,A_complex_B_simple,G,160,52,0.5630875804057397,,,,0.5318518518518518,,True,13,0,,,,,,,forward,False,outbound,,,2872,5400,1448,22.5,0.867595818815331,27,1215,13,coverage_intent,D19-P00/v13-history-smoke/plan-8,False
0,D19-P00,A_complex_B_simple,G,160,53,0.5665512122711529,,,,0.5346296296296297,,True,15,0,,,,,,,forward,False,outbound,,,2887,5400,1433,24.108695652173914,0.8694158075601375,23,1109,15,coverage_intent,D19-P00/v13-history-smoke/plan-8,False
0,D19-P00,A_complex_B_simple,G,160,54,0.570014844136566,,,,0.5372222222222223,,True,14,0,,,,,,,forward,False,outbound,,,2901,5400,1419,23.395833333333332,0.8711864406779661,24,1123,14,coverage_intent,D19-P00/v13-history-smoke/plan-8,False
0,D19-P00,A_complex_B_simple,G,160,55,0.574468085106383,,,,0.5407407407407407,,True,19,0,,,,,,,forward,False,outbound,,,2920,5400,1400,22.84,0.8733333333333333,25,1142,19,coverage_intent,D19-P00/v13-history-smoke/plan-8,False
0,D19-P00,A_complex_B_simple,G,160,56,0.578673923800099,,,,0.5438888888888889,,True,17,0,,,,,,,forward,False,outbound,,,2937,5400,1383,22.28846153846154,0.8754098360655738,26,1159,17,coverage_intent,D19-P00/v13-history-smoke/plan-8,False
0,D19-P00,A_complex_B_simple,G,160,57,0.582384957941613,,,,0.547037037037037,,True,17,0,,,,,,,forward,False,outbound,,,2954,5400,1366,21.77777777777778,0.8774193548387097,27,1176,17,coverage_intent,D19-P00/v13-history-smoke/plan-8,False
0,D19-P00,A_complex_B_simple,G,160,58,0.5865907966353291,,,,0.5503703703703704,,True,18,0,,,,,,,forward,False,outbound,,,2972,5400,1348,21.652173913043477,0.879746835443038,23,996,18,coverage_intent,D19-P00/v13-history-smoke/plan-8,False
0,D19-P00,A_complex_B_simple,G,160,59,0.5912914398812469,,,,0.5538888888888889,,True,19,0,,,,,,,forward,False,outbound,,,2991,5400,1329,21.145833333333332,0.8819875776397516,24,1015,19,coverage_intent,D19-P00/v13-history-smoke/plan-8,False
0,D19-P00,A_complex_B_simple,G,160,60,0.5954972785749629,,,,0.557037037037037,,True,17,0,,,,,,,forward,False,outbound,,,3008,5400,1312,20.64,0.8841463414634146,25,1032,17,coverage_intent,D19-P00/v13-history-smoke/plan-8,False
0,D19-P00,A_complex_B_simple,G,160,61,0.6011875309252845,,,,0.5612962962962963,,True,23,0,,,,,,,forward,False,outbound,,,3031,5400,1289,20.28846153846154,0.8862275449101796,26,1055,23,coverage_intent,D19-P00/v13-history-smoke/plan-8,False
0,D19-P00,A_complex_B_simple,G,160,62,0.6095992083127165,,,,0.5675925925925925,,True,34,0,,,,,,,forward,False,outbound,,,3065,5400,1255,20.166666666666668,0.888235294117647,27,1089,34,coverage_intent,D19-P00/v13-history-smoke/plan-8,False
0,D19-P00,A_complex_B_simple,G,160,63,0.6177634834240475,,,,0.5751851851851851,,True,41,0,,,,,,,forward,False,outbound,,,3106,5400,1214,19.934782608695652,0.8901734104046243,23,917,41,coverage_intent,D19-P00/v13-history-smoke/plan-9,False
0,D19-P00,A_complex_B_simple,G,160,64,0.6177634834240475,,,,0.5751851851851851,,True,0,0,,,,,,,left,False,outbound,,,3106,5400,1214,19.104166666666668,0.8901734104046243,24,917,0,coverage_intent,D19-P00/v13-history-smoke/plan-9,False
0,D19-P00,A_complex_B_simple,G,160,65,0.6217219198416626,,,,0.58,,True,26,0,,,,,,,forward,False,outbound,,,3132,5400,1188,18.86,0.8901734104046243,25,943,26,coverage_intent,D19-P00/v13-history-smoke/plan-9,False
0,D19-P00,A_complex_B_simple,G,160,66,0.6219693221177635,,,,0.5801851851851851,,True,1,0,,,,,,,right,False,outbound,,,3133,5400,1187,18.153846153846153,0.8901734104046243,26,944,1,coverage_intent,D19-P00/v13-history-smoke/plan-9,False
0,D19-P00,A_complex_B_simple,G,160,67,0.6276595744680851,,,,0.5888888888888889,,True,47,0,,,,,,,forward,False,outbound,,,3180,5400,1140,18.35185185185185,0.8923512747875354,27,991,47,coverage_intent,D19-P00/v13-history-smoke/plan-9,False
0,D19-P00,A_complex_B_simple,G,160,68,0.632112815437902,,,,0.6037037037037037,,True,80,0,,,,,,,forward,False,outbound,,,3260,5400,1060,14.173913043478262,0.8953168044077136,23,652,80,coverage_intent,D19-P00/v13-history-smoke/plan-9,False
0,D19-P00,A_complex_B_simple,G,160,69,0.6365660564077189,,,,0.6088888888888889,,True,28,0,,,,,,,forward,False,outbound,,,3288,5400,1032,14.166666666666666,0.8961748633879781,24,680,28,coverage_intent,D19-P00/v13-history-smoke/plan-9,False
0,D19-P00,A_complex_B_simple,G,160,70,0.6412666996536368,,,,0.6159259259259259,,True,38,0,,,,,,,forward,False,outbound,,,3326,5400,994,14.36,0.8967391304347826,25,718,38,coverage_intent,D19-P00/v13-history-smoke/plan-9,False
0,D19-P00,A_complex_B_simple,G,160,71,0.6516575952498763,,,,0.6266666666666667,,True,58,0,,,,,,,forward,False,outbound,,,3384,5400,936,14.923076923076923,0.8972972972972973,26,776,58,coverage_intent,D19-P00/v13-history-smoke/plan-9,False
0,D19-P00,A_complex_B_simple,G,160,72,0.6665017318159328,,,,0.6420370370370371,,True,83,0,,,,,,,forward,False,outbound,,,3467,5400,853,15.907407407407407,0.8975741239892183,27,859,83,coverage_intent,D19-P00/v13-history-smoke/plan-9,False
0,D19-P00,A_complex_B_simple,G,160,73,0.6702127659574468,,,,0.6459259259259259,,True,21,0,,,,,,,forward,False,outbound,,,3488,5400,832,12.961538461538462,0.8975741239892183,26,674,21,coverage_intent,D19-P00/v13-history-smoke/plan-10,False
0,D19-P00,A_complex_B_simple,G,160,74,0.6712023750618505,,,,0.6474074074074074,,True,8,0,,,,,,,forward,False,outbound,,,3496,5400,824,12.62962962962963,0.8975741239892183,27,682,8,coverage_intent,D19-P00/v13-history-smoke/plan-10,False
0,D19-P00,A_complex_B_simple,G,160,75,0.6712023750618505,,,,0.6474074074074074,,True,0,0,,,,,,,right,False,outbound,,,3496,5400,824,12.178571428571429,0.8975741239892183,28,682,0,coverage_intent,D19-P00/v13-history-smoke/plan-10,False
0,D19-P00,A_complex_B_simple,G,160,76,0.6719445818901534,,,,0.647962962962963,,True,3,0,,,,,,,forward,False,outbound,,,3499,5400,821,11.810344827586206,0.8975741239892183,29,685,3,coverage_intent,D19-P00/v13-history-smoke/plan-10,False
0,D19-P00,A_complex_B_simple,G,160,77,0.6741712023750619,,,,0.6503703703703704,,True,13,0,,,,,,,forward,False,outbound,,,3512,5400,808,11.633333333333333,0.8978494623655914,30,698,13,coverage_intent,D19-P00/v13-history-smoke/plan-10,False
0,D19-P00,A_complex_B_simple,G,160,78,0.6751608114794656,,,,0.6511111111111111,,True,4,0,,,,,,,forward,False,outbound,,,3516,5400,804,12.384615384615385,0.8981233243967829,26,644,4,coverage_intent,D19-P00/v13-history-smoke/plan-10,False
0,D19-P00,A_complex_B_simple,G,160,79,0.6768926274121722,,,,0.6524074074074074,,True,7,0,,,,,,,forward,False,outbound,,,3523,5400,797,12.055555555555555,0.8986666666666666,27,651,7,coverage_intent,D19-P00/v13-history-smoke/plan-10,False
0,D19-P00,A_complex_B_simple,G,160,80,0.6793666501731815,,,,0.6542592592592592,,True,10,0,,,,,,,forward,False,outbound,,,3533,5400,787,11.803571428571429,0.8994708994708994,28,661,10,coverage_intent,D19-P00/v13-history-smoke/plan-10,False
0,D19-P00,A_complex_B_simple,G,160,81,0.681840672934191,,,,0.6561111111111111,,True,10,0,,,,,,,forward,False,outbound,,,3543,5400,777,11.568965517241379,0.9002624671916011,29,671,10,coverage_intent,D19-P00/v13-history-smoke/plan-10,False
0,D19-P00,A_complex_B_simple,G,160,82,0.685799109351806,,,,0.6592592592592592,,True,17,0,,,,,,,forward,False,outbound,,,3560,5400,760,11.466666666666667,0.9010416666666666,30,688,17,coverage_intent,D19-P00/v13-history-smoke/plan-10,False
0,D19-P00,A_complex_B_simple,G,160,83,0.6927263730826324,,,,0.6644444444444444,,True,28,0,,,,,,,forward,False,outbound,,,3588,5400,732,12.192307692307692,0.9020618556701031,26,634,28,coverage_intent,D19-P00/v13-history-smoke/plan-10,False
0,D19-P00,A_complex_B_simple,G,160,84,0.6976744186046512,,,,0.6681481481481482,,True,20,0,,,,,,,forward,False,outbound,,,3608,5400,712,12.11111111111111,0.9033078880407125,27,654,20,coverage_intent,D19-P00/v13-history-smoke/plan-10,False
0,D19-P00,A_complex_B_simple,G,160,85,0.7093023255813954,,,,0.6775925925925926,,True,51,0,,,,,,,forward,False,outbound,,,3659,5400,661,12.589285714285714,0.9061728395061729,28,705,51,coverage_intent,D19-P00/v13-history-smoke/plan-10,False
0,D19-P00,A_complex_B_simple,G,160,86,0.7219198416625433,,,,0.6892592592592592,,True,63,0,,,,,,,forward,False,outbound,,,3722,5400,598,13.241379310344827,0.9093078758949881,29,768,63,coverage_intent,D19-P00/v13-history-smoke/plan-10,False
0,D19-P00,A_complex_B_simple,G,160,87,0.7333003463631865,,,,0.7003703703703704,,True,60,0,,,,,,,forward,False,outbound,,,3782,5400,538,13.8,0.9113082039911308,30,828,60,coverage_intent,D19-P00/v13-history-smoke/plan-10,False
0,D19-P00,A_complex_B_simple,G,160,88,0.7454230578921326,,,,0.7124074074074074,,True,65,0,,,,,,,forward,False,outbound,,,3847,5400,473,15.038461538461538,0.9156626506024096,26,782,65,coverage_intent,D19-P00/v13-history-smoke/plan-10,False
0,D19-P00,A_complex_B_simple,G,160,89,0.7493814943097477,,,,0.7190740740740741,,True,36,0,,,,,,,forward,False,outbound,,,3883,5400,437,15.148148148148149,0.918918918918919,27,818,36,coverage_intent,D19-P00/v13-history-smoke/plan-10,False
0,D19-P00,A_complex_B_simple,G,160,90,0.751855517070757,,,,0.7255555555555555,,True,35,0,,,,,,,forward,False,outbound,,,3918,5400,402,15.232142857142858,0.92,28,853,35,coverage_intent,D19-P00/v13-history-smoke/plan-10,False
0,D19-P00,A_complex_B_simple,G,160,91,0.7535873330034636,,,,0.7285185185185186,,True,16,0,,,,,,,forward,False,outbound,,,3934,5400,386,14.982758620689655,0.920303605313093,29,869,16,coverage_intent,D19-P00/v13-history-smoke/plan-10,True
0,D19-P00,A_complex_B_simple,G,160,92,0.7543295398317664,,,,0.7292592592592593,,True,4,0,,,,,,,forward,False,outbound,,,3938,5400,382,14.55,0.9206049149338374,30,873,4,coverage_intent,D19-P00/v13-history-smoke/plan-11,False
0,D19-P00,A_complex_B_simple,G,160,93,0.7550717466600693,,,,0.7298148148148148,,True,3,0,,,,,,,forward,False,outbound,,,3941,5400,379,14.634615384615385,0.9209039548022598,26,761,3,coverage_intent,D19-P00/v13-history-smoke/plan-11,False
0,D19-P00,A_complex_B_simple,G,160,94,0.7555665512122711,,,,0.7301851851851852,,True,2,0,,,,,,,forward,False,outbound,,,3943,5400,377,14.12962962962963,0.9210526315789473,27,763,2,coverage_intent,D19-P00/v13-history-smoke/plan-11,False
0,D19-P00,A_complex_B_simple,G,160,95,0.7555665512122711,,,,0.7301851851851852,,True,0,0,,,,,,,forward,False,outbound,,,3943,5400,377,13.625,0.9210526315789473,28,763,0,coverage_intent,D19-P00/v13-history-smoke/plan-11,False
0,D19-P00,A_complex_B_simple,G,160,96,0.7555665512122711,,,,0.7301851851851852,,True,0,0,,,,,,,forward,False,outbound,,,3943,5400,377,13.155172413793103,0.9210526315789473,29,763,0,coverage_intent,D19-P00/v13-history-smoke/plan-11,False
0,D19-P00,A_complex_B_simple,G,160,97,0.7555665512122711,,,,0.7301851851851852,,True,0,0,,,,,,,forward,False,outbound,,,3943,5400,377,12.716666666666667,0.9210526315789473,30,763,0,coverage_intent,D19-P00/v13-history-smoke/plan-11,False
0,D19-P00,A_complex_B_simple,G,160,98,0.7555665512122711,,,,0.7301851851851852,,True,0,0,,,,,,,forward,False,outbound,,,3943,5400,377,9.153846153846153,0.9210526315789473,26,476,0,coverage_intent,D19-P00/v13-history-smoke/plan-11,False
0,D19-P00,A_complex_B_simple,G,160,99,0.7555665512122711,,,,0.7301851851851852,,True,0,0,,,,,,,forward,False,outbound,,,3943,5400,377,8.814814814814815,0.9210526315789473,27,476,0,coverage_intent,D19-P00/v13-history-smoke/plan-11,False
0,D19-P00,A_complex_B_simple,G,160,100,0.7555665512122711,,,,0.7301851851851852,,True,0,0,,,,,,,forward,False,outbound,,,3943,5400,377,8.5,0.9210526315789473,28,476,0,coverage_intent,D19-P00/v13-history-smoke/plan-11,False
0,D19-P00,A_complex_B_simple,G,160,101,0.7555665512122711,,,,0.7301851851851852,,True,0,0,,,,,,,forward,False,outbound,,,3943,5400,377,8.206896551724139,0.9210526315789473,29,476,0,coverage_intent,D19-P00/v13-history-smoke/plan-11,False
0,D19-P00,A_complex_B_simple,G,160,102,0.7555665512122711,,,,0.7301851851851852,,True,0,0,,,,,,,forward,False,outbound,,,3943,5400,377,7.933333333333334,0.9210526315789473,30,476,0,coverage_intent,D19-P00/v13-history-smoke/plan-11,False
0,D19-P00,A_complex_B_simple,G,160,103,0.7555665512122711,,,,0.7301851851851852,,True,0,0,,,,,,,right,False,outbound,,,3943,5400,377,8.288461538461538,0.9210526315789473,26,431,0,coverage_intent,D19-P00/v13-history-smoke/plan-11,False
0,D19-P00,A_complex_B_simple,G,160,104,0.7555665512122711,,,,0.7311111111111112,,True,5,0,,,,,,,forward,False,outbound,,,3948,5400,372,8.074074074074074,0.9210526315789473,27,436,5,coverage_intent,D19-P00/v13-history-smoke/plan-11,False
0,D19-P00,A_complex_B_simple,G,160,105,0.7555665512122711,,,,0.7316666666666667,,True,3,0,,,,,,,forward,False,outbound,,,3951,5400,369,7.839285714285714,0.9210526315789473,28,439,3,coverage_intent,D19-P00/v13-history-smoke/plan-11,False
0,D19-P00,A_complex_B_simple,G,160,106,0.7555665512122711,,,,0.7322222222222222,,True,3,0,,,,,,,forward,False,outbound,,,3954,5400,366,7.620689655172414,0.9210526315789473,29,442,3,coverage_intent,D19-P00/v13-history-smoke/plan-11,False
0,D19-P00,A_complex_B_simple,G,160,107,0.7555665512122711,,,,0.7322222222222222,,True,0,0,,,,,,,forward,False,outbound,,,3954,5400,366,7.366666666666666,0.9210526315789473,30,442,0,coverage_intent,D19-P00/v13-history-smoke/plan-11,False
0,D19-P00,A_complex_B_simple,G,160,108,0.7555665512122711,,,,0.7322222222222222,,True,0,0,,,,,,,forward,False,outbound,,,3954,5400,366,7.576923076923077,0.9210526315789473,26,394,0,coverage_intent,D19-P00/v13-history-smoke/plan-11,False
0,D19-P00,A_complex_B_simple,G,160,109,0.7555665512122711,,,,0.7322222222222222,,True,0,0,,,,,,,forward,False,outbound,,,3954,5400,366,7.296296296296297,0.9210526315789473,27,394,0,coverage_intent,D19-P00/v13-history-smoke/plan-11,False
0,D19-P00,A_complex_B_simple,G,160,110,0.7555665512122711,,,,0.7322222222222222,,True,0,0,,,,,,,forward,False,outbound,,,3954,5400,366,7.035714285714286,0.9210526315789473,28,394,0,coverage_intent,D19-P00/v13-history-smoke/plan-11,False
0,D19-P00,A_complex_B_simple,G,160,111,0.7555665512122711,,,,0.7322222222222222,,True,0,0,,,,,,,forward,False,outbound,,,3954,5400,366,6.793103448275862,0.9210526315789473,29,394,0,coverage_intent,D19-P00/v13-history-smoke/plan-11,False
0,D19-P00,A_complex_B_simple,G,160,112,0.7555665512122711,,,,0.7322222222222222,,True,0,0,,,,,,,forward,False,outbound,,,3954,5400,366,6.566666666666666,0.9210526315789473,30,394,0,coverage_intent,D19-P00/v13-history-smoke/plan-11,False
0,D19-P00,A_complex_B_simple,G,160,113,0.7555665512122711,,,,0.7322222222222222,,True,0,0,,,,,,,forward,False,outbound,,,3954,5400,366,3.3076923076923075,0.9210526315789473,26,172,0,coverage_intent,D19-P00/v13-history-smoke/plan-11,False
0,D19-P00,A_complex_B_simple,G,160,114,0.7555665512122711,,,,0.7322222222222222,,True,0,0,,,,,,,forward,False,outbound,,,3954,5400,366,3.185185185185185,0.9210526315789473,27,172,0,coverage_intent,D19-P00/v13-history-smoke/plan-11,False
0,D19-P00,A_complex_B_simple,G,160,115,0.7555665512122711,,,,0.7322222222222222,,True,0,0,,,,,,,forward,False,outbound,,,3954,5400,366,3.0714285714285716,0.9210526315789473,28,172,0,coverage_intent,D19-P00/v13-history-smoke/plan-11,False
0,D19-P00,A_complex_B_simple,G,160,116,0.7555665512122711,,,,0.7322222222222222,,True,0,0,,,,,,,forward,False,outbound,,,3954,5400,366,2.9655172413793105,0.9210526315789473,29,172,0,coverage_intent,D19-P00/v13-history-smoke/plan-11,False
0,D19-P00,A_complex_B_simple,G,160,117,0.7555665512122711,,,,0.7322222222222222,,True,0,0,,,,,,,forward,False,outbound,,,3954,5400,366,2.8666666666666667,0.9210526315789473,30,172,0,coverage_intent,D19-P00/v13-history-smoke/plan-11,False
0,D19-P00,A_complex_B_simple,G,160,118,0.7555665512122711,,,,0.7322222222222222,,True,0,0,,,,,,,forward,False,outbound,,,3954,5400,366,0.3076923076923077,0.9210526315789473,26,16,0,coverage_intent,D19-P00/v13-history-smoke/plan-11,False
0,D19-P00,A_complex_B_simple,G,160,119,0.7555665512122711,,,,0.7322222222222222,,True,0,0,,,,,,,forward,False,outbound,,,3954,5400,366,0.2962962962962963,0.9210526315789473,27,16,0,coverage_intent,D19-P00/v13-history-smoke/plan-11,False
0,D19-P00,A_complex_B_simple,G,160,120,0.7555665512122711,,,,0.7322222222222222,,True,0,0,,,,,,,forward,False,outbound,,,3954,5400,366,0.2857142857142857,0.9210526315789473,28,16,0,coverage_intent,D19-P00/v13-history-smoke/plan-11,False
0,D19-P00,A_complex_B_simple,G,160,121,0.7555665512122711,,,,0.7322222222222222,,True,0,0,,,,,,,forward,False,outbound,,,3954,5400,366,0.27586206896551724,0.9210526315789473,29,16,0,coverage_intent,D19-P00/v13-history-smoke/plan-11,False
0,D19-P00,A_complex_B_simple,G,160,122,0.7555665512122711,,,,0.7322222222222222,,True,0,0,,,,,,,forward,False,outbound,,,3954,5400,366,0.26666666666666666,0.9210526315789473,30,16,0,coverage_intent,D19-P00/v13-history-smoke/plan-11,False
0,D19-P00,A_complex_B_simple,G,160,123,0.7555665512122711,,,,0.7322222222222222,,True,0,0,,,,,,,forward,False,outbound,,,3954,5400,366,0.21153846153846154,0.9210526315789473,26,11,0,coverage_intent,D19-P00/v13-history-smoke/plan-11,False
0,D19-P00,A_complex_B_simple,G,160,124,0.7555665512122711,,,,0.7322222222222222,,True,0,0,,,,,,,forward,False,outbound,,,3954,5400,366,0.2037037037037037,0.9210526315789473,27,11,0,coverage_intent,D19-P00/v13-history-smoke/plan-11,False
0,D19-P00,A_complex_B_simple,G,160,125,0.7555665512122711,,,,0.7322222222222222,,True,0,0,,,,,,,forward,False,outbound,,,3954,5400,366,0.19642857142857142,0.9210526315789473,28,11,0,coverage_intent,D19-P00/v13-history-smoke/plan-11,False
0,D19-P00,A_complex_B_simple,G,160,126,0.7555665512122711,,,,0.7325925925925926,,True,2,0,,,,,,,forward,False,outbound,,,3956,5400,364,0.22413793103448276,0.9210526315789473,29,13,2,coverage_intent,D19-P00/v13-history-smoke/plan-11,False
0,D19-P00,A_complex_B_simple,G,160,127,0.7555665512122711,,,,0.7344444444444445,,True,10,0,,,,,,,forward,False,outbound,,,3966,5400,354,0.38333333333333336,0.9210526315789473,30,23,10,coverage_intent,D19-P00/v13-history-smoke/plan-11,False
0,D19-P00,A_complex_B_simple,G,160,128,0.7555665512122711,,,,0.7357407407407407,,True,7,0,,,,,,,forward,False,outbound,,,3973,5400,347,0.5769230769230769,0.9210526315789473,26,30,7,coverage_intent,D19-P00/v13-history-smoke/plan-11,False
0,D19-P00,A_complex_B_simple,G,160,129,0.7585353785254825,,,,0.7403703703703703,,True,25,0,,,,,,,forward,False,outbound,,,3998,5400,322,1.0185185185185186,0.9212007504690432,27,55,25,coverage_intent,D19-P00/v13-history-smoke/plan-11,False
0,D19-P00,A_complex_B_simple,G,160,130,0.7615042058386937,,,,0.7431481481481481,,True,15,0,,,,,,,forward,False,outbound,,,4013,5400,307,1.25,0.9217877094972067,28,70,15,coverage_intent,D19-P00/v13-history-smoke/plan-11,False
0,D19-P00,A_complex_B_simple,G,160,131,0.7649678377041069,,,,0.7462962962962963,,True,17,0,,,,,,,forward,False,outbound,,,4030,5400,290,1.5,0.922509225092251,29,87,17,coverage_intent,D19-P00/v13-history-smoke/plan-11,False
0,D19-P00,A_complex_B_simple,G,160,132,0.768678871845621,,,,0.7492592592592593,,True,16,0,,,,,,,forward,False,outbound,,,4046,5400,274,1.7166666666666666,0.9233576642335767,30,103,16,coverage_intent,D19-P00/v13-history-smoke/plan-11,False
0,D19-P00,A_complex_B_simple,G,160,133,0.7723899059871351,,,,0.7525925925925926,,True,18,0,,,,,,,forward,False,outbound,,,4064,5400,256,2.1153846153846154,0.924187725631769,26,110,18,coverage_intent,D19-P00/v13-history-smoke/plan-11,False
0,D19-P00,A_complex_B_simple,G,160,134,0.7761009401286492,,,,0.7559259259259259,,True,18,0,,,,,,,forward,False,outbound,,,4082,5400,238,2.3703703703703702,0.925,27,128,18,coverage_intent,D19-P00/v13-history-smoke/plan-11,False
0,D19-P00,A_complex_B_simple,G,160,135,0.7798119742701632,,,,0.7588888888888888,,True,16,0,,,,,,,forward,False,outbound,,,4098,5400,222,2.5714285714285716,0.9257950530035336,28,144,16,coverage_intent,D19-P00/v13-history-smoke/plan-11,False
0,D19-P00,A_complex_B_simple,G,160,136,0.7835230084116774,,,,0.7620370370370371,,True,17,0,,,,,,,forward,False,outbound,,,4115,5400,205,2.7758620689655173,0.9265734265734266,29,161,17,coverage_intent,D19-P00/v13-history-smoke/plan-11,False
0,D19-P00,A_complex_B_simple,G,160,137,0.7874814448292924,,,,0.7653703703703704,,True,18,0,,,,,,,forward,False,outbound,,,4133,5400,187,2.9833333333333334,0.9273356401384083,30,179,18,coverage_intent,D19-P00/v13-history-smoke/plan-11,False
0,D19-P00,A_complex_B_simple,G,160,138,0.7921820880752103,,,,0.7694444444444445,,True,22,0,,,,,,,forward,False,outbound,,,4155,5400,165,3.8653846153846154,0.928082191780822,26,201,22,coverage_intent,D19-P00/v13-history-smoke/plan-11,False
0,D19-P00,A_complex_B_simple,G,160,139,0.7961405244928254,,,,0.7727777777777778,,True,18,0,,,,,,,forward,False,outbound,,,4173,5400,147,4.055555555555555,0.9288135593220339,27,219,18,coverage_intent,D19-P00/v13-history-smoke/plan-11,True
0,D19-P00,A_complex_B_simple,G,160,140,0.7961405244928254,,,,0.7727777777777778,,True,0,0,,,,,,,left,False,outbound,,,4173,5400,147,3.9107142857142856,0.9288135593220339,28,219,0,coverage_intent,D19-P00/v13-history-smoke/plan-12,False
0,D19-P00,A_complex_B_simple,G,160,141,0.7983671449777338,,,,0.7744444444444445,,True,9,0,,,,,,,forward,False,outbound,,,4182,5400,138,3.9310344827586206,0.9288135593220339,29,228,9,coverage_intent,D19-P00/v13-history-smoke/plan-12,False
0,D19-P00,A_complex_B_simple,G,160,142,0.8008411677387431,,,,0.7762962962962963,,True,10,0,,,,,,,forward,False,outbound,,,4192,5400,128,3.966666666666667,0.9288135593220339,30,238,10,coverage_intent,D19-P00/v13-history-smoke/plan-12,False
0,D19-P00,A_complex_B_simple,G,160,143,0.8013359722909451,,,,0.7766666666666666,,True,2,0,,,,,,,forward,False,outbound,,,4194,5400,126,4.615384615384615,0.9288135593220339,26,240,2,coverage_intent,D19-P00/v13-history-smoke/plan-12,False
0,D19-P00,A_complex_B_simple,G,160,144,0.8035625927758535,,,,0.7785185185185185,,True,10,0,,,,,,,forward,False,outbound,,,4204,5400,116,4.62962962962963,0.9288135593220339,27,250,10,coverage_intent,D19-P00/v13-history-smoke/plan-12,False
0,D19-P00,A_complex_B_simple,G,160,145,0.8038099950519545,,,,0.7787037037037037,,True,1,0,,,,,,,forward,False,outbound,,,4205,5400,115,4.482142857142857,0.9288135593220339,28,251,1,coverage_intent,D19-P00/v13-history-smoke/plan-12,False
0,D19-P00,A_complex_B_simple,G,160,146,0.8043047996041564,,,,0.779074074074074,,True,2,0,,,,,,,forward,False,outbound,,,4207,5400,113,4.362068965517241,0.9288135593220339,29,253,2,coverage_intent,D19-P00/v13-history-smoke/plan-12,False
0,D19-P00,A_complex_B_simple,G,160,147,0.8065314200890649,,,,0.7809259259259259,,True,10,0,,,,,,,forward,False,outbound,,,4217,5400,103,4.383333333333334,0.9288135593220339,30,263,10,coverage_intent,D19-P00/v13-history-smoke/plan-12,True
0,D19-P00,A_complex_B_simple,G,160,148,0.8065314200890649,,,,0.7809259259259259,,False,0,0,,,,,,,left,False,return,,,4217,5400,103,4.383333333333334,0.9288135593220339,30,263,0,return,,False
0,D19-P00,A_complex_B_simple,G,160,149,0.8065314200890649,,,,0.7809259259259259,,False,0,0,,,,,,,forward,False,return,,,4217,5400,103,4.383333333333334,0.9288135593220339,30,263,0,return,,False
0,D19-P00,A_complex_B_simple,G,160,150,0.8065314200890649,,,,0.7809259259259259,,False,0,0,,,,,,,forward,False,return,,,4217,5400,103,4.383333333333334,0.9288135593220339,30,263,0,return,,False
0,D19-P00,A_complex_B_simple,G,160,151,0.8065314200890649,,,,0.7809259259259259,,False,0,0,,,,,,,forward,False,return,,,4217,5400,103,4.383333333333334,0.9288135593220339,30,263,0,return,,False
0,D19-P00,A_complex_B_simple,G,160,152,0.8065314200890649,,,,0.7809259259259259,,False,0,0,,,,,,,forward,False,return,,,4217,5400,103,4.383333333333334,0.9288135593220339,30,263,0,return,,False
0,D19-P00,A_complex_B_simple,G,160,153,0.8065314200890649,,,,0.7809259259259259,,False,0,0,,,,,,,forward,False,return,,,4217,5400,103,4.383333333333334,0.9288135593220339,30,263,0,return,,False
0,D19-P00,A_complex_B_simple,G,160,154,0.8065314200890649,,,,0.7809259259259259,,False,0,0,,,,,,,forward,False,return,,,4217,5400,103,4.383333333333334,0.9288135593220339,30,263,0,return,,False
0,D19-P00,A_complex_B_simple,G,160,155,0.8065314200890649,,,,0.7809259259259259,,False,0,0,,,,,,,forward,False,return,,,4217,5400,103,4.383333333333334,0.9288135593220339,30,263,0,return,,False
0,D19-P00,A_complex_B_simple,G,160,156,0.8065314200890649,,,,0.7809259259259259,,False,0,0,,,,,,,forward,False,return,,,4217,5400,103,4.383333333333334,0.9288135593220339,30,263,0,return,,False
0,D19-P00,A_complex_B_simple,G,160,157,0.8065314200890649,,,,0.7809259259259259,,False,0,0,,,,,,,forward,False,return,,,4217,5400,103,4.383333333333334,0.9288135593220339,30,263,0,return,,False
0,D19-P00,A_complex_B_simple,G,160,158,0.8065314200890649,,,,0.7809259259259259,,False,0,0,,,,,,,forward,False,return,,,4217,5400,103,4.383333333333334,0.9288135593220339,30,263,0,return,,False
0,D19-P00,A_complex_B_simple,G,160,159,0.8065314200890649,,,,0.7809259259259259,,False,0,0,,,,,,,forward,False,return,,,4217,5400,103,4.383333333333334,0.9288135593220339,30,263,0,return,,False
0,D19-P00,A_complex_B_simple,G,160,160,0.8065314200890649,,,,0.7809259259259259,,False,0,0,,,,,,,left,False,return,,,4217,5400,103,4.383333333333334,0.9288135593220339,30,263,0,return,,False
1,D19-P00,A_simple_B_complex,G,160,0,0.2714002968827313,,,,0.24166666666666667,,,,,,,,,,,,,,,,1305,5400,3015,,0.5,0,0,,,,
1,D19-P00,A_simple_B_complex,G,160,1,0.27634834240475015,,,,0.2512962962962963,,True,52,0,,,,,,,forward,False,outbound,,,1357,5400,2963,26.0,0.9230769230769231,1,52,52,coverage_intent,D19-P00/v13-history-smoke/plan-1,False
1,D19-P00,A_simple_B_complex,G,160,2,0.28154379020286985,,,,0.2577777777777778,,True,35,0,,,,,,,forward,False,outbound,,,1392,5400,2928,21.75,0.9523809523809523,2,87,35,coverage_intent,D19-P00/v13-history-smoke/plan-1,False
1,D19-P00,A_simple_B_complex,G,160,3,0.28624443344878775,,,,0.2637037037037037,,True,32,0,,,,,,,forward,False,outbound,,,1424,5400,2896,19.833333333333332,0.9642857142857143,3,119,32,coverage_intent,D19-P00/v13-history-smoke/plan-1,False
1,D19-P00,A_simple_B_complex,G,160,4,0.2904502721425037,,,,0.2683333333333333,,True,25,0,,,,,,,forward,False,outbound,,,1449,5400,2871,18.0,0.9696969696969697,4,144,25,coverage_intent,D19-P00/v13-history-smoke/plan-1,False
1,D19-P00,A_simple_B_complex,G,160,5,0.29440870856011875,,,,0.2733333333333333,,True,27,0,,,,,,,forward,False,outbound,,,1476,5400,2844,17.1,0.9736842105263158,5,171,27,coverage_intent,D19-P00/v13-history-smoke/plan-1,False
1,D19-P00,A_simple_B_complex,G,160,6,0.2983671449777338,,,,0.2775925925925926,,True,23,0,,,,,,,forward,False,outbound,,,1499,5400,2821,16.166666666666668,0.9761904761904762,6,194,23,coverage_intent,D19-P00/v13-history-smoke/plan-1,False
1,D19-P00,A_simple_B_complex,G,160,7,0.30282038594755073,,,,0.2824074074074074,,True,26,0,,,,,,,forward,False,outbound,,,1525,5400,2795,15.714285714285714,0.9761904761904762,7,220,26,coverage_intent,D19-P00/v13-history-smoke/plan-1,False
1,D19-P00,A_simple_B_complex,G,160,8,0.30282038594755073,,,,0.2866666666666667,,True,23,0,,,,,,,right,False,outbound,,,1548,5400,2772,15.1875,0.9761904761904762,8,243,23,coverage_intent,D19-P00/v13-history-smoke/plan-1,False
1,D19-P00,A_simple_B_complex,G,160,9,0.30578921326076197,,,,0.2898148148148148,,True,17,0,,,,,,,forward,False,outbound,,,1565,5400,2755,14.444444444444445,0.7049180327868853,9,260,17,coverage_intent,D19-P00/v13-history-smoke/plan-1,False
1,D19-P00,A_simple_B_complex,G,160,10,0.3090054428500742,,,,0.29259259259259257,,True,15,0,,,,,,,forward,False,outbound,,,1580,5400,2740,13.75,0.7230769230769231,10,275,15,coverage_intent,D19-P00/v13-history-smoke/plan-1,False
1,D19-P00,A_simple_B_complex,G,160,11,0.3090054428500742,,,,0.29259259259259257,,True,0,0,,,,,,,left,False,outbound,,,1580,5400,2740,12.5,0.7230769230769231,11,275,0,coverage_intent,D19-P00/v13-history-smoke/plan-1,False
1,D19-P00,A_simple_B_complex,G,160,12,0.31147946561108364,,,,0.29444444444444445,,True,10,0,,,,,,,forward,False,outbound,,,1590,5400,2730,11.875,0.7352941176470589,12,285,10,coverage_intent,D19-P00/v13-history-smoke/plan-1,False
1,D19-P00,A_simple_B_complex,G,160,13,0.31469569520039586,,,,0.29685185185185187,,True,13,0,,,,,,,forward,False,outbound,,,1603,5400,2717,11.461538461538462,0.7464788732394366,13,298,13,coverage_intent,D19-P00/v13-history-smoke/plan-1,False
1,D19-P00,A_simple_B_complex,G,160,14,0.3174171202375062,,,,0.29888888888888887,,True,11,0,,,,,,,forward,False,outbound,,,1614,5400,2706,11.035714285714286,0.76,14,309,11,coverage_intent,D19-P00/v13-history-smoke/plan-1,False
1,D19-P00,A_simple_B_complex,G,160,15,0.32088075210291933,,,,0.30148148148148146,,True,14,0,,,,,,,forward,False,outbound,,,1628,5400,2692,10.766666666666667,0.7721518987341772,15,323,14,coverage_intent,D19-P00/v13-history-smoke/plan-1,False
1,D19-P00,A_simple_B_complex,G,160,16,0.32384957941613063,,,,0.3037037037037037,,True,12,0,,,,,,,forward,False,outbound,,,1640,5400,2680,10.46875,0.7831325301204819,16,335,12,coverage_intent,D19-P00/v13-history-smoke/plan-1,False
1,D19-P00,A_simple_B_complex,G,160,17,0.3285502226620485,,,,0.30722222222222223,,True,19,0,,,,,,,forward,False,outbound,,,1659,5400,2661,10.411764705882353,0.7954545454545454,17,354,19,coverage_intent,D19-P00/v13-history-smoke/plan-1,False
1,D19-P00,A_simple_B_complex,G,160,18,0.33547748639287484,,,,0.31277777777777777,,True,30,0,,,,,,,forward,False,outbound,,,1689,5400,2631,10.666666666666666,0.8064516129032258,18,384,30,coverage_intent,D19-P00/v13-history-smoke/plan-1,False
1,D19-P00,A_simple_B_complex,G,160,19,0.34116773874319645,,,,0.3174074074074074,,True,25,0,,,,,,,forward,False,outbound,,,1714,5400,2606,10.763157894736842,0.8181818181818182,19,409,25,coverage_intent,D19-P00/v13-history-smoke/plan-1,False
1,D19-P00,A_simple_B_complex,G,160,20,0.3488372093023256,,,,0.3238888888888889,,True,35,0,,,,,,,forward,False,outbound,,,1749,5400,2571,11.1,0.8285714285714286,20,444,35,coverage_intent,D19-P00/v13-history-smoke/plan-1,False
1,D19-P00,A_simple_B_complex,G,160,21,0.3570014844136566,,,,0.3335185185185185,,True,52,0,,,,,,,forward,False,outbound,,,1801,5400,2519,11.80952380952381,0.8378378378378378,21,496,52,coverage_intent,D19-P00/v13-history-smoke/plan-1,False
1,D19-P00,A_simple_B_complex,G,160,22,0.3624443344878773,,,,0.33870370370370373,,True,28,0,,,,,,,forward,False,outbound,,,1829,5400,2491,11.909090909090908,0.847457627118644,22,524,28,coverage_intent,D19-P00/v13-history-smoke/plan-1,False
1,D19-P00,A_simple_B_complex,G,160,23,0.36961900049480456,,,,0.34574074074074074,,True,38,0,,,,,,,forward,False,outbound,,,1867,5400,2453,12.217391304347826,0.8571428571428571,23,562,38,coverage_intent,D19-P00/v13-history-smoke/plan-1,False
1,D19-P00,A_simple_B_complex,G,160,24,0.37753587333003463,,,,0.3524074074074074,,True,36,0,,,,,,,forward,False,outbound,,,1903,5400,2417,12.458333333333334,0.8656716417910447,24,598,36,coverage_intent,D19-P00/v13-history-smoke/plan-1,False
1,D19-P00,A_simple_B_complex,G,160,25,0.3869371598218704,,,,0.3605555555555556,,True,44,0,,,,,,,forward,False,outbound,,,1947,5400,2373,12.84,0.8051948051948052,25,642,44,coverage_intent,D19-P00/v13-history-smoke/plan-1,False
1,D19-P00,A_simple_B_complex,G,160,26,0.3941118258287976,,,,0.3674074074074074,,True,37,0,,,,,,,forward,False,outbound,,,1984,5400,2336,13.057692307692308,0.8136645962732919,26,679,37,coverage_intent,D19-P00/v13-history-smoke/plan-1,False
1,D19-P00,A_simple_B_complex,G,160,27,0.4037605145967343,,,,0.37592592592592594,,True,46,0,,,,,,,forward,False,outbound,,,2030,5400,2290,13.425925925925926,0.8224852071005917,27,725,46,coverage_intent,D19-P00/v13-history-smoke/plan-1,False
1,D19-P00,A_simple_B_complex,G,160,28,0.4124195942602672,,,,0.38296296296296295,,True,38,0,,,,,,,forward,False,outbound,,,2068,5400,2252,13.625,0.8295454545454546,28,763,38,coverage_intent,D19-P00/v13-history-smoke/plan-1,True
1,D19-P00,A_simple_B_complex,G,160,29,0.42206828302820387,,,,0.39111111111111113,,True,44,0,,,,,,,forward,False,outbound,,,2112,5400,2208,13.913793103448276,0.8369565217391305,29,807,44,coverage_intent,D19-P00/v13-history-smoke/plan-2,False
1,D19-P00,A_simple_B_complex,G,160,30,0.43295398317664524,,,,0.4,,True,48,0,,,,,,,forward,False,outbound,,,2160,5400,2160,14.25,0.845360824742268,30,855,48,coverage_intent,D19-P00/v13-history-smoke/plan-2,False
1,D19-P00,A_simple_B_complex,G,160,31,0.4396338446313706,,,,0.40703703703703703,,True,38,0,,,,,,,forward,False,outbound,,,2198,5400,2122,13.884615384615385,0.8529411764705882,26,722,38,coverage_intent,D19-P00/v13-history-smoke/plan-2,False
1,D19-P00,A_simple_B_complex,G,160,32,0.4517565561603167,,,,0.4274074074074074,,True,110,0,,,,,,,forward,False,outbound,,,2308,5400,2012,15.407407407407407,0.8611111111111112,27,832,110,coverage_intent,D19-P00/v13-history-smoke/plan-2,False
1,D19-P00,A_simple_B_complex,G,160,33,0.46387926768926274,,,,0.44037037037037036,,True,70,0,,,,,,,forward,False,outbound,,,2378,5400,1942,16.107142857142858,0.863013698630137,28,902,70,coverage_intent,D19-P00/v13-history-smoke/plan-2,False
1,D19-P00,A_simple_B_complex,G,160,34,0.48515586343394357,,,,0.4583333333333333,,True,97,0,,,,,,,forward,False,outbound,,,2475,5400,1845,17.224137931034484,0.8642533936651584,29,999,97,coverage_intent,D19-P00/v13-history-smoke/plan-2,False
1,D19-P00,A_simple_B_complex,G,160,35,0.5069272637308263,,,,0.47759259259259257,,True,104,0,,,,,,,forward,False,outbound,,,2579,5400,1741,18.383333333333333,0.8672566371681416,30,1103,104,coverage_intent,D19-P00/v13-history-smoke/plan-2,False
1,D19-P00,A_simple_B_complex,G,160,36,0.5343889163780307,,,,0.5009259259259259,,True,126,0,,,,,,,forward,False,outbound,,,2705,5400,1615,21.634615384615383,0.871244635193133,26,1125,126,coverage_intent,D19-P00/v13-history-smoke/plan-2,False
1,D19-P00,A_simple_B_complex,G,160,37,0.5497278574962889,,,,0.5157407407407407,,True,80,0,,,,,,,forward,False,outbound,,,2785,5400,1535,22.314814814814813,0.8728813559322034,27,1205,80,coverage_intent,D19-P00/v13-history-smoke/plan-2,True
1,D19-P00,A_simple_B_complex,G,160,38,0.5497278574962889,,,,0.5181481481481481,,False,13,0,,,,,,,left,False,outbound,,,2798,5400,1522,22.314814814814813,0.8728813559322034,27,1205,13,quality_intent,D19-P00/v13-history-smoke/plan-3,False
1,D19-P00,A_simple_B_complex,G,160,39,0.5497278574962889,,,,0.5181481481481481,,False,0,0,,,,,,,left,False,outbound,,,2798,5400,1522,22.314814814814813,0.8728813559322034,27,1205,0,quality_intent,D19-P00/v13-history-smoke/plan-3,True
1,D19-P00,A_simple_B_complex,G,160,40,0.5497278574962889,,,,0.5198148148148148,,False,9,0,,,,,,,left,False,outbound,,,2807,5400,1513,22.314814814814813,0.8728813559322034,27,1205,9,quality_intent,D19-P00/v13-history-smoke/plan-4,False
1,D19-P00,A_simple_B_complex,G,160,41,0.5497278574962889,,,,0.5198148148148148,,False,0,0,,,,,,,left,False,outbound,,,2807,5400,1513,22.314814814814813,0.8728813559322034,27,1205,0,quality_intent,D19-P00/v13-history-smoke/plan-4,True
1,D19-P00,A_simple_B_complex,G,160,42,0.5524492825333993,,,,0.5238888888888888,,True,22,0,,,,,,,forward,False,outbound,,,2829,5400,1491,25.630434782608695,0.8744769874476988,23,1179,22,coverage_intent,D19-P00/v13-history-smoke/plan-5,False
1,D19-P00,A_simple_B_complex,G,160,43,0.5524492825333993,,,,0.5246296296296297,,True,4,0,,,,,,,left,False,outbound,,,2833,5400,1487,24.645833333333332,0.8744769874476988,24,1183,4,coverage_intent,D19-P00/v13-history-smoke/plan-5,False
1,D19-P00,A_simple_B_complex,G,160,44,0.5559129143988125,,,,0.5309259259259259,,True,34,0,,,,,,,forward,False,outbound,,,2867,5400,1453,24.34,0.8770491803278688,25,1217,34,coverage_intent,D19-P00/v13-history-smoke/plan-5,False
1,D19-P00,A_simple_B_complex,G,160,45,0.5588817417120238,,,,0.5361111111111111,,True,28,0,,,,,,,forward,False,outbound,,,2895,5400,1425,23.942307692307693,0.8795180722891566,26,1245,28,coverage_intent,D19-P00/v13-history-smoke/plan-5,True
1,D19-P00,A_simple_B_complex,G,160,46,0.561850569025235,,,,0.5433333333333333,,True,39,0,,,,,,,forward,False,outbound,,,2934,5400,1386,23.77777777777778,0.8818897637795275,27,1284,39,coverage_intent,D19-P00/v13-history-smoke/plan-6,False
1,D19-P00,A_simple_B_complex,G,160,47,0.5645719940623454,,,,0.5464814814814815,,True,17,0,,,,,,,forward,False,outbound,,,2951,5400,1369,25.652173913043477,0.8837209302325582,23,1180,17,coverage_intent,D19-P00/v13-history-smoke/plan-6,True
1,D19-P00,A_simple_B_complex,G,160,48,0.5645719940623454,,,,0.5464814814814815,,False,0,0,,,,,,,left,False,outbound,,,2951,5400,1369,25.652173913043477,0.8837209302325582,23,1180,0,quality_intent,D19-P00/v13-history-smoke/plan-7,True
1,D19-P00,A_simple_B_complex,G,160,49,0.5645719940623454,,,,0.5466666666666666,,False,1,0,,,,,,,left,False,outbound,,,2952,5400,1368,25.652173913043477,0.8837209302325582,23,1180,1,quality_intent,D19-P00/v13-history-smoke/plan-8,False
1,D19-P00,A_simple_B_complex,G,160,50,0.5645719940623454,,,,0.5466666666666666,,False,0,0,,,,,,,left,False,outbound,,,2952,5400,1368,25.652173913043477,0.8837209302325582,23,1180,0,quality_intent,D19-P00/v13-history-smoke/plan-8,True
1,D19-P00,A_simple_B_complex,G,160,51,0.5645719940623454,,,,0.5466666666666666,,False,0,0,,,,,,,left,False,outbound,,,2952,5400,1368,25.652173913043477,0.8837209302325582,23,1180,0,quality_intent,D19-P00/v13-history-smoke/plan-9,False
1,D19-P00,A_simple_B_complex,G,160,52,0.5645719940623454,,,,0.5466666666666666,,False,0,0,,,,,,,left,False,outbound,,,2952,5400,1368,25.652173913043477,0.8837209302325582,23,1180,0,quality_intent,D19-P00/v13-history-smoke/plan-9,True
1,D19-P00,A_simple_B_complex,G,160,53,0.5645719940623454,,,,0.5466666666666666,,False,0,0,,,,,,,left,False,outbound,,,2952,5400,1368,25.652173913043477,0.8837209302325582,23,1180,0,quality_intent,D19-P00/v13-history-smoke/plan-10,False
1,D19-P00,A_simple_B_complex,G,160,54,0.5645719940623454,,,,0.5466666666666666,,False,0,0,,,,,,,left,False,outbound,,,2952,5400,1368,25.652173913043477,0.8837209302325582,23,1180,0,quality_intent,D19-P00/v13-history-smoke/plan-10,True
1,D19-P00,A_simple_B_complex,G,160,55,0.5645719940623454,,,,0.5466666666666666,,False,0,0,,,,,,,left,False,outbound,,,2952,5400,1368,25.652173913043477,0.8837209302325582,23,1180,0,quality_intent,D19-P00/v13-history-smoke/plan-11,False
1,D19-P00,A_simple_B_complex,G,160,56,0.5645719940623454,,,,0.5466666666666666,,False,0,0,,,,,,,left,False,outbound,,,2952,5400,1368,25.652173913043477,0.8837209302325582,23,1180,0,quality_intent,D19-P00/v13-history-smoke/plan-11,True
1,D19-P00,A_simple_B_complex,G,160,57,0.5645719940623454,,,,0.5468518518518518,,False,1,0,,,,,,,left,False,outbound,,,2953,5400,1367,25.652173913043477,0.8837209302325582,23,1180,1,quality_intent,D19-P00/v13-history-smoke/plan-12,False
1,D19-P00,A_simple_B_complex,G,160,58,0.5645719940623454,,,,0.5468518518518518,,False,0,0,,,,,,,left,False,outbound,,,2953,5400,1367,25.652173913043477,0.8837209302325582,23,1180,0,quality_intent,D19-P00/v13-history-smoke/plan-12,True
1,D19-P00,A_simple_B_complex,G,160,59,0.5645719940623454,,,,0.547037037037037,,True,1,0,,,,,,,left,False,outbound,,,2954,5400,1366,25.86842105263158,0.8837209302325582,19,983,1,coverage_intent,D19-P00/v13-history-smoke/plan-13,False
1,D19-P00,A_simple_B_complex,G,160,60,0.5677882236516576,,,,0.5507407407407408,,True,20,0,,,,,,,forward,False,outbound,,,2974,5400,1346,25.075,0.8854961832061069,20,1003,20,coverage_intent,D19-P00/v13-history-smoke/plan-13,False
1,D19-P00,A_simple_B_complex,G,160,61,0.5707570509648688,,,,0.5542592592592592,,True,19,0,,,,,,,forward,False,outbound,,,2993,5400,1327,24.333333333333332,0.8867924528301887,21,1022,19,coverage_intent,D19-P00/v13-history-smoke/plan-13,False
1,D19-P00,A_simple_B_complex,G,160,62,0.5737258782780802,,,,0.5568518518518518,,True,14,0,,,,,,,forward,False,outbound,,,3007,5400,1313,23.545454545454547,0.8880597014925373,22,1036,14,coverage_intent,D19-P00/v13-history-smoke/plan-13,False
1,D19-P00,A_simple_B_complex,G,160,63,0.5769421078673924,,,,0.5592592592592592,,True,13,0,,,,,,,forward,False,outbound,,,3020,5400,1300,22.804347826086957,0.8897058823529411,23,1049,13,coverage_intent,D19-P00/v13-history-smoke/plan-13,False
1,D19-P00,A_simple_B_complex,G,160,64,0.5801583374567046,,,,0.562037037037037,,True,15,0,,,,,,,forward,False,outbound,,,3035,5400,1285,22.394736842105264,0.8913043478260869,19,851,15,coverage_intent,D19-P00/v13-history-smoke/plan-13,False
1,D19-P00,A_simple_B_complex,G,160,65,0.5836219693221177,,,,0.5646296296296296,,True,14,0,,,,,,,forward,False,outbound,,,3049,5400,1271,21.625,0.8928571428571429,20,865,14,coverage_intent,D19-P00/v13-history-smoke/plan-13,False
1,D19-P00,A_simple_B_complex,G,160,66,0.58683819891143,,,,0.567037037037037,,True,13,0,,,,,,,forward,False,outbound,,,3062,5400,1258,20.904761904761905,0.8943661971830986,21,878,13,coverage_intent,D19-P00/v13-history-smoke/plan-13,False
1,D19-P00,A_simple_B_complex,G,160,67,0.591044037605146,,,,0.5703703703703704,,True,18,0,,,,,,,forward,False,outbound,,,3080,5400,1240,20.363636363636363,0.8958333333333334,22,896,18,coverage_intent,D19-P00/v13-history-smoke/plan-13,False
1,D19-P00,A_simple_B_complex,G,160,68,0.5945076694705591,,,,0.5731481481481482,,True,15,0,,,,,,,forward,False,outbound,,,3095,5400,1225,19.804347826086957,0.8972602739726028,23,911,15,coverage_intent,D19-P00/v13-history-smoke/plan-13,False
1,D19-P00,A_simple_B_complex,G,160,69,0.5984661058881742,,,,0.5761111111111111,,True,16,0,,,,,,,forward,False,outbound,,,3111,5400,1209,13.368421052631579,0.898989898989899,19,508,16,coverage_intent,D19-P00/v13-history-smoke/plan-13,False
1,D19-P00,A_simple_B_complex,G,160,70,0.6044037605145968,,,,0.5807407407407408,,True,25,0,,,,,,,forward,False,outbound,,,3136,5400,1184,13.325,0.9006622516556292,20,533,25,coverage_intent,D19-P00/v13-history-smoke/plan-13,False
1,D19-P00,A_simple_B_complex,G,160,71,0.6115784265215239,,,,0.5861111111111111,,True,29,0,,,,,,,forward,False,outbound,,,3165,5400,1155,13.380952380952381,0.9022801302931596,21,562,29,coverage_intent,D19-P00/v13-history-smoke/plan-13,False
1,D19-P00,A_simple_B_complex,G,160,72,0.6162790697674418,,,,0.5896296296296296,,True,19,0,,,,,,,forward,False,outbound,,,3184,5400,1136,13.204545454545455,0.9041533546325878,22,581,19,coverage_intent,D19-P00/v13-history-smoke/plan-13,False
1,D19-P00,A_simple_B_complex,G,160,73,0.6227115289460663,,,,0.5944444444444444,,True,26,0,,,,,,,forward,False,outbound,,,3210,5400,1110,13.195652173913043,0.9059561128526645,23,607,26,coverage_intent,D19-P00/v13-history-smoke/plan-13,False
1,D19-P00,A_simple_B_complex,G,160,74,0.6308758040573973,,,,0.6005555555555555,,True,33,0,,,,,,,forward,False,outbound,,,3243,5400,1077,9.863636363636363,0.9076923076923077,22,434,33,coverage_intent,D19-P00/v13-history-smoke/plan-13,False
1,D19-P00,A_simple_B_complex,G,160,75,0.6395348837209303,,,,0.6074074074074074,,True,37,0,,,,,,,forward,False,outbound,,,3280,5400,1040,10.23913043478261,0.9096385542168675,23,471,37,coverage_intent,D19-P00/v13-history-smoke/plan-13,False
1,D19-P00,A_simple_B_complex,G,160,76,0.6474517565561603,,,,0.6166666666666667,,True,50,0,,,,,,,forward,False,outbound,,,3330,5400,990,10.854166666666666,0.9120234604105572,24,521,50,coverage_intent,D19-P00/v13-history-smoke/plan-13,False
1,D19-P00,A_simple_B_complex,G,160,77,0.6533894111825829,,,,0.6333333333333333,,True,90,0,,,,,,,forward,False,outbound,,,3420,5400,900,12.22,0.9147727272727273,25,611,90,coverage_intent,D19-P00/v13-history-smoke/plan-13,False
1,D19-P00,A_simple_B_complex,G,160,78,0.6583374567046016,,,,0.6381481481481481,,True,26,0,,,,,,,forward,False,outbound,,,3446,5400,874,12.25,0.9157303370786517,26,637,26,coverage_intent,D19-P00/v13-history-smoke/plan-13,False
1,D19-P00,A_simple_B_complex,G,160,79,0.6647699158832261,,,,0.6453703703703704,,True,39,0,,,,,,,forward,False,outbound,,,3485,5400,835,12.477272727272727,0.9162011173184358,22,549,39,coverage_intent,D19-P00/v13-history-smoke/plan-13,False
1,D19-P00,A_simple_B_complex,G,160,80,0.6749134092033646,,,,0.6559259259259259,,True,57,0,,,,,,,forward,False,outbound,,,3542,5400,778,13.173913043478262,0.9166666666666666,23,606,57,coverage_intent,D19-P00/v13-history-smoke/plan-13,False
1,D19-P00,A_simple_B_complex,G,160,81,0.6909945571499257,,,,0.6735185185185185,,True,95,0,,,,,,,forward,False,outbound,,,3637,5400,683,14.604166666666666,0.9166666666666666,24,701,95,coverage_intent,D19-P00/v13-history-smoke/plan-13,False
1,D19-P00,A_simple_B_complex,G,160,82,0.6949529935675408,,,,0.6775925925925926,,True,22,0,,,,,,,forward,False,outbound,,,3659,5400,661,14.46,0.9166666666666666,25,723,22,coverage_intent,D19-P00/v13-history-smoke/plan-13,False
1,D19-P00,A_simple_B_complex,G,160,83,0.6959426026719446,,,,0.6788888888888889,,True,7,0,,,,,,,forward,False,outbound,,,3666,5400,654,14.038461538461538,0.9166666666666666,26,730,7,coverage_intent,D19-P00/v13-history-smoke/plan-13,True
1,D19-P00,A_simple_B_complex,G,160,84,0.6959426026719446,,,,0.6788888888888889,,True,0,0,,,,,,,left,False,outbound,,,3666,5400,654,13.711538461538462,0.9166666666666666,26,713,0,coverage_intent,D19-P00/v13-history-smoke/plan-14,False
1,D19-P00,A_simple_B_complex,G,160,85,0.6959426026719446,,,,0.6788888888888889,,True,0,0,,,,,,,left,False,outbound,,,3666,5400,654,13.203703703703704,0.9166666666666666,27,713,0,coverage_intent,D19-P00/v13-history-smoke/plan-14,False
1,D19-P00,A_simple_B_complex,G,160,86,0.6959426026719446,,,,0.6788888888888889,,True,0,0,,,,,,,forward,False,outbound,,,3666,5400,654,12.732142857142858,0.9166666666666666,28,713,0,coverage_intent,D19-P00/v13-history-smoke/plan-14,False
1,D19-P00,A_simple_B_complex,G,160,87,0.6959426026719446,,,,0.6788888888888889,,True,0,0,,,,,,,forward,False,outbound,,,3666,5400,654,12.293103448275861,0.9166666666666666,29,713,0,coverage_intent,D19-P00/v13-history-smoke/plan-14,False
1,D19-P00,A_simple_B_complex,G,160,88,0.6959426026719446,,,,0.6788888888888889,,True,0,0,,,,,,,forward,False,outbound,,,3666,5400,654,11.883333333333333,0.9166666666666666,30,713,0,coverage_intent,D19-P00/v13-history-smoke/plan-14,False
1,D19-P00,A_simple_B_complex,G,160,89,0.6959426026719446,,,,0.6788888888888889,,True,0,0,,,,,,,forward,False,outbound,,,3666,5400,654,12.423076923076923,0.9166666666666666,26,646,0,coverage_intent,D19-P00/v13-history-smoke/plan-14,False
1,D19-P00,A_simple_B_complex,G,160,90,0.6959426026719446,,,,0.6788888888888889,,True,0,0,,,,,,,forward,False,outbound,,,3666,5400,654,11.962962962962964,0.9166666666666666,27,646,0,coverage_intent,D19-P00/v13-history-smoke/plan-14,False
1,D19-P00,A_simple_B_complex,G,160,91,0.6959426026719446,,,,0.6788888888888889,,True,0,0,,,,,,,forward,False,outbound,,,3666,5400,654,11.535714285714286,0.9166666666666666,28,646,0,coverage_intent,D19-P00/v13-history-smoke/plan-14,False
1,D19-P00,A_simple_B_complex,G,160,92,0.6959426026719446,,,,0.6788888888888889,,True,0,0,,,,,,,right,False,outbound,,,3666,5400,654,11.137931034482758,0.9166666666666666,29,646,0,coverage_intent,D19-P00/v13-history-smoke/plan-14,False
1,D19-P00,A_simple_B_complex,G,160,93,0.6959426026719446,,,,0.6788888888888889,,True,0,0,,,,,,,forward,False,outbound,,,3666,5400,654,10.766666666666667,0.9166666666666666,30,646,0,coverage_intent,D19-P00/v13-history-smoke/plan-14,False
1,D19-P00,A_simple_B_complex,G,160,94,0.6959426026719446,,,,0.6788888888888889,,True,0,0,,,,,,,forward,False,outbound,,,3666,5400,654,10.98076923076923,0.9166666666666666,26,571,0,coverage_intent,D19-P00/v13-history-smoke/plan-14,False
1,D19-P00,A_simple_B_complex,G,160,95,0.6959426026719446,,,,0.6788888888888889,,True,0,0,,,,,,,forward,False,outbound,,,3666,5400,654,10.574074074074074,0.9166666666666666,27,571,0,coverage_intent,D19-P00/v13-history-smoke/plan-14,False
1,D19-P00,A_simple_B_complex,G,160,96,0.6959426026719446,,,,0.6788888888888889,,True,0,0,,,,,,,forward,False,outbound,,,3666,5400,654,10.196428571428571,0.9166666666666666,28,571,0,coverage_intent,D19-P00/v13-history-smoke/plan-14,False
1,D19-P00,A_simple_B_complex,G,160,97,0.6959426026719446,,,,0.6788888888888889,,True,0,0,,,,,,,forward,False,outbound,,,3666,5400,654,9.844827586206897,0.9166666666666666,29,571,0,coverage_intent,D19-P00/v13-history-smoke/plan-14,False
1,D19-P00,A_simple_B_complex,G,160,98,0.6959426026719446,,,,0.6788888888888889,,True,0,0,,,,,,,forward,False,outbound,,,3666,5400,654,9.516666666666667,0.9166666666666666,30,571,0,coverage_intent,D19-P00/v13-history-smoke/plan-14,False
1,D19-P00,A_simple_B_complex,G,160,99,0.6959426026719446,,,,0.6788888888888889,,True,0,0,,,,,,,forward,False,outbound,,,3666,5400,654,8.76923076923077,0.9166666666666666,26,456,0,coverage_intent,D19-P00/v13-history-smoke/plan-14,False
1,D19-P00,A_simple_B_complex,G,160,100,0.6959426026719446,,,,0.6788888888888889,,True,0,0,,,,,,,forward,False,outbound,,,3666,5400,654,8.444444444444445,0.9166666666666666,27,456,0,coverage_intent,D19-P00/v13-history-smoke/plan-14,False
1,D19-P00,A_simple_B_complex,G,160,101,0.6959426026719446,,,,0.6788888888888889,,True,0,0,,,,,,,forward,False,outbound,,,3666,5400,654,8.142857142857142,0.9166666666666666,28,456,0,coverage_intent,D19-P00/v13-history-smoke/plan-14,False
1,D19-P00,A_simple_B_complex,G,160,102,0.6959426026719446,,,,0.6788888888888889,,True,0,0,,,,,,,forward,False,outbound,,,3666,5400,654,7.862068965517241,0.9166666666666666,29,456,0,coverage_intent,D19-P00/v13-history-smoke/plan-14,False
1,D19-P00,A_simple_B_complex,G,160,103,0.6959426026719446,,,,0.6788888888888889,,True,0,0,,,,,,,forward,False,outbound,,,3666,5400,654,7.6,0.9166666666666666,30,456,0,coverage_intent,D19-P00/v13-history-smoke/plan-14,False
1,D19-P00,A_simple_B_complex,G,160,104,0.6959426026719446,,,,0.6788888888888889,,True,0,0,,,,,,,forward,False,outbound,,,3666,5400,654,4.230769230769231,0.9166666666666666,26,220,0,coverage_intent,D19-P00/v13-history-smoke/plan-14,False
1,D19-P00,A_simple_B_complex,G,160,105,0.6966848095002474,,,,0.6794444444444444,,True,3,0,,,,,,,forward,False,outbound,,,3669,5400,651,4.12962962962963,0.9166666666666666,27,223,3,coverage_intent,D19-P00/v13-history-smoke/plan-14,False
1,D19-P00,A_simple_B_complex,G,160,106,0.6969322117763483,,,,0.6796296296296296,,True,1,0,,,,,,,forward,False,outbound,,,3670,5400,650,4.0,0.9166666666666666,28,224,1,coverage_intent,D19-P00/v13-history-smoke/plan-14,False
1,D19-P00,A_simple_B_complex,G,160,107,0.6976744186046512,,,,0.6814814814814815,,True,10,0,,,,,,,forward,False,outbound,,,3680,5400,640,4.0344827586206895,0.9168975069252078,29,234,10,coverage_intent,D19-P00/v13-history-smoke/plan-14,False
1,D19-P00,A_simple_B_complex,G,160,108,0.6989114299851559,,,,0.6827777777777778,,True,7,0,,,,,,,forward,False,outbound,,,3687,5400,633,4.016666666666667,0.9168975069252078,30,241,7,coverage_intent,D19-P00/v13-history-smoke/plan-14,False
1,D19-P00,A_simple_B_complex,G,160,109,0.6989114299851559,,,,0.6831481481481482,,True,2,0,,,,,,,forward,False,outbound,,,3689,5400,631,0.4423076923076923,0.9168975069252078,26,23,2,coverage_intent,D19-P00/v13-history-smoke/plan-14,False
1,D19-P00,A_simple_B_complex,G,160,110,0.7021276595744681,,,,0.6857407407407408,,True,14,0,,,,,,,forward,False,outbound,,,3703,5400,617,0.6851851851851852,0.9168975069252078,27,37,14,coverage_intent,D19-P00/v13-history-smoke/plan-14,False
1,D19-P00,A_simple_B_complex,G,160,111,0.7041068777832756,,,,0.6877777777777778,,True,11,0,,,,,,,forward,False,outbound,,,3714,5400,606,0.8571428571428571,0.9168975069252078,28,48,11,coverage_intent,D19-P00/v13-history-smoke/plan-14,False
1,D19-P00,A_simple_B_complex,G,160,112,0.7046016823354775,,,,0.6885185185185185,,True,4,0,,,,,,,forward,False,outbound,,,3718,5400,602,0.896551724137931,0.9168975069252078,29,52,4,coverage_intent,D19-P00/v13-history-smoke/plan-14,False
1,D19-P00,A_simple_B_complex,G,160,113,0.7110341415141019,,,,0.6948148148148148,,True,34,0,,,,,,,forward,False,outbound,,,3752,5400,568,1.4333333333333333,0.9168975069252078,30,86,34,coverage_intent,D19-P00/v13-history-smoke/plan-14,False
1,D19-P00,A_simple_B_complex,G,160,114,0.7196932211776348,,,,0.702037037037037,,True,39,0,,,,,,,forward,False,outbound,,,3791,5400,529,2.4038461538461537,0.9168975069252078,26,125,39,coverage_intent,D19-P00/v13-history-smoke/plan-14,False
1,D19-P00,A_simple_B_complex,G,160,115,0.7310737258782781,,,,0.7107407407407408,,True,47,0,,,,,,,forward,False,outbound,,,3838,5400,482,3.185185185185185,0.9168975069252078,27,172,47,coverage_intent,D19-P00/v13-history-smoke/plan-14,False
1,D19-P00,A_simple_B_complex,G,160,116,0.7498762988619495,,,,0.725925925925926,,True,82,0,,,,,,,forward,False,outbound,,,3920,5400,400,4.535714285714286,0.9146005509641874,28,254,82,coverage_intent,D19-P00/v13-history-smoke/plan-14,False
1,D19-P00,A_simple_B_complex,G,160,117,0.7622464126669966,,,,0.7377777777777778,,True,64,0,,,,,,,forward,False,outbound,,,3984,5400,336,5.482758620689655,0.9123287671232877,29,318,64,coverage_intent,D19-P00/v13-history-smoke/plan-14,False
1,D19-P00,A_simple_B_complex,G,160,118,0.7728847105393369,,,,0.7468518518518519,,True,49,0,,,,,,,forward,False,outbound,,,4033,5400,287,6.116666666666666,0.9123287671232877,30,367,49,coverage_intent,D19-P00/v13-history-smoke/plan-14,False
1,D19-P00,A_simple_B_complex,G,160,119,0.7800593765462642,,,,0.7533333333333333,,True,35,0,,,,,,,forward,False,outbound,,,4068,5400,252,7.730769230769231,0.9123287671232877,26,402,35,coverage_intent,D19-P00/v13-history-smoke/plan-14,False
1,D19-P00,A_simple_B_complex,G,160,120,0.7803067788223652,,,,0.7581481481481481,,True,26,0,,,,,,,right,False,outbound,,,4094,5400,226,7.925925925925926,0.9123287671232877,27,428,26,coverage_intent,D19-P00/v13-history-smoke/plan-14,False
1,D19-P00,A_simple_B_complex,G,160,121,0.7835230084116774,,,,0.762962962962963,,True,26,0,,,,,,,forward,False,outbound,,,4120,5400,200,8.107142857142858,0.9123287671232877,28,454,26,coverage_intent,D19-P00/v13-history-smoke/plan-14,False
1,D19-P00,A_simple_B_complex,G,160,122,0.7855022266204849,,,,0.7655555555555555,,True,14,0,,,,,,,forward,False,outbound,,,4134,5400,186,8.068965517241379,0.9123287671232877,29,468,14,coverage_intent,D19-P00/v13-history-smoke/plan-14,False
1,D19-P00,A_simple_B_complex,G,160,123,0.7855022266204849,,,,0.7659259259259259,,True,2,0,,,,,,,forward,False,outbound,,,4136,5400,184,7.833333333333333,0.9123287671232877,30,470,2,coverage_intent,D19-P00/v13-history-smoke/plan-14,True
1,D19-P00,A_simple_B_complex,G,160,124,0.7855022266204849,,,,0.7659259259259259,,False,0,0,,,,,,,left,False,return,,,4136,5400,184,7.833333333333333,0.9123287671232877,30,470,0,return,,False
1,D19-P00,A_simple_B_complex,G,160,125,0.7855022266204849,,,,0.7659259259259259,,False,0,0,,,,,,,forward,False,return,,,4136,5400,184,7.833333333333333,0.9123287671232877,30,470,0,return,,False
1,D19-P00,A_simple_B_complex,G,160,126,0.7855022266204849,,,,0.7659259259259259,,False,0,0,,,,,,,forward,False,return,,,4136,5400,184,7.833333333333333,0.9123287671232877,30,470,0,return,,False
1,D19-P00,A_simple_B_complex,G,160,127,0.7855022266204849,,,,0.7659259259259259,,False,0,0,,,,,,,forward,False,return,,,4136,5400,184,7.833333333333333,0.9123287671232877,30,470,0,return,,False
1,D19-P00,A_simple_B_complex,G,160,128,0.7855022266204849,,,,0.7659259259259259,,False,0,0,,,,,,,forward,False,return,,,4136,5400,184,7.833333333333333,0.9123287671232877,30,470,0,return,,False
1,D19-P00,A_simple_B_complex,G,160,129,0.7855022266204849,,,,0.7659259259259259,,False,0,0,,,,,,,forward,False,return,,,4136,5400,184,7.833333333333333,0.9123287671232877,30,470,0,return,,False
1,D19-P00,A_simple_B_complex,G,160,130,0.7855022266204849,,,,0.7659259259259259,,False,0,0,,,,,,,forward,False,return,,,4136,5400,184,7.833333333333333,0.9123287671232877,30,470,0,return,,False
1,D19-P00,A_simple_B_complex,G,160,131,0.7855022266204849,,,,0.7659259259259259,,False,0,0,,,,,,,forward,False,return,,,4136,5400,184,7.833333333333333,0.9123287671232877,30,470,0,return,,False
1,D19-P00,A_simple_B_complex,G,160,132,0.7855022266204849,,,,0.7659259259259259,,False,0,0,,,,,,,left,False,return,,,4136,5400,184,7.833333333333333,0.9123287671232877,30,470,0,return,,False
1,D19-P00,A_simple_B_complex,G,160,133,0.7855022266204849,,,,0.7659259259259259,,False,0,0,,,,,,,forward,False,return,,,4136,5400,184,7.833333333333333,0.9123287671232877,30,470,0,return,,False
1,D19-P00,A_simple_B_complex,G,160,134,0.7855022266204849,,,,0.7659259259259259,,False,0,0,,,,,,,forward,False,return,,,4136,5400,184,7.833333333333333,0.9123287671232877,30,470,0,return,,False
1,D19-P00,A_simple_B_complex,G,160,135,0.7855022266204849,,,,0.7659259259259259,,False,0,0,,,,,,,forward,False,return,,,4136,5400,184,7.833333333333333,0.9123287671232877,30,470,0,return,,False
1,D19-P00,A_simple_B_complex,G,160,136,0.7855022266204849,,,,0.7659259259259259,,False,0,0,,,,,,,forward,False,return,,,4136,5400,184,7.833333333333333,0.9123287671232877,30,470,0,return,,False
1,D19-P00,A_simple_B_complex,G,160,137,0.7855022266204849,,,,0.7659259259259259,,False,0,0,,,,,,,forward,False,return,,,4136,5400,184,7.833333333333333,0.9123287671232877,30,470,0,return,,False
1,D19-P00,A_simple_B_complex,G,160,138,0.7855022266204849,,,,0.7659259259259259,,False,0,0,,,,,,,forward,False,return,,,4136,5400,184,7.833333333333333,0.9123287671232877,30,470,0,return,,False
1,D19-P00,A_simple_B_complex,G,160,139,0.7855022266204849,,,,0.7659259259259259,,False,0,0,,,,,,,forward,False,return,,,4136,5400,184,7.833333333333333,0.9123287671232877,30,470,0,return,,False
1,D19-P00,A_simple_B_complex,G,160,140,0.7855022266204849,,,,0.7659259259259259,,False,0,0,,,,,,,forward,False,return,,,4136,5400,184,7.833333333333333,0.9123287671232877,30,470,0,return,,False
1,D19-P00,A_simple_B_complex,G,160,141,0.7855022266204849,,,,0.7659259259259259,,False,0,0,,,,,,,forward,False,return,,,4136,5400,184,7.833333333333333,0.9123287671232877,30,470,0,return,,False
1,D19-P00,A_simple_B_complex,G,160,142,0.7855022266204849,,,,0.7659259259259259,,False,0,0,,,,,,,forward,False,return,,,4136,5400,184,7.833333333333333,0.9123287671232877,30,470,0,return,,False
1,D19-P00,A_simple_B_complex,G,160,143,0.7855022266204849,,,,0.7659259259259259,,False,0,0,,,,,,,forward,False,return,,,4136,5400,184,7.833333333333333,0.9123287671232877,30,470,0,return,,False
1,D19-P00,A_simple_B_complex,G,160,144,0.7855022266204849,,,,0.7659259259259259,,False,0,0,,,,,,,forward,False,return,,,4136,5400,184,7.833333333333333,0.9123287671232877,30,470,0,return,,False
1,D19-P00,A_simple_B_complex,G,160,145,0.7855022266204849,,,,0.7659259259259259,,False,0,0,,,,,,,forward,False,return,,,4136,5400,184,7.833333333333333,0.9123287671232877,30,470,0,return,,False
1,D19-P00,A_simple_B_complex,G,160,146,0.7855022266204849,,,,0.7659259259259259,,False,0,0,,,,,,,forward,False,return,,,4136,5400,184,7.833333333333333,0.9123287671232877,30,470,0,return,,False
1,D19-P00,A_simple_B_complex,G,160,147,0.7855022266204849,,,,0.7659259259259259,,False,0,0,,,,,,,forward,False,return,,,4136,5400,184,7.833333333333333,0.9123287671232877,30,470,0,return,,False
1,D19-P00,A_simple_B_complex,G,160,148,0.7855022266204849,,,,0.7659259259259259,,False,0,0,,,,,,,forward,False,return,,,4136,5400,184,7.833333333333333,0.9123287671232877,30,470,0,return,,False
1,D19-P00,A_simple_B_complex,G,160,149,0.7855022266204849,,,,0.7659259259259259,,False,0,0,,,,,,,forward,False,return,,,4136,5400,184,7.833333333333333,0.9123287671232877,30,470,0,return,,False
1,D19-P00,A_simple_B_complex,G,160,150,0.7855022266204849,,,,0.7659259259259259,,False,0,0,,,,,,,forward,False,return,,,4136,5400,184,7.833333333333333,0.9123287671232877,30,470,0,return,,False
1,D19-P00,A_simple_B_complex,G,160,151,0.7855022266204849,,,,0.7659259259259259,,False,0,0,,,,,,,forward,False,return,,,4136,5400,184,7.833333333333333,0.9123287671232877,30,470,0,return,,False
1,D19-P00,A_simple_B_complex,G,160,152,0.7855022266204849,,,,0.7659259259259259,,False,0,0,,,,,,,forward,False,return,,,4136,5400,184,7.833333333333333,0.9123287671232877,30,470,0,return,,False
1,D19-P00,A_simple_B_complex,G,160,153,0.7855022266204849,,,,0.7661111111111111,,False,1,0,,,,,,,forward,False,return,,,4137,5400,183,7.833333333333333,0.9123287671232877,30,470,1,return,,False
1,D19-P00,A_simple_B_complex,G,160,154,0.7855022266204849,,,,0.7661111111111111,,False,0,0,,,,,,,forward,False,return,,,4137,5400,183,7.833333333333333,0.9123287671232877,30,470,0,return,,False
1,D19-P00,A_simple_B_complex,G,160,155,0.7855022266204849,,,,0.7661111111111111,,False,0,0,,,,,,,forward,False,return,,,4137,5400,183,7.833333333333333,0.9123287671232877,30,470,0,return,,False
1,D19-P00,A_simple_B_complex,G,160,156,0.7855022266204849,,,,0.7661111111111111,,False,0,0,,,,,,,left,False,return,,,4137,5400,183,7.833333333333333,0.9123287671232877,30,470,0,return,,False
2,D19-P01,A_complex_B_simple,G,184,0,0.22052956111715633,,,,0.2012857142857143,,,,,,,,,,,,,,,,1409,7000,4191,,0.5,0,0,,,,
2,D19-P01,A_complex_B_simple,G,184,1,0.2259702575262967,,,,0.20785714285714285,,True,46,0,,,,,,,forward,False,outbound,,,1455,7000,4145,23.0,0.6666666666666666,1,46,46,coverage_intent,D19-P01/v13-history-smoke/plan-1,False
2,D19-P01,A_complex_B_simple,G,184,2,0.23086688429452304,,,,0.21242857142857144,,True,32,0,,,,,,,forward,False,outbound,,,1487,7000,4113,19.5,0.6666666666666666,2,78,32,coverage_intent,D19-P01/v13-history-smoke/plan-1,False
2,D19-P01,A_complex_B_simple,G,184,3,0.23576351106274937,,,,0.21814285714285714,,True,40,0,,,,,,,forward,False,outbound,,,1527,7000,4073,19.666666666666668,0.7272727272727273,3,118,40,coverage_intent,D19-P01/v13-history-smoke/plan-1,False
2,D19-P01,A_complex_B_simple,G,184,4,0.23993471164309033,,,,0.22242857142857142,,True,30,0,,,,,,,forward,False,outbound,,,1557,7000,4043,18.5,0.7631578947368421,4,148,30,coverage_intent,D19-P01/v13-history-smoke/plan-1,False
2,D19-P01,A_complex_B_simple,G,184,5,0.24392455567645993,,,,0.22728571428571429,,True,34,0,,,,,,,forward,False,outbound,,,1591,7000,4009,18.2,0.7857142857142857,5,182,34,coverage_intent,D19-P01/v13-history-smoke/plan-1,False
2,D19-P01,A_complex_B_simple,G,184,6,0.24718897352194413,,,,0.231,,True,26,0,,,,,,,forward,False,outbound,,,1617,7000,3983,17.333333333333332,0.7906976744186046,6,208,26,coverage_intent,D19-P01/v13-history-smoke/plan-1,False
2,D19-P01,A_complex_B_simple,G,184,7,0.24718897352194413,,,,0.2337142857142857,,True,19,0,,,,,,,right,False,outbound,,,1636,7000,3964,16.214285714285715,0.7906976744186046,7,227,19,coverage_intent,D19-P01/v13-history-smoke/plan-1,False
2,D19-P01,A_complex_B_simple,G,184,8,0.2500906782734857,,,,0.2382857142857143,,True,32,0,,,,,,,forward,False,outbound,,,1668,7000,3932,16.1875,0.5873015873015873,8,259,32,coverage_intent,D19-P01/v13-history-smoke/plan-1,False
2,D19-P01,A_complex_B_simple,G,184,9,0.25281102647805587,,,,0.24342857142857144,,True,36,0,,,,,,,forward,False,outbound,,,1704,7000,3896,16.38888888888889,0.6231884057971014,9,295,36,coverage_intent,D19-P01/v13-history-smoke/plan-1,False
2,D19-P01,A_complex_B_simple,G,184,10,0.25281102647805587,,,,0.24342857142857144,,True,0,0,,,,,,,left,False,outbound,,,1704,7000,3896,14.75,0.6231884057971014,10,295,0,coverage_intent,D19-P01/v13-history-smoke/plan-1,False
2,D19-P01,A_complex_B_simple,G,184,11,0.254443235400798,,,,0.245,,True,11,0,,,,,,,forward,False,outbound,,,1715,7000,3885,13.909090909090908,0.6388888888888888,11,306,11,coverage_intent,D19-P01/v13-history-smoke/plan-1,False
2,D19-P01,A_complex_B_simple,G,184,12,0.25643815741748277,,,,0.247,,True,14,0,,,,,,,forward,False,outbound,,,1729,7000,3871,13.333333333333334,0.6486486486486487,12,320,14,coverage_intent,D19-P01/v13-history-smoke/plan-1,False
2,D19-P01,A_complex_B_simple,G,184,13,0.2589771490750816,,,,0.24928571428571428,,True,16,0,,,,,,,forward,False,outbound,,,1745,7000,3855,12.923076923076923,0.6623376623376623,13,336,16,coverage_intent,D19-P01/v13-history-smoke/plan-1,False
2,D19-P01,A_complex_B_simple,G,184,14,0.2607907145447951,,,,0.251,,True,12,0,,,,,,,forward,False,outbound,,,1757,7000,3843,12.428571428571429,0.675,14,348,12,coverage_intent,D19-P01/v13-history-smoke/plan-1,False
2,D19-P01,A_complex_B_simple,G,184,15,0.26332970620239393,,,,0.253,,True,14,0,,,,,,,forward,False,outbound,,,1771,7000,3829,12.066666666666666,0.6904761904761905,15,362,14,coverage_intent,D19-P01/v13-history-smoke/plan-1,False
2,D19-P01,A_complex_B_simple,G,184,16,0.26550598476605003,,,,0.2547142857142857,,True,12,0,,,,,,,forward,False,outbound,,,1783,7000,3817,11.6875,0.7045454545454546,16,374,12,coverage_intent,D19-P01/v13-history-smoke/plan-1,False
2,D19-P01,A_complex_B_simple,G,184,17,0.2680449764236489,,,,0.25671428571428573,,True,14,0,,,,,,,forward,False,outbound,,,1797,7000,3803,11.411764705882353,0.717391304347826,17,388,14,coverage_intent,D19-P01/v13-history-smoke/plan-1,False
2,D19-P01,A_complex_B_simple,G,184,18,0.2731229597388466,,,,0.26085714285714284,,True,29,0,,,,,,,forward,False,outbound,,,1826,7000,3774,11.583333333333334,0.7319587628865979,18,417,29,coverage_intent,D19-P01/v13-history-smoke/plan-1,False
2,D19-P01,A_complex_B_simple,G,184,19,0.2772941603191875,,,,0.2642857142857143,,True,24,0,,,,,,,forward,False,outbound,,,1850,7000,3750,11.605263157894736,0.7450980392156863,19,441,24,coverage_intent,D19-P01/v13-history-smoke/plan-1,False
2,D19-P01,A_complex_B_simple,G,184,20,0.2841857091040987,,,,0.26985714285714285,,True,39,0,,,,,,,forward,False,outbound,,,1889,7000,3711,12.0,0.7592592592592593,20,480,39,coverage_intent,D19-P01/v13-history-smoke/plan-1,False
2,D19-P01,A_complex_B_simple,G,184,21,0.29017047515415306,,,,0.275,,True,36,0,,,,,,,forward,False,outbound,,,1925,7000,3675,12.285714285714286,0.7719298245614035,21,516,36,coverage_intent,D19-P01/v13-history-smoke/plan-1,False
2,D19-P01,A_complex_B_simple,G,184,22,0.29397896264055134,,,,0.278,,True,21,0,,,,,,,forward,False,outbound,,,1946,7000,3654,12.204545454545455,0.7851239669421488,22,537,21,coverage_intent,D19-P01/v13-history-smoke/plan-1,False
2,D19-P01,A_complex_B_simple,G,184,23,0.2997823721436344,,,,0.283,,True,35,0,,,,,,,forward,False,outbound,,,1981,7000,3619,12.434782608695652,0.7984496124031008,23,572,35,coverage_intent,D19-P01/v13-history-smoke/plan-1,False
2,D19-P01,A_complex_B_simple,G,184,24,0.30594849474066016,,,,0.28814285714285715,,True,36,0,,,,,,,forward,False,outbound,,,2017,7000,3583,12.666666666666666,0.8115942028985508,24,608,36,coverage_intent,D19-P01/v13-history-smoke/plan-1,False
2,D19-P01,A_complex_B_simple,G,184,25,0.3133841131664853,,,,0.29414285714285715,,True,42,0,,,,,,,forward,False,outbound,,,2059,7000,3541,13.0,0.8243243243243243,25,650,42,coverage_intent,D19-P01/v13-history-smoke/plan-1,False
2,D19-P01,A_complex_B_simple,G,184,26,0.3208197315923105,,,,0.3007142857142857,,True,46,0,,,,,,,forward,False,outbound,,,2105,7000,3495,13.384615384615385,0.8354430379746836,26,696,46,coverage_intent,D19-P01/v13-history-smoke/plan-1,False
2,D19-P01,A_complex_B_simple,G,184,27,0.32752992383025026,,,,0.3087142857142857,,True,56,0,,,,,,,forward,False,outbound,,,2161,7000,3439,13.925925925925926,0.8452380952380952,27,752,56,coverage_intent,D19-P01/v13-history-smoke/plan-1,False
2,D19-P01,A_complex_B_simple,G,184,28,0.3347841857091041,,,,0.31557142857142856,,True,48,0,,,,,,,forward,False,outbound,,,2209,7000,3391,14.285714285714286,0.8547486033519553,28,800,48,coverage_intent,D19-P01/v13-history-smoke/plan-1,True
2,D19-P01,A_complex_B_simple,G,184,29,0.3402248821182445,,,,0.3202857142857143,,True,33,0,,,,,,,forward,False,outbound,,,2242,7000,3358,14.362068965517242,0.8564102564102564,29,833,33,coverage_intent,D19-P01/v13-history-smoke/plan-2,False
2,D19-P01,A_complex_B_simple,G,184,30,0.34892999637286903,,,,0.32785714285714285,,True,53,0,,,,,,,forward,False,outbound,,,2295,7000,3305,14.766666666666667,0.8721461187214612,30,886,53,coverage_intent,D19-P01/v13-history-smoke/plan-2,False
2,D19-P01,A_complex_B_simple,G,184,31,0.3554588320638375,,,,0.333,,True,36,0,,,,,,,forward,False,outbound,,,2331,7000,3269,14.23076923076923,0.8777292576419214,26,740,36,coverage_intent,D19-P01/v13-history-smoke/plan-2,False
2,D19-P01,A_complex_B_simple,G,184,32,0.363075807036634,,,,0.3395714285714286,,True,46,0,,,,,,,forward,False,outbound,,,2377,7000,3223,14.555555555555555,0.8842975206611571,27,786,46,coverage_intent,D19-P01/v13-history-smoke/plan-2,False
2,D19-P01,A_complex_B_simple,G,184,33,0.37069278200943057,,,,0.346,,True,45,0,,,,,,,forward,False,outbound,,,2422,7000,3178,14.839285714285714,0.889763779527559,28,831,45,coverage_intent,D19-P01/v13-history-smoke/plan-2,False
2,D19-P01,A_complex_B_simple,G,184,34,0.37740297424737035,,,,0.3514285714285714,,True,38,0,,,,,,,forward,False,outbound,,,2460,7000,3140,14.982758620689655,0.8943396226415095,29,869,38,coverage_intent,D19-P01/v13-history-smoke/plan-2,False
2,D19-P01,A_complex_B_simple,G,184,35,0.3897352194414218,,,,0.36128571428571427,,True,69,0,,,,,,,forward,False,outbound,,,2529,7000,3071,15.633333333333333,0.8985507246376812,30,938,69,coverage_intent,D19-P01/v13-history-smoke/plan-2,False
2,D19-P01,A_complex_B_simple,G,184,36,0.40261153427638735,,,,0.3717142857142857,,True,73,0,,,,,,,forward,False,outbound,,,2602,7000,2998,17.26923076923077,0.903114186851211,26,898,73,coverage_intent,D19-P01/v13-history-smoke/plan-2,False
2,D19-P01,A_complex_B_simple,G,184,37,0.4238302502720348,,,,0.3884285714285714,,True,117,0,,,,,,,forward,False,outbound,,,2719,7000,2881,18.796296296296298,0.9075907590759076,27,1015,117,coverage_intent,D19-P01/v13-history-smoke/plan-2,False
2,D19-P01,A_complex_B_simple,G,184,38,0.44831338411316646,,,,0.4084285714285714,,True,140,0,,,,,,,forward,False,outbound,,,2859,7000,2741,20.625,0.9122257053291536,28,1155,140,coverage_intent,D19-P01/v13-history-smoke/plan-2,False
2,D19-P01,A_complex_B_simple,G,184,39,0.47442872687704024,,,,0.431,,True,158,0,,,,,,,forward,False,outbound,,,3017,7000,2583,22.637931034482758,0.9169139465875371,29,1313,158,coverage_intent,D19-P01/v13-history-smoke/plan-2,False
2,D19-P01,A_complex_B_simple,G,184,40,0.4936525208560029,,,,0.45985714285714285,,True,202,0,,,,,,,forward,False,outbound,,,3219,7000,2381,25.25,0.9213483146067416,30,1515,202,coverage_intent,D19-P01/v13-history-smoke/plan-2,False
2,D19-P01,A_complex_B_simple,G,184,41,0.4998186434530287,,,,0.468,,True,57,0,,,,,,,forward,False,outbound,,,3276,7000,2324,28.942307692307693,0.9234972677595629,26,1505,57,coverage_intent,D19-P01/v13-history-smoke/plan-2,True
2,D19-P01,A_complex_B_simple,G,184,42,0.4998186434530287,,,,0.469,,False,7,0,,,,,,,left,False,outbound,,,3283,7000,2317,28.942307692307693,0.9234972677595629,26,1505,7,quality_intent,D19-P01/v13-history-smoke/plan-3,False
2,D19-P01,A_complex_B_simple,G,184,43,0.4998186434530287,,,,0.469,,False,0,0,,,,,,,left,False,outbound,,,3283,7000,2317,28.942307692307693,0.9234972677595629,26,1505,0,quality_intent,D19-P01/v13-history-smoke/plan-3,True
2,D19-P01,A_complex_B_simple,G,184,44,0.4998186434530287,,,,0.47014285714285714,,False,8,0,,,,,,,left,False,outbound,,,3291,7000,2309,28.942307692307693,0.9234972677595629,26,1505,8,quality_intent,D19-P01/v13-history-smoke/plan-4,False
2,D19-P01,A_complex_B_simple,G,184,45,0.5001813565469714,,,,0.4704285714285714,,False,2,0,,,,,,,left,False,outbound,,,3293,7000,2307,28.942307692307693,0.9234972677595629,26,1505,2,quality_intent,D19-P01/v13-history-smoke/plan-4,True
2,D19-P01,A_complex_B_simple,G,184,46,0.5001813565469714,,,,0.4707142857142857,,False,2,0,,,,,,,left,False,outbound,,,3295,7000,2305,28.942307692307693,0.9234972677595629,26,1505,2,quality_intent,D19-P01/v13-history-smoke/plan-5,False
2,D19-P01,A_complex_B_simple,G,184,47,0.5001813565469714,,,,0.4707142857142857,,False,0,0,,,,,,,left,False,outbound,,,3295,7000,2305,28.942307692307693,0.9234972677595629,26,1505,0,quality_intent,D19-P01/v13-history-smoke/plan-5,True
2,D19-P01,A_complex_B_simple,G,184,48,0.5001813565469714,,,,0.4712857142857143,,False,4,0,,,,,,,left,False,outbound,,,3299,7000,2301,28.942307692307693,0.9234972677595629,26,1505,4,quality_intent,D19-P01/v13-history-smoke/plan-6,False
2,D19-P01,A_complex_B_simple,G,184,49,0.5001813565469714,,,,0.4712857142857143,,False,0,0,,,,,,,left,False,outbound,,,3299,7000,2301,28.942307692307693,0.9234972677595629,26,1505,0,quality_intent,D19-P01/v13-history-smoke/plan-6,True
2,D19-P01,A_complex_B_simple,G,184,50,0.5003627130939426,,,,0.4715714285714286,,False,2,0,,,,,,,left,False,outbound,,,3301,7000,2299,28.942307692307693,0.9234972677595629,26,1505,2,quality_intent,D19-P01/v13-history-smoke/plan-7,False
2,D19-P01,A_complex_B_simple,G,184,51,0.5003627130939426,,,,0.4715714285714286,,False,0,0,,,,,,,left,False,outbound,,,3301,7000,2299,28.942307692307693,0.9234972677595629,26,1505,0,quality_intent,D19-P01/v13-history-smoke/plan-7,True
2,D19-P01,A_complex_B_simple,G,184,52,0.5003627130939426,,,,0.4715714285714286,,False,0,0,,,,,,,left,False,outbound,,,3301,7000,2299,28.942307692307693,0.9234972677595629,26,1505,0,quality_intent,D19-P01/v13-history-smoke/plan-8,False
2,D19-P01,A_complex_B_simple,G,184,53,0.5003627130939426,,,,0.4715714285714286,,False,0,0,,,,,,,left,False,outbound,,,3301,7000,2299,28.942307692307693,0.9234972677595629,26,1505,0,quality_intent,D19-P01/v13-history-smoke/plan-8,True
2,D19-P01,A_complex_B_simple,G,184,54,0.5003627130939426,,,,0.4715714285714286,,False,0,0,,,,,,,left,False,outbound,,,3301,7000,2299,28.942307692307693,0.9234972677595629,26,1505,0,quality_intent,D19-P01/v13-history-smoke/plan-9,False
2,D19-P01,A_complex_B_simple,G,184,55,0.5003627130939426,,,,0.4715714285714286,,False,0,0,,,,,,,left,False,outbound,,,3301,7000,2299,28.942307692307693,0.9234972677595629,26,1505,0,quality_intent,D19-P01/v13-history-smoke/plan-9,True
2,D19-P01,A_complex_B_simple,G,184,56,0.5003627130939426,,,,0.4715714285714286,,True,0,0,,,,,,,right,False,outbound,,,3301,7000,2299,31.522727272727273,0.9234972677595629,22,1387,0,coverage_intent,D19-P01/v13-history-smoke/plan-10,False
2,D19-P01,A_complex_B_simple,G,184,57,0.5068915487849112,,,,0.47914285714285715,,True,53,0,,,,,,,forward,False,outbound,,,3354,7000,2246,31.304347826086957,0.9257294429708223,23,1440,53,coverage_intent,D19-P01/v13-history-smoke/plan-10,False
2,D19-P01,A_complex_B_simple,G,184,58,0.5134203844758796,,,,0.48614285714285715,,True,49,0,,,,,,,forward,False,outbound,,,3403,7000,2197,31.020833333333332,0.928388746803069,24,1489,49,coverage_intent,D19-P01/v13-history-smoke/plan-10,False
2,D19-P01,A_complex_B_simple,G,184,59,0.5179542981501633,,,,0.49714285714285716,,True,77,0,,,,,,,forward,False,outbound,,,3480,7000,2120,31.32,0.9308641975308642,25,1566,77,coverage_intent,D19-P01/v13-history-smoke/plan-10,False
2,D19-P01,A_complex_B_simple,G,184,60,0.5221254987305042,,,,0.5045714285714286,,True,52,0,,,,,,,forward,False,outbound,,,3532,7000,2068,31.115384615384617,0.9326923076923077,26,1618,52,coverage_intent,D19-P01/v13-history-smoke/plan-10,False
2,D19-P01,A_complex_B_simple,G,184,61,0.5255712731229597,,,,0.5098571428571429,,True,37,0,,,,,,,forward,False,outbound,,,3569,7000,2031,33.75,0.9341176470588235,22,1485,37,coverage_intent,D19-P01/v13-history-smoke/plan-10,False
2,D19-P01,A_complex_B_simple,G,184,62,0.5297424737033007,,,,0.5141428571428571,,True,30,0,,,,,,,forward,False,outbound,,,3599,7000,2001,32.93478260869565,0.9353348729792148,23,1515,30,coverage_intent,D19-P01/v13-history-smoke/plan-10,False
2,D19-P01,A_complex_B_simple,G,184,63,0.5331882480957563,,,,0.5182857142857142,,True,29,0,,,,,,,forward,False,outbound,,,3628,7000,1972,32.166666666666664,0.9363636363636364,24,1544,29,coverage_intent,D19-P01/v13-history-smoke/plan-10,False
2,D19-P01,A_complex_B_simple,G,184,64,0.5366340224882118,,,,0.522,,True,26,0,,,,,,,forward,False,outbound,,,3654,7000,1946,31.4,0.9373601789709173,25,1570,26,coverage_intent,D19-P01/v13-history-smoke/plan-10,False
2,D19-P01,A_complex_B_simple,G,184,65,0.5400797968806674,,,,0.5251428571428571,,True,22,0,,,,,,,forward,False,outbound,,,3676,7000,1924,30.615384615384617,0.9383259911894273,26,1592,22,coverage_intent,D19-P01/v13-history-smoke/plan-10,False
2,D19-P01,A_complex_B_simple,G,184,66,0.5433442147261516,,,,0.5282857142857142,,True,22,0,,,,,,,forward,False,outbound,,,3698,7000,1902,31.318181818181817,0.9391304347826087,22,1378,22,coverage_intent,D19-P01/v13-history-smoke/plan-10,False
2,D19-P01,A_complex_B_simple,G,184,67,0.5464272760246645,,,,0.531,,True,19,0,,,,,,,forward,False,outbound,,,3717,7000,1883,30.369565217391305,0.9399141630901288,23,1397,19,coverage_intent,D19-P01/v13-history-smoke/plan-10,False
2,D19-P01,A_complex_B_simple,G,184,68,0.5496916938701487,,,,0.5337142857142857,,True,19,0,,,,,,,forward,False,outbound,,,3736,7000,1864,29.5,0.940552016985138,24,1416,19,coverage_intent,D19-P01/v13-history-smoke/plan-10,False
2,D19-P01,A_complex_B_simple,G,184,69,0.552956111715633,,,,0.5364285714285715,,True,19,0,,,,,,,forward,False,outbound,,,3755,7000,1845,28.7,0.9411764705882353,25,1435,19,coverage_intent,D19-P01/v13-history-smoke/plan-10,False
2,D19-P01,A_complex_B_simple,G,184,70,0.5564018861080885,,,,0.5394285714285715,,True,21,0,,,,,,,forward,False,outbound,,,3776,7000,1824,28.0,0.941908713692946,26,1456,21,coverage_intent,D19-P01/v13-history-smoke/plan-10,False
2,D19-P01,A_complex_B_simple,G,184,71,0.5602103735944868,,,,0.5425714285714286,,True,22,0,,,,,,,forward,False,outbound,,,3798,7000,1802,28.272727272727273,0.9426229508196722,22,1244,22,coverage_intent,D19-P01/v13-history-smoke/plan-10,False
2,D19-P01,A_complex_B_simple,G,184,72,0.5632934348929997,,,,0.545,,True,17,0,,,,,,,forward,False,outbound,,,3815,7000,1785,27.41304347826087,0.9433198380566802,23,1261,17,coverage_intent,D19-P01/v13-history-smoke/plan-10,False
2,D19-P01,A_complex_B_simple,G,184,73,0.5667392092854552,,,,0.5478571428571428,,True,20,0,,,,,,,forward,False,outbound,,,3835,7000,1765,26.6875,0.944,24,1281,20,coverage_intent,D19-P01/v13-history-smoke/plan-10,False
2,D19-P01,A_complex_B_simple,G,184,74,0.5712731229597389,,,,0.5515714285714286,,True,26,0,,,,,,,forward,False,outbound,,,3861,7000,1739,26.14,0.9446640316205533,25,1307,26,coverage_intent,D19-P01/v13-history-smoke/plan-10,False
2,D19-P01,A_complex_B_simple,G,184,75,0.5770765324628219,,,,0.5565714285714286,,True,35,0,,,,,,,forward,False,outbound,,,3896,7000,1704,25.807692307692307,0.9454191033138402,26,1342,35,coverage_intent,D19-P01/v13-history-smoke/plan-10,False
2,D19-P01,A_complex_B_simple,G,184,76,0.5810663764961915,,,,0.5598571428571428,,True,23,0,,,,,,,forward,False,outbound,,,3919,7000,1681,15.340909090909092,0.9461538461538461,22,675,23,coverage_intent,D19-P01/v13-history-smoke/plan-10,False
2,D19-P01,A_complex_B_simple,G,184,77,0.5863257163583605,,,,0.564,,True,29,0,,,,,,,forward,False,outbound,,,3948,7000,1652,15.304347826086957,0.946969696969697,23,704,29,coverage_intent,D19-P01/v13-history-smoke/plan-10,False
2,D19-P01,A_complex_B_simple,G,184,78,0.5926731955023576,,,,0.569,,True,35,0,,,,,,,forward,False,outbound,,,3983,7000,1617,15.395833333333334,0.9477611940298507,24,739,35,coverage_intent,D19-P01/v13-history-smoke/plan-10,False
2,D19-P01,A_complex_B_simple,G,184,79,0.5993833877402974,,,,0.5754285714285714,,True,45,0,,,,,,,forward,False,outbound,,,4028,7000,1572,15.68,0.9487179487179487,25,784,45,coverage_intent,D19-P01/v13-history-smoke/plan-10,False
2,D19-P01,A_complex_B_simple,G,184,80,0.6066376496191512,,,,0.582,,True,46,0,,,,,,,forward,False,outbound,,,4074,7000,1526,15.961538461538462,0.9497307001795332,26,830,46,coverage_intent,D19-P01/v13-history-smoke/plan-10,True
2,D19-P01,A_complex_B_simple,G,184,81,0.6157054769677185,,,,0.5904285714285714,,True,59,0,,,,,,,forward,False,outbound,,,4133,7000,1467,16.0,0.9508771929824561,26,832,59,coverage_intent,D19-P01/v13-history-smoke/plan-11,False
2,D19-P01,A_complex_B_simple,G,184,82,0.6220529561117156,,,,0.5972857142857143,,True,48,0,,,,,,,forward,False,outbound,,,4181,7000,1419,16.296296296296298,0.952054794520548,27,880,48,coverage_intent,D19-P01/v13-history-smoke/plan-11,False
2,D19-P01,A_complex_B_simple,G,184,83,0.6294885745375408,,,,0.6124285714285714,,True,106,0,,,,,,,forward,False,outbound,,,4287,7000,1313,17.607142857142858,0.9533333333333334,28,986,106,coverage_intent,D19-P01/v13-history-smoke/plan-11,False
2,D19-P01,A_complex_B_simple,G,184,84,0.6407326804497643,,,,0.6241428571428571,,True,82,0,,,,,,,forward,False,outbound,,,4369,7000,1231,18.413793103448278,0.9537953795379538,29,1068,82,coverage_intent,D19-P01/v13-history-smoke/plan-11,False
2,D19-P01,A_complex_B_simple,G,184,85,0.6537903518317011,,,,0.6382857142857142,,True,99,0,,,,,,,forward,False,outbound,,,4468,7000,1132,19.45,0.9541734860883797,30,1167,99,coverage_intent,D19-P01/v13-history-smoke/plan-11,False
2,D19-P01,A_complex_B_simple,G,184,86,0.6566920565832427,,,,0.6412857142857142,,True,21,0,,,,,,,forward,False,outbound,,,4489,7000,1111,18.403846153846153,0.9544715447154472,26,957,21,coverage_intent,D19-P01/v13-history-smoke/plan-11,True
2,D19-P01,A_complex_B_simple,G,184,87,0.6597751178817556,,,,0.6447142857142857,,True,24,0,,,,,,,forward,False,outbound,,,4513,7000,1087,18.166666666666668,0.9546925566343042,27,981,24,coverage_intent,D19-P01/v13-history-smoke/plan-12,False
2,D19-P01,A_complex_B_simple,G,184,88,0.6597751178817556,,,,0.6447142857142857,,True,0,0,,,,,,,left,False,outbound,,,4513,7000,1087,17.517857142857142,0.9546925566343042,28,981,0,coverage_intent,D19-P01/v13-history-smoke/plan-12,False
2,D19-P01,A_complex_B_simple,G,184,89,0.6624954660863257,,,,0.6472857142857142,,True,18,0,,,,,,,forward,False,outbound,,,4531,7000,1069,17.224137931034484,0.9549114331723028,29,999,18,coverage_intent,D19-P01/v13-history-smoke/plan-12,False
2,D19-P01,A_complex_B_simple,G,184,90,0.6644903881030105,,,,0.6492857142857142,,True,14,0,,,,,,,forward,False,outbound,,,4545,7000,1055,16.883333333333333,0.9552,30,1013,14,coverage_intent,D19-P01/v13-history-smoke/plan-12,False
2,D19-P01,A_complex_B_simple,G,184,91,0.6664853101196954,,,,0.6511428571428571,,True,13,0,,,,,,,forward,False,outbound,,,4558,7000,1042,16.96153846153846,0.9554848966613673,26,882,13,coverage_intent,D19-P01/v13-history-smoke/plan-12,False
2,D19-P01,A_complex_B_simple,G,184,92,0.6690243017772941,,,,0.6534285714285715,,True,16,0,,,,,,,forward,False,outbound,,,4574,7000,1026,16.62962962962963,0.9557661927330173,27,898,16,coverage_intent,D19-P01/v13-history-smoke/plan-12,False
2,D19-P01,A_complex_B_simple,G,184,93,0.671563293434893,,,,0.6554285714285715,,True,14,0,,,,,,,forward,False,outbound,,,4588,7000,1012,16.285714285714285,0.9561128526645768,28,912,14,coverage_intent,D19-P01/v13-history-smoke/plan-12,False
2,D19-P01,A_complex_B_simple,G,184,94,0.676822633297062,,,,0.6595714285714286,,True,29,0,,,,,,,forward,False,outbound,,,4617,7000,983,16.224137931034484,0.9564541213063764,29,941,29,coverage_intent,D19-P01/v13-history-smoke/plan-12,False
2,D19-P01,A_complex_B_simple,G,184,95,0.6795429815016322,,,,0.6617142857142857,,True,15,0,,,,,,,forward,False,outbound,,,4632,7000,968,15.933333333333334,0.9568567026194145,30,956,15,coverage_intent,D19-P01/v13-history-smoke/plan-12,False
2,D19-P01,A_complex_B_simple,G,184,96,0.6871599564744287,,,,0.6677142857142857,,True,42,0,,,,,,,forward,False,outbound,,,4674,7000,926,17.26923076923077,0.9573820395738204,26,898,42,coverage_intent,D19-P01/v13-history-smoke/plan-12,False
2,D19-P01,A_complex_B_simple,G,184,97,0.6916938701487124,,,,0.6721428571428572,,True,31,0,,,,,,,forward,False,outbound,,,4705,7000,895,17.203703703703702,0.9578947368421052,27,929,31,coverage_intent,D19-P01/v13-history-smoke/plan-12,False
2,D19-P01,A_complex_B_simple,G,184,98,0.7014871236851651,,,,0.6804285714285714,,True,58,0,,,,,,,forward,False,outbound,,,4763,7000,837,17.625,0.9588839941262849,28,987,58,coverage_intent,D19-P01/v13-history-smoke/plan-12,False
2,D19-P01,A_complex_B_simple,G,184,99,0.7101922379397896,,,,0.6881428571428572,,True,54,0,,,,,,,forward,False,outbound,,,4817,7000,783,17.948275862068964,0.9601706970128022,29,1041,54,coverage_intent,D19-P01/v13-history-smoke/plan-12,False
2,D19-P01,A_complex_B_simple,G,184,100,0.719804134929271,,,,0.6971428571428572,,True,63,0,,,,,,,forward,False,outbound,,,4880,7000,720,18.4,0.9585006693440429,30,1104,63,coverage_intent,D19-P01/v13-history-smoke/plan-12,True
2,D19-P01,A_complex_B_simple,G,184,101,0.7285092491838956,,,,0.7062857142857143,,True,64,0,,,,,,,forward,False,outbound,,,4944,7000,656,20.153846153846153,0.9595448798988622,26,1048,64,coverage_intent,D19-P01/v13-history-smoke/plan-13,True
2,D19-P01,A_complex_B_simple,G,184,102,0.7328618063112078,,,,0.7114285714285714,,True,36,0,,,,,,,forward,False,outbound,,,4980,7000,620,20.074074074074073,0.9544895448954489,27,1084,36,coverage_intent,D19-P01/v13-history-smoke/plan-14,False
2,D19-P01,A_complex_B_simple,G,184,103,0.7370330068915488,,,,0.7151428571428572,,True,26,0,,,,,,,forward,False,outbound,,,5006,7000,594,19.821428571428573,0.9550425273390036,28,1110,26,coverage_intent,D19-P01/v13-history-smoke/plan-14,False
2,D19-P01,A_complex_B_simple,G,184,104,0.7412042074718898,,,,0.719,,True,27,0,,,,,,,forward,False,outbound,,,5033,7000,567,19.603448275862068,0.9555822328931572,29,1137,27,coverage_intent,D19-P01/v13-history-smoke/plan-14,False
2,D19-P01,A_complex_B_simple,G,184,105,0.7453754080522307,,,,0.7227142857142858,,True,26,0,,,,,,,forward,False,outbound,,,5059,7000,541,19.383333333333333,0.9561091340450771,30,1163,26,coverage_intent,D19-P01/v13-history-smoke/plan-14,False
2,D19-P01,A_complex_B_simple,G,184,106,0.7499093217265144,,,,0.727,,True,30,0,,,,,,,forward,False,outbound,,,5089,7000,511,19.51923076923077,0.9566236811254396,26,1015,30,coverage_intent,D19-P01/v13-history-smoke/plan-14,True
2,D19-P01,A_complex_B_simple,G,184,107,0.7526296699310845,,,,0.7311428571428571,,True,29,0,,,,,,,forward,False,outbound,,,5118,7000,482,19.333333333333332,0.9571263035921205,27,1044,29,coverage_intent,D19-P01/v13-history-smoke/plan-15,False
2,D19-P01,A_complex_B_simple,G,184,108,0.7548059484947407,,,,0.7384285714285714,,True,51,0,,,,,,,forward,False,outbound,,,5169,7000,431,19.553571428571427,0.9576174112256587,28,1095,51,coverage_intent,D19-P01/v13-history-smoke/plan-15,False
2,D19-P01,A_complex_B_simple,G,184,109,0.7564381574174828,,,,0.7404285714285714,,True,14,0,,,,,,,forward,False,outbound,,,5183,7000,417,19.120689655172413,0.9578587699316629,29,1109,14,coverage_intent,D19-P01/v13-history-smoke/plan-15,True
2,D19-P01,A_complex_B_simple,G,184,110,0.7577076532462822,,,,0.7414285714285714,,True,7,0,,,,,,,forward,False,outbound,,,5190,7000,410,18.6,0.9580498866213152,30,1116,7,coverage_intent,D19-P01/v13-history-smoke/plan-16,False
2,D19-P01,A_complex_B_simple,G,184,111,0.7586144359811389,,,,0.7421428571428571,,True,5,0,,,,,,,forward,False,outbound,,,5195,7000,405,13.98076923076923,0.9581447963800905,26,727,5,coverage_intent,D19-P01/v13-history-smoke/plan-16,True
2,D19-P01,A_complex_B_simple,G,184,112,0.7593398621690243,,,,0.7427142857142857,,True,4,0,,,,,,,forward,False,outbound,,,5199,7000,401,13.537037037037036,0.9582392776523702,27,731,4,coverage_intent,D19-P01/v13-history-smoke/plan-17,False
2,D19-P01,A_complex_B_simple,G,184,113,0.759702575262967,,,,0.743,,True,2,0,,,,,,,forward,False,outbound,,,5201,7000,399,13.089285714285714,0.9582863585118376,28,733,2,coverage_intent,D19-P01/v13-history-smoke/plan-17,False
2,D19-P01,A_complex_B_simple,G,184,114,0.7600652883569097,,,,0.7434285714285714,,True,3,0,,,,,,,forward,False,outbound,,,5204,7000,396,12.689655172413794,0.9583333333333334,29,736,3,coverage_intent,D19-P01/v13-history-smoke/plan-17,False
2,D19-P01,A_complex_B_simple,G,184,115,0.7600652883569097,,,,0.7434285714285714,,True,0,0,,,,,,,forward,False,outbound,,,5204,7000,396,12.266666666666667,0.9583333333333334,30,736,0,coverage_intent,D19-P01/v13-history-smoke/plan-17,False
2,D19-P01,A_complex_B_simple,G,184,116,0.7600652883569097,,,,0.7434285714285714,,True,0,0,,,,,,,forward,False,outbound,,,5204,7000,396,12.673076923076923,0.9583333333333334,26,659,0,coverage_intent,D19-P01/v13-history-smoke/plan-17,False
2,D19-P01,A_complex_B_simple,G,184,117,0.7600652883569097,,,,0.7435714285714285,,True,1,0,,,,,,,forward,False,outbound,,,5205,7000,395,12.222222222222221,0.9583333333333334,27,660,1,coverage_intent,D19-P01/v13-history-smoke/plan-17,False
2,D19-P01,A_complex_B_simple,G,184,118,0.7600652883569097,,,,0.7435714285714285,,True,0,0,,,,,,,forward,False,outbound,,,5205,7000,395,11.785714285714286,0.9583333333333334,28,660,0,coverage_intent,D19-P01/v13-history-smoke/plan-17,False
2,D19-P01,A_complex_B_simple,G,184,119,0.7600652883569097,,,,0.7435714285714285,,True,0,0,,,,,,,forward,False,outbound,,,5205,7000,395,11.379310344827585,0.9583333333333334,29,660,0,coverage_intent,D19-P01/v13-history-smoke/plan-17,False
2,D19-P01,A_complex_B_simple,G,184,120,0.7600652883569097,,,,0.7435714285714285,,True,0,0,,,,,,,forward,False,outbound,,,5205,7000,395,11.0,0.9583333333333334,30,660,0,coverage_intent,D19-P01/v13-history-smoke/plan-17,False
2,D19-P01,A_complex_B_simple,G,184,121,0.7600652883569097,,,,0.7437142857142857,,True,1,0,,,,,,,forward,False,outbound,,,5206,7000,394,11.038461538461538,0.9583333333333334,26,574,1,coverage_intent,D19-P01/v13-history-smoke/plan-17,False
2,D19-P01,A_complex_B_simple,G,184,122,0.7600652883569097,,,,0.7437142857142857,,True,0,0,,,,,,,forward,False,outbound,,,5206,7000,394,10.62962962962963,0.9583333333333334,27,574,0,coverage_intent,D19-P01/v13-history-smoke/plan-17,False
2,D19-P01,A_complex_B_simple,G,184,123,0.7600652883569097,,,,0.7437142857142857,,True,0,0,,,,,,,forward,False,outbound,,,5206,7000,394,10.25,0.9583333333333334,28,574,0,coverage_intent,D19-P01/v13-history-smoke/plan-17,False
2,D19-P01,A_complex_B_simple,G,184,124,0.7600652883569097,,,,0.7437142857142857,,True,0,0,,,,,,,left,False,outbound,,,5206,7000,394,9.89655172413793,0.9583333333333334,29,574,0,coverage_intent,D19-P01/v13-history-smoke/plan-17,False
2,D19-P01,A_complex_B_simple,G,184,125,0.7600652883569097,,,,0.7438571428571429,,True,1,0,,,,,,,forward,False,outbound,,,5207,7000,393,9.583333333333334,0.9583333333333334,30,575,1,coverage_intent,D19-P01/v13-history-smoke/plan-17,False
2,D19-P01,A_complex_B_simple,G,184,126,0.7600652883569097,,,,0.744,,True,1,0,,,,,,,forward,False,outbound,,,5208,7000,392,6.3076923076923075,0.9583333333333334,26,328,1,coverage_intent,D19-P01/v13-history-smoke/plan-17,False
2,D19-P01,A_complex_B_simple,G,184,127,0.7600652883569097,,,,0.744,,True,0,0,,,,,,,forward,False,outbound,,,5208,7000,392,6.074074074074074,0.9583333333333334,27,328,0,coverage_intent,D19-P01/v13-history-smoke/plan-17,False
2,D19-P01,A_complex_B_simple,G,184,128,0.7600652883569097,,,,0.744,,True,0,0,,,,,,,forward,False,outbound,,,5208,7000,392,5.857142857142857,0.9583333333333334,28,328,0,coverage_intent,D19-P01/v13-history-smoke/plan-17,False
2,D19-P01,A_complex_B_simple,G,184,129,0.7600652883569097,,,,0.744,,True,0,0,,,,,,,forward,False,outbound,,,5208,7000,392,5.655172413793103,0.9583333333333334,29,328,0,coverage_intent,D19-P01/v13-history-smoke/plan-17,False
2,D19-P01,A_complex_B_simple,G,184,130,0.7600652883569097,,,,0.744,,True,0,0,,,,,,,forward,False,outbound,,,5208,7000,392,5.466666666666667,0.9583333333333334,30,328,0,coverage_intent,D19-P01/v13-history-smoke/plan-17,False
2,D19-P01,A_complex_B_simple,G,184,131,0.7600652883569097,,,,0.744,,True,0,0,,,,,,,forward,False,outbound,,,5208,7000,392,2.8653846153846154,0.9583333333333334,26,149,0,coverage_intent,D19-P01/v13-history-smoke/plan-17,False
2,D19-P01,A_complex_B_simple,G,184,132,0.7600652883569097,,,,0.744,,True,0,0,,,,,,,forward,False,outbound,,,5208,7000,392,2.759259259259259,0.9583333333333334,27,149,0,coverage_intent,D19-P01/v13-history-smoke/plan-17,False
2,D19-P01,A_complex_B_simple,G,184,133,0.7600652883569097,,,,0.744,,True,0,0,,,,,,,forward,False,outbound,,,5208,7000,392,2.6607142857142856,0.9583333333333334,28,149,0,coverage_intent,D19-P01/v13-history-smoke/plan-17,False
2,D19-P01,A_complex_B_simple,G,184,134,0.7600652883569097,,,,0.744,,True,0,0,,,,,,,forward,False,outbound,,,5208,7000,392,2.5689655172413794,0.9583333333333334,29,149,0,coverage_intent,D19-P01/v13-history-smoke/plan-17,False
2,D19-P01,A_complex_B_simple,G,184,135,0.7600652883569097,,,,0.744,,True,0,0,,,,,,,forward,False,outbound,,,5208,7000,392,2.4833333333333334,0.9583333333333334,30,149,0,coverage_intent,D19-P01/v13-history-smoke/plan-17,False
2,D19-P01,A_complex_B_simple,G,184,136,0.7600652883569097,,,,0.744,,True,0,0,,,,,,,forward,False,outbound,,,5208,7000,392,0.34615384615384615,0.9583333333333334,26,18,0,coverage_intent,D19-P01/v13-history-smoke/plan-17,False
2,D19-P01,A_complex_B_simple,G,184,137,0.7600652883569097,,,,0.744,,True,0,0,,,,,,,forward,False,outbound,,,5208,7000,392,0.3333333333333333,0.9583333333333334,27,18,0,coverage_intent,D19-P01/v13-history-smoke/plan-17,False
2,D19-P01,A_complex_B_simple,G,184,138,0.7600652883569097,,,,0.744,,True,0,0,,,,,,,forward,False,outbound,,,5208,7000,392,0.32142857142857145,0.9583333333333334,28,18,0,coverage_intent,D19-P01/v13-history-smoke/plan-17,False
2,D19-P01,A_complex_B_simple,G,184,139,0.7600652883569097,,,,0.744,,True,0,0,,,,,,,forward,False,outbound,,,5208,7000,392,0.3103448275862069,0.9583333333333334,29,18,0,coverage_intent,D19-P01/v13-history-smoke/plan-17,False
2,D19-P01,A_complex_B_simple,G,184,140,0.7600652883569097,,,,0.744,,True,0,0,,,,,,,forward,False,outbound,,,5208,7000,392,0.3,0.9583333333333334,30,18,0,coverage_intent,D19-P01/v13-history-smoke/plan-17,False
2,D19-P01,A_complex_B_simple,G,184,141,0.7600652883569097,,,,0.744,,True,0,0,,,,,,,forward,False,outbound,,,5208,7000,392,0.07692307692307693,0.9583333333333334,26,4,0,coverage_intent,D19-P01/v13-history-smoke/plan-17,False
2,D19-P01,A_complex_B_simple,G,184,142,0.7600652883569097,,,,0.744,,True,0,0,,,,,,,forward,False,outbound,,,5208,7000,392,0.07407407407407407,0.9583333333333334,27,4,0,coverage_intent,D19-P01/v13-history-smoke/plan-17,False
2,D19-P01,A_complex_B_simple,G,184,143,0.7600652883569097,,,,0.744,,True,0,0,,,,,,,forward,False,outbound,,,5208,7000,392,0.07142857142857142,0.9583333333333334,28,4,0,coverage_intent,D19-P01/v13-history-smoke/plan-17,False
2,D19-P01,A_complex_B_simple,G,184,144,0.7600652883569097,,,,0.744,,True,0,0,,,,,,,forward,False,outbound,,,5208,7000,392,0.06896551724137931,0.9583333333333334,29,4,0,coverage_intent,D19-P01/v13-history-smoke/plan-17,False
2,D19-P01,A_complex_B_simple,G,184,145,0.7600652883569097,,,,0.744,,True,0,0,,,,,,,forward,False,outbound,,,5208,7000,392,0.06666666666666667,0.9583333333333334,30,4,0,coverage_intent,D19-P01/v13-history-smoke/plan-17,False
2,D19-P01,A_complex_B_simple,G,184,146,0.7600652883569097,,,,0.7441428571428571,,True,1,0,,,,,,,forward,False,outbound,,,5209,7000,391,0.07692307692307693,0.9583333333333334,26,4,1,coverage_intent,D19-P01/v13-history-smoke/plan-17,False
2,D19-P01,A_complex_B_simple,G,184,147,0.7600652883569097,,,,0.7441428571428571,,True,0,0,,,,,,,forward,False,outbound,,,5209,7000,391,0.07407407407407407,0.9583333333333334,27,4,0,coverage_intent,D19-P01/v13-history-smoke/plan-17,False
2,D19-P01,A_complex_B_simple,G,184,148,0.7600652883569097,,,,0.7441428571428571,,True,0,0,,,,,,,forward,False,outbound,,,5209,7000,391,0.07142857142857142,0.9583333333333334,28,4,0,coverage_intent,D19-P01/v13-history-smoke/plan-17,False
2,D19-P01,A_complex_B_simple,G,184,149,0.7600652883569097,,,,0.7441428571428571,,True,0,0,,,,,,,forward,False,outbound,,,5209,7000,391,0.06896551724137931,0.9583333333333334,29,4,0,coverage_intent,D19-P01/v13-history-smoke/plan-17,False
2,D19-P01,A_complex_B_simple,G,184,150,0.7600652883569097,,,,0.7441428571428571,,True,0,0,,,,,,,forward,False,outbound,,,5209,7000,391,0.06666666666666667,0.9583333333333334,30,4,0,coverage_intent,D19-P01/v13-history-smoke/plan-17,False
2,D19-P01,A_complex_B_simple,G,184,151,0.7600652883569097,,,,0.7441428571428571,,True,0,0,,,,,,,forward,False,outbound,,,5209,7000,391,0.038461538461538464,0.9583333333333334,26,2,0,coverage_intent,D19-P01/v13-history-smoke/plan-17,False
2,D19-P01,A_complex_B_simple,G,184,152,0.7600652883569097,,,,0.7441428571428571,,True,0,0,,,,,,,forward,False,outbound,,,5209,7000,391,0.037037037037037035,0.9583333333333334,27,2,0,coverage_intent,D19-P01/v13-history-smoke/plan-17,False
2,D19-P01,A_complex_B_simple,G,184,153,0.7600652883569097,,,,0.7441428571428571,,True,0,0,,,,,,,forward,False,outbound,,,5209,7000,391,0.03571428571428571,0.9583333333333334,28,2,0,coverage_intent,D19-P01/v13-history-smoke/plan-17,False
2,D19-P01,A_complex_B_simple,G,184,154,0.7604280014508524,,,,0.7444285714285714,,True,2,0,,,,,,,forward,False,outbound,,,5211,7000,389,0.06896551724137931,0.9583802024746907,29,4,2,coverage_intent,D19-P01/v13-history-smoke/plan-17,False
2,D19-P01,A_complex_B_simple,G,184,155,0.7618788538266231,,,,0.7457142857142857,,True,9,0,,,,,,,forward,False,outbound,,,5220,7000,380,0.21666666666666667,0.9585201793721974,30,13,9,coverage_intent,D19-P01/v13-history-smoke/plan-17,False
2,D19-P01,A_complex_B_simple,G,184,156,0.7642364889372506,,,,0.7477142857142857,,True,14,0,,,,,,,forward,False,outbound,,,5234,7000,366,0.5,0.9587053571428571,26,26,14,coverage_intent,D19-P01/v13-history-smoke/plan-17,False
2,D19-P01,A_complex_B_simple,G,184,157,0.7671381936887922,,,,0.7505714285714286,,True,20,0,,,,,,,forward,False,outbound,,,5254,7000,346,0.8518518518518519,0.958980044345898,27,46,20,coverage_intent,D19-P01/v13-history-smoke/plan-17,False
2,D19-P01,A_complex_B_simple,G,184,158,0.7700398984403337,,,,0.753,,True,17,0,,,,,,,forward,False,outbound,,,5271,7000,329,1.125,0.9592511013215859,28,63,17,coverage_intent,D19-P01/v13-history-smoke/plan-17,False
2,D19-P01,A_complex_B_simple,G,184,159,0.7734856728327892,,,,0.756,,True,21,0,,,,,,,forward,False,outbound,,,5292,7000,308,1.4482758620689655,0.9595185995623632,29,84,21,coverage_intent,D19-P01/v13-history-smoke/plan-17,False
2,D19-P01,A_complex_B_simple,G,184,160,0.7765687341313021,,,,0.7587142857142857,,True,19,0,,,,,,,forward,False,outbound,,,5311,7000,289,1.7166666666666666,0.9598262757871878,30,103,19,coverage_intent,D19-P01/v13-history-smoke/plan-17,False
2,D19-P01,A_complex_B_simple,G,184,161,0.779651795429815,,,,0.7615714285714286,,True,20,0,,,,,,,forward,False,outbound,,,5331,7000,269,2.3653846153846154,0.9601293103448276,26,123,20,coverage_intent,D19-P01/v13-history-smoke/plan-17,False
2,D19-P01,A_complex_B_simple,G,184,162,0.7830975698222706,,,,0.7645714285714286,,True,21,0,,,,,,,forward,False,outbound,,,5352,7000,248,2.6666666666666665,0.960427807486631,27,144,21,coverage_intent,D19-P01/v13-history-smoke/plan-17,False
2,D19-P01,A_complex_B_simple,G,184,163,0.7863619876677548,,,,0.7672857142857142,,True,19,0,,,,,,,forward,False,outbound,,,5371,7000,229,2.9107142857142856,0.9607218683651805,28,163,19,coverage_intent,D19-P01/v13-history-smoke/plan-17,False
2,D19-P01,A_complex_B_simple,G,184,164,0.789626405513239,,,,0.77,,True,19,0,,,,,,,forward,False,outbound,,,5390,7000,210,3.1379310344827585,0.9610115911485775,29,182,19,coverage_intent,D19-P01/v13-history-smoke/plan-17,False
2,D19-P01,A_complex_B_simple,G,184,165,0.7932535364526659,,,,0.7731428571428571,,True,22,0,,,,,,,forward,False,outbound,,,5412,7000,188,3.4,0.9612970711297071,30,204,22,coverage_intent,D19-P01/v13-history-smoke/plan-17,False
2,D19-P01,A_complex_B_simple,G,184,166,0.7976060935799782,,,,0.7768571428571428,,True,26,0,,,,,,,forward,False,outbound,,,5438,7000,162,4.423076923076923,0.9616182572614108,26,230,26,coverage_intent,D19-P01/v13-history-smoke/plan-17,True
2,D19-P01,A_complex_B_simple,G,184,167,0.7976060935799782,,,,0.7768571428571428,,False,0,0,,,,,,,right,False,return,,,5438,7000,162,4.423076923076923,0.9616182572614108,26,230,0,return,,False
2,D19-P01,A_complex_B_simple,G,184,168,0.7977874501269496,,,,0.777,,False,1,0,,,,,,,forward,False,return,,,5439,7000,161,4.423076923076923,0.9616182572614108,26,230,1,return,,False
2,D19-P01,A_complex_B_simple,G,184,169,0.7981501632208923,,,,0.7772857142857142,,False,2,0,,,,,,,forward,False,return,,,5441,7000,159,4.423076923076923,0.9616182572614108,26,230,2,return,,False
2,D19-P01,A_complex_B_simple,G,184,170,0.7981501632208923,,,,0.7772857142857142,,False,0,0,,,,,,,right,False,return,,,5441,7000,159,4.423076923076923,0.9616182572614108,26,230,0,return,,False
2,D19-P01,A_complex_B_simple,G,184,171,0.7981501632208923,,,,0.7772857142857142,,False,0,0,,,,,,,forward,False,return,,,5441,7000,159,4.423076923076923,0.9616182572614108,26,230,0,return,,False
2,D19-P01,A_complex_B_simple,G,184,172,0.7981501632208923,,,,0.7772857142857142,,False,0,0,,,,,,,forward,False,return,,,5441,7000,159,4.423076923076923,0.9616182572614108,26,230,0,return,,False
2,D19-P01,A_complex_B_simple,G,184,173,0.7981501632208923,,,,0.7772857142857142,,False,0,0,,,,,,,forward,False,return,,,5441,7000,159,4.423076923076923,0.9616182572614108,26,230,0,return,,False
2,D19-P01,A_complex_B_simple,G,184,174,0.7981501632208923,,,,0.7772857142857142,,False,0,0,,,,,,,forward,False,return,,,5441,7000,159,4.423076923076923,0.9616182572614108,26,230,0,return,,False
2,D19-P01,A_complex_B_simple,G,184,175,0.7981501632208923,,,,0.7774285714285715,,False,1,0,,,,,,,forward,False,return,,,5442,7000,158,4.423076923076923,0.9616182572614108,26,230,1,return,,False
2,D19-P01,A_complex_B_simple,G,184,176,0.7981501632208923,,,,0.7774285714285715,,False,0,0,,,,,,,forward,False,return,,,5442,7000,158,4.423076923076923,0.9616182572614108,26,230,0,return,,False
2,D19-P01,A_complex_B_simple,G,184,177,0.7981501632208923,,,,0.7774285714285715,,False,0,0,,,,,,,forward,False,return,,,5442,7000,158,4.423076923076923,0.9616182572614108,26,230,0,return,,False
2,D19-P01,A_complex_B_simple,G,184,178,0.7981501632208923,,,,0.7774285714285715,,False,0,0,,,,,,,forward,False,return,,,5442,7000,158,4.423076923076923,0.9616182572614108,26,230,0,return,,False
2,D19-P01,A_complex_B_simple,G,184,179,0.7981501632208923,,,,0.7774285714285715,,False,0,0,,,,,,,forward,False,return,,,5442,7000,158,4.423076923076923,0.9616182572614108,26,230,0,return,,False
2,D19-P01,A_complex_B_simple,G,184,180,0.7981501632208923,,,,0.7774285714285715,,False,0,0,,,,,,,forward,False,return,,,5442,7000,158,4.423076923076923,0.9616182572614108,26,230,0,return,,False
2,D19-P01,A_complex_B_simple,G,184,181,0.7981501632208923,,,,0.7774285714285715,,False,0,0,,,,,,,forward,False,return,,,5442,7000,158,4.423076923076923,0.9616182572614108,26,230,0,return,,False
2,D19-P01,A_complex_B_simple,G,184,182,0.7981501632208923,,,,0.7774285714285715,,False,0,0,,,,,,,forward,False,return,,,5442,7000,158,4.423076923076923,0.9616182572614108,26,230,0,return,,False
2,D19-P01,A_complex_B_simple,G,184,183,0.7981501632208923,,,,0.7774285714285715,,False,0,0,,,,,,,forward,False,return,,,5442,7000,158,4.423076923076923,0.9616182572614108,26,230,0,return,,False
2,D19-P01,A_complex_B_simple,G,184,184,0.7981501632208923,,,,0.7774285714285715,,False,0,0,,,,,,,right,False,return,,,5442,7000,158,4.423076923076923,0.9616182572614108,26,230,0,return,,False
3,D19-P01,A_simple_B_complex,G,184,0,0.22052956111715633,,,,0.2012857142857143,,,,,,,,,,,,,,,,1409,7000,4191,,0.5,0,0,,,,
3,D19-P01,A_simple_B_complex,G,184,1,0.22542618788538266,,,,0.20785714285714285,,True,46,0,,,,,,,forward,False,outbound,,,1455,7000,4145,23.0,0.6666666666666666,1,46,46,coverage_intent,D19-P01/v13-history-smoke/plan-1,False
3,D19-P01,A_simple_B_complex,G,184,2,0.2306855277475517,,,,0.21242857142857144,,True,32,0,,,,,,,forward,False,outbound,,,1487,7000,4113,19.5,0.6666666666666666,2,78,32,coverage_intent,D19-P01/v13-history-smoke/plan-1,False
3,D19-P01,A_simple_B_complex,G,184,3,0.23558215451577802,,,,0.21814285714285714,,True,40,0,,,,,,,forward,False,outbound,,,1527,7000,4073,19.666666666666668,0.7272727272727273,3,118,40,coverage_intent,D19-P01/v13-history-smoke/plan-1,False
3,D19-P01,A_simple_B_complex,G,184,4,0.23975335509611898,,,,0.22242857142857142,,True,30,0,,,,,,,forward,False,outbound,,,1557,7000,4043,18.5,0.7631578947368421,4,148,30,coverage_intent,D19-P01/v13-history-smoke/plan-1,False
3,D19-P01,A_simple_B_complex,G,184,5,0.24356184258251723,,,,0.22728571428571429,,True,34,0,,,,,,,forward,False,outbound,,,1591,7000,4009,18.2,0.7857142857142857,5,182,34,coverage_intent,D19-P01/v13-history-smoke/plan-1,False
3,D19-P01,A_simple_B_complex,G,184,6,0.24718897352194413,,,,0.231,,True,26,0,,,,,,,forward,False,outbound,,,1617,7000,3983,17.333333333333332,0.7906976744186046,6,208,26,coverage_intent,D19-P01/v13-history-smoke/plan-1,False
3,D19-P01,A_simple_B_complex,G,184,7,0.24718897352194413,,,,0.2337142857142857,,True,19,0,,,,,,,right,False,outbound,,,1636,7000,3964,16.214285714285715,0.7906976744186046,7,227,19,coverage_intent,D19-P01/v13-history-smoke/plan-1,False
3,D19-P01,A_simple_B_complex,G,184,8,0.2500906782734857,,,,0.2382857142857143,,True,32,0,,,,,,,forward,False,outbound,,,1668,7000,3932,16.1875,0.5873015873015873,8,259,32,coverage_intent,D19-P01/v13-history-smoke/plan-1,False
3,D19-P01,A_simple_B_complex,G,184,9,0.25281102647805587,,,,0.24342857142857144,,True,36,0,,,,,,,forward,False,outbound,,,1704,7000,3896,16.38888888888889,0.6231884057971014,9,295,36,coverage_intent,D19-P01/v13-history-smoke/plan-1,False
3,D19-P01,A_simple_B_complex,G,184,10,0.25281102647805587,,,,0.24342857142857144,,True,0,0,,,,,,,left,False,outbound,,,1704,7000,3896,14.75,0.6231884057971014,10,295,0,coverage_intent,D19-P01/v13-history-smoke/plan-1,False
3,D19-P01,A_simple_B_complex,G,184,11,0.254443235400798,,,,0.245,,True,11,0,,,,,,,forward,False,outbound,,,1715,7000,3885,13.909090909090908,0.6388888888888888,11,306,11,coverage_intent,D19-P01/v13-history-smoke/plan-1,False
3,D19-P01,A_simple_B_complex,G,184,12,0.25643815741748277,,,,0.247,,True,14,0,,,,,,,forward,False,outbound,,,1729,7000,3871,13.333333333333334,0.6486486486486487,12,320,14,coverage_intent,D19-P01/v13-history-smoke/plan-1,False
3,D19-P01,A_simple_B_complex,G,184,13,0.2589771490750816,,,,0.24928571428571428,,True,16,0,,,,,,,forward,False,outbound,,,1745,7000,3855,12.923076923076923,0.6623376623376623,13,336,16,coverage_intent,D19-P01/v13-history-smoke/plan-1,False
3,D19-P01,A_simple_B_complex,G,184,14,0.2607907145447951,,,,0.251,,True,12,0,,,,,,,forward,False,outbound,,,1757,7000,3843,12.428571428571429,0.675,14,348,12,coverage_intent,D19-P01/v13-history-smoke/plan-1,False
3,D19-P01,A_simple_B_complex,G,184,15,0.26332970620239393,,,,0.253,,True,14,0,,,,,,,forward,False,outbound,,,1771,7000,3829,12.066666666666666,0.6904761904761905,15,362,14,coverage_intent,D19-P01/v13-history-smoke/plan-1,False
3,D19-P01,A_simple_B_complex,G,184,16,0.26550598476605003,,,,0.2547142857142857,,True,12,0,,,,,,,forward,False,outbound,,,1783,7000,3817,11.6875,0.7045454545454546,16,374,12,coverage_intent,D19-P01/v13-history-smoke/plan-1,False
3,D19-P01,A_simple_B_complex,G,184,17,0.2680449764236489,,,,0.25671428571428573,,True,14,0,,,,,,,forward,False,outbound,,,1797,7000,3803,11.411764705882353,0.717391304347826,17,388,14,coverage_intent,D19-P01/v13-history-smoke/plan-1,False
3,D19-P01,A_simple_B_complex,G,184,18,0.2729416031918752,,,,0.26085714285714284,,True,29,0,,,,,,,forward,False,outbound,,,1826,7000,3774,11.583333333333334,0.7319587628865979,18,417,29,coverage_intent,D19-P01/v13-history-smoke/plan-1,False
3,D19-P01,A_simple_B_complex,G,184,19,0.2769314472252448,,,,0.2642857142857143,,True,24,0,,,,,,,forward,False,outbound,,,1850,7000,3750,11.605263157894736,0.7450980392156863,19,441,24,coverage_intent,D19-P01/v13-history-smoke/plan-1,False
3,D19-P01,A_simple_B_complex,G,184,20,0.28327892636924196,,,,0.26985714285714285,,True,39,0,,,,,,,forward,False,outbound,,,1889,7000,3711,12.0,0.7592592592592593,20,480,39,coverage_intent,D19-P01/v13-history-smoke/plan-1,False
3,D19-P01,A_simple_B_complex,G,184,21,0.289082335872325,,,,0.275,,True,36,0,,,,,,,forward,False,outbound,,,1925,7000,3675,12.285714285714286,0.7719298245614035,21,516,36,coverage_intent,D19-P01/v13-history-smoke/plan-1,False
3,D19-P01,A_simple_B_complex,G,184,22,0.29289082335872324,,,,0.278,,True,21,0,,,,,,,forward,False,outbound,,,1946,7000,3654,12.204545454545455,0.7851239669421488,22,537,21,coverage_intent,D19-P01/v13-history-smoke/plan-1,False
3,D19-P01,A_simple_B_complex,G,184,23,0.2983315197678636,,,,0.283,,True,35,0,,,,,,,forward,False,outbound,,,1981,7000,3619,12.434782608695652,0.7984496124031008,23,572,35,coverage_intent,D19-P01/v13-history-smoke/plan-1,False
3,D19-P01,A_simple_B_complex,G,184,24,0.30449764236488935,,,,0.28814285714285715,,True,36,0,,,,,,,forward,False,outbound,,,2017,7000,3583,12.666666666666666,0.8102189781021898,24,608,36,coverage_intent,D19-P01/v13-history-smoke/plan-1,False
3,D19-P01,A_simple_B_complex,G,184,25,0.3113891911498005,,,,0.29414285714285715,,True,42,0,,,,,,,forward,False,outbound,,,2059,7000,3541,13.0,0.8206896551724138,25,650,42,coverage_intent,D19-P01/v13-history-smoke/plan-1,False
3,D19-P01,A_simple_B_complex,G,184,26,0.318462096481683,,,,0.3007142857142857,,True,46,0,,,,,,,forward,False,outbound,,,2105,7000,3495,13.384615384615385,0.8311688311688312,26,696,46,coverage_intent,D19-P01/v13-history-smoke/plan-1,False
3,D19-P01,A_simple_B_complex,G,184,27,0.3251722887196228,,,,0.3087142857142857,,True,56,0,,,,,,,forward,False,outbound,,,2161,7000,3439,13.925925925925926,0.8414634146341463,27,752,56,coverage_intent,D19-P01/v13-history-smoke/plan-1,False
3,D19-P01,A_simple_B_complex,G,184,28,0.33224519405150527,,,,0.31557142857142856,,True,48,0,,,,,,,forward,False,outbound,,,2209,7000,3391,14.285714285714286,0.8505747126436781,28,800,48,coverage_intent,D19-P01/v13-history-smoke/plan-1,True
3,D19-P01,A_simple_B_complex,G,184,29,0.3376858904606456,,,,0.3202857142857143,,True,33,0,,,,,,,forward,False,outbound,,,2242,7000,3358,14.362068965517242,0.8586956521739131,29,833,33,coverage_intent,D19-P01/v13-history-smoke/plan-2,False
3,D19-P01,A_simple_B_complex,G,184,30,0.34602829162132753,,,,0.32785714285714285,,True,53,0,,,,,,,forward,False,outbound,,,2295,7000,3305,14.766666666666667,0.865979381443299,30,886,53,coverage_intent,D19-P01/v13-history-smoke/plan-2,False
3,D19-P01,A_simple_B_complex,G,184,31,0.352557127312296,,,,0.333,,True,36,0,,,,,,,forward,False,outbound,,,2331,7000,3269,14.23076923076923,0.8725490196078431,26,740,36,coverage_intent,D19-P01/v13-history-smoke/plan-2,False
3,D19-P01,A_simple_B_complex,G,184,32,0.3601741022850925,,,,0.3395714285714286,,True,46,0,,,,,,,forward,False,outbound,,,2377,7000,3223,14.555555555555555,0.8790697674418605,27,786,46,coverage_intent,D19-P01/v13-history-smoke/plan-2,False
3,D19-P01,A_simple_B_complex,G,184,33,0.367791077257889,,,,0.346,,True,45,0,,,,,,,forward,False,outbound,,,2422,7000,3178,14.839285714285714,0.8849557522123894,28,831,45,coverage_intent,D19-P01/v13-history-smoke/plan-2,False
3,D19-P01,A_simple_B_complex,G,184,34,0.37431991294885747,,,,0.3514285714285714,,True,38,0,,,,,,,forward,False,outbound,,,2460,7000,3140,14.982758620689655,0.890295358649789,29,869,38,coverage_intent,D19-P01/v13-history-smoke/plan-2,False
3,D19-P01,A_simple_B_complex,G,184,35,0.3864708015959376,,,,0.36128571428571427,,True,69,0,,,,,,,forward,False,outbound,,,2529,7000,3071,15.633333333333333,0.8951612903225806,30,938,69,coverage_intent,D19-P01/v13-history-smoke/plan-2,False
3,D19-P01,A_simple_B_complex,G,184,36,0.3991657598839318,,,,0.3717142857142857,,True,73,0,,,,,,,forward,False,outbound,,,2602,7000,2998,17.26923076923077,0.9003831417624522,26,898,73,coverage_intent,D19-P01/v13-history-smoke/plan-2,False
3,D19-P01,A_simple_B_complex,G,184,37,0.4203844758795793,,,,0.3884285714285714,,True,117,0,,,,,,,forward,False,outbound,,,2719,7000,2881,18.796296296296298,0.9054545454545454,27,1015,117,coverage_intent,D19-P01/v13-history-smoke/plan-2,False
3,D19-P01,A_simple_B_complex,G,184,38,0.44486760972071093,,,,0.4084285714285714,,True,140,0,,,,,,,forward,False,outbound,,,2859,7000,2741,20.625,0.9106529209621993,28,1155,140,coverage_intent,D19-P01/v13-history-smoke/plan-2,False
3,D19-P01,A_simple_B_complex,G,184,39,0.4709829524845847,,,,0.431,,True,158,0,,,,,,,forward,False,outbound,,,3017,7000,2583,22.637931034482758,0.9158576051779935,29,1313,158,coverage_intent,D19-P01/v13-history-smoke/plan-2,False
3,D19-P01,A_simple_B_complex,G,184,40,0.4923830250272035,,,,0.45985714285714285,,True,202,0,,,,,,,forward,False,outbound,,,3219,7000,2381,25.25,0.9207317073170732,30,1515,202,coverage_intent,D19-P01/v13-history-smoke/plan-2,False
3,D19-P01,A_simple_B_complex,G,184,41,0.499455930359086,,,,0.468,,True,57,0,,,,,,,forward,False,outbound,,,3276,7000,2324,28.942307692307693,0.9230769230769231,26,1505,57,coverage_intent,D19-P01/v13-history-smoke/plan-2,True
3,D19-P01,A_simple_B_complex,G,184,42,0.499455930359086,,,,0.469,,False,7,0,,,,,,,left,False,outbound,,,3283,7000,2317,28.942307692307693,0.9230769230769231,26,1505,7,quality_intent,D19-P01/v13-history-smoke/plan-3,False
3,D19-P01,A_simple_B_complex,G,184,43,0.499455930359086,,,,0.469,,False,0,0,,,,,,,left,False,outbound,,,3283,7000,2317,28.942307692307693,0.9230769230769231,26,1505,0,quality_intent,D19-P01/v13-history-smoke/plan-3,True
3,D19-P01,A_simple_B_complex,G,184,44,0.499455930359086,,,,0.47014285714285714,,False,8,0,,,,,,,left,False,outbound,,,3291,7000,2309,28.942307692307693,0.9230769230769231,26,1505,8,quality_intent,D19-P01/v13-history-smoke/plan-4,False
3,D19-P01,A_simple_B_complex,G,184,45,0.4998186434530287,,,,0.4704285714285714,,False,2,0,,,,,,,left,False,outbound,,,3293,7000,2307,28.942307692307693,0.9230769230769231,26,1505,2,quality_intent,D19-P01/v13-history-smoke/plan-4,True
3,D19-P01,A_simple_B_complex,G,184,46,0.4998186434530287,,,,0.4707142857142857,,False,2,0,,,,,,,left,False,outbound,,,3295,7000,2305,28.942307692307693,0.9230769230769231,26,1505,2,quality_intent,D19-P01/v13-history-smoke/plan-5,False
3,D19-P01,A_simple_B_complex,G,184,47,0.4998186434530287,,,,0.4707142857142857,,False,0,0,,,,,,,left,False,outbound,,,3295,7000,2305,28.942307692307693,0.9230769230769231,26,1505,0,quality_intent,D19-P01/v13-history-smoke/plan-5,True
3,D19-P01,A_simple_B_complex,G,184,48,0.4998186434530287,,,,0.4712857142857143,,False,4,0,,,,,,,left,False,outbound,,,3299,7000,2301,28.942307692307693,0.9230769230769231,26,1505,4,quality_intent,D19-P01/v13-history-smoke/plan-6,False
3,D19-P01,A_simple_B_complex,G,184,49,0.4998186434530287,,,,0.4712857142857143,,False,0,0,,,,,,,left,False,outbound,,,3299,7000,2301,28.942307692307693,0.9230769230769231,26,1505,0,quality_intent,D19-P01/v13-history-smoke/plan-6,True
3,D19-P01,A_simple_B_complex,G,184,50,0.5,,,,0.4715714285714286,,False,2,0,,,,,,,left,False,outbound,,,3301,7000,2299,28.942307692307693,0.9230769230769231,26,1505,2,quality_intent,D19-P01/v13-history-smoke/plan-7,False
3,D19-P01,A_simple_B_complex,G,184,51,0.5,,,,0.4715714285714286,,False,0,0,,,,,,,left,False,outbound,,,3301,7000,2299,28.942307692307693,0.9230769230769231,26,1505,0,quality_intent,D19-P01/v13-history-smoke/plan-7,True
3,D19-P01,A_simple_B_complex,G,184,52,0.5,,,,0.4715714285714286,,False,0,0,,,,,,,left,False,outbound,,,3301,7000,2299,28.942307692307693,0.9230769230769231,26,1505,0,quality_intent,D19-P01/v13-history-smoke/plan-8,False
3,D19-P01,A_simple_B_complex,G,184,53,0.5,,,,0.4715714285714286,,False,0,0,,,,,,,left,False,outbound,,,3301,7000,2299,28.942307692307693,0.9230769230769231,26,1505,0,quality_intent,D19-P01/v13-history-smoke/plan-8,True
3,D19-P01,A_simple_B_complex,G,184,54,0.5,,,,0.4715714285714286,,False,0,0,,,,,,,left,False,outbound,,,3301,7000,2299,28.942307692307693,0.9230769230769231,26,1505,0,quality_intent,D19-P01/v13-history-smoke/plan-9,False
3,D19-P01,A_simple_B_complex,G,184,55,0.5,,,,0.4715714285714286,,False,0,0,,,,,,,left,False,outbound,,,3301,7000,2299,28.942307692307693,0.9230769230769231,26,1505,0,quality_intent,D19-P01/v13-history-smoke/plan-9,True
3,D19-P01,A_simple_B_complex,G,184,56,0.5,,,,0.4715714285714286,,True,0,0,,,,,,,right,False,outbound,,,3301,7000,2299,31.522727272727273,0.9230769230769231,22,1387,0,coverage_intent,D19-P01/v13-history-smoke/plan-10,False
3,D19-P01,A_simple_B_complex,G,184,57,0.5067101922379398,,,,0.47914285714285715,,True,53,0,,,,,,,forward,False,outbound,,,3354,7000,2246,31.304347826086957,0.9255014326647565,23,1440,53,coverage_intent,D19-P01/v13-history-smoke/plan-10,False
3,D19-P01,A_simple_B_complex,G,184,58,0.5132390279289082,,,,0.48614285714285715,,True,49,0,,,,,,,forward,False,outbound,,,3403,7000,2197,31.020833333333332,0.928374655647383,24,1489,49,coverage_intent,D19-P01/v13-history-smoke/plan-10,False
3,D19-P01,A_simple_B_complex,G,184,59,0.5179542981501633,,,,0.49714285714285716,,True,77,0,,,,,,,forward,False,outbound,,,3480,7000,2120,31.32,0.9310344827586207,25,1566,77,coverage_intent,D19-P01/v13-history-smoke/plan-10,False
3,D19-P01,A_simple_B_complex,G,184,60,0.5221254987305042,,,,0.5045714285714286,,True,52,0,,,,,,,forward,False,outbound,,,3532,7000,2068,31.115384615384617,0.9329896907216495,26,1618,52,coverage_intent,D19-P01/v13-history-smoke/plan-10,False
3,D19-P01,A_simple_B_complex,G,184,61,0.5255712731229597,,,,0.51,,True,38,0,,,,,,,forward,False,outbound,,,3570,7000,2030,33.77272727272727,0.9346733668341709,22,1486,38,coverage_intent,D19-P01/v13-history-smoke/plan-10,False
3,D19-P01,A_simple_B_complex,G,184,62,0.5297424737033007,,,,0.5141428571428571,,True,29,0,,,,,,,forward,False,outbound,,,3599,7000,2001,32.93478260869565,0.9361179361179361,23,1515,29,coverage_intent,D19-P01/v13-history-smoke/plan-10,False
3,D19-P01,A_simple_B_complex,G,184,63,0.5331882480957563,,,,0.5182857142857142,,True,29,0,,,,,,,forward,False,outbound,,,3628,7000,1972,32.166666666666664,0.9373493975903614,24,1544,29,coverage_intent,D19-P01/v13-history-smoke/plan-10,False
3,D19-P01,A_simple_B_complex,G,184,64,0.5368153790351832,,,,0.522,,True,26,0,,,,,,,forward,False,outbound,,,3654,7000,1946,31.4,0.9383886255924171,25,1570,26,coverage_intent,D19-P01/v13-history-smoke/plan-10,False
3,D19-P01,A_simple_B_complex,G,184,65,0.5402611534276387,,,,0.5251428571428571,,True,22,0,,,,,,,forward,False,outbound,,,3676,7000,1924,30.615384615384617,0.9395348837209302,26,1592,22,coverage_intent,D19-P01/v13-history-smoke/plan-10,False
3,D19-P01,A_simple_B_complex,G,184,66,0.543525571273123,,,,0.5282857142857142,,True,22,0,,,,,,,forward,False,outbound,,,3698,7000,1902,31.318181818181817,0.9403669724770642,22,1378,22,coverage_intent,D19-P01/v13-history-smoke/plan-10,False
3,D19-P01,A_simple_B_complex,G,184,67,0.5466086325716358,,,,0.531,,True,19,0,,,,,,,forward,False,outbound,,,3717,7000,1883,30.369565217391305,0.9413092550790068,23,1397,19,coverage_intent,D19-P01/v13-history-smoke/plan-10,False
3,D19-P01,A_simple_B_complex,G,184,68,0.5498730504171201,,,,0.5337142857142857,,True,19,0,,,,,,,forward,False,outbound,,,3736,7000,1864,29.5,0.9419642857142857,24,1416,19,coverage_intent,D19-P01/v13-history-smoke/plan-10,False
3,D19-P01,A_simple_B_complex,G,184,69,0.5531374682626042,,,,0.5364285714285715,,True,19,0,,,,,,,forward,False,outbound,,,3755,7000,1845,28.7,0.9426048565121413,25,1435,19,coverage_intent,D19-P01/v13-history-smoke/plan-10,False
3,D19-P01,A_simple_B_complex,G,184,70,0.5565832426550599,,,,0.5394285714285715,,True,21,0,,,,,,,forward,False,outbound,,,3776,7000,1824,28.0,0.9433551198257081,26,1456,21,coverage_intent,D19-P01/v13-history-smoke/plan-10,False
3,D19-P01,A_simple_B_complex,G,184,71,0.5603917301414582,,,,0.5425714285714286,,True,22,0,,,,,,,forward,False,outbound,,,3798,7000,1802,28.272727272727273,0.9440860215053763,22,1244,22,coverage_intent,D19-P01/v13-history-smoke/plan-10,False
3,D19-P01,A_simple_B_complex,G,184,72,0.563474791439971,,,,0.545,,True,17,0,,,,,,,forward,False,outbound,,,3815,7000,1785,27.41304347826087,0.9447983014861996,23,1261,17,coverage_intent,D19-P01/v13-history-smoke/plan-10,False
3,D19-P01,A_simple_B_complex,G,184,73,0.5669205658324266,,,,0.5478571428571428,,True,20,0,,,,,,,forward,False,outbound,,,3835,7000,1765,26.6875,0.9454926624737946,24,1281,20,coverage_intent,D19-P01/v13-history-smoke/plan-10,False
3,D19-P01,A_simple_B_complex,G,184,74,0.5714544795067102,,,,0.5515714285714286,,True,26,0,,,,,,,forward,False,outbound,,,3861,7000,1739,26.14,0.9461697722567288,25,1307,26,coverage_intent,D19-P01/v13-history-smoke/plan-10,False
3,D19-P01,A_simple_B_complex,G,184,75,0.5772578890097932,,,,0.5565714285714286,,True,35,0,,,,,,,forward,False,outbound,,,3896,7000,1704,25.807692307692307,0.9469387755102041,26,1342,35,coverage_intent,D19-P01/v13-history-smoke/plan-10,False
3,D19-P01,A_simple_B_complex,G,184,76,0.5812477330431629,,,,0.5598571428571428,,True,23,0,,,,,,,forward,False,outbound,,,3919,7000,1681,15.340909090909092,0.9476861167002012,22,675,23,coverage_intent,D19-P01/v13-history-smoke/plan-10,False
3,D19-P01,A_simple_B_complex,G,184,77,0.5865070729053319,,,,0.564,,True,29,0,,,,,,,forward,False,outbound,,,3948,7000,1652,15.304347826086957,0.9485148514851485,23,704,29,coverage_intent,D19-P01/v13-history-smoke/plan-10,False
3,D19-P01,A_simple_B_complex,G,184,78,0.592854552049329,,,,0.569,,True,35,0,,,,,,,forward,False,outbound,,,3983,7000,1617,15.395833333333334,0.949317738791423,24,739,35,coverage_intent,D19-P01/v13-history-smoke/plan-10,False
3,D19-P01,A_simple_B_complex,G,184,79,0.5995647442872688,,,,0.5754285714285714,,True,45,0,,,,,,,forward,False,outbound,,,4028,7000,1572,15.68,0.9502868068833652,25,784,45,coverage_intent,D19-P01/v13-history-smoke/plan-10,False
3,D19-P01,A_simple_B_complex,G,184,80,0.6068190061661226,,,,0.582,,True,46,0,,,,,,,forward,False,outbound,,,4074,7000,1526,15.961538461538462,0.951310861423221,26,830,46,coverage_intent,D19-P01/v13-history-smoke/plan-10,True
3,D19-P01,A_simple_B_complex,G,184,81,0.6158868335146899,,,,0.5904285714285714,,True,59,0,,,,,,,forward,False,outbound,,,4133,7000,1467,16.0,0.9524680073126143,26,832,59,coverage_intent,D19-P01/v13-history-smoke/plan-11,False
3,D19-P01,A_simple_B_complex,G,184,82,0.622234312658687,,,,0.5972857142857143,,True,48,0,,,,,,,forward,False,outbound,,,4181,7000,1419,16.296296296296298,0.9536541889483066,27,880,48,coverage_intent,D19-P01/v13-history-smoke/plan-11,False
3,D19-P01,A_simple_B_complex,G,184,83,0.6296699310845122,,,,0.6124285714285714,,True,106,0,,,,,,,forward,False,outbound,,,4287,7000,1313,17.607142857142858,0.9549393414211439,28,986,106,coverage_intent,D19-P01/v13-history-smoke/plan-11,False
3,D19-P01,A_simple_B_complex,G,184,84,0.6409140369967355,,,,0.6241428571428571,,True,82,0,,,,,,,forward,False,outbound,,,4369,7000,1231,18.413793103448278,0.9554030874785592,29,1068,82,coverage_intent,D19-P01/v13-history-smoke/plan-11,False
3,D19-P01,A_simple_B_complex,G,184,85,0.6539717083786725,,,,0.6382857142857142,,True,99,0,,,,,,,forward,False,outbound,,,4468,7000,1132,19.45,0.95578231292517,30,1167,99,coverage_intent,D19-P01/v13-history-smoke/plan-11,False
3,D19-P01,A_simple_B_complex,G,184,86,0.656873413130214,,,,0.6412857142857142,,True,21,0,,,,,,,forward,False,outbound,,,4489,7000,1111,18.403846153846153,0.956081081081081,26,957,21,coverage_intent,D19-P01/v13-history-smoke/plan-11,True
3,D19-P01,A_simple_B_complex,G,184,87,0.6599564744287268,,,,0.6447142857142857,,True,24,0,,,,,,,forward,False,outbound,,,4513,7000,1087,18.166666666666668,0.9563025210084034,27,981,24,coverage_intent,D19-P01/v13-history-smoke/plan-12,False
3,D19-P01,A_simple_B_complex,G,184,88,0.6599564744287268,,,,0.6447142857142857,,True,0,0,,,,,,,left,False,outbound,,,4513,7000,1087,17.517857142857142,0.9563025210084034,28,981,0,coverage_intent,D19-P01/v13-history-smoke/plan-12,False
3,D19-P01,A_simple_B_complex,G,184,89,0.6626768226332971,,,,0.6472857142857142,,True,18,0,,,,,,,forward,False,outbound,,,4531,7000,1069,17.224137931034484,0.9565217391304348,29,999,18,coverage_intent,D19-P01/v13-history-smoke/plan-12,False
3,D19-P01,A_simple_B_complex,G,184,90,0.6646717446499819,,,,0.6492857142857142,,True,14,0,,,,,,,forward,False,outbound,,,4545,7000,1055,16.883333333333333,0.9568106312292359,30,1013,14,coverage_intent,D19-P01/v13-history-smoke/plan-12,False
3,D19-P01,A_simple_B_complex,G,184,91,0.6666666666666666,,,,0.6511428571428571,,True,13,0,,,,,,,forward,False,outbound,,,4558,7000,1042,16.96153846153846,0.9570957095709571,26,882,13,coverage_intent,D19-P01/v13-history-smoke/plan-12,False
3,D19-P01,A_simple_B_complex,G,184,92,0.6692056583242655,,,,0.6534285714285715,,True,16,0,,,,,,,forward,False,outbound,,,4574,7000,1026,16.62962962962963,0.9573770491803278,27,898,16,coverage_intent,D19-P01/v13-history-smoke/plan-12,False
3,D19-P01,A_simple_B_complex,G,184,93,0.6717446499818643,,,,0.6554285714285715,,True,14,0,,,,,,,forward,False,outbound,,,4588,7000,1012,16.285714285714285,0.9577235772357724,28,912,14,coverage_intent,D19-P01/v13-history-smoke/plan-12,False
3,D19-P01,A_simple_B_complex,G,184,94,0.6770039898440333,,,,0.6595714285714286,,True,29,0,,,,,,,forward,False,outbound,,,4617,7000,983,16.224137931034484,0.9580645161290322,29,941,29,coverage_intent,D19-P01/v13-history-smoke/plan-12,False
3,D19-P01,A_simple_B_complex,G,184,95,0.6797243380486035,,,,0.6617142857142857,,True,15,0,,,,,,,forward,False,outbound,,,4632,7000,968,15.933333333333334,0.9584664536741214,30,956,15,coverage_intent,D19-P01/v13-history-smoke/plan-12,False
3,D19-P01,A_simple_B_complex,G,184,96,0.6873413130214001,,,,0.6677142857142857,,True,42,0,,,,,,,forward,False,outbound,,,4674,7000,926,17.26923076923077,0.9589905362776026,26,898,42,coverage_intent,D19-P01/v13-history-smoke/plan-12,False
3,D19-P01,A_simple_B_complex,G,184,97,0.6918752266956837,,,,0.6721428571428572,,True,31,0,,,,,,,forward,False,outbound,,,4705,7000,895,17.203703703703702,0.9595015576323987,27,929,31,coverage_intent,D19-P01/v13-history-smoke/plan-12,False
3,D19-P01,A_simple_B_complex,G,184,98,0.7016684802321363,,,,0.6804285714285714,,True,58,0,,,,,,,forward,False,outbound,,,4763,7000,837,17.625,0.9604863221884499,28,987,58,coverage_intent,D19-P01/v13-history-smoke/plan-12,False
3,D19-P01,A_simple_B_complex,G,184,99,0.710373594486761,,,,0.6881428571428572,,True,54,0,,,,,,,forward,False,outbound,,,4817,7000,783,17.948275862068964,0.961764705882353,29,1041,54,coverage_intent,D19-P01/v13-history-smoke/plan-12,False
3,D19-P01,A_simple_B_complex,G,184,100,0.7199854914762422,,,,0.6971428571428572,,True,63,0,,,,,,,forward,False,outbound,,,4880,7000,720,18.4,0.9599447513812155,30,1104,63,coverage_intent,D19-P01/v13-history-smoke/plan-12,True
3,D19-P01,A_simple_B_complex,G,184,101,0.7286906057308669,,,,0.7062857142857143,,True,64,0,,,,,,,forward,False,outbound,,,4944,7000,656,20.153846153846153,0.9609375,26,1048,64,coverage_intent,D19-P01/v13-history-smoke/plan-13,True
3,D19-P01,A_simple_B_complex,G,184,102,0.7330431628581792,,,,0.7114285714285714,,True,36,0,,,,,,,forward,False,outbound,,,4980,7000,620,20.074074074074073,0.9556962025316456,27,1084,36,coverage_intent,D19-P01/v13-history-smoke/plan-14,False
3,D19-P01,A_simple_B_complex,G,184,103,0.7372143634385201,,,,0.7151428571428572,,True,26,0,,,,,,,forward,False,outbound,,,5006,7000,594,19.821428571428573,0.95625,28,1110,26,coverage_intent,D19-P01/v13-history-smoke/plan-14,False
3,D19-P01,A_simple_B_complex,G,184,104,0.7413855640188611,,,,0.719,,True,27,0,,,,,,,forward,False,outbound,,,5033,7000,567,19.603448275862068,0.9567901234567902,29,1137,27,coverage_intent,D19-P01/v13-history-smoke/plan-14,False
3,D19-P01,A_simple_B_complex,G,184,105,0.7455567645992021,,,,0.7227142857142858,,True,26,0,,,,,,,forward,False,outbound,,,5059,7000,541,19.383333333333333,0.9573170731707317,30,1163,26,coverage_intent,D19-P01/v13-history-smoke/plan-14,False
3,D19-P01,A_simple_B_complex,G,184,106,0.7500906782734856,,,,0.727,,True,30,0,,,,,,,forward,False,outbound,,,5089,7000,511,19.51923076923077,0.9578313253012049,26,1015,30,coverage_intent,D19-P01/v13-history-smoke/plan-14,True
3,D19-P01,A_simple_B_complex,G,184,107,0.7528110264780559,,,,0.7311428571428571,,True,29,0,,,,,,,forward,False,outbound,,,5118,7000,482,19.333333333333332,0.9583333333333334,27,1044,29,coverage_intent,D19-P01/v13-history-smoke/plan-15,False
3,D19-P01,A_simple_B_complex,G,184,108,0.754987305041712,,,,0.7384285714285714,,True,51,0,,,,,,,forward,False,outbound,,,5169,7000,431,19.553571428571427,0.9588235294117647,28,1095,51,coverage_intent,D19-P01/v13-history-smoke/plan-15,False
3,D19-P01,A_simple_B_complex,G,184,109,0.7566195139644541,,,,0.7404285714285714,,True,14,0,,,,,,,forward,False,outbound,,,5183,7000,417,19.120689655172413,0.9590643274853801,29,1109,14,coverage_intent,D19-P01/v13-history-smoke/plan-15,True
3,D19-P01,A_simple_B_complex,G,184,110,0.7578890097932536,,,,0.7414285714285714,,True,7,0,,,,,,,forward,False,outbound,,,5190,7000,410,18.6,0.959254947613504,30,1116,7,coverage_intent,D19-P01/v13-history-smoke/plan-16,False
3,D19-P01,A_simple_B_complex,G,184,111,0.7587957925281102,,,,0.7421428571428571,,True,5,0,,,,,,,forward,False,outbound,,,5195,7000,405,13.98076923076923,0.959349593495935,26,727,5,coverage_intent,D19-P01/v13-history-smoke/plan-16,True
3,D19-P01,A_simple_B_complex,G,184,112,0.7595212187159956,,,,0.7427142857142857,,True,4,0,,,,,,,forward,False,outbound,,,5199,7000,401,13.537037037037036,0.9594438006952491,27,731,4,coverage_intent,D19-P01/v13-history-smoke/plan-17,False
3,D19-P01,A_simple_B_complex,G,184,113,0.7598839318099383,,,,0.743,,True,2,0,,,,,,,forward,False,outbound,,,5201,7000,399,13.089285714285714,0.9594907407407407,28,733,2,coverage_intent,D19-P01/v13-history-smoke/plan-17,False
3,D19-P01,A_simple_B_complex,G,184,114,0.760246644903881,,,,0.7434285714285714,,True,3,0,,,,,,,forward,False,outbound,,,5204,7000,396,12.689655172413794,0.9595375722543352,29,736,3,coverage_intent,D19-P01/v13-history-smoke/plan-17,False
3,D19-P01,A_simple_B_complex,G,184,115,0.760246644903881,,,,0.7434285714285714,,True,0,0,,,,,,,forward,False,outbound,,,5204,7000,396,12.266666666666667,0.9595375722543352,30,736,0,coverage_intent,D19-P01/v13-history-smoke/plan-17,False
3,D19-P01,A_simple_B_complex,G,184,116,0.760246644903881,,,,0.7434285714285714,,True,0,0,,,,,,,forward,False,outbound,,,5204,7000,396,12.673076923076923,0.9595375722543352,26,659,0,coverage_intent,D19-P01/v13-history-smoke/plan-17,False
3,D19-P01,A_simple_B_complex,G,184,117,0.760246644903881,,,,0.7435714285714285,,True,1,0,,,,,,,forward,False,outbound,,,5205,7000,395,12.222222222222221,0.9595375722543352,27,660,1,coverage_intent,D19-P01/v13-history-smoke/plan-17,False
3,D19-P01,A_simple_B_complex,G,184,118,0.760246644903881,,,,0.7435714285714285,,True,0,0,,,,,,,forward,False,outbound,,,5205,7000,395,11.785714285714286,0.9595375722543352,28,660,0,coverage_intent,D19-P01/v13-history-smoke/plan-17,False
3,D19-P01,A_simple_B_complex,G,184,119,0.760246644903881,,,,0.7435714285714285,,True,0,0,,,,,,,forward,False,outbound,,,5205,7000,395,11.379310344827585,0.9595375722543352,29,660,0,coverage_intent,D19-P01/v13-history-smoke/plan-17,False
3,D19-P01,A_simple_B_complex,G,184,120,0.760246644903881,,,,0.7435714285714285,,True,0,0,,,,,,,forward,False,outbound,,,5205,7000,395,11.0,0.9595375722543352,30,660,0,coverage_intent,D19-P01/v13-history-smoke/plan-17,False
3,D19-P01,A_simple_B_complex,G,184,121,0.760246644903881,,,,0.7437142857142857,,True,1,0,,,,,,,forward,False,outbound,,,5206,7000,394,11.038461538461538,0.9595375722543352,26,574,1,coverage_intent,D19-P01/v13-history-smoke/plan-17,False
3,D19-P01,A_simple_B_complex,G,184,122,0.760246644903881,,,,0.7437142857142857,,True,0,0,,,,,,,forward,False,outbound,,,5206,7000,394,10.62962962962963,0.9595375722543352,27,574,0,coverage_intent,D19-P01/v13-history-smoke/plan-17,False
3,D19-P01,A_simple_B_complex,G,184,123,0.760246644903881,,,,0.7437142857142857,,True,0,0,,,,,,,forward,False,outbound,,,5206,7000,394,10.25,0.9595375722543352,28,574,0,coverage_intent,D19-P01/v13-history-smoke/plan-17,False
3,D19-P01,A_simple_B_complex,G,184,124,0.760246644903881,,,,0.7437142857142857,,True,0,0,,,,,,,left,False,outbound,,,5206,7000,394,9.89655172413793,0.9595375722543352,29,574,0,coverage_intent,D19-P01/v13-history-smoke/plan-17,False
3,D19-P01,A_simple_B_complex,G,184,125,0.760246644903881,,,,0.7438571428571429,,True,1,0,,,,,,,forward,False,outbound,,,5207,7000,393,9.583333333333334,0.9595375722543352,30,575,1,coverage_intent,D19-P01/v13-history-smoke/plan-17,False
3,D19-P01,A_simple_B_complex,G,184,126,0.760246644903881,,,,0.744,,True,1,0,,,,,,,forward,False,outbound,,,5208,7000,392,6.3076923076923075,0.9595375722543352,26,328,1,coverage_intent,D19-P01/v13-history-smoke/plan-17,False
3,D19-P01,A_simple_B_complex,G,184,127,0.760246644903881,,,,0.744,,True,0,0,,,,,,,forward,False,outbound,,,5208,7000,392,6.074074074074074,0.9595375722543352,27,328,0,coverage_intent,D19-P01/v13-history-smoke/plan-17,False
3,D19-P01,A_simple_B_complex,G,184,128,0.760246644903881,,,,0.744,,True,0,0,,,,,,,forward,False,outbound,,,5208,7000,392,5.857142857142857,0.9595375722543352,28,328,0,coverage_intent,D19-P01/v13-history-smoke/plan-17,False
3,D19-P01,A_simple_B_complex,G,184,129,0.760246644903881,,,,0.744,,True,0,0,,,,,,,forward,False,outbound,,,5208,7000,392,5.655172413793103,0.9595375722543352,29,328,0,coverage_intent,D19-P01/v13-history-smoke/plan-17,False
3,D19-P01,A_simple_B_complex,G,184,130,0.760246644903881,,,,0.744,,True,0,0,,,,,,,forward,False,outbound,,,5208,7000,392,5.466666666666667,0.9595375722543352,30,328,0,coverage_intent,D19-P01/v13-history-smoke/plan-17,False
3,D19-P01,A_simple_B_complex,G,184,131,0.760246644903881,,,,0.744,,True,0,0,,,,,,,forward,False,outbound,,,5208,7000,392,2.8653846153846154,0.9595375722543352,26,149,0,coverage_intent,D19-P01/v13-history-smoke/plan-17,False
3,D19-P01,A_simple_B_complex,G,184,132,0.760246644903881,,,,0.744,,True,0,0,,,,,,,forward,False,outbound,,,5208,7000,392,2.759259259259259,0.9595375722543352,27,149,0,coverage_intent,D19-P01/v13-history-smoke/plan-17,False
3,D19-P01,A_simple_B_complex,G,184,133,0.760246644903881,,,,0.744,,True,0,0,,,,,,,forward,False,outbound,,,5208,7000,392,2.6607142857142856,0.9595375722543352,28,149,0,coverage_intent,D19-P01/v13-history-smoke/plan-17,False
3,D19-P01,A_simple_B_complex,G,184,134,0.760246644903881,,,,0.744,,True,0,0,,,,,,,forward,False,outbound,,,5208,7000,392,2.5689655172413794,0.9595375722543352,29,149,0,coverage_intent,D19-P01/v13-history-smoke/plan-17,False
3,D19-P01,A_simple_B_complex,G,184,135,0.760246644903881,,,,0.744,,True,0,0,,,,,,,forward,False,outbound,,,5208,7000,392,2.4833333333333334,0.9595375722543352,30,149,0,coverage_intent,D19-P01/v13-history-smoke/plan-17,False
3,D19-P01,A_simple_B_complex,G,184,136,0.760246644903881,,,,0.744,,True,0,0,,,,,,,forward,False,outbound,,,5208,7000,392,0.34615384615384615,0.9595375722543352,26,18,0,coverage_intent,D19-P01/v13-history-smoke/plan-17,False
3,D19-P01,A_simple_B_complex,G,184,137,0.760246644903881,,,,0.744,,True,0,0,,,,,,,forward,False,outbound,,,5208,7000,392,0.3333333333333333,0.9595375722543352,27,18,0,coverage_intent,D19-P01/v13-history-smoke/plan-17,False
3,D19-P01,A_simple_B_complex,G,184,138,0.760246644903881,,,,0.744,,True,0,0,,,,,,,forward,False,outbound,,,5208,7000,392,0.32142857142857145,0.9595375722543352,28,18,0,coverage_intent,D19-P01/v13-history-smoke/plan-17,False
3,D19-P01,A_simple_B_complex,G,184,139,0.760246644903881,,,,0.744,,True,0,0,,,,,,,forward,False,outbound,,,5208,7000,392,0.3103448275862069,0.9595375722543352,29,18,0,coverage_intent,D19-P01/v13-history-smoke/plan-17,False
3,D19-P01,A_simple_B_complex,G,184,140,0.760246644903881,,,,0.744,,True,0,0,,,,,,,forward,False,outbound,,,5208,7000,392,0.3,0.9595375722543352,30,18,0,coverage_intent,D19-P01/v13-history-smoke/plan-17,False
3,D19-P01,A_simple_B_complex,G,184,141,0.760246644903881,,,,0.744,,True,0,0,,,,,,,forward,False,outbound,,,5208,7000,392,0.07692307692307693,0.9595375722543352,26,4,0,coverage_intent,D19-P01/v13-history-smoke/plan-17,False
3,D19-P01,A_simple_B_complex,G,184,142,0.760246644903881,,,,0.744,,True,0,0,,,,,,,forward,False,outbound,,,5208,7000,392,0.07407407407407407,0.9595375722543352,27,4,0,coverage_intent,D19-P01/v13-history-smoke/plan-17,False
3,D19-P01,A_simple_B_complex,G,184,143,0.760246644903881,,,,0.744,,True,0,0,,,,,,,forward,False,outbound,,,5208,7000,392,0.07142857142857142,0.9595375722543352,28,4,0,coverage_intent,D19-P01/v13-history-smoke/plan-17,False
3,D19-P01,A_simple_B_complex,G,184,144,0.760246644903881,,,,0.744,,True,0,0,,,,,,,forward,False,outbound,,,5208,7000,392,0.06896551724137931,0.9595375722543352,29,4,0,coverage_intent,D19-P01/v13-history-smoke/plan-17,False
3,D19-P01,A_simple_B_complex,G,184,145,0.760246644903881,,,,0.744,,True,0,0,,,,,,,forward,False,outbound,,,5208,7000,392,0.06666666666666667,0.9595375722543352,30,4,0,coverage_intent,D19-P01/v13-history-smoke/plan-17,False
3,D19-P01,A_simple_B_complex,G,184,146,0.760246644903881,,,,0.7441428571428571,,True,1,0,,,,,,,forward,False,outbound,,,5209,7000,391,0.07692307692307693,0.9595375722543352,26,4,1,coverage_intent,D19-P01/v13-history-smoke/plan-17,False
3,D19-P01,A_simple_B_complex,G,184,147,0.760246644903881,,,,0.7441428571428571,,True,0,0,,,,,,,forward,False,outbound,,,5209,7000,391,0.07407407407407407,0.9595375722543352,27,4,0,coverage_intent,D19-P01/v13-history-smoke/plan-17,False
3,D19-P01,A_simple_B_complex,G,184,148,0.760246644903881,,,,0.7441428571428571,,True,0,0,,,,,,,forward,False,outbound,,,5209,7000,391,0.07142857142857142,0.9595375722543352,28,4,0,coverage_intent,D19-P01/v13-history-smoke/plan-17,False
3,D19-P01,A_simple_B_complex,G,184,149,0.760246644903881,,,,0.7441428571428571,,True,0,0,,,,,,,forward,False,outbound,,,5209,7000,391,0.06896551724137931,0.9595375722543352,29,4,0,coverage_intent,D19-P01/v13-history-smoke/plan-17,False
3,D19-P01,A_simple_B_complex,G,184,150,0.760246644903881,,,,0.7441428571428571,,True,0,0,,,,,,,forward,False,outbound,,,5209,7000,391,0.06666666666666667,0.9595375722543352,30,4,0,coverage_intent,D19-P01/v13-history-smoke/plan-17,False
3,D19-P01,A_simple_B_complex,G,184,151,0.760246644903881,,,,0.7441428571428571,,True,0,0,,,,,,,forward,False,outbound,,,5209,7000,391,0.038461538461538464,0.9595375722543352,26,2,0,coverage_intent,D19-P01/v13-history-smoke/plan-17,False
3,D19-P01,A_simple_B_complex,G,184,152,0.760246644903881,,,,0.7441428571428571,,True,0,0,,,,,,,forward,False,outbound,,,5209,7000,391,0.037037037037037035,0.9595375722543352,27,2,0,coverage_intent,D19-P01/v13-history-smoke/plan-17,False
3,D19-P01,A_simple_B_complex,G,184,153,0.760246644903881,,,,0.7441428571428571,,True,0,0,,,,,,,forward,False,outbound,,,5209,7000,391,0.03571428571428571,0.9595375722543352,28,2,0,coverage_intent,D19-P01/v13-history-smoke/plan-17,False
3,D19-P01,A_simple_B_complex,G,184,154,0.7606093579978237,,,,0.7444285714285714,,True,2,0,,,,,,,forward,False,outbound,,,5211,7000,389,0.06896551724137931,0.9595842956120092,29,4,2,coverage_intent,D19-P01/v13-history-smoke/plan-17,False
3,D19-P01,A_simple_B_complex,G,184,155,0.7620602103735945,,,,0.7457142857142857,,True,9,0,,,,,,,forward,False,outbound,,,5220,7000,380,0.21666666666666667,0.9597238204833142,30,13,9,coverage_intent,D19-P01/v13-history-smoke/plan-17,False
3,D19-P01,A_simple_B_complex,G,184,156,0.764417845484222,,,,0.7477142857142857,,True,14,0,,,,,,,forward,False,outbound,,,5234,7000,366,0.5,0.9599083619702177,26,26,14,coverage_intent,D19-P01/v13-history-smoke/plan-17,False
3,D19-P01,A_simple_B_complex,G,184,157,0.7673195502357635,,,,0.7505714285714286,,True,20,0,,,,,,,forward,False,outbound,,,5254,7000,346,0.8518518518518519,0.9601820250284414,27,46,20,coverage_intent,D19-P01/v13-history-smoke/plan-17,False
3,D19-P01,A_simple_B_complex,G,184,158,0.7702212549873051,,,,0.753,,True,17,0,,,,,,,forward,False,outbound,,,5271,7000,329,1.125,0.96045197740113,28,63,17,coverage_intent,D19-P01/v13-history-smoke/plan-17,False
3,D19-P01,A_simple_B_complex,G,184,159,0.7736670293797606,,,,0.756,,True,21,0,,,,,,,forward,False,outbound,,,5292,7000,308,1.4482758620689655,0.9607182940516273,29,84,21,coverage_intent,D19-P01/v13-history-smoke/plan-17,False
3,D19-P01,A_simple_B_complex,G,184,160,0.7767500906782735,,,,0.7587142857142857,,True,19,0,,,,,,,forward,False,outbound,,,5311,7000,289,1.7166666666666666,0.9610244988864143,30,103,19,coverage_intent,D19-P01/v13-history-smoke/plan-17,False
3,D19-P01,A_simple_B_complex,G,184,161,0.7798331519767864,,,,0.7615714285714286,,True,20,0,,,,,,,forward,False,outbound,,,5331,7000,269,2.3653846153846154,0.9613259668508287,26,123,20,coverage_intent,D19-P01/v13-history-smoke/plan-17,False
3,D19-P01,A_simple_B_complex,G,184,162,0.7832789263692419,,,,0.7645714285714286,,True,21,0,,,,,,,forward,False,outbound,,,5352,7000,248,2.6666666666666665,0.9616228070175439,27,144,21,coverage_intent,D19-P01/v13-history-smoke/plan-17,False
3,D19-P01,A_simple_B_complex,G,184,163,0.7865433442147262,,,,0.7672857142857142,,True,19,0,,,,,,,forward,False,outbound,,,5371,7000,229,2.9107142857142856,0.9619151251360174,28,163,19,coverage_intent,D19-P01/v13-history-smoke/plan-17,False
3,D19-P01,A_simple_B_complex,G,184,164,0.7898077620602104,,,,0.77,,True,19,0,,,,,,,forward,False,outbound,,,5390,7000,210,3.1379310344827585,0.9622030237580994,29,182,19,coverage_intent,D19-P01/v13-history-smoke/plan-17,False
3,D19-P01,A_simple_B_complex,G,184,165,0.7934348929996373,,,,0.7731428571428571,,True,22,0,,,,,,,forward,False,outbound,,,5412,7000,188,3.4,0.962486602357985,30,204,22,coverage_intent,D19-P01/v13-history-smoke/plan-17,False
3,D19-P01,A_simple_B_complex,G,184,166,0.7977874501269496,,,,0.7768571428571428,,True,26,0,,,,,,,forward,False,outbound,,,5438,7000,162,4.423076923076923,0.9628055260361318,26,230,26,coverage_intent,D19-P01/v13-history-smoke/plan-17,True
3,D19-P01,A_simple_B_complex,G,184,167,0.7977874501269496,,,,0.7768571428571428,,False,0,0,,,,,,,right,False,return,,,5438,7000,162,4.423076923076923,0.9628055260361318,26,230,0,return,,False
3,D19-P01,A_simple_B_complex,G,184,168,0.7979688066739209,,,,0.777,,False,1,0,,,,,,,forward,False,return,,,5439,7000,161,4.423076923076923,0.9628055260361318,26,230,1,return,,False
3,D19-P01,A_simple_B_complex,G,184,169,0.7983315197678637,,,,0.7772857142857142,,False,2,0,,,,,,,forward,False,return,,,5441,7000,159,4.423076923076923,0.9628055260361318,26,230,2,return,,False
3,D19-P01,A_simple_B_complex,G,184,170,0.7983315197678637,,,,0.7772857142857142,,False,0,0,,,,,,,right,False,return,,,5441,7000,159,4.423076923076923,0.9628055260361318,26,230,0,return,,False
3,D19-P01,A_simple_B_complex,G,184,171,0.7983315197678637,,,,0.7772857142857142,,False,0,0,,,,,,,forward,False,return,,,5441,7000,159,4.423076923076923,0.9628055260361318,26,230,0,return,,False
3,D19-P01,A_simple_B_complex,G,184,172,0.7983315197678637,,,,0.7772857142857142,,False,0,0,,,,,,,forward,False,return,,,5441,7000,159,4.423076923076923,0.9628055260361318,26,230,0,return,,False
3,D19-P01,A_simple_B_complex,G,184,173,0.7983315197678637,,,,0.7772857142857142,,False,0,0,,,,,,,forward,False,return,,,5441,7000,159,4.423076923076923,0.9628055260361318,26,230,0,return,,False
3,D19-P01,A_simple_B_complex,G,184,174,0.7983315197678637,,,,0.7772857142857142,,False,0,0,,,,,,,forward,False,return,,,5441,7000,159,4.423076923076923,0.9628055260361318,26,230,0,return,,False
3,D19-P01,A_simple_B_complex,G,184,175,0.7983315197678637,,,,0.7774285714285715,,False,1,0,,,,,,,forward,False,return,,,5442,7000,158,4.423076923076923,0.9628055260361318,26,230,1,return,,False
3,D19-P01,A_simple_B_complex,G,184,176,0.7983315197678637,,,,0.7774285714285715,,False,0,0,,,,,,,forward,False,return,,,5442,7000,158,4.423076923076923,0.9628055260361318,26,230,0,return,,False
3,D19-P01,A_simple_B_complex,G,184,177,0.7983315197678637,,,,0.7774285714285715,,False,0,0,,,,,,,forward,False,return,,,5442,7000,158,4.423076923076923,0.9628055260361318,26,230,0,return,,False
3,D19-P01,A_simple_B_complex,G,184,178,0.7983315197678637,,,,0.7774285714285715,,False,0,0,,,,,,,forward,False,return,,,5442,7000,158,4.423076923076923,0.9628055260361318,26,230,0,return,,False
3,D19-P01,A_simple_B_complex,G,184,179,0.7983315197678637,,,,0.7774285714285715,,False,0,0,,,,,,,forward,False,return,,,5442,7000,158,4.423076923076923,0.9628055260361318,26,230,0,return,,False
3,D19-P01,A_simple_B_complex,G,184,180,0.7983315197678637,,,,0.7774285714285715,,False,0,0,,,,,,,forward,False,return,,,5442,7000,158,4.423076923076923,0.9628055260361318,26,230,0,return,,False
3,D19-P01,A_simple_B_complex,G,184,181,0.7983315197678637,,,,0.7774285714285715,,False,0,0,,,,,,,forward,False,return,,,5442,7000,158,4.423076923076923,0.9628055260361318,26,230,0,return,,False
3,D19-P01,A_simple_B_complex,G,184,182,0.7983315197678637,,,,0.7774285714285715,,False,0,0,,,,,,,forward,False,return,,,5442,7000,158,4.423076923076923,0.9628055260361318,26,230,0,return,,False
3,D19-P01,A_simple_B_complex,G,184,183,0.7983315197678637,,,,0.7774285714285715,,False,0,0,,,,,,,forward,False,return,,,5442,7000,158,4.423076923076923,0.9628055260361318,26,230,0,return,,False
3,D19-P01,A_simple_B_complex,G,184,184,0.7983315197678637,,,,0.7774285714285715,,False,0,0,,,,,,,right,False,return,,,5442,7000,158,4.423076923076923,0.9628055260361318,26,230,0,return,,False
