action_id,candidate_id,group,budget_allowed,positive_quality_term,quality_term,noncoverage_role,positive_total_G_score,total_G_score,direction_term,precision_term,runtime_admitted,index,parent,assignment,mode,budget,selection_call_id,outbound_cost,return_cost,coverage_reserve_actions,budget_reason,budget_slack,deficit_cells,conservative_rate,predicted_unknown_cells,discounted_known_gain_cells,C_ROI
0,0,coverage_v20_0,False,True,0.1995722423712284,False,True,0.015123611830718475,0.0,0.1995722423712284,False,0,D19-P00,A_complex_B_simple,G,160,5,28,30,,coverage_rate_unavailable,,3015,,1209,302.25,0.24166666666666667
0,1,coverage_v20_1,False,True,0.18179573978721245,False,True,0.04873597198384015,0.0,0.18179573978721245,False,0,D19-P00,A_complex_B_simple,G,160,5,4,8,,coverage_rate_unavailable,,3015,,71,17.75,0.24166666666666667
0,2,coverage_v20_2,False,True,0.20048968079081742,False,True,0.01427739558484509,0.0,0.20048968079081742,False,0,D19-P00,A_complex_B_simple,G,160,5,27,29,,coverage_rate_unavailable,,3015,,999,249.75,0.24166666666666667
0,3,coverage_v20_3,False,True,0.08237486339156205,False,True,0.009064607587072747,0.0,0.08237486339156205,False,0,D19-P00,A_complex_B_simple,G,160,5,23,25,,coverage_rate_unavailable,,3015,,681,170.25,0.24166666666666667
0,4,coverage_v20_4,False,True,0.18201745482344353,False,True,0.015575043786487603,0.0,0.18201745482344353,False,0,D19-P00,A_complex_B_simple,G,160,5,18,20,,coverage_rate_unavailable,,3015,,531,132.75,0.24166666666666667
0,5,coverage_v20_5,False,True,0.2001291329917739,False,True,0.01210267855306161,0.0,0.2001291329917739,False,0,D19-P00,A_complex_B_simple,G,160,5,33,35,,coverage_rate_unavailable,,3015,,1076,269.0,0.24166666666666667
0,6,coverage_v20_6,False,False,0.0,False,True,0.0035714285714285713,0.0,0.0,False,0,D19-P00,A_complex_B_simple,G,160,5,14,14,,coverage_rate_unavailable,,3015,,270,67.5,0.24166666666666667
0,7,coverage_v20_7,False,True,0.08237486339156205,False,True,0.008951886170003504,0.0,0.08237486339156205,False,0,D19-P00,A_complex_B_simple,G,160,5,23,25,,coverage_rate_unavailable,,3015,,667,166.75,0.24166666666666667
0,8,asset_1_entry,False,True,0.20097397625504962,True,True,0.014307958072011741,0.0,0.20097397625504962,False,0,D19-P00,A_complex_B_simple,G,160,5,20,20,,coverage_rate_unavailable,,3015,,460,115.0,0.24166666666666667
0,9,asset_0_corner_minus,False,True,0.20048968079081742,True,True,0.013738105750151216,0.0,0.20048968079081742,False,0,D19-P00,A_complex_B_simple,G,160,5,25,27,,coverage_rate_unavailable,,3015,,772,193.0,0.24166666666666667
0,10,asset_1_corner_minus,False,True,0.1998252762212954,True,True,0.02055642733942894,0.0,0.1998252762212954,False,0,D19-P00,A_complex_B_simple,G,160,5,12,12,,coverage_rate_unavailable,,3015,,253,63.25,0.24166666666666667
0,11,asset_1_corner_plus,False,True,0.19951644121545334,True,True,0.02389608856598978,0.0,0.19951644121545334,False,0,D19-P00,A_complex_B_simple,G,160,5,10,12,,coverage_rate_unavailable,,3015,,213,53.25,0.24166666666666667
0,12,asset_2_corner_plus,False,True,0.19907664867201813,True,True,0.013086527028000755,0.0,0.19907664867201813,False,0,D19-P00,A_complex_B_simple,G,160,5,24,26,,coverage_rate_unavailable,,3015,,621,155.25,0.24166666666666667
0,13,asset_0_aperture_view,False,True,0.3427556433293744,True,True,0.019201024738049948,0.142658804054613,0.2000968392747614,False,0,D19-P00,A_complex_B_simple,G,160,5,29,29,,coverage_rate_unavailable,,3015,,1156,289.0,0.24166666666666667
0,14,asset_1_aperture_view,False,True,0.1999650638414855,True,True,0.014137142080963165,0.0,0.1999650638414855,False,0,D19-P00,A_complex_B_simple,G,160,5,20,20,,coverage_rate_unavailable,,3015,,447,111.75,0.24166666666666667
0,15,asset_2_aperture_view,False,True,0.3332573350135991,True,True,0.019914880720668278,0.13366971149972137,0.19958762351387774,False,0,D19-P00,A_complex_B_simple,G,160,5,27,27,,coverage_rate_unavailable,,3015,,1104,276.0,0.24166666666666667
28,0,coverage_v20_0,False,True,0.02612264689155652,False,True,0.017449841424164718,0.0,0.02612264689155652,False,0,D19-P00,A_complex_B_simple,G,160,151,9,39,144,insufficient_predicted_coverage_reserve,-65,2252,13.625,707,295.2307692307692,0.38296296296296295
28,1,coverage_v20_1,False,True,0.13746920297691395,False,True,0.005589727830936956,0.08272575816282222,0.054743444814091734,False,0,D19-P00,A_complex_B_simple,G,160,151,56,44,137,insufficient_predicted_coverage_reserve,-110,2252,13.625,948,395.86813186813185,0.38296296296296295
28,2,coverage_v20_2,False,True,0.06035278112406641,False,True,0.010766358184038436,0.0,0.06035278112406641,False,0,D19-P00,A_complex_B_simple,G,160,151,21,51,138,insufficient_predicted_coverage_reserve,-83,2252,13.625,895,373.73626373626377,0.38296296296296295
28,3,coverage_v20_3,False,True,0.17298626508869328,False,True,0.029664377514782212,0.12496054437529487,0.04802572071339841,False,0,D19-P00,A_complex_B_simple,G,160,151,6,28,165,insufficient_predicted_coverage_reserve,-72,2252,13.625,27,11.274725274725276,0.38296296296296295
28,4,coverage_v20_4,False,True,0.18193531195109364,False,True,0.020989325990539966,0.07140029571619304,0.11053501623490058,False,0,D19-P00,A_complex_B_simple,G,160,151,13,43,151,insufficient_predicted_coverage_reserve,-80,2252,13.625,491,205.03296703296704,0.38296296296296295
28,5,coverage_v20_5,False,True,0.02612264689155652,False,True,0.008426406583444485,0.0,0.02612264689155652,False,0,D19-P00,A_complex_B_simple,G,160,151,24,54,137,insufficient_predicted_coverage_reserve,-88,2252,13.625,951,397.1208791208791,0.38296296296296295
28,6,coverage_v20_6,False,True,0.1802297923119887,False,True,0.012534661894740336,0.11716883941484048,0.06306095289714825,False,0,D19-P00,A_complex_B_simple,G,160,151,28,58,138,insufficient_predicted_coverage_reserve,-97,2252,13.625,922,385.010989010989,0.38296296296296295
28,7,coverage_v20_7,False,True,0.08674653050231895,False,True,0.01066546484837979,0.0,0.08674653050231895,False,0,D19-P00,A_complex_B_simple,G,160,151,26,56,134,insufficient_predicted_coverage_reserve,-89,2252,13.625,1029,429.69230769230774,0.38296296296296295
28,8,old_surface_rotation,False,True,0.15764960216073337,True,True,0.15764960216073337,0.12496054437529487,0.032689057785438506,False,0,D19-P00,A_complex_B_simple,G,160,151,1,29,166,insufficient_predicted_coverage_reserve,-69,2252,13.625,0,0.0,0.38296296296296295
28,9,asset_0_corner_minus,False,True,0.05404465947972631,True,True,0.0026488184292047584,0.0,0.05404465947972631,False,0,D19-P00,A_complex_B_simple,G,160,151,39,27,158,insufficient_predicted_coverage_reserve,-97,2252,13.625,266,111.07692307692308,0.38296296296296295
28,10,asset_1_corner_minus,False,True,0.1847647251714536,True,True,0.006876517962472549,0.12496054437529487,0.059804180796158714,False,0,D19-P00,A_complex_B_simple,G,160,151,28,40,164,insufficient_predicted_coverage_reserve,-105,2252,13.625,42,17.53846153846154,0.38296296296296295
28,11,asset_2_corner_minus,False,False,0.0,True,True,0.0007362240289069558,0.0,0.0,False,0,D19-P00,A_complex_B_simple,G,160,151,41,17,161,insufficient_predicted_coverage_reserve,-92,2252,13.625,163,68.06593406593407,0.38296296296296295
28,12,asset_0_corner_plus,False,True,0.053658497985171416,True,True,0.0039236320837604186,0.0,0.053658497985171416,False,0,D19-P00,A_complex_B_simple,G,160,151,52,40,141,insufficient_predicted_coverage_reserve,-106,2252,13.625,812,339.0769230769231,0.38296296296296295
28,13,asset_1_corner_plus,False,True,0.024954453665452066,True,True,0.002079537805454339,0.0,0.024954453665452066,False,0,D19-P00,A_complex_B_simple,G,160,151,12,26,166,insufficient_predicted_coverage_reserve,-77,2252,13.625,0,0.0,0.38296296296296295
28,14,asset_2_corner_plus,False,False,0.0,True,True,0.0016666666666666668,0.0,0.0,False,0,D19-P00,A_complex_B_simple,G,160,151,53,29,151,insufficient_predicted_coverage_reserve,-106,2252,13.625,477,199.1868131868132,0.38296296296296295
28,15,asset_3_corner_plus,False,True,0.0819576504874346,True,True,0.009299822917482388,0.0,0.0819576504874346,False,0,D19-P00,A_complex_B_simple,G,160,151,30,58,133,insufficient_predicted_coverage_reserve,-94,2252,13.625,1064,444.3076923076923,0.38296296296296295
28,16,asset_0_aperture_view,False,True,0.20086527780608357,True,True,0.006490014368304122,0.14575245255439612,0.055112825251687446,False,0,D19-P00,A_complex_B_simple,G,160,151,58,42,137,insufficient_predicted_coverage_reserve,-110,2252,13.625,948,395.86813186813185,0.38296296296296295
28,17,asset_1_aperture_view,False,True,0.26082413775109126,True,True,0.0238551632785171,0.15270445250087966,0.10811968525021158,False,0,D19-P00,A_complex_B_simple,G,160,151,14,42,154,insufficient_predicted_coverage_reserve,-83,2252,13.625,395,164.94505494505495,0.38296296296296295
28,18,asset_3_aperture_view,False,True,0.2022685567264053,True,True,0.012890433372361659,0.13964435930994504,0.06262419741646029,False,0,D19-P00,A_complex_B_simple,G,160,151,30,60,135,insufficient_predicted_coverage_reserve,-98,2252,13.625,996,415.91208791208794,0.38296296296296295
37,0,coverage_v20_0,False,True,0.11784866843137738,False,True,0.011880326679540722,0.022173229393525964,0.09567543903785142,False,0,D19-P00,A_complex_B_simple,G,160,198,22,61,54,insufficient_predicted_coverage_reserve,-19,1535,22.314814814814813,775,332.3501872659176,0.5157407407407407
37,1,coverage_v20_1,False,True,0.1402234718559899,False,True,0.0112315261112589,0.09414813394501555,0.046075337910974366,False,0,D19-P00,A_complex_B_simple,G,160,198,28,61,51,insufficient_predicted_coverage_reserve,-22,1535,22.314814814814813,941,403.5374531835206,0.5157407407407407
37,2,coverage_v20_2,True,True,0.2146216510865981,False,True,0.027869373052491427,0.11977916563633445,0.09484248545026362,True,0,D19-P00,A_complex_B_simple,G,160,198,8,41,68,model_budget_passed,1,1535,22.314814814814813,45,19.297752808988765,0.5157407407407407
37,3,coverage_v20_3,False,True,0.06249685163686763,False,True,0.008396520456521298,0.03899923227164052,0.02349761936522711,False,0,D19-P00,A_complex_B_simple,G,160,198,19,54,59,insufficient_predicted_coverage_reserve,-14,1535,22.314814814814813,524,224.71161048689137,0.5157407407407407
37,4,coverage_v20_4,False,True,0.08274078422323035,False,True,0.007118520692642999,0.0,0.08274078422323035,False,0,D19-P00,A_complex_B_simple,G,160,198,20,59,63,insufficient_predicted_coverage_reserve,-24,1535,22.314814814814813,322,138.08614232209737,0.5157407407407407
37,5,coverage_v20_5,False,True,0.20362451804206247,False,True,0.012219176619851406,0.1498147267132356,0.053809791328826885,False,0,D19-P00,A_complex_B_simple,G,160,198,26,45,57,insufficient_predicted_coverage_reserve,-10,1535,22.314814814814813,616,264.1647940074906,0.5157407407407407
37,6,coverage_v20_6,False,True,0.0869664568321691,False,True,0.013252201238772465,0.05856259960420237,0.028403857227966723,False,0,D19-P00,A_complex_B_simple,G,160,198,10,45,65,insufficient_predicted_coverage_reserve,-2,1535,22.314814814814813,246,105.49438202247191,0.5157407407407407
37,7,coverage_v20_7,False,False,0.0,False,True,0.0032407407407407406,0.0,0.0,False,0,D19-P00,A_complex_B_simple,G,160,198,22,57,62,insufficient_predicted_coverage_reserve,-23,1535,22.314814814814813,385,165.10299625468164,0.5157407407407407
37,8,old_surface_rotation,True,True,0.09501315619882542,True,True,0.04750657809941271,0.08898378882207586,0.006029367376749563,True,0,D19-P00,A_complex_B_simple,G,160,198,2,37,69,model_budget_passed,10,1535,22.314814814814813,0,0.0,0.5157407407407407
37,9,asset_0_corner_minus,False,True,0.1792360042270957,True,True,0.007609763577218142,0.12509946981656103,0.054136534410534676,False,0,D19-P00,A_complex_B_simple,G,160,198,31,26,63,insufficient_predicted_coverage_reserve,-2,1535,22.314814814814813,306,131.22471910112358,0.5157407407407407
37,10,asset_1_corner_minus,False,True,0.12490605382271619,True,True,0.0035009644176309685,0.08898378882207586,0.03592226500064034,False,0,D19-P00,A_complex_B_simple,G,160,198,37,40,69,insufficient_predicted_coverage_reserve,-28,1535,22.314814814814813,25,10.720973782771535,0.5157407407407407
37,11,asset_2_corner_minus,False,True,0.18355643886233536,True,True,0.0043452028513207815,0.09592295767961818,0.08763348118271719,False,0,D19-P00,A_complex_B_simple,G,160,198,50,17,66,insufficient_predicted_coverage_reserve,-15,1535,22.314814814814813,182,78.04868913857678,0.5157407407407407
37,12,asset_3_corner_minus,False,True,0.08894168948653718,True,True,0.007909167427329018,0.0,0.08894168948653718,False,0,D19-P00,A_complex_B_simple,G,160,198,30,67,54,insufficient_predicted_coverage_reserve,-33,1535,22.314814814814813,801,343.5,0.5157407407407407
37,13,asset_0_corner_plus,False,True,0.17926602308199002,True,True,0.006440479525278791,0.12509946981656103,0.054166553265428984,False,0,D19-P00,A_complex_B_simple,G,160,198,45,40,58,insufficient_predicted_coverage_reserve,-25,1535,22.314814814814813,597,256.01685393258424,0.5157407407407407
37,14,asset_1_corner_plus,True,True,0.11431257492150022,True,True,0.005443455948642868,0.08898378882207586,0.025328786099424367,True,0,D19-P00,A_complex_B_simple,G,160,198,21,26,69,model_budget_passed,2,1535,22.314814814814813,0,0.0,0.5157407407407407
37,15,asset_2_corner_plus,False,True,0.18355643886233536,True,True,0.004442069205067536,0.09592295767961818,0.08763348118271719,False,0,D19-P00,A_complex_B_simple,G,160,198,62,29,60,insufficient_predicted_coverage_reserve,-33,1535,22.314814814814813,496,212.70411985018725,0.5157407407407407
37,16,asset_3_corner_plus,False,True,0.07986114439177575,True,True,0.00671783800892387,0.0,0.07986114439177575,False,0,D19-P00,A_complex_B_simple,G,160,198,19,56,64,insufficient_predicted_coverage_reserve,-21,1535,22.314814814814813,258,110.64044943820224,0.5157407407407407
37,17,asset_0_aperture_view,False,True,0.206883761177108,True,True,0.012678798691021474,0.15361692797059553,0.053266833206512466,False,0,D19-P00,A_complex_B_simple,G,160,198,24,43,59,insufficient_predicted_coverage_reserve,-8,1535,22.314814814814813,526,225.5692883895131,0.5157407407407407
37,18,asset_1_aperture_view,False,True,0.2557295086098779,True,True,0.01641546129077713,0.15270445250087966,0.10302505610899824,False,0,D19-P00,A_complex_B_simple,G,160,198,17,42,67,insufficient_predicted_coverage_reserve,-8,1535,22.314814814814813,126,54.03370786516854,0.5157407407407407
37,19,asset_3_aperture_view,False,True,0.2409688890984069,True,True,0.009049547330922825,0.15274700978344424,0.08822187931496266,False,0,D19-P00,A_complex_B_simple,G,160,198,36,73,60,insufficient_predicted_coverage_reserve,-51,1535,22.314814814814813,458,196.40823970037454,0.5157407407407407
39,0,coverage_v20_0,False,True,0.13438286780199665,False,True,0.012631881196387054,0.03946362656698293,0.09491924123501372,False,0,D19-P00,A_complex_B_simple,G,160,209,22,61,54,insufficient_predicted_coverage_reserve,-21,1522,22.314814814814813,775,332.3501872659176,0.5181481481481481
39,1,coverage_v20_1,False,True,0.13859831399688893,False,True,0.011155218762573391,0.03946362656698293,0.09913468742990601,False,0,D19-P00,A_complex_B_simple,G,160,209,27,66,52,insufficient_predicted_coverage_reserve,-29,1522,22.314814814814813,878,376.5205992509363,0.5181481481481481
39,2,coverage_v20_2,False,True,0.19490625164128336,False,True,0.01260908570676541,0.11952575739301735,0.07538049424826601,False,0,D19-P00,A_complex_B_simple,G,160,209,28,63,52,insufficient_predicted_coverage_reserve,-27,1522,22.314814814814813,854,366.22846441947564,0.5181481481481481
39,3,coverage_v20_3,False,True,0.13741812620547703,False,True,0.009480228232006843,0.03946362656698293,0.0979544996384941,False,0,D19-P00,A_complex_B_simple,G,160,209,21,58,62,insufficient_predicted_coverage_reserve,-25,1522,22.314814814814813,333,142.80337078651687,0.5181481481481481
39,4,coverage_v20_4,False,True,0.19490625164128336,False,True,0.013300868137619725,0.11952575739301735,0.07538049424826601,False,0,D19-P00,A_complex_B_simple,G,160,209,20,55,61,insufficient_predicted_coverage_reserve,-20,1522,22.314814814814813,384,164.67415730337078,0.5181481481481481
39,5,coverage_v20_5,False,True,0.12856721205984128,False,True,0.018015345951924604,0.03946362656698293,0.08910358549285835,False,0,D19-P00,A_complex_B_simple,G,160,209,8,47,67,insufficient_predicted_coverage_reserve,-6,1522,22.314814814814813,84,36.02247191011236,0.5181481481481481
39,6,coverage_v20_6,False,True,0.26462034695849945,False,True,0.01470855267703613,0.16472776806561396,0.09989257889288551,False,0,D19-P00,A_complex_B_simple,G,160,209,21,40,64,insufficient_predicted_coverage_reserve,-9,1522,22.314814814814813,239,102.49250936329588,0.5181481481481481
39,7,coverage_v20_7,False,True,0.19486070007322093,False,True,0.02681129121285632,0.11952575739301735,0.07533494268020358,False,0,D19-P00,A_complex_B_simple,G,160,209,8,45,67,insufficient_predicted_coverage_reserve,-4,1522,22.314814814814813,106,45.45692883895131,0.5181481481481481
39,8,old_surface_rotation,True,True,0.08663179009279237,True,True,0.043315895046396186,0.037319557623820616,0.049312232468971755,True,0,D19-P00,A_complex_B_simple,G,160,209,2,39,69,model_budget_passed,6,1522,22.314814814814813,0,0.0,0.5181481481481481
39,9,asset_1_entry,False,True,0.28315755030140477,True,True,0.014645453484780753,0.1825521627250062,0.10060538757639854,False,0,D19-P00,A_complex_B_simple,G,160,209,24,47,62,insufficient_predicted_coverage_reserve,-17,1522,22.314814814814813,369,158.24157303370785,0.5181481481481481
39,10,asset_2_entry,False,True,0.17450172137193326,True,True,0.010951081649329408,0.07298745506401531,0.10151426630791793,False,0,D19-P00,A_complex_B_simple,G,160,209,17,42,67,insufficient_predicted_coverage_reserve,-10,1522,22.314814814814813,63,27.01685393258427,0.5181481481481481
39,11,asset_1_deep,False,True,0.2830536841262609,True,True,0.015269644881496045,0.1825521627250062,0.10050152140125469,False,0,D19-P00,A_complex_B_simple,G,160,209,23,48,62,insufficient_predicted_coverage_reserve,-17,1522,22.314814814814813,368,157.81273408239701,0.5181481481481481
39,12,asset_2_deep,False,True,0.1745017129609787,True,True,0.011635523726727834,0.07298745506401531,0.10151425789696338,False,0,D19-P00,A_complex_B_simple,G,160,209,16,43,67,insufficient_predicted_coverage_reserve,-10,1522,22.314814814814813,63,27.01685393258427,0.5181481481481481
39,13,asset_0_corner_minus,False,True,0.11364714771356774,True,True,0.00684975718555052,0.06322203997669375,0.05042510773687398,False,0,D19-P00,A_complex_B_simple,G,160,209,27,60,61,insufficient_predicted_coverage_reserve,-32,1522,22.314814814814813,385,165.10299625468164,0.5181481481481481
39,14,asset_1_corner_minus,False,True,0.24045580828184726,True,True,0.008368525951644744,0.13944690068251267,0.1010089075993346,False,0,D19-P00,A_complex_B_simple,G,160,209,34,27,64,insufficient_predicted_coverage_reserve,-9,1522,22.314814814814813,238,102.06367041198502,0.5181481481481481
39,15,asset_2_corner_minus,False,True,0.09348112512173065,True,True,0.0028031644214674364,0.05815510183500436,0.03532602328672629,False,0,D19-P00,A_complex_B_simple,G,160,209,35,40,68,insufficient_predicted_coverage_reserve,-27,1522,22.314814814814813,25,10.720973782771535,0.5181481481481481
39,16,asset_3_corner_minus,False,True,0.06129318017429599,True,True,0.0019057992783225244,0.05815510183500436,0.003138078339291634,False,0,D19-P00,A_complex_B_simple,G,160,209,48,17,66,insufficient_predicted_coverage_reserve,-15,1522,22.314814814814813,163,69.90074906367042,0.5181481481481481
39,17,asset_4_corner_minus,False,True,0.1384412965688884,True,True,0.0098677963053827,0.03946362656698293,0.09897767000190548,False,0,D19-P00,A_complex_B_simple,G,160,209,30,67,52,insufficient_predicted_coverage_reserve,-33,1522,22.314814814814813,851,364.94194756554305,0.5181481481481481
39,18,asset_1_corner_plus,False,True,0.24046167589518766,True,True,0.007283266547809352,0.13944690068251267,0.10101477521267499,False,0,D19-P00,A_complex_B_simple,G,160,209,47,40,58,insufficient_predicted_coverage_reserve,-29,1522,22.314814814814813,550,235.8614232209738,0.5181481481481481
39,19,asset_2_corner_plus,True,True,0.07268766631852003,True,True,0.004038203684362224,0.05815510183500436,0.014532564483515675,True,0,D19-P00,A_complex_B_simple,G,160,209,18,25,69,model_budget_passed,4,1522,22.314814814814813,0,0.0,0.5181481481481481
39,20,asset_3_corner_plus,False,True,0.06129318017429599,True,True,0.00255859003994197,0.05815510183500436,0.003138078339291634,False,0,D19-P00,A_complex_B_simple,G,160,209,60,29,59,insufficient_predicted_coverage_reserve,-32,1522,22.314814814814813,498,213.56179775280899,0.5181481481481481
39,21,asset_4_corner_plus,False,True,0.13639311958716857,True,True,0.009663965358388989,0.03946362656698293,0.09692949302018565,False,0,D19-P00,A_complex_B_simple,G,160,209,19,56,64,insufficient_predicted_coverage_reserve,-23,1522,22.314814814814813,255,109.35393258426966,0.5181481481481481
39,22,asset_0_aperture_view,False,True,0.08663179009279237,True,True,0.0040371067293971255,0.037319557623820616,0.049312232468971755,False,0,D19-P00,A_complex_B_simple,G,160,209,31,66,65,insufficient_predicted_coverage_reserve,-46,1522,22.314814814814813,208,89.19850187265918,0.5181481481481481
39,23,asset_1_aperture_view,False,True,0.26988197999675034,True,True,0.015028305488067776,0.17012253968470506,0.09975944031204527,False,0,D19-P00,A_complex_B_simple,G,160,209,22,47,62,insufficient_predicted_coverage_reserve,-15,1522,22.314814814814813,328,140.65917602996254,0.5181481481481481
39,24,asset_2_aperture_view,False,True,0.22718559943790484,True,True,0.01748415657360696,0.12182767370164894,0.10535792573625591,False,0,D19-P00,A_complex_B_simple,G,160,209,14,45,67,insufficient_predicted_coverage_reserve,-10,1522,22.314814814814813,95,40.739700374531836,0.5181481481481481
39,25,asset_4_aperture_view,False,True,0.2950019554030506,True,True,0.010136503699690415,0.19221063635042715,0.10279131905262344,False,0,D19-P00,A_complex_B_simple,G,160,209,38,73,59,insufficient_predicted_coverage_reserve,-54,1522,22.314814814814813,487,208.84456928838952,0.5181481481481481
41,0,coverage_v20_0,False,True,0.14444968490190285,False,True,0.012625026557731686,0.06530861782126922,0.07914106708063365,False,0,D19-P00,A_complex_B_simple,G,160,220,23,62,53,insufficient_predicted_coverage_reserve,-24,1513,22.314814814814813,788,337.9250936329588,0.5198148148148148
41,1,coverage_v20_1,False,True,0.14630414911785306,False,True,0.011241717457039824,0.06530861782126922,0.08099553129658382,False,0,D19-P00,A_complex_B_simple,G,160,220,27,66,52,insufficient_predicted_coverage_reserve,-31,1513,22.314814814814813,849,364.0842696629213,0.5198148148148148
41,2,coverage_v20_2,False,True,0.10827446154849099,False,True,0.010247023449870735,0.08220619976919673,0.02606826177929426,False,0,D19-P00,A_complex_B_simple,G,160,220,26,63,52,insufficient_predicted_coverage_reserve,-27,1513,22.314814814814813,854,366.22846441947564,0.5198148148148148
41,3,coverage_v20_3,False,True,0.09385095352624745,False,True,0.007458511014477391,0.018161132957861963,0.07568982056838548,False,0,D19-P00,A_complex_B_simple,G,160,220,21,60,62,insufficient_predicted_coverage_reserve,-29,1513,22.314814814814813,339,145.37640449438203,0.5198148148148148
41,4,coverage_v20_4,False,True,0.10827446154849099,False,True,0.009965865147755673,0.08220619976919673,0.02606826177929426,False,0,D19-P00,A_complex_B_simple,G,160,220,18,55,61,insufficient_predicted_coverage_reserve,-20,1513,22.314814814814813,384,164.67415730337078,0.5198148148148148
41,5,coverage_v20_5,False,True,0.10822890998042856,False,True,0.021309756601676364,0.08220619976919673,0.026022710211231825,False,0,D19-P00,A_complex_B_simple,G,160,220,6,45,66,insufficient_predicted_coverage_reserve,-3,1513,22.314814814814813,106,45.45692883895131,0.5198148148148148
41,6,coverage_v20_6,False,True,0.17798855686570708,False,True,0.011697253480261386,0.12740821044179332,0.05058034642391377,False,0,D19-P00,A_complex_B_simple,G,160,220,19,40,64,insufficient_predicted_coverage_reserve,-9,1513,22.314814814814813,239,102.49250936329588,0.5198148148148148
41,7,coverage_v20_7,False,True,0.17617145684321903,False,True,0.009593396340698486,0.12490076402250411,0.051270692820714926,False,0,D19-P00,A_complex_B_simple,G,160,220,29,56,58,insufficient_predicted_coverage_reserve,-29,1513,22.314814814814813,551,236.29026217228463,0.5198148148148148
41,8,old_surface_rotation,True,True,0.05521013150555408,True,True,0.02760506575277704,0.05248551514700986,0.0027246163585442217,True,0,D19-P00,A_complex_B_simple,G,160,220,2,37,68,model_budget_passed,7,1513,22.314814814814813,0,0.0,0.5198148148148148
41,9,asset_1_entry,False,True,0.1965257602086124,True,True,0.01203904970645208,0.1452326051011856,0.0512931551074268,False,0,D19-P00,A_complex_B_simple,G,160,220,22,47,61,insufficient_predicted_coverage_reserve,-16,1513,22.314814814814813,369,158.24157303370785,0.5198148148148148
41,10,asset_2_entry,False,True,0.21289269832759533,True,True,0.01472940475658582,0.1298443892085299,0.08304830911906545,False,0,D19-P00,A_complex_B_simple,G,160,220,16,43,66,insufficient_predicted_coverage_reserve,-11,1513,22.314814814814813,123,52.747191011235955,0.5198148148148148
41,11,asset_1_deep,False,True,0.19642189403346855,True,True,0.012598573437219842,0.1452326051011856,0.05118928893228295,False,0,D19-P00,A_complex_B_simple,G,160,220,21,48,61,insufficient_predicted_coverage_reserve,-16,1513,22.314814814814813,368,157.81273408239701,0.5198148148148148
41,12,asset_2_deep,False,True,0.21286305815908568,True,True,0.015672352025420527,0.1298443892085299,0.08301866895055578,False,0,D19-P00,A_complex_B_simple,G,160,220,15,44,66,insufficient_predicted_coverage_reserve,-11,1513,22.314814814814813,120,51.46067415730337,0.5198148148148148
41,13,asset_0_corner_minus,False,True,0.027015357620775362,True,True,0.0038732068974236073,0.025902482352873124,0.001112875267902238,False,0,D19-P00,A_complex_B_simple,G,160,220,25,60,61,insufficient_predicted_coverage_reserve,-32,1513,22.314814814814813,377,161.67228464419475,0.5198148148148148
41,14,asset_1_corner_minus,False,True,0.1538240181890549,True,True,0.00618431538322278,0.10212734305869205,0.05169667513036285,False,0,D19-P00,A_complex_B_simple,G,160,220,32,27,64,insufficient_predicted_coverage_reserve,-9,1513,22.314814814814813,238,102.06367041198502,0.5198148148148148
41,15,asset_2_corner_minus,False,True,0.07347105955601348,True,True,0.0022371662396648844,0.05348123302629679,0.019989826529716693,False,0,D19-P00,A_complex_B_simple,G,160,220,34,39,68,insufficient_predicted_coverage_reserve,-27,1513,22.314814814814813,14,6.00374531835206,0.5198148148148148
41,16,asset_3_corner_minus,False,True,0.12188412550213315,True,True,0.0031080528804130333,0.06530861782126922,0.05657550768086394,False,0,D19-P00,A_complex_B_simple,G,160,220,50,17,65,insufficient_predicted_coverage_reserve,-18,1513,22.314814814814813,181,77.61985018726591,0.5198148148148148
41,17,asset_4_corner_minus,False,True,0.09728514997742824,True,True,0.007654359676691234,0.018161132957861963,0.07912401701956627,False,0,D19-P00,A_complex_B_simple,G,160,220,31,70,54,insufficient_predicted_coverage_reserve,-41,1513,22.314814814814813,756,324.2022471910112,0.5198148148148148
41,18,asset_1_corner_plus,False,True,0.1538298858023953,True,True,0.005681816392316603,0.10212734305869205,0.051702542743703235,False,0,D19-P00,A_complex_B_simple,G,160,220,45,40,58,insufficient_predicted_coverage_reserve,-29,1513,22.314814814814813,550,235.8614232209738,0.5198148148148148
41,19,asset_2_corner_plus,False,True,0.1381475168725277,True,True,0.006746001685287915,0.07355671355453151,0.06459080331799617,False,0,D19-P00,A_complex_B_simple,G,160,220,21,26,68,insufficient_predicted_coverage_reserve,-1,1513,22.314814814814813,19,8.147940074906368,0.5198148148148148
41,20,asset_3_corner_plus,False,True,0.05631243325859799,True,True,0.0024614311218531335,0.05348123302629679,0.002831200232301207,False,0,D19-P00,A_complex_B_simple,G,160,220,62,29,58,insufficient_predicted_coverage_reserve,-35,1513,22.314814814814813,520,222.99625468164794,0.5198148148148148
41,21,asset_4_corner_plus,False,True,0.088129899615216,True,True,0.006997090233159516,0.018161132957861963,0.06996876665735403,False,0,D19-P00,A_complex_B_simple,G,160,220,19,56,64,insufficient_predicted_coverage_reserve,-25,1513,22.314814814814813,242,103.77902621722846,0.5198148148148148
41,22,asset_0_aperture_view,False,False,0.0,True,True,0.0012835249042145594,0.0,0.0,False,0,D19-P00,A_complex_B_simple,G,160,220,29,66,64,insufficient_predicted_coverage_reserve,-45,1513,22.314814814814813,201,86.19662921348315,0.5198148148148148
41,23,asset_1_aperture_view,False,True,0.18325018990395797,True,True,0.012199546532234935,0.13280298206088445,0.05044720784307353,False,0,D19-P00,A_complex_B_simple,G,160,220,20,47,62,insufficient_predicted_coverage_reserve,-15,1513,22.314814814814813,328,140.65917602996254,0.5198148148148148
41,24,asset_2_aperture_view,False,True,0.21237252575257293,True,True,0.018017259815724985,0.1298443892085299,0.08252813654404302,False,0,D19-P00,A_complex_B_simple,G,160,220,13,46,66,insufficient_predicted_coverage_reserve,-11,1513,22.314814814814813,118,50.60299625468165,0.5198148148148148
41,25,asset_4_aperture_view,False,True,0.23073181832256157,True,True,0.00854399083817815,0.1535274820688358,0.07720433625372576,False,0,D19-P00,A_complex_B_simple,G,160,220,36,73,60,insufficient_predicted_coverage_reserve,-55,1513,22.314814814814813,415,177.9681647940075,0.5198148148148148
43,0,coverage_v20_0,False,True,0.14061118726066146,False,True,0.012458135355938583,0.0612277499575673,0.07938343730309416,False,0,D19-P00,A_complex_B_simple,G,160,231,23,62,53,insufficient_predicted_coverage_reserve,-26,1510,22.314814814814813,788,337.9250936329588,0.5203703703703704
43,1,coverage_v20_1,False,True,0.1419396638900738,False,True,0.011080069856010963,0.0612277499575673,0.08071191393250647,False,0,D19-P00,A_complex_B_simple,G,160,231,27,66,52,insufficient_predicted_coverage_reserve,-33,1510,22.314814814814813,849,364.0842696629213,0.5203703703703704
43,2,coverage_v20_2,False,True,0.22738880629472055,False,True,0.01376256318777441,0.16500190608943965,0.0623869002052809,False,0,D19-P00,A_complex_B_simple,G,160,231,28,63,52,insufficient_predicted_coverage_reserve,-31,1510,22.314814814814813,853,365.7996254681648,0.5203703703703704
43,3,coverage_v20_3,False,True,0.14361524218745944,False,True,0.009684531210541086,0.0612277499575673,0.08238749222989214,False,0,D19-P00,A_complex_B_simple,G,160,231,22,59,61,insufficient_predicted_coverage_reserve,-30,1510,22.314814814814813,375,160.81460674157304,0.5203703703703704
43,4,coverage_v20_4,False,True,0.22738880629472055,False,True,0.014730551425847139,0.16500190608943965,0.0623869002052809,False,0,D19-P00,A_complex_B_simple,G,160,231,20,55,61,insufficient_predicted_coverage_reserve,-24,1510,22.314814814814813,363,155.6685393258427,0.5203703703703704
43,5,coverage_v20_5,False,True,0.1360276680446334,False,True,0.017130646243642394,0.0612277499575673,0.07479991808706611,False,0,D19-P00,A_complex_B_simple,G,160,231,9,48,66,insufficient_predicted_coverage_reserve,-11,1510,22.314814814814813,98,42.02621722846442,0.5203703703703704
43,6,coverage_v20_6,False,True,0.2670195262209809,False,True,0.014628795781246004,0.1803456352761843,0.08667389094479662,False,0,D19-P00,A_complex_B_simple,G,160,231,21,40,64,insufficient_predicted_coverage_reserve,-13,1510,22.314814814814813,217,93.05805243445693,0.5203703703703704
43,7,coverage_v20_7,False,True,0.22733367580565333,False,True,0.03075467243866963,0.16500190608943965,0.06233176971621368,False,0,D19-P00,A_complex_B_simple,G,160,231,8,45,66,insufficient_predicted_coverage_reserve,-7,1510,22.314814814814813,101,43.312734082397,0.5203703703703704
43,8,old_surface_rotation,True,True,0.09726219304159306,True,True,0.04863109652079653,0.059598424843480914,0.03766376819811215,True,0,D19-P00,A_complex_B_simple,G,160,231,2,39,68,model_budget_passed,3,1510,22.314814814814813,0,0.0,0.5203703703703704
43,9,asset_1_entry,False,True,0.30067696354895634,True,True,0.015097651258984292,0.21419592883408814,0.08648103471486822,False,0,D19-P00,A_complex_B_simple,G,160,231,24,47,62,insufficient_predicted_coverage_reserve,-21,1510,22.314814814814813,333,142.80337078651687,0.5203703703703704
43,10,asset_2_entry,False,True,0.2060655382928354,True,True,0.013596688735894804,0.12763998211743846,0.07842555617539693,False,0,D19-P00,A_complex_B_simple,G,160,231,16,43,67,insufficient_predicted_coverage_reserve,-14,1510,22.314814814814813,62,26.588014981273407,0.5203703703703704
43,11,asset_1_deep,False,True,0.29868509027765,True,True,0.016295450231475675,0.21419592883408814,0.08448916144356189,False,0,D19-P00,A_complex_B_simple,G,160,231,22,49,62,insufficient_predicted_coverage_reserve,-21,1510,22.314814814814813,323,138.51498127340824,0.5203703703703704
43,12,asset_2_deep,False,True,0.20748265158789475,True,True,0.014980324920674465,0.12190517966613938,0.08557747192175537,False,0,D19-P00,A_complex_B_simple,G,160,231,15,44,66,insufficient_predicted_coverage_reserve,-13,1510,22.314814814814813,93,39.88202247191011,0.5203703703703704
43,13,asset_0_corner_minus,False,True,0.19031414822319404,True,True,0.006356462965047572,0.1522264718718581,0.03808767635133594,False,0,D19-P00,A_complex_B_simple,G,160,231,36,69,64,insufficient_predicted_coverage_reserve,-57,1510,22.314814814814813,208,89.19850187265918,0.5203703703703704
43,14,asset_1_corner_minus,False,True,0.2539186946582618,True,True,0.00865556073613624,0.16500190608943965,0.08891678856882211,False,0,D19-P00,A_complex_B_simple,G,160,231,34,27,64,insufficient_predicted_coverage_reserve,-13,1510,22.314814814814813,218,93.48689138576779,0.5203703703703704
43,15,asset_2_corner_minus,False,True,0.061277334911619616,True,True,0.0019354523486124911,0.02853937717882561,0.032737957732794004,False,0,D19-P00,A_complex_B_simple,G,160,231,33,40,68,insufficient_predicted_coverage_reserve,-29,1510,22.314814814814813,14,6.00374531835206,0.5203703703703704
43,16,asset_3_corner_minus,False,True,0.030526966923204595,True,True,0.0012648365022581206,0.02853937717882561,0.001987589744378987,False,0,D19-P00,A_complex_B_simple,G,160,231,48,17,65,insufficient_predicted_coverage_reserve,-18,1510,22.314814814814813,163,69.90074906367042,0.5203703703703704
43,17,asset_4_corner_minus,False,True,0.14363816441608462,True,True,0.009549857155596517,0.0612277499575673,0.08241041445851731,False,0,D19-P00,A_complex_B_simple,G,160,231,31,70,52,insufficient_predicted_coverage_reserve,-41,1510,22.314814814814813,823,352.9344569288389,0.5203703703703704
43,18,asset_0_corner_plus,False,True,0.1610598231511566,True,True,0.008544053806695786,0.12050162509767387,0.04055819805348274,False,0,D19-P00,A_complex_B_simple,G,160,231,27,60,61,insufficient_predicted_coverage_reserve,-36,1510,22.314814814814813,376,161.24344569288388,0.5203703703703704
43,19,asset_1_corner_plus,False,True,0.25394869648709445,True,True,0.00739291946820453,0.16500190608943965,0.0889467903976548,False,0,D19-P00,A_complex_B_simple,G,160,231,47,40,58,insufficient_predicted_coverage_reserve,-33,1510,22.314814814814813,505,216.56367041198502,0.5203703703703704
43,20,asset_2_corner_plus,True,True,0.039995643553918235,True,True,0.002221980197439902,0.02853937717882561,0.011456266375092625,True,0,D19-P00,A_complex_B_simple,G,160,231,18,25,68,model_budget_passed,1,1510,22.314814814814813,0,0.0,0.5203703703703704
43,21,asset_3_corner_plus,False,True,0.030526966923204595,True,True,0.001981005004275632,0.02853937717882561,0.001987589744378987,False,0,D19-P00,A_complex_B_simple,G,160,231,60,29,59,insufficient_predicted_coverage_reserve,-36,1510,22.314814814814813,477,204.5561797752809,0.5203703703703704
43,22,asset_4_corner_plus,False,True,0.1426057209741311,True,True,0.009942211435285652,0.0612277499575673,0.0813779710165638,False,0,D19-P00,A_complex_B_simple,G,160,231,19,56,63,insufficient_predicted_coverage_reserve,-26,1510,22.314814814814813,250,107.20973782771536,0.5203703703703704
43,23,asset_0_aperture_view,False,True,0.22738880629472055,True,True,0.012633808566257412,0.16500190608943965,0.0623869002052809,False,0,D19-P00,A_complex_B_simple,G,160,231,31,64,51,insufficient_predicted_coverage_reserve,-34,1510,22.314814814814813,887,380.3801498127341,0.5203703703703704
43,24,asset_1_aperture_view,False,True,0.29713826644098107,True,True,0.016927219036872113,0.21419592883408814,0.08294233760689294,False,0,D19-P00,A_complex_B_simple,G,160,231,21,50,62,insufficient_predicted_coverage_reserve,-21,1510,22.314814814814813,315,135.08426966292134,0.5203703703703704
43,25,asset_2_aperture_view,False,True,0.2063019261888591,True,True,0.017179920248145856,0.12190517966613938,0.08439674652271971,False,0,D19-P00,A_complex_B_simple,G,160,231,13,46,66,insufficient_predicted_coverage_reserve,-13,1510,22.314814814814813,92,39.453183520599254,0.5203703703703704
43,26,asset_4_aperture_view,False,True,0.30094950154744887,True,True,0.010249158422788616,0.2147552320264031,0.08619426952104577,False,0,D19-P00,A_complex_B_simple,G,160,231,38,73,59,insufficient_predicted_coverage_reserve,-58,1510,22.314814814814813,478,204.98501872659176,0.5203703703703704
45,0,coverage_v20_0,False,True,0.1352528041811944,False,True,0.012217110648779788,0.06053005834281355,0.07472274583838083,False,0,D19-P00,A_complex_B_simple,G,160,242,23,62,53,insufficient_predicted_coverage_reserve,-28,1507,22.314814814814813,787,337.49625468164794,0.5209259259259259
45,1,coverage_v20_1,False,True,0.13609643861506857,False,True,0.010849936683960015,0.06053005834281355,0.07556638027225501,False,0,D19-P00,A_complex_B_simple,G,160,242,27,66,52,insufficient_predicted_coverage_reserve,-35,1507,22.314814814814813,847,363.22659176029964,0.5209259259259259
45,2,coverage_v20_2,False,True,0.13012661325312747,False,True,0.011080368316003477,0.10540348124595873,0.024723132007168747,False,0,D19-P00,A_complex_B_simple,G,160,242,26,63,52,insufficient_predicted_coverage_reserve,-31,1507,22.314814814814813,853,365.7996254681648,0.5209259259259259
45,3,coverage_v20_3,False,True,0.08510277862645585,False,True,0.007033112915192783,0.016875359410660117,0.06822741921579573,False,0,D19-P00,A_complex_B_simple,G,160,242,21,60,62,insufficient_predicted_coverage_reserve,-33,1507,22.314814814814813,338,144.94756554307116,0.5209259259259259
45,4,coverage_v20_4,False,True,0.13012661325312747,False,True,0.010963824193074982,0.10540348124595873,0.024723132007168747,False,0,D19-P00,A_complex_B_simple,G,160,242,18,55,61,insufficient_predicted_coverage_reserve,-24,1507,22.314814814814813,363,155.6685393258427,0.5209259259259259
45,5,coverage_v20_5,False,True,0.12817743755228758,False,True,0.033803618647331155,0.10540348124595873,0.022773956306328853,False,0,D19-P00,A_complex_B_simple,G,160,242,4,43,67,insufficient_predicted_coverage_reserve,-4,1507,22.314814814814813,38,16.295880149812735,0.5209259259259259
45,6,coverage_v20_6,False,True,0.07020265820556693,False,True,0.007124621658148906,0.06427515353426401,0.005927504671302922,False,0,D19-P00,A_complex_B_simple,G,160,242,15,50,64,insufficient_predicted_coverage_reserve,-19,1507,22.314814814814813,198,84.91011235955057,0.5209259259259259
45,7,coverage_v20_7,False,True,0.17043984161824363,False,True,0.00922972633932641,0.12065189288890882,0.049787948729334806,False,0,D19-P00,A_complex_B_simple,G,160,242,29,56,58,insufficient_predicted_coverage_reserve,-33,1507,22.314814814814813,525,225.14044943820224,0.5209259259259259
45,8,old_surface_rotation,True,True,0.09333778485134164,True,True,0.04666889242567082,0.09043505004006887,0.0029027348112727787,True,0,D19-P00,A_complex_B_simple,G,160,242,2,37,68,model_budget_passed,3,1507,22.314814814814813,0,0.0,0.5209259259259259
45,9,asset_1_entry,False,True,0.20341477050736326,True,True,0.012049156235183177,0.1545975039906072,0.04881726651675606,False,0,D19-P00,A_complex_B_simple,G,160,242,22,47,62,insufficient_predicted_coverage_reserve,-21,1507,22.314814814814813,333,142.80337078651687,0.5209259259259259
45,10,asset_2_entry,False,True,0.19461125734174445,True,True,0.01358681469497014,0.12011625641382606,0.07449500092791837,False,0,D19-P00,A_complex_B_simple,G,160,242,16,43,66,insufficient_predicted_coverage_reserve,-15,1507,22.314814814814813,123,52.747191011235955,0.5209259259259259
45,11,asset_1_deep,False,True,0.20142289723605694,True,True,0.013061885602543587,0.1545975039906072,0.04682539324544974,False,0,D19-P00,A_complex_B_simple,G,160,242,20,49,62,insufficient_predicted_coverage_reserve,-21,1507,22.314814814814813,323,138.51498127340824,0.5209259259259259
45,12,asset_2_deep,False,True,0.19461014705929292,True,True,0.014455491285434342,0.12011625641382606,0.07449389064546685,False,0,D19-P00,A_complex_B_simple,G,160,242,15,44,66,insufficient_predicted_coverage_reserve,-15,1507,22.314814814814813,120,51.46067415730337,0.5209259259259259
45,13,asset_0_corner_minus,False,True,0.10500726289420079,True,True,0.004221346512138803,0.104583354740977,0.00042390815322378514,False,0,D19-P00,A_complex_B_simple,G,160,242,34,69,64,insufficient_predicted_coverage_reserve,-57,1507,22.314814814814813,208,89.19850187265918,0.5209259259259259
45,14,asset_1_corner_minus,False,True,0.1566565016166687,True,True,0.0061570897495949704,0.10540348124595873,0.05125302037070995,False,0,D19-P00,A_complex_B_simple,G,160,242,32,27,64,insufficient_predicted_coverage_reserve,-13,1507,22.314814814814813,218,93.48689138576779,0.5209259259259259
45,15,asset_2_corner_minus,False,True,0.12069556997680783,True,True,0.0035225189305542978,0.09043505004006887,0.03026051993673896,False,0,D19-P00,A_complex_B_simple,G,160,242,35,40,68,insufficient_predicted_coverage_reserve,-33,1507,22.314814814814813,14,6.00374531835206,0.5209259259259259
45,16,asset_3_corner_minus,False,True,0.09417471334184209,True,True,0.002557568340910916,0.09043505004006887,0.0037396633017732217,False,0,D19-P00,A_complex_B_simple,G,160,242,50,17,65,insufficient_predicted_coverage_reserve,-22,1507,22.314814814814813,182,78.04868913857678,0.5209259259259259
45,17,asset_0_corner_plus,False,True,0.10274034081480861,True,True,0.007257761780740493,0.08529268261092836,0.017447658203880247,False,0,D19-P00,A_complex_B_simple,G,160,242,25,60,60,insufficient_predicted_coverage_reserve,-35,1507,22.314814814814813,425,182.2565543071161,0.5209259259259259
45,18,asset_1_corner_plus,False,True,0.15668650344550136,True,True,0.005560111599200442,0.10540348124595873,0.05128302219954264,False,0,D19-P00,A_complex_B_simple,G,160,242,45,40,58,insufficient_predicted_coverage_reserve,-33,1507,22.314814814814813,505,216.56367041198502,0.5209259259259259
45,19,asset_2_corner_plus,False,True,0.10084192168822413,True,True,0.005042096084411207,0.09043505004006887,0.010406871648155262,False,0,D19-P00,A_complex_B_simple,G,160,242,20,25,68,insufficient_predicted_coverage_reserve,-3,1507,22.314814814814813,0,0.0,0.5209259259259259
45,20,asset_3_corner_plus,False,True,0.12407872055263489,True,True,0.0034827511678143025,0.06793492292372143,0.056143797628913465,False,0,D19-P00,A_complex_B_simple,G,160,242,62,29,59,insufficient_predicted_coverage_reserve,-40,1507,22.314814814814813,496,212.70411985018725,0.5209259259259259
45,21,asset_4_corner_plus,False,True,0.07906993294248132,True,True,0.006510503293268998,0.016875359410660117,0.06219457353182121,False,0,D19-P00,A_complex_B_simple,G,160,242,19,56,63,insufficient_predicted_coverage_reserve,-28,1507,22.314814814814813,241,103.3501872659176,0.5209259259259259
45,22,asset_0_aperture_view,False,True,0.12374901741923479,True,True,0.009809991660688811,0.1004359966382351,0.02331302078099969,False,0,D19-P00,A_complex_B_simple,G,160,242,29,64,51,insufficient_predicted_coverage_reserve,-34,1507,22.314814814814813,868,372.2322097378277,0.5209259259259259
45,23,asset_1_aperture_view,False,True,0.199876073399388,True,True,0.013589968775406386,0.1545975039906072,0.0452785694087808,False,0,D19-P00,A_complex_B_simple,G,160,242,19,50,62,insufficient_predicted_coverage_reserve,-21,1507,22.314814814814813,315,135.08426966292134,0.5209259259259259
45,24,asset_2_aperture_view,False,True,0.19460503989353165,True,True,0.01665053013426027,0.12011625641382606,0.07448878347970558,False,0,D19-P00,A_complex_B_simple,G,160,242,13,46,66,insufficient_predicted_coverage_reserve,-15,1507,22.314814814814813,118,50.60299625468165,0.5209259259259259
45,25,asset_4_aperture_view,False,True,0.22526808066401904,True,True,0.00838707631474127,0.15261905153297214,0.07264902913104689,False,0,D19-P00,A_complex_B_simple,G,160,242,36,73,60,insufficient_predicted_coverage_reserve,-59,1507,22.314814814814813,414,177.53932584269663,0.5209259259259259
47,0,coverage_v20_0,False,True,0.13537807595368162,False,True,0.01222255724758358,0.06108349238044311,0.07429458357323852,False,0,D19-P00,A_complex_B_simple,G,160,253,23,62,53,insufficient_predicted_coverage_reserve,-30,1506,22.314814814814813,787,337.49625468164794,0.5211111111111111
47,1,coverage_v20_1,False,True,0.1360526949213552,False,True,0.010848316547155816,0.06108349238044311,0.07496920254091206,False,0,D19-P00,A_complex_B_simple,G,160,253,27,66,52,insufficient_predicted_coverage_reserve,-37,1506,22.314814814814813,847,363.22659176029964,0.5211111111111111
47,2,coverage_v20_2,False,True,0.18585064606120377,False,True,0.012272443708535054,0.12859581656447275,0.05725482949673102,False,0,D19-P00,A_complex_B_simple,G,160,253,28,63,52,insufficient_predicted_coverage_reserve,-35,1506,22.314814814814813,852,365.3707865168539,0.5211111111111111
47,3,coverage_v20_3,False,True,0.13838242774418177,False,True,0.009446676008573919,0.06108349238044311,0.07729893536373866,False,0,D19-P00,A_complex_B_simple,G,160,253,22,59,61,insufficient_predicted_coverage_reserve,-34,1506,22.314814814814813,375,160.81460674157304,0.5211111111111111
47,4,coverage_v20_4,False,True,0.18585064606120377,False,True,0.012635124895652782,0.12859581656447275,0.05725482949673102,False,0,D19-P00,A_complex_B_simple,G,160,253,20,55,61,insufficient_predicted_coverage_reserve,-28,1506,22.314814814814813,361,154.81086142322098,0.5211111111111111
47,5,coverage_v20_5,False,True,0.1301686937586004,False,True,0.016479649100749838,0.06108349238044311,0.06908520137815728,False,0,D19-P00,A_complex_B_simple,G,160,253,9,48,66,insufficient_predicted_coverage_reserve,-15,1506,22.314814814814813,98,42.02621722846442,0.5211111111111111
47,6,coverage_v20_6,False,True,0.26088695016778884,False,True,0.014283858297231567,0.17917210810760442,0.08171484206018441,False,0,D19-P00,A_complex_B_simple,G,160,253,21,40,64,insufficient_predicted_coverage_reserve,-17,1506,22.314814814814813,211,90.48501872659176,0.5211111111111111
47,7,coverage_v20_7,False,True,0.18580590165245645,False,True,0.025517404373223723,0.12859581656447275,0.05721008508798369,False,0,D19-P00,A_complex_B_simple,G,160,253,8,45,66,insufficient_predicted_coverage_reserve,-11,1506,22.314814814814813,99,42.45505617977528,0.5211111111111111
47,8,old_surface_rotation,False,True,0.09127029059280947,True,True,0.045635145296404736,0.059453377220032584,0.031816913372776895,False,0,D19-P00,A_complex_B_simple,G,160,253,2,39,68,insufficient_predicted_coverage_reserve,-1,1506,22.314814814814813,0,0.0,0.5211111111111111
47,9,asset_1_entry,False,True,0.2664090056872328,True,True,0.013654387582647046,0.18483198067218917,0.08157702501504364,False,0,D19-P00,A_complex_B_simple,G,160,253,24,47,62,insufficient_predicted_coverage_reserve,-25,1506,22.314814814814813,331,141.94569288389513,0.5211111111111111
47,10,asset_2_entry,False,True,0.19718345212352384,True,True,0.01300683612809061,0.12524204783957785,0.07194140428394598,False,0,D19-P00,A_complex_B_simple,G,160,253,16,43,67,insufficient_predicted_coverage_reserve,-18,1506,22.314814814814813,59,25.301498127340825,0.5211111111111111
47,11,asset_1_deep,False,True,0.26417471441995566,True,True,0.01415091350940226,0.18483198067218917,0.07934273374776647,False,0,D19-P00,A_complex_B_simple,G,160,253,23,48,62,insufficient_predicted_coverage_reserve,-25,1506,22.314814814814813,331,141.94569288389513,0.5211111111111111
47,12,asset_2_deep,False,True,0.2011505104021457,True,True,0.014545836495945517,0.12168378579424209,0.07946672460790362,False,0,D19-P00,A_complex_B_simple,G,160,253,15,44,66,insufficient_predicted_coverage_reserve,-17,1506,22.314814814814813,92,39.453183520599254,0.5211111111111111
47,13,asset_0_corner_minus,False,True,0.1771668901740305,True,True,0.005975829253805374,0.1451810878122074,0.0319858023618231,False,0,D19-P00,A_complex_B_simple,G,160,253,36,69,64,insufficient_predicted_coverage_reserve,-61,1506,22.314814814814813,205,87.9119850187266,0.5211111111111111
47,14,asset_1_corner_minus,False,True,0.23992808494743983,True,True,0.00823862559213603,0.156280505777465,0.08364757916997484,False,0,D19-P00,A_complex_B_simple,G,160,253,34,27,64,insufficient_predicted_coverage_reserve,-17,1506,22.314814814814813,217,93.05805243445693,0.5211111111111111
47,15,asset_2_corner_minus,False,True,0.05719764919925063,True,True,0.001811825508843734,0.02810654386288959,0.02909110533636104,False,0,D19-P00,A_complex_B_simple,G,160,253,33,40,68,insufficient_predicted_coverage_reserve,-33,1506,22.314814814814813,14,6.00374531835206,0.5211111111111111
47,16,asset_3_corner_minus,False,True,0.02930300914534074,True,True,0.0013357879991699076,0.02810654386288959,0.00119646528245115,False,0,D19-P00,A_complex_B_simple,G,160,253,48,17,64,insufficient_predicted_coverage_reserve,-21,1506,22.314814814814813,188,80.62172284644194,0.5211111111111111
47,17,asset_0_corner_plus,False,True,0.14170973237990817,True,True,0.007978275410504143,0.10422351752567967,0.037486214854228504,False,0,D19-P00,A_complex_B_simple,G,160,253,27,60,60,insufficient_predicted_coverage_reserve,-39,1506,22.314814814814813,398,170.67790262172284,0.5211111111111111
47,18,asset_1_corner_plus,False,True,0.2399443498079888,True,True,0.007091014534921747,0.156280505777465,0.0836638440305238,False,0,D19-P00,A_complex_B_simple,G,160,253,47,40,58,insufficient_predicted_coverage_reserve,-37,1506,22.314814814814813,504,216.13483146067415,0.5211111111111111
47,19,asset_2_corner_plus,False,True,0.040462333553152464,True,True,0.002129596502797498,0.02810654386288959,0.012355789690262875,False,0,D19-P00,A_complex_B_simple,G,160,253,19,26,68,insufficient_predicted_coverage_reserve,-5,1506,22.314814814814813,0,0.0,0.5211111111111111
47,20,asset_3_corner_plus,False,True,0.02930300914534074,True,True,0.0020254205227927162,0.02810654386288959,0.00119646528245115,False,0,D19-P00,A_complex_B_simple,G,160,253,60,29,58,insufficient_predicted_coverage_reserve,-39,1506,22.314814814814813,498,213.56179775280899,0.5211111111111111
47,21,asset_4_corner_plus,False,True,0.1373477744236856,True,True,0.009665477406314836,0.06108349238044311,0.07626428204324248,False,0,D19-P00,A_complex_B_simple,G,160,253,19,56,63,insufficient_predicted_coverage_reserve,-30,1506,22.314814814814813,250,107.20973782771536,0.5211111111111111
47,22,asset_0_aperture_view,False,True,0.17912539912557576,True,True,0.010957450151004236,0.12333876840298551,0.05578663072259025,False,0,D19-P00,A_complex_B_simple,G,160,253,31,64,51,insufficient_predicted_coverage_reserve,-38,1506,22.314814814814813,867,371.80337078651684,0.5211111111111111
47,23,asset_1_aperture_view,False,True,0.26183531402854027,True,True,0.014603625385135668,0.18288707045057975,0.07894824357796051,False,0,D19-P00,A_complex_B_simple,G,160,253,22,49,62,insufficient_predicted_coverage_reserve,-25,1506,22.314814814814813,321,137.6573033707865,0.5211111111111111
47,24,asset_2_aperture_view,False,True,0.2008344631385291,True,True,0.016745101153106227,0.12168378579424209,0.079150677344287,False,0,D19-P00,A_complex_B_simple,G,160,253,13,46,66,insufficient_predicted_coverage_reserve,-17,1506,22.314814814814813,91,39.02434456928839,0.5211111111111111
47,25,asset_4_aperture_view,False,True,0.29480827324390185,True,True,0.010087547151642642,0.21370254391341525,0.08110572933048658,False,0,D19-P00,A_complex_B_simple,G,160,253,38,73,59,insufficient_predicted_coverage_reserve,-62,1506,22.314814814814813,478,204.98501872659176,0.5211111111111111
62,0,coverage_v20_0,False,True,0.0054989587493093186,False,True,0.008715393556334517,0.0,0.0054989587493093186,False,0,D19-P00,A_complex_B_simple,G,160,332,11,63,52,insufficient_predicted_coverage_reserve,-33,1255,20.166666666666668,488,216.72941176470587,0.5675925925925925
62,1,coverage_v20_1,False,True,0.1296389874949114,False,True,0.004044828137779311,0.11724502531730906,0.012393962177602337,False,0,D19-P00,A_complex_B_simple,G,160,332,63,35,48,insufficient_predicted_coverage_reserve,-53,1255,20.166666666666668,676,300.2235294117647,0.5675925925925925
62,2,coverage_v20_2,False,True,0.0054989587493093186,False,True,0.006215344807468521,0.0,0.0054989587493093186,False,0,D19-P00,A_complex_B_simple,G,160,332,19,71,49,insufficient_predicted_coverage_reserve,-46,1255,20.166666666666668,608,270.0235294117647,0.5675925925925925
62,3,coverage_v20_3,False,True,0.007346313950000777,False,True,0.0012809038811343078,0.0027299457779975007,0.004616368172003276,False,0,D19-P00,A_complex_B_simple,G,160,332,16,60,61,insufficient_predicted_coverage_reserve,-44,1255,20.166666666666668,71,31.53235294117647,0.5675925925925925
62,4,coverage_v20_4,False,True,0.1254223299214668,False,True,0.0062196909433524395,0.09570814980257637,0.02971418011889042,False,0,D19-P00,A_complex_B_simple,G,160,332,38,60,50,insufficient_predicted_coverage_reserve,-55,1255,20.166666666666668,599,266.02647058823527,0.5675925925925925
62,5,coverage_v20_5,False,True,0.09034374080121119,False,True,0.004353736509664235,0.06389780178621322,0.026445939014997966,False,0,D19-P00,A_complex_B_simple,G,160,332,35,57,55,insufficient_predicted_coverage_reserve,-54,1255,20.166666666666668,335,148.77941176470588,0.5675925925925925
62,6,coverage_v20_6,False,True,0.1296389874949114,False,True,0.0032686744829398813,0.11724502531730906,0.012393962177602337,False,0,D19-P00,A_complex_B_simple,G,160,332,60,24,55,insufficient_predicted_coverage_reserve,-46,1255,20.166666666666668,359,159.43823529411765,0.5675925925925925
62,7,coverage_v20_7,False,True,0.20508302347680027,False,True,0.007469762128402622,0.1506241499935206,0.05445887348327966,False,0,D19-P00,A_complex_B_simple,G,160,332,34,46,57,insufficient_predicted_coverage_reserve,-44,1255,20.166666666666668,264,117.2470588235294,0.5675925925925925
62,8,old_surface_rotation,False,True,0.12626362769407964,True,True,0.12626362769407964,0.11724502531730906,0.009018602376770594,False,0,D19-P00,A_complex_B_simple,G,160,332,1,53,63,insufficient_predicted_coverage_reserve,-24,1255,20.166666666666668,0,0.0,0.5675925925925925
62,9,asset_1_entry,False,True,0.20597717701837776,True,True,0.007218602381878077,0.1519443139102928,0.054032863108084944,False,0,D19-P00,A_complex_B_simple,G,160,332,37,47,55,insufficient_predicted_coverage_reserve,-46,1255,20.166666666666668,330,146.55882352941177,0.5675925925925925
62,10,asset_2_entry,False,True,0.12855585275958634,True,True,0.00988891175073741,0.11724502531730906,0.011310827442277281,False,0,D19-P00,A_complex_B_simple,G,160,332,13,43,63,insufficient_predicted_coverage_reserve,-26,1255,20.166666666666668,0,0.0,0.5675925925925925
62,11,asset_1_deep,False,True,0.20374288575110058,True,True,0.007357055468394769,0.1519443139102928,0.051798571840807765,False,0,D19-P00,A_complex_B_simple,G,160,332,36,48,55,insufficient_predicted_coverage_reserve,-46,1255,20.166666666666668,330,146.55882352941177,0.5675925925925925
62,12,asset_2_deep,False,True,0.12855585275940712,True,True,0.010712987729950593,0.11724502531730906,0.011310827442098074,False,0,D19-P00,A_complex_B_simple,G,160,332,12,44,63,insufficient_predicted_coverage_reserve,-26,1255,20.166666666666668,0,0.0,0.5675925925925925
62,13,asset_1_corner_minus,False,True,0.179496256278878,True,True,0.004670133112316553,0.12339283901556859,0.05610341726330941,False,0,D19-P00,A_complex_B_simple,G,160,332,47,27,58,insufficient_predicted_coverage_reserve,-39,1255,20.166666666666668,216,95.92941176470588,0.5675925925925925
62,14,asset_2_corner_minus,False,True,0.13114128496618666,True,True,0.002907258207799549,0.11724502531730906,0.0138962596488776,False,0,D19-P00,A_complex_B_simple,G,160,332,46,40,62,insufficient_predicted_coverage_reserve,-55,1255,20.166666666666668,14,6.217647058823529,0.5675925925925925
62,15,asset_3_corner_minus,False,True,0.1296389874949114,True,True,0.0026200684045917474,0.11724502531730906,0.012393962177602337,False,0,D19-P00,A_complex_B_simple,G,160,332,61,17,59,insufficient_predicted_coverage_reserve,-44,1255,20.166666666666668,163,72.39117647058823,0.5675925925925925
62,16,asset_4_corner_minus,False,True,0.005498958759108819,True,True,0.004747170160177663,0.0,0.005498958759108819,False,0,D19-P00,A_complex_B_simple,G,160,332,20,70,52,insufficient_predicted_coverage_reserve,-49,1255,20.166666666666668,483,214.50882352941176,0.5675925925925925
62,17,asset_0_corner_plus,False,True,0.08852600648400048,True,True,0.004230216544900597,0.06335276063714716,0.02517324584685332,False,0,D19-P00,A_complex_B_simple,G,160,332,38,60,54,insufficient_predicted_coverage_reserve,-59,1255,20.166666666666668,390,173.20588235294116,0.5675925925925925
62,18,asset_1_corner_plus,False,True,0.17951252113942695,True,True,0.004470708142350613,0.12339283901556859,0.05611968212385837,False,0,D19-P00,A_complex_B_simple,G,160,332,59,39,53,insufficient_predicted_coverage_reserve,-58,1255,20.166666666666668,455,202.0735294117647,0.5675925925925925
62,19,asset_2_corner_plus,False,True,0.12982205953376957,True,True,0.004056939360430299,0.11724502531730906,0.012577034216460505,False,0,D19-P00,A_complex_B_simple,G,160,332,32,26,63,insufficient_predicted_coverage_reserve,-28,1255,20.166666666666668,0,0.0,0.5675925925925925
62,20,asset_4_corner_plus,False,True,0.004616368172003276,True,True,0.001332007187570698,0.0,0.004616368172003276,False,0,D19-P00,A_complex_B_simple,G,160,332,10,58,62,insufficient_predicted_coverage_reserve,-37,1255,20.166666666666668,47,20.873529411764704,0.5675925925925925
62,21,asset_1_aperture_view,False,True,0.20140348535968516,True,True,0.0074475069891126984,0.14999940368868336,0.05140408167100181,False,0,D19-P00,A_complex_B_simple,G,160,332,35,49,56,insufficient_predicted_coverage_reserve,-47,1255,20.166666666666668,320,142.11764705882354,0.5675925925925925
62,22,asset_2_aperture_view,False,True,0.16587298762468994,True,True,0.016587298762468995,0.15452826248799081,0.011344725136699119,False,0,D19-P00,A_complex_B_simple,G,160,332,10,46,63,insufficient_predicted_coverage_reserve,-26,1255,20.166666666666668,0,0.0,0.5675925925925925
62,23,asset_4_aperture_view,False,True,0.07681956468994769,True,True,0.004392471795671023,0.06495713233161043,0.011862432358337262,False,0,D19-P00,A_complex_B_simple,G,160,332,22,62,60,insufficient_predicted_coverage_reserve,-51,1255,20.166666666666668,107,47.52058823529411,0.5675925925925925
72,0,coverage_v20_0,False,False,0.0,False,True,0.003927875243664718,0.0,0.0,False,0,D19-P00,A_complex_B_simple,G,160,385,19,45,43,insufficient_predicted_coverage_reserve,-24,853,15.907407407407407,403,180.86118598382748,0.6420370370370371
72,1,coverage_v20_1,False,False,0.0,False,True,0.002988505747126437,0.0,0.0,False,0,D19-P00,A_complex_B_simple,G,160,385,29,49,41,insufficient_predicted_coverage_reserve,-36,853,15.907407407407407,468,210.03234501347708,0.6420370370370371
72,2,coverage_v20_2,False,False,0.0,False,True,0.002845679012345679,0.0,0.0,False,0,D19-P00,A_complex_B_simple,G,160,385,30,34,41,insufficient_predicted_coverage_reserve,-22,853,15.907407407407407,461,206.89083557951483,0.6420370370370371
72,3,coverage_v20_3,False,False,0.0,False,True,0.0020414462081128747,0.0,0.0,False,0,D19-P00,A_complex_B_simple,G,160,385,42,24,41,insufficient_predicted_coverage_reserve,-24,853,15.907407407407407,463,207.78840970350404,0.6420370370370371
72,4,coverage_v20_4,False,False,0.0,False,True,0.0019939707149009473,0.0,0.0,False,0,D19-P00,A_complex_B_simple,G,160,385,43,29,41,insufficient_predicted_coverage_reserve,-30,853,15.907407407407407,463,207.78840970350404,0.6420370370370371
72,5,coverage_v20_5,False,False,0.0,False,True,0.002022792022792023,0.0,0.0,False,0,D19-P00,A_complex_B_simple,G,160,385,13,75,50,insufficient_predicted_coverage_reserve,-55,853,15.907407407407407,142,63.7277628032345,0.6420370370370371
72,6,coverage_v20_6,False,True,0.00030493371164201514,False,True,0.0005501025006615259,0.0,0.00030493371164201514,False,0,D19-P00,A_complex_B_simple,G,160,385,12,72,53,insufficient_predicted_coverage_reserve,-54,853,15.907407407407407,34,15.25876010781671,0.6420370370370371
72,7,coverage_v20_7,False,True,0.1901783633342036,False,True,0.006676765236649689,0.1635445586602364,0.02663380467396721,False,0,D19-P00,A_complex_B_simple,G,160,385,36,52,46,insufficient_predicted_coverage_reserve,-51,853,15.907407407407407,271,121.62129380053908,0.6420370370370371
72,8,old_surface_rotation,False,True,0.0004054547109454038,True,True,0.0004054547109454038,0.0,0.0004054547109454038,False,0,D19-P00,A_complex_B_simple,G,160,385,1,61,54,insufficient_predicted_coverage_reserve,-33,853,15.907407407407407,0,0.0,0.6420370370370371
72,9,asset_1_entry,False,True,0.2689838411240578,True,True,0.007700673465916721,0.21776024429644805,0.051223596827609776,False,0,D19-P00,A_complex_B_simple,G,160,385,42,46,46,insufficient_predicted_coverage_reserve,-51,853,15.907407407407407,294,131.9433962264151,0.6420370370370371
72,10,asset_2_entry,False,True,0.16074290199779895,True,True,0.007654423904657093,0.15452826248799081,0.006214639509808148,False,0,D19-P00,A_complex_B_simple,G,160,385,21,43,54,insufficient_predicted_coverage_reserve,-35,853,15.907407407407407,0,0.0,0.6420370370370371
72,11,asset_1_deep,False,True,0.26571022304271036,True,True,0.007795100291014616,0.21776024429644805,0.047949978746262285,False,0,D19-P00,A_complex_B_simple,G,160,385,41,47,46,insufficient_predicted_coverage_reserve,-51,853,15.907407407407407,291,130.59703504043128,0.6420370370370371
72,12,asset_2_deep,False,True,0.16074290199779895,True,True,0.008037145099889948,0.15452826248799081,0.006214639509808147,False,0,D19-P00,A_complex_B_simple,G,160,385,20,44,54,insufficient_predicted_coverage_reserve,-35,853,15.907407407407407,0,0.0,0.6420370370370371
72,13,asset_1_corner_minus,False,True,0.2442522896916148,True,True,0.005363250748898393,0.19122924787322862,0.05302304181838619,False,0,D19-P00,A_complex_B_simple,G,160,385,53,27,48,insufficient_predicted_coverage_reserve,-45,853,15.907407407407407,216,96.93800539083558,0.6420370370370371
72,14,asset_2_corner_minus,False,True,0.012286601790964767,True,True,0.0019929994318639826,0.0,0.012286601790964767,False,0,D19-P00,A_complex_B_simple,G,160,385,49,39,41,insufficient_predicted_coverage_reserve,-46,853,15.907407407407407,461,206.89083557951483,0.6420370370370371
72,15,asset_3_corner_minus,False,False,0.0,True,True,0.001558922558922559,0.0,0.0,False,0,D19-P00,A_complex_B_simple,G,160,385,55,17,41,insufficient_predicted_coverage_reserve,-30,853,15.907407407407407,463,207.78840970350404,0.6420370370370371
72,16,asset_4_corner_minus,False,True,0.0003970967442328066,True,True,0.0004064700743915346,0.0,0.0003970967442328066,False,0,D19-P00,A_complex_B_simple,G,160,385,11,71,54,insufficient_predicted_coverage_reserve,-53,853,15.907407407407407,22,9.873315363881401,0.6420370370370371
72,17,asset_5_corner_minus,False,False,0.0,True,True,0.00047138047138047136,0.0,0.0,False,0,D19-P00,A_complex_B_simple,G,160,385,11,63,53,insufficient_predicted_coverage_reserve,-44,853,15.907407407407407,28,12.566037735849056,0.6420370370370371
72,18,asset_2_corner_plus,False,True,0.12180444925549438,True,True,0.0030451112313873594,0.11663066981247856,0.005173779443015822,False,0,D19-P00,A_complex_B_simple,G,160,385,40,26,54,insufficient_predicted_coverage_reserve,-37,853,15.907407407407407,0,0.0,0.6420370370370371
72,19,asset_3_corner_plus,False,False,0.0,True,True,0.0019939707149009473,0.0,0.0,False,0,D19-P00,A_complex_B_simple,G,160,385,43,29,41,insufficient_predicted_coverage_reserve,-30,853,15.907407407407407,463,207.78840970350404,0.6420370370370371
72,20,asset_4_corner_plus,False,True,0.04283549763341406,True,True,0.0026772186020883786,0.041406860140740166,0.0014286374926738901,False,0,D19-P00,A_complex_B_simple,G,160,385,16,58,54,insufficient_predicted_coverage_reserve,-45,853,15.907407407407407,0,0.0,0.6420370370370371
72,21,asset_5_corner_plus,False,False,0.0,True,True,0.0015886939571150098,0.0,0.0,False,0,D19-P00,A_complex_B_simple,G,160,385,19,69,50,insufficient_predicted_coverage_reserve,-55,853,15.907407407407407,163,73.1522911051213,0.6420370370370371
72,22,asset_1_aperture_view,False,True,0.2648580524831587,True,True,0.007968673534301189,0.21776024429644805,0.04709780818671066,False,0,D19-P00,A_complex_B_simple,G,160,385,40,48,46,insufficient_predicted_coverage_reserve,-51,853,15.907407407407407,291,130.59703504043128,0.6420370370370371
72,23,asset_2_aperture_view,False,True,0.16074247043736906,True,True,0.008930137246520503,0.15452826248799081,0.006214207949378232,False,0,D19-P00,A_complex_B_simple,G,160,385,18,46,54,insufficient_predicted_coverage_reserve,-35,853,15.907407407407407,0,0.0,0.6420370370370371
72,24,asset_4_aperture_view,False,True,0.1739927610187122,True,True,0.005362756134926168,0.16808704044129982,0.005905720577412374,False,0,D19-P00,A_complex_B_simple,G,160,385,35,53,52,insufficient_predicted_coverage_reserve,-57,853,15.907407407407407,74,33.21024258760108,0.6420370370370371
72,25,asset_5_aperture_view,False,False,0.0,True,True,0.001990740740740741,0.0,0.0,False,0,D19-P00,A_complex_B_simple,G,160,385,16,54,49,insufficient_predicted_coverage_reserve,-36,853,15.907407407407407,172,77.19137466307278,0.6420370370370371
91,0,coverage_v20_0,False,True,0.02795188325461398,False,True,0.0015198309011377913,0.0,0.02795188325461398,False,0,D19-P00,A_complex_B_simple,G,160,484,48,21,19,insufficient_predicted_coverage_reserve,-24,386,14.982758620689655,243,111.8168880455408,0.7285185185185186
91,1,coverage_v20_1,False,True,0.027156417483034198,False,True,0.0014801385276205013,0.0,0.027156417483034198,False,0,D19-P00,A_complex_B_simple,G,160,484,49,20,19,insufficient_predicted_coverage_reserve,-24,386,14.982758620689655,245,112.73719165085389,0.7285185185185186
91,2,coverage_v20_2,False,True,0.012351446392724492,False,True,0.0007296222576454958,0.0,0.012351446392724492,False,0,D19-P00,A_complex_B_simple,G,160,484,55,14,22,insufficient_predicted_coverage_reserve,-27,386,14.982758620689655,150,69.02277039848197,0.7285185185185186
91,3,coverage_v20_3,False,False,0.0,False,True,0.000462962962962963,0.0,0.0,False,0,D19-P00,A_complex_B_simple,G,160,484,2,43,26,insufficient_predicted_coverage_reserve,-7,386,14.982758620689655,5,2.3007590132827325,0.7285185185185186
91,4,coverage_v20_4,False,False,0.0,False,True,0.00011904761904761905,0.0,0.0,False,0,D19-P00,A_complex_B_simple,G,160,484,14,55,26,insufficient_predicted_coverage_reserve,-31,386,14.982758620689655,9,4.141366223908919,0.7285185185185186
91,5,coverage_v20_5,False,True,0.027531727014019115,False,True,0.000773252075417657,0.0,0.027531727014019115,False,0,D19-P00,A_complex_B_simple,G,160,484,38,11,26,insufficient_predicted_coverage_reserve,-11,386,14.982758620689655,10,4.601518026565465,0.7285185185185186
91,6,coverage_v20_6,False,False,0.0,False,True,0.00014814814814814815,0.0,0.0,False,0,D19-P00,A_complex_B_simple,G,160,484,10,35,26,insufficient_predicted_coverage_reserve,-7,386,14.982758620689655,8,3.681214421252372,0.7285185185185186
91,7,coverage_v20_7,False,False,0.0,False,True,8.333333333333333e-05,0.0,0.0,False,0,D19-P00,A_complex_B_simple,G,160,484,20,45,26,insufficient_predicted_coverage_reserve,-27,386,14.982758620689655,9,4.141366223908919,0.7285185185185186
91,8,old_surface_rotation,False,True,4.542316068769798e-05,True,True,2.271158034384899e-05,0.0,4.542316068769798e-05,False,0,D19-P00,A_complex_B_simple,G,160,484,2,47,26,insufficient_predicted_coverage_reserve,-11,386,14.982758620689655,0,0.0,0.7285185185185186
91,9,asset_4_entry,False,False,0.0,True,True,0.00018518518518518518,0.0,0.0,False,0,D19-P00,A_complex_B_simple,G,160,484,8,53,26,insufficient_predicted_coverage_reserve,-23,386,14.982758620689655,8,3.681214421252372,0.7285185185185186
91,10,asset_4_deep,False,False,0.0,True,True,0.0001646090534979424,0.0,0.0,False,0,D19-P00,A_complex_B_simple,G,160,484,9,52,26,insufficient_predicted_coverage_reserve,-23,386,14.982758620689655,8,3.681214421252372,0.7285185185185186
91,11,asset_2_corner_minus,False,True,0.012286601790964767,True,True,0.0004589361090815416,0.0,0.012286601790964767,False,0,D19-P00,A_complex_B_simple,G,160,484,30,39,26,insufficient_predicted_coverage_reserve,-31,386,14.982758620689655,8,3.681214421252372,0.7285185185185186
91,12,asset_4_corner_minus,False,True,0.0003968651150649239,True,True,2.8347508218923134e-05,0.0,0.0003968651150649239,False,0,D19-P00,A_complex_B_simple,G,160,484,14,55,26,insufficient_predicted_coverage_reserve,-31,386,14.982758620689655,0,0.0,0.7285185185185186
91,13,asset_2_corner_plus,False,True,0.012078568223986829,True,True,0.0003081829478515525,0.0,0.012078568223986829,False,0,D19-P00,A_complex_B_simple,G,160,484,44,25,26,insufficient_predicted_coverage_reserve,-31,386,14.982758620689655,8,3.681214421252372,0.7285185185185186
91,14,asset_2_aperture_view,False,True,0.00039178676460123403,True,True,3.2648897050102836e-05,0.0,0.00039178676460123403,False,0,D19-P00,A_complex_B_simple,G,160,484,12,55,26,insufficient_predicted_coverage_reserve,-29,386,14.982758620689655,0,0.0,0.7285185185185186
91,15,asset_4_aperture_view,False,False,0.0,True,True,0.00014814814814814815,0.0,0.0,False,0,D19-P00,A_complex_B_simple,G,160,484,10,51,26,insufficient_predicted_coverage_reserve,-23,386,14.982758620689655,8,3.681214421252372,0.7285185185185186
139,0,coverage_v20_0,False,False,0.0,False,True,0.0004814814814814815,0.0,0.0,False,0,D19-P00,A_complex_B_simple,G,160,734,5,16,35,insufficient_predicted_coverage_reserve,-40,147,4.055555555555555,13,6.03728813559322,0.7727777777777778
139,1,coverage_v20_1,False,False,0.0,False,True,0.0005555555555555556,0.0,0.0,False,0,D19-P00,A_complex_B_simple,G,160,734,8,13,34,insufficient_predicted_coverage_reserve,-39,147,4.055555555555555,24,11.145762711864407,0.7727777777777778
139,2,old_surface_rotation,False,False,0.0,True,False,0.0,0.0,0.0,False,0,D19-P00,A_complex_B_simple,G,160,734,1,20,37,insufficient_predicted_coverage_reserve,-42,147,4.055555555555555,0,0.0,0.7727777777777778
0,0,coverage_v20_0,False,True,0.1995722423712284,False,True,0.015123611830718475,0.0,0.1995722423712284,False,1,D19-P00,A_simple_B_complex,G,160,5,28,30,,coverage_rate_unavailable,,3015,,1209,302.25,0.24166666666666667
0,1,coverage_v20_1,False,True,0.18179573978721245,False,True,0.04873597198384015,0.0,0.18179573978721245,False,1,D19-P00,A_simple_B_complex,G,160,5,4,8,,coverage_rate_unavailable,,3015,,71,17.75,0.24166666666666667
0,2,coverage_v20_2,False,True,0.20048968079081742,False,True,0.01427739558484509,0.0,0.20048968079081742,False,1,D19-P00,A_simple_B_complex,G,160,5,27,29,,coverage_rate_unavailable,,3015,,999,249.75,0.24166666666666667
0,3,coverage_v20_3,False,True,0.08237486339156205,False,True,0.009064607587072747,0.0,0.08237486339156205,False,1,D19-P00,A_simple_B_complex,G,160,5,23,25,,coverage_rate_unavailable,,3015,,681,170.25,0.24166666666666667
0,4,coverage_v20_4,False,True,0.18201745482344353,False,True,0.015575043786487603,0.0,0.18201745482344353,False,1,D19-P00,A_simple_B_complex,G,160,5,18,20,,coverage_rate_unavailable,,3015,,531,132.75,0.24166666666666667
0,5,coverage_v20_5,False,True,0.2001291329917739,False,True,0.01210267855306161,0.0,0.2001291329917739,False,1,D19-P00,A_simple_B_complex,G,160,5,33,35,,coverage_rate_unavailable,,3015,,1076,269.0,0.24166666666666667
0,6,coverage_v20_6,False,False,0.0,False,True,0.0035714285714285713,0.0,0.0,False,1,D19-P00,A_simple_B_complex,G,160,5,14,14,,coverage_rate_unavailable,,3015,,270,67.5,0.24166666666666667
0,7,coverage_v20_7,False,True,0.08237486339156205,False,True,0.008951886170003504,0.0,0.08237486339156205,False,1,D19-P00,A_simple_B_complex,G,160,5,23,25,,coverage_rate_unavailable,,3015,,667,166.75,0.24166666666666667
0,8,asset_1_entry,False,True,0.20097397625504962,True,True,0.014307958072011741,0.0,0.20097397625504962,False,1,D19-P00,A_simple_B_complex,G,160,5,20,20,,coverage_rate_unavailable,,3015,,460,115.0,0.24166666666666667
0,9,asset_0_corner_minus,False,True,0.20048968079081742,True,True,0.013738105750151216,0.0,0.20048968079081742,False,1,D19-P00,A_simple_B_complex,G,160,5,25,27,,coverage_rate_unavailable,,3015,,772,193.0,0.24166666666666667
0,10,asset_1_corner_minus,False,True,0.1998252762212954,True,True,0.02055642733942894,0.0,0.1998252762212954,False,1,D19-P00,A_simple_B_complex,G,160,5,12,12,,coverage_rate_unavailable,,3015,,253,63.25,0.24166666666666667
0,11,asset_1_corner_plus,False,True,0.19951644121545334,True,True,0.02389608856598978,0.0,0.19951644121545334,False,1,D19-P00,A_simple_B_complex,G,160,5,10,12,,coverage_rate_unavailable,,3015,,213,53.25,0.24166666666666667
0,12,asset_2_corner_plus,False,True,0.19907664867201813,True,True,0.013086527028000755,0.0,0.19907664867201813,False,1,D19-P00,A_simple_B_complex,G,160,5,24,26,,coverage_rate_unavailable,,3015,,621,155.25,0.24166666666666667
0,13,asset_0_aperture_view,False,True,0.3427556433293744,True,True,0.019201024738049948,0.142658804054613,0.2000968392747614,False,1,D19-P00,A_simple_B_complex,G,160,5,29,29,,coverage_rate_unavailable,,3015,,1156,289.0,0.24166666666666667
0,14,asset_1_aperture_view,False,True,0.1999650638414855,True,True,0.014137142080963165,0.0,0.1999650638414855,False,1,D19-P00,A_simple_B_complex,G,160,5,20,20,,coverage_rate_unavailable,,3015,,447,111.75,0.24166666666666667
0,15,asset_2_aperture_view,False,True,0.3332573350135991,True,True,0.019914880720668278,0.13366971149972137,0.19958762351387774,False,1,D19-P00,A_simple_B_complex,G,160,5,27,27,,coverage_rate_unavailable,,3015,,1104,276.0,0.24166666666666667
28,0,coverage_v20_0,False,True,0.026486420600603553,False,True,0.01695528130130163,0.0,0.026486420600603553,False,1,D19-P00,A_simple_B_complex,G,160,151,9,39,145,insufficient_predicted_coverage_reserve,-66,2252,13.625,681,282.4602272727273,0.38296296296296295
28,1,coverage_v20_1,False,True,0.13746920297691395,False,True,0.005589727830936956,0.08272575816282222,0.054743444814091734,False,1,D19-P00,A_simple_B_complex,G,160,151,56,44,137,insufficient_predicted_coverage_reserve,-110,2252,13.625,948,393.2045454545455,0.38296296296296295
28,2,coverage_v20_2,False,True,0.060031056945321896,False,True,0.010627581194927144,0.0,0.060031056945321896,False,1,D19-P00,A_simple_B_complex,G,160,151,21,51,139,insufficient_predicted_coverage_reserve,-84,2252,13.625,881,365.41477272727275,0.38296296296296295
28,3,coverage_v20_3,False,True,0.18322132066490077,False,True,0.0625552550364484,0.1069266667793743,0.07629465388552646,False,1,D19-P00,A_simple_B_complex,G,160,151,3,31,165,insufficient_predicted_coverage_reserve,-72,2252,13.625,24,9.954545454545455,0.38296296296296295
28,4,coverage_v20_4,False,True,0.026486420600603553,False,True,0.007726123490690809,0.0,0.026486420600603553,False,1,D19-P00,A_simple_B_complex,G,160,151,25,55,138,insufficient_predicted_coverage_reserve,-91,2252,13.625,900,373.29545454545456,0.38296296296296295
28,5,coverage_v20_5,False,True,0.1199551761156343,False,True,0.015295863693666926,0.022270562906780107,0.0976846132088542,False,1,D19-P00,A_simple_B_complex,G,160,151,18,48,140,insufficient_predicted_coverage_reserve,-79,2252,13.625,839,347.9943181818182,0.38296296296296295
28,6,coverage_v20_6,False,True,0.20880155832572983,False,True,0.012462548697679057,0.13966258588417355,0.06913897244155628,False,1,D19-P00,A_simple_B_complex,G,160,151,32,62,135,insufficient_predicted_coverage_reserve,-102,2252,13.625,1026,425.5568181818182,0.38296296296296295
28,7,coverage_v20_7,False,True,0.14756457545924356,False,True,0.01299147190725863,0.040484024900503394,0.10708055055874018,False,1,D19-P00,A_simple_B_complex,G,160,151,25,55,137,insufficient_predicted_coverage_reserve,-90,2252,13.625,957,396.9375,0.38296296296296295
28,8,old_surface_rotation,False,True,0.1651234169507333,True,True,0.1651234169507333,0.1306955236156133,0.03442789333512,False,1,D19-P00,A_simple_B_complex,G,160,151,1,29,166,insufficient_predicted_coverage_reserve,-69,2252,13.625,0,0.0,0.38296296296296295
28,9,asset_1_entry,False,True,0.26338060819087955,True,True,0.017709482224257053,0.14934029121451603,0.1140403169763635,False,1,D19-P00,A_simple_B_complex,G,160,151,21,49,148,insufficient_predicted_coverage_reserve,-91,2252,13.625,586,243.0568181818182,0.38296296296296295
28,10,asset_0_corner_minus,False,True,0.05404465947972631,True,True,0.0026488184292047584,0.0,0.05404465947972631,False,1,D19-P00,A_simple_B_complex,G,160,151,39,27,158,insufficient_predicted_coverage_reserve,-97,2252,13.625,266,110.32954545454545,0.38296296296296295
28,11,asset_1_corner_minus,False,True,0.1816828015309519,True,True,0.03804026400989409,0.1306955236156133,0.05098727791533861,False,1,D19-P00,A_simple_B_complex,G,160,151,5,35,164,insufficient_predicted_coverage_reserve,-77,2252,13.625,46,19.079545454545457,0.38296296296296295
28,12,asset_2_corner_minus,False,True,0.19600192762144192,True,True,0.007567972627954639,0.1306955236156133,0.06530640400582863,False,1,D19-P00,A_simple_B_complex,G,160,151,27,41,164,insufficient_predicted_coverage_reserve,-105,2252,13.625,45,18.664772727272727,0.38296296296296295
28,13,asset_3_corner_minus,False,False,0.0,True,True,0.0007362240289069558,0.0,0.0,False,1,D19-P00,A_simple_B_complex,G,160,151,41,17,161,insufficient_predicted_coverage_reserve,-92,2252,13.625,163,67.60795454545455,0.38296296296296295
28,14,asset_0_corner_plus,False,True,0.053658497985171416,True,True,0.0039236320837604186,0.0,0.053658497985171416,False,1,D19-P00,A_simple_B_complex,G,160,151,52,40,141,insufficient_predicted_coverage_reserve,-106,2252,13.625,812,336.79545454545456,0.38296296296296295
28,15,asset_1_corner_plus,False,True,0.1835946410891063,True,True,0.026716276993439796,0.07493272577043002,0.10866191531867629,False,1,D19-P00,A_simple_B_complex,G,160,151,9,39,156,insufficient_predicted_coverage_reserve,-77,2252,13.625,307,127.33522727272728,0.38296296296296295
28,16,asset_2_corner_plus,False,True,0.18883059857223294,True,True,0.016013660992130523,0.1306955236156133,0.05813507495661966,False,1,D19-P00,A_simple_B_complex,G,160,151,12,26,165,insufficient_predicted_coverage_reserve,-76,2252,13.625,18,7.465909090909092,0.38296296296296295
28,17,asset_3_corner_plus,False,True,0.17536703222680278,True,True,0.005055841977724441,0.1306955236156133,0.04467150861118949,False,1,D19-P00,A_simple_B_complex,G,160,151,53,29,151,insufficient_predicted_coverage_reserve,-106,2252,13.625,500,207.38636363636365,0.38296296296296295
28,18,asset_4_corner_plus,False,True,0.08239149891085591,True,True,0.009295766013077912,0.0,0.08239149891085591,False,1,D19-P00,A_simple_B_complex,G,160,151,30,58,133,insufficient_predicted_coverage_reserve,-94,2252,13.625,1061,440.0738636363637,0.38296296296296295
28,19,asset_0_aperture_view,False,True,0.20088221929065128,True,True,0.006490306462865635,0.14575245255439612,0.05512976673625516,False,1,D19-P00,A_simple_B_complex,G,160,151,58,42,137,insufficient_predicted_coverage_reserve,-110,2252,13.625,948,393.2045454545455,0.38296296296296295
28,20,asset_1_aperture_view,False,True,0.259351856767495,True,True,0.01690656588000398,0.14531153979113184,0.11404031697636315,False,1,D19-P00,A_simple_B_complex,G,160,151,22,50,147,insufficient_predicted_coverage_reserve,-92,2252,13.625,608,252.1818181818182,0.38296296296296295
28,21,asset_2_aperture_view,False,True,0.2633806081906548,True,True,0.019388453062666042,0.14934029121451603,0.11404031697613877,False,1,D19-P00,A_simple_B_complex,G,160,151,19,49,149,insufficient_predicted_coverage_reserve,-90,2252,13.625,567,235.17613636363637,0.38296296296296295
28,22,asset_4_aperture_view,False,True,0.20195853060097474,True,True,0.01283688929163743,0.13966258588417355,0.0622959447168012,False,1,D19-P00,A_simple_B_complex,G,160,151,30,60,136,insufficient_predicted_coverage_reserve,-99,2252,13.625,989,410.2102272727273,0.38296296296296295
37,0,coverage_v20_0,False,True,0.11819985214110695,False,True,0.011896289575437521,0.022270562906780107,0.09592928923432685,False,1,D19-P00,A_simple_B_complex,G,160,198,22,61,54,insufficient_predicted_coverage_reserve,-19,1535,22.314814814814813,775,338.24152542372883,0.5157407407407407
37,1,coverage_v20_1,False,True,0.1402234718559899,False,True,0.0112315261112589,0.09414813394501555,0.046075337910974366,False,1,D19-P00,A_simple_B_complex,G,160,198,28,61,51,insufficient_predicted_coverage_reserve,-22,1535,22.314814814814813,941,410.6906779661017,0.5157407407407407
37,2,coverage_v20_2,False,True,0.21900496580437065,False,True,0.0255273007272346,0.11964704683443374,0.09935791896993691,False,1,D19-P00,A_simple_B_complex,G,160,198,9,42,68,insufficient_predicted_coverage_reserve,-1,1535,22.314814814814813,58,25.3135593220339,0.5157407407407407
37,3,coverage_v20_3,False,True,0.06249685163686763,False,True,0.008396520456521298,0.03899923227164052,0.02349761936522711,False,1,D19-P00,A_simple_B_complex,G,160,198,19,54,59,insufficient_predicted_coverage_reserve,-14,1535,22.314814814814813,524,228.6949152542373,0.5157407407407407
37,4,coverage_v20_4,False,True,0.0828273266570951,False,True,0.007122847814336236,0.0,0.0828273266570951,False,1,D19-P00,A_simple_B_complex,G,160,198,20,59,63,insufficient_predicted_coverage_reserve,-24,1535,22.314814814814813,322,140.53389830508473,0.5157407407407407
37,5,coverage_v20_5,False,True,0.20362451804206247,False,True,0.012219176619851406,0.1498147267132356,0.053809791328826885,False,1,D19-P00,A_simple_B_complex,G,160,198,26,45,57,insufficient_predicted_coverage_reserve,-10,1535,22.314814814814813,616,268.8474576271187,0.5157407407407407
37,6,coverage_v20_6,False,True,0.0869664568321691,False,True,0.013252201238772465,0.05856259960420237,0.028403857227966723,False,1,D19-P00,A_simple_B_complex,G,160,198,10,45,64,insufficient_predicted_coverage_reserve,-1,1535,22.314814814814813,246,107.36440677966102,0.5157407407407407
37,7,coverage_v20_7,False,False,0.0,False,True,0.0032407407407407406,0.0,0.0,False,1,D19-P00,A_simple_B_complex,G,160,198,22,57,62,insufficient_predicted_coverage_reserve,-23,1535,22.314814814814813,385,168.02966101694915,0.5157407407407407
37,8,old_surface_rotation,True,True,0.09527235035531186,True,True,0.04763617517765593,0.08924896888963828,0.006023381465673582,True,1,D19-P00,A_simple_B_complex,G,160,198,2,37,69,model_budget_passed,10,1535,22.314814814814813,0,0.0,0.5157407407407407
37,9,asset_1_entry,False,True,0.25736176544894046,True,True,0.01440512530948406,0.14934029121451603,0.10802147423442444,False,1,D19-P00,A_simple_B_complex,G,160,198,20,49,66,insufficient_predicted_coverage_reserve,-17,1535,22.314814814814813,166,72.44915254237289,0.5157407407407407
37,10,asset_1_deep,False,True,0.2484992469138093,True,True,0.01259980622652633,0.14075291682246105,0.10774633009134825,False,1,D19-P00,A_simple_B_complex,G,160,198,23,52,65,insufficient_predicted_coverage_reserve,-22,1535,22.314814814814813,223,97.32627118644068,0.5157407407407407
37,11,asset_0_corner_minus,False,True,0.1792360042270957,True,True,0.007609763577218142,0.12509946981656103,0.054136534410534676,False,1,D19-P00,A_simple_B_complex,G,160,198,31,26,63,insufficient_predicted_coverage_reserve,-2,1535,22.314814814814813,306,133.55084745762713,0.5157407407407407
37,12,asset_1_corner_minus,False,True,0.21761638410178855,True,True,0.014121857339695117,0.12198568895855681,0.09563069514323173,False,1,D19-P00,A_simple_B_complex,G,160,198,16,35,68,insufficient_predicted_coverage_reserve,-1,1535,22.314814814814813,45,19.639830508474578,0.5157407407407407
37,13,asset_2_corner_minus,False,True,0.12941803280752734,True,True,0.003666961816669998,0.08924896888963828,0.04016906391788905,False,1,D19-P00,A_simple_B_complex,G,160,198,36,41,69,insufficient_predicted_coverage_reserve,-28,1535,22.314814814814813,14,6.110169491525424,0.5157407407407407
37,14,asset_3_corner_minus,False,True,0.09571069712049884,True,True,0.0025179176461136805,0.08924896888963828,0.006461728230860569,False,1,D19-P00,A_simple_B_complex,G,160,198,50,17,66,insufficient_predicted_coverage_reserve,-15,1535,22.314814814814813,163,71.13983050847457,0.5157407407407407
37,15,asset_4_corner_minus,False,True,0.08953299909174628,True,True,0.008089371574663148,0.0,0.08953299909174628,False,1,D19-P00,A_simple_B_complex,G,160,198,30,67,53,insufficient_predicted_coverage_reserve,-32,1535,22.314814814814813,827,360.9364406779661,0.5157407407407407
37,16,asset_0_corner_plus,False,True,0.17926602308199002,True,True,0.006440479525278791,0.12509946981656103,0.054166553265428984,False,1,D19-P00,A_simple_B_complex,G,160,198,45,40,58,insufficient_predicted_coverage_reserve,-25,1535,22.314814814814813,597,260.5550847457627,0.5157407407407407
37,17,asset_1_corner_plus,False,True,0.20104056835872758,True,True,0.01713918316569643,0.09736368641057602,0.10367688194815154,False,1,D19-P00,A_simple_B_complex,G,160,198,12,39,69,insufficient_predicted_coverage_reserve,-2,1535,22.314814814814813,25,10.911016949152543,0.5157407407407407
37,18,asset_2_corner_plus,True,True,0.18500042811600048,True,True,0.008977092696881857,0.09736368641057602,0.08763674170542447,True,1,D19-P00,A_simple_B_complex,G,160,198,21,26,69,model_budget_passed,2,1535,22.314814814814813,19,8.292372881355933,0.5157407407407407
37,19,asset_3_corner_plus,False,True,0.09571069712049884,True,True,0.0029684521040940675,0.08924896888963828,0.006461728230860569,False,1,D19-P00,A_simple_B_complex,G,160,198,62,29,60,insufficient_predicted_coverage_reserve,-33,1535,22.314814814814813,477,208.1822033898305,0.5157407407407407
37,20,asset_4_corner_plus,False,True,0.11653252068090646,True,True,0.008599177501724122,0.021110641368205424,0.09542187931270103,False,1,D19-P00,A_simple_B_complex,G,160,198,19,56,64,insufficient_predicted_coverage_reserve,-21,1535,22.314814814814813,253,110.41949152542372,0.5157407407407407
37,21,asset_0_aperture_view,False,True,0.206883761177108,True,True,0.012678798691021474,0.15361692797059553,0.053266833206512466,False,1,D19-P00,A_simple_B_complex,G,160,198,24,43,59,insufficient_predicted_coverage_reserve,-8,1535,22.314814814814813,526,229.5677966101695,0.5157407407407407
37,22,asset_1_aperture_view,False,True,0.25333459651874557,True,True,0.013756673908300054,0.14531153979113184,0.10802305672761374,False,1,D19-P00,A_simple_B_complex,G,160,198,21,50,66,insufficient_predicted_coverage_reserve,-19,1535,22.314814814814813,192,83.79661016949153,0.5157407407407407
37,23,asset_2_aperture_view,False,True,0.25736176544894035,True,True,0.016005694788315615,0.14934029121451603,0.10802147423442433,False,1,D19-P00,A_simple_B_complex,G,160,198,18,49,66,insufficient_predicted_coverage_reserve,-15,1535,22.314814814814813,166,72.44915254237289,0.5157407407407407
37,24,asset_4_aperture_view,False,True,0.2400151900032512,True,True,0.009023055689390722,0.1527482250194909,0.0872669649837603,False,1,D19-P00,A_simple_B_complex,G,160,198,36,73,60,insufficient_predicted_coverage_reserve,-51,1535,22.314814814814813,458,199.88983050847457,0.5157407407407407
39,0,coverage_v20_0,False,True,0.14572363565009164,False,True,0.013147370644027734,0.05271808648371903,0.0930055491663726,False,1,D19-P00,A_simple_B_complex,G,160,209,22,61,54,insufficient_predicted_coverage_reserve,-21,1522,22.314814814814813,775,338.24152542372883,0.5181481481481481
39,1,coverage_v20_1,False,True,0.15063026722384784,False,True,0.011600846659868165,0.05271808648371903,0.0979121807401288,False,1,D19-P00,A_simple_B_complex,G,160,209,27,66,52,insufficient_predicted_coverage_reserve,-29,1522,22.314814814814813,878,383.1949152542373,0.5181481481481481
39,2,coverage_v20_2,False,True,0.18829298529137953,False,True,0.012372897622840273,0.11356573540848784,0.07472724988289169,False,1,D19-P00,A_simple_B_complex,G,160,209,28,63,52,insufficient_predicted_coverage_reserve,-27,1522,22.314814814814813,854,372.72033898305085,0.5181481481481481
39,3,coverage_v20_3,False,True,0.1488575100962038,False,True,0.010024960798231926,0.05271808648371903,0.09613942361248477,False,1,D19-P00,A_simple_B_complex,G,160,209,21,58,62,insufficient_predicted_coverage_reserve,-25,1522,22.314814814814813,333,145.33474576271186,0.5181481481481481
39,4,coverage_v20_4,False,True,0.183422371198739,False,True,0.01199718522463131,0.11032057715757819,0.0731017940411608,False,1,D19-P00,A_simple_B_complex,G,160,209,21,56,61,insufficient_predicted_coverage_reserve,-22,1522,22.314814814814813,370,161.48305084745763,0.5181481481481481
39,5,coverage_v20_5,False,True,0.13966028131842814,False,True,0.01940197960924796,0.05271808648371903,0.08694219483470911,False,1,D19-P00,A_simple_B_complex,G,160,209,8,47,67,insufficient_predicted_coverage_reserve,-6,1522,22.314814814814813,84,36.66101694915254,0.5181481481481481
39,6,coverage_v20_6,False,True,0.29987398733823606,False,True,0.01603804319550905,0.19966618870907582,0.10020779862916022,False,1,D19-P00,A_simple_B_complex,G,160,209,22,41,63,insufficient_predicted_coverage_reserve,-10,1522,22.314814814814813,286,124.82203389830508,0.5181481481481481
39,7,coverage_v20_7,False,True,0.18829298529137953,False,True,0.023534611534433116,0.11356573540848784,0.07472724988289169,False,1,D19-P00,A_simple_B_complex,G,160,209,9,46,66,insufficient_predicted_coverage_reserve,-5,1522,22.314814814814813,127,55.42796610169491,0.5181481481481481
39,8,old_surface_rotation,True,True,0.10049828314501286,True,True,0.05024914157250643,0.05271808648371903,0.04778019666129382,True,1,D19-P00,A_simple_B_complex,G,160,209,2,39,69,model_budget_passed,6,1522,22.314814814814813,0,0.0,0.5181481481481481
39,9,asset_2_entry,False,True,0.22669841694911547,True,True,0.016174956191669428,0.12272097581340362,0.10397744113571185,False,1,D19-P00,A_simple_B_complex,G,160,209,15,44,67,insufficient_predicted_coverage_reserve,-10,1522,22.314814814814813,86,37.53389830508475,0.5181481481481481
39,10,asset_2_deep,False,True,0.22667869471537205,True,True,0.01732890147437843,0.12272097581340362,0.10395771890196844,False,1,D19-P00,A_simple_B_complex,G,160,209,14,45,67,insufficient_predicted_coverage_reserve,-10,1522,22.314814814814813,86,37.53389830508475,0.5181481481481481
39,11,asset_0_corner_minus,False,True,0.11810719767300265,True,True,0.007014944221085146,0.06884319648528148,0.049264001187721174,False,1,D19-P00,A_simple_B_complex,G,160,209,27,60,61,insufficient_predicted_coverage_reserve,-32,1522,22.314814814814813,385,168.02966101694915,0.5181481481481481
39,12,asset_1_corner_minus,False,True,0.281459515842804,True,True,0.009574517350496414,0.17906139254231623,0.10239812330048774,False,1,D19-P00,A_simple_B_complex,G,160,209,34,27,64,insufficient_predicted_coverage_reserve,-9,1522,22.314814814814813,238,103.87288135593221,0.5181481481481481
39,13,asset_2_corner_minus,False,True,0.09278010354315804,True,True,0.0028900817010833525,0.058979339087847714,0.03380076445531032,False,1,D19-P00,A_simple_B_complex,G,160,209,33,40,68,insufficient_predicted_coverage_reserve,-25,1522,22.314814814814813,14,6.110169491525424,0.5181481481481481
39,14,asset_3_corner_minus,False,True,0.06126194303408809,True,True,0.0019051485045681934,0.058979339087847714,0.0022826039462403793,False,1,D19-P00,A_simple_B_complex,G,160,209,48,17,66,insufficient_predicted_coverage_reserve,-15,1522,22.314814814814813,163,71.13983050847457,0.5181481481481481
39,15,asset_4_corner_minus,False,True,0.14782341510963262,True,True,0.010180533590074174,0.05271808648371903,0.09510532862591359,False,1,D19-P00,A_simple_B_complex,G,160,209,30,67,52,insufficient_predicted_coverage_reserve,-33,1522,22.314814814814813,851,371.41101694915255,0.5181481481481481
39,16,asset_1_corner_plus,False,True,0.28148945202134074,True,True,0.008156197954748779,0.17906139254231623,0.1024280594790245,False,1,D19-P00,A_simple_B_complex,G,160,209,47,40,58,insufficient_predicted_coverage_reserve,-29,1522,22.314814814814813,550,240.04237288135593,0.5181481481481481
39,17,asset_2_corner_plus,True,True,0.07067735888837903,True,True,0.004157491699316414,0.058979339087847714,0.01169801980053132,True,1,D19-P00,A_simple_B_complex,G,160,209,17,24,69,model_budget_passed,6,1522,22.314814814814813,0,0.0,0.5181481481481481
39,18,asset_3_corner_plus,False,True,0.06126194303408809,True,True,0.0026907854703212214,0.058979339087847714,0.0022826039462403793,False,1,D19-P00,A_simple_B_complex,G,160,209,60,29,58,insufficient_predicted_coverage_reserve,-31,1522,22.314814814814813,541,236.114406779661,0.5181481481481481
39,19,asset_4_corner_plus,False,True,0.14779926149998612,True,True,0.010264288616958335,0.05271808648371903,0.0950811750162671,False,1,D19-P00,A_simple_B_complex,G,160,209,19,56,64,insufficient_predicted_coverage_reserve,-23,1522,22.314814814814813,255,111.29237288135593,0.5181481481481481
39,20,asset_0_aperture_view,False,True,0.10049828314501286,True,True,0.004472465525585839,0.05271808648371903,0.04778019666129382,False,1,D19-P00,A_simple_B_complex,G,160,209,31,66,65,insufficient_predicted_coverage_reserve,-46,1522,22.314814814814813,206,89.90677966101696,0.5181481481481481
39,21,asset_1_aperture_view,False,True,0.30738135536284594,True,True,0.01488784680710643,0.2071769989227176,0.10020435644012833,False,1,D19-P00,A_simple_B_complex,G,160,209,25,42,62,insufficient_predicted_coverage_reserve,-13,1522,22.314814814814813,350,152.75423728813558,0.5181481481481481
39,22,asset_2_aperture_view,False,True,0.22608263809028337,True,True,0.01901490378472265,0.12298253740658825,0.10310010068369511,False,1,D19-P00,A_simple_B_complex,G,160,209,13,46,66,insufficient_predicted_coverage_reserve,-9,1522,22.314814814814813,114,49.75423728813559,0.5181481481481481
39,23,asset_4_aperture_view,False,True,0.304509223830353,True,True,0.01038669497409311,0.2054663115032099,0.09904291232714309,False,1,D19-P00,A_simple_B_complex,G,160,209,38,73,59,insufficient_predicted_coverage_reserve,-54,1522,22.314814814814813,487,212.54661016949152,0.5181481481481481
41,0,coverage_v20_0,False,True,0.16771921696246037,False,True,0.013660899932345297,0.08826359176977766,0.0794556251926827,False,1,D19-P00,A_simple_B_complex,G,160,220,23,62,53,insufficient_predicted_coverage_reserve,-24,1513,22.314814814814813,791,345.22457627118644,0.5198148148148148
41,1,coverage_v20_1,False,True,0.16919912653881813,False,True,0.012110255715429478,0.08826359176977766,0.08093553476904046,False,1,D19-P00,A_simple_B_complex,G,160,220,27,66,52,insufficient_predicted_coverage_reserve,-31,1513,22.314814814814813,852,371.8474576271187,0.5198148148148148
41,2,coverage_v20_2,False,True,0.08779470214636668,False,True,0.009459340395942878,0.06084764892476882,0.026947053221597867,False,1,D19-P00,A_simple_B_complex,G,160,220,26,63,52,insufficient_predicted_coverage_reserve,-27,1513,22.314814814814813,854,372.72033898305085,0.5198148148148148
41,3,coverage_v20_3,False,True,0.11500482146112886,False,True,0.00847465640114723,0.037370846974273196,0.07763397448685566,False,1,D19-P00,A_simple_B_complex,G,160,220,21,60,62,insufficient_predicted_coverage_reserve,-29,1513,22.314814814814813,340,148.38983050847457,0.5198148148148148
41,4,coverage_v20_4,False,True,0.08292408805372611,False,True,0.007970663503802348,0.05760249067385915,0.025321597379866972,False,1,D19-P00,A_simple_B_complex,G,160,220,19,56,61,insufficient_predicted_coverage_reserve,-22,1513,22.314814814814813,370,161.48305084745763,0.5198148148148148
41,5,coverage_v20_5,True,True,0.0857623589603952,False,True,0.023385034184543244,0.06084764892476882,0.02491471003562638,True,1,D19-P00,A_simple_B_complex,G,160,220,4,43,67,model_budget_passed,0,1513,22.314814814814813,42,18.33050847457627,0.5198148148148148
41,6,coverage_v20_6,False,True,0.0176089145279898,False,True,0.0034848164172586217,0.016125110001562446,0.0014838045264273538,False,1,D19-P00,A_simple_B_complex,G,160,220,16,51,64,insufficient_predicted_coverage_reserve,-17,1513,22.314814814814813,206,89.90677966101696,0.5198148148148148
41,7,coverage_v20_7,False,True,0.18603587011287612,False,True,0.012169529226213753,0.09358354828784167,0.09245232182503445,False,1,D19-P00,A_simple_B_complex,G,160,220,19,50,64,insufficient_predicted_coverage_reserve,-19,1513,22.314814814814813,244,106.49152542372882,0.5198148148148148
41,8,old_surface_rotation,True,True,0.02781685898516282,True,True,0.01390842949258141,0.025037494953008443,0.002779364032154376,True,1,D19-P00,A_simple_B_complex,G,160,220,2,37,68,model_budget_passed,7,1513,22.314814814814813,0,0.0,0.5198148148148148
41,9,asset_2_entry,False,True,0.2153215967697187,True,True,0.015811563241438037,0.12900661757077,0.0863149791989487,False,1,D19-P00,A_simple_B_complex,G,160,220,15,44,66,insufficient_predicted_coverage_reserve,-11,1513,22.314814814814813,118,51.5,0.5198148148148148
41,10,asset_2_deep,False,True,0.21411083880763923,True,True,0.018122486176086208,0.12900661757077,0.08510422123686923,False,1,D19-P00,A_simple_B_complex,G,160,220,13,46,66,insufficient_predicted_coverage_reserve,-11,1513,22.314814814814813,116,50.6271186440678,0.5198148148148148
41,11,asset_0_corner_minus,False,True,0.0176089145279898,True,True,0.0034969491737121845,0.016125110001562446,0.0014838045264273538,False,1,D19-P00,A_simple_B_complex,G,160,220,25,60,61,insufficient_predicted_coverage_reserve,-32,1513,22.314814814814813,377,164.53813559322035,0.5198148148148148
41,12,asset_1_corner_minus,False,True,0.18096123269779113,True,True,0.0070323533366207875,0.1263433060585972,0.054617926639193924,False,1,D19-P00,A_simple_B_complex,G,160,220,32,27,64,insufficient_predicted_coverage_reserve,-9,1513,22.314814814814813,238,103.87288135593221,0.5198148148148148
41,13,asset_2_corner_minus,False,True,0.17090349549147088,True,True,0.005057560188645199,0.08826359176977766,0.0826399037216932,False,1,D19-P00,A_simple_B_complex,G,160,220,35,40,68,insufficient_predicted_coverage_reserve,-29,1513,22.314814814814813,33,14.402542372881356,0.5198148148148148
41,14,asset_3_corner_minus,False,True,0.1564610755746395,True,True,0.003803295585566864,0.08826359176977766,0.06819748380486183,False,1,D19-P00,A_simple_B_complex,G,160,220,50,17,65,insufficient_predicted_coverage_reserve,-18,1513,22.314814814814813,182,79.4322033898305,0.5198148148148148
41,15,asset_4_corner_minus,False,True,0.1216415067563861,True,True,0.008649128652834438,0.041333820112435006,0.08030768664395109,False,1,D19-P00,A_simple_B_complex,G,160,220,31,70,53,insufficient_predicted_coverage_reserve,-40,1513,22.314814814814813,791,345.22457627118644,0.5198148148148148
41,16,asset_1_corner_plus,False,True,0.18099116887632788,True,True,0.006285400460626216,0.1263433060585972,0.05464786281773069,False,1,D19-P00,A_simple_B_complex,G,160,220,45,40,58,insufficient_predicted_coverage_reserve,-29,1513,22.314814814814813,550,240.04237288135593,0.5198148148148148
41,17,asset_2_corner_plus,True,True,0.1649944847984276,True,True,0.008425650165847306,0.08826359176977766,0.07673089302864995,True,1,D19-P00,A_simple_B_complex,G,160,220,20,25,68,model_budget_passed,1,1513,22.314814814814813,19,8.292372881355933,0.5198148148148148
41,18,asset_3_corner_plus,False,True,0.1564610755746395,True,True,0.004005047216556312,0.08826359176977766,0.06819748380486183,False,1,D19-P00,A_simple_B_complex,G,160,220,62,29,59,insufficient_predicted_coverage_reserve,-36,1513,22.314814814814813,496,216.47457627118644,0.5198148148148148
41,19,asset_4_corner_plus,False,True,0.1095469969324796,True,True,0.008124305881436547,0.037370846974273196,0.07217614995820641,False,1,D19-P00,A_simple_B_complex,G,160,220,19,56,64,insufficient_predicted_coverage_reserve,-25,1513,22.314814814814813,242,105.61864406779661,0.5198148148148148
41,20,asset_0_aperture_view,False,False,0.0,True,True,0.0012707535121328224,0.0,0.0,False,1,D19-P00,A_simple_B_complex,G,160,220,29,66,64,insufficient_predicted_coverage_reserve,-45,1513,22.314814814814813,199,86.85169491525424,0.5198148148148148
41,21,asset_1_aperture_view,False,True,0.2068830722178331,True,True,0.011812951610115127,0.1544589124389986,0.05242415977883452,False,1,D19-P00,A_simple_B_complex,G,160,220,23,42,61,insufficient_predicted_coverage_reserve,-12,1513,22.314814814814813,350,152.75423728813558,0.5198148148148148
41,22,asset_2_aperture_view,False,True,0.2135341134246019,True,True,0.01956920081007485,0.12900661757077,0.0845274958538319,False,1,D19-P00,A_simple_B_complex,G,160,220,12,47,66,insufficient_predicted_coverage_reserve,-11,1513,22.314814814814813,115,50.190677966101696,0.5198148148148148
41,23,asset_4_aperture_view,False,True,0.2426339955699366,True,True,0.008884894938671077,0.1656776008059952,0.07695639476394138,False,1,D19-P00,A_simple_B_complex,G,160,220,36,73,60,insufficient_predicted_coverage_reserve,-55,1513,22.314814814814813,417,181.99576271186442,0.5198148148148148
45,0,coverage_v20_0,False,True,0.16490595885607773,False,True,0.013306266804188425,0.0755781855902225,0.08932777326585523,False,1,D19-P00,A_simple_B_complex,G,160,241,24,63,45,insufficient_predicted_coverage_reserve,-22,1425,23.942307692307693,834,366.7590361445783,0.5361111111111111
45,1,coverage_v20_1,False,True,0.2116473264488864,False,True,0.011904991414719155,0.11183869301548786,0.09980863343339853,False,1,D19-P00,A_simple_B_complex,G,160,241,31,66,44,insufficient_predicted_coverage_reserve,-31,1425,23.942307692307693,850,373.79518072289153,0.5361111111111111
45,2,coverage_v20_2,False,True,0.13904179058509927,False,True,0.009571865291139582,0.058978721839262054,0.08006306874583723,False,1,D19-P00,A_simple_B_complex,G,160,241,23,60,52,insufficient_predicted_coverage_reserve,-25,1425,23.942307692307693,438,192.6144578313253,0.5361111111111111
45,3,coverage_v20_3,False,True,0.1652946297236202,False,True,0.012619248976415113,0.0755781855902225,0.0897164441333977,False,1,D19-P00,A_simple_B_complex,G,160,241,18,55,54,insufficient_predicted_coverage_reserve,-17,1425,23.942307692307693,334,146.87951807228916,0.5361111111111111
45,4,coverage_v20_4,False,True,0.20432082962948206,False,True,0.017397898575487226,0.11183869301548786,0.09248213661399418,False,1,D19-P00,A_simple_B_complex,G,160,241,13,50,58,insufficient_predicted_coverage_reserve,-11,1425,23.942307692307693,118,51.891566265060234,0.5361111111111111
45,5,coverage_v20_5,True,True,0.13853537150084155,False,True,0.07241583389856893,0.07356066697062133,0.06497470453022024,True,1,D19-P00,A_simple_B_complex,G,160,241,2,43,59,model_budget_passed,6,1425,23.942307692307693,34,14.951807228915662,0.5361111111111111
45,6,coverage_v20_6,False,True,0.23470933587191994,False,True,0.012703938377379381,0.12082583961500527,0.11388349625691467,False,1,D19-P00,A_simple_B_complex,G,160,241,24,51,53,insufficient_predicted_coverage_reserve,-18,1425,23.942307692307693,379,166.66867469879517,0.5361111111111111
45,7,coverage_v20_7,False,True,0.19366362167491247,False,True,0.006365421233558795,0.08777401701819339,0.10588960465671908,False,1,D19-P00,A_simple_B_complex,G,160,241,53,34,46,insufficient_predicted_coverage_reserve,-23,1425,23.942307692307693,776,341.2530120481928,0.5361111111111111
45,8,old_surface_rotation,True,True,0.06449303709686072,True,True,0.06449303709686072,0.04814993824306025,0.016343098853800465,True,1,D19-P00,A_simple_B_complex,G,160,241,1,42,60,model_budget_passed,7,1425,23.942307692307693,0,0.0,0.5361111111111111
45,9,asset_1_entry,False,True,0.25871204064683434,True,True,0.009449820059119884,0.16817279982842326,0.09053924081841108,False,1,D19-P00,A_simple_B_complex,G,160,241,36,71,52,insufficient_predicted_coverage_reserve,-49,1425,23.942307692307693,440,193.49397590361446,0.5361111111111111
45,10,asset_2_entry,False,True,0.2609345056342304,True,True,0.016023843376460466,0.15508038738458949,0.1058541182496409,False,1,D19-P00,A_simple_B_complex,G,160,241,19,44,56,insufficient_predicted_coverage_reserve,-9,1425,23.942307692307693,235,103.3433734939759,0.5361111111111111
45,11,asset_3_entry,False,True,0.2516110371797168,True,True,0.014461009754098154,0.1511640377128373,0.1004469994668795,False,1,D19-P00,A_simple_B_complex,G,160,241,19,44,58,insufficient_predicted_coverage_reserve,-11,1425,23.942307692307693,125,54.96987951807228,0.5361111111111111
45,12,asset_2_deep,False,True,0.2589890711080017,True,True,0.01768563163380402,0.15508038738458949,0.10390868372341218,False,1,D19-P00,A_simple_B_complex,G,160,241,17,46,56,insufficient_predicted_coverage_reserve,-9,1425,23.942307692307693,225,98.94578313253011,0.5361111111111111
45,13,asset_3_deep,False,True,0.25053253600563197,True,True,0.016077077281377045,0.1511640377128373,0.09936849829279466,False,1,D19-P00,A_simple_B_complex,G,160,241,17,46,58,insufficient_predicted_coverage_reserve,-11,1425,23.942307692307693,123,54.09036144578313,0.5361111111111111
45,14,asset_0_corner_minus,False,True,0.19958031088518124,True,True,0.012260335577938637,0.0872434910892018,0.11233681979597943,False,1,D19-P00,A_simple_B_complex,G,160,241,23,56,52,insufficient_predicted_coverage_reserve,-21,1425,23.942307692307693,445,195.69277108433732,0.5361111111111111
45,15,asset_1_corner_minus,False,True,0.16590726662151795,True,True,0.010801580597497328,0.0755781855902225,0.09032908103129546,False,1,D19-P00,A_simple_B_complex,G,160,241,21,58,54,insufficient_predicted_coverage_reserve,-23,1425,23.942307692307693,329,144.68072289156626,0.5361111111111111
45,16,asset_2_corner_minus,True,True,0.19367592328320568,True,True,0.008964891865195298,0.08777401701819339,0.1059019062650123,True,1,D19-P00,A_simple_B_complex,G,160,241,24,27,58,model_budget_passed,1,1425,23.942307692307693,116,51.01204819277108,0.5361111111111111
45,17,asset_3_corner_minus,False,True,0.20836812522548165,True,True,0.005499467598374173,0.11183869301548786,0.09652943220999377,False,1,D19-P00,A_simple_B_complex,G,160,241,39,40,59,insufficient_predicted_coverage_reserve,-28,1425,23.942307692307693,33,14.512048192771083,0.5361111111111111
45,18,asset_4_corner_minus,False,True,0.19001442806250687,True,True,0.004098346747385244,0.11183869301548786,0.07817573504701901,False,1,D19-P00,A_simple_B_complex,G,160,241,54,17,57,insufficient_predicted_coverage_reserve,-18,1425,23.942307692307693,169,74.31927710843372,0.5361111111111111
45,19,asset_5_corner_minus,False,True,0.1366142793416174,True,True,0.00828685246040816,0.05606100093504054,0.08055327840657686,False,1,D19-P00,A_simple_B_complex,G,160,241,33,70,46,insufficient_predicted_coverage_reserve,-39,1425,23.942307692307693,739,324.98192771084337,0.5361111111111111
45,20,asset_0_corner_plus,False,True,0.20193956337896252,True,True,0.009867235446678667,0.08405884140823017,0.11788072197073234,False,1,D19-P00,A_simple_B_complex,G,160,241,37,42,44,insufficient_predicted_coverage_reserve,-13,1425,23.942307692307693,881,387.42771084337346,0.5361111111111111
45,21,asset_1_corner_plus,False,True,0.16591066333332,True,True,0.010855156973179618,0.0755781855902225,0.0903324777430975,False,1,D19-P00,A_simple_B_complex,G,160,241,29,66,45,insufficient_predicted_coverage_reserve,-30,1425,23.942307692307693,804,353.56626506024094,0.5361111111111111
45,22,asset_2_corner_plus,False,True,0.20717743399219324,True,True,0.007236026744533752,0.08465554199908376,0.12252189199310949,False,1,D19-P00,A_simple_B_complex,G,160,241,37,40,54,insufficient_predicted_coverage_reserve,-21,1425,23.942307692307693,327,143.8012048192771,0.5361111111111111
45,23,asset_3_corner_plus,True,True,0.20262815109469692,True,True,0.00858944456721731,0.11183869301548786,0.09078945807920906,True,1,D19-P00,A_simple_B_complex,G,160,241,24,25,60,model_budget_passed,1,1425,23.942307692307693,19,8.355421686746988,0.5361111111111111
45,24,asset_4_corner_plus,False,True,0.1947743423230511,True,True,0.004522394636769012,0.11183869301548786,0.08293564930756324,False,1,D19-P00,A_simple_B_complex,G,160,241,66,29,50,insufficient_predicted_coverage_reserve,-35,1425,23.942307692307693,560,246.26506024096383,0.5361111111111111
45,25,asset_5_corner_plus,False,True,0.11004406427312188,True,True,0.007030316993605451,0.037370846974273196,0.07267321729884868,False,1,D19-P00,A_simple_B_complex,G,160,241,21,56,56,insufficient_predicted_coverage_reserve,-23,1425,23.942307692307693,203,89.2710843373494,0.5361111111111111
45,26,asset_1_aperture_view,False,True,0.2940580300659263,True,True,0.013017238424938285,0.20371045188158313,0.09034757818434318,False,1,D19-P00,A_simple_B_complex,G,160,241,27,64,54,insufficient_predicted_coverage_reserve,-35,1425,23.942307692307693,310,136.32530120481925,0.5361111111111111
45,27,asset_2_aperture_view,False,True,0.25696391104834415,True,True,0.018641262959040027,0.15508038738458949,0.10188352366375464,False,1,D19-P00,A_simple_B_complex,G,160,241,16,47,56,insufficient_predicted_coverage_reserve,-9,1425,23.942307692307693,223,98.06626506024095,0.5361111111111111
45,28,asset_3_aperture_view,False,True,0.25007982530224115,True,True,0.01704202611842711,0.1511640377128373,0.09891578758940389,False,1,D19-P00,A_simple_B_complex,G,160,241,16,47,58,insufficient_predicted_coverage_reserve,-11,1425,23.942307692307693,122,53.65060240963855,0.5361111111111111
45,29,asset_5_aperture_view,False,True,0.24263399557762266,True,True,0.008197970643855567,0.1656776008059952,0.07695639477162748,False,1,D19-P00,A_simple_B_complex,G,160,241,38,73,53,insufficient_predicted_coverage_reserve,-54,1425,23.942307692307693,372,163.59036144578312,0.5361111111111111
47,0,coverage_v20_0,False,True,0.15022492550778557,False,True,0.01253252004430588,0.0757729608319866,0.07445196467579897,False,1,D19-P00,A_simple_B_complex,G,160,252,24,65,40,insufficient_predicted_coverage_reserve,-21,1369,25.652173913043477,813,359.2325581395349,0.5464814814814815
47,1,coverage_v20_1,False,True,0.26781345159740516,False,True,0.01288548057590341,0.1682304825167175,0.09958296908068766,False,1,D19-P00,A_simple_B_complex,G,160,252,33,66,39,insufficient_predicted_coverage_reserve,-30,1369,25.652173913043477,850,375.5813953488372,0.5464814814814815
47,2,coverage_v20_2,False,True,0.16223613824819283,False,True,0.009489445529927712,0.0813538139387307,0.08088232430946214,False,1,D19-P00,A_simple_B_complex,G,160,252,25,60,47,insufficient_predicted_coverage_reserve,-24,1369,25.652173913043477,405,178.95348837209303,0.5464814814814815
47,3,coverage_v20_3,False,True,0.15274428714336624,False,True,0.010225750425708566,0.0757729608319866,0.07697132631137962,False,1,D19-P00,A_simple_B_complex,G,160,252,22,61,47,insufficient_predicted_coverage_reserve,-22,1369,25.652173913043477,390,172.32558139534885,0.5464814814814815
47,4,coverage_v20_4,False,True,0.26080147446048907,False,True,0.01878182669242767,0.1682304825167175,0.09257099194377161,False,1,D19-P00,A_simple_B_complex,G,160,252,15,50,52,insufficient_predicted_coverage_reserve,-9,1369,25.652173913043477,113,49.93023255813954,0.5464814814814815
47,5,coverage_v20_5,False,True,0.15022359146061898,False,True,0.018893156252825977,0.0757729608319866,0.07445063062863237,False,1,D19-P00,A_simple_B_complex,G,160,252,9,50,52,insufficient_predicted_coverage_reserve,-3,1369,25.652173913043477,107,47.27906976744186,0.5464814814814815
47,6,coverage_v20_6,False,True,0.18682575552148672,False,True,0.0074649930276544235,0.08391778181516318,0.10290797370632354,False,1,D19-P00,A_simple_B_complex,G,160,252,51,34,36,insufficient_predicted_coverage_reserve,-13,1369,25.652173913043477,1047,462.6279069767442,0.5464814814814815
47,7,coverage_v20_7,False,True,0.2534374033564304,False,True,0.006723723125811319,0.1682304825167175,0.08520692083971287,False,1,D19-P00,A_simple_B_complex,G,160,252,57,34,42,insufficient_predicted_coverage_reserve,-25,1369,25.652173913043477,701,309.74418604651163,0.5464814814814815
47,8,old_surface_rotation,True,True,0.07077589112239195,True,True,0.07077589112239195,0.05566200703041235,0.015113884091979593,True,1,D19-P00,A_simple_B_complex,G,160,252,1,42,54,model_budget_passed,11,1369,25.652173913043477,0,0.0,0.5464814814814815
47,9,asset_1_entry,False,True,0.2578143849813736,True,True,0.009202104121160938,0.1794276139210275,0.07838677106034611,False,1,D19-P00,A_simple_B_complex,G,160,252,35,72,48,insufficient_predicted_coverage_reserve,-47,1369,25.652173913043477,347,153.32558139534885,0.5464814814814815
47,10,asset_2_entry,False,True,0.24308086780985222,True,True,0.015813035797093703,0.15766053362753418,0.08542033418231804,False,1,D19-P00,A_simple_B_complex,G,160,252,17,44,51,insufficient_predicted_coverage_reserve,-4,1369,25.652173913043477,139,61.418604651162795,0.5464814814814815
47,11,asset_3_entry,False,True,0.285705382481102,True,True,0.014663219271586867,0.18466862460118236,0.10103675787991967,False,1,D19-P00,A_simple_B_complex,G,160,252,21,44,52,insufficient_predicted_coverage_reserve,-9,1369,25.652173913043477,120,53.02325581395349,0.5464814814814815
47,12,asset_2_deep,False,True,0.24308086317558153,True,True,0.017909094582075805,0.15766053362753418,0.08542032954804735,False,1,D19-P00,A_simple_B_complex,G,160,252,15,46,51,insufficient_predicted_coverage_reserve,-4,1369,25.652173913043477,138,60.97674418604651,0.5464814814814815
47,13,asset_3_deep,False,True,0.2846540320887837,True,True,0.016131888628454504,0.18466862460118236,0.09998540748760132,False,1,D19-P00,A_simple_B_complex,G,160,252,19,46,52,insufficient_predicted_coverage_reserve,-9,1369,25.652173913043477,118,52.139534883720934,0.5464814814814815
47,14,asset_0_corner_minus,False,True,0.18034710491954187,True,True,0.011603830392994056,0.08391778181516318,0.09642932310437867,False,1,D19-P00,A_simple_B_complex,G,160,252,21,54,48,insufficient_predicted_coverage_reserve,-15,1369,25.652173913043477,342,151.11627906976744,0.5464814814814815
47,15,asset_1_corner_minus,False,True,0.15165466893503643,True,True,0.010223540080401527,0.0757729608319866,0.07588170810304984,False,1,D19-P00,A_simple_B_complex,G,160,252,19,58,50,insufficient_predicted_coverage_reserve,-19,1369,25.652173913043477,230,101.62790697674419,0.5464814814814815
47,16,asset_2_corner_minus,True,True,0.1884857897300468,True,True,0.00908942141870583,0.08771667246116881,0.10076911726887798,True,1,D19-P00,A_simple_B_complex,G,160,252,22,27,53,model_budget_passed,6,1369,25.652173913043477,62,27.3953488372093,0.5464814814814815
47,17,asset_3_corner_minus,False,True,0.2632419348684131,True,True,0.006510869233466263,0.1682304825167175,0.0950114523516956,False,1,D19-P00,A_simple_B_complex,G,160,252,41,40,54,insufficient_predicted_coverage_reserve,-27,1369,25.652173913043477,20,8.837209302325581,0.5464814814814815
47,18,asset_4_corner_minus,False,True,0.24969237341010692,True,True,0.005017654816185772,0.1682304825167175,0.08146189089338941,False,1,D19-P00,A_simple_B_complex,G,160,252,56,17,51,insufficient_predicted_coverage_reserve,-16,1369,25.652173913043477,169,74.67441860465117,0.5464814814814815
47,19,asset_5_corner_minus,False,True,0.1338110526993151,True,True,0.00762740573849895,0.053198689001785295,0.08061236369752979,False,1,D19-P00,A_simple_B_complex,G,160,252,35,70,41,insufficient_predicted_coverage_reserve,-38,1369,25.652173913043477,719,317.69767441860466,0.5464814814814815
47,20,asset_0_corner_plus,False,True,0.18682575552148672,True,True,0.008946344337650944,0.08391778181516318,0.10290797370632354,False,1,D19-P00,A_simple_B_complex,G,160,252,35,42,42,insufficient_predicted_coverage_reserve,-11,1369,25.652173913043477,682,301.3488372093023,0.5464814814814815
47,21,asset_1_corner_plus,False,True,0.1524464483712657,True,True,0.01018014572927736,0.0757729608319866,0.07667348753927908,False,1,D19-P00,A_simple_B_complex,G,160,252,29,68,41,insufficient_predicted_coverage_reserve,-30,1369,25.652173913043477,771,340.6744186046512,0.5464814814814815
47,22,asset_2_corner_plus,False,True,0.19617299953620326,True,True,0.007006177546271773,0.08771667246116881,0.10845632707503444,False,1,D19-P00,A_simple_B_complex,G,160,252,34,39,50,insufficient_predicted_coverage_reserve,-15,1369,25.652173913043477,227,100.30232558139535,0.5464814814814815
47,23,asset_3_corner_plus,True,True,0.2573125947764584,True,True,0.00993937330336806,0.1682304825167175,0.08908211225974089,True,1,D19-P00,A_simple_B_complex,G,160,252,26,25,54,model_budget_passed,3,1369,25.652173913043477,6,2.6511627906976747,0.5464814814814815
47,24,asset_4_corner_plus,False,True,0.24969237341010692,True,True,0.004987306144919873,0.1682304825167175,0.08146189089338941,False,1,D19-P00,A_simple_B_complex,G,160,252,68,29,46,insufficient_predicted_coverage_reserve,-35,1369,25.652173913043477,483,213.41860465116278,0.5464814814814815
47,25,asset_5_corner_plus,False,True,0.14780661660386718,True,True,0.008093041301617414,0.07295718026597812,0.07484943633788906,False,1,D19-P00,A_simple_B_complex,G,160,252,23,56,50,insufficient_predicted_coverage_reserve,-21,1369,25.652173913043477,207,91.46511627906978,0.5464814814814815
47,26,asset_0_aperture_view,False,True,0.1697655190793384,True,True,0.011109350549129812,0.0757729608319866,0.0939925582473518,False,1,D19-P00,A_simple_B_complex,G,160,252,28,65,41,insufficient_predicted_coverage_reserve,-26,1369,25.652173913043477,763,337.13953488372096,0.5464814814814815
47,27,asset_1_aperture_view,False,True,0.26392947025827584,True,True,0.012201623254775478,0.18561578141558702,0.07831368884268881,False,1,D19-P00,A_simple_B_complex,G,160,252,25,64,50,insufficient_predicted_coverage_reserve,-31,1369,25.652173913043477,222,98.09302325581396,0.5464814814814815
47,28,asset_2_aperture_view,False,True,0.24064730483075703,True,True,0.01894835246145619,0.15522756201651158,0.08541974281424546,False,1,D19-P00,A_simple_B_complex,G,160,252,14,47,52,insufficient_predicted_coverage_reserve,-5,1369,25.652173913043477,133,58.76744186046512,0.5464814814814815
47,29,asset_3_aperture_view,False,True,0.2845006558780211,True,True,0.017009295696927097,0.18466862460118236,0.09983203127683876,False,1,D19-P00,A_simple_B_complex,G,160,252,18,47,52,insufficient_predicted_coverage_reserve,-9,1369,25.652173913043477,117,51.69767441860465,0.5464814814814815
47,30,asset_5_aperture_view,False,True,0.24263399557914694,True,True,0.007806590630219414,0.1656776008059952,0.07695639477315175,False,1,D19-P00,A_simple_B_complex,G,160,252,40,73,47,insufficient_predicted_coverage_reserve,-52,1369,25.652173913043477,376,166.13953488372093,0.5464814814814815
48,0,coverage_v20_0,False,True,0.14054937186442001,False,True,0.011644197096799022,0.06432703916983919,0.07622233269458083,False,1,D19-P00,A_simple_B_complex,G,160,258,25,65,40,insufficient_predicted_coverage_reserve,-23,1369,25.652173913043477,813,359.2325581395349,0.5464814814814815
48,1,coverage_v20_1,False,True,0.1888836670301505,False,True,0.010821596076173685,0.10605698158925368,0.08282668544089682,False,1,D19-P00,A_simple_B_complex,G,160,258,32,66,39,insufficient_predicted_coverage_reserve,-30,1369,25.652173913043477,850,375.5813953488372,0.5464814814814815
48,2,coverage_v20_2,False,True,0.18968412142206723,False,True,0.010824401893919726,0.10605698158925368,0.08362713983281354,False,1,D19-P00,A_simple_B_complex,G,160,258,25,59,46,insufficient_predicted_coverage_reserve,-23,1369,25.652173913043477,437,193.09302325581396,0.5464814814814815
48,3,coverage_v20_3,False,True,0.14194683204120756,False,True,0.009311698011453469,0.06432703916983919,0.07761979287136837,False,1,D19-P00,A_simple_B_complex,G,160,258,23,61,47,insufficient_predicted_coverage_reserve,-24,1369,25.652173913043477,390,172.32558139534885,0.5464814814814815
48,4,coverage_v20_4,False,True,0.18255801116640302,False,True,0.014534566935166353,0.10605698158925368,0.07650102957714934,False,1,D19-P00,A_simple_B_complex,G,160,258,14,50,52,insufficient_predicted_coverage_reserve,-9,1369,25.652173913043477,113,49.93023255813954,0.5464814814814815
48,5,coverage_v20_5,False,True,0.13100709236823108,False,True,0.005026489668050028,0.06432703916983919,0.06668005319839189,False,1,D19-P00,A_simple_B_complex,G,160,258,52,34,42,insufficient_predicted_coverage_reserve,-21,1369,25.652173913043477,704,311.06976744186045,0.5464814814814815
48,6,coverage_v20_6,False,True,0.14054930050142395,False,True,0.014814246173530122,0.06432703916983919,0.07622226133158476,False,1,D19-P00,A_simple_B_complex,G,160,258,11,51,52,insufficient_predicted_coverage_reserve,-7,1369,25.652173913043477,121,53.46511627906977,0.5464814814814815
48,7,coverage_v20_7,False,True,0.19747300512764482,False,True,0.009343993331202208,0.10605698158925368,0.09141602353839114,False,1,D19-P00,A_simple_B_complex,G,160,258,27,53,49,insufficient_predicted_coverage_reserve,-22,1369,25.652173913043477,296,130.7906976744186,0.5464814814814815
48,8,old_surface_rotation,True,True,0.12701224834497993,True,True,0.06350612417248996,0.10605698158925368,0.02095526675572626,True,1,D19-P00,A_simple_B_complex,G,160,258,2,42,54,model_budget_passed,9,1369,25.652173913043477,0,0.0,0.5464814814814815
48,9,asset_1_entry,False,True,0.25144008786560396,True,True,0.008661401617665954,0.1729916783911151,0.07844840947448885,False,1,D19-P00,A_simple_B_complex,G,160,258,36,72,48,insufficient_predicted_coverage_reserve,-49,1369,25.652173913043477,326,144.04651162790697,0.5464814814814815
48,10,asset_2_entry,False,True,0.23706097890721878,True,True,0.01460009553599775,0.1577504279637023,0.07931055094351648,False,1,D19-P00,A_simple_B_complex,G,160,258,18,44,51,insufficient_predicted_coverage_reserve,-6,1369,25.652173913043477,139,61.418604651162795,0.5464814814814815
48,11,asset_3_entry,False,True,0.21239220533849373,True,True,0.011730721378035798,0.12686409074519214,0.08552811459330158,False,1,D19-P00,A_simple_B_complex,G,160,258,20,44,52,insufficient_predicted_coverage_reserve,-9,1369,25.652173913043477,120,53.02325581395349,0.5464814814814815
48,12,asset_2_deep,False,True,0.23706097889624936,True,True,0.01641353340323781,0.1577504279637023,0.07931055093254705,False,1,D19-P00,A_simple_B_complex,G,160,258,16,46,51,insufficient_predicted_coverage_reserve,-6,1369,25.652173913043477,138,60.97674418604651,0.5464814814814815
48,13,asset_3_deep,False,True,0.21068271558460205,True,True,0.012918587079802995,0.12686409074519214,0.0838186248394099,False,1,D19-P00,A_simple_B_complex,G,160,258,18,46,52,insufficient_predicted_coverage_reserve,-9,1369,25.652173913043477,118,52.139534883720934,0.5464814814814815
48,14,asset_0_corner_minus,False,True,0.17722607722287212,True,True,0.010934518661645702,0.08382747767902292,0.0933985995438492,False,1,D19-P00,A_simple_B_complex,G,160,258,22,54,48,insufficient_predicted_coverage_reserve,-17,1369,25.652173913043477,342,151.11627906976744,0.5464814814814815
48,15,asset_1_corner_minus,False,True,0.1412966541451955,True,True,0.009194462336889404,0.06432703916983919,0.0769696149753563,False,1,D19-P00,A_simple_B_complex,G,160,258,20,58,50,insufficient_predicted_coverage_reserve,-21,1369,25.652173913043477,230,101.62790697674419,0.5464814814814815
48,16,asset_2_corner_minus,True,True,0.1744786052482976,True,True,0.007810065342135857,0.07429947595610087,0.10017912929219676,True,1,D19-P00,A_simple_B_complex,G,160,258,24,28,53,model_budget_passed,2,1369,25.652173913043477,70,30.930232558139537,0.5464814814814815
48,17,asset_3_corner_minus,False,True,0.18729483874767053,True,True,0.004835148746469541,0.10605698158925368,0.08123785715841685,False,1,D19-P00,A_simple_B_complex,G,160,258,40,40,53,insufficient_predicted_coverage_reserve,-26,1369,25.652173913043477,33,14.58139534883721,0.5464814814814815
48,18,asset_4_corner_minus,False,True,0.17119433233985043,True,True,0.0037220518337885266,0.10605698158925368,0.06513735075059675,False,1,D19-P00,A_simple_B_complex,G,160,258,55,17,51,insufficient_predicted_coverage_reserve,-16,1369,25.652173913043477,181,79.97674418604652,0.5464814814814815
48,19,asset_5_corner_minus,False,True,0.1886957516723058,True,True,0.009928960016505724,0.10605698158925368,0.08263877008305212,False,1,D19-P00,A_simple_B_complex,G,160,258,34,70,40,insufficient_predicted_coverage_reserve,-37,1369,25.652173913043477,804,355.25581395348837,0.5464814814814815
48,20,asset_0_corner_plus,False,True,0.1829880072564596,True,True,0.00859123065424322,0.08382747767902292,0.09916052957743669,False,1,D19-P00,A_simple_B_complex,G,160,258,36,42,42,insufficient_predicted_coverage_reserve,-13,1369,25.652173913043477,682,301.3488372093023,0.5464814814814815
48,21,asset_1_corner_plus,False,True,0.14187317709632058,True,True,0.009488365162469946,0.06432703916983919,0.07754613792648139,False,1,D19-P00,A_simple_B_complex,G,160,258,30,68,41,insufficient_predicted_coverage_reserve,-32,1369,25.652173913043477,771,340.6744186046512,0.5464814814814815
48,22,asset_2_corner_plus,False,True,0.1790080304945345,True,True,0.0063155733580449016,0.07429947595610087,0.10470855453843364,False,1,D19-P00,A_simple_B_complex,G,160,258,35,39,50,insufficient_predicted_coverage_reserve,-17,1369,25.652173913043477,227,100.30232558139535,0.5464814814814815
48,23,asset_3_corner_plus,True,True,0.18150526151783505,True,True,0.007400951201454143,0.10605698158925368,0.07544827992858137,True,1,D19-P00,A_simple_B_complex,G,160,258,25,25,54,model_budget_passed,3,1369,25.652173913043477,19,8.395348837209303,0.5464814814814815
48,24,asset_4_corner_plus,False,True,0.17119433233985043,True,True,0.0042439176192238595,0.10605698158925368,0.06513735075059675,False,1,D19-P00,A_simple_B_complex,G,160,258,67,29,43,insufficient_predicted_coverage_reserve,-32,1369,25.652173913043477,611,269.9767441860465,0.5464814814814815
48,25,asset_5_corner_plus,False,True,0.1876328373372259,True,True,0.010405869710614645,0.10605698158925368,0.08157585574797223,False,1,D19-P00,A_simple_B_complex,G,160,258,22,56,50,insufficient_predicted_coverage_reserve,-21,1369,25.652173913043477,223,98.53488372093024,0.5464814814814815
48,26,asset_0_aperture_view,False,True,0.15627512564426602,True,True,0.010261083515191803,0.06432703916983919,0.09194808647442683,False,1,D19-P00,A_simple_B_complex,G,160,258,29,65,41,insufficient_predicted_coverage_reserve,-28,1369,25.652173913043477,763,337.13953488372096,0.5464814814814815
48,27,asset_1_aperture_view,False,True,0.2526178208310839,True,True,0.011297266613161348,0.1741698597534396,0.07844796107764432,False,1,D19-P00,A_simple_B_complex,G,160,258,26,64,50,insufficient_predicted_coverage_reserve,-33,1369,25.652173913043477,222,98.09302325581396,0.5464814814814815
48,28,asset_2_aperture_view,False,True,0.23462187583541455,True,True,0.01728343369766961,0.15531133344942816,0.07931054238598638,False,1,D19-P00,A_simple_B_complex,G,160,258,15,47,52,insufficient_predicted_coverage_reserve,-7,1369,25.652173913043477,133,58.76744186046512,0.5464814814814815
48,29,asset_3_aperture_view,False,True,0.2104217617483885,True,True,0.013652260495003244,0.12686409074519214,0.08355767100319635,False,1,D19-P00,A_simple_B_complex,G,160,258,17,47,52,insufficient_predicted_coverage_reserve,-9,1369,25.652173913043477,117,51.69767441860465,0.5464814814814815
48,30,asset_5_aperture_view,False,True,0.33267566620611105,True,True,0.010363187951449072,0.2462587107852099,0.08641695542090115,False,1,D19-P00,A_simple_B_complex,G,160,258,40,72,46,insufficient_predicted_coverage_reserve,-51,1369,25.652173913043477,442,195.30232558139537,0.5464814814814815
50,0,coverage_v20_0,False,True,0.14054937186442001,False,True,0.011644197096799022,0.06432703916983919,0.07622233269458083,False,1,D19-P00,A_simple_B_complex,G,160,269,25,65,40,insufficient_predicted_coverage_reserve,-25,1368,25.652173913043477,813,359.2325581395349,0.5466666666666666
50,1,coverage_v20_1,False,True,0.18313602671709467,False,True,0.010636195279353652,0.1039499150865119,0.07918611163058277,False,1,D19-P00,A_simple_B_complex,G,160,269,32,66,39,insufficient_predicted_coverage_reserve,-32,1368,25.652173913043477,849,375.13953488372096,0.5466666666666666
50,2,coverage_v20_2,False,True,0.1555621953288528,False,True,0.009606758138702199,0.0772082470391294,0.0783539482897234,False,1,D19-P00,A_simple_B_complex,G,160,269,24,60,47,insufficient_predicted_coverage_reserve,-26,1368,25.652173913043477,405,178.95348837209303,0.5466666666666666
50,3,coverage_v20_3,False,True,0.09527492354261351,False,True,0.0070411160532837785,0.018448848504170154,0.07682607503844335,False,1,D19-P00,A_simple_B_complex,G,160,269,22,62,48,insufficient_predicted_coverage_reserve,-27,1368,25.652173913043477,322,142.27906976744185,0.5466666666666666
50,4,coverage_v20_4,False,True,0.17841708872245288,False,True,0.014238786760598487,0.1039499150865119,0.07446717363594098,False,1,D19-P00,A_simple_B_complex,G,160,269,14,50,52,insufficient_predicted_coverage_reserve,-11,1368,25.652173913043477,113,49.93023255813954,0.5466666666666666
50,5,coverage_v20_5,False,True,0.14812185262427874,False,True,0.00538410970146405,0.07163285384493183,0.0764889987793469,False,1,D19-P00,A_simple_B_complex,G,160,269,52,34,42,insufficient_predicted_coverage_reserve,-23,1368,25.652173913043477,712,314.60465116279073,0.5466666666666666
50,6,coverage_v20_6,False,True,0.14054930050142395,False,True,0.014814246173530122,0.06432703916983919,0.07622226133158476,False,1,D19-P00,A_simple_B_complex,G,160,269,11,51,52,insufficient_predicted_coverage_reserve,-9,1368,25.652173913043477,121,53.46511627906977,0.5466666666666666
50,7,coverage_v20_7,False,True,0.19423631913421768,False,True,0.009224116072186388,0.1039499150865119,0.09028640404770578,False,1,D19-P00,A_simple_B_complex,G,160,269,27,53,49,insufficient_predicted_coverage_reserve,-24,1368,25.652173913043477,296,130.7906976744186,0.5466666666666666
50,8,old_surface_rotation,True,True,0.10849787371288408,True,True,0.05424893685644204,0.06262480666376281,0.04587306704912126,True,1,D19-P00,A_simple_B_complex,G,160,269,2,42,54,model_budget_passed,7,1368,25.652173913043477,0,0.0,0.5466666666666666
50,9,asset_1_entry,False,True,0.2336297109317806,True,True,0.00769390217337481,0.15733647533627607,0.07629323559550454,False,1,D19-P00,A_simple_B_complex,G,160,269,34,72,51,insufficient_predicted_coverage_reserve,-52,1368,25.652173913043477,151,66.72093023255815,0.5466666666666666
50,10,asset_2_entry,False,True,0.23706097890721878,True,True,0.01460009553599775,0.1577504279637023,0.07931055094351648,False,1,D19-P00,A_simple_B_complex,G,160,269,18,44,51,insufficient_predicted_coverage_reserve,-8,1368,25.652173913043477,139,61.418604651162795,0.5466666666666666
50,11,asset_3_entry,False,True,0.2132352313229437,True,True,0.011772872677258297,0.12848437828170575,0.08475085304123793,False,1,D19-P00,A_simple_B_complex,G,160,269,20,44,52,insufficient_predicted_coverage_reserve,-11,1368,25.652173913043477,120,53.02325581395349,0.5466666666666666
50,12,asset_2_deep,False,True,0.23706097889624936,True,True,0.01641353340323781,0.1577504279637023,0.07931055093254705,False,1,D19-P00,A_simple_B_complex,G,160,269,16,46,51,insufficient_predicted_coverage_reserve,-8,1368,25.652173913043477,138,60.97674418604651,0.5466666666666666
50,13,asset_3_deep,False,True,0.2097570042150819,True,True,0.012867158670385207,0.12848437828170575,0.08127262593337614,False,1,D19-P00,A_simple_B_complex,G,160,269,18,46,52,insufficient_predicted_coverage_reserve,-11,1368,25.652173913043477,118,52.139534883720934,0.5466666666666666
50,14,asset_0_corner_minus,False,True,0.17722607722287212,True,True,0.010934518661645702,0.08382747767902292,0.0933985995438492,False,1,D19-P00,A_simple_B_complex,G,160,269,22,54,48,insufficient_predicted_coverage_reserve,-19,1368,25.652173913043477,342,151.11627906976744,0.5466666666666666
50,15,asset_1_corner_minus,False,True,0.09430530631650916,True,True,0.0064282282787884205,0.0174777809654742,0.07682752535103496,False,1,D19-P00,A_simple_B_complex,G,160,269,20,58,51,insufficient_predicted_coverage_reserve,-24,1368,25.652173913043477,185,81.74418604651163,0.5466666666666666
50,16,asset_2_corner_minus,True,True,0.1744786052482976,True,True,0.007810065342135857,0.07429947595610087,0.10017912929219676,True,1,D19-P00,A_simple_B_complex,G,160,269,24,28,53,model_budget_passed,0,1368,25.652173913043477,70,30.930232558139537,0.5466666666666666
50,17,asset_3_corner_minus,False,True,0.1847822079166859,True,True,0.004772332975694925,0.1039499150865119,0.080832292830174,False,1,D19-P00,A_simple_B_complex,G,160,269,40,40,53,insufficient_predicted_coverage_reserve,-28,1368,25.652173913043477,33,14.58139534883721,0.5466666666666666
50,18,asset_4_corner_minus,False,True,0.16929521629864125,True,True,0.0037312934949921307,0.1039499150865119,0.06534530121212936,False,1,D19-P00,A_simple_B_complex,G,160,269,55,17,50,insufficient_predicted_coverage_reserve,-17,1368,25.652173913043477,194,85.72093023255815,0.5466666666666666
50,19,asset_5_corner_minus,False,True,0.1578221824351216,True,True,0.00880304893872362,0.0772082470391294,0.08061393539599221,False,1,D19-P00,A_simple_B_complex,G,160,269,34,70,41,insufficient_predicted_coverage_reserve,-40,1368,25.652173913043477,764,337.5813953488372,0.5466666666666666
50,20,asset_0_corner_plus,False,True,0.1829880072564596,True,True,0.00859123065424322,0.08382747767902292,0.09916052957743669,False,1,D19-P00,A_simple_B_complex,G,160,269,36,42,42,insufficient_predicted_coverage_reserve,-15,1368,25.652173913043477,682,301.3488372093023,0.5466666666666666
50,21,asset_1_corner_plus,False,True,0.09527637238138473,True,True,0.00710797784481159,0.018448848504170154,0.07682752387721457,False,1,D19-P00,A_simple_B_complex,G,160,269,30,68,43,insufficient_predicted_coverage_reserve,-36,1368,25.652173913043477,637,281.4651162790698,0.5466666666666666
50,22,asset_2_corner_plus,False,True,0.1790080304945345,True,True,0.0063155733580449016,0.07429947595610087,0.10470855453843364,False,1,D19-P00,A_simple_B_complex,G,160,269,35,39,50,insufficient_predicted_coverage_reserve,-19,1368,25.652173913043477,227,100.30232558139535,0.5466666666666666
50,23,asset_3_corner_plus,False,True,0.16929745768480897,True,True,0.006646768315512596,0.1039499150865119,0.06534754259829709,False,1,D19-P00,A_simple_B_complex,G,160,269,26,26,54,insufficient_predicted_coverage_reserve,-1,1368,25.652173913043477,19,8.395348837209303,0.5466666666666666
50,24,asset_4_corner_plus,False,True,0.16255135883763727,True,True,0.003863397837819904,0.1039499150865119,0.05860144375112536,False,1,D19-P00,A_simple_B_complex,G,160,269,67,29,45,insufficient_predicted_coverage_reserve,-36,1368,25.652173913043477,520,229.7674418604651,0.5466666666666666
50,25,asset_5_corner_plus,False,True,0.14674025493785064,True,True,0.008412435830508363,0.07298579593188166,0.073754459005969,False,1,D19-P00,A_simple_B_complex,G,160,269,22,56,50,insufficient_predicted_coverage_reserve,-23,1368,25.652173913043477,207,91.46511627906978,0.5466666666666666
50,26,asset_0_aperture_view,False,True,0.1323888057503736,True,True,0.009718103916680505,0.039904718362041826,0.09248408738833176,False,1,D19-P00,A_simple_B_complex,G,160,269,27,65,42,insufficient_predicted_coverage_reserve,-29,1368,25.652173913043477,702,310.1860465116279,0.5466666666666666
50,27,asset_1_aperture_view,False,True,0.17556633138675576,True,True,0.007816807017658033,0.10984282058360041,0.06572351080315535,False,1,D19-P00,A_simple_B_complex,G,160,269,24,64,53,insufficient_predicted_coverage_reserve,-36,1368,25.652173913043477,65,28.72093023255814,0.5466666666666666
50,28,asset_2_aperture_view,False,True,0.23462187583541455,True,True,0.01728343369766961,0.15531133344942816,0.07931054238598638,False,1,D19-P00,A_simple_B_complex,G,160,269,15,47,52,insufficient_predicted_coverage_reserve,-9,1368,25.652173913043477,133,58.76744186046512,0.5466666666666666
50,29,asset_3_aperture_view,False,True,0.20946329529342916,True,True,0.013595880115299754,0.12848437828170575,0.08097891701172343,False,1,D19-P00,A_simple_B_complex,G,160,269,17,47,52,insufficient_predicted_coverage_reserve,-11,1368,25.652173913043477,117,51.69767441860465,0.5466666666666666
50,30,asset_5_aperture_view,False,True,0.13344772437194935,True,True,0.005745140396072126,0.08318592376724195,0.05026180060470742,False,1,D19-P00,A_simple_B_complex,G,160,269,26,62,52,insufficient_predicted_coverage_reserve,-35,1368,25.652173913043477,86,38.0,0.5466666666666666
52,0,coverage_v20_0,False,True,0.133074041468847,False,True,0.011345183880976103,0.06017871511768702,0.07289532635115996,False,1,D19-P00,A_simple_B_complex,G,160,280,25,65,40,insufficient_predicted_coverage_reserve,-27,1368,25.652173913043477,813,359.2325581395349,0.5466666666666666
52,1,coverage_v20_1,False,True,0.18159038262281268,False,True,0.010587893901407342,0.10348177479216375,0.07810860783064895,False,1,D19-P00,A_simple_B_complex,G,160,280,32,66,39,insufficient_predicted_coverage_reserve,-34,1368,25.652173913043477,849,375.13953488372096,0.5466666666666666
52,2,coverage_v20_2,False,True,0.18359945333794364,False,True,0.010581015170554783,0.10348177479216375,0.08011767854577988,False,1,D19-P00,A_simple_B_complex,G,160,280,25,59,46,insufficient_predicted_coverage_reserve,-27,1368,25.652173913043477,437,193.09302325581396,0.5466666666666666
52,3,coverage_v20_3,False,True,0.13395784938112676,False,True,0.008940196349904062,0.06017871511768702,0.07377913426343972,False,1,D19-P00,A_simple_B_complex,G,160,280,23,61,47,insufficient_predicted_coverage_reserve,-28,1368,25.652173913043477,387,171.0,0.5466666666666666
52,4,coverage_v20_4,False,True,0.17747108828773928,False,True,0.014171215300976085,0.10348177479216375,0.07398931349557553,False,1,D19-P00,A_simple_B_complex,G,160,280,14,50,52,insufficient_predicted_coverage_reserve,-13,1368,25.652173913043477,113,49.93023255813954,0.5466666666666666
52,5,coverage_v20_5,False,True,0.17959843577719822,False,True,0.007178887297709652,0.08389511399337714,0.09570332178382109,False,1,D19-P00,A_simple_B_complex,G,160,280,52,34,36,insufficient_predicted_coverage_reserve,-19,1368,25.652173913043477,1046,462.1860465116279,0.5466666666666666
52,6,coverage_v20_6,False,True,0.190804779729926,False,True,0.009097022020175585,0.10348177479216375,0.08732300493776224,False,1,D19-P00,A_simple_B_complex,G,160,280,27,53,49,insufficient_predicted_coverage_reserve,-26,1368,25.652173913043477,296,130.7906976744186,0.5466666666666666
52,7,coverage_v20_7,False,True,0.16505430402119717,False,True,0.00522583743953196,0.10348177479216375,0.06157252922903342,False,1,D19-P00,A_simple_B_complex,G,160,280,56,34,42,insufficient_predicted_coverage_reserve,-29,1368,25.652173913043477,689,304.4418604651163,0.5466666666666666
52,8,old_surface_rotation,True,True,0.12440975187129691,True,True,0.062204875935648454,0.10348177479216375,0.02092797707913316,True,1,D19-P00,A_simple_B_complex,G,160,280,2,42,54,model_budget_passed,5,1368,25.652173913043477,0,0.0,0.5466666666666666
52,9,asset_1_entry,False,True,0.21393051578488628,True,True,0.007861238607193344,0.13934339539807225,0.07458712038681403,False,1,D19-P00,A_simple_B_complex,G,160,280,36,72,47,insufficient_predicted_coverage_reserve,-52,1368,25.652173913043477,373,164.8139534883721,0.5466666666666666
52,10,asset_2_entry,False,True,0.23328888389615315,True,True,0.01439053470204966,0.1576974866933625,0.07559139720279064,False,1,D19-P00,A_simple_B_complex,G,160,280,18,44,51,insufficient_predicted_coverage_reserve,-10,1368,25.652173913043477,139,61.418604651162795,0.5466666666666666
52,11,asset_3_entry,False,True,0.20655685708171856,True,True,0.011438953965197039,0.125103310157795,0.08145354692392356,False,1,D19-P00,A_simple_B_complex,G,160,280,20,44,52,insufficient_predicted_coverage_reserve,-13,1368,25.652173913043477,120,53.02325581395349,0.5466666666666666
52,12,asset_2_deep,False,True,0.23328888387769575,True,True,0.016177777464578207,0.1576974866933625,0.07559139718433325,False,1,D19-P00,A_simple_B_complex,G,160,280,16,46,51,insufficient_predicted_coverage_reserve,-10,1368,25.652173913043477,138,60.97674418604651,0.5466666666666666
52,13,asset_3_deep,False,True,0.20398488255143815,True,True,0.012546485244627223,0.125103310157795,0.07888157239364314,False,1,D19-P00,A_simple_B_complex,G,160,280,18,46,52,insufficient_predicted_coverage_reserve,-13,1368,25.652173913043477,118,52.139534883720934,0.5466666666666666
52,14,asset_0_corner_minus,False,True,0.17536484752551712,True,True,0.010824664786513404,0.08389511399337714,0.09146973353213998,False,1,D19-P00,A_simple_B_complex,G,160,280,22,54,48,insufficient_predicted_coverage_reserve,-21,1368,25.652173913043477,339,149.7906976744186,0.5466666666666666
52,15,asset_1_corner_minus,False,True,0.1339484557099762,True,True,0.008817793155869181,0.06017871511768702,0.0737697405922892,False,1,D19-P00,A_simple_B_complex,G,160,280,20,58,50,insufficient_predicted_coverage_reserve,-25,1368,25.652173913043477,229,101.18604651162791,0.5466666666666666
52,16,asset_2_corner_minus,False,True,0.16487993324608677,True,True,0.007410120675377072,0.0695942286082454,0.09528570463784136,False,1,D19-P00,A_simple_B_complex,G,160,280,24,28,53,insufficient_predicted_coverage_reserve,-2,1368,25.652173913043477,70,30.930232558139537,0.5466666666666666
52,17,asset_3_corner_minus,False,True,0.18056318564334634,True,True,0.004666857418861436,0.10348177479216375,0.0770814108511826,False,1,D19-P00,A_simple_B_complex,G,160,280,40,40,53,insufficient_predicted_coverage_reserve,-30,1368,25.652173913043477,33,14.58139534883721,0.5466666666666666
52,18,asset_4_corner_minus,False,True,0.16788918824647855,True,True,0.0037057293485891728,0.10348177479216375,0.0644074134543148,False,1,D19-P00,A_simple_B_complex,G,160,280,55,17,50,insufficient_predicted_coverage_reserve,-19,1368,25.652173913043477,194,85.72093023255815,0.5466666666666666
52,19,asset_5_corner_minus,False,True,0.1836286570538368,True,True,0.00977448119875119,0.10348177479216375,0.08014688226167306,False,1,D19-P00,A_simple_B_complex,G,160,280,34,70,40,insufficient_predicted_coverage_reserve,-41,1368,25.652173913043477,803,354.8139534883721,0.5466666666666666
52,20,asset_0_corner_plus,False,True,0.16781167093243865,True,True,0.0062922073224983424,0.0695942286082454,0.09821744232419323,False,1,D19-P00,A_simple_B_complex,G,160,280,37,41,48,insufficient_predicted_coverage_reserve,-23,1368,25.652173913043477,351,155.09302325581396,0.5466666666666666
52,21,asset_1_corner_plus,False,True,0.13364774728030196,True,True,0.00919566565008414,0.06017871511768702,0.07346903216261494,False,1,D19-P00,A_simple_B_complex,G,160,280,30,68,41,insufficient_predicted_coverage_reserve,-36,1368,25.652173913043477,768,339.34883720930236,0.5466666666666666
52,22,asset_2_corner_plus,False,True,0.1681712217530289,True,True,0.006003727353221996,0.0695942286082454,0.0985769931447835,False,1,D19-P00,A_simple_B_complex,G,160,280,36,40,49,insufficient_predicted_coverage_reserve,-22,1368,25.652173913043477,259,114.44186046511628,0.5466666666666666
52,23,asset_3_corner_plus,False,True,0.16789142963264628,True,True,0.006592690313506338,0.10348177479216375,0.06440965484048253,False,1,D19-P00,A_simple_B_complex,G,160,280,26,26,54,insufficient_predicted_coverage_reserve,-3,1368,25.652173913043477,19,8.395348837209303,0.5466666666666666
52,24,asset_4_corner_plus,False,True,0.16788918824647855,True,True,0.0039347750595107355,0.10348177479216375,0.0644074134543148,False,1,D19-P00,A_simple_B_complex,G,160,280,67,29,45,insufficient_predicted_coverage_reserve,-38,1368,25.652173913043477,517,228.4418604651163,0.5466666666666666
52,25,asset_5_corner_plus,False,True,0.1815488481001168,True,True,0.010129324745291502,0.10348177479216375,0.07806707330795302,False,1,D19-P00,A_simple_B_complex,G,160,280,22,56,50,insufficient_predicted_coverage_reserve,-25,1368,25.652173913043477,223,98.53488372093024,0.5466666666666666
52,26,asset_0_aperture_view,False,True,0.14919423921665287,True,True,0.010282069390012735,0.06017871511768702,0.08901552409896586,False,1,D19-P00,A_simple_B_complex,G,160,280,28,64,41,insufficient_predicted_coverage_reserve,-30,1368,25.652173913043477,749,330.95348837209303,0.5466666666666666
52,27,asset_1_aperture_view,False,True,0.23810266660193838,True,True,0.010738991450501903,0.16348958660231633,0.07461307999962205,False,1,D19-P00,A_simple_B_complex,G,160,280,26,64,50,insufficient_predicted_coverage_reserve,-37,1368,25.652173913043477,222,98.09302325581396,0.5466666666666666
52,28,asset_2_aperture_view,False,True,0.2308429099617344,True,True,0.017031502639424267,0.15525152454590616,0.07559138541582824,False,1,D19-P00,A_simple_B_complex,G,160,280,15,47,52,insufficient_predicted_coverage_reserve,-11,1368,25.652173913043477,133,58.76744186046512,0.5466666666666666
52,29,asset_3_aperture_view,False,True,0.20390343814917133,True,True,0.013268829695049294,0.125103310157795,0.07880012799137635,False,1,D19-P00,A_simple_B_complex,G,160,280,17,47,52,insufficient_predicted_coverage_reserve,-13,1368,25.652173913043477,117,51.69767441860465,0.5466666666666666
52,30,asset_5_aperture_view,False,True,0.26664244471426013,True,True,0.010858923290059556,0.18303225733288078,0.08361018738137938,False,1,D19-P00,A_simple_B_complex,G,160,280,28,62,50,insufficient_predicted_coverage_reserve,-37,1368,25.652173913043477,202,89.25581395348837,0.5466666666666666
54,0,coverage_v20_0,False,True,0.133074041468847,False,True,0.011345183880976103,0.06017871511768702,0.07289532635115996,False,1,D19-P00,A_simple_B_complex,G,160,291,25,65,40,insufficient_predicted_coverage_reserve,-29,1368,25.652173913043477,813,359.2325581395349,0.5466666666666666
54,1,coverage_v20_1,False,True,0.16669730242764147,False,True,0.010122485145308242,0.09028762710338656,0.07640967532425492,False,1,D19-P00,A_simple_B_complex,G,160,291,32,66,39,insufficient_predicted_coverage_reserve,-36,1368,25.652173913043477,849,375.13953488372096,0.5466666666666666
54,2,coverage_v20_2,False,True,0.152197629939554,False,True,0.009466567914148082,0.07582597581345721,0.07637165412609677,False,1,D19-P00,A_simple_B_complex,G,160,291,24,60,47,insufficient_predicted_coverage_reserve,-30,1368,25.652173913043477,405,178.95348837209303,0.5466666666666666
54,3,coverage_v20_3,False,True,0.09029506106965036,False,True,0.006789506142896565,0.01725190247458891,0.07304315859506146,False,1,D19-P00,A_simple_B_complex,G,160,291,22,62,48,insufficient_predicted_coverage_reserve,-31,1368,25.652173913043477,319,140.95348837209303,0.5466666666666666
54,4,coverage_v20_4,False,True,0.1603604844059976,False,True,0.01294902930942311,0.09028762710338656,0.07007285730261102,False,1,D19-P00,A_simple_B_complex,G,160,291,14,50,52,insufficient_predicted_coverage_reserve,-15,1368,25.652173913043477,113,49.93023255813954,0.5466666666666666
54,5,coverage_v20_5,False,True,0.14299481556382176,False,True,0.005321125370529336,0.0695942286082454,0.07340058695557634,False,1,D19-P00,A_simple_B_complex,G,160,291,52,34,41,insufficient_predicted_coverage_reserve,-26,1368,25.652173913043477,722,319.0232558139535,0.5466666666666666
54,6,coverage_v20_6,False,True,0.17722278155658894,False,True,0.008593985050792731,0.09046764618284076,0.08675513537374817,False,1,D19-P00,A_simple_B_complex,G,160,291,27,53,49,insufficient_predicted_coverage_reserve,-28,1368,25.652173913043477,296,130.7906976744186,0.5466666666666666
54,7,coverage_v20_7,False,True,0.15519712656225498,False,True,0.00508949895316196,0.09028762710338656,0.06490949945886844,False,1,D19-P00,A_simple_B_complex,G,160,291,56,34,42,insufficient_predicted_coverage_reserve,-31,1368,25.652173913043477,701,309.74418604651163,0.5466666666666666
54,8,old_surface_rotation,True,True,0.09923270818945126,True,True,0.04961635409472563,0.05857946585436679,0.04065324233508447,True,1,D19-P00,A_simple_B_complex,G,160,291,2,42,54,model_budget_passed,3,1368,25.652173913043477,0,0.0,0.5466666666666666
54,9,asset_1_entry,False,True,0.2267605186694574,True,True,0.007491867106835894,0.15419919977089905,0.07256131889855835,False,1,D19-P00,A_simple_B_complex,G,160,291,34,72,51,insufficient_predicted_coverage_reserve,-56,1368,25.652173913043477,151,66.72093023255815,0.5466666666666666
54,10,asset_2_entry,False,True,0.23328888389615315,True,True,0.01439053470204966,0.1576974866933625,0.07559139720279064,False,1,D19-P00,A_simple_B_complex,G,160,291,18,44,51,insufficient_predicted_coverage_reserve,-12,1368,25.652173913043477,139,61.418604651162795,0.5466666666666666
54,11,asset_3_entry,False,True,0.23304242348768733,True,True,0.012763232285495477,0.15472895655903737,0.07831346692864995,False,1,D19-P00,A_simple_B_complex,G,160,291,20,44,52,insufficient_predicted_coverage_reserve,-15,1368,25.652173913043477,120,53.02325581395349,0.5466666666666666
54,12,asset_2_deep,False,True,0.23328888387769575,True,True,0.016177777464578207,0.1576974866933625,0.07559139718433325,False,1,D19-P00,A_simple_B_complex,G,160,291,16,46,51,insufficient_predicted_coverage_reserve,-12,1368,25.652173913043477,138,60.97674418604651,0.5466666666666666
54,13,asset_3_deep,False,True,0.23023682282464486,True,True,0.014004926370916484,0.15472895655903737,0.0755078662656075,False,1,D19-P00,A_simple_B_complex,G,160,291,18,46,52,insufficient_predicted_coverage_reserve,-15,1368,25.652173913043477,118,52.139534883720934,0.5466666666666666
54,14,asset_0_corner_minus,False,True,0.17536484752551712,True,True,0.010824664786513404,0.08389511399337714,0.09146973353213998,False,1,D19-P00,A_simple_B_complex,G,160,291,22,54,48,insufficient_predicted_coverage_reserve,-23,1368,25.652173913043477,339,149.7906976744186,0.5466666666666666
54,15,asset_1_corner_minus,False,True,0.08938733162444884,True,True,0.006173070284926146,0.01634287215289975,0.0730444594715491,False,1,D19-P00,A_simple_B_complex,G,160,291,20,58,51,insufficient_predicted_coverage_reserve,-28,1368,25.652173913043477,184,81.30232558139535,0.5466666666666666
54,16,asset_2_corner_minus,False,True,0.16487993324608677,True,True,0.007410120675377072,0.0695942286082454,0.09528570463784136,False,1,D19-P00,A_simple_B_complex,G,160,291,24,28,53,insufficient_predicted_coverage_reserve,-4,1368,25.652173913043477,70,30.930232558139537,0.5466666666666666
54,17,asset_3_corner_minus,False,True,0.1689274574875138,True,True,0.004375964214965623,0.09028762710338656,0.07863983038412727,False,1,D19-P00,A_simple_B_complex,G,160,291,40,40,53,insufficient_predicted_coverage_reserve,-32,1368,25.652173913043477,33,14.58139534883721,0.5466666666666666
54,18,asset_4_corner_minus,False,True,0.15519712656225498,True,True,0.003474964590694198,0.09028762710338656,0.06490949945886844,False,1,D19-P00,A_simple_B_complex,G,160,291,55,17,50,insufficient_predicted_coverage_reserve,-21,1368,25.652173913043477,194,85.72093023255815,0.5466666666666666
54,19,asset_5_corner_minus,False,True,0.15356592075881634,True,True,0.008786797233647104,0.07584545710262112,0.07772046365619521,False,1,D19-P00,A_simple_B_complex,G,160,291,34,70,40,insufficient_predicted_coverage_reserve,-43,1368,25.652173913043477,784,346.4186046511628,0.5466666666666666
54,20,asset_0_corner_plus,False,True,0.17959843577719822,True,True,0.008557715481465819,0.08389511399337714,0.09570332178382109,False,1,D19-P00,A_simple_B_complex,G,160,291,37,41,41,insufficient_predicted_coverage_reserve,-18,1368,25.652173913043477,740,326.9767441860465,0.5466666666666666
54,21,asset_1_corner_plus,False,True,0.08938733186290349,True,True,0.006424022173207894,0.01634287215289975,0.07304445971000374,False,1,D19-P00,A_simple_B_complex,G,160,291,30,68,44,insufficient_predicted_coverage_reserve,-41,1368,25.652173913043477,558,246.55813953488374,0.5466666666666666
54,22,asset_2_corner_plus,False,True,0.1681712217530289,True,True,0.006003727353221996,0.0695942286082454,0.0985769931447835,False,1,D19-P00,A_simple_B_complex,G,160,291,36,40,49,insufficient_predicted_coverage_reserve,-24,1368,25.652173913043477,259,114.44186046511628,0.5466666666666666
54,23,asset_3_corner_plus,False,True,0.15519853712366088,True,True,0.006104502140083823,0.09028762710338656,0.06491091002027434,False,1,D19-P00,A_simple_B_complex,G,160,291,26,26,54,insufficient_predicted_coverage_reserve,-5,1368,25.652173913043477,19,8.395348837209303,0.5466666666666666
54,24,asset_4_corner_plus,False,True,0.15304696590976896,True,True,0.0036192747814061703,0.09028762710338656,0.0627593388063824,False,1,D19-P00,A_simple_B_complex,G,160,291,67,29,46,insufficient_predicted_coverage_reserve,-41,1368,25.652173913043477,483,213.41860465116278,0.5466666666666666
54,25,asset_5_corner_plus,False,True,0.1205807437375335,True,True,0.006729444569310809,0.05332826776837785,0.06725247596915564,False,1,D19-P00,A_simple_B_complex,G,160,291,24,58,50,insufficient_predicted_coverage_reserve,-31,1368,25.652173913043477,221,97.65116279069768,0.5466666666666666
54,26,asset_0_aperture_view,False,True,0.14722943073611788,True,True,0.010776630526887725,0.057332490275698506,0.08989694046041939,False,1,D19-P00,A_simple_B_complex,G,160,291,26,64,41,insufficient_predicted_coverage_reserve,-30,1368,25.652173913043477,718,317.25581395348837,0.5466666666666666
54,27,asset_1_aperture_view,False,True,0.16538100126528432,True,True,0.0073924182625967234,0.10331087148462931,0.062070129780655015,False,1,D19-P00,A_simple_B_complex,G,160,291,24,64,53,insufficient_predicted_coverage_reserve,-40,1368,25.652173913043477,65,28.72093023255814,0.5466666666666666
54,28,asset_2_aperture_view,False,True,0.2308429099617344,True,True,0.017031502639424267,0.15525152454590616,0.07559138541582824,False,1,D19-P00,A_simple_B_complex,G,160,291,15,47,52,insufficient_predicted_coverage_reserve,-13,1368,25.652173913043477,133,58.76744186046512,0.5466666666666666
54,29,asset_3_aperture_view,False,True,0.22961224429397956,True,True,0.014781112409449777,0.15472895655903737,0.07488328773494218,False,1,D19-P00,A_simple_B_complex,G,160,291,17,47,52,insufficient_predicted_coverage_reserve,-15,1368,25.652173913043477,117,51.69767441860465,0.5466666666666666
54,30,asset_5_aperture_view,False,True,0.13018900220479893,True,True,0.005619804928104802,0.07970072839783637,0.050488273806962546,False,1,D19-P00,A_simple_B_complex,G,160,291,26,62,52,insufficient_predicted_coverage_reserve,-39,1368,25.652173913043477,86,38.0,0.5466666666666666
56,0,coverage_v20_0,False,True,0.12498811932992879,False,True,0.011021746995419374,0.05749676364732482,0.06749135568260396,False,1,D19-P00,A_simple_B_complex,G,160,302,25,65,40,insufficient_predicted_coverage_reserve,-31,1368,25.652173913043477,813,359.2325581395349,0.5466666666666666
56,1,coverage_v20_1,False,True,0.17968693496029903,False,True,0.010528411161953789,0.10377592659326047,0.07591100836703855,False,1,D19-P00,A_simple_B_complex,G,160,302,32,66,39,insufficient_predicted_coverage_reserve,-38,1368,25.652173913043477,849,375.13953488372096,0.5466666666666666
56,2,coverage_v20_2,False,True,0.18169738003898275,False,True,0.010504932238596347,0.10377592659326047,0.07792145344572228,False,1,D19-P00,A_simple_B_complex,G,160,302,25,59,46,insufficient_predicted_coverage_reserve,-31,1368,25.652173913043477,437,193.09302325581396,0.5466666666666666
56,3,coverage_v20_3,False,True,0.12543497655349825,False,True,0.0085696366617463,0.05749676364732482,0.06793821290617343,False,1,D19-P00,A_simple_B_complex,G,160,302,23,61,47,insufficient_predicted_coverage_reserve,-32,1368,25.652173913043477,387,171.0,0.5466666666666666
56,4,coverage_v20_4,False,True,0.17365994597059206,False,True,0.013898990849751285,0.10377592659326047,0.06988401937733159,False,1,D19-P00,A_simple_B_complex,G,160,302,14,50,52,insufficient_predicted_coverage_reserve,-17,1368,25.652173913043477,113,49.93023255813954,0.5466666666666666
56,5,coverage_v20_5,False,True,0.1343391275447433,False,True,0.005154669831700904,0.06655196854700073,0.06778715899774258,False,1,D19-P00,A_simple_B_complex,G,160,302,52,34,41,insufficient_predicted_coverage_reserve,-28,1368,25.652173913043477,722,319.0232558139535,0.5466666666666666
56,6,coverage_v20_6,False,True,0.18821877030242357,False,True,0.00900124389323105,0.10377592659326047,0.08444284370916309,False,1,D19-P00,A_simple_B_complex,G,160,302,27,53,49,insufficient_predicted_coverage_reserve,-30,1368,25.652173913043477,296,130.7906976744186,0.5466666666666666
56,7,coverage_v20_7,False,True,0.16902505571597165,False,True,0.0053364262594783295,0.10377592659326047,0.06524912912271119,False,1,D19-P00,A_simple_B_complex,G,160,302,56,34,42,insufficient_predicted_coverage_reserve,-33,1368,25.652173913043477,701,309.74418604651163,0.5466666666666666
56,8,old_surface_rotation,True,True,0.12311380338947363,True,True,0.061556901694736814,0.10377592659326047,0.01933787679621316,True,1,D19-P00,A_simple_B_complex,G,160,302,2,42,54,model_budget_passed,1,1368,25.652173913043477,0,0.0,0.5466666666666666
56,9,asset_2_entry,False,True,0.22633463178298202,True,True,0.014004187362429041,0.15502338961031747,0.07131124217266455,False,1,D19-P00,A_simple_B_complex,G,160,302,18,44,51,insufficient_predicted_coverage_reserve,-14,1368,25.652173913043477,139,61.418604651162795,0.5466666666666666
56,10,asset_3_entry,False,True,0.23061795887500053,True,True,0.012642009054861137,0.15512446862765872,0.07549349024734182,False,1,D19-P00,A_simple_B_complex,G,160,302,20,44,52,insufficient_predicted_coverage_reserve,-17,1368,25.652173913043477,120,53.02325581395349,0.5466666666666666
56,11,asset_2_deep,False,True,0.22633463177201463,True,True,0.015743136707973136,0.15502338961031747,0.07131124216169715,False,1,D19-P00,A_simple_B_complex,G,160,302,16,46,51,insufficient_predicted_coverage_reserve,-14,1368,25.652173913043477,138,60.97674418604651,0.5466666666666666
56,12,asset_3_deep,False,True,0.22983349142736637,True,True,0.013982519071067678,0.15512446862765872,0.07470902279970766,False,1,D19-P00,A_simple_B_complex,G,160,302,18,46,52,insufficient_predicted_coverage_reserve,-17,1368,25.652173913043477,118,52.139534883720934,0.5466666666666666
56,13,asset_0_corner_minus,False,True,0.19670883460173222,True,True,0.01032583107136847,0.11295237971495875,0.08375645488677345,False,1,D19-P00,A_simple_B_complex,G,160,302,24,54,49,insufficient_predicted_coverage_reserve,-28,1368,25.652173913043477,276,121.95348837209302,0.5466666666666666
56,14,asset_1_corner_minus,False,True,0.12524483951419457,True,True,0.0083826123460801,0.05749676364732482,0.06774807586686976,False,1,D19-P00,A_simple_B_complex,G,160,302,20,58,50,insufficient_predicted_coverage_reserve,-29,1368,25.652173913043477,229,101.18604651162791,0.5466666666666666
56,15,asset_2_corner_minus,False,True,0.15448609400329877,True,True,0.007215981542816533,0.06655196854700073,0.08793412545629804,False,1,D19-P00,A_simple_B_complex,G,160,302,23,27,53,insufficient_predicted_coverage_reserve,-4,1368,25.652173913043477,62,27.3953488372093,0.5466666666666666
56,16,asset_3_corner_minus,False,True,0.17924006548972,True,True,0.004752594271816182,0.10377592659326047,0.07546413889645952,False,1,D19-P00,A_simple_B_complex,G,160,302,39,39,53,insufficient_predicted_coverage_reserve,-32,1368,25.652173913043477,33,14.58139534883721,0.5466666666666666
56,17,asset_4_corner_minus,False,True,0.16902505571597165,True,True,0.003726381484398138,0.10377592659326047,0.06524912912271119,False,1,D19-P00,A_simple_B_complex,G,160,302,55,17,50,insufficient_predicted_coverage_reserve,-23,1368,25.652173913043477,194,85.72093023255815,0.5466666666666666
56,18,asset_5_corner_minus,False,True,0.18172589215115617,True,True,0.009718517525142937,0.10377592659326047,0.0779499655578957,False,1,D19-P00,A_simple_B_complex,G,160,302,34,70,40,insufficient_predicted_coverage_reserve,-45,1368,25.652173913043477,803,354.8139534883721,0.5466666666666666
56,19,asset_0_corner_plus,False,True,0.16148373575935526,True,True,0.006121182047550143,0.06655196854700073,0.09493176721235452,False,1,D19-P00,A_simple_B_complex,G,160,302,37,41,48,insufficient_predicted_coverage_reserve,-27,1368,25.652173913043477,351,155.09302325581396,0.5466666666666666
56,20,asset_1_corner_plus,False,True,0.12527633587190048,True,True,0.008916618603137423,0.05749676364732482,0.06777957222457566,False,1,D19-P00,A_simple_B_complex,G,160,302,30,68,41,insufficient_predicted_coverage_reserve,-40,1368,25.652173913043477,768,339.34883720930236,0.5466666666666666
56,21,asset_2_corner_plus,False,True,0.16179015092265517,True,True,0.005826475385711615,0.06655196854700073,0.09523818237565444,False,1,D19-P00,A_simple_B_complex,G,160,302,36,40,49,insufficient_predicted_coverage_reserve,-26,1368,25.652173913043477,259,114.44186046511628,0.5466666666666666
56,22,asset_3_corner_plus,False,True,0.16902646627737755,True,True,0.006636345569072926,0.10377592659326047,0.06525053968411709,False,1,D19-P00,A_simple_B_complex,G,160,302,26,26,54,insufficient_predicted_coverage_reserve,-7,1368,25.652173913043477,19,8.395348837209303,0.5466666666666666
56,23,asset_4_corner_plus,False,True,0.16902505571597165,True,True,0.003951728305324065,0.10377592659326047,0.06524912912271119,False,1,D19-P00,A_simple_B_complex,G,160,302,67,29,45,insufficient_predicted_coverage_reserve,-42,1368,25.652173913043477,517,228.4418604651163,0.5466666666666666
56,24,asset_5_corner_plus,False,True,0.18068261349197132,True,True,0.009604059512782755,0.10377592659326047,0.07690668689871084,False,1,D19-P00,A_simple_B_complex,G,160,302,24,58,49,insufficient_predicted_coverage_reserve,-32,1368,25.652173913043477,269,118.86046511627907,0.5466666666666666
56,25,asset_0_aperture_view,False,True,0.13907918581420164,True,True,0.009323292486568895,0.05749676364732482,0.08158242216687682,False,1,D19-P00,A_simple_B_complex,G,160,302,29,65,42,insufficient_predicted_coverage_reserve,-37,1368,25.652173913043477,709,313.27906976744185,0.5466666666666666
56,26,asset_1_aperture_view,False,True,0.2329745647755878,True,True,0.010541756764873036,0.16403037165226098,0.06894419312332685,False,1,D19-P00,A_simple_B_complex,G,160,302,26,64,50,insufficient_predicted_coverage_reserve,-41,1368,25.652173913043477,222,98.09302325581396,0.5466666666666666
56,27,asset_2_aperture_view,False,True,0.22633460938174552,True,True,0.016730949267425008,0.15502338961031747,0.07131121977142804,False,1,D19-P00,A_simple_B_complex,G,160,302,15,47,52,insufficient_predicted_coverage_reserve,-15,1368,25.652173913043477,133,58.76744186046512,0.5466666666666666
56,28,asset_3_aperture_view,False,True,0.2296074296384638,True,True,0.01478082919441944,0.15512446862765872,0.07448296101080508,False,1,D19-P00,A_simple_B_complex,G,160,302,17,47,52,insufficient_predicted_coverage_reserve,-17,1368,25.652173913043477,117,51.69767441860465,0.5466666666666666
56,29,asset_5_aperture_view,False,True,0.263842653817825,True,True,0.010758930758044015,0.18347665499109686,0.08036599882672817,False,1,D19-P00,A_simple_B_complex,G,160,302,28,62,50,insufficient_predicted_coverage_reserve,-41,1368,25.652173913043477,202,89.25581395348837,0.5466666666666666
58,0,coverage_v20_0,False,True,0.12498811932992879,False,True,0.011021746995419374,0.05749676364732482,0.06749135568260396,False,1,D19-P00,A_simple_B_complex,G,160,313,25,65,40,insufficient_predicted_coverage_reserve,-33,1367,25.652173913043477,813,359.2325581395349,0.5468518518518518
58,1,coverage_v20_1,False,True,0.14262405949344192,False,True,0.009364409266577467,0.06409263949499698,0.07853141999844496,False,1,D19-P00,A_simple_B_complex,G,160,313,32,66,39,insufficient_predicted_coverage_reserve,-40,1367,25.652173913043477,848,374.69767441860466,0.5468518518518518
58,2,coverage_v20_2,False,True,0.13598100622446382,False,True,0.00879087525935266,0.05805202751685166,0.07792897870761216,False,1,D19-P00,A_simple_B_complex,G,160,313,24,60,47,insufficient_predicted_coverage_reserve,-34,1367,25.652173913043477,405,178.95348837209303,0.5468518518518518
58,3,coverage_v20_3,False,True,0.08399704761420342,False,True,0.006503232804012613,0.01646340237031474,0.06753364524388868,False,1,D19-P00,A_simple_B_complex,G,160,313,22,62,48,insufficient_predicted_coverage_reserve,-35,1367,25.652173913043477,319,140.95348837209303,0.5468518518518518
58,4,coverage_v20_4,False,True,0.1389820661186355,False,True,0.011421999431754388,0.06409263949499698,0.07488942662363852,False,1,D19-P00,A_simple_B_complex,G,160,313,14,50,52,insufficient_predicted_coverage_reserve,-19,1367,25.652173913043477,113,49.93023255813954,0.5468518518518518
58,5,coverage_v20_5,False,True,0.1343391275447433,False,True,0.005154669831700904,0.06655196854700073,0.06778715899774258,False,1,D19-P00,A_simple_B_complex,G,160,313,52,34,41,insufficient_predicted_coverage_reserve,-30,1367,25.652173913043477,722,319.0232558139535,0.5468518518518518
58,6,coverage_v20_6,False,True,0.1696682829513967,False,True,0.00831418880615598,0.07971741049255153,0.08995087245884514,False,1,D19-P00,A_simple_B_complex,G,160,313,27,53,49,insufficient_predicted_coverage_reserve,-32,1367,25.652173913043477,296,130.7906976744186,0.5468518518518518
58,7,coverage_v20_7,False,True,0.13165920727564343,False,True,0.00466917896590104,0.06409263949499698,0.06756656778064644,False,1,D19-P00,A_simple_B_complex,G,160,313,56,34,42,insufficient_predicted_coverage_reserve,-35,1367,25.652173913043477,701,309.74418604651163,0.5468518518518518
58,8,old_surface_rotation,False,True,0.1152310748508302,True,True,0.0576155374254151,0.0784917318303921,0.0367393430204381,False,1,D19-P00,A_simple_B_complex,G,160,313,2,42,54,insufficient_predicted_coverage_reserve,-1,1367,25.652173913043477,0,0.0,0.5468518518518518
58,9,asset_2_entry,False,True,0.22633463178298202,True,True,0.014004187362429041,0.15502338961031747,0.07131124217266455,False,1,D19-P00,A_simple_B_complex,G,160,313,18,44,51,insufficient_predicted_coverage_reserve,-16,1367,25.652173913043477,139,61.418604651162795,0.5468518518518518
58,10,asset_3_entry,False,True,0.1911643358583534,True,True,0.010669327904028782,0.10909297847623162,0.0820713573821218,False,1,D19-P00,A_simple_B_complex,G,160,313,20,44,52,insufficient_predicted_coverage_reserve,-19,1367,25.652173913043477,120,53.02325581395349,0.5468518518518518
58,11,asset_2_deep,False,True,0.22633463177201463,True,True,0.015743136707973136,0.15502338961031747,0.07131124216169715,False,1,D19-P00,A_simple_B_complex,G,160,313,16,46,51,insufficient_predicted_coverage_reserve,-16,1367,25.652173913043477,138,60.97674418604651,0.5468518518518518
58,12,asset_3_deep,False,True,0.1908444123433944,True,True,0.011194540220802433,0.10909297847623162,0.08175143386716276,False,1,D19-P00,A_simple_B_complex,G,160,313,19,45,52,insufficient_predicted_coverage_reserve,-19,1367,25.652173913043477,118,52.139534883720934,0.5468518518518518
58,13,asset_0_corner_minus,False,True,0.171603136797586,True,True,0.00978130353940559,0.08379915833656837,0.08780397846101762,False,1,D19-P00,A_simple_B_complex,G,160,313,24,54,48,insufficient_predicted_coverage_reserve,-29,1367,25.652173913043477,341,150.67441860465115,0.5468518518518518
58,14,asset_1_corner_minus,False,True,0.08313097922523134,True,True,0.005860252664965271,0.015596042336945226,0.06753493688828612,False,1,D19-P00,A_simple_B_complex,G,160,313,20,58,51,insufficient_predicted_coverage_reserve,-32,1367,25.652173913043477,184,81.30232558139535,0.5468518518518518
58,15,asset_2_corner_minus,False,True,0.15448609400329877,True,True,0.007215981542816533,0.06655196854700073,0.08793412545629804,False,1,D19-P00,A_simple_B_complex,G,160,313,23,27,53,insufficient_predicted_coverage_reserve,-6,1367,25.652173913043477,62,27.3953488372093,0.5468518518518518
58,16,asset_3_corner_minus,False,True,0.14162601861695118,True,True,0.003594311203846144,0.06409263949499698,0.0775333791219542,False,1,D19-P00,A_simple_B_complex,G,160,313,41,39,53,insufficient_predicted_coverage_reserve,-36,1367,25.652173913043477,31,13.69767441860465,0.5468518518518518
58,17,asset_4_corner_minus,False,True,0.13165920727564343,True,True,0.0030470024218467156,0.06409263949499698,0.06756656778064644,False,1,D19-P00,A_simple_B_complex,G,160,313,55,17,50,insufficient_predicted_coverage_reserve,-25,1367,25.652173913043477,194,85.72093023255815,0.5468518518518518
58,18,asset_0_corner_plus,False,True,0.17424788272126912,True,True,0.00841310593941368,0.08379915833656837,0.09044872438470077,False,1,D19-P00,A_simple_B_complex,G,160,313,37,41,41,insufficient_predicted_coverage_reserve,-22,1367,25.652173913043477,740,326.9767441860465,0.5468518518518518
58,19,asset_1_corner_plus,False,True,0.08313097928825135,True,True,0.006215477087386156,0.015596042336945226,0.06753493695130612,False,1,D19-P00,A_simple_B_complex,G,160,313,30,68,44,insufficient_predicted_coverage_reserve,-45,1367,25.652173913043477,558,246.55813953488374,0.5468518518518518
58,20,asset_2_corner_plus,False,True,0.16179015092265517,True,True,0.005826475385711615,0.06655196854700073,0.09523818237565444,False,1,D19-P00,A_simple_B_complex,G,160,313,36,40,49,insufficient_predicted_coverage_reserve,-28,1367,25.652173913043477,259,114.44186046511628,0.5468518518518518
58,21,asset_3_corner_plus,False,True,0.13166038733468854,True,True,0.00519918868666181,0.06409263949499698,0.06756774783969158,False,1,D19-P00,A_simple_B_complex,G,160,313,26,26,53,insufficient_predicted_coverage_reserve,-8,1367,25.652173913043477,19,8.395348837209303,0.5468518518518518
58,22,asset_4_corner_plus,False,True,0.12907074920079792,True,True,0.0032614208006752593,0.06409263949499698,0.06497810970580095,False,1,D19-P00,A_simple_B_complex,G,160,313,67,29,45,insufficient_predicted_coverage_reserve,-44,1367,25.652173913043477,483,213.41860465116278,0.5468518518518518
58,23,asset_5_corner_plus,False,True,0.11202576869035538,True,True,0.006834504637440396,0.03876408011528374,0.07326168857507165,False,1,D19-P00,A_simple_B_complex,G,160,313,22,56,50,insufficient_predicted_coverage_reserve,-31,1367,25.652173913043477,207,91.46511627906978,0.5468518518518518
58,24,asset_0_aperture_view,False,True,0.1181436513730871,True,True,0.009176788185285806,0.03563907375850698,0.08250457761458012,False,1,D19-P00,A_simple_B_complex,G,160,313,27,65,42,insufficient_predicted_coverage_reserve,-37,1367,25.652173913043477,700,309.30232558139534,0.5468518518518518
58,25,asset_1_aperture_view,False,True,0.16286558635450762,True,True,0.007287609307981027,0.10653360800493616,0.05633197834957145,False,1,D19-P00,A_simple_B_complex,G,160,313,24,64,53,insufficient_predicted_coverage_reserve,-44,1367,25.652173913043477,65,28.72093023255814,0.5468518518518518
58,26,asset_2_aperture_view,False,True,0.22633460938174552,True,True,0.016730949267425008,0.15502338961031747,0.07131121977142804,False,1,D19-P00,A_simple_B_complex,G,160,313,15,47,51,insufficient_predicted_coverage_reserve,-16,1367,25.652173913043477,133,58.76744186046512,0.5468518518518518
58,27,asset_3_aperture_view,False,True,0.19049191800762044,True,True,0.0124799167455463,0.10909297847623162,0.08139893953138884,False,1,D19-P00,A_simple_B_complex,G,160,313,17,47,52,insufficient_predicted_coverage_reserve,-19,1367,25.652173913043477,117,51.69767441860465,0.5468518518518518
58,28,asset_5_aperture_view,False,True,0.12910792383312442,True,True,0.005578224990732706,0.07972603409897083,0.04938188973415358,False,1,D19-P00,A_simple_B_complex,G,160,313,26,62,52,insufficient_predicted_coverage_reserve,-43,1367,25.652173913043477,86,38.0,0.5468518518518518
83,0,coverage_v20_0,False,True,0.1427596127208651,False,True,0.005781953280984591,0.11814280398518062,0.02461680873568448,False,1,D19-P00,A_simple_B_complex,G,160,443,40,33,31,insufficient_predicted_coverage_reserve,-32,654,14.038461538461538,478,219.08333333333331,0.6788888888888889
83,1,coverage_v20_1,False,True,0.1427596127208651,False,True,0.005404400984895226,0.11814280398518062,0.02461680873568448,False,1,D19-P00,A_simple_B_complex,G,160,443,43,32,31,insufficient_predicted_coverage_reserve,-34,654,14.038461538461538,484,221.83333333333331,0.6788888888888889
83,2,coverage_v20_2,False,False,0.0,False,True,0.0010493827160493827,0.0,0.0,False,1,D19-P00,A_simple_B_complex,G,160,443,6,71,46,insufficient_predicted_coverage_reserve,-51,654,14.038461538461538,34,15.583333333333332,0.6788888888888889
83,3,coverage_v20_3,False,True,0.2555886124684034,False,True,0.007907847964811327,0.18223544348017762,0.07335316898822579,False,1,D19-P00,A_simple_B_complex,G,160,443,33,44,46,insufficient_predicted_coverage_reserve,-51,654,14.038461538461538,29,13.291666666666666,0.6788888888888889
83,4,coverage_v20_4,False,True,0.2558105019760264,False,True,0.004049878537234968,0.18223544348017762,0.07357505849584878,False,1,D19-P00,A_simple_B_complex,G,160,443,66,11,45,insufficient_predicted_coverage_reserve,-50,654,14.038461538461538,62,28.416666666666664,0.6788888888888889
83,5,coverage_v20_5,False,True,0.2641705821528745,False,True,0.004615329321920569,0.18223544348017762,0.08193513867269683,False,1,D19-P00,A_simple_B_complex,G,160,443,58,19,46,insufficient_predicted_coverage_reserve,-51,654,14.038461538461538,19,8.708333333333332,0.6788888888888889
83,6,coverage_v20_6,False,True,0.1427596127208651,False,True,0.005032518142768195,0.11814280398518062,0.02461680873568448,False,1,D19-P00,A_simple_B_complex,G,160,443,45,24,32,insufficient_predicted_coverage_reserve,-29,654,14.038461538461538,452,207.16666666666666,0.6788888888888889
83,7,coverage_v20_7,False,True,0.1427596127208651,False,True,0.005033257191467473,0.11814280398518062,0.02461680873568448,False,1,D19-P00,A_simple_B_complex,G,160,443,44,23,33,insufficient_predicted_coverage_reserve,-28,654,14.038461538461538,425,194.79166666666666,0.6788888888888889
83,8,old_surface_rotation,False,True,0.0009490287238573179,True,True,0.0009490287238573179,0.0,0.0009490287238573179,False,1,D19-P00,A_simple_B_complex,G,160,443,1,64,47,insufficient_predicted_coverage_reserve,-40,654,14.038461538461538,0,0.0,0.6788888888888889
83,9,asset_2_entry,False,True,0.16369637237852094,True,True,0.0071172335816748235,0.15518365744980542,0.008512714928715536,False,1,D19-P00,A_simple_B_complex,G,160,443,23,44,47,insufficient_predicted_coverage_reserve,-42,654,14.038461538461538,0,0.0,0.6788888888888889
83,10,asset_2_deep,False,True,0.16369637237671122,True,True,0.007795065351271963,0.15518365744980542,0.008512714926905812,False,1,D19-P00,A_simple_B_complex,G,160,443,21,46,47,insufficient_predicted_coverage_reserve,-42,654,14.038461538461538,0,0.0,0.6788888888888889
83,11,asset_1_corner_minus,False,True,0.06010165961751966,True,True,0.0031632452430273507,0.057712288189890416,0.002389371427629244,False,1,D19-P00,A_simple_B_complex,G,160,443,19,58,47,insufficient_predicted_coverage_reserve,-52,654,14.038461538461538,0,0.0,0.6788888888888889
83,12,asset_2_corner_minus,False,True,0.14741573553777304,True,True,0.003907158861354898,0.11814280398518062,0.029272931552592422,False,1,D19-P00,A_simple_B_complex,G,160,443,41,28,45,insufficient_predicted_coverage_reserve,-42,654,14.038461538461538,69,31.625,0.6788888888888889
83,13,asset_2_corner_plus,False,True,0.14630710590351653,True,True,0.005223872106506955,0.11814280398518062,0.028164301918335913,False,1,D19-P00,A_simple_B_complex,G,160,443,29,40,46,insufficient_predicted_coverage_reserve,-43,654,14.038461538461538,28,12.833333333333332,0.6788888888888889
83,14,asset_3_corner_plus,False,True,0.2558109144748724,True,True,0.005084890843007665,0.18223544348017762,0.07357547099469482,False,1,D19-P00,A_simple_B_complex,G,160,443,51,26,46,insufficient_predicted_coverage_reserve,-51,654,14.038461538461538,19,8.708333333333332,0.6788888888888889
83,15,asset_0_aperture_view,False,True,0.1427596127208651,True,True,0.006798076796231671,0.11814280398518062,0.02461680873568448,False,1,D19-P00,A_simple_B_complex,G,160,443,21,46,47,insufficient_predicted_coverage_reserve,-42,654,14.038461538461538,0,0.0,0.6788888888888889
83,16,asset_2_aperture_view,False,True,0.16369635522850495,True,True,0.008184817761425248,0.15518365744980542,0.008512697778699535,False,1,D19-P00,A_simple_B_complex,G,160,443,20,47,47,insufficient_predicted_coverage_reserve,-42,654,14.038461538461538,0,0.0,0.6788888888888889
83,17,asset_3_aperture_view,False,True,0.2563474039843342,True,True,0.006573010358572671,0.18265763026372162,0.07368977372061257,False,1,D19-P00,A_simple_B_complex,G,160,443,39,32,47,insufficient_predicted_coverage_reserve,-46,654,14.038461538461538,0,0.0,0.6788888888888889
123,0,old_surface_rotation,False,True,0.08675771883588418,True,True,0.08675771883588418,0.06955837202918896,0.017199346806695222,False,1,D19-P00,A_simple_B_complex,G,160,651,1,34,24,insufficient_predicted_coverage_reserve,-27,184,7.833333333333333,0,0.0,0.7659259259259259
123,1,asset_0_aperture_view,False,True,0.12375151736202873,True,True,0.020625252893671456,0.1002575215115537,0.02349399585047503,False,1,D19-P00,A_simple_B_complex,G,160,651,6,31,24,insufficient_predicted_coverage_reserve,-29,184,7.833333333333333,0,0.0,0.7659259259259259
0,0,coverage_v20_0,False,True,0.19271667560450648,False,True,0.013071513924650741,0.0,0.19271667560450648,False,2,D19-P01,A_complex_B_simple,G,184,5,28,30,,coverage_rate_unavailable,,4191,,1213,303.25,0.2012857142857143
0,1,coverage_v20_1,False,True,0.19275846815135286,False,True,0.012725661463347143,0.0,0.19275846815135286,False,2,D19-P01,A_complex_B_simple,G,184,5,29,31,,coverage_rate_unavailable,,4191,,1234,308.5,0.2012857142857143
0,2,coverage_v20_2,False,True,0.20574402347339468,False,True,0.012958773356157475,0.0,0.20574402347339468,False,2,D19-P01,A_complex_B_simple,G,184,5,27,29,,coverage_rate_unavailable,,4191,,1009,252.25,0.2012857142857143
0,3,coverage_v20_3,False,True,0.16007150540629658,False,True,0.05607145418305125,0.0,0.16007150540629658,False,2,D19-P01,A_complex_B_simple,G,184,5,3,7,,coverage_rate_unavailable,,4191,,57,14.25,0.2012857142857143
0,4,coverage_v20_4,False,True,0.16007150540629658,False,True,0.010466839478796307,0.0,0.16007150540629658,False,2,D19-P01,A_complex_B_simple,G,184,5,28,30,,coverage_rate_unavailable,,4191,,931,232.75,0.2012857142857143
0,5,coverage_v20_5,False,True,0.08608334217510204,False,True,0.009060185676394557,0.0,0.08608334217510204,False,2,D19-P01,A_complex_B_simple,G,184,5,18,20,,coverage_rate_unavailable,,4191,,539,134.75,0.2012857142857143
0,6,coverage_v20_6,False,False,0.0,False,True,0.004365714285714286,0.0,0.0,False,2,D19-P01,A_complex_B_simple,G,184,5,25,27,,coverage_rate_unavailable,,4191,,764,191.0,0.2012857142857143
0,7,coverage_v20_7,False,True,0.08608334217510204,False,True,0.00893320154941043,0.0,0.08608334217510204,False,2,D19-P01,A_complex_B_simple,G,184,5,18,20,,coverage_rate_unavailable,,4191,,523,130.75,0.2012857142857143
0,8,asset_1_entry,False,True,0.20377009620924513,True,True,0.013409933381890829,0.0,0.20377009620924513,False,2,D19-P01,A_complex_B_simple,G,184,5,20,20,,coverage_rate_unavailable,,4191,,451,112.75,0.2012857142857143
0,9,asset_1_deep,False,True,0.2034803518088456,True,True,0.01304328205892462,0.0,0.2034803518088456,False,2,D19-P01,A_complex_B_simple,G,184,5,21,21,,coverage_rate_unavailable,,4191,,493,123.25,0.2012857142857143
0,10,asset_0_corner_minus,False,True,0.203325391368137,True,True,0.011313638833740524,0.0,0.203325391368137,False,2,D19-P01,A_complex_B_simple,G,184,5,27,29,,coverage_rate_unavailable,,4191,,715,178.75,0.2012857142857143
0,11,asset_1_corner_minus,False,True,0.1920329373621689,True,True,0.022317579450502605,0.0,0.1920329373621689,False,2,D19-P01,A_complex_B_simple,G,184,5,10,12,,coverage_rate_unavailable,,4191,,218,54.5,0.2012857142857143
0,12,asset_2_corner_minus,False,True,0.1923957432577543,True,True,0.009296707153985239,0.0,0.1923957432577543,False,2,D19-P01,A_complex_B_simple,G,184,5,36,38,,coverage_rate_unavailable,,4191,,996,249.0,0.2012857142857143
0,13,asset_1_corner_plus,False,True,0.20504048953600665,True,True,0.01901410359068183,0.0,0.20504048953600665,False,2,D19-P01,A_complex_B_simple,G,184,5,13,13,,coverage_rate_unavailable,,4191,,295,73.75,0.2012857142857143
0,14,asset_2_corner_plus,False,True,0.19254005281247386,True,True,0.011495887826784668,0.0,0.19254005281247386,False,2,D19-P01,A_complex_B_simple,G,184,5,25,27,,coverage_rate_unavailable,,4191,,664,166.0,0.2012857142857143
0,15,asset_0_aperture_view,False,True,0.35312743325618723,True,True,0.016916553146512952,0.14735806894327338,0.20576936431291384,False,2,D19-P01,A_complex_B_simple,G,184,5,31,31,,coverage_rate_unavailable,,4191,,1199,299.75,0.2012857142857143
0,16,asset_1_aperture_view,False,True,0.16372745514813394,True,True,0.011486372757406698,0.0,0.16372745514813394,False,2,D19-P01,A_complex_B_simple,G,184,5,20,20,,coverage_rate_unavailable,,4191,,462,115.5,0.2012857142857143
0,17,asset_2_aperture_view,False,True,0.31674702136921423,True,True,0.017546185976637565,0.1239970909467532,0.19274993042246105,False,2,D19-P01,A_complex_B_simple,G,184,5,27,27,,coverage_rate_unavailable,,4191,,1099,274.75,0.2012857142857143
28,0,coverage_v20_0,False,True,0.0668788028485969,False,True,0.015606061757584378,0.0,0.0668788028485969,False,2,D19-P01,A_complex_B_simple,G,184,151,13,43,209,insufficient_predicted_coverage_reserve,-114,3391,14.285714285714286,952,406.86033519553075,0.31557142857142856
28,1,coverage_v20_1,False,True,0.0668788028485969,False,True,0.011409194693470601,0.0,0.0668788028485969,False,2,D19-P01,A_complex_B_simple,G,184,151,21,51,202,insufficient_predicted_coverage_reserve,-123,3391,14.285714285714286,1209,516.6955307262571,0.31557142857142856
28,2,coverage_v20_2,False,True,0.10038962717530593,False,True,0.01063347825517006,0.0,0.10038962717530593,False,2,D19-P01,A_complex_B_simple,G,184,151,27,57,199,insufficient_predicted_coverage_reserve,-132,3391,14.285714285714286,1307,558.5782122905028,0.31557142857142856
28,3,coverage_v20_3,False,True,0.12433901667117842,False,True,0.012757640249647952,0.0,0.12433901667117842,False,2,D19-P01,A_complex_B_simple,G,184,151,21,51,208,insufficient_predicted_coverage_reserve,-129,3391,14.285714285714286,1005,429.5111731843576,0.31557142857142856
28,4,coverage_v20_4,False,True,0.12647964122454664,False,True,0.01030457787260531,0.0,0.12647964122454664,False,2,D19-P01,A_complex_B_simple,G,184,151,33,63,193,insufficient_predicted_coverage_reserve,-138,3391,14.285714285714286,1495,638.9245810055867,0.31557142857142856
28,5,coverage_v20_5,False,True,0.15464533196248556,False,True,0.010618227053502191,0.022153923800520166,0.1324914081619654,False,2,D19-P01,A_complex_B_simple,G,184,151,26,56,212,insufficient_predicted_coverage_reserve,-143,3391,14.285714285714286,850,363.26815642458104,0.31557142857142856
28,6,coverage_v20_6,False,True,0.15189912550404386,False,True,0.07630670560916479,0.13154012869470175,0.02035899680934211,False,2,D19-P01,A_complex_B_simple,G,184,151,2,30,238,insufficient_predicted_coverage_reserve,-119,3391,14.285714285714286,5,2.1368715083798886,0.31557142857142856
28,7,coverage_v20_7,False,True,0.06297649013002989,False,True,0.00407892971140267,0.0,0.06297649013002989,False,2,D19-P01,A_complex_B_simple,G,184,151,54,40,205,insufficient_predicted_coverage_reserve,-148,3391,14.285714285714286,1101,470.5391061452514,0.31557142857142856
28,8,old_surface_rotation,False,True,0.15035481150968608,True,True,0.15035481150968608,0.13154012869470175,0.01881468281498433,False,2,D19-P01,A_complex_B_simple,G,184,151,1,29,238,insufficient_predicted_coverage_reserve,-117,3391,14.285714285714286,0,0.0,0.31557142857142856
28,9,asset_0_corner_minus,False,True,0.0654750492946783,True,True,0.0029047353656569703,0.0,0.0654750492946783,False,2,D19-P01,A_complex_B_simple,G,184,151,43,29,225,insufficient_predicted_coverage_reserve,-146,3391,14.285714285714286,416,177.78770949720672,0.31557142857142856
28,10,asset_1_corner_minus,False,True,0.1614218254324175,True,True,0.006874015874439558,0.13154012869470175,0.029881696737715773,False,2,D19-P01,A_complex_B_simple,G,184,151,25,39,236,insufficient_predicted_coverage_reserve,-149,3391,14.285714285714286,73,31.19832402234637,0.31557142857142856
28,11,asset_2_corner_minus,False,True,0.15189912550404386,True,True,0.004062642462754244,0.13154012869470175,0.02035899680934211,False,2,D19-P01,A_complex_B_simple,G,184,151,44,20,232,insufficient_predicted_coverage_reserve,-145,3391,14.285714285714286,188,80.3463687150838,0.31557142857142856
28,12,asset_0_corner_plus,False,True,0.06544634530781329,True,True,0.003757970451925237,0.0,0.06544634530781329,False,2,D19-P01,A_complex_B_simple,G,184,151,56,42,208,insufficient_predicted_coverage_reserve,-155,3391,14.285714285714286,1015,433.7849162011173,0.31557142857142856
28,13,asset_1_corner_plus,False,True,0.16077748818666976,True,True,0.014681070354632316,0.13154012869470175,0.02923735949196801,False,2,D19-P01,A_complex_B_simple,G,184,151,11,25,238,insufficient_predicted_coverage_reserve,-123,3391,14.285714285714286,5,2.1368715083798886,0.31557142857142856
28,14,asset_0_aperture_view,False,True,0.18710570553540878,True,True,0.006100761710310671,0.12172169329680356,0.06538401223860524,False,2,D19-P01,A_complex_B_simple,G,184,151,45,29,220,insufficient_predicted_coverage_reserve,-143,3391,14.285714285714286,612,261.55307262569835,0.31557142857142856
28,15,asset_1_aperture_view,False,True,0.2655227687625545,True,True,0.0222006059320192,0.15377660696390955,0.11174616179864495,False,2,D19-P01,A_complex_B_simple,G,184,151,14,42,228,insufficient_predicted_coverage_reserve,-133,3391,14.285714285714286,317,135.4776536312849,0.31557142857142856
41,0,coverage_v20_0,False,True,0.055821358667707335,False,True,0.008510413754011615,0.0343404518716649,0.02148090679604243,False,2,D19-P01,A_complex_B_simple,G,184,219,24,65,64,insufficient_predicted_coverage_reserve,-15,2324,28.942307692307693,1039,479.75683060109293,0.468
41,1,coverage_v20_1,False,True,0.055821358667707335,False,True,0.00844999720385115,0.0343404518716649,0.02148090679604243,False,2,D19-P01,A_complex_B_simple,G,184,219,25,66,63,insufficient_predicted_coverage_reserve,-16,2324,28.942307692307693,1088,502.3825136612022,0.468
41,2,coverage_v20_2,False,True,0.055821358667707335,False,True,0.009274549202445994,0.0343404518716649,0.02148090679604243,False,2,D19-P01,A_complex_B_simple,G,184,219,16,55,70,insufficient_predicted_coverage_reserve,-3,2324,28.942307692307693,648,299.21311475409834,0.468
41,3,coverage_v20_3,True,True,0.055821358667707335,False,True,0.013280602258652068,0.0343404518716649,0.02148090679604243,True,2,D19-P01,A_complex_B_simple,G,184,219,7,50,77,model_budget_passed,4,2324,28.942307692307693,260,120.05464480874318,0.468
41,4,coverage_v20_4,False,True,0.11852749249778821,False,True,0.010129671128482957,0.0,0.11852749249778821,False,2,D19-P01,A_complex_B_simple,G,184,219,25,68,66,insufficient_predicted_coverage_reserve,-21,2324,28.942307692307693,943,435.42896174863387,0.468
41,5,coverage_v20_5,False,True,0.18706246859772788,False,True,0.010906654892571841,0.12482293388376749,0.0622395347139604,False,2,D19-P01,A_complex_B_simple,G,184,219,33,56,61,insufficient_predicted_coverage_reserve,-12,2324,28.942307692307693,1210,558.7158469945356,0.468
41,6,coverage_v20_6,False,True,0.208251187986717,False,True,0.012564333233754395,0.14792106854580314,0.06033011944091384,False,2,D19-P01,A_complex_B_simple,G,184,219,25,46,69,insufficient_predicted_coverage_reserve,-2,2324,28.942307692307693,741,342.15573770491807,0.468
41,7,coverage_v20_7,False,True,0.11867132479928982,False,True,0.00960872439361134,0.0,0.11867132479928982,False,2,D19-P01,A_complex_B_simple,G,184,219,18,61,75,insufficient_predicted_coverage_reserve,-16,2324,28.942307692307693,380,175.46448087431693,0.468
41,8,old_surface_rotation,True,True,0.1870012771821082,True,True,0.0935006385910541,0.1447742412093559,0.042227035972752326,True,2,D19-P01,A_complex_B_simple,G,184,219,2,41,81,model_budget_passed,14,2324,28.942307692307693,0,0.0,0.468
41,9,asset_3_entry,False,True,0.2569585776836256,True,True,0.008794734872593385,0.14768661704539734,0.1092719606382283,False,2,D19-P01,A_complex_B_simple,G,184,219,35,76,75,insufficient_predicted_coverage_reserve,-48,2324,28.942307692307693,356,164.38251366120218,0.468
41,10,asset_0_corner_minus,True,True,0.19702699588504152,True,True,0.007968118249776696,0.1316320740591795,0.06539492182586201,True,2,D19-P01,A_complex_B_simple,G,184,219,35,28,72,model_budget_passed,3,2324,28.942307692307693,573,264.58196721311475,0.468
41,11,asset_1_corner_minus,False,True,0.23733924256633437,True,True,0.006516446232948649,0.12148377876790756,0.1158554637984268,False,2,D19-P01,A_complex_B_simple,G,184,219,38,39,80,insufficient_predicted_coverage_reserve,-19,2324,28.942307692307693,72,33.24590163934426,0.468
41,12,asset_2_corner_minus,False,True,0.20288303950770614,True,True,0.004017998186851987,0.14829218074574088,0.054590858761965254,False,2,D19-P01,A_complex_B_simple,G,184,219,57,20,78,insufficient_predicted_coverage_reserve,-17,2324,28.942307692307693,183,84.5,0.468
41,13,asset_3_corner_minus,False,True,0.11405371096205426,True,True,0.007582035610421338,0.0,0.11405371096205426,False,2,D19-P01,A_complex_B_simple,G,184,219,32,73,66,insufficient_predicted_coverage_reserve,-33,2324,28.942307692307693,900,415.5737704918033,0.468
41,14,asset_0_corner_plus,False,True,0.19710956459593604,True,True,0.007040136886797528,0.1316320740591795,0.06547749053675651,False,2,D19-P01,A_complex_B_simple,G,184,219,49,42,64,insufficient_predicted_coverage_reserve,-17,2324,28.942307692307693,1035,477.90983606557376,0.468
41,15,asset_1_corner_plus,True,True,0.2373180784859623,True,True,0.010066824698819858,0.12148377876790756,0.11583429971805476,True,2,D19-P01,A_complex_B_simple,G,184,219,24,25,80,model_budget_passed,9,2324,28.942307692307693,30,13.852459016393443,0.468
41,16,asset_3_corner_plus,False,True,0.1024521910430255,True,True,0.006560944784578164,0.0,0.1024521910430255,False,2,D19-P01,A_complex_B_simple,G,184,219,25,68,74,insufficient_predicted_coverage_reserve,-29,2324,28.942307692307693,431,199.0136612021858,0.468
41,17,asset_0_aperture_view,False,True,0.21444160292777661,True,True,0.011796383778032838,0.15411216582246892,0.06032943710530769,False,2,D19-P01,A_complex_B_simple,G,184,219,28,45,68,insufficient_predicted_coverage_reserve,-3,2324,28.942307692307693,811,374.47814207650276,0.468
41,18,asset_1_aperture_view,False,True,0.2965932591572052,True,True,0.015334372885036982,0.15377660696390955,0.14281665219329565,False,2,D19-P01,A_complex_B_simple,G,184,219,21,42,78,insufficient_predicted_coverage_reserve,-3,2324,28.942307692307693,178,82.19125683060109,0.468
41,19,asset_3_aperture_view,False,True,0.2721258670467265,True,True,0.008880480433837639,0.1582732489142731,0.1138526181324534,False,2,D19-P01,A_complex_B_simple,G,184,219,36,77,75,insufficient_predicted_coverage_reserve,-50,2324,28.942307692307693,333,153.7622950819672,0.468
43,0,coverage_v20_0,False,True,0.08004907020467031,False,True,0.009287677093901098,0.06369040906806517,0.01635866113660514,False,2,D19-P01,A_complex_B_simple,G,184,230,25,66,64,insufficient_predicted_coverage_reserve,-19,2317,28.942307692307693,1065,491.76229508196724,0.469
43,1,coverage_v20_1,False,True,0.15117270015273995,False,True,0.010543851909853236,0.09665122150919143,0.054521478643548525,False,2,D19-P01,A_complex_B_simple,G,184,230,30,61,62,insufficient_predicted_coverage_reserve,-17,2317,28.942307692307693,1156,533.7814207650273,0.469
43,2,coverage_v20_2,False,True,0.13618814280437336,False,True,0.010836097140746362,0.01766065030658515,0.11852749249778821,False,2,D19-P01,A_complex_B_simple,G,184,230,25,68,66,insufficient_predicted_coverage_reserve,-23,2317,28.942307692307693,943,435.42896174863387,0.469
43,3,coverage_v20_3,False,True,0.08004907020467031,False,True,0.010244138316363323,0.06369040906806517,0.01635866113660514,False,2,D19-P01,A_complex_B_simple,G,184,230,16,57,71,insufficient_predicted_coverage_reserve,-8,2317,28.942307692307693,587,271.0464480874317,0.469
43,4,coverage_v20_4,True,True,0.08004907020467031,False,True,0.014666848061298074,0.06369040906806517,0.01635866113660514,True,2,D19-P01,A_complex_B_simple,G,184,230,8,51,76,model_budget_passed,1,2317,28.942307692307693,261,120.51639344262296,0.469
43,5,coverage_v20_5,False,True,0.08004907020467031,False,True,0.00712484478538272,0.06369040906806517,0.01635866113660514,False,2,D19-P01,A_complex_B_simple,G,184,230,29,68,66,insufficient_predicted_coverage_reserve,-27,2317,28.942307692307693,886,409.10928961748635,0.469
43,6,coverage_v20_6,False,True,0.1363112566815151,False,True,0.00821508391415449,0.01766065030658515,0.11865060637492995,False,2,D19-P01,A_complex_B_simple,G,184,230,32,75,66,insufficient_predicted_coverage_reserve,-37,2317,28.942307692307693,886,409.10928961748635,0.469
43,7,coverage_v20_7,False,True,0.17902663979333192,False,True,0.009719128483891115,0.11769586239029194,0.061330777403039986,False,2,D19-P01,A_complex_B_simple,G,184,230,35,60,63,insufficient_predicted_coverage_reserve,-22,2317,28.942307692307693,1128,520.8524590163935,0.469
43,8,old_surface_rotation,True,True,0.06281203622175781,True,True,0.031406018110878904,0.016716439271980264,0.046095596949777544,True,2,D19-P01,A_complex_B_simple,G,184,230,2,43,81,model_budget_passed,10,2317,28.942307692307693,0,0.0,0.469
43,9,asset_0_entry,False,True,0.17748171902597612,True,True,0.01084270347902106,0.12195063124724481,0.055531087778731315,False,2,D19-P01,A_complex_B_simple,G,184,230,26,49,69,insufficient_predicted_coverage_reserve,-8,2317,28.942307692307693,731,337.5382513661202,0.469
43,10,asset_1_entry,False,True,0.20895399362001657,True,True,0.011516375604061022,0.1126541887238139,0.09629980489620267,False,2,D19-P01,A_complex_B_simple,G,184,230,19,44,79,insufficient_predicted_coverage_reserve,-6,2317,28.942307692307693,69,31.86065573770492,0.469
43,11,asset_3_entry,False,True,0.27385258739875945,True,True,0.009393699273325545,0.15510451925554372,0.11874806814321572,False,2,D19-P01,A_complex_B_simple,G,184,230,37,76,72,insufficient_predicted_coverage_reserve,-49,2317,28.942307692307693,516,238.2622950819672,0.469
43,12,asset_0_deep,False,True,0.1760831538799109,True,True,0.011191897583767863,0.12195063124724481,0.05413252263266608,False,2,D19-P01,A_complex_B_simple,G,184,230,25,50,69,insufficient_predicted_coverage_reserve,-8,2317,28.942307692307693,726,335.2295081967213,0.469
43,13,asset_1_deep,False,True,0.20867288283974095,True,True,0.01214055698316021,0.1126541887238139,0.09601869411592705,False,2,D19-P01,A_complex_B_simple,G,184,230,18,45,79,insufficient_predicted_coverage_reserve,-6,2317,28.942307692307693,69,31.86065573770492,0.469
43,14,asset_0_corner_minus,True,True,0.1806026581446014,True,True,0.007343749416376367,0.11411639208017565,0.06648626606442574,True,2,D19-P01,A_complex_B_simple,G,184,230,35,28,72,model_budget_passed,1,2317,28.942307692307693,535,247.03551912568307,0.469
43,15,asset_1_corner_minus,False,True,0.08329365222294469,True,True,0.00248037922841513,0.06219866761547171,0.021094984607472972,False,2,D19-P01,A_complex_B_simple,G,184,230,36,39,80,insufficient_predicted_coverage_reserve,-19,2317,28.942307692307693,42,19.393442622950822,0.469
43,16,asset_2_corner_minus,False,True,0.07490593977259052,True,True,0.0018372508530081395,0.06219866761547171,0.01270727215711881,False,2,D19-P01,A_complex_B_simple,G,184,230,55,20,78,insufficient_predicted_coverage_reserve,-17,2317,28.942307692307693,183,84.5,0.469
43,17,asset_3_corner_minus,False,True,0.13631117871510667,True,True,0.008594545763418511,0.01766065030658515,0.11865052840852151,False,2,D19-P01,A_complex_B_simple,G,184,230,32,73,65,insufficient_predicted_coverage_reserve,-34,2317,28.942307692307693,971,448.3579234972678,0.469
43,18,asset_0_corner_plus,False,True,0.18077315045550973,True,True,0.00661053076731361,0.11411639208017565,0.0666567583753341,False,2,D19-P01,A_complex_B_simple,G,184,230,49,42,65,insufficient_predicted_coverage_reserve,-20,2317,28.942307692307693,1002,462.672131147541,0.469
43,19,asset_1_corner_plus,True,True,0.08229494729016813,True,True,0.0037406794222803698,0.06219866761547171,0.020096279674696425,True,2,D19-P01,A_complex_B_simple,G,184,230,22,25,81,model_budget_passed,8,2317,28.942307692307693,0,0.0,0.469
43,20,asset_3_corner_plus,False,True,0.13640871844961477,True,True,0.007184449889668272,0.01766065030658515,0.11874806814302961,False,2,D19-P01,A_complex_B_simple,G,184,230,27,68,74,insufficient_predicted_coverage_reserve,-33,2317,28.942307692307693,403,186.0846994535519,0.469
43,21,asset_0_aperture_view,False,True,0.17499604954282427,True,True,0.011565311588093867,0.12195063124724481,0.05304541829557947,False,2,D19-P01,A_complex_B_simple,G,184,230,24,51,69,insufficient_predicted_coverage_reserve,-8,2317,28.942307692307693,718,331.5355191256831,0.469
43,22,asset_1_aperture_view,False,True,0.2692897246010506,True,True,0.01652124430426348,0.15481590792830346,0.11447381667274716,False,2,D19-P01,A_complex_B_simple,G,184,230,17,46,79,insufficient_predicted_coverage_reserve,-6,2317,28.942307692307693,81,37.40163934426229,0.469
43,23,asset_3_aperture_view,False,True,0.2946819673640737,True,True,0.009893886359204948,0.17593389922085825,0.11874806814321547,False,2,D19-P01,A_complex_B_simple,G,184,230,38,77,71,insufficient_predicted_coverage_reserve,-50,2317,28.942307692307693,569,262.73497267759564,0.469
45,0,coverage_v20_0,False,True,0.08004907020467031,False,True,0.009287677093901098,0.06369040906806517,0.01635866113660514,False,2,D19-P01,A_complex_B_simple,G,184,241,25,66,63,insufficient_predicted_coverage_reserve,-20,2307,28.942307692307693,1065,491.76229508196724,0.4704285714285714
45,1,coverage_v20_1,False,True,0.15117270015273995,False,True,0.010543851909853236,0.09665122150919143,0.054521478643548525,False,2,D19-P01,A_complex_B_simple,G,184,241,30,61,62,insufficient_predicted_coverage_reserve,-19,2307,28.942307692307693,1156,533.7814207650273,0.4704285714285714
45,2,coverage_v20_2,False,True,0.12188307201618093,False,True,0.010252465737790095,0.01766065030658515,0.10422242170959578,False,2,D19-P01,A_complex_B_simple,G,184,241,25,68,65,insufficient_predicted_coverage_reserve,-24,2307,28.942307692307693,941,434.5054644808743,0.4704285714285714
45,3,coverage_v20_3,False,True,0.08004907020467031,False,True,0.010244138316363323,0.06369040906806517,0.01635866113660514,False,2,D19-P01,A_complex_B_simple,G,184,241,16,57,71,insufficient_predicted_coverage_reserve,-10,2307,28.942307692307693,587,271.0464480874317,0.4704285714285714
45,4,coverage_v20_4,False,True,0.08004907020467031,False,True,0.014666848061298074,0.06369040906806517,0.01635866113660514,False,2,D19-P01,A_complex_B_simple,G,184,241,8,51,76,insufficient_predicted_coverage_reserve,-1,2307,28.942307692307693,261,120.51639344262296,0.4704285714285714
45,5,coverage_v20_5,False,True,0.015581058332259154,False,True,0.004393201062886806,0.015581058332259154,0.0,False,2,D19-P01,A_complex_B_simple,G,184,241,28,69,68,insufficient_predicted_coverage_reserve,-31,2307,28.942307692307693,752,347.23497267759564,0.4704285714285714
45,6,coverage_v20_6,False,True,0.12122119606635308,False,True,0.009718637876702154,0.01675652305691536,0.10446467300943772,False,2,D19-P01,A_complex_B_simple,G,184,241,18,61,74,insufficient_predicted_coverage_reserve,-19,2307,28.942307692307693,376,173.61748633879782,0.4704285714285714
45,7,coverage_v20_7,False,True,0.17902663979333192,False,True,0.009719128483891115,0.11769586239029194,0.061330777403039986,False,2,D19-P01,A_complex_B_simple,G,184,241,35,60,62,insufficient_predicted_coverage_reserve,-23,2307,28.942307692307693,1128,520.8524590163935,0.4704285714285714
45,8,old_surface_rotation,True,True,0.13511224403767486,True,True,0.06755612201883743,0.1189491001555617,0.016163143882113137,True,2,D19-P01,A_complex_B_simple,G,184,241,2,41,80,model_budget_passed,11,2307,28.942307692307693,0,0.0,0.4704285714285714
45,9,asset_0_entry,False,True,0.17748171902597612,True,True,0.01084270347902106,0.12195063124724481,0.055531087778731315,False,2,D19-P01,A_complex_B_simple,G,184,241,26,49,69,insufficient_predicted_coverage_reserve,-10,2307,28.942307692307693,731,337.5382513661202,0.4704285714285714
45,10,asset_1_entry,False,True,0.27145322347731743,True,True,0.015610320032640767,0.15481590792830346,0.11663731554901395,False,2,D19-P01,A_complex_B_simple,G,184,241,19,44,77,insufficient_predicted_coverage_reserve,-6,2307,28.942307692307693,176,81.26775956284153,0.4704285714285714
45,11,asset_0_deep,False,True,0.1760831538799109,True,True,0.011191897583767863,0.12195063124724481,0.05413252263266608,False,2,D19-P01,A_complex_B_simple,G,184,241,25,50,69,insufficient_predicted_coverage_reserve,-10,2307,28.942307692307693,726,335.2295081967213,0.4704285714285714
45,12,asset_1_deep,False,True,0.27144856536899725,True,True,0.016477301250658577,0.15481590792830346,0.1166326574406938,False,2,D19-P01,A_complex_B_simple,G,184,241,18,45,77,insufficient_predicted_coverage_reserve,-6,2307,28.942307692307693,176,81.26775956284153,0.4704285714285714
45,13,asset_0_corner_minus,False,True,0.1806026581446014,True,True,0.007343749416376367,0.11411639208017565,0.06648626606442574,False,2,D19-P01,A_complex_B_simple,G,184,241,35,28,72,insufficient_predicted_coverage_reserve,-1,2307,28.942307692307693,535,247.03551912568307,0.4704285714285714
45,14,asset_1_corner_minus,False,True,0.16751275691162495,True,True,0.004603719166847273,0.0802957624504085,0.08721699446121646,False,2,D19-P01,A_complex_B_simple,G,184,241,38,39,79,insufficient_predicted_coverage_reserve,-22,2307,28.942307692307693,52,24.010928961748636,0.4704285714285714
45,15,asset_2_corner_minus,False,True,0.17872288027603517,True,True,0.0037019051677499902,0.08371534708649299,0.09500753318954218,False,2,D19-P01,A_complex_B_simple,G,184,241,57,20,77,insufficient_predicted_coverage_reserve,-20,2307,28.942307692307693,226,104.35519125683061,0.4704285714285714
45,16,asset_3_corner_minus,False,True,0.10265451401647248,True,True,0.007176703563014765,0.0,0.10265451401647248,False,2,D19-P01,A_complex_B_simple,G,184,241,32,73,66,insufficient_predicted_coverage_reserve,-37,2307,28.942307692307693,889,410.4945355191257,0.4704285714285714
45,17,asset_0_corner_plus,False,True,0.18077315045550973,True,True,0.00661053076731361,0.11411639208017565,0.0666567583753341,False,2,D19-P01,A_complex_B_simple,G,184,241,49,42,64,insufficient_predicted_coverage_reserve,-21,2307,28.942307692307693,1002,462.672131147541,0.4704285714285714
45,18,asset_1_corner_plus,True,True,0.16649754319522247,True,True,0.006996921442658079,0.0802957624504085,0.086201780744814,True,2,D19-P01,A_complex_B_simple,G,184,241,24,25,80,model_budget_passed,5,2307,28.942307692307693,10,4.617486338797814,0.4704285714285714
45,19,asset_3_corner_plus,False,True,0.09883416733019289,True,True,0.006313366693207716,0.0,0.09883416733019289,False,2,D19-P01,A_complex_B_simple,G,184,241,25,68,74,insufficient_predicted_coverage_reserve,-33,2307,28.942307692307693,413,190.70218579234972,0.4704285714285714
45,20,asset_0_aperture_view,False,True,0.17499604954282427,True,True,0.011565311588093867,0.12195063124724481,0.05304541829557947,False,2,D19-P01,A_complex_B_simple,G,184,241,24,51,69,insufficient_predicted_coverage_reserve,-10,2307,28.942307692307693,718,331.5355191256831,0.4704285714285714
45,21,asset_1_aperture_view,False,True,0.27140434994599694,True,True,0.017443953358167886,0.15481590792830346,0.11658844201769349,False,2,D19-P01,A_complex_B_simple,G,184,241,17,46,77,insufficient_predicted_coverage_reserve,-6,2307,28.942307692307693,176,81.26775956284153,0.4704285714285714
45,22,asset_3_aperture_view,False,True,0.20458034126431046,True,True,0.008157439946905588,0.12339346759846255,0.08118687366584791,False,2,D19-P01,A_complex_B_simple,G,184,241,30,73,76,insufficient_predicted_coverage_reserve,-45,2307,28.942307692307693,281,129.7513661202186,0.4704285714285714
47,0,coverage_v20_0,False,True,0.11041433720720861,False,True,0.01050228777400263,0.08750227269057924,0.02291206451662937,False,2,D19-P01,A_complex_B_simple,G,184,252,25,66,63,insufficient_predicted_coverage_reserve,-22,2305,28.942307692307693,1065,491.76229508196724,0.4707142857142857
47,1,coverage_v20_1,False,True,0.14418838641999507,False,True,0.010311041452095073,0.08750227269057924,0.05668611372941582,False,2,D19-P01,A_complex_B_simple,G,184,252,30,61,62,insufficient_predicted_coverage_reserve,-21,2305,28.942307692307693,1156,533.7814207650273,0.4707142857142857
47,2,coverage_v20_2,False,True,0.12046313862964804,False,True,0.01019566840232878,0.01624071692005226,0.10422242170959578,False,2,D19-P01,A_complex_B_simple,G,184,252,25,68,65,insufficient_predicted_coverage_reserve,-26,2305,28.942307692307693,941,434.5054644808743,0.4707142857142857
47,3,coverage_v20_3,False,True,0.11041433720720861,False,True,0.012141967504021967,0.08750227269057924,0.02291206451662937,False,2,D19-P01,A_complex_B_simple,G,184,252,16,57,71,insufficient_predicted_coverage_reserve,-12,2305,28.942307692307693,587,271.0464480874317,0.4707142857142857
47,4,coverage_v20_4,False,True,0.11041433720720861,False,True,0.018462506436615362,0.08750227269057924,0.02291206451662937,False,2,D19-P01,A_complex_B_simple,G,184,252,8,51,76,insufficient_predicted_coverage_reserve,-3,2305,28.942307692307693,261,120.51639344262296,0.4707142857142857
47,5,coverage_v20_5,False,True,0.11041433720720861,False,True,0.008171922957884041,0.08750227269057924,0.02291206451662937,False,2,D19-P01,A_complex_B_simple,G,184,252,29,68,66,insufficient_predicted_coverage_reserve,-31,2305,28.942307692307693,886,409.10928961748635,0.4707142857142857
47,6,coverage_v20_6,False,True,0.12051578813819536,False,True,0.007712546950747176,0.01624071692005226,0.1042750712181431,False,2,D19-P01,A_complex_B_simple,G,184,252,32,75,66,insufficient_predicted_coverage_reserve,-41,2305,28.942307692307693,884,408.1857923497268,0.4707142857142857
47,7,coverage_v20_7,False,True,0.19391370601970354,False,True,0.01014447323321602,0.13360477605454926,0.06030892996515428,False,2,D19-P01,A_complex_B_simple,G,184,252,35,60,62,insufficient_predicted_coverage_reserve,-25,2305,28.942307692307693,1128,520.8524590163935,0.4707142857142857
47,8,old_surface_rotation,True,True,0.05686745123537236,True,True,0.02843372561768618,0.015800895838259398,0.041066555397112965,True,2,D19-P01,A_complex_B_simple,G,184,252,2,43,80,model_budget_passed,7,2305,28.942307692307693,0,0.0,0.4707142857142857
47,9,asset_0_entry,False,True,0.20814097979829452,True,True,0.012654683682071795,0.15550426717485855,0.052636712623435965,False,2,D19-P01,A_complex_B_simple,G,184,252,24,49,69,insufficient_predicted_coverage_reserve,-10,2305,28.942307692307693,669,308.90983606557376,0.4707142857142857
47,10,asset_1_entry,False,True,0.20732581412921974,True,True,0.011430681946650664,0.12657805187633928,0.08074776225288048,False,2,D19-P01,A_complex_B_simple,G,184,252,19,44,79,insufficient_predicted_coverage_reserve,-10,2305,28.942307692307693,69,31.86065573770492,0.4707142857142857
47,11,asset_0_deep,False,True,0.20561329664343464,True,True,0.013605799198078198,0.15550426717485855,0.0501090294685761,False,2,D19-P01,A_complex_B_simple,G,184,252,22,51,70,insufficient_predicted_coverage_reserve,-11,2305,28.942307692307693,656,302.90710382513663,0.4707142857142857
47,12,asset_1_deep,False,True,0.20732581412921863,True,True,0.01206571983257564,0.12657805187633928,0.08074776225287934,False,2,D19-P01,A_complex_B_simple,G,184,252,18,45,79,insufficient_predicted_coverage_reserve,-10,2305,28.942307692307693,69,31.86065573770492,0.4707142857142857
47,13,asset_0_corner_minus,False,True,0.19754701441930772,True,True,0.007610432940218865,0.13382034265021361,0.0637266717690941,False,2,D19-P01,A_complex_B_simple,G,184,252,36,29,72,insufficient_predicted_coverage_reserve,-5,2305,28.942307692307693,535,247.03551912568307,0.4707142857142857
47,14,asset_1_corner_minus,False,True,0.08358137421053032,True,True,0.002488371505848064,0.05808705410475559,0.02549432010577472,False,2,D19-P01,A_complex_B_simple,G,184,252,36,39,79,insufficient_predicted_coverage_reserve,-22,2305,28.942307692307693,42,19.393442622950822,0.4707142857142857
47,15,asset_2_corner_minus,False,True,0.07201779161103564,True,True,0.0018185053020188299,0.05808705410475559,0.013930737506280044,False,2,D19-P01,A_complex_B_simple,G,184,252,55,20,77,insufficient_predicted_coverage_reserve,-20,2305,28.942307692307693,196,90.50273224043715,0.4707142857142857
47,16,asset_3_corner_minus,False,True,0.12046816892379582,True,True,0.008090523136011477,0.01624071692005226,0.10422745200374356,False,2,D19-P01,A_complex_B_simple,G,184,252,32,73,65,insufficient_predicted_coverage_reserve,-38,2305,28.942307692307693,969,447.43442622950823,0.4707142857142857
47,17,asset_0_corner_plus,False,True,0.19851358900417831,True,True,0.006972580533612969,0.13382034265021361,0.06469324635396471,False,2,D19-P01,A_complex_B_simple,G,184,252,49,42,64,insufficient_predicted_coverage_reserve,-23,2305,28.942307692307693,1002,462.672131147541,0.4707142857142857
47,18,asset_1_corner_plus,True,True,0.0803458753076957,True,True,0.0036520852412588955,0.05808705410475559,0.022258821202940104,True,2,D19-P01,A_complex_B_simple,G,184,252,22,25,80,model_budget_passed,5,2305,28.942307692307693,0,0.0,0.4707142857142857
47,19,asset_3_corner_plus,False,True,0.12254741592925796,True,True,0.006893290537062464,0.01624071692005226,0.1063066990092057,False,2,D19-P01,A_complex_B_simple,G,184,252,27,68,73,insufficient_predicted_coverage_reserve,-36,2305,28.942307692307693,445,205.47814207650273,0.4707142857142857
47,20,asset_0_aperture_view,False,True,0.20157600649447707,True,True,0.01314926736311391,0.1554780138351957,0.04609799265928138,False,2,D19-P01,A_complex_B_simple,G,184,252,23,52,69,insufficient_predicted_coverage_reserve,-12,2305,28.942307692307693,706,325.9945355191257,0.4707142857142857
47,21,asset_1_aperture_view,False,True,0.2540678724897236,True,True,0.015625841238891304,0.15507981614236666,0.09898805634735695,False,2,D19-P01,A_complex_B_simple,G,184,252,17,46,79,insufficient_predicted_coverage_reserve,-10,2305,28.942307692307693,81,37.40163934426229,0.4707142857142857
47,22,asset_3_aperture_view,False,True,0.2460941694355525,True,True,0.009712764223432445,0.1396341845185148,0.10645998491703772,False,2,D19-P01,A_complex_B_simple,G,184,252,32,73,73,insufficient_predicted_coverage_reserve,-46,2305,28.942307692307693,453,209.172131147541,0.4707142857142857
49,0,coverage_v20_0,False,True,0.11041433720720861,False,True,0.01050228777400263,0.08750227269057924,0.02291206451662937,False,2,D19-P01,A_complex_B_simple,G,184,263,25,66,63,insufficient_predicted_coverage_reserve,-24,2301,28.942307692307693,1065,491.76229508196724,0.4712857142857143
49,1,coverage_v20_1,False,True,0.14418838641999507,False,True,0.010311041452095073,0.08750227269057924,0.05668611372941582,False,2,D19-P01,A_complex_B_simple,G,184,263,30,61,62,insufficient_predicted_coverage_reserve,-23,2301,28.942307692307693,1156,533.7814207650273,0.4712857142857143
49,2,coverage_v20_2,False,True,0.11405340024370333,False,True,0.00993927886689099,0.01624071692005226,0.09781268332365108,False,2,D19-P01,A_complex_B_simple,G,184,263,25,68,65,insufficient_predicted_coverage_reserve,-28,2301,28.942307692307693,941,434.5054644808743,0.4712857142857143
49,3,coverage_v20_3,False,True,0.11041433720720861,False,True,0.012141967504021967,0.08750227269057924,0.02291206451662937,False,2,D19-P01,A_complex_B_simple,G,184,263,16,57,71,insufficient_predicted_coverage_reserve,-14,2301,28.942307692307693,587,271.0464480874317,0.4712857142857143
49,4,coverage_v20_4,False,True,0.11041433720720861,False,True,0.018462506436615362,0.08750227269057924,0.02291206451662937,False,2,D19-P01,A_complex_B_simple,G,184,263,8,51,76,insufficient_predicted_coverage_reserve,-5,2301,28.942307692307693,261,120.51639344262296,0.4712857142857143
49,5,coverage_v20_5,False,True,0.0324109410450785,False,True,0.004963656057732396,0.0324109410450785,0.0,False,2,D19-P01,A_complex_B_simple,G,184,263,28,69,68,insufficient_predicted_coverage_reserve,-35,2301,28.942307692307693,746,344.46448087431696,0.4712857142857143
49,6,coverage_v20_6,False,True,0.11344284566148735,False,True,0.00928650729865406,0.015403802434959764,0.09803904322652758,False,2,D19-P01,A_complex_B_simple,G,184,263,18,61,74,insufficient_predicted_coverage_reserve,-23,2301,28.942307692307693,376,173.61748633879782,0.4712857142857143
49,7,coverage_v20_7,False,True,0.19391370601970354,False,True,0.01014447323321602,0.13360477605454926,0.06030892996515428,False,2,D19-P01,A_complex_B_simple,G,184,263,35,60,62,insufficient_predicted_coverage_reserve,-27,2301,28.942307692307693,1128,520.8524590163935,0.4712857142857143
49,8,old_surface_rotation,True,True,0.17485742341283367,True,True,0.08742871170641683,0.151287466997759,0.02356995641507466,True,2,D19-P01,A_complex_B_simple,G,184,263,2,41,80,model_budget_passed,7,2301,28.942307692307693,0,0.0,0.4712857142857143
49,9,asset_0_entry,False,True,0.20814097979829452,True,True,0.012654683682071795,0.15550426717485855,0.052636712623435965,False,2,D19-P01,A_complex_B_simple,G,184,263,24,49,69,insufficient_predicted_coverage_reserve,-12,2301,28.942307692307693,669,308.90983606557376,0.4712857142857143
49,10,asset_1_entry,False,True,0.2653569420584768,True,True,0.015289463115859683,0.15507981614236666,0.11027712591611018,False,2,D19-P01,A_complex_B_simple,G,184,263,19,44,77,insufficient_predicted_coverage_reserve,-10,2301,28.942307692307693,176,81.26775956284153,0.4712857142857143
49,11,asset_0_deep,False,True,0.20561329664343464,True,True,0.013605799198078198,0.15550426717485855,0.0501090294685761,False,2,D19-P01,A_complex_B_simple,G,184,263,22,51,70,insufficient_predicted_coverage_reserve,-13,2301,28.942307692307693,656,302.90710382513663,0.4712857142857143
49,12,asset_1_deep,False,True,0.26535694205803145,True,True,0.0161388777333827,0.15507981614236666,0.1102771259156648,False,2,D19-P01,A_complex_B_simple,G,184,263,18,45,77,insufficient_predicted_coverage_reserve,-10,2301,28.942307692307693,176,81.26775956284153,0.4712857142857143
49,13,asset_0_corner_minus,False,True,0.19754701441930772,True,True,0.007610432940218865,0.13382034265021361,0.0637266717690941,False,2,D19-P01,A_complex_B_simple,G,184,263,36,29,71,insufficient_predicted_coverage_reserve,-6,2301,28.942307692307693,535,247.03551912568307,0.4712857142857143
49,14,asset_1_corner_minus,False,True,0.16112860883123278,True,True,0.0044357152699948475,0.07508374085898396,0.08604486797224882,False,2,D19-P01,A_complex_B_simple,G,184,263,38,39,79,insufficient_predicted_coverage_reserve,-26,2301,28.942307692307693,52,24.010928961748636,0.4712857142857143
49,15,asset_2_corner_minus,False,True,0.14926427191112646,True,True,0.0031023807102202637,0.07508374085898396,0.07418053105214249,False,2,D19-P01,A_complex_B_simple,G,184,263,57,20,77,insufficient_predicted_coverage_reserve,-24,2301,28.942307692307693,193,89.11748633879782,0.4712857142857143
49,16,asset_3_corner_minus,False,True,0.0975243756999055,True,True,0.007007458169193476,0.0,0.0975243756999055,False,2,D19-P01,A_complex_B_simple,G,184,263,32,73,66,insufficient_predicted_coverage_reserve,-41,2301,28.942307692307693,887,409.57103825136613,0.4712857142857143
49,17,asset_0_corner_plus,False,True,0.19851358900417831,True,True,0.006972580533612969,0.13382034265021361,0.06469324635396471,False,2,D19-P01,A_complex_B_simple,G,184,263,49,42,64,insufficient_predicted_coverage_reserve,-25,2301,28.942307692307693,1002,462.672131147541,0.4712857142857143
49,18,asset_1_corner_plus,True,True,0.15763380161670293,True,True,0.006627598876886432,0.07508374085898396,0.08255006075771898,True,2,D19-P01,A_complex_B_simple,G,184,263,24,25,80,model_budget_passed,1,2301,28.942307692307693,10,4.617486338797814,0.4712857142857143
49,19,asset_3_corner_plus,False,True,0.09447126303737485,True,True,0.006127421950066422,0.0,0.09447126303737485,False,2,D19-P01,A_complex_B_simple,G,184,263,25,68,73,insufficient_predicted_coverage_reserve,-36,2301,28.942307692307693,411,189.77868852459017,0.4712857142857143
49,20,asset_0_aperture_view,False,True,0.20157600649447707,True,True,0.01314926736311391,0.1554780138351957,0.04609799265928138,False,2,D19-P01,A_complex_B_simple,G,184,263,23,52,69,insufficient_predicted_coverage_reserve,-14,2301,28.942307692307693,706,325.9945355191257,0.4712857142857143
49,21,asset_1_aperture_view,False,True,0.2653569402729194,True,True,0.01708822337739862,0.15507981614236666,0.11027712413055274,False,2,D19-P01,A_complex_B_simple,G,184,263,17,46,77,insufficient_predicted_coverage_reserve,-10,2301,28.942307692307693,176,81.26775956284153,0.4712857142857143
49,22,asset_3_aperture_view,False,True,0.20759964792517666,True,True,0.00824379778798208,0.12938187069241341,0.07821777723276326,False,2,D19-P01,A_complex_B_simple,G,184,263,30,73,76,insufficient_predicted_coverage_reserve,-49,2301,28.942307692307693,278,128.36612021857923,0.4712857142857143
51,0,coverage_v20_0,False,True,0.11536551639792812,False,True,0.010666049227345696,0.08956597139149679,0.02579954500643133,False,2,D19-P01,A_complex_B_simple,G,184,274,25,66,63,insufficient_predicted_coverage_reserve,-26,2299,28.942307692307693,1059,488.99180327868856,0.4715714285714286
51,1,coverage_v20_1,False,True,0.1342891766905327,False,True,0.010698540935628196,0.08956597139149679,0.044723205299035895,False,2,D19-P01,A_complex_B_simple,G,184,274,27,64,63,insufficient_predicted_coverage_reserve,-26,2299,28.942307692307693,1082,499.61202185792354,0.4715714285714286
51,2,coverage_v20_2,False,True,0.1126990155357762,False,True,0.009885103478573905,0.014886332212125123,0.09781268332365108,False,2,D19-P01,A_complex_B_simple,G,184,274,25,68,65,insufficient_predicted_coverage_reserve,-30,2299,28.942307692307693,941,434.5054644808743,0.4715714285714286
51,3,coverage_v20_3,False,True,0.11536551639792812,False,True,0.01241570191772765,0.08956597139149679,0.02579954500643133,False,2,D19-P01,A_complex_B_simple,G,184,274,16,57,71,insufficient_predicted_coverage_reserve,-16,2299,28.942307692307693,583,269.1994535519126,0.4715714285714286
51,4,coverage_v20_4,False,True,0.11536551639792812,False,True,0.019045689549741014,0.08956597139149679,0.02579954500643133,False,2,D19-P01,A_complex_B_simple,G,184,274,8,51,76,insufficient_predicted_coverage_reserve,-7,2299,28.942307692307693,259,119.5928961748634,0.4715714285714286
51,5,coverage_v20_5,False,True,0.11536551639792812,False,True,0.008313096624559098,0.08956597139149679,0.02579954500643133,False,2,D19-P01,A_complex_B_simple,G,184,274,29,68,66,insufficient_predicted_coverage_reserve,-35,2299,28.942307692307693,880,406.3387978142077,0.4715714285714286
51,6,coverage_v20_6,False,True,0.11270280425989662,False,True,0.007468391204550341,0.014886332212125123,0.0978164720477715,False,2,D19-P01,A_complex_B_simple,G,184,274,32,75,66,insufficient_predicted_coverage_reserve,-45,2299,28.942307692307693,884,408.1857923497268,0.4715714285714286
51,7,coverage_v20_7,False,True,0.16738174918824844,False,True,0.009972607118258611,0.11090363222954878,0.05647811695869964,False,2,D19-P01,A_complex_B_simple,G,184,274,33,58,62,insufficient_predicted_coverage_reserve,-25,2299,28.942307692307693,1132,522.6994535519126,0.4715714285714286
51,8,old_surface_rotation,True,True,0.05187724738860797,True,True,0.025938623694303983,0.014476230966676723,0.03740101642193124,True,2,D19-P01,A_complex_B_simple,G,184,274,2,43,80,model_budget_passed,3,2299,28.942307692307693,0,0.0,0.4715714285714286
51,9,asset_1_entry,False,True,0.2089645173354462,True,True,0.012665188222310258,0.15625561708259247,0.05270890025285372,False,2,D19-P01,A_complex_B_simple,G,184,274,24,49,69,insufficient_predicted_coverage_reserve,-14,2299,28.942307692307693,665,307.06284153005464,0.4715714285714286
51,10,asset_2_entry,False,True,0.2001841055696992,True,True,0.011054802548781162,0.12636460940955987,0.07381949616013933,False,2,D19-P01,A_complex_B_simple,G,184,274,19,44,79,insufficient_predicted_coverage_reserve,-14,2299,28.942307692307693,69,31.86065573770492,0.4715714285714286
51,11,asset_1_deep,False,True,0.20452350338261546,True,True,0.01353028911479421,0.15625561708259247,0.04826788630002298,False,2,D19-P01,A_complex_B_simple,G,184,274,22,51,70,insufficient_predicted_coverage_reserve,-15,2299,28.942307692307693,652,301.0601092896175,0.4715714285714286
51,12,asset_2_deep,False,True,0.20018410556969862,True,True,0.011668958245935637,0.12636460940955987,0.07381949616013873,False,2,D19-P01,A_complex_B_simple,G,184,274,18,45,79,insufficient_predicted_coverage_reserve,-14,2299,28.942307692307693,69,31.86065573770492,0.4715714285714286
51,13,asset_0_corner_minus,False,True,0.11536551639792812,True,True,0.008369326737073794,0.08956597139149679,0.02579954500643133,False,2,D19-P01,A_complex_B_simple,G,184,274,30,69,65,insufficient_predicted_coverage_reserve,-36,2299,28.942307692307693,950,438.6612021857924,0.4715714285714286
51,14,asset_1_corner_minus,False,True,0.1987207581854119,True,True,0.007853246152236258,0.13496346969169118,0.06375728849372071,False,2,D19-P01,A_complex_B_simple,G,184,274,35,28,71,insufficient_predicted_coverage_reserve,-6,2299,28.942307692307693,533,246.1120218579235,0.4715714285714286
51,15,asset_2_corner_minus,False,True,0.07498609492672208,True,True,0.002249613747964502,0.05360507496345982,0.02138101996326226,False,2,D19-P01,A_complex_B_simple,G,184,274,36,39,79,insufficient_predicted_coverage_reserve,-26,2299,28.942307692307693,42,19.393442622950822,0.4715714285714286
51,16,asset_3_corner_minus,False,True,0.0669738473495913,True,True,0.0017267972245380238,0.05360507496345982,0.013368772386131484,False,2,D19-P01,A_complex_B_simple,G,184,274,55,20,77,insufficient_predicted_coverage_reserve,-24,2299,28.942307692307693,196,90.50273224043715,0.4715714285714286
51,17,asset_4_corner_minus,False,True,0.1127036688471367,True,True,0.007847882508615879,0.014886332212125123,0.09781733663501158,False,2,D19-P01,A_complex_B_simple,G,184,274,32,73,64,insufficient_predicted_coverage_reserve,-41,2299,28.942307692307693,969,447.43442622950823,0.4715714285714286
51,18,asset_1_corner_plus,False,True,0.19906401139323726,True,True,0.0069779827398036755,0.13496346969169118,0.0641005417015461,False,2,D19-P01,A_complex_B_simple,G,184,274,49,42,64,insufficient_predicted_coverage_reserve,-27,2299,28.942307692307693,1000,461.74863387978144,0.4715714285714286
51,19,asset_2_corner_plus,True,True,0.07195322650051897,True,True,0.003270601204569044,0.05360507496345982,0.01834815153705914,True,2,D19-P01,A_complex_B_simple,G,184,274,22,25,80,model_budget_passed,1,2299,28.942307692307693,0,0.0,0.4715714285714286
51,20,asset_4_corner_plus,False,True,0.11604341694323482,True,True,0.006652401685728273,0.014886332212125123,0.1011570847311097,False,2,D19-P01,A_complex_B_simple,G,184,274,27,68,73,insufficient_predicted_coverage_reserve,-40,2299,28.942307692307693,445,205.47814207650273,0.4715714285714286
51,21,asset_0_aperture_view,False,True,0.11536551639792812,True,True,0.006830851488920395,0.08956597139149679,0.02579954500643133,False,2,D19-P01,A_complex_B_simple,G,184,274,35,74,66,insufficient_predicted_coverage_reserve,-47,2299,28.942307692307693,866,399.8743169398907,0.4715714285714286
51,22,asset_1_aperture_view,False,True,0.20383606337525295,True,True,0.013216474805135221,0.15620178997603826,0.04763427339921469,False,2,D19-P01,A_complex_B_simple,G,184,274,23,52,69,insufficient_predicted_coverage_reserve,-16,2299,28.942307692307693,701,323.6857923497268,0.4715714285714286
51,23,asset_2_aperture_view,False,True,0.24478514012001296,True,True,0.01507979815832009,0.15489355807905703,0.08989158204095594,False,2,D19-P01,A_complex_B_simple,G,184,274,17,46,79,insufficient_predicted_coverage_reserve,-14,2299,28.942307692307693,81,37.40163934426229,0.4715714285714286
51,24,asset_4_aperture_view,False,True,0.2456955760797781,True,True,0.009691379609635923,0.14426820290453854,0.10142737317523955,False,2,D19-P01,A_complex_B_simple,G,184,274,32,73,73,insufficient_predicted_coverage_reserve,-50,2299,28.942307692307693,451,208.24863387978144,0.4715714285714286
53,0,coverage_v20_0,False,True,0.11536551639792812,False,True,0.010666049227345696,0.08956597139149679,0.02579954500643133,False,2,D19-P01,A_complex_B_simple,G,184,285,25,66,63,insufficient_predicted_coverage_reserve,-28,2299,28.942307692307693,1059,488.99180327868856,0.4715714285714286
53,1,coverage_v20_1,False,True,0.1342891766905327,False,True,0.010698540935628196,0.08956597139149679,0.044723205299035895,False,2,D19-P01,A_complex_B_simple,G,184,285,27,64,63,insufficient_predicted_coverage_reserve,-28,2299,28.942307692307693,1082,499.61202185792354,0.4715714285714286
53,2,coverage_v20_2,False,True,0.10921053393129655,False,True,0.009745564214394719,0.014886332212125123,0.09432420171917143,False,2,D19-P01,A_complex_B_simple,G,184,285,25,68,65,insufficient_predicted_coverage_reserve,-32,2299,28.942307692307693,941,434.5054644808743,0.4715714285714286
53,3,coverage_v20_3,False,True,0.11536551639792812,False,True,0.01241570191772765,0.08956597139149679,0.02579954500643133,False,2,D19-P01,A_complex_B_simple,G,184,285,16,57,71,insufficient_predicted_coverage_reserve,-18,2299,28.942307692307693,583,269.1994535519126,0.4715714285714286
53,4,coverage_v20_4,False,True,0.11536551639792812,False,True,0.019045689549741014,0.08956597139149679,0.02579954500643133,False,2,D19-P01,A_complex_B_simple,G,184,285,8,51,76,insufficient_predicted_coverage_reserve,-9,2299,28.942307692307693,259,119.5928961748634,0.4715714285714286
53,5,coverage_v20_5,False,True,0.0327551453031841,False,True,0.004904520495521881,0.0327551453031841,0.0,False,2,D19-P01,A_complex_B_simple,G,184,285,28,69,68,insufficient_predicted_coverage_reserve,-39,2299,28.942307692307693,732,338.0,0.4715714285714286
53,6,coverage_v20_6,False,True,0.10718892510411487,False,True,0.008939067267688922,0.014115712275195537,0.09307321282891934,False,2,D19-P01,A_complex_B_simple,G,184,285,18,61,74,insufficient_predicted_coverage_reserve,-27,2299,28.942307692307693,376,173.61748633879782,0.4715714285714286
53,7,coverage_v20_7,False,True,0.16738174918824844,False,True,0.009972607118258611,0.11090363222954878,0.05647811695869964,False,2,D19-P01,A_complex_B_simple,G,184,285,33,58,62,insufficient_predicted_coverage_reserve,-27,2299,28.942307692307693,1132,522.6994535519126,0.4715714285714286
53,8,old_surface_rotation,True,True,0.18117211558178906,True,True,0.09058605779089453,0.15577216911085065,0.02539994647093841,True,2,D19-P01,A_complex_B_simple,G,184,285,2,41,80,model_budget_passed,3,2299,28.942307692307693,0,0.0,0.4715714285714286
53,9,asset_1_entry,False,True,0.2089645173354462,True,True,0.012665188222310258,0.15625561708259247,0.05270890025285372,False,2,D19-P01,A_complex_B_simple,G,184,285,24,49,69,insufficient_predicted_coverage_reserve,-16,2299,28.942307692307693,665,307.06284153005464,0.4715714285714286
53,10,asset_2_entry,False,True,0.2585706452231245,True,True,0.01493228959820956,0.15489355807905703,0.10367708714406747,False,2,D19-P01,A_complex_B_simple,G,184,285,19,44,77,insufficient_predicted_coverage_reserve,-14,2299,28.942307692307693,176,81.26775956284153,0.4715714285714286
53,11,asset_1_deep,False,True,0.20452350338261546,True,True,0.01353028911479421,0.15625561708259247,0.04826788630002298,False,2,D19-P01,A_complex_B_simple,G,184,285,22,51,70,insufficient_predicted_coverage_reserve,-17,2299,28.942307692307693,652,301.0601092896175,0.4715714285714286
53,12,asset_2_deep,False,True,0.25857064522286616,True,True,0.015761861242540184,0.15489355807905703,0.10367708714380915,False,2,D19-P01,A_complex_B_simple,G,184,285,18,45,77,insufficient_predicted_coverage_reserve,-14,2299,28.942307692307693,176,81.26775956284153,0.4715714285714286
53,13,asset_0_corner_minus,False,True,0.056807127413353725,True,True,0.005984047104254648,0.05347066654520987,0.003336460868143856,False,2,D19-P01,A_complex_B_simple,G,184,285,30,69,66,insufficient_predicted_coverage_reserve,-39,2299,28.942307692307693,859,396.64207650273227,0.4715714285714286
53,14,asset_1_corner_minus,False,True,0.1987207581854119,True,True,0.007841001254277075,0.13496346969169118,0.06375728849372071,False,2,D19-P01,A_complex_B_simple,G,184,285,35,28,71,insufficient_predicted_coverage_reserve,-8,2299,28.942307692307693,530,244.72677595628417,0.4715714285714286
53,15,asset_2_corner_minus,False,True,0.17626752285183983,True,True,0.004909295714146161,0.08365994978532515,0.0926075730665147,False,2,D19-P01,A_complex_B_simple,G,184,285,38,39,79,insufficient_predicted_coverage_reserve,-30,2299,28.942307692307693,72,33.24590163934426,0.4715714285714286
53,16,asset_3_corner_minus,False,True,0.16798884397380254,True,True,0.003513588741395032,0.08365994978532515,0.08432889418847737,False,2,D19-P01,A_complex_B_simple,G,184,285,57,20,76,insufficient_predicted_coverage_reserve,-27,2299,28.942307692307693,226,104.35519125683061,0.4715714285714286
53,17,asset_4_corner_minus,False,True,0.09421980550676222,True,True,0.006899726064943462,0.0,0.09421980550676222,False,2,D19-P01,A_complex_B_simple,G,184,285,32,73,66,insufficient_predicted_coverage_reserve,-45,2299,28.942307692307693,886,409.10928961748635,0.4715714285714286
53,18,asset_1_corner_plus,False,True,0.19906401139323726,True,True,0.0069779827398036755,0.13496346969169118,0.0641005417015461,False,2,D19-P01,A_complex_B_simple,G,184,285,49,42,64,insufficient_predicted_coverage_reserve,-29,2299,28.942307692307693,1000,461.74863387978144,0.4715714285714286
53,19,asset_2_corner_plus,False,True,0.17350329088785443,True,True,0.007407875215565364,0.08365994978532515,0.08984334110252927,False,2,D19-P01,A_complex_B_simple,G,184,285,24,25,79,insufficient_predicted_coverage_reserve,-2,2299,28.942307692307693,30,13.852459016393443,0.4715714285714286
53,20,asset_4_corner_plus,False,True,0.0898389378311868,True,True,0.005936414656104614,0.0,0.0898389378311868,False,2,D19-P01,A_complex_B_simple,G,184,285,25,68,73,insufficient_predicted_coverage_reserve,-40,2299,28.942307692307693,410,189.3169398907104,0.4715714285714286
53,21,asset_0_aperture_view,False,False,0.0,True,True,0.002103896103896104,0.0,0.0,False,2,D19-P01,A_complex_B_simple,G,184,285,33,74,72,insufficient_predicted_coverage_reserve,-53,2299,28.942307692307693,486,224.40983606557378,0.4715714285714286
53,22,asset_1_aperture_view,False,True,0.20383606337525295,True,True,0.013216474805135221,0.15620178997603826,0.04763427339921469,False,2,D19-P01,A_complex_B_simple,G,184,285,23,52,69,insufficient_predicted_coverage_reserve,-18,2299,28.942307692307693,701,323.6857923497268,0.4715714285714286
53,23,asset_2_aperture_view,False,True,0.25857064356623294,True,True,0.016689029453475886,0.15489355807905703,0.10367708548717591,False,2,D19-P01,A_complex_B_simple,G,184,285,17,46,77,insufficient_predicted_coverage_reserve,-14,2299,28.942307692307693,176,81.26775956284153,0.4715714285714286
53,24,asset_4_aperture_view,False,True,0.2101479751614881,True,True,0.008314456314906746,0.13518749588905407,0.07496047927243403,False,2,D19-P01,A_complex_B_simple,G,184,285,30,73,76,insufficient_predicted_coverage_reserve,-53,2299,28.942307692307693,275,126.98087431693989,0.4715714285714286
55,0,coverage_v20_0,False,True,0.11326439688406949,False,True,0.010582004446791351,0.08814364439080484,0.025120752493264648,False,2,D19-P01,A_complex_B_simple,G,184,296,25,66,63,insufficient_predicted_coverage_reserve,-30,2299,28.942307692307693,1059,488.99180327868856,0.4715714285714286
55,1,coverage_v20_1,False,True,0.12896422849674993,False,True,0.010501320632154759,0.08814364439080484,0.04082058410594508,False,2,D19-P01,A_complex_B_simple,G,184,296,27,64,63,insufficient_predicted_coverage_reserve,-30,2299,28.942307692307693,1082,499.61202185792354,0.4715714285714286
55,2,coverage_v20_2,False,True,0.09432420171917143,False,True,0.009150110925909715,0.0,0.09432420171917143,False,2,D19-P01,A_complex_B_simple,G,184,296,25,68,65,insufficient_predicted_coverage_reserve,-34,2299,28.942307692307693,941,434.5054644808743,0.4715714285714286
55,3,coverage_v20_3,False,True,0.11326439688406949,False,True,0.012284381948111486,0.08814364439080484,0.025120752493264648,False,2,D19-P01,A_complex_B_simple,G,184,296,16,57,71,insufficient_predicted_coverage_reserve,-20,2299,28.942307692307693,583,269.1994535519126,0.4715714285714286
55,4,coverage_v20_4,False,True,0.11326439688406949,False,True,0.018783049610508685,0.08814364439080484,0.025120752493264648,False,2,D19-P01,A_complex_B_simple,G,184,296,8,51,76,insufficient_predicted_coverage_reserve,-11,2299,28.942307692307693,259,119.5928961748634,0.4715714285714286
55,5,coverage_v20_5,False,True,0.11326439688406949,False,True,0.00824064422752949,0.08814364439080484,0.025120752493264648,False,2,D19-P01,A_complex_B_simple,G,184,296,29,68,66,insufficient_predicted_coverage_reserve,-39,2299,28.942307692307693,880,406.3387978142077,0.4715714285714286
55,6,coverage_v20_6,False,True,0.09435856725756465,False,True,0.006895133798227466,0.0,0.09435856725756465,False,2,D19-P01,A_complex_B_simple,G,184,296,32,75,66,insufficient_predicted_coverage_reserve,-49,2299,28.942307692307693,884,408.1857923497268,0.4715714285714286
55,7,coverage_v20_7,False,True,0.16381311469019222,False,True,0.009864466678923574,0.11062480397008954,0.05318831072010268,False,2,D19-P01,A_complex_B_simple,G,184,296,33,58,62,insufficient_predicted_coverage_reserve,-29,2299,28.942307692307693,1132,522.6994535519126,0.4715714285714286
55,8,old_surface_rotation,False,True,0.03504361683537761,True,True,0.017521808417688804,0.0,0.03504361683537761,False,2,D19-P01,A_complex_B_simple,G,184,296,2,43,80,insufficient_predicted_coverage_reserve,-1,2299,28.942307692307693,0,0.0,0.4715714285714286
55,9,asset_1_entry,False,True,0.20276367133958373,True,True,0.012406819639149323,0.1560249193764616,0.04673875196312214,False,2,D19-P01,A_complex_B_simple,G,184,296,24,49,69,insufficient_predicted_coverage_reserve,-18,2299,28.942307692307693,665,307.06284153005464,0.4715714285714286
55,10,asset_2_entry,False,True,0.19977926772413232,True,True,0.006459894428861034,0.14016755033745096,0.05961171738668136,False,2,D19-P01,A_complex_B_simple,G,184,296,34,45,78,insufficient_predicted_coverage_reserve,-33,2299,28.942307692307693,139,64.18306010928961,0.4715714285714286
55,11,asset_1_deep,False,True,0.20106970886446698,True,True,0.01337329845487837,0.1560249193764616,0.04504478948800539,False,2,D19-P01,A_complex_B_simple,G,184,296,22,51,70,insufficient_predicted_coverage_reserve,-19,2299,28.942307692307693,652,301.0601092896175,0.4715714285714286
55,12,asset_2_deep,False,True,0.17195611746172285,True,True,0.00539466458053902,0.12810941799565986,0.04384669946606298,False,2,D19-P01,A_complex_B_simple,G,184,296,35,46,78,insufficient_predicted_coverage_reserve,-35,2299,28.942307692307693,118,54.486338797814206,0.4715714285714286
55,13,asset_0_corner_minus,False,True,0.11326439688406949,True,True,0.008299289419945174,0.08814364439080484,0.025120752493264648,False,2,D19-P01,A_complex_B_simple,G,184,296,30,69,65,insufficient_predicted_coverage_reserve,-40,2299,28.942307692307693,950,438.6612021857924,0.4715714285714286
55,14,asset_1_corner_minus,False,True,0.19641753270952542,True,True,0.007567153686375706,0.13461665937377312,0.061800873335752286,False,2,D19-P01,A_complex_B_simple,G,184,296,36,29,71,insufficient_predicted_coverage_reserve,-12,2299,28.942307692307693,532,245.65027322404373,0.4715714285714286
55,15,asset_2_corner_minus,False,True,0.019241713877324717,True,True,0.0008746233580602144,0.0,0.019241713877324717,False,2,D19-P01,A_complex_B_simple,G,184,296,22,25,80,insufficient_predicted_coverage_reserve,-3,2299,28.942307692307693,0,0.0,0.4715714285714286
55,16,asset_3_corner_minus,False,True,0.01052353201905619,True,True,0.0007238044782685541,0.0,0.01052353201905619,False,2,D19-P01,A_complex_B_simple,G,184,296,55,20,77,insufficient_predicted_coverage_reserve,-28,2299,28.942307692307693,205,94.6584699453552,0.4715714285714286
55,17,asset_4_corner_minus,False,True,0.09439775613429806,True,True,0.007275822736339671,0.0,0.09439775613429806,False,2,D19-P01,A_complex_B_simple,G,184,296,32,73,64,insufficient_predicted_coverage_reserve,-45,2299,28.942307692307693,969,447.43442622950823,0.4715714285714286
55,18,asset_1_corner_plus,False,True,0.196596351173122,True,True,0.006927622327148263,0.13461665937377312,0.06197969179934887,False,2,D19-P01,A_complex_B_simple,G,184,296,49,42,64,insufficient_predicted_coverage_reserve,-31,2299,28.942307692307693,1000,461.74863387978144,0.4715714285714286
55,19,asset_2_corner_plus,False,True,0.024944325313836307,True,True,0.0019187942549104852,0.0,0.024944325313836307,False,2,D19-P01,A_complex_B_simple,G,184,296,13,34,80,insufficient_predicted_coverage_reserve,-3,2299,28.942307692307693,0,0.0,0.4715714285714286
55,20,asset_4_corner_plus,False,True,0.0957811230093739,True,True,0.005695597148495329,0.0,0.0957811230093739,False,2,D19-P01,A_complex_B_simple,G,184,296,27,68,73,insufficient_predicted_coverage_reserve,-44,2299,28.942307692307693,406,187.46994535519127,0.4715714285714286
55,21,asset_0_aperture_view,False,True,0.11326439688406949,True,True,0.006957356210875993,0.08814364439080484,0.025120752493264648,False,2,D19-P01,A_complex_B_simple,G,184,296,34,73,66,insufficient_predicted_coverage_reserve,-49,2299,28.942307692307693,863,398.4890710382514,0.4715714285714286
55,22,asset_1_aperture_view,False,True,0.2005888432786451,True,True,0.013075291322674012,0.15596810785853962,0.044620735420105466,False,2,D19-P01,A_complex_B_simple,G,184,296,23,52,69,insufficient_predicted_coverage_reserve,-20,2299,28.942307692307693,701,323.6857923497268,0.4715714285714286
55,23,asset_2_aperture_view,False,True,0.26523051344870247,True,True,0.009153228548178243,0.15111625979389906,0.11411425365480342,False,2,D19-P01,A_complex_B_simple,G,184,296,36,47,73,insufficient_predicted_coverage_reserve,-32,2299,28.942307692307693,450,207.78688524590166,0.4715714285714286
55,24,asset_4_aperture_view,False,True,0.2328004214408564,True,True,0.00928840602716962,0.13518749588905407,0.0976129255518023,False,2,D19-P01,A_complex_B_simple,G,184,296,32,73,73,insufficient_predicted_coverage_reserve,-54,2299,28.942307692307693,451,208.24863387978144,0.4715714285714286
80,0,coverage_v20_0,False,False,0.0,False,True,0.01042857142857143,0.0,0.0,False,2,D19-P01,A_complex_B_simple,G,184,426,6,70,83,insufficient_predicted_coverage_reserve,-60,1526,15.961538461538462,438,207.99102333931776,0.582
80,1,coverage_v20_1,False,True,0.11906855317547191,False,True,0.006320326009095116,0.08202408527368997,0.037044467901781945,False,2,D19-P01,A_complex_B_simple,G,184,426,35,33,75,insufficient_predicted_coverage_reserve,-44,1526,15.961538461538462,715,339.52872531418313,0.582
80,2,coverage_v20_2,False,False,0.0,False,True,0.006561224489795918,0.0,0.0,False,2,D19-P01,A_complex_B_simple,G,184,426,14,78,77,insufficient_predicted_coverage_reserve,-70,1526,15.961538461538462,643,305.3384201077199,0.582
80,3,coverage_v20_3,False,True,0.018153892988156155,False,True,0.00249450975217004,0.0,0.018153892988156155,False,2,D19-P01,A_complex_B_simple,G,184,426,11,65,94,insufficient_predicted_coverage_reserve,-71,1526,15.961538461538462,65,30.86624775583483,0.582
80,4,coverage_v20_4,False,True,0.009318026154903737,False,True,0.00496072233390698,0.0,0.009318026154903737,False,2,D19-P01,A_complex_B_simple,G,184,426,21,83,76,insufficient_predicted_coverage_reserve,-81,1526,15.961538461538462,664,315.310592459605,0.582
80,5,coverage_v20_5,False,True,0.11906855317547191,False,True,0.006705237334692282,0.08202408527368997,0.037044467901781945,False,2,D19-P01,A_complex_B_simple,G,184,426,24,38,87,insufficient_predicted_coverage_reserve,-50,1526,15.961538461538462,293,139.1355475763016,0.582
80,6,coverage_v20_6,False,True,0.11671262660435629,False,True,0.005336695191260184,0.07854680589677353,0.03816582070758276,False,2,D19-P01,A_complex_B_simple,G,184,426,42,28,74,insufficient_predicted_coverage_reserve,-45,1526,15.961538461538462,752,357.09874326750446,0.582
80,7,coverage_v20_7,False,True,0.1999061998983629,False,True,0.005913452595092663,0.07998515334021443,0.11992104655814845,False,2,D19-P01,A_complex_B_simple,G,184,426,44,60,84,insufficient_predicted_coverage_reserve,-89,1526,15.961538461538462,422,200.3931777378815,0.582
80,8,old_surface_rotation,False,True,0.1014243830123673,True,True,0.1014243830123673,0.07998515334021443,0.021439229672152865,False,2,D19-P01,A_complex_B_simple,G,184,426,1,61,96,insufficient_predicted_coverage_reserve,-59,1526,15.961538461538462,0,0.0,0.582
80,9,asset_1_entry,False,True,0.20333528763878508,True,True,0.01073945122910899,0.15667949866494008,0.046655788973845,False,2,D19-P01,A_complex_B_simple,G,184,426,19,47,96,insufficient_predicted_coverage_reserve,-63,1526,15.961538461538462,5,2.374326750448833,0.582
80,10,asset_2_entry,False,True,0.36536243892162024,True,True,0.007182898480511723,0.22990487777161017,0.13545756115001006,False,2,D19-P01,A_complex_B_simple,G,184,426,59,45,84,insufficient_predicted_coverage_reserve,-89,1526,15.961538461538462,409,194.21992818671455,0.582
80,11,asset_1_deep,False,True,0.2022838345208319,True,True,0.011941065896183389,0.15667949866494008,0.04560433585589183,False,2,D19-P01,A_complex_B_simple,G,184,426,17,49,96,insufficient_predicted_coverage_reserve,-63,1526,15.961538461538462,5,2.374326750448833,0.582
80,12,asset_0_corner_minus,False,True,0.018153892988175113,True,True,0.0019054976277831028,0.0,0.018153892988175113,False,2,D19-P01,A_complex_B_simple,G,184,426,15,67,94,insufficient_predicted_coverage_reserve,-77,1526,15.961538461538462,73,34.665170556552965,0.582
80,13,asset_1_corner_minus,False,True,0.1302247783164625,True,True,0.004249318332877365,0.08202408527368997,0.048200693042772545,False,2,D19-P01,A_complex_B_simple,G,184,426,37,29,90,insufficient_predicted_coverage_reserve,-57,1526,15.961538461538462,189,89.74955116696589,0.582
80,14,asset_2_corner_minus,False,True,0.2016858205141375,True,True,0.0041976698064109695,0.07998515334021443,0.12170066717392307,False,2,D19-P01,A_complex_B_simple,G,184,426,49,25,95,insufficient_predicted_coverage_reserve,-70,1526,15.961538461538462,28,13.296229802513466,0.582
80,15,asset_3_corner_minus,False,True,0.12029281302464961,True,True,0.0030750887342366915,0.08202408527368997,0.038268727750959644,False,2,D19-P01,A_complex_B_simple,G,184,426,80,20,70,insufficient_predicted_coverage_reserve,-71,1526,15.961538461538462,880,417.8815080789946,0.582
80,16,asset_0_corner_plus,False,True,0.015560487816961769,True,True,0.005610503291418511,0.0,0.015560487816961769,False,2,D19-P01,A_complex_B_simple,G,184,426,18,80,78,insufficient_predicted_coverage_reserve,-77,1526,15.961538461538462,598,283.9694793536804,0.582
80,17,asset_1_corner_plus,False,True,0.12546371346182816,True,True,0.005909977109901698,0.08202408527368997,0.04343962818813819,False,2,D19-P01,A_complex_B_simple,G,184,426,25,41,91,insufficient_predicted_coverage_reserve,-58,1526,15.961538461538462,156,74.07899461400359,0.582
80,18,asset_2_corner_plus,False,True,0.19336338584679955,True,True,0.004934084646169989,0.07998515334021443,0.11337823250658512,False,2,D19-P01,A_complex_B_simple,G,184,426,40,34,95,insufficient_predicted_coverage_reserve,-70,1526,15.961538461538462,28,13.296229802513466,0.582
80,19,asset_0_aperture_view,False,True,0.09437395824454209,True,True,0.00418316247466558,0.06206098100090973,0.03231297724363235,False,2,D19-P01,A_complex_B_simple,G,184,426,27,73,92,insufficient_predicted_coverage_reserve,-93,1526,15.961538461538462,130,61.73249551166966,0.582
80,20,asset_1_aperture_view,False,True,0.19833582130643335,True,True,0.01243170311736637,0.15656555019808285,0.0417702711083505,False,2,D19-P01,A_complex_B_simple,G,184,426,16,50,96,insufficient_predicted_coverage_reserve,-63,1526,15.961538461538462,4,1.8994614003590664,0.582
80,21,asset_2_aperture_view,False,True,0.36186586278928035,True,True,0.008358778540889103,0.23193568565439573,0.1299301771348846,False,2,D19-P01,A_complex_B_simple,G,184,426,49,51,86,insufficient_predicted_coverage_reserve,-87,1526,15.961538461538462,334,158.60502692998205,0.582
80,22,asset_4_aperture_view,False,True,0.17736237279032668,True,True,0.00440170352232472,0.09345375199594856,0.08390862079437812,False,2,D19-P01,A_complex_B_simple,G,184,426,45,59,92,insufficient_predicted_coverage_reserve,-97,1526,15.961538461538462,145,68.85547576301616,0.582
86,0,coverage_v20_0,False,False,0.0,False,True,0.003346938775510204,0.0,0.0,False,2,D19-P01,A_complex_B_simple,G,184,458,14,84,52,insufficient_predicted_coverage_reserve,-57,1111,18.403846153846153,328,156.53333333333333,0.6412857142857142
86,1,coverage_v20_1,False,True,0.14869334033182108,False,True,0.006127268354596795,0.10938475003232488,0.03930859029949618,False,2,D19-P01,A_complex_B_simple,G,184,458,38,36,46,insufficient_predicted_coverage_reserve,-27,1111,18.403846153846153,589,281.09186991869916,0.6412857142857142
86,2,coverage_v20_2,False,True,0.15848546800224605,False,True,0.0054520083370539285,0.10938475003232488,0.04910071796992116,False,2,D19-P01,A_complex_B_simple,G,184,458,39,33,51,insufficient_predicted_coverage_reserve,-30,1111,18.403846153846153,379,180.87235772357724,0.6412857142857142
86,3,coverage_v20_3,False,False,0.0,False,True,0.0022448979591836735,0.0,0.0,False,2,D19-P01,A_complex_B_simple,G,184,458,14,84,55,insufficient_predicted_coverage_reserve,-60,1111,18.403846153846153,220,104.99186991869918,0.6412857142857142
86,4,coverage_v20_4,False,False,0.0,False,True,0.0018857142857142857,0.0,0.0,False,2,D19-P01,A_complex_B_simple,G,184,458,5,75,59,insufficient_predicted_coverage_reserve,-46,1111,18.403846153846153,66,31.497560975609755,0.6412857142857142
86,5,coverage_v20_5,False,True,0.14869334033182108,False,True,0.004898373161674844,0.10938475003232488,0.03930859029949618,False,2,D19-P01,A_complex_B_simple,G,184,458,48,28,45,insufficient_predicted_coverage_reserve,-28,1111,18.403846153846153,605,288.7276422764228,0.6412857142857142
86,6,coverage_v20_6,False,True,0.015560487816961769,False,True,0.002094326365699195,0.0,0.015560487816961769,False,2,D19-P01,A_complex_B_simple,G,184,458,12,80,59,insufficient_predicted_coverage_reserve,-58,1111,18.403846153846153,67,31.97479674796748,0.6412857142857142
86,7,coverage_v20_7,False,True,0.23024837853602056,False,True,0.006055610132066924,0.10938475003232488,0.12086362850369568,False,2,D19-P01,A_complex_B_simple,G,184,458,43,55,55,insufficient_predicted_coverage_reserve,-60,1111,18.403846153846153,211,100.69674796747968,0.6412857142857142
86,8,old_surface_rotation,False,True,0.009879403888469073,True,True,0.009879403888469073,0.0,0.009879403888469073,False,2,D19-P01,A_complex_B_simple,G,184,458,1,69,61,insufficient_predicted_coverage_reserve,-38,1111,18.403846153846153,0,0.0,0.6412857142857142
86,9,asset_2_entry,False,True,0.19518780405166458,True,True,0.007807512162066583,0.15667949866494008,0.03850830538672451,False,2,D19-P01,A_complex_B_simple,G,184,458,25,47,61,insufficient_predicted_coverage_reserve,-40,1111,18.403846153846153,0,0.0,0.6412857142857142
86,10,asset_2_deep,False,True,0.1917368157879521,True,True,0.008336383295128352,0.15667949866494008,0.035057317123012015,False,2,D19-P01,A_complex_B_simple,G,184,458,23,49,61,insufficient_predicted_coverage_reserve,-40,1111,18.403846153846153,0,0.0,0.6412857142857142
86,11,asset_1_corner_minus,False,True,0.03493536630003642,True,True,0.0019288949938792855,0.016781473191884336,0.01815389310815209,False,2,D19-P01,A_complex_B_simple,G,184,458,21,67,60,insufficient_predicted_coverage_reserve,-55,1111,18.403846153846153,39,18.61219512195122,0.6412857142857142
86,12,asset_2_corner_minus,False,True,0.16018171632294737,True,True,0.0036707048071766084,0.11167943660166035,0.048502279721287005,False,2,D19-P01,A_complex_B_simple,G,184,458,45,29,60,insufficient_predicted_coverage_reserve,-41,1111,18.403846153846153,35,16.703252032520325,0.6412857142857142
86,13,asset_3_corner_minus,False,True,0.23202799915179517,True,True,0.004291418166396276,0.10938475003232488,0.12264324911947029,False,2,D19-P01,A_complex_B_simple,G,184,458,55,25,60,insufficient_predicted_coverage_reserve,-47,1111,18.403846153846153,28,13.36260162601626,0.6412857142857142
86,14,asset_0_corner_plus,False,False,0.0,True,True,0.0009047619047619047,0.0,0.0,False,2,D19-P01,A_complex_B_simple,G,184,458,15,83,58,insufficient_predicted_coverage_reserve,-63,1111,18.403846153846153,95,45.33739837398374,0.6412857142857142
86,15,asset_1_corner_plus,False,True,0.015560487816961769,True,True,0.002094326365699195,0.0,0.015560487816961769,False,2,D19-P01,A_complex_B_simple,G,184,458,12,80,59,insufficient_predicted_coverage_reserve,-58,1111,18.403846153846153,67,31.97479674796748,0.6412857142857142
86,16,asset_2_corner_plus,False,True,0.15391198225817543,True,True,0.005317679116048606,0.10938475003232488,0.04452723222585056,False,2,D19-P01,A_complex_B_simple,G,184,458,33,41,57,insufficient_predicted_coverage_reserve,-38,1111,18.403846153846153,151,72.06260162601626,0.6412857142857142
86,17,asset_3_corner_plus,False,True,0.22370556448445722,True,True,0.004950120967053418,0.10938475003232488,0.11432081445213234,False,2,D19-P01,A_complex_B_simple,G,184,458,46,34,60,insufficient_predicted_coverage_reserve,-47,1111,18.403846153846153,28,13.36260162601626,0.6412857142857142
86,18,asset_0_aperture_view,False,False,0.0,True,True,0.003123809523809524,0.0,0.0,False,2,D19-P01,A_complex_B_simple,G,184,458,15,83,52,insufficient_predicted_coverage_reserve,-57,1111,18.403846153846153,328,156.53333333333333,0.6412857142857142
86,19,asset_2_aperture_view,False,True,0.19281963955830225,True,True,0.00876452907083192,0.15656555019808285,0.03625408936021939,False,2,D19-P01,A_complex_B_simple,G,184,458,22,50,61,insufficient_predicted_coverage_reserve,-40,1111,18.403846153846153,0,0.0,0.6412857142857142
100,0,coverage_v20_0,False,False,0.0,False,True,0.006285714285714286,0.0,0.0,False,2,D19-P01,A_complex_B_simple,G,184,531,1,57,38,insufficient_predicted_coverage_reserve,-17,720,18.4,44,21.08701472556894,0.6971428571428572
100,1,coverage_v20_1,False,False,0.0,False,True,0.0021688311688311686,0.0,0.0,False,2,D19-P01,A_complex_B_simple,G,184,531,22,54,31,insufficient_predicted_coverage_reserve,-28,720,18.4,334,160.06961178045515,0.6971428571428572
100,2,coverage_v20_2,False,False,0.0,False,True,0.003384615384615385,0.0,0.0,False,2,D19-P01,A_complex_B_simple,G,184,531,13,45,32,insufficient_predicted_coverage_reserve,-11,720,18.4,308,147.6091030789826,0.6971428571428572
100,3,coverage_v20_3,False,False,0.0,False,True,0.0019142857142857143,0.0,0.0,False,2,D19-P01,A_complex_B_simple,G,184,531,25,43,31,insufficient_predicted_coverage_reserve,-20,720,18.4,335,160.54886211512718,0.6971428571428572
100,4,coverage_v20_4,False,True,0.014139451285914059,False,True,0.002491292337150848,0.0,0.014139451285914059,False,2,D19-P01,A_complex_B_simple,G,184,531,25,33,31,insufficient_predicted_coverage_reserve,-10,720,18.4,337,161.5073627844712,0.6971428571428572
100,5,coverage_v20_5,False,False,0.0,False,True,0.002285714285714286,0.0,0.0,False,2,D19-P01,A_complex_B_simple,G,184,531,14,62,34,insufficient_predicted_coverage_reserve,-31,720,18.4,224,107.3520749665328,0.6971428571428572
100,6,coverage_v20_6,False,False,0.0,False,True,0.0014502164502164503,0.0,0.0,False,2,D19-P01,A_complex_B_simple,G,184,531,33,51,31,insufficient_predicted_coverage_reserve,-36,720,18.4,335,160.54886211512718,0.6971428571428572
100,7,coverage_v20_7,False,True,0.005651418316308569,False,True,0.0014942854294212697,0.0,0.005651418316308569,False,2,D19-P01,A_complex_B_simple,G,184,531,36,28,31,insufficient_predicted_coverage_reserve,-16,720,18.4,337,161.5073627844712,0.6971428571428572
100,8,old_surface_rotation,False,False,0.0,True,False,0.0,0.0,0.0,False,2,D19-P01,A_complex_B_simple,G,184,531,1,59,40,insufficient_predicted_coverage_reserve,-21,720,18.4,0,0.0,0.6971428571428572
100,9,asset_1_entry,False,False,0.0,True,True,0.0020408163265306124,0.0,0.0,False,2,D19-P01,A_complex_B_simple,G,184,531,14,64,34,insufficient_predicted_coverage_reserve,-33,720,18.4,200,95.85006693440428,0.6971428571428572
100,10,asset_1_deep,False,False,0.0,True,True,0.0021333333333333334,0.0,0.0,False,2,D19-P01,A_complex_B_simple,G,184,531,15,63,34,insufficient_predicted_coverage_reserve,-33,720,18.4,224,107.3520749665328,0.6971428571428572
100,11,asset_3_corner_minus,False,True,0.0378224028430677,True,True,0.0015350939283200863,0.0,0.0378224028430677,False,2,D19-P01,A_complex_B_simple,G,184,531,56,28,31,insufficient_predicted_coverage_reserve,-36,720,18.4,337,161.5073627844712,0.6971428571428572
100,12,asset_1_corner_plus,False,True,0.015110380762069104,True,True,0.0016681809333497675,0.0,0.015110380762069104,False,2,D19-P01,A_complex_B_simple,G,184,531,10,66,39,insufficient_predicted_coverage_reserve,-36,720,18.4,11,5.271753681392235,0.6971428571428572
100,13,asset_3_corner_plus,False,True,0.03782266601691855,True,True,0.001953761889994902,0.0,0.03782266601691855,False,2,D19-P01,A_complex_B_simple,G,184,531,44,40,31,insufficient_predicted_coverage_reserve,-36,720,18.4,337,161.5073627844712,0.6971428571428572
100,14,asset_1_aperture_view,False,False,0.0,True,True,0.0022410714285714286,0.0,0.0,False,2,D19-P01,A_complex_B_simple,G,184,531,16,62,33,insufficient_predicted_coverage_reserve,-32,720,18.4,251,120.29183400267738,0.6971428571428572
100,15,asset_3_aperture_view,False,True,0.00583272762859232,True,True,0.0009721212714320533,0.0,0.00583272762859232,False,2,D19-P01,A_complex_B_simple,G,184,531,6,62,40,insufficient_predicted_coverage_reserve,-29,720,18.4,0,0.0,0.6971428571428572
101,0,coverage_v20_0,False,False,0.0,False,True,0.0035714285714285713,0.0,0.0,False,2,D19-P01,A_complex_B_simple,G,184,537,5,50,30,insufficient_predicted_coverage_reserve,-7,656,20.153846153846153,125,59.971554993678886,0.7062857142857143
101,1,coverage_v20_1,False,False,0.0,False,True,0.0019214285714285713,0.0,0.0,False,2,D19-P01,A_complex_B_simple,G,184,537,20,55,27,insufficient_predicted_coverage_reserve,-24,656,20.153846153846153,269,129.05878634639697,0.7062857142857143
101,2,coverage_v20_2,False,False,0.0,False,True,0.0016645962732919255,0.0,0.0,False,2,D19-P01,A_complex_B_simple,G,184,537,23,40,27,insufficient_predicted_coverage_reserve,-12,656,20.153846153846153,268,128.57901390644753,0.7062857142857143
101,3,coverage_v20_3,False,True,0.0012416625876430674,False,True,0.0014321001944566402,0.0,0.0012416625876430674,False,2,D19-P01,A_complex_B_simple,G,184,537,28,29,27,insufficient_predicted_coverage_reserve,-6,656,20.153846153846153,272,130.49810366624524,0.7062857142857143
101,4,coverage_v20_4,False,True,0.038068425640679256,False,True,0.00256418561659407,0.0,0.038068425640679256,False,2,D19-P01,A_complex_B_simple,G,184,537,30,37,27,insufficient_predicted_coverage_reserve,-16,656,20.153846153846153,272,130.49810366624524,0.7062857142857143
101,5,coverage_v20_5,False,False,0.0,False,True,0.0012442396313364055,0.0,0.0,False,2,D19-P01,A_complex_B_simple,G,184,537,31,50,27,insufficient_predicted_coverage_reserve,-30,656,20.153846153846153,270,129.53855878634639,0.7062857142857143
101,6,coverage_v20_6,False,True,0.0012416625876430674,False,True,0.0009780196449947786,0.0,0.0012416625876430674,False,2,D19-P01,A_complex_B_simple,G,184,537,41,26,27,insufficient_predicted_coverage_reserve,-16,656,20.153846153846153,272,130.49810366624524,0.7062857142857143
101,7,coverage_v20_7,False,True,0.037163528104545235,False,True,0.002111685304491336,0.0,0.037163528104545235,False,2,D19-P01,A_complex_B_simple,G,184,537,36,27,27,insufficient_predicted_coverage_reserve,-12,656,20.153846153846153,272,130.49810366624524,0.7062857142857143
101,8,old_surface_rotation,False,False,0.0,True,False,0.0,0.0,0.0,False,2,D19-P01,A_complex_B_simple,G,184,537,1,56,33,insufficient_predicted_coverage_reserve,-12,656,20.153846153846153,0,0.0,0.7062857142857143
101,9,asset_1_entry,False,False,0.0,True,True,0.0014945054945054944,0.0,0.0,False,2,D19-P01,A_complex_B_simple,G,184,537,13,62,30,insufficient_predicted_coverage_reserve,-27,656,20.153846153846153,136,65.24905183312262,0.7062857142857143
101,10,asset_1_deep,False,False,0.0,True,True,0.0016326530612244899,0.0,0.0,False,2,D19-P01,A_complex_B_simple,G,184,537,14,61,29,insufficient_predicted_coverage_reserve,-26,656,20.153846153846153,160,76.76359039190898,0.7062857142857143
101,11,asset_3_corner_minus,False,True,0.0378224028430677,True,True,0.0013941735581856464,0.0,0.0378224028430677,False,2,D19-P01,A_complex_B_simple,G,184,537,55,28,27,insufficient_predicted_coverage_reserve,-32,656,20.153846153846153,272,130.49810366624524,0.7062857142857143
101,12,asset_1_corner_plus,False,True,0.013749338453411336,True,True,0.0013018879113490826,0.0,0.013749338453411336,False,2,D19-P01,A_complex_B_simple,G,184,537,11,64,33,insufficient_predicted_coverage_reserve,-30,656,20.153846153846153,4,1.9190897597977243,0.7062857142857143
101,13,asset_3_corner_plus,False,True,0.03782266601691855,True,True,0.0017832513691642187,0.0,0.03782266601691855,False,2,D19-P01,A_complex_B_simple,G,184,537,43,40,27,insufficient_predicted_coverage_reserve,-32,656,20.153846153846153,272,130.49810366624524,0.7062857142857143
101,14,asset_1_aperture_view,False,False,0.0,True,True,0.0017619047619047618,0.0,0.0,False,2,D19-P01,A_complex_B_simple,G,184,537,15,60,29,insufficient_predicted_coverage_reserve,-26,656,20.153846153846153,185,88.75790139064475,0.7062857142857143
101,15,asset_3_aperture_view,False,True,0.0061555344456677595,True,True,0.0008793620636668228,0.0,0.0061555344456677595,False,2,D19-P01,A_complex_B_simple,G,184,537,7,60,33,insufficient_predicted_coverage_reserve,-22,656,20.153846153846153,0,0.0,0.7062857142857143
106,0,coverage_v20_0,False,False,0.0,False,True,0.0027142857142857142,0.0,0.0,False,2,D19-P01,A_complex_B_simple,G,184,563,3,47,25,insufficient_predicted_coverage_reserve,-2,511,19.51923076923077,57,27.26377491207503,0.727
106,1,coverage_v20_1,False,True,0.006809840778933738,False,True,0.000877444696610155,0.0,0.006809840778933738,False,2,D19-P01,A_complex_B_simple,G,184,563,61,17,19,insufficient_predicted_coverage_reserve,-24,511,19.51923076923077,327,156.40797186400937,0.727
106,2,coverage_v20_2,False,False,0.0,False,True,0.0011666666666666668,0.0,0.0,False,2,D19-P01,A_complex_B_simple,G,184,563,12,56,24,insufficient_predicted_coverage_reserve,-19,511,19.51923076923077,98,46.874560375146544,0.727
106,3,coverage_v20_3,False,False,0.0,False,True,0.0007402597402597403,0.0,0.0,False,2,D19-P01,A_complex_B_simple,G,184,563,22,44,24,insufficient_predicted_coverage_reserve,-17,511,19.51923076923077,114,54.52754982415006,0.727
106,4,coverage_v20_4,False,True,0.014727725112814824,False,True,0.002029467388473369,0.0,0.014727725112814824,False,2,D19-P01,A_complex_B_simple,G,184,563,15,37,24,insufficient_predicted_coverage_reserve,-3,511,19.51923076923077,110,52.61430246189918,0.727
106,5,coverage_v20_5,False,False,0.0,False,True,0.0007755102040816326,0.0,0.0,False,2,D19-P01,A_complex_B_simple,G,184,563,21,33,24,insufficient_predicted_coverage_reserve,-5,511,19.51923076923077,114,54.52754982415006,0.727
106,6,coverage_v20_6,False,False,0.0,False,True,0.0005299539170506912,0.0,0.0,False,2,D19-P01,A_complex_B_simple,G,184,563,31,43,24,insufficient_predicted_coverage_reserve,-25,511,19.51923076923077,115,55.005861664712775,0.727
106,7,coverage_v20_7,False,True,0.028002925103263906,False,True,0.0010291546976794904,0.0,0.028002925103263906,False,2,D19-P01,A_complex_B_simple,G,184,563,54,18,22,insufficient_predicted_coverage_reserve,-21,511,19.51923076923077,193,92.31418522860493,0.727
106,8,old_surface_rotation,False,False,0.0,True,False,0.0,0.0,0.0,False,2,D19-P01,A_complex_B_simple,G,184,563,2,52,27,insufficient_predicted_coverage_reserve,-8,511,19.51923076923077,0,0.0,0.727
106,9,asset_1_entry,False,False,0.0,True,True,0.00045238095238095237,0.0,0.0,False,2,D19-P01,A_complex_B_simple,G,184,563,12,62,26,insufficient_predicted_coverage_reserve,-27,511,19.51923076923077,38,18.17584994138335,0.727
106,10,asset_1_deep,False,False,0.0,True,True,0.0004935064935064935,0.0,0.0,False,2,D19-P01,A_complex_B_simple,G,184,563,11,61,26,insufficient_predicted_coverage_reserve,-25,511,19.51923076923077,38,18.17584994138335,0.727
106,11,asset_3_corner_minus,False,True,0.0378224028430677,True,True,0.0010850194854327825,0.0,0.0378224028430677,False,2,D19-P01,A_complex_B_simple,G,184,563,50,28,24,insufficient_predicted_coverage_reserve,-29,511,19.51923076923077,115,55.005861664712775,0.727
106,12,asset_1_corner_plus,False,True,0.010093522471413196,True,True,0.0006729014980942131,0.0,0.010093522471413196,False,2,D19-P01,A_complex_B_simple,G,184,563,15,63,27,insufficient_predicted_coverage_reserve,-32,511,19.51923076923077,0,0.0,0.727
106,13,asset_3_corner_plus,False,True,0.03782266601691855,True,True,0.0014276641433023677,0.0,0.03782266601691855,False,2,D19-P01,A_complex_B_simple,G,184,563,38,40,24,insufficient_predicted_coverage_reserve,-29,511,19.51923076923077,115,55.005861664712775,0.727
106,14,asset_1_aperture_view,False,False,0.0,True,True,0.0005428571428571429,0.0,0.0,False,2,D19-P01,A_complex_B_simple,G,184,563,10,60,26,insufficient_predicted_coverage_reserve,-23,511,19.51923076923077,38,18.17584994138335,0.727
106,15,asset_3_aperture_view,False,True,0.006386897127643183,True,True,0.0005322414273035986,0.0,0.006386897127643183,False,2,D19-P01,A_complex_B_simple,G,184,563,12,60,27,insufficient_predicted_coverage_reserve,-26,511,19.51923076923077,0,0.0,0.727
109,0,coverage_v20_0,True,False,0.0,False,True,0.0006428571428571428,0.0,0.0,True,2,D19-P01,A_complex_B_simple,G,184,579,2,45,22,model_budget_passed,1,417,19.120689655172413,9,4.310364464692483,0.7404285714285714
109,1,coverage_v20_1,False,True,0.006809840778933738,False,True,0.0007011548902771827,0.0,0.006809840778933738,False,2,D19-P01,A_complex_B_simple,G,184,579,58,17,16,insufficient_predicted_coverage_reserve,-21,417,19.120689655172413,237,113.50626423690206,0.7404285714285714
109,2,coverage_v20_2,False,True,0.028002925103263906,False,True,0.0008375923689715613,0.0,0.028002925103263906,False,2,D19-P01,A_complex_B_simple,G,184,579,51,18,20,insufficient_predicted_coverage_reserve,-19,417,19.120689655172413,103,49.329726651480634,0.7404285714285714
109,3,coverage_v20_3,False,False,0.0,False,True,0.0003015873015873016,0.0,0.0,False,2,D19-P01,A_complex_B_simple,G,184,579,9,56,22,insufficient_predicted_coverage_reserve,-17,417,19.120689655172413,19,9.099658314350798,0.7404285714285714
109,4,coverage_v20_4,True,False,0.0,False,True,0.0003,0.0,0.0,True,2,D19-P01,A_complex_B_simple,G,184,579,10,37,22,model_budget_passed,1,417,19.120689655172413,21,10.05751708428246,0.7404285714285714
109,5,coverage_v20_5,False,False,0.0,False,True,0.00014285714285714287,0.0,0.0,False,2,D19-P01,A_complex_B_simple,G,184,579,22,45,22,insufficient_predicted_coverage_reserve,-19,417,19.120689655172413,22,10.536446469248292,0.7404285714285714
109,6,coverage_v20_6,False,True,0.037443729165735094,False,True,0.0016406063094865466,0.0,0.037443729165735094,False,2,D19-P01,A_complex_B_simple,G,184,579,25,32,22,insufficient_predicted_coverage_reserve,-9,417,19.120689655172413,25,11.973234624145785,0.7404285714285714
109,7,coverage_v20_7,False,False,0.0,False,True,0.00018796992481203009,0.0,0.0,False,2,D19-P01,A_complex_B_simple,G,184,579,19,34,22,insufficient_predicted_coverage_reserve,-5,417,19.120689655172413,25,11.973234624145785,0.7404285714285714
109,8,old_surface_rotation,False,False,0.0,True,False,0.0,0.0,0.0,False,2,D19-P01,A_complex_B_simple,G,184,579,2,49,22,insufficient_predicted_coverage_reserve,-3,417,19.120689655172413,0,0.0,0.7404285714285714
109,9,asset_0_entry,False,False,0.0,True,True,0.0001836734693877551,0.0,0.0,False,2,D19-P01,A_complex_B_simple,G,184,579,14,61,22,insufficient_predicted_coverage_reserve,-27,417,19.120689655172413,18,8.620728929384965,0.7404285714285714
109,10,asset_0_deep,False,False,0.0,True,True,0.00019387755102040816,0.0,0.0,False,2,D19-P01,A_complex_B_simple,G,184,579,14,61,22,insufficient_predicted_coverage_reserve,-27,417,19.120689655172413,19,9.099658314350798,0.7404285714285714
109,11,asset_2_corner_minus,False,True,0.0378224028430677,True,True,0.0008807198173297079,0.0,0.0378224028430677,False,2,D19-P01,A_complex_B_simple,G,184,579,47,28,22,insufficient_predicted_coverage_reserve,-27,417,19.120689655172413,25,11.973234624145785,0.7404285714285714
109,12,asset_2_corner_plus,False,True,0.03782266601691855,True,True,0.0011826884168099176,0.0,0.03782266601691855,False,2,D19-P01,A_complex_B_simple,G,184,579,35,40,22,insufficient_predicted_coverage_reserve,-27,417,19.120689655172413,25,11.973234624145785,0.7404285714285714
109,13,asset_0_aperture_view,False,False,0.0,True,True,0.0002087912087912088,0.0,0.0,False,2,D19-P01,A_complex_B_simple,G,184,579,13,60,22,insufficient_predicted_coverage_reserve,-25,417,19.120689655172413,19,9.099658314350798,0.7404285714285714
109,14,asset_2_aperture_view,False,True,0.006386897127643183,True,True,0.0004257931418428789,0.0,0.006386897127643183,False,2,D19-P01,A_complex_B_simple,G,184,579,15,60,22,insufficient_predicted_coverage_reserve,-27,417,19.120689655172413,0,0.0,0.7404285714285714
111,0,coverage_v20_0,False,True,0.009197587676188158,False,True,0.0007490470486579665,0.0,0.009197587676188158,False,2,D19-P01,A_complex_B_simple,G,184,590,55,18,22,insufficient_predicted_coverage_reserve,-27,405,13.98076923076923,224,107.31221719457014,0.7421428571428571
111,1,coverage_v20_1,False,True,0.006809840778933738,False,True,0.0006955838914605515,0.0,0.006809840778933738,False,2,D19-P01,A_complex_B_simple,G,184,590,56,17,22,insufficient_predicted_coverage_reserve,-27,405,13.98076923076923,225,107.79128959276018,0.7421428571428571
111,2,coverage_v20_2,False,True,0.02238642208789729,False,True,0.0007328082942054579,0.0,0.02238642208789729,False,2,D19-P01,A_complex_B_simple,G,184,590,44,15,27,insufficient_predicted_coverage_reserve,-18,405,13.98076923076923,69,33.05599547511312,0.7421428571428571
111,3,coverage_v20_3,False,True,0.03076099114731501,False,True,0.0007039970252974931,0.0,0.03076099114731501,False,2,D19-P01,A_complex_B_simple,G,184,590,51,22,28,insufficient_predicted_coverage_reserve,-33,405,13.98076923076923,36,17.24660633484163,0.7421428571428571
111,4,coverage_v20_4,False,False,0.0,False,True,0.0003333333333333333,0.0,0.0,False,2,D19-P01,A_complex_B_simple,G,184,590,3,42,29,insufficient_predicted_coverage_reserve,-6,405,13.98076923076923,7,3.353506787330317,0.7421428571428571
111,5,coverage_v20_5,False,False,0.0,False,True,0.00012698412698412698,0.0,0.0,False,2,D19-P01,A_complex_B_simple,G,184,590,9,54,29,insufficient_predicted_coverage_reserve,-24,405,13.98076923076923,8,3.832579185520362,0.7421428571428571
111,6,coverage_v20_6,False,False,0.0,False,True,0.00014285714285714287,0.0,0.0,False,2,D19-P01,A_complex_B_simple,G,184,590,11,34,29,insufficient_predicted_coverage_reserve,-6,405,13.98076923076923,11,5.269796380090498,0.7421428571428571
111,7,coverage_v20_7,False,True,0.0374134959953317,False,True,0.0018700304215464073,0.0,0.0374134959953317,False,2,D19-P01,A_complex_B_simple,G,184,590,21,32,29,insufficient_predicted_coverage_reserve,-14,405,13.98076923076923,13,6.227941176470589,0.7421428571428571
111,8,old_surface_rotation,False,False,0.0,True,False,0.0,0.0,0.0,False,2,D19-P01,A_complex_B_simple,G,184,590,2,47,29,insufficient_predicted_coverage_reserve,-10,405,13.98076923076923,0,0.0,0.7421428571428571
111,9,asset_2_corner_minus,False,True,0.03782199859265541,True,True,0.0009017986693135972,0.0,0.03782199859265541,False,2,D19-P01,A_complex_B_simple,G,184,590,44,29,29,insufficient_predicted_coverage_reserve,-34,405,13.98076923076923,13,6.227941176470589,0.7421428571428571
111,10,asset_2_corner_plus,False,True,0.037951231826318835,True,True,0.0012440117088581778,0.0,0.037951231826318835,False,2,D19-P01,A_complex_B_simple,G,184,590,32,41,29,insufficient_predicted_coverage_reserve,-34,405,13.98076923076923,13,6.227941176470589,0.7421428571428571
111,11,asset_0_aperture_view,False,False,0.0,True,True,8.163265306122449e-05,0.0,0.0,False,2,D19-P01,A_complex_B_simple,G,184,590,14,59,29,insufficient_predicted_coverage_reserve,-34,405,13.98076923076923,8,3.832579185520362,0.7421428571428571
0,0,coverage_v20_0,False,True,0.19271667560450648,False,True,0.013071513924650741,0.0,0.19271667560450648,False,3,D19-P01,A_simple_B_complex,G,184,5,28,30,,coverage_rate_unavailable,,4191,,1213,303.25,0.2012857142857143
0,1,coverage_v20_1,False,True,0.19275846815135286,False,True,0.012725661463347143,0.0,0.19275846815135286,False,3,D19-P01,A_simple_B_complex,G,184,5,29,31,,coverage_rate_unavailable,,4191,,1234,308.5,0.2012857142857143
0,2,coverage_v20_2,False,True,0.20574402347339468,False,True,0.012958773356157475,0.0,0.20574402347339468,False,3,D19-P01,A_simple_B_complex,G,184,5,27,29,,coverage_rate_unavailable,,4191,,1009,252.25,0.2012857142857143
0,3,coverage_v20_3,False,True,0.16007150540629658,False,True,0.05607145418305125,0.0,0.16007150540629658,False,3,D19-P01,A_simple_B_complex,G,184,5,3,7,,coverage_rate_unavailable,,4191,,57,14.25,0.2012857142857143
0,4,coverage_v20_4,False,True,0.16007150540629658,False,True,0.010466839478796307,0.0,0.16007150540629658,False,3,D19-P01,A_simple_B_complex,G,184,5,28,30,,coverage_rate_unavailable,,4191,,931,232.75,0.2012857142857143
0,5,coverage_v20_5,False,True,0.08608334217510204,False,True,0.009060185676394557,0.0,0.08608334217510204,False,3,D19-P01,A_simple_B_complex,G,184,5,18,20,,coverage_rate_unavailable,,4191,,539,134.75,0.2012857142857143
0,6,coverage_v20_6,False,False,0.0,False,True,0.004365714285714286,0.0,0.0,False,3,D19-P01,A_simple_B_complex,G,184,5,25,27,,coverage_rate_unavailable,,4191,,764,191.0,0.2012857142857143
0,7,coverage_v20_7,False,True,0.08608334217510204,False,True,0.00893320154941043,0.0,0.08608334217510204,False,3,D19-P01,A_simple_B_complex,G,184,5,18,20,,coverage_rate_unavailable,,4191,,523,130.75,0.2012857142857143
0,8,asset_1_entry,False,True,0.20377009620924513,True,True,0.013409933381890829,0.0,0.20377009620924513,False,3,D19-P01,A_simple_B_complex,G,184,5,20,20,,coverage_rate_unavailable,,4191,,451,112.75,0.2012857142857143
0,9,asset_1_deep,False,True,0.2034803518088456,True,True,0.01304328205892462,0.0,0.2034803518088456,False,3,D19-P01,A_simple_B_complex,G,184,5,21,21,,coverage_rate_unavailable,,4191,,493,123.25,0.2012857142857143
0,10,asset_0_corner_minus,False,True,0.203325391368137,True,True,0.011313638833740524,0.0,0.203325391368137,False,3,D19-P01,A_simple_B_complex,G,184,5,27,29,,coverage_rate_unavailable,,4191,,715,178.75,0.2012857142857143
0,11,asset_1_corner_minus,False,True,0.1920329373621689,True,True,0.022317579450502605,0.0,0.1920329373621689,False,3,D19-P01,A_simple_B_complex,G,184,5,10,12,,coverage_rate_unavailable,,4191,,218,54.5,0.2012857142857143
0,12,asset_2_corner_minus,False,True,0.1923957432577543,True,True,0.009296707153985239,0.0,0.1923957432577543,False,3,D19-P01,A_simple_B_complex,G,184,5,36,38,,coverage_rate_unavailable,,4191,,996,249.0,0.2012857142857143
0,13,asset_1_corner_plus,False,True,0.20504048953600665,True,True,0.01901410359068183,0.0,0.20504048953600665,False,3,D19-P01,A_simple_B_complex,G,184,5,13,13,,coverage_rate_unavailable,,4191,,295,73.75,0.2012857142857143
0,14,asset_2_corner_plus,False,True,0.19254005281247386,True,True,0.011495887826784668,0.0,0.19254005281247386,False,3,D19-P01,A_simple_B_complex,G,184,5,25,27,,coverage_rate_unavailable,,4191,,664,166.0,0.2012857142857143
0,15,asset_0_aperture_view,False,True,0.35312743325618723,True,True,0.016916553146512952,0.14735806894327338,0.20576936431291384,False,3,D19-P01,A_simple_B_complex,G,184,5,31,31,,coverage_rate_unavailable,,4191,,1199,299.75,0.2012857142857143
0,16,asset_1_aperture_view,False,True,0.16372745514813394,True,True,0.011486372757406698,0.0,0.16372745514813394,False,3,D19-P01,A_simple_B_complex,G,184,5,20,20,,coverage_rate_unavailable,,4191,,462,115.5,0.2012857142857143
0,17,asset_2_aperture_view,False,True,0.31674702136921423,True,True,0.017546185976637565,0.1239970909467532,0.19274993042246105,False,3,D19-P01,A_simple_B_complex,G,184,5,27,27,,coverage_rate_unavailable,,4191,,1099,274.75,0.2012857142857143
28,0,coverage_v20_0,False,True,0.0668788028485969,False,True,0.015496171647694266,0.0,0.0668788028485969,False,3,D19-P01,A_simple_B_complex,G,184,151,13,43,210,insufficient_predicted_coverage_reserve,-115,3391,14.285714285714286,942,400.6206896551724,0.31557142857142856
28,1,coverage_v20_1,False,True,0.0668788028485969,False,True,0.01138198380911686,0.0,0.0668788028485969,False,3,D19-P01,A_simple_B_complex,G,184,151,21,51,202,insufficient_predicted_coverage_reserve,-123,3391,14.285714285714286,1205,512.471264367816,0.31557142857142856
28,2,coverage_v20_2,False,True,0.10038962717530593,False,True,0.01063347825517006,0.0,0.10038962717530593,False,3,D19-P01,A_simple_B_complex,G,184,151,27,57,199,insufficient_predicted_coverage_reserve,-132,3391,14.285714285714286,1307,555.8505747126436,0.31557142857142856
28,3,coverage_v20_3,False,True,0.12433901667117842,False,True,0.012757640249647952,0.0,0.12433901667117842,False,3,D19-P01,A_simple_B_complex,G,184,151,21,51,208,insufficient_predicted_coverage_reserve,-129,3391,14.285714285714286,1005,427.41379310344826,0.31557142857142856
28,4,coverage_v20_4,False,True,0.12647964122454664,False,True,0.01030457787260531,0.0,0.12647964122454664,False,3,D19-P01,A_simple_B_complex,G,184,151,33,63,193,insufficient_predicted_coverage_reserve,-138,3391,14.285714285714286,1495,635.8045977011494,0.31557142857142856
28,5,coverage_v20_5,False,True,0.18796094274302233,False,True,0.06384412377148363,0.12453306493503542,0.06342787780798691,False,3,D19-P01,A_simple_B_complex,G,184,151,3,31,237,insufficient_predicted_coverage_reserve,-120,3391,14.285714285714286,25,10.632183908045976,0.31557142857142856
28,6,coverage_v20_6,False,True,0.14842621338680254,False,True,0.010379030185206691,0.017753081972981585,0.13067313141382095,False,3,D19-P01,A_simple_B_complex,G,184,151,26,56,213,insufficient_predicted_coverage_reserve,-144,3391,14.285714285714286,850,361.4942528735632,0.31557142857142856
28,7,coverage_v20_7,False,True,0.06297649013002989,False,True,0.00407892971140267,0.0,0.06297649013002989,False,3,D19-P01,A_simple_B_complex,G,184,151,54,40,205,insufficient_predicted_coverage_reserve,-148,3391,14.285714285714286,1101,468.2413793103448,0.31557142857142856
28,8,old_surface_rotation,False,True,0.15035481150968608,True,True,0.15035481150968608,0.13154012869470175,0.01881468281498433,False,3,D19-P01,A_simple_B_complex,G,184,151,1,29,238,insufficient_predicted_coverage_reserve,-117,3391,14.285714285714286,0,0.0,0.31557142857142856
28,9,asset_1_entry,False,True,0.28514183245553987,True,True,0.016632604266590335,0.1501186897762216,0.13502314267931828,False,3,D19-P01,A_simple_B_complex,G,184,151,21,49,225,insufficient_predicted_coverage_reserve,-144,3391,14.285714285714286,449,190.95402298850573,0.31557142857142856
28,10,asset_1_deep,False,True,0.25512472496121946,True,True,0.014061323445518858,0.12021983724835479,0.13490488771286466,False,3,D19-P01,A_simple_B_complex,G,184,151,23,51,224,insufficient_predicted_coverage_reserve,-147,3391,14.285714285714286,478,203.28735632183907,0.31557142857142856
28,11,asset_0_corner_minus,False,True,0.0654750492946783,True,True,0.0029047353656569703,0.0,0.0654750492946783,False,3,D19-P01,A_simple_B_complex,G,184,151,43,29,225,insufficient_predicted_coverage_reserve,-146,3391,14.285714285714286,416,176.91954022988506,0.31557142857142856
28,12,asset_1_corner_minus,False,True,0.15472584144071816,True,True,0.031916596859572204,0.13154012869470175,0.023185712746016416,False,3,D19-P01,A_simple_B_complex,G,184,151,5,35,237,insufficient_predicted_coverage_reserve,-126,3391,14.285714285714286,34,14.459770114942527,0.31557142857142856
28,13,asset_2_corner_minus,False,True,0.16142983847449474,True,True,0.006954336396122647,0.13154012869470175,0.029889709779792984,False,3,D19-P01,A_simple_B_complex,G,184,151,25,39,235,insufficient_predicted_coverage_reserve,-148,3391,14.285714285714286,87,37.0,0.31557142857142856
28,14,asset_3_corner_minus,False,False,0.0,True,True,0.0005941558441558441,0.0,0.0,False,3,D19-P01,A_simple_B_complex,G,184,151,44,20,232,insufficient_predicted_coverage_reserve,-145,3391,14.285714285714286,183,77.82758620689656,0.31557142857142856
28,15,asset_0_corner_plus,False,True,0.06544634530781329,True,True,0.003757970451925237,0.0,0.06544634530781329,False,3,D19-P01,A_simple_B_complex,G,184,151,56,42,208,insufficient_predicted_coverage_reserve,-155,3391,14.285714285714286,1015,431.66666666666663,0.31557142857142856
28,16,asset_1_corner_plus,False,True,0.19807830988554334,True,True,0.025421399511092117,0.08108382966438417,0.11699448022115917,False,3,D19-P01,A_simple_B_complex,G,184,151,9,39,231,insufficient_predicted_coverage_reserve,-128,3391,14.285714285714286,215,91.43678160919539,0.31557142857142856
28,17,asset_2_corner_plus,False,True,0.1607167497282282,True,True,0.014844379845423342,0.13154012869470175,0.029176621033526445,False,3,D19-P01,A_simple_B_complex,G,184,151,11,25,237,insufficient_predicted_coverage_reserve,-122,3391,14.285714285714286,18,7.655172413793103,0.31557142857142856
28,18,asset_0_aperture_view,False,True,0.18710570553540878,True,True,0.006100761710310671,0.12172169329680356,0.06538401223860524,False,3,D19-P01,A_simple_B_complex,G,184,151,45,29,220,insufficient_predicted_coverage_reserve,-143,3391,14.285714285714286,612,260.2758620689655,0.31557142857142856
28,19,asset_1_aperture_view,False,True,0.2810256695474876,True,True,0.015786881083327358,0.14600209717949172,0.13502357236799586,False,3,D19-P01,A_simple_B_complex,G,184,151,22,50,224,insufficient_predicted_coverage_reserve,-145,3391,14.285714285714286,464,197.33333333333331,0.31557142857142856
28,20,asset_2_aperture_view,False,True,0.2879886301929375,True,True,0.01842045422068092,0.15358965352474527,0.13439897666819223,False,3,D19-P01,A_simple_B_complex,G,184,151,19,49,225,insufficient_predicted_coverage_reserve,-142,3391,14.285714285714286,434,184.57471264367814,0.31557142857142856
41,0,coverage_v20_0,False,True,0.055821358667707335,False,True,0.008510413754011615,0.0343404518716649,0.02148090679604243,False,3,D19-P01,A_simple_B_complex,G,184,219,24,65,64,insufficient_predicted_coverage_reserve,-15,2324,28.942307692307693,1039,479.53846153846155,0.468
41,1,coverage_v20_1,False,True,0.055821358667707335,False,True,0.00844999720385115,0.0343404518716649,0.02148090679604243,False,3,D19-P01,A_simple_B_complex,G,184,219,25,66,63,insufficient_predicted_coverage_reserve,-16,2324,28.942307692307693,1088,502.1538461538462,0.468
41,2,coverage_v20_2,False,True,0.055821358667707335,False,True,0.009274549202445994,0.0343404518716649,0.02148090679604243,False,3,D19-P01,A_simple_B_complex,G,184,219,16,55,70,insufficient_predicted_coverage_reserve,-3,2324,28.942307692307693,648,299.0769230769231,0.468
41,3,coverage_v20_3,True,True,0.055821358667707335,False,True,0.013280602258652068,0.0343404518716649,0.02148090679604243,True,3,D19-P01,A_simple_B_complex,G,184,219,7,50,77,model_budget_passed,4,2324,28.942307692307693,260,120.0,0.468
41,4,coverage_v20_4,False,True,0.11852749249778821,False,True,0.010129671128482957,0.0,0.11852749249778821,False,3,D19-P01,A_simple_B_complex,G,184,219,25,68,66,insufficient_predicted_coverage_reserve,-21,2324,28.942307692307693,943,435.2307692307693,0.468
41,5,coverage_v20_5,False,True,0.18706246859772788,False,True,0.010906654892571841,0.12482293388376749,0.0622395347139604,False,3,D19-P01,A_simple_B_complex,G,184,219,33,56,62,insufficient_predicted_coverage_reserve,-13,2324,28.942307692307693,1210,558.4615384615385,0.468
41,6,coverage_v20_6,False,True,0.208251187986717,False,True,0.012564333233754395,0.14792106854580314,0.06033011944091384,False,3,D19-P01,A_simple_B_complex,G,184,219,25,46,69,insufficient_predicted_coverage_reserve,-2,2324,28.942307692307693,741,342.0,0.468
41,7,coverage_v20_7,False,True,0.11867132479928982,False,True,0.00960872439361134,0.0,0.11867132479928982,False,3,D19-P01,A_simple_B_complex,G,184,219,18,61,75,insufficient_predicted_coverage_reserve,-16,2324,28.942307692307693,380,175.3846153846154,0.468
41,8,old_surface_rotation,True,True,0.18176490386229732,True,True,0.09088245193114866,0.14069231821796943,0.04107258564432789,True,3,D19-P01,A_simple_B_complex,G,184,219,2,41,81,model_budget_passed,14,2324,28.942307692307693,0,0.0,0.468
41,9,asset_1_entry,False,True,0.2959859590085113,True,True,0.013648224482497496,0.1501186897762216,0.1458672692322897,False,3,D19-P01,A_simple_B_complex,G,184,219,24,49,77,insufficient_predicted_coverage_reserve,-12,2324,28.942307692307693,221,102.0,0.468
41,10,asset_4_entry,False,True,0.2569585776836256,True,True,0.008794734872593385,0.14768661704539734,0.1092719606382283,False,3,D19-P01,A_simple_B_complex,G,184,219,35,76,75,insufficient_predicted_coverage_reserve,-48,2324,28.942307692307693,356,164.30769230769232,0.468
41,11,asset_1_deep,False,True,0.2879834148948262,True,True,0.012136951874411554,0.1413537606026483,0.14662965429217792,False,3,D19-P01,A_simple_B_complex,G,184,219,27,52,76,insufficient_predicted_coverage_reserve,-17,2324,28.942307692307693,278,128.30769230769232,0.468
41,12,asset_0_corner_minus,True,True,0.19702699588504152,True,True,0.007964036617123634,0.1316320740591795,0.06539492182586201,True,3,D19-P01,A_simple_B_complex,G,184,219,35,28,72,model_budget_passed,3,2324,28.942307692307693,572,264.0,0.468
41,13,asset_1_corner_minus,True,True,0.2552355498112975,True,True,0.013276063204850587,0.12467627991075425,0.13055926990054323,True,3,D19-P01,A_simple_B_complex,G,184,219,20,35,80,model_budget_passed,3,2324,28.942307692307693,72,33.23076923076923,0.468
41,14,asset_2_corner_minus,False,True,0.20192042012985834,True,True,0.005471590003417325,0.1440824869334418,0.05783793319641652,False,3,D19-P01,A_simple_B_complex,G,184,219,38,39,80,insufficient_predicted_coverage_reserve,-19,2324,28.942307692307693,42,19.384615384615387,0.468
41,15,asset_3_corner_minus,False,True,0.20936282680364565,True,True,0.004156741322369723,0.11144333143166209,0.09791949537198358,False,3,D19-P01,A_simple_B_complex,G,184,219,57,20,78,insufficient_predicted_coverage_reserve,-17,2324,28.942307692307693,193,89.07692307692308,0.468
41,16,asset_4_corner_minus,False,True,0.11640327186562023,True,True,0.007842959388657774,0.0,0.11640327186562023,False,3,D19-P01,A_simple_B_complex,G,184,219,32,73,66,insufficient_predicted_coverage_reserve,-33,2324,28.942307692307693,942,434.7692307692308,0.468
41,17,asset_0_corner_plus,False,True,0.19710956459593604,True,True,0.007040136886797528,0.1316320740591795,0.06547749053675651,False,3,D19-P01,A_simple_B_complex,G,184,219,49,42,64,insufficient_predicted_coverage_reserve,-17,2324,28.942307692307693,1035,477.69230769230774,0.468
41,18,asset_1_corner_plus,True,True,0.2547314590902241,True,True,0.01656357333599615,0.12467627991075425,0.13005517917946982,True,3,D19-P01,A_simple_B_complex,G,184,219,16,39,80,model_budget_passed,3,2324,28.942307692307693,72,33.23076923076923,0.468
41,19,asset_2_corner_plus,True,True,0.20154928467845395,True,True,0.008397886861602248,0.1440824869334418,0.05746679774501214,True,3,D19-P01,A_simple_B_complex,G,184,219,24,25,81,model_budget_passed,8,2324,28.942307692307693,0,0.0,0.468
41,20,asset_4_corner_plus,False,True,0.1024521910430255,True,True,0.006560944784578164,0.0,0.1024521910430255,False,3,D19-P01,A_simple_B_complex,G,184,219,25,68,74,insufficient_predicted_coverage_reserve,-29,2324,28.942307692307693,431,198.92307692307693,0.468
41,21,asset_0_aperture_view,False,True,0.21444160292777661,True,True,0.011796383778032838,0.15411216582246892,0.06032943710530769,False,3,D19-P01,A_simple_B_complex,G,184,219,28,45,68,insufficient_predicted_coverage_reserve,-3,2324,28.942307692307693,811,374.3076923076923,0.468
41,22,asset_1_aperture_view,False,True,0.2918695879272344,True,True,0.013080497802803662,0.14600209717949172,0.1458674907477427,False,3,D19-P01,A_simple_B_complex,G,184,219,25,50,77,insufficient_predicted_coverage_reserve,-14,2324,28.942307692307693,246,113.53846153846155,0.468
41,23,asset_2_aperture_view,False,True,0.29945295993294313,True,True,0.014903705970977935,0.15358965352474527,0.14586330640819786,False,3,D19-P01,A_simple_B_complex,G,184,219,22,49,78,insufficient_predicted_coverage_reserve,-11,2324,28.942307692307693,199,91.84615384615385,0.468
41,24,asset_4_aperture_view,False,True,0.2721258670467265,True,True,0.008880480433837639,0.1582732489142731,0.1138526181324534,False,3,D19-P01,A_simple_B_complex,G,184,219,36,77,75,insufficient_predicted_coverage_reserve,-50,2324,28.942307692307693,333,153.6923076923077,0.468
43,0,coverage_v20_0,False,True,0.09379251760438946,False,True,0.009814557847032722,0.07444140485378274,0.019351112750606716,False,3,D19-P01,A_simple_B_complex,G,184,230,25,66,64,insufficient_predicted_coverage_reserve,-19,2317,28.942307692307693,1061,489.69230769230774,0.469
43,1,coverage_v20_1,False,True,0.15743756851089163,False,True,0.010733633236077341,0.10394252693076413,0.053495041580127495,False,3,D19-P01,A_simple_B_complex,G,184,230,30,61,62,insufficient_predicted_coverage_reserve,-17,2317,28.942307692307693,1152,531.6923076923077,0.469
43,2,coverage_v20_2,False,True,0.1537772828180498,False,True,0.011539662741293422,0.03524979032026159,0.11852749249778821,False,3,D19-P01,A_simple_B_complex,G,184,230,25,68,66,insufficient_predicted_coverage_reserve,-23,2317,28.942307692307693,943,435.2307692307693,0.469
43,3,coverage_v20_3,False,True,0.09379251760438946,False,True,0.0110941752074172,0.07444140485378274,0.019351112750606716,False,3,D19-P01,A_simple_B_complex,G,184,230,16,57,71,insufficient_predicted_coverage_reserve,-8,2317,28.942307692307693,586,270.46153846153845,0.469
43,4,coverage_v20_4,True,True,0.09379251760438946,False,True,0.01650977898626297,0.07444140485378274,0.019351112750606716,True,3,D19-P01,A_simple_B_complex,G,184,230,8,51,76,model_budget_passed,1,2317,28.942307692307693,268,123.6923076923077,0.469
43,5,coverage_v20_5,False,True,0.09379251760438946,False,True,0.007569200114437074,0.07444140485378274,0.019351112750606716,False,3,D19-P01,A_simple_B_complex,G,184,230,29,68,67,insufficient_predicted_coverage_reserve,-28,2317,28.942307692307693,880,406.1538461538462,0.469
43,6,coverage_v20_6,False,True,0.15390039669519154,False,True,0.008764744539581879,0.03524979032026159,0.11865060637492995,False,3,D19-P01,A_simple_B_complex,G,184,230,32,75,66,insufficient_predicted_coverage_reserve,-37,2317,28.942307692307693,886,408.92307692307696,0.469
43,7,coverage_v20_7,False,True,0.20549558032258938,False,True,0.01182787863628638,0.15175194705721515,0.05374363326537424,False,3,D19-P01,A_simple_B_complex,G,184,230,27,50,68,insufficient_predicted_coverage_reserve,-9,2317,28.942307692307693,797,367.84615384615387,0.469
43,8,old_surface_rotation,True,True,0.08134538727003914,True,True,0.04067269363501957,0.03524979032026159,0.046095596949777544,True,3,D19-P01,A_simple_B_complex,G,184,230,2,43,81,model_budget_passed,10,2317,28.942307692307693,0,0.0,0.469
43,9,asset_0_entry,False,True,0.2066537550238363,True,True,0.011992177391026669,0.1549313650138874,0.05172239000994888,False,3,D19-P01,A_simple_B_complex,G,184,230,26,49,69,insufficient_predicted_coverage_reserve,-8,2317,28.942307692307693,736,339.69230769230774,0.469
43,10,asset_1_entry,False,True,0.23906439375721988,True,True,0.01392421235159158,0.12007590283450591,0.11898849092271398,False,3,D19-P01,A_simple_B_complex,G,184,230,18,45,79,insufficient_predicted_coverage_reserve,-6,2317,28.942307692307693,81,37.38461538461539,0.469
43,11,asset_3_entry,False,True,0.3112413102810212,True,True,0.010280653173618334,0.19235777587788763,0.1188835344031336,False,3,D19-P01,A_simple_B_complex,G,184,230,37,76,73,insufficient_predicted_coverage_reserve,-50,2317,28.942307692307693,484,223.3846153846154,0.469
43,12,asset_0_deep,False,True,0.20579842414124744,True,True,0.012391936965649896,0.1549313650138874,0.05086705912736004,False,3,D19-P01,A_simple_B_complex,G,184,230,25,50,69,insufficient_predicted_coverage_reserve,-8,2317,28.942307692307693,728,336.0,0.469
43,13,asset_1_deep,False,True,0.24691365757797096,True,True,0.016289246455766043,0.11819098794622927,0.1287226696317417,False,3,D19-P01,A_simple_B_complex,G,184,230,16,47,79,insufficient_predicted_coverage_reserve,-6,2317,28.942307692307693,96,44.30769230769231,0.469
43,14,asset_0_corner_minus,True,True,0.197536684129881,True,True,0.007831660362894559,0.13283022540466405,0.06470645872521698,True,3,D19-P01,A_simple_B_complex,G,184,230,35,28,72,model_budget_passed,1,2317,28.942307692307693,536,247.3846153846154,0.469
43,15,asset_1_corner_minus,False,True,0.08178473423905261,True,True,0.0024384648399736835,0.057905451299584555,0.02387928293946806,False,3,D19-P01,A_simple_B_complex,G,184,230,36,39,80,insufficient_predicted_coverage_reserve,-19,2317,28.942307692307693,42,19.384615384615387,0.469
43,16,asset_2_corner_minus,False,True,0.07173929707668547,True,True,0.001813441765030645,0.057905451299584555,0.013833845777100923,False,3,D19-P01,A_simple_B_complex,G,184,230,55,20,77,insufficient_predicted_coverage_reserve,-16,2317,28.942307692307693,196,90.46153846153847,0.469
43,17,asset_3_corner_minus,False,True,0.1539003187287831,True,True,0.0091442063888459,0.03524979032026159,0.11865052840852151,False,3,D19-P01,A_simple_B_complex,G,184,230,32,73,65,insufficient_predicted_coverage_reserve,-34,2317,28.942307692307693,971,448.1538461538462,0.469
43,18,asset_0_corner_plus,False,True,0.19765773861398994,True,True,0.006955114199119328,0.13283022540466405,0.06482751320932588,False,3,D19-P01,A_simple_B_complex,G,184,230,49,42,65,insufficient_predicted_coverage_reserve,-20,2317,28.942307692307693,1002,462.4615384615385,0.469
43,19,asset_1_corner_plus,True,True,0.07933027472185755,True,True,0.0036059215782662524,0.057905451299584555,0.021424823422273004,True,3,D19-P01,A_simple_B_complex,G,184,230,22,25,81,model_budget_passed,8,2317,28.942307692307693,0,0.0,0.469
43,20,asset_3_corner_plus,False,True,0.1539978584634773,True,True,0.00806870375261556,0.03524979032026159,0.11874806814321572,False,3,D19-P01,A_simple_B_complex,G,184,230,27,68,73,insufficient_predicted_coverage_reserve,-32,2317,28.942307692307693,447,206.30769230769232,0.469
43,21,asset_0_aperture_view,False,True,0.2050801166089365,True,True,0.01281881438251521,0.1549313650138874,0.05014875159504908,False,3,D19-P01,A_simple_B_complex,G,184,230,24,51,69,insufficient_predicted_coverage_reserve,-8,2317,28.942307692307693,718,331.3846153846154,0.469
43,22,asset_1_aperture_view,False,True,0.23900835691134803,True,True,0.0147399873813398,0.12007590283450591,0.11893245407684211,False,3,D19-P01,A_simple_B_complex,G,184,230,17,46,79,insufficient_predicted_coverage_reserve,-6,2317,28.942307692307693,81,37.38461538461539,0.469
43,23,asset_3_aperture_view,False,True,0.31227110737775016,True,True,0.010356758464828012,0.1935230392345347,0.11874806814321547,False,3,D19-P01,A_simple_B_complex,G,184,230,38,77,71,insufficient_predicted_coverage_reserve,-50,2317,28.942307692307693,569,262.61538461538464,0.469
45,0,coverage_v20_0,False,True,0.09379251760438946,False,True,0.009814557847032722,0.07444140485378274,0.019351112750606716,False,3,D19-P01,A_simple_B_complex,G,184,241,25,66,63,insufficient_predicted_coverage_reserve,-20,2307,28.942307692307693,1061,489.69230769230774,0.4704285714285714
45,1,coverage_v20_1,False,True,0.15743756851089163,False,True,0.010733633236077341,0.10394252693076413,0.053495041580127495,False,3,D19-P01,A_simple_B_complex,G,184,241,30,61,62,insufficient_predicted_coverage_reserve,-19,2307,28.942307692307693,1152,531.6923076923077,0.4704285714285714
45,2,coverage_v20_2,False,True,0.14124894886623657,False,True,0.011027100811792319,0.0365158524085404,0.10473309645769618,False,3,D19-P01,A_simple_B_complex,G,184,241,25,68,65,insufficient_predicted_coverage_reserve,-24,2307,28.942307692307693,941,434.3076923076923,0.4704285714285714
45,3,coverage_v20_3,False,True,0.09379251760438946,False,True,0.0110941752074172,0.07444140485378274,0.019351112750606716,False,3,D19-P01,A_simple_B_complex,G,184,241,16,57,71,insufficient_predicted_coverage_reserve,-10,2307,28.942307692307693,586,270.46153846153845,0.4704285714285714
45,4,coverage_v20_4,False,True,0.09379251760438946,False,True,0.01650977898626297,0.07444140485378274,0.019351112750606716,False,3,D19-P01,A_simple_B_complex,G,184,241,8,51,76,insufficient_predicted_coverage_reserve,-1,2307,28.942307692307693,268,123.6923076923077,0.4704285714285714
45,5,coverage_v20_5,False,True,0.015497511107301859,False,True,0.004364707029342414,0.015497511107301859,0.0,False,3,D19-P01,A_simple_B_complex,G,184,241,28,69,68,insufficient_predicted_coverage_reserve,-31,2307,28.942307692307693,747,344.7692307692308,0.4704285714285714
45,6,coverage_v20_6,False,True,0.13915595151102422,False,True,0.010715013179183885,0.0346912785015865,0.10446467300943772,False,3,D19-P01,A_simple_B_complex,G,184,241,18,61,74,insufficient_predicted_coverage_reserve,-19,2307,28.942307692307693,376,173.53846153846155,0.4704285714285714
45,7,coverage_v20_7,False,True,0.20549558032258938,False,True,0.01182787863628638,0.15175194705721515,0.05374363326537424,False,3,D19-P01,A_simple_B_complex,G,184,241,27,50,68,insufficient_predicted_coverage_reserve,-11,2307,28.942307692307693,797,367.84615384615387,0.4704285714285714
45,8,old_surface_rotation,True,True,0.13135646743980392,True,True,0.06567823371990196,0.11318240935199568,0.018174058087808236,True,3,D19-P01,A_simple_B_complex,G,184,241,2,41,80,model_budget_passed,11,2307,28.942307692307693,0,0.0,0.4704285714285714
45,9,asset_0_entry,False,True,0.2066537550238363,True,True,0.011992177391026669,0.1549313650138874,0.05172239000994888,False,3,D19-P01,A_simple_B_complex,G,184,241,26,49,68,insufficient_predicted_coverage_reserve,-9,2307,28.942307692307693,736,339.69230769230774,0.4704285714285714
45,10,asset_1_entry,False,True,0.2431846016813603,True,True,0.014891208029916841,0.11900512183584921,0.1241794798455111,False,3,D19-P01,A_simple_B_complex,G,184,241,18,45,77,insufficient_predicted_coverage_reserve,-6,2307,28.942307692307693,174,80.3076923076923,0.4704285714285714
45,11,asset_0_deep,False,True,0.20579842414124744,True,True,0.012391936965649896,0.1549313650138874,0.05086705912736004,False,3,D19-P01,A_simple_B_complex,G,184,241,25,50,69,insufficient_predicted_coverage_reserve,-10,2307,28.942307692307693,728,336.0,0.4704285714285714
45,12,asset_1_deep,False,True,0.241858795233448,True,True,0.01666974613066193,0.11900512183584921,0.1228536733975988,False,3,D19-P01,A_simple_B_complex,G,184,241,16,47,77,insufficient_predicted_coverage_reserve,-6,2307,28.942307692307693,174,80.3076923076923,0.4704285714285714
45,13,asset_0_corner_minus,False,True,0.19753729363388023,True,True,0.00783984104260066,0.13283022540466405,0.0647070682292162,False,3,D19-P01,A_simple_B_complex,G,184,241,35,28,72,insufficient_predicted_coverage_reserve,-1,2307,28.942307692307693,538,248.30769230769232,0.4704285714285714
45,14,asset_1_corner_minus,False,True,0.19453333377061838,True,True,0.005181190487122602,0.08203967003847647,0.11249366373214192,False,3,D19-P01,A_simple_B_complex,G,184,241,40,39,79,insufficient_predicted_coverage_reserve,-24,2307,28.942307692307693,89,41.07692307692308,0.4704285714285714
45,15,asset_2_corner_minus,False,True,0.14714612681194345,True,True,0.0031203581144952485,0.06509603217649362,0.08205009463544981,False,3,D19-P01,A_simple_B_complex,G,184,241,57,20,77,insufficient_predicted_coverage_reserve,-20,2307,28.942307692307693,215,99.23076923076924,0.4704285714285714
45,16,asset_3_corner_minus,False,True,0.13915619292582945,True,True,0.008634345314646456,0.0346912785015865,0.10446491442424295,False,3,D19-P01,A_simple_B_complex,G,184,241,32,73,65,insufficient_predicted_coverage_reserve,-36,2307,28.942307692307693,960,443.0769230769231,0.4704285714285714
45,17,asset_0_corner_plus,False,True,0.19765834811798916,True,True,0.006955126637976455,0.13283022540466405,0.0648281227133251,False,3,D19-P01,A_simple_B_complex,G,184,241,49,42,64,insufficient_predicted_coverage_reserve,-21,2307,28.942307692307693,1002,462.4615384615385,0.4704285714285714
45,18,asset_1_corner_plus,True,True,0.15566517392804324,True,True,0.006545572723192278,0.06509603217649362,0.0905691417515496,True,3,D19-P01,A_simple_B_complex,G,184,241,24,25,80,model_budget_passed,5,2307,28.942307692307693,10,4.615384615384616,0.4704285714285714
45,19,asset_3_corner_plus,False,True,0.09883416733019289,True,True,0.006313366693207716,0.0,0.09883416733019289,False,3,D19-P01,A_simple_B_complex,G,184,241,25,68,74,insufficient_predicted_coverage_reserve,-33,2307,28.942307692307693,413,190.6153846153846,0.4704285714285714
45,20,asset_0_aperture_view,False,True,0.2050801166089365,True,True,0.01281881438251521,0.1549313650138874,0.05014875159504908,False,3,D19-P01,A_simple_B_complex,G,184,241,24,51,69,insufficient_predicted_coverage_reserve,-10,2307,28.942307692307693,718,331.3846153846154,0.4704285714285714
45,21,asset_1_aperture_view,False,True,0.23748460072121663,True,True,0.017489449571890633,0.11694787438244159,0.12053672633877505,False,3,D19-P01,A_simple_B_complex,G,184,241,15,48,77,insufficient_predicted_coverage_reserve,-6,2307,28.942307692307693,174,80.3076923076923,0.4704285714285714
45,22,asset_3_aperture_view,False,True,0.20458034126431046,True,True,0.008147916137381778,0.12339346759846255,0.08118687366584791,False,3,D19-P01,A_simple_B_complex,G,184,241,30,73,76,insufficient_predicted_coverage_reserve,-45,2307,28.942307692307693,279,128.76923076923077,0.4704285714285714
47,0,coverage_v20_0,False,True,0.09672621260090832,False,True,0.009931905646893476,0.07218380378593585,0.024542408814972466,False,3,D19-P01,A_simple_B_complex,G,184,252,25,66,63,insufficient_predicted_coverage_reserve,-22,2305,28.942307692307693,1061,489.69230769230774,0.4707142857142857
47,1,coverage_v20_1,False,True,0.15447142505075487,False,True,0.010634761787406116,0.10095627881867597,0.053515146232078904,False,3,D19-P01,A_simple_B_complex,G,184,252,30,61,62,insufficient_predicted_coverage_reserve,-21,2305,28.942307692307693,1152,531.6923076923077,0.4707142857142857
47,2,coverage_v20_2,False,True,0.13831216748955125,False,True,0.010909629556724906,0.03357336132970075,0.1047388061598505,False,3,D19-P01,A_simple_B_complex,G,184,252,25,68,65,insufficient_predicted_coverage_reserve,-26,2305,28.942307692307693,941,434.3076923076923,0.4707142857142857
47,3,coverage_v20_3,False,True,0.09672621260090832,False,True,0.011277531144699628,0.07218380378593585,0.024542408814972466,False,3,D19-P01,A_simple_B_complex,G,184,252,16,57,71,insufficient_predicted_coverage_reserve,-12,2305,28.942307692307693,586,270.46153846153845,0.4707142857142857
47,4,coverage_v20_4,False,True,0.09672621260090832,False,True,0.016876490860827827,0.07218380378593585,0.024542408814972466,False,3,D19-P01,A_simple_B_complex,G,184,252,8,51,76,insufficient_predicted_coverage_reserve,-3,2305,28.942307692307693,268,123.6923076923077,0.4707142857142857
47,5,coverage_v20_5,False,True,0.09672621260090832,False,True,0.007670362010868759,0.07218380378593585,0.024542408814972466,False,3,D19-P01,A_simple_B_complex,G,184,252,29,68,66,insufficient_predicted_coverage_reserve,-31,2305,28.942307692307693,880,406.1538461538462,0.4707142857142857
47,6,coverage_v20_6,False,True,0.13836481699809855,False,True,0.008270329102619151,0.03357336132970075,0.10479145566839781,False,3,D19-P01,A_simple_B_complex,G,184,252,32,75,66,insufficient_predicted_coverage_reserve,-41,2305,28.942307692307693,884,408.0,0.4707142857142857
47,7,coverage_v20_7,False,True,0.2051610495780719,False,True,0.011815488608711658,0.15202109731454358,0.05313995226352832,False,3,D19-P01,A_simple_B_complex,G,184,252,27,50,67,insufficient_predicted_coverage_reserve,-12,2305,28.942307692307693,797,367.84615384615387,0.4707142857142857
47,8,old_surface_rotation,True,True,0.07515630117706842,True,True,0.03757815058853421,0.03357336132970075,0.04158293984736768,True,3,D19-P01,A_simple_B_complex,G,184,252,2,43,80,model_budget_passed,7,2305,28.942307692307693,0,0.0,0.4707142857142857
47,9,asset_0_entry,False,True,0.20801861629961652,True,True,0.012212173223413232,0.15529115568986968,0.05272746060974685,False,3,D19-P01,A_simple_B_complex,G,184,252,25,48,69,insufficient_predicted_coverage_reserve,-10,2305,28.942307692307693,681,314.3076923076923,0.4707142857142857
47,10,asset_1_entry,False,True,0.20398133609950356,True,True,0.011951344069020039,0.10155469282443526,0.1024266432750683,False,3,D19-P01,A_simple_B_complex,G,184,252,18,45,79,insufficient_predicted_coverage_reserve,-10,2305,28.942307692307693,78,36.0,0.4707142857142857
47,11,asset_0_deep,False,True,0.2072240440502167,True,True,0.012652192311616172,0.15529115568986968,0.051932888360347006,False,3,D19-P01,A_simple_B_complex,G,184,252,24,49,69,insufficient_predicted_coverage_reserve,-10,2305,28.942307692307693,675,311.53846153846155,0.4707142857142857
47,12,asset_1_deep,False,True,0.26681655598700077,True,True,0.01749746332061612,0.15517712018536967,0.11163943580163109,False,3,D19-P01,A_simple_B_complex,G,184,252,16,47,79,insufficient_predicted_coverage_reserve,-10,2305,28.942307692307693,92,42.46153846153847,0.4707142857142857
47,13,asset_0_corner_minus,False,True,0.2006493458142955,True,True,0.007700577066270113,0.1335433833914941,0.06710596242280141,False,3,D19-P01,A_simple_B_complex,G,184,252,36,29,72,insufficient_predicted_coverage_reserve,-5,2305,28.942307692307693,536,247.3846153846154,0.4707142857142857
47,14,asset_1_corner_minus,False,True,0.08287002000981736,True,True,0.002468611666939371,0.058654722811053384,0.024215297198763974,False,3,D19-P01,A_simple_B_complex,G,184,252,36,39,79,insufficient_predicted_coverage_reserve,-22,2305,28.942307692307693,42,19.384615384615387,0.4707142857142857
47,15,asset_2_corner_minus,False,True,0.07310193423901548,True,True,0.001804450752397684,0.058654722811053384,0.014447211427962098,False,3,D19-P01,A_simple_B_complex,G,184,252,55,20,77,insufficient_predicted_coverage_reserve,-20,2305,28.942307692307693,183,84.46153846153847,0.4707142857142857
47,16,asset_3_corner_minus,False,True,0.13831719778369903,True,True,0.008648305287883452,0.03357336132970075,0.10474383645399828,False,3,D19-P01,A_simple_B_complex,G,184,252,32,73,65,insufficient_predicted_coverage_reserve,-38,2305,28.942307692307693,969,447.2307692307693,0.4707142857142857
47,17,asset_0_corner_plus,False,True,0.20075455744827847,True,True,0.007018314583492564,0.1335433833914941,0.06721117405678435,False,3,D19-P01,A_simple_B_complex,G,184,252,49,42,64,insufficient_predicted_coverage_reserve,-23,2305,28.942307692307693,1002,462.4615384615385,0.4707142857142857
47,18,asset_1_corner_plus,True,True,0.07864073110993684,True,True,0.003574578686815311,0.058654722811053384,0.019986008298883463,True,3,D19-P01,A_simple_B_complex,G,184,252,22,25,80,model_budget_passed,5,2305,28.942307692307693,0,0.0,0.4707142857142857
47,19,asset_3_corner_plus,False,True,0.14039644478916116,True,True,0.007554365680021841,0.03357336132970075,0.10682308345946041,False,3,D19-P01,A_simple_B_complex,G,184,252,27,68,73,insufficient_predicted_coverage_reserve,-36,2305,28.942307692307693,445,205.3846153846154,0.4707142857142857
47,20,asset_0_aperture_view,False,True,0.20518702019509552,True,True,0.013064031933948252,0.15529115568986968,0.04989586450522585,False,3,D19-P01,A_simple_B_complex,G,184,252,23,50,70,insufficient_predicted_coverage_reserve,-11,2305,28.942307692307693,667,307.84615384615387,0.4707142857142857
47,21,asset_1_aperture_view,False,True,0.22927740857785203,True,True,0.016104208190904423,0.11143571476760543,0.1178416938102466,False,3,D19-P01,A_simple_B_complex,G,184,252,15,46,79,insufficient_predicted_coverage_reserve,-8,2305,28.942307692307693,86,39.69230769230769,0.4707142857142857
47,22,asset_3_aperture_view,False,True,0.26394319829545576,True,True,0.010270546375304421,0.1569668289281633,0.10697636936729243,False,3,D19-P01,A_simple_B_complex,G,184,252,32,73,73,insufficient_predicted_coverage_reserve,-46,2305,28.942307692307693,453,209.0769230769231,0.4707142857142857
49,0,coverage_v20_0,False,True,0.09672621260090832,False,True,0.009931905646893476,0.07218380378593585,0.024542408814972466,False,3,D19-P01,A_simple_B_complex,G,184,263,25,66,63,insufficient_predicted_coverage_reserve,-24,2301,28.942307692307693,1061,489.69230769230774,0.4712857142857143
49,1,coverage_v20_1,False,True,0.15447142505075487,False,True,0.010634761787406116,0.10095627881867597,0.053515146232078904,False,3,D19-P01,A_simple_B_complex,G,184,263,30,61,62,insufficient_predicted_coverage_reserve,-23,2301,28.942307692307693,1152,531.6923076923077,0.4712857142857143
49,2,coverage_v20_2,False,True,0.13358924547872764,False,True,0.010720712676291964,0.03497598884857334,0.0986132566301543,False,3,D19-P01,A_simple_B_complex,G,184,263,25,68,65,insufficient_predicted_coverage_reserve,-28,2301,28.942307692307693,941,434.3076923076923,0.4712857142857143
49,3,coverage_v20_3,False,True,0.09672621260090832,False,True,0.011277531144699628,0.07218380378593585,0.024542408814972466,False,3,D19-P01,A_simple_B_complex,G,184,263,16,57,71,insufficient_predicted_coverage_reserve,-14,2301,28.942307692307693,586,270.46153846153845,0.4712857142857143
49,4,coverage_v20_4,False,True,0.09672621260090832,False,True,0.016876490860827827,0.07218380378593585,0.024542408814972466,False,3,D19-P01,A_simple_B_complex,G,184,263,8,51,76,insufficient_predicted_coverage_reserve,-5,2301,28.942307692307693,268,123.6923076923077,0.4712857142857143
49,5,coverage_v20_5,False,True,0.015694731030582162,False,True,0.004341138353133036,0.015694731030582162,0.0,False,3,D19-P01,A_simple_B_complex,G,184,263,28,69,68,insufficient_predicted_coverage_reserve,-35,2301,28.942307692307693,741,342.0,0.4712857142857143
49,6,coverage_v20_6,False,True,0.1312723990771807,False,True,0.010277038043970356,0.03323335585065312,0.09803904322652758,False,3,D19-P01,A_simple_B_complex,G,184,263,18,61,74,insufficient_predicted_coverage_reserve,-23,2301,28.942307692307693,376,173.53846153846155,0.4712857142857143
49,7,coverage_v20_7,False,True,0.2051610495780719,False,True,0.011815488608711658,0.15202109731454358,0.05313995226352832,False,3,D19-P01,A_simple_B_complex,G,184,263,27,50,67,insufficient_predicted_coverage_reserve,-14,2301,28.942307692307693,797,367.84615384615387,0.4712857142857143
49,8,old_surface_rotation,True,True,0.13454919505364638,True,True,0.06727459752682319,0.11288742252848993,0.021661772525156452,True,3,D19-P01,A_simple_B_complex,G,184,263,2,41,80,model_budget_passed,7,2301,28.942307692307693,0,0.0,0.4712857142857143
49,9,asset_0_entry,False,True,0.20801861629961652,True,True,0.012212173223413232,0.15529115568986968,0.05272746060974685,False,3,D19-P01,A_simple_B_complex,G,184,263,25,48,69,insufficient_predicted_coverage_reserve,-12,2301,28.942307692307693,681,314.3076923076923,0.4712857142857143
49,10,asset_1_entry,False,True,0.2671778262150303,True,True,0.016224164948454065,0.15562323631134709,0.11155458990368322,False,3,D19-P01,A_simple_B_complex,G,184,263,18,45,77,insufficient_predicted_coverage_reserve,-10,2301,28.942307692307693,174,80.3076923076923,0.4712857142857143
49,11,asset_0_deep,False,True,0.2072240440502167,True,True,0.012652192311616172,0.15529115568986968,0.051932888360347006,False,3,D19-P01,A_simple_B_complex,G,184,263,24,49,69,insufficient_predicted_coverage_reserve,-12,2301,28.942307692307693,675,311.53846153846155,0.4712857142857143
49,12,asset_1_deep,False,True,0.2667198815764471,True,True,0.018223564027099372,0.15562323631134709,0.11109664526509999,False,3,D19-P01,A_simple_B_complex,G,184,263,16,47,77,insufficient_predicted_coverage_reserve,-10,2301,28.942307692307693,174,80.3076923076923,0.4712857142857143
49,13,asset_0_corner_minus,False,True,0.2006493458142955,True,True,0.007712481828174875,0.1335433833914941,0.06710596242280141,False,3,D19-P01,A_simple_B_complex,G,184,263,36,29,71,insufficient_predicted_coverage_reserve,-6,2301,28.942307692307693,539,248.76923076923077,0.4712857142857143
49,14,asset_1_corner_minus,False,True,0.1455918852115665,True,True,0.004026854122108892,0.0622574561230467,0.08333442908851979,False,3,D19-P01,A_simple_B_complex,G,184,263,38,39,79,insufficient_predicted_coverage_reserve,-26,2301,28.942307692307693,52,24.0,0.4712857142857143
49,15,asset_2_corner_minus,False,True,0.16800421831953455,True,True,0.0034762644817963456,0.07849251668713439,0.08951170163240017,False,3,D19-P01,A_simple_B_complex,G,184,263,57,20,77,insufficient_predicted_coverage_reserve,-24,2301,28.942307692307693,211,97.38461538461539,0.4712857142857143
49,16,asset_3_corner_minus,False,True,0.0975243756999055,True,True,0.007007458169193476,0.0,0.0975243756999055,False,3,D19-P01,A_simple_B_complex,G,184,263,32,73,66,insufficient_predicted_coverage_reserve,-41,2301,28.942307692307693,887,409.3846153846154,0.4712857142857143
49,17,asset_0_corner_plus,False,True,0.20075455744827847,True,True,0.007018314583492564,0.1335433833914941,0.06721117405678435,False,3,D19-P01,A_simple_B_complex,G,184,263,49,42,64,insufficient_predicted_coverage_reserve,-25,2301,28.942307692307693,1002,462.4615384615385,0.4712857142857143
49,18,asset_1_corner_plus,True,True,0.1412494751049227,True,True,0.005944918605562255,0.0622574561230467,0.07899201898187598,True,3,D19-P01,A_simple_B_complex,G,184,263,24,25,80,model_budget_passed,1,2301,28.942307692307693,10,4.615384615384616,0.4712857142857143
49,19,asset_3_corner_plus,False,True,0.09447126303737485,True,True,0.006127421950066422,0.0,0.09447126303737485,False,3,D19-P01,A_simple_B_complex,G,184,263,25,68,73,insufficient_predicted_coverage_reserve,-36,2301,28.942307692307693,411,189.6923076923077,0.4712857142857143
49,20,asset_0_aperture_view,False,True,0.20518702019509552,True,True,0.013064031933948252,0.15529115568986968,0.04989586450522585,False,3,D19-P01,A_simple_B_complex,G,184,263,23,50,69,insufficient_predicted_coverage_reserve,-12,2301,28.942307692307693,667,307.84615384615387,0.4712857142857143
49,21,asset_1_aperture_view,False,True,0.26318472530378795,True,True,0.01920279121072872,0.15296263629147702,0.11022208901231094,False,3,D19-P01,A_simple_B_complex,G,184,263,15,48,77,insufficient_predicted_coverage_reserve,-10,2301,28.942307692307693,174,80.3076923076923,0.4712857142857143
49,22,asset_3_aperture_view,False,True,0.20759964792517666,True,True,0.00823427397845827,0.12938187069241341,0.07821777723276326,False,3,D19-P01,A_simple_B_complex,G,184,263,30,73,76,insufficient_predicted_coverage_reserve,-49,2301,28.942307692307693,276,127.38461538461539,0.4712857142857143
51,0,coverage_v20_0,False,True,0.09746721969924972,False,True,0.009944403073684275,0.07047681467767047,0.02699040502157925,False,3,D19-P01,A_simple_B_complex,G,184,274,25,66,63,insufficient_predicted_coverage_reserve,-26,2299,28.942307692307693,1058,488.3076923076923,0.4715714285714286
51,1,coverage_v20_1,False,True,0.14888615350875595,False,True,0.01043430035505377,0.10101608857914106,0.047870064929614875,False,3,D19-P01,A_simple_B_complex,G,184,274,30,61,62,insufficient_predicted_coverage_reserve,-25,2299,28.942307692307693,1149,530.3076923076924,0.4715714285714286
51,2,coverage_v20_2,False,True,0.12970698898997274,False,True,0.010565422416741767,0.031297880603887406,0.09840910838608534,False,3,D19-P01,A_simple_B_complex,G,184,274,25,68,65,insufficient_predicted_coverage_reserve,-30,2299,28.942307692307693,941,434.3076923076923,0.4715714285714286
51,3,coverage_v20_3,False,True,0.09746721969924972,False,True,0.01129705837406025,0.07047681467767047,0.02699040502157925,False,3,D19-P01,A_simple_B_complex,G,184,274,16,57,71,insufficient_predicted_coverage_reserve,-16,2299,28.942307692307693,583,269.0769230769231,0.4715714285714286
51,4,coverage_v20_4,False,True,0.09746721969924972,False,True,0.016933402462406214,0.07047681467767047,0.02699040502157925,False,3,D19-P01,A_simple_B_complex,G,184,274,8,51,76,insufficient_predicted_coverage_reserve,-7,2299,28.942307692307693,266,122.76923076923077,0.4715714285714286
51,5,coverage_v20_5,False,True,0.09746721969924972,False,True,0.007681135654653931,0.07047681467767047,0.02699040502157925,False,3,D19-P01,A_simple_B_complex,G,184,274,29,68,66,insufficient_predicted_coverage_reserve,-35,2299,28.942307692307693,877,404.7692307692308,0.4715714285714286
51,6,coverage_v20_6,False,True,0.12971077771409315,False,True,0.007999890374993983,0.031297880603887406,0.09841289711020575,False,3,D19-P01,A_simple_B_complex,G,184,274,32,75,66,insufficient_predicted_coverage_reserve,-45,2299,28.942307692307693,884,408.0,0.4715714285714286
51,7,coverage_v20_7,False,True,0.2016394214040312,False,True,0.011669184919726024,0.15222397780399563,0.04941544360003559,False,3,D19-P01,A_simple_B_complex,G,184,274,27,50,67,insufficient_predicted_coverage_reserve,-16,2299,28.942307692307693,794,366.4615384615385,0.4715714285714286
51,8,old_surface_rotation,True,True,0.0692953220882529,True,True,0.03464766104412645,0.031297880603887406,0.0379974414843655,True,3,D19-P01,A_simple_B_complex,G,184,274,2,43,80,model_budget_passed,3,2299,28.942307692307693,0,0.0,0.4715714285714286
51,9,asset_1_entry,False,True,0.20402151714630645,True,True,0.012035146400137971,0.15552176269470233,0.04849975445160413,False,3,D19-P01,A_simple_B_complex,G,184,274,25,48,69,insufficient_predicted_coverage_reserve,-14,2299,28.942307692307693,678,312.92307692307696,0.4715714285714286
51,10,asset_2_entry,False,True,0.20625951369651363,True,True,0.012077909491076155,0.11176398650843905,0.0944955271880746,False,3,D19-P01,A_simple_B_complex,G,184,274,18,45,79,insufficient_predicted_coverage_reserve,-14,2299,28.942307692307693,78,36.0,0.4715714285714286
51,11,asset_1_deep,False,True,0.2037965471354979,True,True,0.012491522797312414,0.15552176269470233,0.04827478444079558,False,3,D19-P01,A_simple_B_complex,G,184,274,24,49,69,insufficient_predicted_coverage_reserve,-14,2299,28.942307692307693,672,310.1538461538462,0.4715714285714286
51,12,asset_2_deep,False,True,0.26046559438128425,True,True,0.017100528220258836,0.15530754115756332,0.10515805322372096,False,3,D19-P01,A_simple_B_complex,G,184,274,16,47,78,insufficient_predicted_coverage_reserve,-13,2299,28.942307692307693,92,42.46153846153847,0.4715714285714286
51,13,asset_0_corner_minus,False,True,0.09746721969924972,True,True,0.007772716847117848,0.07047681467767047,0.02699040502157925,False,3,D19-P01,A_simple_B_complex,G,184,274,30,69,65,insufficient_predicted_coverage_reserve,-36,2299,28.942307692307693,950,438.4615384615385,0.4715714285714286
51,14,asset_1_corner_minus,False,True,0.19659299096250532,True,True,0.007587900542609275,0.1338817379132451,0.06271125304926023,False,3,D19-P01,A_simple_B_complex,G,184,274,36,29,71,insufficient_predicted_coverage_reserve,-8,2299,28.942307692307693,536,247.3846153846154,0.4715714285714286
51,15,asset_2_corner_minus,False,True,0.07573964999140176,True,True,0.0022705458330944932,0.05478744702760471,0.02095220296379705,False,3,D19-P01,A_simple_B_complex,G,184,274,36,39,79,insufficient_predicted_coverage_reserve,-26,2299,28.942307692307693,42,19.384615384615387,0.4715714285714286
51,16,asset_3_corner_minus,False,True,0.06810776837425273,True,True,0.001713647736674725,0.05478744702760471,0.013320321346648007,False,3,D19-P01,A_simple_B_complex,G,184,274,55,20,77,insufficient_predicted_coverage_reserve,-24,2299,28.942307692307693,183,84.46153846153847,0.4715714285714286
51,17,asset_4_corner_minus,False,True,0.12971164230133322,True,True,0.00837938167905952,0.031297880603887406,0.09841376169744583,False,3,D19-P01,A_simple_B_complex,G,184,274,32,73,64,insufficient_predicted_coverage_reserve,-41,2299,28.942307692307693,969,447.2307692307693,0.4715714285714286
51,18,asset_1_corner_plus,False,True,0.1978265011700751,True,True,0.006952727429126898,0.1338817379132451,0.06394476325683,False,3,D19-P01,A_simple_B_complex,G,184,274,49,42,64,insufficient_predicted_coverage_reserve,-27,2299,28.942307692307693,1000,461.53846153846155,0.4715714285714286
51,19,asset_2_corner_plus,True,True,0.07187075523623525,True,True,0.003266852510737966,0.05478744702760471,0.017083308208630535,True,3,D19-P01,A_simple_B_complex,G,184,274,22,25,80,model_budget_passed,1,2299,28.942307692307693,0,0.0,0.4715714285714286
51,20,asset_4_corner_plus,False,True,0.13305312999530586,True,True,0.0070760418516779945,0.031297880603887406,0.10175524939141845,False,3,D19-P01,A_simple_B_complex,G,184,274,27,68,73,insufficient_predicted_coverage_reserve,-40,2299,28.942307692307693,406,187.3846153846154,0.4715714285714286
51,21,asset_0_aperture_view,False,True,0.09746721969924972,True,True,0.00631947158324387,0.07047681467767047,0.02699040502157925,False,3,D19-P01,A_simple_B_complex,G,184,274,35,74,66,insufficient_predicted_coverage_reserve,-47,2299,28.942307692307693,866,399.69230769230774,0.4715714285714286
51,22,asset_1_aperture_view,False,True,0.20206057004275307,True,True,0.012909465778256345,0.15552176269470233,0.046538807348050736,False,3,D19-P01,A_simple_B_complex,G,184,274,23,50,69,insufficient_predicted_coverage_reserve,-14,2299,28.942307692307693,664,306.46153846153845,0.4715714285714286
51,23,asset_2_aperture_view,False,True,0.26670010935652205,True,True,0.019103816814244327,0.15259892893880925,0.11410118041771282,False,3,D19-P01,A_simple_B_complex,G,184,274,15,48,78,insufficient_predicted_coverage_reserve,-13,2299,28.942307692307693,139,64.15384615384616,0.4715714285714286
51,24,asset_4_aperture_view,False,True,0.2627036630943351,True,True,0.010080025185983686,0.16067975129630083,0.10202391179803433,False,3,D19-P01,A_simple_B_complex,G,184,274,32,73,73,insufficient_predicted_coverage_reserve,-50,2299,28.942307692307693,419,193.3846153846154,0.4715714285714286
53,0,coverage_v20_0,False,True,0.09746721969924972,False,True,0.009944403073684275,0.07047681467767047,0.02699040502157925,False,3,D19-P01,A_simple_B_complex,G,184,285,25,66,63,insufficient_predicted_coverage_reserve,-28,2299,28.942307692307693,1058,488.3076923076923,0.4715714285714286
53,1,coverage_v20_1,False,True,0.14888615350875595,False,True,0.01043430035505377,0.10101608857914106,0.047870064929614875,False,3,D19-P01,A_simple_B_complex,G,184,285,30,61,62,insufficient_predicted_coverage_reserve,-27,2299,28.942307692307693,1149,530.3076923076924,0.4715714285714286
53,2,coverage_v20_2,False,True,0.1259953646579558,False,True,0.010416957443461088,0.031297880603887406,0.0946974840540684,False,3,D19-P01,A_simple_B_complex,G,184,285,25,68,65,insufficient_predicted_coverage_reserve,-32,2299,28.942307692307693,941,434.3076923076923,0.4715714285714286
53,3,coverage_v20_3,False,True,0.09746721969924972,False,True,0.01129705837406025,0.07047681467767047,0.02699040502157925,False,3,D19-P01,A_simple_B_complex,G,184,285,16,57,71,insufficient_predicted_coverage_reserve,-18,2299,28.942307692307693,583,269.0769230769231,0.4715714285714286
53,4,coverage_v20_4,False,True,0.09746721969924972,False,True,0.016933402462406214,0.07047681467767047,0.02699040502157925,False,3,D19-P01,A_simple_B_complex,G,184,285,8,51,76,insufficient_predicted_coverage_reserve,-9,2299,28.942307692307693,266,122.76923076923077,0.4715714285714286
53,5,coverage_v20_5,False,True,0.01577139769248859,False,True,0.004287753999221531,0.01577139769248859,0.0,False,3,D19-P01,A_simple_B_complex,G,184,285,28,69,68,insufficient_predicted_coverage_reserve,-39,2299,28.942307692307693,730,336.92307692307696,0.4715714285714286
53,6,coverage_v20_6,False,True,0.10869967411461065,False,True,0.00902299776827202,0.01562646128569131,0.09307321282891934,False,3,D19-P01,A_simple_B_complex,G,184,285,18,61,74,insufficient_predicted_coverage_reserve,-27,2299,28.942307692307693,376,173.53846153846155,0.4715714285714286
53,7,coverage_v20_7,False,True,0.2016394214040312,False,True,0.011669184919726024,0.15222397780399563,0.04941544360003559,False,3,D19-P01,A_simple_B_complex,G,184,285,27,50,67,insufficient_predicted_coverage_reserve,-18,2299,28.942307692307693,794,366.4615384615385,0.4715714285714286
53,8,old_surface_rotation,True,True,0.1303689375822255,True,True,0.06518446879111275,0.10668052379208687,0.02368841379013863,True,3,D19-P01,A_simple_B_complex,G,184,285,2,41,80,model_budget_passed,3,2299,28.942307692307693,0,0.0,0.4715714285714286
53,9,asset_1_entry,False,True,0.20402151714630645,True,True,0.012035146400137971,0.15552176269470233,0.04849975445160413,False,3,D19-P01,A_simple_B_complex,G,184,285,25,48,69,insufficient_predicted_coverage_reserve,-16,2299,28.942307692307693,678,312.92307692307696,0.4715714285714286
53,10,asset_2_entry,False,True,0.2620515688343772,True,True,0.015939372871751113,0.15530754115756332,0.10674402767681389,False,3,D19-P01,A_simple_B_complex,G,184,285,18,45,77,insufficient_predicted_coverage_reserve,-14,2299,28.942307692307693,174,80.3076923076923,0.4715714285714286
53,11,asset_1_deep,False,True,0.2037965471354979,True,True,0.012491522797312414,0.15552176269470233,0.04827478444079558,False,3,D19-P01,A_simple_B_complex,G,184,285,24,49,69,insufficient_predicted_coverage_reserve,-16,2299,28.942307692307693,672,310.1538461538462,0.4715714285714286
53,12,asset_2_deep,False,True,0.26161639368276185,True,True,0.017904596033744044,0.15530754115756332,0.10630885252519855,False,3,D19-P01,A_simple_B_complex,G,184,285,16,47,77,insufficient_predicted_coverage_reserve,-14,2299,28.942307692307693,174,80.3076923076923,0.4715714285714286
53,13,asset_0_corner_minus,False,True,0.01668544188217615,True,True,0.0044847528246439675,0.01668544188217615,0.0,False,3,D19-P01,A_simple_B_complex,G,184,285,30,69,67,insufficient_predicted_coverage_reserve,-40,2299,28.942307692307693,825,380.7692307692308,0.4715714285714286
53,14,asset_1_corner_minus,False,True,0.19659299096250532,True,True,0.007591868796577529,0.1338817379132451,0.06271125304926023,False,3,D19-P01,A_simple_B_complex,G,184,285,36,29,71,insufficient_predicted_coverage_reserve,-10,2299,28.942307692307693,537,247.84615384615387,0.4715714285714286
53,15,asset_2_corner_minus,False,True,0.14873433733177072,True,True,0.004109550230535319,0.07079463860163265,0.07793969873013805,False,3,D19-P01,A_simple_B_complex,G,184,285,38,39,79,insufficient_predicted_coverage_reserve,-30,2299,28.942307692307693,52,24.0,0.4715714285714286
53,16,asset_3_corner_minus,False,True,0.1591688839345811,True,True,0.0033538400690277382,0.07379114991094057,0.08537773402364052,False,3,D19-P01,A_simple_B_complex,G,184,285,57,20,76,insufficient_predicted_coverage_reserve,-27,2299,28.942307692307693,224,103.38461538461539,0.4715714285714286
53,17,asset_4_corner_minus,False,True,0.09421980550676222,True,True,0.006899726064943462,0.0,0.09421980550676222,False,3,D19-P01,A_simple_B_complex,G,184,285,32,73,66,insufficient_predicted_coverage_reserve,-45,2299,28.942307692307693,886,408.92307692307696,0.4715714285714286
53,18,asset_1_corner_plus,False,True,0.1978265011700751,True,True,0.006952727429126898,0.1338817379132451,0.06394476325683,False,3,D19-P01,A_simple_B_complex,G,184,285,49,42,64,insufficient_predicted_coverage_reserve,-29,2299,28.942307692307693,1000,461.53846153846155,0.4715714285714286
53,19,asset_2_corner_plus,False,True,0.14556826261738237,True,True,0.006124868085248075,0.07079463860163265,0.07477362401574973,False,3,D19-P01,A_simple_B_complex,G,184,285,24,25,80,insufficient_predicted_coverage_reserve,-3,2299,28.942307692307693,10,4.615384615384616,0.4715714285714286
53,20,asset_4_corner_plus,False,True,0.0898389378311868,True,True,0.005936414656104614,0.0,0.0898389378311868,False,3,D19-P01,A_simple_B_complex,G,184,285,25,68,73,insufficient_predicted_coverage_reserve,-40,2299,28.942307692307693,410,189.23076923076925,0.4715714285714286
53,21,asset_0_aperture_view,False,False,0.0,True,True,0.0020952380952380953,0.0,0.0,False,3,D19-P01,A_simple_B_complex,G,184,285,33,74,72,insufficient_predicted_coverage_reserve,-53,2299,28.942307692307693,484,223.3846153846154,0.4715714285714286
53,22,asset_1_aperture_view,False,True,0.20206057004275307,True,True,0.012909465778256345,0.15552176269470233,0.046538807348050736,False,3,D19-P01,A_simple_B_complex,G,184,285,23,50,69,insufficient_predicted_coverage_reserve,-16,2299,28.942307692307693,664,306.46153846153845,0.4715714285714286
53,23,asset_2_aperture_view,False,True,0.25753816859856926,True,True,0.018826354097047474,0.15259892893880925,0.10493923965976004,False,3,D19-P01,A_simple_B_complex,G,184,285,15,48,77,insufficient_predicted_coverage_reserve,-14,2299,28.942307692307693,174,80.3076923076923,0.4715714285714286
53,24,asset_4_aperture_view,False,True,0.2101479751614881,True,True,0.008304932505382936,0.13518749588905407,0.07496047927243403,False,3,D19-P01,A_simple_B_complex,G,184,285,30,73,76,insufficient_predicted_coverage_reserve,-53,2299,28.942307692307693,273,126.0,0.4715714285714286
55,0,coverage_v20_0,False,True,0.09645532529010867,False,True,0.009903927297318631,0.06947537716319414,0.02697994812691452,False,3,D19-P01,A_simple_B_complex,G,184,296,25,66,63,insufficient_predicted_coverage_reserve,-30,2299,28.942307692307693,1058,488.3076923076923,0.4715714285714286
55,1,coverage_v20_1,False,True,0.14590399609190943,False,True,0.010334895107825552,0.10098708404973517,0.04491691204217426,False,3,D19-P01,A_simple_B_complex,G,184,296,30,61,62,insufficient_predicted_coverage_reserve,-29,2299,28.942307692307693,1149,530.3076923076924,0.4715714285714286
55,2,coverage_v20_2,False,True,0.1275119931552182,False,True,0.010477622583351585,0.032980416596223576,0.09453157655899462,False,3,D19-P01,A_simple_B_complex,G,184,296,25,68,65,insufficient_predicted_coverage_reserve,-34,2299,28.942307692307693,941,434.3076923076923,0.4715714285714286
55,3,coverage_v20_3,False,True,0.09645532529010867,False,True,0.011233814973488934,0.06947537716319414,0.02697994812691452,False,3,D19-P01,A_simple_B_complex,G,184,296,16,57,71,insufficient_predicted_coverage_reserve,-20,2299,28.942307692307693,583,269.0769230769231,0.4715714285714286
55,4,coverage_v20_4,False,True,0.09645532529010867,False,True,0.016806915661263584,0.06947537716319414,0.02697994812691452,False,3,D19-P01,A_simple_B_complex,G,184,296,8,51,76,insufficient_predicted_coverage_reserve,-11,2299,28.942307692307693,266,122.76923076923077,0.4715714285714286
55,5,coverage_v20_5,False,True,0.09645532529010867,False,True,0.007646242743993895,0.06947537716319414,0.02697994812691452,False,3,D19-P01,A_simple_B_complex,G,184,296,29,68,66,insufficient_predicted_coverage_reserve,-39,2299,28.942307692307693,877,404.7692307692308,0.4715714285714286
55,6,coverage_v20_6,False,True,0.12754635869361142,False,True,0.007932252280603928,0.032980416596223576,0.09456594209738785,False,3,D19-P01,A_simple_B_complex,G,184,296,32,75,66,insufficient_predicted_coverage_reserve,-49,2299,28.942307692307693,884,408.0,0.4715714285714286
55,7,coverage_v20_7,False,True,0.19843985737036388,False,True,0.011550682548108714,0.1521933995178795,0.04624645785248438,False,3,D19-P01,A_simple_B_complex,G,184,296,27,50,67,insufficient_predicted_coverage_reserve,-20,2299,28.942307692307693,794,366.4615384615385,0.4715714285714286
55,8,old_surface_rotation,False,True,0.06734723812924039,True,True,0.03367361906462019,0.032096246454039586,0.0352509916752008,False,3,D19-P01,A_simple_B_complex,G,184,296,2,43,80,insufficient_predicted_coverage_reserve,-1,2299,28.942307692307693,0,0.0,0.4715714285714286
55,9,asset_1_entry,False,True,0.20013282083092904,True,True,0.011879598547522876,0.15549186830318976,0.04464095252773928,False,3,D19-P01,A_simple_B_complex,G,184,296,25,48,69,insufficient_predicted_coverage_reserve,-18,2299,28.942307692307693,678,312.92307692307696,0.4715714285714286
55,10,asset_2_entry,False,True,0.19509071067296024,True,True,0.011457420434212077,0.11107533870327803,0.08401537196968223,False,3,D19-P01,A_simple_B_complex,G,184,296,18,45,79,insufficient_predicted_coverage_reserve,-18,2299,28.942307692307693,78,36.0,0.4715714285714286
55,11,asset_1_deep,False,True,0.1999535025434979,True,True,0.012331395939312413,0.15549186830318976,0.044461634240308134,False,3,D19-P01,A_simple_B_complex,G,184,296,24,49,69,insufficient_predicted_coverage_reserve,-18,2299,28.942307692307693,672,310.1538461538462,0.4715714285714286
55,12,asset_2_deep,False,True,0.2508746128052572,True,True,0.016501091871757145,0.15552025245625448,0.09535436034900273,False,3,D19-P01,A_simple_B_complex,G,184,296,16,47,78,insufficient_predicted_coverage_reserve,-17,2299,28.942307692307693,92,42.46153846153847,0.4715714285714286
55,13,asset_0_corner_minus,False,True,0.09645532529010867,True,True,0.007738987033479813,0.06947537716319414,0.02697994812691452,False,3,D19-P01,A_simple_B_complex,G,184,296,30,69,65,insufficient_predicted_coverage_reserve,-40,2299,28.942307692307693,950,438.4615384615385,0.4715714285714286
55,14,asset_1_corner_minus,False,True,0.19454844856325132,True,True,0.007531107698185553,0.13383067077647784,0.06071777778677348,False,3,D19-P01,A_simple_B_complex,G,184,296,36,29,71,insufficient_predicted_coverage_reserve,-12,2299,28.942307692307693,536,247.3846153846154,0.4715714285714286
55,15,asset_2_corner_minus,False,True,0.07500862285486781,True,True,0.002250239523746328,0.056423692932928364,0.01858492992193944,False,3,D19-P01,A_simple_B_complex,G,184,296,36,39,79,insufficient_predicted_coverage_reserve,-30,2299,28.942307692307693,42,19.384615384615387,0.4715714285714286
55,16,asset_3_corner_minus,False,True,0.06800556927710233,True,True,0.0017117895712719905,0.056423692932928364,0.01158187634417396,False,3,D19-P01,A_simple_B_complex,G,184,296,55,20,77,insufficient_predicted_coverage_reserve,-28,2299,28.942307692307693,183,84.46153846153847,0.4715714285714286
55,17,asset_4_corner_minus,False,True,0.12758554757034482,True,True,0.008312941218716133,0.032980416596223576,0.09460513097412125,False,3,D19-P01,A_simple_B_complex,G,184,296,32,73,64,insufficient_predicted_coverage_reserve,-45,2299,28.942307692307693,969,447.2307692307693,0.4715714285714286
55,18,asset_1_corner_plus,False,True,0.19525402950476153,True,True,0.006900228007385803,0.13383067077647784,0.06142335872828369,False,3,D19-P01,A_simple_B_complex,G,184,296,49,42,64,insufficient_predicted_coverage_reserve,-31,2299,28.942307692307693,1000,461.53846153846155,0.4715714285714286
55,19,asset_2_corner_plus,False,True,0.072982139027784,True,True,0.0033173699558083636,0.056423692932928364,0.01655844609485563,False,3,D19-P01,A_simple_B_complex,G,184,296,22,25,80,insufficient_predicted_coverage_reserve,-3,2299,28.942307692307693,0,0.0,0.4715714285714286
55,20,asset_4_corner_plus,False,True,0.12896891444542066,True,True,0.0069247746090896544,0.032980416596223576,0.0959884978491971,False,3,D19-P01,A_simple_B_complex,G,184,296,27,68,73,insufficient_predicted_coverage_reserve,-44,2299,28.942307692307693,406,187.3846153846154,0.4715714285714286
55,21,asset_0_aperture_view,False,True,0.09645532529010867,True,True,0.006462971752230087,0.06947537716319414,0.02697994812691452,False,3,D19-P01,A_simple_B_complex,G,184,296,34,73,66,insufficient_predicted_coverage_reserve,-49,2299,28.942307692307693,863,398.3076923076923,0.4715714285714286
55,22,asset_1_aperture_view,False,True,0.19898196345747915,True,True,0.012775613318027044,0.15549186830318976,0.043490095154289386,False,3,D19-P01,A_simple_B_complex,G,184,296,23,50,69,insufficient_predicted_coverage_reserve,-18,2299,28.942307692307693,664,306.46153846153845,0.4715714285714286
55,23,asset_2_aperture_view,False,True,0.25941422698469524,True,True,0.018618091322789205,0.15286157223464547,0.10655265475004976,False,3,D19-P01,A_simple_B_complex,G,184,296,15,48,78,insufficient_predicted_coverage_reserve,-17,2299,28.942307692307693,139,64.15384615384616,0.4715714285714286
55,24,asset_4_aperture_view,False,True,0.2659923797226746,True,True,0.010080119009190723,0.16816791248527763,0.09782446723739696,False,3,D19-P01,A_simple_B_complex,G,184,296,32,73,74,insufficient_predicted_coverage_reserve,-55,2299,28.942307692307693,396,182.76923076923077,0.4715714285714286
80,0,coverage_v20_0,False,False,0.0,False,True,0.01042857142857143,0.0,0.0,False,3,D19-P01,A_simple_B_complex,G,184,426,6,70,83,insufficient_predicted_coverage_reserve,-60,1526,15.961538461538462,438,208.3370786516854,0.582
80,1,coverage_v20_1,False,True,0.13872554700191442,False,True,0.006881954404136331,0.10095613027941656,0.03776941672249786,False,3,D19-P01,A_simple_B_complex,G,184,426,35,33,75,insufficient_predicted_coverage_reserve,-44,1526,15.961538461538462,715,340.0936329588015,0.582
80,2,coverage_v20_2,False,False,0.0,False,True,0.006561224489795918,0.0,0.0,False,3,D19-P01,A_simple_B_complex,G,184,426,14,78,77,insufficient_predicted_coverage_reserve,-70,1526,15.961538461538462,643,305.84644194756555,0.582
80,3,coverage_v20_3,False,True,0.018153892988156155,False,True,0.00249450975217004,0.0,0.018153892988156155,False,3,D19-P01,A_simple_B_complex,G,184,426,11,65,94,insufficient_predicted_coverage_reserve,-71,1526,15.961538461538462,65,30.917602996254683,0.582
80,4,coverage_v20_4,False,True,0.009318026154903737,False,True,0.00496072233390698,0.0,0.009318026154903737,False,3,D19-P01,A_simple_B_complex,G,184,426,21,83,76,insufficient_predicted_coverage_reserve,-81,1526,15.961538461538462,664,315.8352059925094,0.582
80,5,coverage_v20_5,False,True,0.13872554700191442,False,True,0.007524278744127386,0.10095613027941656,0.03776941672249786,False,3,D19-P01,A_simple_B_complex,G,184,426,24,38,87,insufficient_predicted_coverage_reserve,-50,1526,15.961538461538462,293,139.36704119850188,0.582
80,6,coverage_v20_6,False,True,0.11353879101785694,False,True,0.005261127677295914,0.07803607205272099,0.03550271896513594,False,3,D19-P01,A_simple_B_complex,G,184,426,42,28,74,insufficient_predicted_coverage_reserve,-45,1526,15.961538461538462,752,357.6928838951311,0.582
80,7,coverage_v20_7,False,True,0.2800758488979998,False,True,0.007735490072357139,0.1621467470629826,0.11792910183501719,False,3,D19-P01,A_simple_B_complex,G,184,426,44,60,84,insufficient_predicted_coverage_reserve,-89,1526,15.961538461538462,422,200.7265917602996,0.582
80,8,old_surface_rotation,False,True,0.12158755318120121,True,True,0.12158755318120121,0.10095613027941656,0.02063142290178464,False,3,D19-P01,A_simple_B_complex,G,184,426,1,61,96,insufficient_predicted_coverage_reserve,-59,1526,15.961538461538462,0,0.0,0.582
80,9,asset_1_entry,False,True,0.20780607672146903,True,True,0.010490303836073451,0.15794853643879875,0.04985754028267028,False,3,D19-P01,A_simple_B_complex,G,184,426,20,46,96,insufficient_predicted_coverage_reserve,-63,1526,15.961538461538462,14,6.659176029962547,0.582
80,10,asset_2_entry,False,True,0.3809255227559311,True,True,0.009436806177048233,0.256476382735671,0.1244491400202601,False,3,D19-P01,A_simple_B_complex,G,184,426,43,45,91,insufficient_predicted_coverage_reserve,-80,1526,15.961538461538462,174,82.76404494382022,0.582
80,11,asset_1_deep,False,True,0.20778223133212373,True,True,0.011041170070111775,0.15794853643879875,0.04983369489332499,False,3,D19-P01,A_simple_B_complex,G,184,426,19,47,96,insufficient_predicted_coverage_reserve,-63,1526,15.961538461538462,14,6.659176029962547,0.582
80,12,asset_2_deep,False,True,0.3804524339934095,True,True,0.009885599435379326,0.256476382735671,0.12397605125773849,False,3,D19-P01,A_simple_B_complex,G,184,426,41,47,91,insufficient_predicted_coverage_reserve,-80,1526,15.961538461538462,174,82.76404494382022,0.582
80,13,asset_0_corner_minus,False,True,0.018153892988175113,True,True,0.0019054976277831028,0.0,0.018153892988175113,False,3,D19-P01,A_simple_B_complex,G,184,426,15,67,94,insufficient_predicted_coverage_reserve,-77,1526,15.961538461538462,73,34.72284644194757,0.582
80,14,asset_1_corner_minus,False,True,0.15569889654819954,True,True,0.00493568524750901,0.10095613027941656,0.05474276626878297,False,3,D19-P01,A_simple_B_complex,G,184,426,38,28,89,insufficient_predicted_coverage_reserve,-56,1526,15.961538461538462,223,106.07116104868913,0.582
80,15,asset_2_corner_minus,False,True,0.26913894221783297,True,True,0.00436728479710846,0.1621467470629826,0.10699219515485035,False,3,D19-P01,A_simple_B_complex,G,184,426,63,39,95,insufficient_predicted_coverage_reserve,-98,1526,15.961538461538462,42,19.97752808988764,0.582
80,16,asset_3_corner_minus,False,True,0.13900006726787126,True,True,0.0032875008408483905,0.10095613027941656,0.0380439369884547,False,3,D19-P01,A_simple_B_complex,G,184,426,80,20,70,insufficient_predicted_coverage_reserve,-71,1526,15.961538461538462,868,412.8689138576779,0.582
80,17,asset_0_corner_plus,False,True,0.015560487816961769,True,True,0.005610503291418511,0.0,0.015560487816961769,False,3,D19-P01,A_simple_B_complex,G,184,426,18,80,78,insufficient_predicted_coverage_reserve,-77,1526,15.961538461538462,598,284.44194756554305,0.582
80,18,asset_1_corner_plus,False,True,0.14816226554249884,True,True,0.0070484277309374515,0.10095613027941656,0.04720613526308228,False,3,D19-P01,A_simple_B_complex,G,184,426,24,42,92,insufficient_predicted_coverage_reserve,-59,1526,15.961538461538462,147,69.92134831460675,0.582
80,19,asset_2_corner_plus,False,True,0.2671126589074107,True,True,0.005451278753212463,0.1621467470629826,0.1049659118444281,False,3,D19-P01,A_simple_B_complex,G,184,426,49,25,96,insufficient_predicted_coverage_reserve,-71,1526,15.961538461538462,0,0.0,0.582
80,20,asset_0_aperture_view,False,True,0.09437394701828736,True,True,0.0041937440694603785,0.06206098100090973,0.032312966017377626,False,3,D19-P01,A_simple_B_complex,G,184,426,27,73,92,insufficient_predicted_coverage_reserve,-93,1526,15.961538461538462,132,62.78651685393258,0.582
80,21,asset_1_aperture_view,False,True,0.20246494285870467,True,True,0.011335353968340735,0.15555310034806333,0.04691184251064134,False,3,D19-P01,A_simple_B_complex,G,184,426,18,48,96,insufficient_predicted_coverage_reserve,-63,1526,15.961538461538462,11,5.2322097378277155,0.582
80,22,asset_2_aperture_view,False,True,0.37776346485167017,True,True,0.010065515192720326,0.25381770251406205,0.12394576233760812,False,3,D19-P01,A_simple_B_complex,G,184,426,40,48,91,insufficient_predicted_coverage_reserve,-80,1526,15.961538461538462,174,82.76404494382022,0.582
80,23,asset_4_aperture_view,False,True,0.22093862346069826,True,True,0.0053700646483329775,0.13828006582403166,0.0826585576366666,False,3,D19-P01,A_simple_B_complex,G,184,426,45,59,92,insufficient_predicted_coverage_reserve,-97,1526,15.961538461538462,145,68.97003745318352,0.582
86,0,coverage_v20_0,False,False,0.0,False,True,0.003346938775510204,0.0,0.0,False,3,D19-P01,A_simple_B_complex,G,184,458,14,84,52,insufficient_predicted_coverage_reserve,-57,1111,18.403846153846153,328,156.7972972972973,0.6412857142857142
86,1,coverage_v20_1,False,True,0.1181119628632654,False,True,0.005322495263319014,0.08254706247068959,0.035564900392575816,False,3,D19-P01,A_simple_B_complex,G,184,458,38,36,46,insufficient_predicted_coverage_reserve,-27,1111,18.403846153846153,589,281.5658783783784,0.6412857142857142
86,2,coverage_v20_2,False,True,0.134453140944484,False,True,0.004835794822752337,0.08254706247068959,0.051906078473794394,False,3,D19-P01,A_simple_B_complex,G,184,458,39,33,51,insufficient_predicted_coverage_reserve,-30,1111,18.403846153846153,379,181.17736486486484,0.6412857142857142
86,3,coverage_v20_3,False,False,0.0,False,True,0.0022448979591836735,0.0,0.0,False,3,D19-P01,A_simple_B_complex,G,184,458,14,84,55,insufficient_predicted_coverage_reserve,-60,1111,18.403846153846153,220,105.16891891891892,0.6412857142857142
86,4,coverage_v20_4,False,False,0.0,False,True,0.0018857142857142857,0.0,0.0,False,3,D19-P01,A_simple_B_complex,G,184,458,5,75,59,insufficient_predicted_coverage_reserve,-46,1111,18.403846153846153,66,31.550675675675674,0.6412857142857142
86,5,coverage_v20_5,False,True,0.1181119628632654,False,True,0.004261261131079934,0.08254706247068959,0.035564900392575816,False,3,D19-P01,A_simple_B_complex,G,184,458,48,28,45,insufficient_predicted_coverage_reserve,-28,1111,18.403846153846153,605,289.21452702702703,0.6412857142857142
86,6,coverage_v20_6,False,True,0.015560487816961769,False,True,0.002094326365699195,0.0,0.015560487816961769,False,3,D19-P01,A_simple_B_complex,G,184,458,12,80,59,insufficient_predicted_coverage_reserve,-58,1111,18.403846153846153,67,32.02871621621622,0.6412857142857142
86,7,coverage_v20_7,False,True,0.2597222075184631,False,True,0.006741048015379541,0.14373767925425562,0.11598452826420745,False,3,D19-P01,A_simple_B_complex,G,184,458,43,55,55,insufficient_predicted_coverage_reserve,-60,1111,18.403846153846153,211,100.86655405405405,0.6412857142857142
86,8,old_surface_rotation,False,True,0.03052480773685933,True,True,0.03052480773685933,0.023841824813824308,0.006682982923035023,False,3,D19-P01,A_simple_B_complex,G,184,458,1,69,61,insufficient_predicted_coverage_reserve,-38,1111,18.403846153846153,0,0.0,0.6412857142857142
86,9,asset_2_entry,False,True,0.19039392267596184,True,True,0.007322843179844686,0.15794853643879875,0.03244538623716309,False,3,D19-P01,A_simple_B_complex,G,184,458,26,46,61,insufficient_predicted_coverage_reserve,-40,1111,18.403846153846153,0,0.0,0.6412857142857142
86,10,asset_3_entry,False,True,0.36057188137639445,True,True,0.00786589845374566,0.23806731492694408,0.12250456644945036,False,3,D19-P01,A_simple_B_complex,G,184,458,49,45,56,insufficient_predicted_coverage_reserve,-57,1111,18.403846153846153,174,83.17905405405405,0.6412857142857142
86,11,asset_2_deep,False,True,0.19039004646354946,True,True,0.0076156018585419785,0.15794853643879875,0.03244151002475071,False,3,D19-P01,A_simple_B_complex,G,184,458,25,47,61,insufficient_predicted_coverage_reserve,-40,1111,18.403846153846153,0,0.0,0.6412857142857142
86,12,asset_3_deep,False,True,0.36009879261387284,True,True,0.00819055181853225,0.23806731492694408,0.12203147768692878,False,3,D19-P01,A_simple_B_complex,G,184,458,47,47,56,insufficient_predicted_coverage_reserve,-57,1111,18.403846153846153,174,83.17905405405405,0.6412857142857142
86,13,asset_1_corner_minus,False,True,0.033847415054815755,True,True,0.0018770877917259204,0.015693521946663663,0.01815389310815209,False,3,D19-P01,A_simple_B_complex,G,184,458,21,67,60,insufficient_predicted_coverage_reserve,-55,1111,18.403846153846153,39,18.64358108108108,0.6412857142857142
86,14,asset_2_corner_minus,False,True,0.18462625305564725,True,True,0.004144048979470592,0.13199402808152255,0.052632224974124696,False,3,D19-P01,A_simple_B_complex,G,184,458,46,28,60,insufficient_predicted_coverage_reserve,-41,1111,18.403846153846153,42,20.0777027027027,0.6412857142857142
86,15,asset_0_corner_plus,False,False,0.0,True,True,0.0009047619047619047,0.0,0.0,False,3,D19-P01,A_simple_B_complex,G,184,458,15,83,58,insufficient_predicted_coverage_reserve,-63,1111,18.403846153846153,95,45.41385135135135,0.6412857142857142
86,16,asset_1_corner_plus,False,True,0.015560487816961769,True,True,0.002094326365699195,0.0,0.015560487816961769,False,3,D19-P01,A_simple_B_complex,G,184,458,12,80,59,insufficient_predicted_coverage_reserve,-58,1111,18.403846153846153,67,32.02871621621622,0.6412857142857142
86,17,asset_2_corner_plus,False,True,0.14816353952327874,True,True,0.005264039181531032,0.10095613027941656,0.04720740924386218,False,3,D19-P01,A_simple_B_complex,G,184,458,32,42,57,insufficient_predicted_coverage_reserve,-38,1111,18.403846153846153,142,67.88175675675676,0.6412857142857142
86,18,asset_3_corner_plus,False,True,0.2727846660534705,True,True,0.005032448473699464,0.15656210563840148,0.11622256041506901,False,3,D19-P01,A_simple_B_complex,G,184,458,55,25,60,insufficient_predicted_coverage_reserve,-47,1111,18.403846153846153,28,13.385135135135135,0.6412857142857142
86,19,asset_0_aperture_view,False,False,0.0,True,True,0.003123809523809524,0.0,0.0,False,3,D19-P01,A_simple_B_complex,G,184,458,15,83,52,insufficient_predicted_coverage_reserve,-57,1111,18.403846153846153,328,156.7972972972973,0.6412857142857142
86,20,asset_2_aperture_view,False,True,0.18748244959383856,True,True,0.0078117687330766065,0.15555310034806333,0.03192934924577522,False,3,D19-P01,A_simple_B_complex,G,184,458,24,48,61,insufficient_predicted_coverage_reserve,-40,1111,18.403846153846153,0,0.0,0.6412857142857142
86,21,asset_3_aperture_view,False,True,0.35740982347213346,True,True,0.00831015144194079,0.23540863470533505,0.1220011887667984,False,3,D19-P01,A_simple_B_complex,G,184,458,46,48,56,insufficient_predicted_coverage_reserve,-57,1111,18.403846153846153,174,83.17905405405405,0.6412857142857142
100,0,coverage_v20_0,False,False,0.0,False,True,0.006285714285714286,0.0,0.0,False,3,D19-P01,A_simple_B_complex,G,184,531,1,57,38,insufficient_predicted_coverage_reserve,-17,720,18.4,44,21.11878453038674,0.6971428571428572
100,1,coverage_v20_1,False,False,0.0,False,True,0.0021688311688311686,0.0,0.0,False,3,D19-P01,A_simple_B_complex,G,184,531,22,54,31,insufficient_predicted_coverage_reserve,-28,720,18.4,334,160.310773480663,0.6971428571428572
100,2,coverage_v20_2,False,False,0.0,False,True,0.003384615384615385,0.0,0.0,False,3,D19-P01,A_simple_B_complex,G,184,531,13,45,32,insufficient_predicted_coverage_reserve,-11,720,18.4,308,147.8314917127072,0.6971428571428572
100,3,coverage_v20_3,False,False,0.0,False,True,0.0019142857142857143,0.0,0.0,False,3,D19-P01,A_simple_B_complex,G,184,531,25,43,31,insufficient_predicted_coverage_reserve,-20,720,18.4,335,160.7907458563536,0.6971428571428572
100,4,coverage_v20_4,False,True,0.014127602438622192,False,True,0.0024908183832591736,0.0,0.014127602438622192,False,3,D19-P01,A_simple_B_complex,G,184,531,25,33,31,insufficient_predicted_coverage_reserve,-10,720,18.4,337,161.7506906077348,0.6971428571428572
100,5,coverage_v20_5,False,False,0.0,False,True,0.002285714285714286,0.0,0.0,False,3,D19-P01,A_simple_B_complex,G,184,531,14,62,34,insufficient_predicted_coverage_reserve,-31,720,18.4,224,107.51381215469614,0.6971428571428572
100,6,coverage_v20_6,False,False,0.0,False,True,0.0014502164502164503,0.0,0.0,False,3,D19-P01,A_simple_B_complex,G,184,531,33,51,31,insufficient_predicted_coverage_reserve,-36,720,18.4,335,160.7907458563536,0.6971428571428572
100,7,coverage_v20_7,False,True,0.006321483957357362,False,True,0.0015128983638948473,0.0,0.006321483957357362,False,3,D19-P01,A_simple_B_complex,G,184,531,36,28,31,insufficient_predicted_coverage_reserve,-16,720,18.4,337,161.7506906077348,0.6971428571428572
100,8,old_surface_rotation,False,False,0.0,True,False,0.0,0.0,0.0,False,3,D19-P01,A_simple_B_complex,G,184,531,1,59,40,insufficient_predicted_coverage_reserve,-21,720,18.4,0,0.0,0.6971428571428572
100,9,asset_1_entry,False,False,0.0,True,True,0.0020408163265306124,0.0,0.0,False,3,D19-P01,A_simple_B_complex,G,184,531,14,64,34,insufficient_predicted_coverage_reserve,-33,720,18.4,200,95.99447513812154,0.6971428571428572
100,10,asset_1_deep,False,False,0.0,True,True,0.0021333333333333334,0.0,0.0,False,3,D19-P01,A_simple_B_complex,G,184,531,15,63,34,insufficient_predicted_coverage_reserve,-33,720,18.4,224,107.51381215469614,0.6971428571428572
100,11,asset_3_corner_minus,False,True,0.04145132146238745,True,True,0.0015998960465222248,0.0,0.04145132146238745,False,3,D19-P01,A_simple_B_complex,G,184,531,56,28,31,insufficient_predicted_coverage_reserve,-36,720,18.4,337,161.7506906077348,0.6971428571428572
100,12,asset_1_corner_plus,False,True,0.015110380762069104,True,True,0.0016681809333497675,0.0,0.015110380762069104,False,3,D19-P01,A_simple_B_complex,G,184,531,10,66,39,insufficient_predicted_coverage_reserve,-36,720,18.4,11,5.279696132596685,0.6971428571428572
100,13,asset_3_corner_plus,False,True,0.042279040461205945,True,True,0.0021028348280014673,0.0,0.042279040461205945,False,3,D19-P01,A_simple_B_complex,G,184,531,43,41,31,insufficient_predicted_coverage_reserve,-36,720,18.4,337,161.7506906077348,0.6971428571428572
100,14,asset_1_aperture_view,False,False,0.0,True,True,0.0022410714285714286,0.0,0.0,False,3,D19-P01,A_simple_B_complex,G,184,531,16,62,33,insufficient_predicted_coverage_reserve,-32,720,18.4,251,120.47306629834254,0.6971428571428572
100,15,asset_3_aperture_view,False,True,0.17817139793576006,True,True,0.004568497382968207,0.13199402808152255,0.04617736985423752,False,3,D19-P01,A_simple_B_complex,G,184,531,39,45,40,insufficient_predicted_coverage_reserve,-45,720,18.4,0,0.0,0.6971428571428572
100,16,asset_4_aperture_view,False,True,0.11482262579635183,True,True,0.0029441698922141493,0.08254706247068959,0.03227556332566224,False,3,D19-P01,A_simple_B_complex,G,184,531,39,45,40,insufficient_predicted_coverage_reserve,-45,720,18.4,0,0.0,0.6971428571428572
101,0,coverage_v20_0,False,False,0.0,False,True,0.0035714285714285713,0.0,0.0,False,3,D19-P01,A_simple_B_complex,G,184,537,5,50,30,insufficient_predicted_coverage_reserve,-7,656,20.153846153846153,125,60.05859375,0.7062857142857143
101,1,coverage_v20_1,False,False,0.0,False,True,0.0019214285714285713,0.0,0.0,False,3,D19-P01,A_simple_B_complex,G,184,537,20,55,27,insufficient_predicted_coverage_reserve,-24,656,20.153846153846153,269,129.24609375,0.7062857142857143
101,2,coverage_v20_2,False,False,0.0,False,True,0.0016645962732919255,0.0,0.0,False,3,D19-P01,A_simple_B_complex,G,184,537,23,40,27,insufficient_predicted_coverage_reserve,-12,656,20.153846153846153,268,128.765625,0.7062857142857143
101,3,coverage_v20_3,False,True,0.0013444255366467314,False,True,0.0014357702997781997,0.0,0.0013444255366467314,False,3,D19-P01,A_simple_B_complex,G,184,537,28,29,27,insufficient_predicted_coverage_reserve,-6,656,20.153846153846153,272,130.6875,0.7062857142857143
101,4,coverage_v20_4,False,True,0.040215945183440314,False,True,0.0026357696013527723,0.0,0.040215945183440314,False,3,D19-P01,A_simple_B_complex,G,184,537,30,37,27,insufficient_predicted_coverage_reserve,-16,656,20.153846153846153,272,130.6875,0.7062857142857143
101,5,coverage_v20_5,False,False,0.0,False,True,0.0012442396313364055,0.0,0.0,False,3,D19-P01,A_simple_B_complex,G,184,537,31,50,27,insufficient_predicted_coverage_reserve,-30,656,20.153846153846153,270,129.7265625,0.7062857142857143
101,6,coverage_v20_6,False,True,0.0013444255366467314,False,True,0.0009805260583851119,0.0,0.0013444255366467314,False,3,D19-P01,A_simple_B_complex,G,184,537,41,26,27,insufficient_predicted_coverage_reserve,-16,656,20.153846153846153,272,130.6875,0.7062857142857143
101,7,coverage_v20_7,False,True,0.03923133605902208,False,True,0.002169124414337915,0.0,0.03923133605902208,False,3,D19-P01,A_simple_B_complex,G,184,537,36,27,27,insufficient_predicted_coverage_reserve,-12,656,20.153846153846153,272,130.6875,0.7062857142857143
101,8,old_surface_rotation,False,False,0.0,True,False,0.0,0.0,0.0,False,3,D19-P01,A_simple_B_complex,G,184,537,1,56,33,insufficient_predicted_coverage_reserve,-12,656,20.153846153846153,0,0.0,0.7062857142857143
101,9,asset_1_entry,False,False,0.0,True,True,0.0014945054945054944,0.0,0.0,False,3,D19-P01,A_simple_B_complex,G,184,537,13,62,30,insufficient_predicted_coverage_reserve,-27,656,20.153846153846153,136,65.34375,0.7062857142857143
101,10,asset_1_deep,False,False,0.0,True,True,0.0016326530612244899,0.0,0.0,False,3,D19-P01,A_simple_B_complex,G,184,537,14,61,29,insufficient_predicted_coverage_reserve,-26,656,20.153846153846153,160,76.875,0.7062857142857143
101,11,asset_3_corner_minus,False,True,0.04145132146238745,True,True,0.0014601538967187327,0.0,0.04145132146238745,False,3,D19-P01,A_simple_B_complex,G,184,537,55,28,27,insufficient_predicted_coverage_reserve,-32,656,20.153846153846153,272,130.6875,0.7062857142857143
101,12,asset_1_corner_plus,False,True,0.013749338453411336,True,True,0.0013018879113490826,0.0,0.013749338453411336,False,3,D19-P01,A_simple_B_complex,G,184,537,11,64,33,insufficient_predicted_coverage_reserve,-30,656,20.153846153846153,4,1.921875,0.7062857142857143
101,13,asset_3_corner_plus,False,True,0.042279040461205945,True,True,0.0019318138885321143,0.0,0.042279040461205945,False,3,D19-P01,A_simple_B_complex,G,184,537,42,41,27,insufficient_predicted_coverage_reserve,-32,656,20.153846153846153,272,130.6875,0.7062857142857143
101,14,asset_1_aperture_view,False,False,0.0,True,True,0.0017619047619047618,0.0,0.0,False,3,D19-P01,A_simple_B_complex,G,184,537,15,60,29,insufficient_predicted_coverage_reserve,-26,656,20.153846153846153,185,88.88671875,0.7062857142857143
101,15,asset_3_aperture_view,False,True,0.004985979245753526,True,True,0.000830996540958921,0.0,0.004985979245753526,False,3,D19-P01,A_simple_B_complex,G,184,537,6,59,33,insufficient_predicted_coverage_reserve,-20,656,20.153846153846153,0,0.0,0.7062857142857143
106,0,coverage_v20_0,False,False,0.0,False,True,0.0027142857142857142,0.0,0.0,False,3,D19-P01,A_simple_B_complex,G,184,563,3,47,25,insufficient_predicted_coverage_reserve,-2,511,19.51923076923077,57,27.298192771084338,0.727
106,1,coverage_v20_1,False,True,0.007538437793348632,False,True,0.0008893889099612189,0.0,0.007538437793348632,False,3,D19-P01,A_simple_B_complex,G,184,563,61,17,19,insufficient_predicted_coverage_reserve,-24,511,19.51923076923077,327,156.60542168674698,0.727
106,2,coverage_v20_2,False,False,0.0,False,True,0.0011666666666666668,0.0,0.0,False,3,D19-P01,A_simple_B_complex,G,184,563,12,56,24,insufficient_predicted_coverage_reserve,-19,511,19.51923076923077,98,46.933734939759034,0.727
106,3,coverage_v20_3,False,False,0.0,False,True,0.0007402597402597403,0.0,0.0,False,3,D19-P01,A_simple_B_complex,G,184,563,22,44,24,insufficient_predicted_coverage_reserve,-17,511,19.51923076923077,114,54.596385542168676,0.727
106,4,coverage_v20_4,False,True,0.013942031664876411,False,True,0.001977087825277475,0.0,0.013942031664876411,False,3,D19-P01,A_simple_B_complex,G,184,563,15,37,24,insufficient_predicted_coverage_reserve,-3,511,19.51923076923077,110,52.68072289156627,0.727
106,5,coverage_v20_5,False,False,0.0,False,True,0.0007755102040816326,0.0,0.0,False,3,D19-P01,A_simple_B_complex,G,184,563,21,33,24,insufficient_predicted_coverage_reserve,-5,511,19.51923076923077,114,54.596385542168676,0.727
106,6,coverage_v20_6,False,False,0.0,False,True,0.0005299539170506912,0.0,0.0,False,3,D19-P01,A_simple_B_complex,G,184,563,31,43,24,insufficient_predicted_coverage_reserve,-25,511,19.51923076923077,115,55.075301204819276,0.727
106,7,coverage_v20_7,False,True,0.02815790273099565,False,True,0.0010320246537485968,0.0,0.02815790273099565,False,3,D19-P01,A_simple_B_complex,G,184,563,54,18,22,insufficient_predicted_coverage_reserve,-21,511,19.51923076923077,193,92.43072289156626,0.727
106,8,old_surface_rotation,False,False,0.0,True,False,0.0,0.0,0.0,False,3,D19-P01,A_simple_B_complex,G,184,563,2,52,27,insufficient_predicted_coverage_reserve,-8,511,19.51923076923077,0,0.0,0.727
106,9,asset_1_entry,False,False,0.0,True,True,0.00045238095238095237,0.0,0.0,False,3,D19-P01,A_simple_B_complex,G,184,563,12,62,26,insufficient_predicted_coverage_reserve,-27,511,19.51923076923077,38,18.198795180722893,0.727
106,10,asset_1_deep,False,False,0.0,True,True,0.0004935064935064935,0.0,0.0,False,3,D19-P01,A_simple_B_complex,G,184,563,11,61,26,insufficient_predicted_coverage_reserve,-25,511,19.51923076923077,38,18.198795180722893,0.727
106,11,asset_3_corner_minus,False,True,0.04145132146238745,True,True,0.0011575978578191775,0.0,0.04145132146238745,False,3,D19-P01,A_simple_B_complex,G,184,563,50,28,24,insufficient_predicted_coverage_reserve,-29,511,19.51923076923077,115,55.075301204819276,0.727
106,12,asset_1_corner_plus,False,True,0.010093522471413196,True,True,0.0006729014980942131,0.0,0.010093522471413196,False,3,D19-P01,A_simple_B_complex,G,184,563,15,63,27,insufficient_predicted_coverage_reserve,-32,511,19.51923076923077,0,0.0,0.727
106,13,asset_3_corner_plus,False,True,0.042279040461205945,True,True,0.0015866922132372263,0.0,0.042279040461205945,False,3,D19-P01,A_simple_B_complex,G,184,563,37,41,24,insufficient_predicted_coverage_reserve,-29,511,19.51923076923077,115,55.075301204819276,0.727
106,14,asset_1_aperture_view,False,False,0.0,True,True,0.0005428571428571429,0.0,0.0,False,3,D19-P01,A_simple_B_complex,G,184,563,10,60,26,insufficient_predicted_coverage_reserve,-23,511,19.51923076923077,38,18.198795180722893,0.727
106,15,asset_3_aperture_view,False,True,0.005325834181884406,True,True,0.00048416674380767324,0.0,0.005325834181884406,False,3,D19-P01,A_simple_B_complex,G,184,563,11,59,27,insufficient_predicted_coverage_reserve,-24,511,19.51923076923077,0,0.0,0.727
109,0,coverage_v20_0,True,False,0.0,False,True,0.0006428571428571428,0.0,0.0,True,3,D19-P01,A_simple_B_complex,G,184,579,2,45,22,model_budget_passed,1,417,19.120689655172413,9,4.315789473684211,0.7404285714285714
109,1,coverage_v20_1,False,True,0.007538437793348632,False,True,0.0007137169077670947,0.0,0.007538437793348632,False,3,D19-P01,A_simple_B_complex,G,184,579,58,17,16,insufficient_predicted_coverage_reserve,-21,417,19.120689655172413,237,113.64912280701753,0.7404285714285714
109,2,coverage_v20_2,False,True,0.02815790273099565,False,True,0.000840631145985909,0.0,0.02815790273099565,False,3,D19-P01,A_simple_B_complex,G,184,579,51,18,20,insufficient_predicted_coverage_reserve,-19,417,19.120689655172413,103,49.39181286549707,0.7404285714285714
109,3,coverage_v20_3,False,False,0.0,False,True,0.0003015873015873016,0.0,0.0,False,3,D19-P01,A_simple_B_complex,G,184,579,9,56,22,insufficient_predicted_coverage_reserve,-17,417,19.120689655172413,19,9.11111111111111,0.7404285714285714
109,4,coverage_v20_4,True,False,0.0,False,True,0.0003,0.0,0.0,True,3,D19-P01,A_simple_B_complex,G,184,579,10,37,22,model_budget_passed,1,417,19.120689655172413,21,10.070175438596491,0.7404285714285714
109,5,coverage_v20_5,False,False,0.0,False,True,0.00014285714285714287,0.0,0.0,False,3,D19-P01,A_simple_B_complex,G,184,579,22,45,22,insufficient_predicted_coverage_reserve,-19,417,19.120689655172413,22,10.549707602339181,0.7404285714285714
109,6,coverage_v20_6,False,True,0.03951446865074423,False,True,0.0017234358888869122,0.0,0.03951446865074423,False,3,D19-P01,A_simple_B_complex,G,184,579,25,32,22,insufficient_predicted_coverage_reserve,-9,417,19.120689655172413,25,11.988304093567251,0.7404285714285714
109,7,coverage_v20_7,False,False,0.0,False,True,0.00018796992481203009,0.0,0.0,False,3,D19-P01,A_simple_B_complex,G,184,579,19,34,22,insufficient_predicted_coverage_reserve,-5,417,19.120689655172413,25,11.988304093567251,0.7404285714285714
109,8,old_surface_rotation,False,False,0.0,True,False,0.0,0.0,0.0,False,3,D19-P01,A_simple_B_complex,G,184,579,2,49,22,insufficient_predicted_coverage_reserve,-3,417,19.120689655172413,0,0.0,0.7404285714285714
109,9,asset_0_entry,False,False,0.0,True,True,0.0001836734693877551,0.0,0.0,False,3,D19-P01,A_simple_B_complex,G,184,579,14,61,22,insufficient_predicted_coverage_reserve,-27,417,19.120689655172413,18,8.631578947368421,0.7404285714285714
109,10,asset_0_deep,False,False,0.0,True,True,0.00019387755102040816,0.0,0.0,False,3,D19-P01,A_simple_B_complex,G,184,579,14,61,22,insufficient_predicted_coverage_reserve,-27,417,19.120689655172413,19,9.11111111111111,0.7404285714285714
109,11,asset_2_corner_minus,False,True,0.04145132146238745,True,True,0.0009579308517833196,0.0,0.04145132146238745,False,3,D19-P01,A_simple_B_complex,G,184,579,47,28,22,insufficient_predicted_coverage_reserve,-27,417,19.120689655172413,25,11.988304093567251,0.7404285714285714
109,12,asset_2_corner_plus,False,True,0.042279040461205945,True,True,0.0013485432068421918,0.0,0.042279040461205945,False,3,D19-P01,A_simple_B_complex,G,184,579,34,41,22,insufficient_predicted_coverage_reserve,-27,417,19.120689655172413,25,11.988304093567251,0.7404285714285714
109,13,asset_0_aperture_view,False,False,0.0,True,True,0.0002087912087912088,0.0,0.0,False,3,D19-P01,A_simple_B_complex,G,184,579,13,60,22,insufficient_predicted_coverage_reserve,-25,417,19.120689655172413,19,9.11111111111111,0.7404285714285714
109,14,asset_2_aperture_view,False,True,0.005325834181884406,True,True,0.00038041672727745756,0.0,0.005325834181884406,False,3,D19-P01,A_simple_B_complex,G,184,579,14,59,22,insufficient_predicted_coverage_reserve,-25,417,19.120689655172413,0,0.0,0.7404285714285714
111,0,coverage_v20_0,False,True,0.010263674428505802,False,True,0.000768430444154651,0.0,0.010263674428505802,False,3,D19-P01,A_simple_B_complex,G,184,590,55,18,22,insufficient_predicted_coverage_reserve,-27,405,13.98076923076923,224,107.44715447154472,0.7421428571428571
111,1,coverage_v20_1,False,True,0.007538437793348632,False,True,0.000708594552432246,0.0,0.007538437793348632,False,3,D19-P01,A_simple_B_complex,G,184,590,56,17,22,insufficient_predicted_coverage_reserve,-27,405,13.98076923076923,225,107.92682926829268,0.7421428571428571
111,2,coverage_v20_2,False,True,0.023927921634320157,False,True,0.0007678423748059776,0.0,0.023927921634320157,False,3,D19-P01,A_simple_B_complex,G,184,590,44,15,27,insufficient_predicted_coverage_reserve,-18,405,13.98076923076923,69,33.09756097560975,0.7421428571428571
111,3,coverage_v20_3,False,True,0.030307413379682405,False,True,0.0006951033435792068,0.0,0.030307413379682405,False,3,D19-P01,A_simple_B_complex,G,184,590,51,22,28,insufficient_predicted_coverage_reserve,-33,405,13.98076923076923,36,17.26829268292683,0.7421428571428571
111,4,coverage_v20_4,False,False,0.0,False,True,0.0003333333333333333,0.0,0.0,False,3,D19-P01,A_simple_B_complex,G,184,590,3,42,29,insufficient_predicted_coverage_reserve,-6,405,13.98076923076923,7,3.3577235772357725,0.7421428571428571
111,5,coverage_v20_5,False,False,0.0,False,True,0.00012698412698412698,0.0,0.0,False,3,D19-P01,A_simple_B_complex,G,184,590,9,54,29,insufficient_predicted_coverage_reserve,-24,405,13.98076923076923,8,3.83739837398374,0.7421428571428571
111,6,coverage_v20_6,False,False,0.0,False,True,0.00014285714285714287,0.0,0.0,False,3,D19-P01,A_simple_B_complex,G,184,590,11,34,29,insufficient_predicted_coverage_reserve,-6,405,13.98076923076923,11,5.276422764227642,0.7421428571428571
111,7,coverage_v20_7,False,True,0.03948511414716085,False,True,0.001968678904966843,0.0,0.03948511414716085,False,3,D19-P01,A_simple_B_complex,G,184,590,21,32,29,insufficient_predicted_coverage_reserve,-14,405,13.98076923076923,13,6.235772357723577,0.7421428571428571
111,8,old_surface_rotation,False,False,0.0,True,False,0.0,0.0,0.0,False,3,D19-P01,A_simple_B_complex,G,184,590,2,47,29,insufficient_predicted_coverage_reserve,-10,405,13.98076923076923,0,0.0,0.7421428571428571
111,9,asset_2_corner_minus,False,True,0.041450844115301595,True,True,0.0010071624877312662,0.0,0.041450844115301595,False,3,D19-P01,A_simple_B_complex,G,184,590,43,28,29,insufficient_predicted_coverage_reserve,-32,405,13.98076923076923,13,6.235772357723577,0.7421428571428571
111,10,asset_2_corner_plus,False,True,0.04227926275663534,True,True,0.0014237550197992968,0.0,0.04227926275663534,False,3,D19-P01,A_simple_B_complex,G,184,590,31,42,29,insufficient_predicted_coverage_reserve,-34,405,13.98076923076923,13,6.235772357723577,0.7421428571428571
111,11,asset_0_aperture_view,False,False,0.0,True,True,8.163265306122449e-05,0.0,0.0,False,3,D19-P01,A_simple_B_complex,G,184,590,14,59,29,insufficient_predicted_coverage_reserve,-34,405,13.98076923076923,8,3.83739837398374,0.7421428571428571
