index,parent,assignment,mode,budget,action_id,coverage_budget,new_remaining_outbound,old_remaining_outbound,old_target,option_id,reason,selection_call_id,target_retained,quality_intent,causal_quality_gain
0,D19-P00,A_complex_B_simple,G,160,5,"{""C_plan"": 0.2733333333333333, ""allowed"": false, ""class_used"": false, ""conservative_rate"": 17.1, ""coverage_budget_unit"": ""known_task_roi_cells"", ""coverage_proxy"": ""fixed_task_roi_known_fraction"", ""coverage_reserve_actions"": 138, ""coverage_status"": ""ok"", ""deficit_cells"": 2844, ""evaluation_truth_used"": false, ""movement_authorized"": false, ""navigation_used_for_budget"": false, ""outbound_cost"": 23, ""planning_coverage"": 0.2733333333333333, ""predicted_gain_cells"": 488.7894736842105, ""prediction"": {""actual_map_changed"": false, ""class_used"": false, ""coverage_budget_unit"": ""known_task_roi_cells"", ""discounted_known_gain_cells"": 488.7894736842105, ""evaluation_truth_used"": false, ""future_free_assumption_used"": false, ""gain_discount"": 0.5, ""navigation_used_for_prediction"": false, ""optimistic_known_gain_cells"": 1004, ""predicted_gain_cells"": 488.7894736842105, ""predicted_union_cells"": 1004, ""predicted_union_sha256"": ""8d1586d3607c5a8fbf81f24a2619ecc1bb16171889d9e044533559d31aca1798"", ""true_coverage_guaranteed"": false, ""union_yield_mean"": 0.9736842105263158}, ""pressure_after_route"": 1.419913502330614, ""proxy_is_certified_bound"": false, ""reason"": ""insufficient_predicted_coverage_reserve"", ""remaining_after_outbound_return_and_margin"": 97, ""remaining_budget"": 155, ""reserve_actions"": 5, ""residual_deficit_cells"": 2355.2105263157896, ""return_cost"": 30, ""total_required_actions"": 196, ""true_coverage_guaranteed"": false}",23,23,"[29, 47, 0]",D19-P00/v13-history-smoke/plan-1,same_coverage_target_updated,5,True,False,
0,D19-P00,A_complex_B_simple,G,160,10,"{""C_plan"": 0.29259259259259257, ""allowed"": false, ""class_used"": false, ""conservative_rate"": 13.75, ""coverage_budget_unit"": ""known_task_roi_cells"", ""coverage_proxy"": ""fixed_task_roi_known_fraction"", ""coverage_reserve_actions"": 176, ""coverage_status"": ""ok"", ""deficit_cells"": 2740, ""evaluation_truth_used"": false, ""movement_authorized"": false, ""navigation_used_for_budget"": false, ""outbound_cost"": 18, ""planning_coverage"": 0.29259259259259257, ""predicted_gain_cells"": 320.68461538461537, ""prediction"": {""actual_map_changed"": false, ""class_used"": false, ""coverage_budget_unit"": ""known_task_roi_cells"", ""discounted_known_gain_cells"": 320.68461538461537, ""evaluation_truth_used"": false, ""future_free_assumption_used"": false, ""gain_discount"": 0.5, ""navigation_used_for_prediction"": false, ""optimistic_known_gain_cells"": 887, ""predicted_gain_cells"": 320.68461538461537, ""predicted_union_cells"": 887, ""predicted_union_sha256"": ""af77f0d76541d1749fc9c2a692666fde51e672c6db81d55f8007b4452b47d345"", ""true_coverage_guaranteed"": false, ""union_yield_mean"": 0.7230769230769231}, ""pressure_after_route"": 1.8139196885588638, ""proxy_is_certified_bound"": false, ""reason"": ""insufficient_predicted_coverage_reserve"", ""remaining_after_outbound_return_and_margin"": 97, ""remaining_budget"": 150, ""reserve_actions"": 5, ""residual_deficit_cells"": 2419.3153846153846, ""return_cost"": 30, ""total_required_actions"": 229, ""true_coverage_guaranteed"": false}",18,18,"[29, 47, 0]",D19-P00/v13-history-smoke/plan-1,same_coverage_target_updated,5,True,False,
0,D19-P00,A_complex_B_simple,G,160,15,"{""C_plan"": 0.30148148148148146, ""allowed"": false, ""class_used"": false, ""conservative_rate"": 10.766666666666667, ""coverage_budget_unit"": ""known_task_roi_cells"", ""coverage_proxy"": ""fixed_task_roi_known_fraction"", ""coverage_reserve_actions"": 234, ""coverage_status"": ""ok"", ""deficit_cells"": 2692, ""evaluation_truth_used"": false, ""movement_authorized"": false, ""navigation_used_for_budget"": false, ""outbound_cost"": 13, ""planning_coverage"": 0.30148148148148146, ""predicted_gain_cells"": 177.59493670886076, ""prediction"": {""actual_map_changed"": false, ""class_used"": false, ""coverage_budget_unit"": ""known_task_roi_cells"", ""discounted_known_gain_cells"": 177.59493670886076, ""evaluation_truth_used"": false, ""future_free_assumption_used"": false, ""gain_discount"": 0.5, ""navigation_used_for_prediction"": false, ""optimistic_known_gain_cells"": 460, ""predicted_gain_cells"": 177.59493670886076, ""predicted_union_cells"": 460, ""predicted_union_sha256"": ""8dd8a9ded4f038d4f7c90db9d5a79838d91c194fb40cc55be45dd77cd94bc020"", ""true_coverage_guaranteed"": false, ""union_yield_mean"": 0.7721518987341772}, ""pressure_after_route"": 2.407588391648341, ""proxy_is_certified_bound"": false, ""reason"": ""insufficient_predicted_coverage_reserve"", ""remaining_after_outbound_return_and_margin"": 97, ""remaining_budget"": 145, ""reserve_actions"": 5, ""residual_deficit_cells"": 2514.4050632911394, ""return_cost"": 30, ""total_required_actions"": 282, ""true_coverage_guaranteed"": false}",13,13,"[29, 47, 0]",D19-P00/v13-history-smoke/plan-1,same_coverage_target_updated,5,True,False,
0,D19-P00,A_complex_B_simple,G,160,20,"{""C_plan"": 0.3238888888888889, ""allowed"": false, ""class_used"": false, ""conservative_rate"": 11.1, ""coverage_budget_unit"": ""known_task_roi_cells"", ""coverage_proxy"": ""fixed_task_roi_known_fraction"", ""coverage_reserve_actions"": 220, ""coverage_status"": ""ok"", ""deficit_cells"": 2571, ""evaluation_truth_used"": false, ""movement_authorized"": false, ""navigation_used_for_budget"": false, ""outbound_cost"": 8, ""planning_coverage"": 0.3238888888888889, ""predicted_gain_cells"": 138.37142857142857, ""prediction"": {""actual_map_changed"": false, ""class_used"": false, ""coverage_budget_unit"": ""known_task_roi_cells"", ""discounted_known_gain_cells"": 138.37142857142857, ""evaluation_truth_used"": false, ""future_free_assumption_used"": false, ""gain_discount"": 0.5, ""navigation_used_for_prediction"": false, ""optimistic_known_gain_cells"": 334, ""predicted_gain_cells"": 138.37142857142857, ""predicted_union_cells"": 334, ""predicted_union_sha256"": ""495887579e7157cbe32fb2ac23a301574a7a0e79d56eb9b96e13701d461796d7"", ""true_coverage_guaranteed"": false, ""union_yield_mean"": 0.8285714285714286}, ""pressure_after_route"": 2.259337393358012, ""proxy_is_certified_bound"": false, ""reason"": ""insufficient_predicted_coverage_reserve"", ""remaining_after_outbound_return_and_margin"": 97, ""remaining_budget"": 140, ""reserve_actions"": 5, ""residual_deficit_cells"": 2432.6285714285714, ""return_cost"": 30, ""total_required_actions"": 263, ""true_coverage_guaranteed"": false}",8,8,"[29, 47, 0]",D19-P00/v13-history-smoke/plan-1,same_coverage_target_updated,5,True,False,
0,D19-P00,A_complex_B_simple,G,160,25,"{""C_plan"": 0.3605555555555556, ""allowed"": false, ""class_used"": false, ""conservative_rate"": 12.84, ""coverage_budget_unit"": ""known_task_roi_cells"", ""coverage_proxy"": ""fixed_task_roi_known_fraction"", ""coverage_reserve_actions"": 182, ""coverage_status"": ""ok"", ""deficit_cells"": 2373, ""evaluation_truth_used"": false, ""movement_authorized"": false, ""navigation_used_for_budget"": false, ""outbound_cost"": 3, ""planning_coverage"": 0.3605555555555556, ""predicted_gain_cells"": 36.91509433962264, ""prediction"": {""actual_map_changed"": false, ""class_used"": false, ""coverage_budget_unit"": ""known_task_roi_cells"", ""discounted_known_gain_cells"": 36.91509433962264, ""evaluation_truth_used"": false, ""future_free_assumption_used"": false, ""gain_discount"": 0.5, ""navigation_used_for_prediction"": false, ""optimistic_known_gain_cells"": 91, ""predicted_gain_cells"": 36.91509433962264, ""predicted_union_cells"": 91, ""predicted_union_sha256"": ""37074c98cdf8ec47c08406c2473f279d85cc3781958470617389e1d958dbc28b"", ""true_coverage_guaranteed"": false, ""union_yield_mean"": 0.8113207547169812}, ""pressure_after_route"": 1.8756502759260505, ""proxy_is_certified_bound"": false, ""reason"": ""insufficient_predicted_coverage_reserve"", ""remaining_after_outbound_return_and_margin"": 97, ""remaining_budget"": 135, ""reserve_actions"": 5, ""residual_deficit_cells"": 2336.0849056603774, ""return_cost"": 30, ""total_required_actions"": 220, ""true_coverage_guaranteed"": false}",3,3,"[29, 47, 0]",D19-P00/v13-history-smoke/plan-1,same_coverage_target_updated,5,True,False,
0,D19-P00,A_complex_B_simple,G,160,33,"{""C_plan"": 0.44037037037037036, ""allowed"": false, ""class_used"": false, ""conservative_rate"": 16.107142857142858, ""coverage_budget_unit"": ""known_task_roi_cells"", ""coverage_proxy"": ""fixed_task_roi_known_fraction"", ""coverage_reserve_actions"": 113, ""coverage_status"": ""ok"", ""deficit_cells"": 1942, ""evaluation_truth_used"": false, ""movement_authorized"": false, ""navigation_used_for_budget"": false, ""outbound_cost"": 4, ""planning_coverage"": 0.44037037037037036, ""predicted_gain_cells"": 128.048, ""prediction"": {""actual_map_changed"": false, ""class_used"": false, ""coverage_budget_unit"": ""known_task_roi_cells"", ""discounted_known_gain_cells"": 128.048, ""evaluation_truth_used"": false, ""future_free_assumption_used"": false, ""gain_discount"": 0.5, ""navigation_used_for_prediction"": false, ""optimistic_known_gain_cells"": 302, ""predicted_gain_cells"": 128.048, ""predicted_union_cells"": 302, ""predicted_union_sha256"": ""5294157a9c0823a4f6b25d3037426ffe684b685e669d4a30e400f5acdaa45cfe"", ""true_coverage_guaranteed"": false, ""union_yield_mean"": 0.848}, ""pressure_after_route"": 1.425542563641977, ""proxy_is_certified_bound"": false, ""reason"": ""insufficient_predicted_coverage_reserve"", ""remaining_after_outbound_return_and_margin"": 79, ""remaining_budget"": 127, ""reserve_actions"": 5, ""residual_deficit_cells"": 1813.952, ""return_cost"": 39, ""total_required_actions"": 161, ""true_coverage_guaranteed"": false}",4,4,"[20, 47, 0]",D19-P00/v13-history-smoke/plan-2,same_coverage_target_updated,151,True,False,
0,D19-P00,A_complex_B_simple,G,160,52,"{""C_plan"": 0.5318518518518518, ""allowed"": false, ""class_used"": false, ""conservative_rate"": 22.5, ""coverage_budget_unit"": ""known_task_roi_cells"", ""coverage_proxy"": ""fixed_task_roi_known_fraction"", ""coverage_reserve_actions"": 51, ""coverage_status"": ""ok"", ""deficit_cells"": 1448, ""evaluation_truth_used"": false, ""movement_authorized"": false, ""navigation_used_for_budget"": false, ""outbound_cost"": 24, ""planning_coverage"": 0.5318518518518518, ""predicted_gain_cells"": 304.52613240418117, ""prediction"": {""actual_map_changed"": false, ""class_used"": false, ""coverage_budget_unit"": ""known_task_roi_cells"", ""discounted_known_gain_cells"": 304.52613240418117, ""evaluation_truth_used"": false, ""future_free_assumption_used"": false, ""gain_discount"": 0.5, ""navigation_used_for_prediction"": false, ""optimistic_known_gain_cells"": 702, ""predicted_gain_cells"": 304.52613240418117, ""predicted_union_cells"": 702, ""predicted_union_sha256"": ""a50496198912769475dbe28019e91c081bc9ba42f76ba5b1f4924ee31ecdffa9"", ""true_coverage_guaranteed"": false, ""union_yield_mean"": 0.867595818815331}, ""pressure_after_route"": 3.388070718802426, ""proxy_is_certified_bound"": false, ""reason"": ""insufficient_predicted_coverage_reserve"", ""remaining_after_outbound_return_and_margin"": 15, ""remaining_budget"": 108, ""reserve_actions"": 5, ""residual_deficit_cells"": 1143.4738675958188, ""return_cost"": 64, ""total_required_actions"": 144, ""true_coverage_guaranteed"": false}",24,18,"[20, 69, 1]",D19-P00/v13-history-smoke/plan-8,same_coverage_target_updated,253,True,False,
0,D19-P00,A_complex_B_simple,G,160,57,"{""C_plan"": 0.547037037037037, ""allowed"": false, ""class_used"": false, ""conservative_rate"": 21.77777777777778, ""coverage_budget_unit"": ""known_task_roi_cells"", ""coverage_proxy"": ""fixed_task_roi_known_fraction"", ""coverage_reserve_actions"": 51, ""coverage_status"": ""ok"", ""deficit_cells"": 1366, ""evaluation_truth_used"": false, ""movement_authorized"": false, ""navigation_used_for_budget"": false, ""outbound_cost"": 19, ""planning_coverage"": 0.547037037037037, ""predicted_gain_cells"": 272.43870967741935, ""prediction"": {""actual_map_changed"": false, ""class_used"": false, ""coverage_budget_unit"": ""known_task_roi_cells"", ""discounted_known_gain_cells"": 272.43870967741935, ""evaluation_truth_used"": false, ""future_free_assumption_used"": false, ""gain_discount"": 0.5, ""navigation_used_for_prediction"": false, ""optimistic_known_gain_cells"": 621, ""predicted_gain_cells"": 272.43870967741935, ""predicted_union_cells"": 621, ""predicted_union_sha256"": ""4c124ba206787988aea31101bdcccfce69539a7031753d02af41c16a486fdb59"", ""true_coverage_guaranteed"": false, ""union_yield_mean"": 0.8774193548387097}, ""pressure_after_route"": 3.347636603028308, ""proxy_is_certified_bound"": false, ""reason"": ""insufficient_predicted_coverage_reserve"", ""remaining_after_outbound_return_and_margin"": 15, ""remaining_budget"": 103, ""reserve_actions"": 5, ""residual_deficit_cells"": 1093.5612903225806, ""return_cost"": 64, ""total_required_actions"": 139, ""true_coverage_guaranteed"": false}",19,19,"[20, 69, 1]",D19-P00/v13-history-smoke/plan-8,same_coverage_target_updated,253,True,False,
0,D19-P00,A_complex_B_simple,G,160,62,,,14,"[20, 69, 1]",D19-P00/v13-history-smoke/plan-8,target_no_longer_affordable_on_observed_map,253,False,False,
0,D19-P00,A_complex_B_simple,G,160,67,"{""C_plan"": 0.5888888888888889, ""allowed"": false, ""class_used"": false, ""conservative_rate"": 18.35185185185185, ""coverage_budget_unit"": ""known_task_roi_cells"", ""coverage_proxy"": ""fixed_task_roi_known_fraction"", ""coverage_reserve_actions"": 54, ""coverage_status"": ""ok"", ""deficit_cells"": 1140, ""evaluation_truth_used"": false, ""movement_authorized"": false, ""navigation_used_for_budget"": false, ""outbound_cost"": 6, ""planning_coverage"": 0.5888888888888889, ""predicted_gain_cells"": 160.62322946175638, ""prediction"": {""actual_map_changed"": false, ""class_used"": false, ""coverage_budget_unit"": ""known_task_roi_cells"", ""discounted_known_gain_cells"": 160.62322946175638, ""evaluation_truth_used"": false, ""future_free_assumption_used"": false, ""gain_discount"": 0.5, ""navigation_used_for_prediction"": false, ""optimistic_known_gain_cells"": 360, ""predicted_gain_cells"": 160.62322946175638, ""predicted_union_cells"": 360, ""predicted_union_sha256"": ""3984e8319aa66f884ea6656ff668ee2b3f7498373257ea22d138810f7f2764c1"", ""true_coverage_guaranteed"": false, ""union_yield_mean"": 0.8923512747875354}, ""pressure_after_route"": 2.8087708114645045, ""proxy_is_certified_bound"": false, ""reason"": ""insufficient_predicted_coverage_reserve"", ""remaining_after_outbound_return_and_margin"": 19, ""remaining_budget"": 93, ""reserve_actions"": 5, ""residual_deficit_cells"": 979.3767705382436, ""return_cost"": 63, ""total_required_actions"": 128, ""true_coverage_guaranteed"": false}",6,6,"[19, 69, 1]",D19-P00/v13-history-smoke/plan-9,same_coverage_target_updated,332,True,False,
0,D19-P00,A_complex_B_simple,G,160,72,"{""C_plan"": 0.6420370370370371, ""allowed"": false, ""class_used"": false, ""conservative_rate"": 15.907407407407407, ""coverage_budget_unit"": ""known_task_roi_cells"", ""coverage_proxy"": ""fixed_task_roi_known_fraction"", ""coverage_reserve_actions"": 54, ""coverage_status"": ""ok"", ""deficit_cells"": 853, ""evaluation_truth_used"": false, ""movement_authorized"": false, ""navigation_used_for_budget"": false, ""outbound_cost"": 1, ""planning_coverage"": 0.6420370370370371, ""predicted_gain_cells"": 0.0, ""prediction"": {""actual_map_changed"": false, ""class_used"": false, ""coverage_budget_unit"": ""known_task_roi_cells"", ""discounted_known_gain_cells"": 0.0, ""evaluation_truth_used"": false, ""future_free_assumption_used"": false, ""gain_discount"": 0.5, ""navigation_used_for_prediction"": false, ""optimistic_known_gain_cells"": 0, ""predicted_gain_cells"": 0.0, ""predicted_union_cells"": 0, ""predicted_union_sha256"": ""df469ce41663d86d700926e5e24b6cd731777363a8f519c7f034c2831ac2db4b"", ""true_coverage_guaranteed"": false, ""union_yield_mean"": 0.8975741239892183}, ""pressure_after_route"": 2.8222535383861285, ""proxy_is_certified_bound"": false, ""reason"": ""insufficient_predicted_coverage_reserve"", ""remaining_after_outbound_return_and_margin"": 19, ""remaining_budget"": 88, ""reserve_actions"": 5, ""residual_deficit_cells"": 853.0, ""return_cost"": 63, ""total_required_actions"": 123, ""true_coverage_guaranteed"": false}",,1,"[19, 69, 1]",D19-P00/v13-history-smoke/plan-9,no_remaining_unique_coverage_gain,332,False,False,
0,D19-P00,A_complex_B_simple,G,160,77,"{""C_plan"": 0.6503703703703704, ""allowed"": false, ""class_used"": false, ""conservative_rate"": 11.633333333333333, ""coverage_budget_unit"": ""known_task_roi_cells"", ""coverage_proxy"": ""fixed_task_roi_known_fraction"", ""coverage_reserve_actions"": 55, ""coverage_status"": ""ok"", ""deficit_cells"": 808, ""evaluation_truth_used"": false, ""movement_authorized"": false, ""navigation_used_for_budget"": false, ""outbound_cost"": 14, ""planning_coverage"": 0.6503703703703704, ""predicted_gain_cells"": 171.04032258064515, ""prediction"": {""actual_map_changed"": false, ""class_used"": false, ""coverage_budget_unit"": ""known_task_roi_cells"", ""discounted_known_gain_cells"": 171.04032258064515, ""evaluation_truth_used"": false, ""future_free_assumption_used"": false, ""gain_discount"": 0.5, ""navigation_used_for_prediction"": false, ""optimistic_known_gain_cells"": 381, ""predicted_gain_cells"": 171.04032258064515, ""predicted_union_cells"": 381, ""predicted_union_sha256"": ""9e9822829f9b94f671c0acccb73a047f6176b6e4b1e6ba43612bb1b2497475c3"", ""true_coverage_guaranteed"": false, ""union_yield_mean"": 0.8978494623655914}, ""pressure_after_route"": 2.8817358351049083, ""proxy_is_certified_bound"": false, ""reason"": ""insufficient_predicted_coverage_reserve"", ""remaining_after_outbound_return_and_margin"": 19, ""remaining_budget"": 83, ""reserve_actions"": 5, ""residual_deficit_cells"": 636.9596774193549, ""return_cost"": 45, ""total_required_actions"": 119, ""true_coverage_guaranteed"": false}",14,14,"[35, 70, 2]",D19-P00/v13-history-smoke/plan-10,same_coverage_target_updated,385,True,False,
0,D19-P00,A_complex_B_simple,G,160,82,"{""C_plan"": 0.6592592592592592, ""allowed"": false, ""class_used"": false, ""conservative_rate"": 11.466666666666667, ""coverage_budget_unit"": ""known_task_roi_cells"", ""coverage_proxy"": ""fixed_task_roi_known_fraction"", ""coverage_reserve_actions"": 53, ""coverage_status"": ""ok"", ""deficit_cells"": 760, ""evaluation_truth_used"": false, ""movement_authorized"": false, ""navigation_used_for_budget"": false, ""outbound_cost"": 9, ""planning_coverage"": 0.6592592592592592, ""predicted_gain_cells"": 152.27604166666666, ""prediction"": {""actual_map_changed"": false, ""class_used"": false, ""coverage_budget_unit"": ""known_task_roi_cells"", ""discounted_known_gain_cells"": 152.27604166666666, ""evaluation_truth_used"": false, ""future_free_assumption_used"": false, ""gain_discount"": 0.5, ""navigation_used_for_prediction"": false, ""optimistic_known_gain_cells"": 338, ""predicted_gain_cells"": 152.27604166666666, ""predicted_union_cells"": 338, ""predicted_union_sha256"": ""f60c4e4ed176ccada305e55b836bb940d55d67ffb97caf008a0f3a76ad163f5a"", ""true_coverage_guaranteed"": false, ""union_yield_mean"": 0.9010416666666666}, ""pressure_after_route"": 2.7894306533047737, ""proxy_is_certified_bound"": false, ""reason"": ""insufficient_predicted_coverage_reserve"", ""remaining_after_outbound_return_and_margin"": 19, ""remaining_budget"": 78, ""reserve_actions"": 5, ""residual_deficit_cells"": 607.7239583333334, ""return_cost"": 45, ""total_required_actions"": 112, ""true_coverage_guaranteed"": false}",9,9,"[35, 70, 2]",D19-P00/v13-history-smoke/plan-10,same_coverage_target_updated,385,True,False,
0,D19-P00,A_complex_B_simple,G,160,87,"{""C_plan"": 0.7003703703703704, ""allowed"": false, ""class_used"": false, ""conservative_rate"": 13.8, ""coverage_budget_unit"": ""known_task_roi_cells"", ""coverage_proxy"": ""fixed_task_roi_known_fraction"", ""coverage_reserve_actions"": 35, ""coverage_status"": ""ok"", ""deficit_cells"": 538, ""evaluation_truth_used"": false, ""movement_authorized"": false, ""navigation_used_for_budget"": false, ""outbound_cost"": 4, ""planning_coverage"": 0.7003703703703704, ""predicted_gain_cells"": 55.13414634146341, ""prediction"": {""actual_map_changed"": false, ""class_used"": false, ""coverage_budget_unit"": ""known_task_roi_cells"", ""discounted_known_gain_cells"": 55.13414634146341, ""evaluation_truth_used"": false, ""future_free_assumption_used"": false, ""gain_discount"": 0.5, ""navigation_used_for_prediction"": false, ""optimistic_known_gain_cells"": 121, ""predicted_gain_cells"": 55.13414634146341, ""predicted_union_cells"": 121, ""predicted_union_sha256"": ""8c6d244d1cd188cc880abe623c78326424e541d05c180f7b55c9d858a34e3138"", ""true_coverage_guaranteed"": false, ""union_yield_mean"": 0.9113082039911308}, ""pressure_after_route"": 1.8415936447693997, ""proxy_is_certified_bound"": false, ""reason"": ""insufficient_predicted_coverage_reserve"", ""remaining_after_outbound_return_and_margin"": 19, ""remaining_budget"": 73, ""reserve_actions"": 5, ""residual_deficit_cells"": 482.8658536585366, ""return_cost"": 45, ""total_required_actions"": 89, ""true_coverage_guaranteed"": false}",4,4,"[35, 70, 2]",D19-P00/v13-history-smoke/plan-10,same_coverage_target_updated,385,True,False,
0,D19-P00,A_complex_B_simple,G,160,96,"{""C_plan"": 0.7301851851851852, ""allowed"": false, ""class_used"": false, ""conservative_rate"": 13.155172413793103, ""coverage_budget_unit"": ""known_task_roi_cells"", ""coverage_proxy"": ""fixed_task_roi_known_fraction"", ""coverage_reserve_actions"": 21, ""coverage_status"": ""ok"", ""deficit_cells"": 377, ""evaluation_truth_used"": false, ""movement_authorized"": false, ""navigation_used_for_budget"": false, ""outbound_cost"": 43, ""planning_coverage"": 0.7301851851851852, ""predicted_gain_cells"": 108.22368421052632, ""prediction"": {""actual_map_changed"": false, ""class_used"": false, ""coverage_budget_unit"": ""known_task_roi_cells"", ""discounted_known_gain_cells"": 108.22368421052632, ""evaluation_truth_used"": false, ""future_free_assumption_used"": false, ""gain_discount"": 0.5, ""navigation_used_for_prediction"": false, ""optimistic_known_gain_cells"": 235, ""predicted_gain_cells"": 108.22368421052632, ""predicted_union_cells"": 235, ""predicted_union_sha256"": ""3df7903c5648223efd44c3a9111b760df84865ee3afdf5ce3226c3daf6b47199"", ""true_coverage_guaranteed"": false, ""union_yield_mean"": 0.9210526315789473}, ""pressure_after_route"": null, ""proxy_is_certified_bound"": false, ""reason"": ""insufficient_predicted_coverage_reserve"", ""remaining_after_outbound_return_and_margin"": -5, ""remaining_budget"": 64, ""reserve_actions"": 5, ""residual_deficit_cells"": 268.7763157894737, ""return_cost"": 21, ""total_required_actions"": 90, ""true_coverage_guaranteed"": false}",43,43,"[46, 34, 3]",D19-P00/v13-history-smoke/plan-11,same_coverage_target_updated,484,True,False,
0,D19-P00,A_complex_B_simple,G,160,101,"{""C_plan"": 0.7301851851851852, ""allowed"": false, ""class_used"": false, ""conservative_rate"": 8.206896551724139, ""coverage_budget_unit"": ""known_task_roi_cells"", ""coverage_proxy"": ""fixed_task_roi_known_fraction"", ""coverage_reserve_actions"": 33, ""coverage_status"": ""ok"", ""deficit_cells"": 377, ""evaluation_truth_used"": false, ""movement_authorized"": false, ""navigation_used_for_budget"": false, ""outbound_cost"": 38, ""planning_coverage"": 0.7301851851851852, ""predicted_gain_cells"": 108.22368421052632, ""prediction"": {""actual_map_changed"": false, ""class_used"": false, ""coverage_budget_unit"": ""known_task_roi_cells"", ""discounted_known_gain_cells"": 108.22368421052632, ""evaluation_truth_used"": false, ""future_free_assumption_used"": false, ""gain_discount"": 0.5, ""navigation_used_for_prediction"": false, ""optimistic_known_gain_cells"": 235, ""predicted_gain_cells"": 108.22368421052632, ""predicted_union_cells"": 235, ""predicted_union_sha256"": ""3df7903c5648223efd44c3a9111b760df84865ee3afdf5ce3226c3daf6b47199"", ""true_coverage_guaranteed"": false, ""union_yield_mean"": 0.9210526315789473}, ""pressure_after_route"": null, ""proxy_is_certified_bound"": false, ""reason"": ""insufficient_predicted_coverage_reserve"", ""remaining_after_outbound_return_and_margin"": -5, ""remaining_budget"": 59, ""reserve_actions"": 5, ""residual_deficit_cells"": 268.7763157894737, ""return_cost"": 21, ""total_required_actions"": 97, ""true_coverage_guaranteed"": false}",38,38,"[46, 34, 3]",D19-P00/v13-history-smoke/plan-11,same_coverage_target_updated,484,True,False,
0,D19-P00,A_complex_B_simple,G,160,106,"{""C_plan"": 0.7322222222222222, ""allowed"": false, ""class_used"": false, ""conservative_rate"": 7.620689655172414, ""coverage_budget_unit"": ""known_task_roi_cells"", ""coverage_proxy"": ""fixed_task_roi_known_fraction"", ""coverage_reserve_actions"": 35, ""coverage_status"": ""ok"", ""deficit_cells"": 366, ""evaluation_truth_used"": false, ""movement_authorized"": false, ""navigation_used_for_budget"": false, ""outbound_cost"": 33, ""planning_coverage"": 0.7322222222222222, ""predicted_gain_cells"": 103.15789473684211, ""prediction"": {""actual_map_changed"": false, ""class_used"": false, ""coverage_budget_unit"": ""known_task_roi_cells"", ""discounted_known_gain_cells"": 103.15789473684211, ""evaluation_truth_used"": false, ""future_free_assumption_used"": false, ""gain_discount"": 0.5, ""navigation_used_for_prediction"": false, ""optimistic_known_gain_cells"": 224, ""predicted_gain_cells"": 103.15789473684211, ""predicted_union_cells"": 224, ""predicted_union_sha256"": ""2e4a318d6bb67946903f94e92a4a20527acadfcb72d18a67473a724d83423f92"", ""true_coverage_guaranteed"": false, ""union_yield_mean"": 0.9210526315789473}, ""pressure_after_route"": null, ""proxy_is_certified_bound"": false, ""reason"": ""insufficient_predicted_coverage_reserve"", ""remaining_after_outbound_return_and_margin"": -5, ""remaining_budget"": 54, ""reserve_actions"": 5, ""residual_deficit_cells"": 262.8421052631579, ""return_cost"": 21, ""total_required_actions"": 94, ""true_coverage_guaranteed"": false}",33,33,"[46, 34, 3]",D19-P00/v13-history-smoke/plan-11,same_coverage_target_updated,484,True,False,
0,D19-P00,A_complex_B_simple,G,160,111,"{""C_plan"": 0.7322222222222222, ""allowed"": false, ""class_used"": false, ""conservative_rate"": 6.793103448275862, ""coverage_budget_unit"": ""known_task_roi_cells"", ""coverage_proxy"": ""fixed_task_roi_known_fraction"", ""coverage_reserve_actions"": 39, ""coverage_status"": ""ok"", ""deficit_cells"": 366, ""evaluation_truth_used"": false, ""movement_authorized"": false, ""navigation_used_for_budget"": false, ""outbound_cost"": 28, ""planning_coverage"": 0.7322222222222222, ""predicted_gain_cells"": 103.15789473684211, ""prediction"": {""actual_map_changed"": false, ""class_used"": false, ""coverage_budget_unit"": ""known_task_roi_cells"", ""discounted_known_gain_cells"": 103.15789473684211, ""evaluation_truth_used"": false, ""future_free_assumption_used"": false, ""gain_discount"": 0.5, ""navigation_used_for_prediction"": false, ""optimistic_known_gain_cells"": 224, ""predicted_gain_cells"": 103.15789473684211, ""predicted_union_cells"": 224, ""predicted_union_sha256"": ""2e4a318d6bb67946903f94e92a4a20527acadfcb72d18a67473a724d83423f92"", ""true_coverage_guaranteed"": false, ""union_yield_mean"": 0.9210526315789473}, ""pressure_after_route"": null, ""proxy_is_certified_bound"": false, ""reason"": ""insufficient_predicted_coverage_reserve"", ""remaining_after_outbound_return_and_margin"": -5, ""remaining_budget"": 49, ""reserve_actions"": 5, ""residual_deficit_cells"": 262.8421052631579, ""return_cost"": 21, ""total_required_actions"": 93, ""true_coverage_guaranteed"": false}",28,28,"[46, 34, 3]",D19-P00/v13-history-smoke/plan-11,same_coverage_target_updated,484,True,False,
0,D19-P00,A_complex_B_simple,G,160,116,"{""C_plan"": 0.7322222222222222, ""allowed"": false, ""class_used"": false, ""conservative_rate"": 2.9655172413793105, ""coverage_budget_unit"": ""known_task_roi_cells"", ""coverage_proxy"": ""fixed_task_roi_known_fraction"", ""coverage_reserve_actions"": 89, ""coverage_status"": ""ok"", ""deficit_cells"": 366, ""evaluation_truth_used"": false, ""movement_authorized"": false, ""navigation_used_for_budget"": false, ""outbound_cost"": 23, ""planning_coverage"": 0.7322222222222222, ""predicted_gain_cells"": 103.15789473684211, ""prediction"": {""actual_map_changed"": false, ""class_used"": false, ""coverage_budget_unit"": ""known_task_roi_cells"", ""discounted_known_gain_cells"": 103.15789473684211, ""evaluation_truth_used"": false, ""future_free_assumption_used"": false, ""gain_discount"": 0.5, ""navigation_used_for_prediction"": false, ""optimistic_known_gain_cells"": 224, ""predicted_gain_cells"": 103.15789473684211, ""predicted_union_cells"": 224, ""predicted_union_sha256"": ""2e4a318d6bb67946903f94e92a4a20527acadfcb72d18a67473a724d83423f92"", ""true_coverage_guaranteed"": false, ""union_yield_mean"": 0.9210526315789473}, ""pressure_after_route"": null, ""proxy_is_certified_bound"": false, ""reason"": ""insufficient_predicted_coverage_reserve"", ""remaining_after_outbound_return_and_margin"": -5, ""remaining_budget"": 44, ""reserve_actions"": 5, ""residual_deficit_cells"": 262.8421052631579, ""return_cost"": 21, ""total_required_actions"": 138, ""true_coverage_guaranteed"": false}",23,23,"[46, 34, 3]",D19-P00/v13-history-smoke/plan-11,same_coverage_target_updated,484,True,False,
0,D19-P00,A_complex_B_simple,G,160,121,"{""C_plan"": 0.7322222222222222, ""allowed"": false, ""class_used"": false, ""conservative_rate"": 0.27586206896551724, ""coverage_budget_unit"": ""known_task_roi_cells"", ""coverage_proxy"": ""fixed_task_roi_known_fraction"", ""coverage_reserve_actions"": 953, ""coverage_status"": ""ok"", ""deficit_cells"": 366, ""evaluation_truth_used"": false, ""movement_authorized"": false, ""navigation_used_for_budget"": false, ""outbound_cost"": 18, ""planning_coverage"": 0.7322222222222222, ""predicted_gain_cells"": 103.15789473684211, ""prediction"": {""actual_map_changed"": false, ""class_used"": false, ""coverage_budget_unit"": ""known_task_roi_cells"", ""discounted_known_gain_cells"": 103.15789473684211, ""evaluation_truth_used"": false, ""future_free_assumption_used"": false, ""gain_discount"": 0.5, ""navigation_used_for_prediction"": false, ""optimistic_known_gain_cells"": 224, ""predicted_gain_cells"": 103.15789473684211, ""predicted_union_cells"": 224, ""predicted_union_sha256"": ""2e4a318d6bb67946903f94e92a4a20527acadfcb72d18a67473a724d83423f92"", ""true_coverage_guaranteed"": false, ""union_yield_mean"": 0.9210526315789473}, ""pressure_after_route"": null, ""proxy_is_certified_bound"": false, ""reason"": ""insufficient_predicted_coverage_reserve"", ""remaining_after_outbound_return_and_margin"": -5, ""remaining_budget"": 39, ""reserve_actions"": 5, ""residual_deficit_cells"": 262.8421052631579, ""return_cost"": 21, ""total_required_actions"": 997, ""true_coverage_guaranteed"": false}",18,18,"[46, 34, 3]",D19-P00/v13-history-smoke/plan-11,same_coverage_target_updated,484,True,False,
0,D19-P00,A_complex_B_simple,G,160,126,"{""C_plan"": 0.7325925925925926, ""allowed"": false, ""class_used"": false, ""conservative_rate"": 0.22413793103448276, ""coverage_budget_unit"": ""known_task_roi_cells"", ""coverage_proxy"": ""fixed_task_roi_known_fraction"", ""coverage_reserve_actions"": 1199, ""coverage_status"": ""ok"", ""deficit_cells"": 364, ""evaluation_truth_used"": false, ""movement_authorized"": false, ""navigation_used_for_budget"": false, ""outbound_cost"": 13, ""planning_coverage"": 0.7325925925925926, ""predicted_gain_cells"": 95.32894736842105, ""prediction"": {""actual_map_changed"": false, ""class_used"": false, ""coverage_budget_unit"": ""known_task_roi_cells"", ""discounted_known_gain_cells"": 95.32894736842105, ""evaluation_truth_used"": false, ""future_free_assumption_used"": false, ""gain_discount"": 0.5, ""navigation_used_for_prediction"": false, ""optimistic_known_gain_cells"": 207, ""predicted_gain_cells"": 95.32894736842105, ""predicted_union_cells"": 207, ""predicted_union_sha256"": ""c1fe600619fa3aa4ab3c065f71f7e2a66a5ab45c9749e866d46e8da4b0067343"", ""true_coverage_guaranteed"": false, ""union_yield_mean"": 0.9210526315789473}, ""pressure_after_route"": null, ""proxy_is_certified_bound"": false, ""reason"": ""insufficient_predicted_coverage_reserve"", ""remaining_after_outbound_return_and_margin"": -5, ""remaining_budget"": 34, ""reserve_actions"": 5, ""residual_deficit_cells"": 268.67105263157896, ""return_cost"": 21, ""total_required_actions"": 1238, ""true_coverage_guaranteed"": false}",13,13,"[46, 34, 3]",D19-P00/v13-history-smoke/plan-11,same_coverage_target_updated,484,True,False,
0,D19-P00,A_complex_B_simple,G,160,131,"{""C_plan"": 0.7462962962962963, ""allowed"": false, ""class_used"": false, ""conservative_rate"": 1.5, ""coverage_budget_unit"": ""known_task_roi_cells"", ""coverage_proxy"": ""fixed_task_roi_known_fraction"", ""coverage_reserve_actions"": 155, ""coverage_status"": ""ok"", ""deficit_cells"": 290, ""evaluation_truth_used"": false, ""movement_authorized"": false, ""navigation_used_for_budget"": false, ""outbound_cost"": 8, ""planning_coverage"": 0.7462962962962963, ""predicted_gain_cells"": 57.656826568265686, ""prediction"": {""actual_map_changed"": false, ""class_used"": false, ""coverage_budget_unit"": ""known_task_roi_cells"", ""discounted_known_gain_cells"": 57.656826568265686, ""evaluation_truth_used"": false, ""future_free_assumption_used"": false, ""gain_discount"": 0.5, ""navigation_used_for_prediction"": false, ""optimistic_known_gain_cells"": 125, ""predicted_gain_cells"": 57.656826568265686, ""predicted_union_cells"": 125, ""predicted_union_sha256"": ""caaa0d389aa534ad6e47910e9aae4890989ec38f7da894accb89c810775de3c5"", ""true_coverage_guaranteed"": false, ""union_yield_mean"": 0.922509225092251}, ""pressure_after_route"": null, ""proxy_is_certified_bound"": false, ""reason"": ""insufficient_predicted_coverage_reserve"", ""remaining_after_outbound_return_and_margin"": -5, ""remaining_budget"": 29, ""reserve_actions"": 5, ""residual_deficit_cells"": 232.34317343173433, ""return_cost"": 21, ""total_required_actions"": 189, ""true_coverage_guaranteed"": false}",8,8,"[46, 34, 3]",D19-P00/v13-history-smoke/plan-11,same_coverage_target_updated,484,True,False,
0,D19-P00,A_complex_B_simple,G,160,136,"{""C_plan"": 0.7620370370370371, ""allowed"": false, ""class_used"": false, ""conservative_rate"": 2.7758620689655173, ""coverage_budget_unit"": ""known_task_roi_cells"", ""coverage_proxy"": ""fixed_task_roi_known_fraction"", ""coverage_reserve_actions"": 69, ""coverage_status"": ""ok"", ""deficit_cells"": 205, ""evaluation_truth_used"": false, ""movement_authorized"": false, ""navigation_used_for_budget"": false, ""outbound_cost"": 3, ""planning_coverage"": 0.7620370370370371, ""predicted_gain_cells"": 16.215034965034963, ""prediction"": {""actual_map_changed"": false, ""class_used"": false, ""coverage_budget_unit"": ""known_task_roi_cells"", ""discounted_known_gain_cells"": 16.215034965034963, ""evaluation_truth_used"": false, ""future_free_assumption_used"": false, ""gain_discount"": 0.5, ""navigation_used_for_prediction"": false, ""optimistic_known_gain_cells"": 35, ""predicted_gain_cells"": 16.215034965034963, ""predicted_union_cells"": 35, ""predicted_union_sha256"": ""05ff801ce4db4adf19cb59f378360309d0f343c217e5249da0aeac1dd5c738dc"", ""true_coverage_guaranteed"": false, ""union_yield_mean"": 0.9265734265734266}, ""pressure_after_route"": null, ""proxy_is_certified_bound"": false, ""reason"": ""insufficient_predicted_coverage_reserve"", ""remaining_after_outbound_return_and_margin"": -5, ""remaining_budget"": 24, ""reserve_actions"": 5, ""residual_deficit_cells"": 188.78496503496504, ""return_cost"": 21, ""total_required_actions"": 98, ""true_coverage_guaranteed"": false}",3,3,"[46, 34, 3]",D19-P00/v13-history-smoke/plan-11,same_coverage_target_updated,484,True,False,
0,D19-P00,A_complex_B_simple,G,160,144,"{""C_plan"": 0.7785185185185185, ""allowed"": false, ""class_used"": false, ""conservative_rate"": 4.62962962962963, ""coverage_budget_unit"": ""known_task_roi_cells"", ""coverage_proxy"": ""fixed_task_roi_known_fraction"", ""coverage_reserve_actions"": 25, ""coverage_status"": ""ok"", ""deficit_cells"": 116, ""evaluation_truth_used"": false, ""movement_authorized"": false, ""navigation_used_for_budget"": false, ""outbound_cost"": 3, ""planning_coverage"": 0.7785185185185185, ""predicted_gain_cells"": 0.46440677966101696, ""prediction"": {""actual_map_changed"": false, ""class_used"": false, ""coverage_budget_unit"": ""known_task_roi_cells"", ""discounted_known_gain_cells"": 0.46440677966101696, ""evaluation_truth_used"": false, ""future_free_assumption_used"": false, ""gain_discount"": 0.5, ""navigation_used_for_prediction"": false, ""optimistic_known_gain_cells"": 1, ""predicted_gain_cells"": 0.46440677966101696, ""predicted_union_cells"": 1, ""predicted_union_sha256"": ""5d531f85138aa097862f090ccf97ddba453f6b22c48dc43ba27603286c5f5b3d"", ""true_coverage_guaranteed"": false, ""union_yield_mean"": 0.9288135593220339}, ""pressure_after_route"": null, ""proxy_is_certified_bound"": false, ""reason"": ""insufficient_predicted_coverage_reserve"", ""remaining_after_outbound_return_and_margin"": -5, ""remaining_budget"": 16, ""reserve_actions"": 5, ""residual_deficit_cells"": 115.53559322033898, ""return_cost"": 13, ""total_required_actions"": 46, ""true_coverage_guaranteed"": false}",3,3,"[53, 34, 2]",D19-P00/v13-history-smoke/plan-12,same_coverage_target_updated,734,True,False,
1,D19-P00,A_simple_B_complex,G,160,5,"{""C_plan"": 0.2733333333333333, ""allowed"": false, ""class_used"": false, ""conservative_rate"": 17.1, ""coverage_budget_unit"": ""known_task_roi_cells"", ""coverage_proxy"": ""fixed_task_roi_known_fraction"", ""coverage_reserve_actions"": 138, ""coverage_status"": ""ok"", ""deficit_cells"": 2844, ""evaluation_truth_used"": false, ""movement_authorized"": false, ""navigation_used_for_budget"": false, ""outbound_cost"": 23, ""planning_coverage"": 0.2733333333333333, ""predicted_gain_cells"": 488.7894736842105, ""prediction"": {""actual_map_changed"": false, ""class_used"": false, ""coverage_budget_unit"": ""known_task_roi_cells"", ""discounted_known_gain_cells"": 488.7894736842105, ""evaluation_truth_used"": false, ""future_free_assumption_used"": false, ""gain_discount"": 0.5, ""navigation_used_for_prediction"": false, ""optimistic_known_gain_cells"": 1004, ""predicted_gain_cells"": 488.7894736842105, ""predicted_union_cells"": 1004, ""predicted_union_sha256"": ""8d1586d3607c5a8fbf81f24a2619ecc1bb16171889d9e044533559d31aca1798"", ""true_coverage_guaranteed"": false, ""union_yield_mean"": 0.9736842105263158}, ""pressure_after_route"": 1.419913502330614, ""proxy_is_certified_bound"": false, ""reason"": ""insufficient_predicted_coverage_reserve"", ""remaining_after_outbound_return_and_margin"": 97, ""remaining_budget"": 155, ""reserve_actions"": 5, ""residual_deficit_cells"": 2355.2105263157896, ""return_cost"": 30, ""total_required_actions"": 196, ""true_coverage_guaranteed"": false}",23,23,"[29, 47, 0]",D19-P00/v13-history-smoke/plan-1,same_coverage_target_updated,5,True,False,
1,D19-P00,A_simple_B_complex,G,160,10,"{""C_plan"": 0.29259259259259257, ""allowed"": false, ""class_used"": false, ""conservative_rate"": 13.75, ""coverage_budget_unit"": ""known_task_roi_cells"", ""coverage_proxy"": ""fixed_task_roi_known_fraction"", ""coverage_reserve_actions"": 176, ""coverage_status"": ""ok"", ""deficit_cells"": 2740, ""evaluation_truth_used"": false, ""movement_authorized"": false, ""navigation_used_for_budget"": false, ""outbound_cost"": 18, ""planning_coverage"": 0.29259259259259257, ""predicted_gain_cells"": 320.68461538461537, ""prediction"": {""actual_map_changed"": false, ""class_used"": false, ""coverage_budget_unit"": ""known_task_roi_cells"", ""discounted_known_gain_cells"": 320.68461538461537, ""evaluation_truth_used"": false, ""future_free_assumption_used"": false, ""gain_discount"": 0.5, ""navigation_used_for_prediction"": false, ""optimistic_known_gain_cells"": 887, ""predicted_gain_cells"": 320.68461538461537, ""predicted_union_cells"": 887, ""predicted_union_sha256"": ""af77f0d76541d1749fc9c2a692666fde51e672c6db81d55f8007b4452b47d345"", ""true_coverage_guaranteed"": false, ""union_yield_mean"": 0.7230769230769231}, ""pressure_after_route"": 1.8139196885588638, ""proxy_is_certified_bound"": false, ""reason"": ""insufficient_predicted_coverage_reserve"", ""remaining_after_outbound_return_and_margin"": 97, ""remaining_budget"": 150, ""reserve_actions"": 5, ""residual_deficit_cells"": 2419.3153846153846, ""return_cost"": 30, ""total_required_actions"": 229, ""true_coverage_guaranteed"": false}",18,18,"[29, 47, 0]",D19-P00/v13-history-smoke/plan-1,same_coverage_target_updated,5,True,False,
1,D19-P00,A_simple_B_complex,G,160,15,"{""C_plan"": 0.30148148148148146, ""allowed"": false, ""class_used"": false, ""conservative_rate"": 10.766666666666667, ""coverage_budget_unit"": ""known_task_roi_cells"", ""coverage_proxy"": ""fixed_task_roi_known_fraction"", ""coverage_reserve_actions"": 234, ""coverage_status"": ""ok"", ""deficit_cells"": 2692, ""evaluation_truth_used"": false, ""movement_authorized"": false, ""navigation_used_for_budget"": false, ""outbound_cost"": 13, ""planning_coverage"": 0.30148148148148146, ""predicted_gain_cells"": 177.59493670886076, ""prediction"": {""actual_map_changed"": false, ""class_used"": false, ""coverage_budget_unit"": ""known_task_roi_cells"", ""discounted_known_gain_cells"": 177.59493670886076, ""evaluation_truth_used"": false, ""future_free_assumption_used"": false, ""gain_discount"": 0.5, ""navigation_used_for_prediction"": false, ""optimistic_known_gain_cells"": 460, ""predicted_gain_cells"": 177.59493670886076, ""predicted_union_cells"": 460, ""predicted_union_sha256"": ""8dd8a9ded4f038d4f7c90db9d5a79838d91c194fb40cc55be45dd77cd94bc020"", ""true_coverage_guaranteed"": false, ""union_yield_mean"": 0.7721518987341772}, ""pressure_after_route"": 2.407588391648341, ""proxy_is_certified_bound"": false, ""reason"": ""insufficient_predicted_coverage_reserve"", ""remaining_after_outbound_return_and_margin"": 97, ""remaining_budget"": 145, ""reserve_actions"": 5, ""residual_deficit_cells"": 2514.4050632911394, ""return_cost"": 30, ""total_required_actions"": 282, ""true_coverage_guaranteed"": false}",13,13,"[29, 47, 0]",D19-P00/v13-history-smoke/plan-1,same_coverage_target_updated,5,True,False,
1,D19-P00,A_simple_B_complex,G,160,20,"{""C_plan"": 0.3238888888888889, ""allowed"": false, ""class_used"": false, ""conservative_rate"": 11.1, ""coverage_budget_unit"": ""known_task_roi_cells"", ""coverage_proxy"": ""fixed_task_roi_known_fraction"", ""coverage_reserve_actions"": 220, ""coverage_status"": ""ok"", ""deficit_cells"": 2571, ""evaluation_truth_used"": false, ""movement_authorized"": false, ""navigation_used_for_budget"": false, ""outbound_cost"": 8, ""planning_coverage"": 0.3238888888888889, ""predicted_gain_cells"": 137.54285714285714, ""prediction"": {""actual_map_changed"": false, ""class_used"": false, ""coverage_budget_unit"": ""known_task_roi_cells"", ""discounted_known_gain_cells"": 137.54285714285714, ""evaluation_truth_used"": false, ""future_free_assumption_used"": false, ""gain_discount"": 0.5, ""navigation_used_for_prediction"": false, ""optimistic_known_gain_cells"": 332, ""predicted_gain_cells"": 137.54285714285714, ""predicted_union_cells"": 332, ""predicted_union_sha256"": ""9a835ade11d33f2082a599ea6469788095592e91e4af129daaca46307612198f"", ""true_coverage_guaranteed"": false, ""union_yield_mean"": 0.8285714285714286}, ""pressure_after_route"": 2.2601069405193117, ""proxy_is_certified_bound"": false, ""reason"": ""insufficient_predicted_coverage_reserve"", ""remaining_after_outbound_return_and_margin"": 97, ""remaining_budget"": 140, ""reserve_actions"": 5, ""residual_deficit_cells"": 2433.457142857143, ""return_cost"": 30, ""total_required_actions"": 263, ""true_coverage_guaranteed"": false}",8,8,"[29, 47, 0]",D19-P00/v13-history-smoke/plan-1,same_coverage_target_updated,5,True,False,
1,D19-P00,A_simple_B_complex,G,160,25,"{""C_plan"": 0.3605555555555556, ""allowed"": false, ""class_used"": false, ""conservative_rate"": 12.84, ""coverage_budget_unit"": ""known_task_roi_cells"", ""coverage_proxy"": ""fixed_task_roi_known_fraction"", ""coverage_reserve_actions"": 184, ""coverage_status"": ""ok"", ""deficit_cells"": 2373, ""evaluation_truth_used"": false, ""movement_authorized"": false, ""navigation_used_for_budget"": false, ""outbound_cost"": 3, ""planning_coverage"": 0.3605555555555556, ""predicted_gain_cells"": 21.337662337662337, ""prediction"": {""actual_map_changed"": false, ""class_used"": false, ""coverage_budget_unit"": ""known_task_roi_cells"", ""discounted_known_gain_cells"": 21.337662337662337, ""evaluation_truth_used"": false, ""future_free_assumption_used"": false, ""gain_discount"": 0.5, ""navigation_used_for_prediction"": false, ""optimistic_known_gain_cells"": 53, ""predicted_gain_cells"": 21.337662337662337, ""predicted_union_cells"": 53, ""predicted_union_sha256"": ""3ba29ebf2f9992c8e4e39891b9f633cf2929d3f3957948a261f69337c3e7d01d"", ""true_coverage_guaranteed"": false, ""union_yield_mean"": 0.8051948051948052}, ""pressure_after_route"": 1.8881574474598848, ""proxy_is_certified_bound"": false, ""reason"": ""insufficient_predicted_coverage_reserve"", ""remaining_after_outbound_return_and_margin"": 97, ""remaining_budget"": 135, ""reserve_actions"": 5, ""residual_deficit_cells"": 2351.6623376623374, ""return_cost"": 30, ""total_required_actions"": 222, ""true_coverage_guaranteed"": false}",3,3,"[29, 47, 0]",D19-P00/v13-history-smoke/plan-1,same_coverage_target_updated,5,True,False,
1,D19-P00,A_simple_B_complex,G,160,33,"{""C_plan"": 0.44037037037037036, ""allowed"": false, ""class_used"": false, ""conservative_rate"": 16.107142857142858, ""coverage_budget_unit"": ""known_task_roi_cells"", ""coverage_proxy"": ""fixed_task_roi_known_fraction"", ""coverage_reserve_actions"": 113, ""coverage_status"": ""ok"", ""deficit_cells"": 1942, ""evaluation_truth_used"": false, ""movement_authorized"": false, ""navigation_used_for_budget"": false, ""outbound_cost"": 4, ""planning_coverage"": 0.44037037037037036, ""predicted_gain_cells"": 129.0205479452055, ""prediction"": {""actual_map_changed"": false, ""class_used"": false, ""coverage_budget_unit"": ""known_task_roi_cells"", ""discounted_known_gain_cells"": 129.0205479452055, ""evaluation_truth_used"": false, ""future_free_assumption_used"": false, ""gain_discount"": 0.5, ""navigation_used_for_prediction"": false, ""optimistic_known_gain_cells"": 299, ""predicted_gain_cells"": 129.0205479452055, ""predicted_union_cells"": 299, ""predicted_union_sha256"": ""cda187f2f3423f4f5495dd97ff243dac4b94385b631ecfb78a271a5bdb400c74"", ""true_coverage_guaranteed"": false, ""union_yield_mean"": 0.863013698630137}, ""pressure_after_route"": 1.4247782608979833, ""proxy_is_certified_bound"": false, ""reason"": ""insufficient_predicted_coverage_reserve"", ""remaining_after_outbound_return_and_margin"": 79, ""remaining_budget"": 127, ""reserve_actions"": 5, ""residual_deficit_cells"": 1812.9794520547946, ""return_cost"": 39, ""total_required_actions"": 161, ""true_coverage_guaranteed"": false}",4,4,"[20, 47, 0]",D19-P00/v13-history-smoke/plan-2,same_coverage_target_updated,151,True,False,
1,D19-P00,A_simple_B_complex,G,160,63,"{""C_plan"": 0.5592592592592592, ""allowed"": false, ""class_used"": false, ""conservative_rate"": 22.804347826086957, ""coverage_budget_unit"": ""known_task_roi_cells"", ""coverage_proxy"": ""fixed_task_roi_known_fraction"", ""coverage_reserve_actions"": 43, ""coverage_status"": ""ok"", ""deficit_cells"": 1300, ""evaluation_truth_used"": false, ""movement_authorized"": false, ""navigation_used_for_budget"": false, ""outbound_cost"": 20, ""planning_coverage"": 0.5592592592592592, ""predicted_gain_cells"": 322.0735294117647, ""prediction"": {""actual_map_changed"": false, ""class_used"": false, ""coverage_budget_unit"": ""known_task_roi_cells"", ""discounted_known_gain_cells"": 322.0735294117647, ""evaluation_truth_used"": false, ""future_free_assumption_used"": false, ""gain_discount"": 0.5, ""navigation_used_for_prediction"": false, ""optimistic_known_gain_cells"": 724, ""predicted_gain_cells"": 322.0735294117647, ""predicted_union_cells"": 724, ""predicted_union_sha256"": ""4efb4f27fcf9e36e23675d9f593c1a2af7f8a048dd622e96d7decd6fa07515cc"", ""true_coverage_guaranteed"": false, ""union_yield_mean"": 0.8897058823529411}, ""pressure_after_route"": 6.126190609704321, ""proxy_is_certified_bound"": false, ""reason"": ""insufficient_predicted_coverage_reserve"", ""remaining_after_outbound_return_and_margin"": 7, ""remaining_budget"": 97, ""reserve_actions"": 5, ""residual_deficit_cells"": 977.9264705882354, ""return_cost"": 65, ""total_required_actions"": 133, ""true_coverage_guaranteed"": false}",20,20,"[19, 19, 3]",D19-P00/v13-history-smoke/plan-13,same_coverage_target_updated,313,True,False,
1,D19-P00,A_simple_B_complex,G,160,68,"{""C_plan"": 0.5731481481481482, ""allowed"": false, ""class_used"": false, ""conservative_rate"": 19.804347826086957, ""coverage_budget_unit"": ""known_task_roi_cells"", ""coverage_proxy"": ""fixed_task_roi_known_fraction"", ""coverage_reserve_actions"": 48, ""coverage_status"": ""ok"", ""deficit_cells"": 1225, ""evaluation_truth_used"": false, ""movement_authorized"": false, ""navigation_used_for_budget"": false, ""outbound_cost"": 15, ""planning_coverage"": 0.5731481481481482, ""predicted_gain_cells"": 291.1609589041096, ""prediction"": {""actual_map_changed"": false, ""class_used"": false, ""coverage_budget_unit"": ""known_task_roi_cells"", ""discounted_known_gain_cells"": 291.1609589041096, ""evaluation_truth_used"": false, ""future_free_assumption_used"": false, ""gain_discount"": 0.5, ""navigation_used_for_prediction"": false, ""optimistic_known_gain_cells"": 649, ""predicted_gain_cells"": 291.1609589041096, ""predicted_union_cells"": 649, ""predicted_union_sha256"": ""07865db3f839f3b8612af014363c1647ca90ebeeb45684161d9b48d17c7c97cb"", ""true_coverage_guaranteed"": false, ""union_yield_mean"": 0.8972602739726028}, ""pressure_after_route"": 6.736176241243682, ""proxy_is_certified_bound"": false, ""reason"": ""insufficient_predicted_coverage_reserve"", ""remaining_after_outbound_return_and_margin"": 7, ""remaining_budget"": 92, ""reserve_actions"": 5, ""residual_deficit_cells"": 933.8390410958905, ""return_cost"": 65, ""total_required_actions"": 133, ""true_coverage_guaranteed"": false}",15,15,"[19, 19, 3]",D19-P00/v13-history-smoke/plan-13,same_coverage_target_updated,313,True,False,
1,D19-P00,A_simple_B_complex,G,160,73,"{""C_plan"": 0.5944444444444444, ""allowed"": false, ""class_used"": false, ""conservative_rate"": 13.195652173913043, ""coverage_budget_unit"": ""known_task_roi_cells"", ""coverage_proxy"": ""fixed_task_roi_known_fraction"", ""coverage_reserve_actions"": 66, ""coverage_status"": ""ok"", ""deficit_cells"": 1110, ""evaluation_truth_used"": false, ""movement_authorized"": false, ""navigation_used_for_budget"": false, ""outbound_cost"": 10, ""planning_coverage"": 0.5944444444444444, ""predicted_gain_cells"": 241.4373040752351, ""prediction"": {""actual_map_changed"": false, ""class_used"": false, ""coverage_budget_unit"": ""known_task_roi_cells"", ""discounted_known_gain_cells"": 241.4373040752351, ""evaluation_truth_used"": false, ""future_free_assumption_used"": false, ""gain_discount"": 0.5, ""navigation_used_for_prediction"": false, ""optimistic_known_gain_cells"": 533, ""predicted_gain_cells"": 241.4373040752351, ""predicted_union_cells"": 533, ""predicted_union_sha256"": ""7c3e2daf7b3a78da597b7a42162ffdaeef2d75515e0c10539fb33ae7bc57c255"", ""true_coverage_guaranteed"": false, ""union_yield_mean"": 0.9059561128526645}, ""pressure_after_route"": 9.403126385629369, ""proxy_is_certified_bound"": false, ""reason"": ""insufficient_predicted_coverage_reserve"", ""remaining_after_outbound_return_and_margin"": 7, ""remaining_budget"": 87, ""reserve_actions"": 5, ""residual_deficit_cells"": 868.562695924765, ""return_cost"": 65, ""total_required_actions"": 146, ""true_coverage_guaranteed"": false}",10,10,"[19, 19, 3]",D19-P00/v13-history-smoke/plan-13,same_coverage_target_updated,313,True,False,
1,D19-P00,A_simple_B_complex,G,160,78,"{""C_plan"": 0.6381481481481481, ""allowed"": false, ""class_used"": false, ""conservative_rate"": 12.25, ""coverage_budget_unit"": ""known_task_roi_cells"", ""coverage_proxy"": ""fixed_task_roi_known_fraction"", ""coverage_reserve_actions"": 63, ""coverage_status"": ""ok"", ""deficit_cells"": 874, ""evaluation_truth_used"": false, ""movement_authorized"": false, ""navigation_used_for_budget"": false, ""outbound_cost"": 5, ""planning_coverage"": 0.6381481481481481, ""predicted_gain_cells"": 106.68258426966293, ""prediction"": {""actual_map_changed"": false, ""class_used"": false, ""coverage_budget_unit"": ""known_task_roi_cells"", ""discounted_known_gain_cells"": 106.68258426966293, ""evaluation_truth_used"": false, ""future_free_assumption_used"": false, ""gain_discount"": 0.5, ""navigation_used_for_prediction"": false, ""optimistic_known_gain_cells"": 233, ""predicted_gain_cells"": 106.68258426966293, ""predicted_union_cells"": 233, ""predicted_union_sha256"": ""a86abfbecf8cd0de1d38ec34af639886e3b3b5241f1b6762aad481ea5facc240"", ""true_coverage_guaranteed"": false, ""union_yield_mean"": 0.9157303370786517}, ""pressure_after_route"": 8.948308055164281, ""proxy_is_certified_bound"": false, ""reason"": ""insufficient_predicted_coverage_reserve"", ""remaining_after_outbound_return_and_margin"": 7, ""remaining_budget"": 82, ""reserve_actions"": 5, ""residual_deficit_cells"": 767.3174157303371, ""return_cost"": 65, ""total_required_actions"": 138, ""true_coverage_guaranteed"": false}",5,5,"[19, 19, 3]",D19-P00/v13-history-smoke/plan-13,same_coverage_target_updated,313,True,False,
1,D19-P00,A_simple_B_complex,G,160,88,"{""C_plan"": 0.6788888888888889, ""allowed"": false, ""class_used"": false, ""conservative_rate"": 11.883333333333333, ""coverage_budget_unit"": ""known_task_roi_cells"", ""coverage_proxy"": ""fixed_task_roi_known_fraction"", ""coverage_reserve_actions"": 37, ""coverage_status"": ""ok"", ""deficit_cells"": 654, ""evaluation_truth_used"": false, ""movement_authorized"": false, ""navigation_used_for_budget"": false, ""outbound_cost"": 35, ""planning_coverage"": 0.6788888888888889, ""predicted_gain_cells"": 219.08333333333331, ""prediction"": {""actual_map_changed"": false, ""class_used"": false, ""coverage_budget_unit"": ""known_task_roi_cells"", ""discounted_known_gain_cells"": 219.08333333333331, ""evaluation_truth_used"": false, ""future_free_assumption_used"": false, ""gain_discount"": 0.5, ""navigation_used_for_prediction"": false, ""optimistic_known_gain_cells"": 478, ""predicted_gain_cells"": 219.08333333333331, ""predicted_union_cells"": 478, ""predicted_union_sha256"": ""5ea49239322d01e70aaf2505960b64c44f05d6fcecc701c44b003d03a783a9b1"", ""true_coverage_guaranteed"": false, ""union_yield_mean"": 0.9166666666666666}, ""pressure_after_route"": null, ""proxy_is_certified_bound"": false, ""reason"": ""insufficient_predicted_coverage_reserve"", ""remaining_after_outbound_return_and_margin"": -1, ""remaining_budget"": 72, ""reserve_actions"": 5, ""residual_deficit_cells"": 434.9166666666667, ""return_cost"": 33, ""total_required_actions"": 110, ""true_coverage_guaranteed"": false}",35,35,"[46, 22, 3]",D19-P00/v13-history-smoke/plan-14,same_coverage_target_updated,443,True,False,
1,D19-P00,A_simple_B_complex,G,160,93,"{""C_plan"": 0.6788888888888889, ""allowed"": false, ""class_used"": false, ""conservative_rate"": 10.766666666666667, ""coverage_budget_unit"": ""known_task_roi_cells"", ""coverage_proxy"": ""fixed_task_roi_known_fraction"", ""coverage_reserve_actions"": 41, ""coverage_status"": ""ok"", ""deficit_cells"": 654, ""evaluation_truth_used"": false, ""movement_authorized"": false, ""navigation_used_for_budget"": false, ""outbound_cost"": 30, ""planning_coverage"": 0.6788888888888889, ""predicted_gain_cells"": 219.08333333333331, ""prediction"": {""actual_map_changed"": false, ""class_used"": false, ""coverage_budget_unit"": ""known_task_roi_cells"", ""discounted_known_gain_cells"": 219.08333333333331, ""evaluation_truth_used"": false, ""future_free_assumption_used"": false, ""gain_discount"": 0.5, ""navigation_used_for_prediction"": false, ""optimistic_known_gain_cells"": 478, ""predicted_gain_cells"": 219.08333333333331, ""predicted_union_cells"": 478, ""predicted_union_sha256"": ""5ea49239322d01e70aaf2505960b64c44f05d6fcecc701c44b003d03a783a9b1"", ""true_coverage_guaranteed"": false, ""union_yield_mean"": 0.9166666666666666}, ""pressure_after_route"": null, ""proxy_is_certified_bound"": false, ""reason"": ""insufficient_predicted_coverage_reserve"", ""remaining_after_outbound_return_and_margin"": -1, ""remaining_budget"": 67, ""reserve_actions"": 5, ""residual_deficit_cells"": 434.9166666666667, ""return_cost"": 33, ""total_required_actions"": 109, ""true_coverage_guaranteed"": false}",30,30,"[46, 22, 3]",D19-P00/v13-history-smoke/plan-14,same_coverage_target_updated,443,True,False,
1,D19-P00,A_simple_B_complex,G,160,98,"{""C_plan"": 0.6788888888888889, ""allowed"": false, ""class_used"": false, ""conservative_rate"": 9.516666666666667, ""coverage_budget_unit"": ""known_task_roi_cells"", ""coverage_proxy"": ""fixed_task_roi_known_fraction"", ""coverage_reserve_actions"": 46, ""coverage_status"": ""ok"", ""deficit_cells"": 654, ""evaluation_truth_used"": false, ""movement_authorized"": false, ""navigation_used_for_budget"": false, ""outbound_cost"": 25, ""planning_coverage"": 0.6788888888888889, ""predicted_gain_cells"": 219.08333333333331, ""prediction"": {""actual_map_changed"": false, ""class_used"": false, ""coverage_budget_unit"": ""known_task_roi_cells"", ""discounted_known_gain_cells"": 219.08333333333331, ""evaluation_truth_used"": false, ""future_free_assumption_used"": false, ""gain_discount"": 0.5, ""navigation_used_for_prediction"": false, ""optimistic_known_gain_cells"": 478, ""predicted_gain_cells"": 219.08333333333331, ""predicted_union_cells"": 478, ""predicted_union_sha256"": ""5ea49239322d01e70aaf2505960b64c44f05d6fcecc701c44b003d03a783a9b1"", ""true_coverage_guaranteed"": false, ""union_yield_mean"": 0.9166666666666666}, ""pressure_after_route"": null, ""proxy_is_certified_bound"": false, ""reason"": ""insufficient_predicted_coverage_reserve"", ""remaining_after_outbound_return_and_margin"": -1, ""remaining_budget"": 62, ""reserve_actions"": 5, ""residual_deficit_cells"": 434.9166666666667, ""return_cost"": 33, ""total_required_actions"": 109, ""true_coverage_guaranteed"": false}",25,25,"[46, 22, 3]",D19-P00/v13-history-smoke/plan-14,same_coverage_target_updated,443,True,False,
1,D19-P00,A_simple_B_complex,G,160,103,"{""C_plan"": 0.6788888888888889, ""allowed"": false, ""class_used"": false, ""conservative_rate"": 7.6, ""coverage_budget_unit"": ""known_task_roi_cells"", ""coverage_proxy"": ""fixed_task_roi_known_fraction"", ""coverage_reserve_actions"": 58, ""coverage_status"": ""ok"", ""deficit_cells"": 654, ""evaluation_truth_used"": false, ""movement_authorized"": false, ""navigation_used_for_budget"": false, ""outbound_cost"": 20, ""planning_coverage"": 0.6788888888888889, ""predicted_gain_cells"": 219.08333333333331, ""prediction"": {""actual_map_changed"": false, ""class_used"": false, ""coverage_budget_unit"": ""known_task_roi_cells"", ""discounted_known_gain_cells"": 219.08333333333331, ""evaluation_truth_used"": false, ""future_free_assumption_used"": false, ""gain_discount"": 0.5, ""navigation_used_for_prediction"": false, ""optimistic_known_gain_cells"": 478, ""predicted_gain_cells"": 219.08333333333331, ""predicted_union_cells"": 478, ""predicted_union_sha256"": ""5ea49239322d01e70aaf2505960b64c44f05d6fcecc701c44b003d03a783a9b1"", ""true_coverage_guaranteed"": false, ""union_yield_mean"": 0.9166666666666666}, ""pressure_after_route"": null, ""proxy_is_certified_bound"": false, ""reason"": ""insufficient_predicted_coverage_reserve"", ""remaining_after_outbound_return_and_margin"": -1, ""remaining_budget"": 57, ""reserve_actions"": 5, ""residual_deficit_cells"": 434.9166666666667, ""return_cost"": 33, ""total_required_actions"": 116, ""true_coverage_guaranteed"": false}",20,20,"[46, 22, 3]",D19-P00/v13-history-smoke/plan-14,same_coverage_target_updated,443,True,False,
1,D19-P00,A_simple_B_complex,G,160,108,"{""C_plan"": 0.6827777777777778, ""allowed"": false, ""class_used"": false, ""conservative_rate"": 4.016666666666667, ""coverage_budget_unit"": ""known_task_roi_cells"", ""coverage_proxy"": ""fixed_task_roi_known_fraction"", ""coverage_reserve_actions"": 106, ""coverage_status"": ""ok"", ""deficit_cells"": 633, ""evaluation_truth_used"": false, ""movement_authorized"": false, ""navigation_used_for_budget"": false, ""outbound_cost"": 15, ""planning_coverage"": 0.6827777777777778, ""predicted_gain_cells"": 209.05263157894737, ""prediction"": {""actual_map_changed"": false, ""class_used"": false, ""coverage_budget_unit"": ""known_task_roi_cells"", ""discounted_known_gain_cells"": 209.05263157894737, ""evaluation_truth_used"": false, ""future_free_assumption_used"": false, ""gain_discount"": 0.5, ""navigation_used_for_prediction"": false, ""optimistic_known_gain_cells"": 456, ""predicted_gain_cells"": 209.05263157894737, ""predicted_union_cells"": 456, ""predicted_union_sha256"": ""54bf4857c232814ec21d8c2aaaf60a153a9dc330c91d3658ee095a361710c331"", ""true_coverage_guaranteed"": false, ""union_yield_mean"": 0.9168975069252078}, ""pressure_after_route"": null, ""proxy_is_certified_bound"": false, ""reason"": ""insufficient_predicted_coverage_reserve"", ""remaining_after_outbound_return_and_margin"": -1, ""remaining_budget"": 52, ""reserve_actions"": 5, ""residual_deficit_cells"": 423.9473684210526, ""return_cost"": 33, ""total_required_actions"": 159, ""true_coverage_guaranteed"": false}",15,15,"[46, 22, 3]",D19-P00/v13-history-smoke/plan-14,same_coverage_target_updated,443,True,False,
1,D19-P00,A_simple_B_complex,G,160,113,"{""C_plan"": 0.6948148148148148, ""allowed"": false, ""class_used"": false, ""conservative_rate"": 1.4333333333333333, ""coverage_budget_unit"": ""known_task_roi_cells"", ""coverage_proxy"": ""fixed_task_roi_known_fraction"", ""coverage_reserve_actions"": 272, ""coverage_status"": ""ok"", ""deficit_cells"": 568, ""evaluation_truth_used"": false, ""movement_authorized"": false, ""navigation_used_for_budget"": false, ""outbound_cost"": 10, ""planning_coverage"": 0.6948148148148148, ""predicted_gain_cells"": 179.25346260387812, ""prediction"": {""actual_map_changed"": false, ""class_used"": false, ""coverage_budget_unit"": ""known_task_roi_cells"", ""discounted_known_gain_cells"": 179.25346260387812, ""evaluation_truth_used"": false, ""future_free_assumption_used"": false, ""gain_discount"": 0.5, ""navigation_used_for_prediction"": false, ""optimistic_known_gain_cells"": 391, ""predicted_gain_cells"": 179.25346260387812, ""predicted_union_cells"": 391, ""predicted_union_sha256"": ""87564974d4456aca8744dd37632e293913a22ad1fe7171c8ab2db96f94ca60ae"", ""true_coverage_guaranteed"": false, ""union_yield_mean"": 0.9168975069252078}, ""pressure_after_route"": null, ""proxy_is_certified_bound"": false, ""reason"": ""insufficient_predicted_coverage_reserve"", ""remaining_after_outbound_return_and_margin"": -1, ""remaining_budget"": 47, ""reserve_actions"": 5, ""residual_deficit_cells"": 388.7465373961219, ""return_cost"": 33, ""total_required_actions"": 320, ""true_coverage_guaranteed"": false}",10,10,"[46, 22, 3]",D19-P00/v13-history-smoke/plan-14,same_coverage_target_updated,443,True,False,
1,D19-P00,A_simple_B_complex,G,160,118,"{""C_plan"": 0.7468518518518519, ""allowed"": false, ""class_used"": false, ""conservative_rate"": 6.116666666666666, ""coverage_budget_unit"": ""known_task_roi_cells"", ""coverage_proxy"": ""fixed_task_roi_known_fraction"", ""coverage_reserve_actions"": 41, ""coverage_status"": ""ok"", ""deficit_cells"": 287, ""evaluation_truth_used"": false, ""movement_authorized"": false, ""navigation_used_for_budget"": false, ""outbound_cost"": 5, ""planning_coverage"": 0.7468518518518519, ""predicted_gain_cells"": 37.86164383561644, ""prediction"": {""actual_map_changed"": false, ""class_used"": false, ""coverage_budget_unit"": ""known_task_roi_cells"", ""discounted_known_gain_cells"": 37.86164383561644, ""evaluation_truth_used"": false, ""future_free_assumption_used"": false, ""gain_discount"": 0.5, ""navigation_used_for_prediction"": false, ""optimistic_known_gain_cells"": 83, ""predicted_gain_cells"": 37.86164383561644, ""predicted_union_cells"": 83, ""predicted_union_sha256"": ""c0e9b5fbf869a60461dafb07177fd55b60bec88372cd4be6390dc63d535bca0a"", ""true_coverage_guaranteed"": false, ""union_yield_mean"": 0.9123287671232877}, ""pressure_after_route"": null, ""proxy_is_certified_bound"": false, ""reason"": ""insufficient_predicted_coverage_reserve"", ""remaining_after_outbound_return_and_margin"": -1, ""remaining_budget"": 42, ""reserve_actions"": 5, ""residual_deficit_cells"": 249.13835616438357, ""return_cost"": 33, ""total_required_actions"": 84, ""true_coverage_guaranteed"": false}",5,5,"[46, 22, 3]",D19-P00/v13-history-smoke/plan-14,same_coverage_target_updated,443,True,False,
2,D19-P01,A_complex_B_simple,G,184,5,"{""C_plan"": 0.22728571428571429, ""allowed"": false, ""class_used"": false, ""conservative_rate"": 18.2, ""coverage_budget_unit"": ""known_task_roi_cells"", ""coverage_proxy"": ""fixed_task_roi_known_fraction"", ""coverage_reserve_actions"": 198, ""coverage_status"": ""ok"", ""deficit_cells"": 4009, ""evaluation_truth_used"": false, ""movement_authorized"": false, ""navigation_used_for_budget"": false, ""outbound_cost"": 23, ""planning_coverage"": 0.22728571428571429, ""predicted_gain_cells"": 409.75, ""prediction"": {""actual_map_changed"": false, ""class_used"": false, ""coverage_budget_unit"": ""known_task_roi_cells"", ""discounted_known_gain_cells"": 409.75, ""evaluation_truth_used"": false, ""future_free_assumption_used"": false, ""gain_discount"": 0.5, ""navigation_used_for_prediction"": false, ""optimistic_known_gain_cells"": 1043, ""predicted_gain_cells"": 409.75, ""predicted_union_cells"": 1043, ""predicted_union_sha256"": ""0dfbf4b2620c308f051759c1dd00a58306e05f328be9d75b8d09b6d06558dc7f"", ""true_coverage_guaranteed"": false, ""union_yield_mean"": 0.7857142857142857}, ""pressure_after_route"": 1.6343883389337936, ""proxy_is_certified_bound"": false, ""reason"": ""insufficient_predicted_coverage_reserve"", ""remaining_after_outbound_return_and_margin"": 121, ""remaining_budget"": 179, ""reserve_actions"": 5, ""residual_deficit_cells"": 3599.25, ""return_cost"": 30, ""total_required_actions"": 256, ""true_coverage_guaranteed"": false}",23,23,"[37, 52, 0]",D19-P01/v13-history-smoke/plan-1,same_coverage_target_updated,5,True,False,
2,D19-P01,A_complex_B_simple,G,184,10,"{""C_plan"": 0.24342857142857144, ""allowed"": false, ""class_used"": false, ""conservative_rate"": 14.75, ""coverage_budget_unit"": ""known_task_roi_cells"", ""coverage_proxy"": ""fixed_task_roi_known_fraction"", ""coverage_reserve_actions"": 246, ""coverage_status"": ""ok"", ""deficit_cells"": 3896, ""evaluation_truth_used"": false, ""movement_authorized"": false, ""navigation_used_for_budget"": false, ""outbound_cost"": 18, ""planning_coverage"": 0.24342857142857144, ""predicted_gain_cells"": 273.268115942029, ""prediction"": {""actual_map_changed"": false, ""class_used"": false, ""coverage_budget_unit"": ""known_task_roi_cells"", ""discounted_known_gain_cells"": 273.268115942029, ""evaluation_truth_used"": false, ""future_free_assumption_used"": false, ""gain_discount"": 0.5, ""navigation_used_for_prediction"": false, ""optimistic_known_gain_cells"": 877, ""predicted_gain_cells"": 273.268115942029, ""predicted_union_cells"": 877, ""predicted_union_sha256"": ""f6022de11d0ff039a118645afb68fcbc4a70689822aeab51dfd07044d1fa06d2"", ""true_coverage_guaranteed"": false, ""union_yield_mean"": 0.6231884057971014}, ""pressure_after_route"": 2.0298259610914533, ""proxy_is_certified_bound"": false, ""reason"": ""insufficient_predicted_coverage_reserve"", ""remaining_after_outbound_return_and_margin"": 121, ""remaining_budget"": 174, ""reserve_actions"": 5, ""residual_deficit_cells"": 3622.731884057971, ""return_cost"": 30, ""total_required_actions"": 299, ""true_coverage_guaranteed"": false}",18,18,"[37, 52, 0]",D19-P01/v13-history-smoke/plan-1,same_coverage_target_updated,5,True,False,
2,D19-P01,A_complex_B_simple,G,184,15,"{""C_plan"": 0.253, ""allowed"": false, ""class_used"": false, ""conservative_rate"": 12.066666666666666, ""coverage_budget_unit"": ""known_task_roi_cells"", ""coverage_proxy"": ""fixed_task_roi_known_fraction"", ""coverage_reserve_actions"": 305, ""coverage_status"": ""ok"", ""deficit_cells"": 3829, ""evaluation_truth_used"": false, ""movement_authorized"": false, ""navigation_used_for_budget"": false, ""outbound_cost"": 13, ""planning_coverage"": 0.253, ""predicted_gain_cells"": 158.8095238095238, ""prediction"": {""actual_map_changed"": false, ""class_used"": false, ""coverage_budget_unit"": ""known_task_roi_cells"", ""discounted_known_gain_cells"": 158.8095238095238, ""evaluation_truth_used"": false, ""future_free_assumption_used"": false, ""gain_discount"": 0.5, ""navigation_used_for_prediction"": false, ""optimistic_known_gain_cells"": 460, ""predicted_gain_cells"": 158.8095238095238, ""predicted_union_cells"": 460, ""predicted_union_sha256"": ""a47e9cff28ef90fa868fe3df26aec59d3319bab336d078c92f8fddcbfac26ab9"", ""true_coverage_guaranteed"": false, ""union_yield_mean"": 0.6904761904761905}, ""pressure_after_route"": 2.5137143118057232, ""proxy_is_certified_bound"": false, ""reason"": ""insufficient_predicted_coverage_reserve"", ""remaining_after_outbound_return_and_margin"": 121, ""remaining_budget"": 169, ""reserve_actions"": 5, ""residual_deficit_cells"": 3670.190476190476, ""return_cost"": 30, ""total_required_actions"": 353, ""true_coverage_guaranteed"": false}",13,13,"[37, 52, 0]",D19-P01/v13-history-smoke/plan-1,same_coverage_target_updated,5,True,False,
2,D19-P01,A_complex_B_simple,G,184,20,"{""C_plan"": 0.26985714285714285, ""allowed"": false, ""class_used"": false, ""conservative_rate"": 12.0, ""coverage_budget_unit"": ""known_task_roi_cells"", ""coverage_proxy"": ""fixed_task_roi_known_fraction"", ""coverage_reserve_actions"": 299, ""coverage_status"": ""ok"", ""deficit_cells"": 3711, ""evaluation_truth_used"": false, ""movement_authorized"": false, ""navigation_used_for_budget"": false, ""outbound_cost"": 8, ""planning_coverage"": 0.26985714285714285, ""predicted_gain_cells"": 124.51851851851852, ""prediction"": {""actual_map_changed"": false, ""class_used"": false, ""coverage_budget_unit"": ""known_task_roi_cells"", ""discounted_known_gain_cells"": 124.51851851851852, ""evaluation_truth_used"": false, ""future_free_assumption_used"": false, ""gain_discount"": 0.5, ""navigation_used_for_prediction"": false, ""optimistic_known_gain_cells"": 328, ""predicted_gain_cells"": 124.51851851851852, ""predicted_union_cells"": 328, ""predicted_union_sha256"": ""7c49b51fca65b09c418aba352daa099648f37b860a4aa82fe8aa3a993fe0a8cb"", ""true_coverage_guaranteed"": false, ""union_yield_mean"": 0.7592592592592593}, ""pressure_after_route"": 2.470028568513417, ""proxy_is_certified_bound"": false, ""reason"": ""insufficient_predicted_coverage_reserve"", ""remaining_after_outbound_return_and_margin"": 121, ""remaining_budget"": 164, ""reserve_actions"": 5, ""residual_deficit_cells"": 3586.4814814814813, ""return_cost"": 30, ""total_required_actions"": 342, ""true_coverage_guaranteed"": false}",8,8,"[37, 52, 0]",D19-P01/v13-history-smoke/plan-1,same_coverage_target_updated,5,True,False,
2,D19-P01,A_complex_B_simple,G,184,25,"{""C_plan"": 0.29414285714285715, ""allowed"": false, ""class_used"": false, ""conservative_rate"": 13.0, ""coverage_budget_unit"": ""known_task_roi_cells"", ""coverage_proxy"": ""fixed_task_roi_known_fraction"", ""coverage_reserve_actions"": 270, ""coverage_status"": ""ok"", ""deficit_cells"": 3541, ""evaluation_truth_used"": false, ""movement_authorized"": false, ""navigation_used_for_budget"": false, ""outbound_cost"": 3, ""planning_coverage"": 0.29414285714285715, ""predicted_gain_cells"": 40.391891891891895, ""prediction"": {""actual_map_changed"": false, ""class_used"": false, ""coverage_budget_unit"": ""known_task_roi_cells"", ""discounted_known_gain_cells"": 40.391891891891895, ""evaluation_truth_used"": false, ""future_free_assumption_used"": false, ""gain_discount"": 0.5, ""navigation_used_for_prediction"": false, ""optimistic_known_gain_cells"": 98, ""predicted_gain_cells"": 40.391891891891895, ""predicted_union_cells"": 98, ""predicted_union_sha256"": ""be989413650f5d3a794757c2ab406386754a5a86c23f1651acf582e1e1df9359"", ""true_coverage_guaranteed"": false, ""union_yield_mean"": 0.8243243243243243}, ""pressure_after_route"": 2.225434270888816, ""proxy_is_certified_bound"": false, ""reason"": ""insufficient_predicted_coverage_reserve"", ""remaining_after_outbound_return_and_margin"": 121, ""remaining_budget"": 159, ""reserve_actions"": 5, ""residual_deficit_cells"": 3500.608108108108, ""return_cost"": 30, ""total_required_actions"": 308, ""true_coverage_guaranteed"": false}",3,3,"[37, 52, 0]",D19-P01/v13-history-smoke/plan-1,same_coverage_target_updated,5,True,False,
2,D19-P01,A_complex_B_simple,G,184,33,"{""C_plan"": 0.346, ""allowed"": false, ""class_used"": false, ""conservative_rate"": 14.839285714285714, ""coverage_budget_unit"": ""known_task_roi_cells"", ""coverage_proxy"": ""fixed_task_roi_known_fraction"", ""coverage_reserve_actions"": 193, ""coverage_status"": ""ok"", ""deficit_cells"": 3178, ""evaluation_truth_used"": false, ""movement_authorized"": false, ""navigation_used_for_budget"": false, ""outbound_cost"": 8, ""planning_coverage"": 0.346, ""predicted_gain_cells"": 326.09842519685037, ""prediction"": {""actual_map_changed"": false, ""class_used"": false, ""coverage_budget_unit"": ""known_task_roi_cells"", ""discounted_known_gain_cells"": 326.09842519685037, ""evaluation_truth_used"": false, ""future_free_assumption_used"": false, ""gain_discount"": 0.5, ""navigation_used_for_prediction"": false, ""optimistic_known_gain_cells"": 733, ""predicted_gain_cells"": 326.09842519685037, ""predicted_union_cells"": 733, ""predicted_union_sha256"": ""5ce6955b43d8a61a77c2c3a3be9ca162666e763cb3d3c9aa190f8e40e38f07ab"", ""true_coverage_guaranteed"": false, ""union_yield_mean"": 0.889763779527559}, ""pressure_after_route"": 2.0230095406799213, ""proxy_is_certified_bound"": false, ""reason"": ""insufficient_predicted_coverage_reserve"", ""remaining_after_outbound_return_and_margin"": 95, ""remaining_budget"": 151, ""reserve_actions"": 5, ""residual_deficit_cells"": 2851.9015748031497, ""return_cost"": 43, ""total_required_actions"": 249, ""true_coverage_guaranteed"": false}",8,8,"[24, 52, 0]",D19-P01/v13-history-smoke/plan-2,same_coverage_target_updated,151,True,False,
2,D19-P01,A_complex_B_simple,G,184,38,"{""C_plan"": 0.4084285714285714, ""allowed"": false, ""class_used"": false, ""conservative_rate"": 20.625, ""coverage_budget_unit"": ""known_task_roi_cells"", ""coverage_proxy"": ""fixed_task_roi_known_fraction"", ""coverage_reserve_actions"": 127, ""coverage_status"": ""ok"", ""deficit_cells"": 2741, ""evaluation_truth_used"": false, ""movement_authorized"": false, ""navigation_used_for_budget"": false, ""outbound_cost"": 3, ""planning_coverage"": 0.4084285714285714, ""predicted_gain_cells"": 135.4655172413793, ""prediction"": {""actual_map_changed"": false, ""class_used"": false, ""coverage_budget_unit"": ""known_task_roi_cells"", ""discounted_known_gain_cells"": 135.4655172413793, ""evaluation_truth_used"": false, ""future_free_assumption_used"": false, ""gain_discount"": 0.5, ""navigation_used_for_prediction"": false, ""optimistic_known_gain_cells"": 297, ""predicted_gain_cells"": 135.4655172413793, ""predicted_union_cells"": 297, ""predicted_union_sha256"": ""7eb307a3d0253eb17c71c03929b86429b8f13cee4d52b182bc86b36fc5c97397"", ""true_coverage_guaranteed"": false, ""union_yield_mean"": 0.9122257053291536}, ""pressure_after_route"": 1.3297783644063135, ""proxy_is_certified_bound"": false, ""reason"": ""insufficient_predicted_coverage_reserve"", ""remaining_after_outbound_return_and_margin"": 95, ""remaining_budget"": 146, ""reserve_actions"": 5, ""residual_deficit_cells"": 2605.5344827586205, ""return_cost"": 43, ""total_required_actions"": 178, ""true_coverage_guaranteed"": false}",3,3,"[24, 52, 0]",D19-P01/v13-history-smoke/plan-2,same_coverage_target_updated,151,True,False,
2,D19-P01,A_complex_B_simple,G,184,60,"{""C_plan"": 0.5045714285714286, ""allowed"": false, ""class_used"": false, ""conservative_rate"": 31.115384615384617, ""coverage_budget_unit"": ""known_task_roi_cells"", ""coverage_proxy"": ""fixed_task_roi_known_fraction"", ""coverage_reserve_actions"": 59, ""coverage_status"": ""ok"", ""deficit_cells"": 2068, ""evaluation_truth_used"": false, ""movement_authorized"": false, ""navigation_used_for_budget"": false, ""outbound_cost"": 20, ""planning_coverage"": 0.5045714285714286, ""predicted_gain_cells"": 256.02403846153845, ""prediction"": {""actual_map_changed"": false, ""class_used"": false, ""coverage_budget_unit"": ""known_task_roi_cells"", ""discounted_known_gain_cells"": 256.02403846153845, ""evaluation_truth_used"": false, ""future_free_assumption_used"": false, ""gain_discount"": 0.5, ""navigation_used_for_prediction"": false, ""optimistic_known_gain_cells"": 549, ""predicted_gain_cells"": 256.02403846153845, ""predicted_union_cells"": 549, ""predicted_union_sha256"": ""9627f4610a3aac640f48251e293f656d3721c880a50d948893dd5d3239f7dd8f"", ""true_coverage_guaranteed"": false, ""union_yield_mean"": 0.9326923076923077}, ""pressure_after_route"": 1.6638310082994876, ""proxy_is_certified_bound"": false, ""reason"": ""insufficient_predicted_coverage_reserve"", ""remaining_after_outbound_return_and_margin"": 35, ""remaining_budget"": 124, ""reserve_actions"": 5, ""residual_deficit_cells"": 1811.9759615384614, ""return_cost"": 64, ""total_required_actions"": 148, ""true_coverage_guaranteed"": false}",20,20,"[24, 28, 3]",D19-P01/v13-history-smoke/plan-10,same_coverage_target_updated,296,True,False,
2,D19-P01,A_complex_B_simple,G,184,65,"{""C_plan"": 0.5251428571428571, ""allowed"": false, ""class_used"": false, ""conservative_rate"": 30.615384615384617, ""coverage_budget_unit"": ""known_task_roi_cells"", ""coverage_proxy"": ""fixed_task_roi_known_fraction"", ""coverage_reserve_actions"": 59, ""coverage_status"": ""ok"", ""deficit_cells"": 1924, ""evaluation_truth_used"": false, ""movement_authorized"": false, ""navigation_used_for_budget"": false, ""outbound_cost"": 15, ""planning_coverage"": 0.5251428571428571, ""predicted_gain_cells"": 139.81057268722466, ""prediction"": {""actual_map_changed"": false, ""class_used"": false, ""coverage_budget_unit"": ""known_task_roi_cells"", ""discounted_known_gain_cells"": 139.81057268722466, ""evaluation_truth_used"": false, ""future_free_assumption_used"": false, ""gain_discount"": 0.5, ""navigation_used_for_prediction"": false, ""optimistic_known_gain_cells"": 298, ""predicted_gain_cells"": 139.81057268722466, ""predicted_union_cells"": 298, ""predicted_union_sha256"": ""3d72b12ae4d8da8b90625bbc52b28f7bb2d814cbc9b67d30d792d4ce2bd9a9ec"", ""true_coverage_guaranteed"": false, ""union_yield_mean"": 0.9383259911894273}, ""pressure_after_route"": 1.665072688805892, ""proxy_is_certified_bound"": false, ""reason"": ""insufficient_predicted_coverage_reserve"", ""remaining_after_outbound_return_and_margin"": 35, ""remaining_budget"": 119, ""reserve_actions"": 5, ""residual_deficit_cells"": 1784.1894273127753, ""return_cost"": 64, ""total_required_actions"": 143, ""true_coverage_guaranteed"": false}",15,15,"[24, 28, 3]",D19-P01/v13-history-smoke/plan-10,same_coverage_target_updated,296,True,False,
2,D19-P01,A_complex_B_simple,G,184,70,"{""C_plan"": 0.5394285714285715, ""allowed"": false, ""class_used"": false, ""conservative_rate"": 28.0, ""coverage_budget_unit"": ""known_task_roi_cells"", ""coverage_proxy"": ""fixed_task_roi_known_fraction"", ""coverage_reserve_actions"": 62, ""coverage_status"": ""ok"", ""deficit_cells"": 1824, ""evaluation_truth_used"": false, ""movement_authorized"": false, ""navigation_used_for_budget"": false, ""outbound_cost"": 10, ""planning_coverage"": 0.5394285714285715, ""predicted_gain_cells"": 94.66182572614107, ""prediction"": {""actual_map_changed"": false, ""class_used"": false, ""coverage_budget_unit"": ""known_task_roi_cells"", ""discounted_known_gain_cells"": 94.66182572614107, ""evaluation_truth_used"": false, ""future_free_assumption_used"": false, ""gain_discount"": 0.5, ""navigation_used_for_prediction"": false, ""optimistic_known_gain_cells"": 201, ""predicted_gain_cells"": 94.66182572614107, ""predicted_union_cells"": 201, ""predicted_union_sha256"": ""96b469dfa5396f0282692b8f9411b514ff29239ca7c4185a96acd99fcac7091a"", ""true_coverage_guaranteed"": false, ""union_yield_mean"": 0.941908713692946}, ""pressure_after_route"": 1.6692453419631843, ""proxy_is_certified_bound"": false, ""reason"": ""insufficient_predicted_coverage_reserve"", ""remaining_after_outbound_return_and_margin"": 37, ""remaining_budget"": 114, ""reserve_actions"": 5, ""residual_deficit_cells"": 1729.3381742738588, ""return_cost"": 62, ""total_required_actions"": 139, ""true_coverage_guaranteed"": false}",10,10,"[24, 28, 3]",D19-P01/v13-history-smoke/plan-10,same_coverage_target_updated,296,True,False,
2,D19-P01,A_complex_B_simple,G,184,75,"{""C_plan"": 0.5565714285714286, ""allowed"": false, ""class_used"": false, ""conservative_rate"": 25.807692307692307, ""coverage_budget_unit"": ""known_task_roi_cells"", ""coverage_proxy"": ""fixed_task_roi_known_fraction"", ""coverage_reserve_actions"": 65, ""coverage_status"": ""ok"", ""deficit_cells"": 1704, ""evaluation_truth_used"": false, ""movement_authorized"": false, ""navigation_used_for_budget"": false, ""outbound_cost"": 5, ""planning_coverage"": 0.5565714285714286, ""predicted_gain_cells"": 48.21637426900585, ""prediction"": {""actual_map_changed"": false, ""class_used"": false, ""coverage_budget_unit"": ""known_task_roi_cells"", ""discounted_known_gain_cells"": 48.21637426900585, ""evaluation_truth_used"": false, ""future_free_assumption_used"": false, ""gain_discount"": 0.5, ""navigation_used_for_prediction"": false, ""optimistic_known_gain_cells"": 102, ""predicted_gain_cells"": 48.21637426900585, ""predicted_union_cells"": 102, ""predicted_union_sha256"": ""0db52a60fd561e6075358c708d4ddece68c6685b654c44bd08704338eb9d6481"", ""true_coverage_guaranteed"": false, ""union_yield_mean"": 0.9454191033138402}, ""pressure_after_route"": 1.7340143500626677, ""proxy_is_certified_bound"": false, ""reason"": ""insufficient_predicted_coverage_reserve"", ""remaining_after_outbound_return_and_margin"": 37, ""remaining_budget"": 109, ""reserve_actions"": 5, ""residual_deficit_cells"": 1655.7836257309941, ""return_cost"": 62, ""total_required_actions"": 137, ""true_coverage_guaranteed"": false}",5,5,"[24, 28, 3]",D19-P01/v13-history-smoke/plan-10,same_coverage_target_updated,296,True,False,
2,D19-P01,A_complex_B_simple,G,184,85,"{""C_plan"": 0.6382857142857142, ""allowed"": false, ""class_used"": false, ""conservative_rate"": 19.45, ""coverage_budget_unit"": ""known_task_roi_cells"", ""coverage_proxy"": ""fixed_task_roi_known_fraction"", ""coverage_reserve_actions"": 59, ""coverage_status"": ""ok"", ""deficit_cells"": 1132, ""evaluation_truth_used"": false, ""movement_authorized"": false, ""navigation_used_for_budget"": false, ""outbound_cost"": 1, ""planning_coverage"": 0.6382857142857142, ""predicted_gain_cells"": 1.9083469721767594, ""prediction"": {""actual_map_changed"": false, ""class_used"": false, ""coverage_budget_unit"": ""known_task_roi_cells"", ""discounted_known_gain_cells"": 1.9083469721767594, ""evaluation_truth_used"": false, ""future_free_assumption_used"": false, ""gain_discount"": 0.5, ""navigation_used_for_prediction"": false, ""optimistic_known_gain_cells"": 4, ""predicted_gain_cells"": 1.9083469721767594, ""predicted_union_cells"": 4, ""predicted_union_sha256"": ""6b2dd063d2e0a29fd3c65f85e4225ccc424eba7f6378c66fd5d94e1b5b41576a"", ""true_coverage_guaranteed"": false, ""union_yield_mean"": 0.9541734860883797}, ""pressure_after_route"": 2.5261912440545955, ""proxy_is_certified_bound"": false, ""reason"": ""insufficient_predicted_coverage_reserve"", ""remaining_after_outbound_return_and_margin"": 23, ""remaining_budget"": 99, ""reserve_actions"": 5, ""residual_deficit_cells"": 1130.0916530278232, ""return_cost"": 70, ""total_required_actions"": 135, ""true_coverage_guaranteed"": false}",1,1,"[24, 22, 3]",D19-P01/v13-history-smoke/plan-11,same_coverage_target_updated,426,True,False,
2,D19-P01,A_complex_B_simple,G,184,91,"{""C_plan"": 0.6511428571428571, ""allowed"": false, ""class_used"": false, ""conservative_rate"": 16.96153846153846, ""coverage_budget_unit"": ""known_task_roi_cells"", ""coverage_proxy"": ""fixed_task_roi_known_fraction"", ""coverage_reserve_actions"": 54, ""coverage_status"": ""ok"", ""deficit_cells"": 1042, ""evaluation_truth_used"": false, ""movement_authorized"": false, ""navigation_used_for_budget"": false, ""outbound_cost"": 9, ""planning_coverage"": 0.6511428571428571, ""predicted_gain_cells"": 136.63434022257553, ""prediction"": {""actual_map_changed"": false, ""class_used"": false, ""coverage_budget_unit"": ""known_task_roi_cells"", ""discounted_known_gain_cells"": 136.63434022257553, ""evaluation_truth_used"": false, ""future_free_assumption_used"": false, ""gain_discount"": 0.5, ""navigation_used_for_prediction"": false, ""optimistic_known_gain_cells"": 286, ""predicted_gain_cells"": 136.63434022257553, ""predicted_union_cells"": 286, ""predicted_union_sha256"": ""92b8c4610b4397322326a4882e01ccb8da2497bb94220a0cfc98da963eb4e3cd"", ""true_coverage_guaranteed"": false, ""union_yield_mean"": 0.9554848966613673}, ""pressure_after_route"": null, ""proxy_is_certified_bound"": false, ""reason"": ""insufficient_predicted_coverage_reserve"", ""remaining_after_outbound_return_and_margin"": -5, ""remaining_budget"": 93, ""reserve_actions"": 5, ""residual_deficit_cells"": 905.3656597774245, ""return_cost"": 84, ""total_required_actions"": 152, ""true_coverage_guaranteed"": false}",9,9,"[36, 21, 2]",D19-P01/v13-history-smoke/plan-12,same_coverage_target_updated,458,True,False,
2,D19-P01,A_complex_B_simple,G,184,96,"{""C_plan"": 0.6677142857142857, ""allowed"": false, ""class_used"": false, ""conservative_rate"": 17.26923076923077, ""coverage_budget_unit"": ""known_task_roi_cells"", ""coverage_proxy"": ""fixed_task_roi_known_fraction"", ""coverage_reserve_actions"": 49, ""coverage_status"": ""ok"", ""deficit_cells"": 926, ""evaluation_truth_used"": false, ""movement_authorized"": false, ""navigation_used_for_budget"": false, ""outbound_cost"": 4, ""planning_coverage"": 0.6677142857142857, ""predicted_gain_cells"": 80.89878234398782, ""prediction"": {""actual_map_changed"": false, ""class_used"": false, ""coverage_budget_unit"": ""known_task_roi_cells"", ""discounted_known_gain_cells"": 80.89878234398782, ""evaluation_truth_used"": false, ""future_free_assumption_used"": false, ""gain_discount"": 0.5, ""navigation_used_for_prediction"": false, ""optimistic_known_gain_cells"": 169, ""predicted_gain_cells"": 80.89878234398782, ""predicted_union_cells"": 169, ""predicted_union_sha256"": ""abef7fc3ba718b1582afa673efc6af0e6cc3b2b58284df39d2df5f110a23d206"", ""true_coverage_guaranteed"": false, ""union_yield_mean"": 0.9573820395738204}, ""pressure_after_route"": null, ""proxy_is_certified_bound"": false, ""reason"": ""insufficient_predicted_coverage_reserve"", ""remaining_after_outbound_return_and_margin"": -5, ""remaining_budget"": 88, ""reserve_actions"": 5, ""residual_deficit_cells"": 845.1012176560122, ""return_cost"": 84, ""total_required_actions"": 142, ""true_coverage_guaranteed"": false}",4,4,"[36, 21, 2]",D19-P01/v13-history-smoke/plan-12,same_coverage_target_updated,458,True,False,
2,D19-P01,A_complex_B_simple,G,184,116,"{""C_plan"": 0.7434285714285714, ""allowed"": false, ""class_used"": false, ""conservative_rate"": 12.673076923076923, ""coverage_budget_unit"": ""known_task_roi_cells"", ""coverage_proxy"": ""fixed_task_roi_known_fraction"", ""coverage_reserve_actions"": 24, ""coverage_status"": ""ok"", ""deficit_cells"": 396, ""evaluation_truth_used"": false, ""movement_authorized"": false, ""navigation_used_for_budget"": false, ""outbound_cost"": 50, ""planning_coverage"": 0.7434285714285714, ""predicted_gain_cells"": 103.02083333333334, ""prediction"": {""actual_map_changed"": false, ""class_used"": false, ""coverage_budget_unit"": ""known_task_roi_cells"", ""discounted_known_gain_cells"": 103.02083333333334, ""evaluation_truth_used"": false, ""future_free_assumption_used"": false, ""gain_discount"": 0.5, ""navigation_used_for_prediction"": false, ""optimistic_known_gain_cells"": 215, ""predicted_gain_cells"": 103.02083333333334, ""predicted_union_cells"": 215, ""predicted_union_sha256"": ""8a77263c2488bb47ca0f0094b8660511e0adb555dace006deda585a5105aeb7b"", ""true_coverage_guaranteed"": false, ""union_yield_mean"": 0.9583333333333334}, ""pressure_after_route"": null, ""proxy_is_certified_bound"": false, ""reason"": ""insufficient_predicted_coverage_reserve"", ""remaining_after_outbound_return_and_margin"": -5, ""remaining_budget"": 68, ""reserve_actions"": 5, ""residual_deficit_cells"": 292.97916666666663, ""return_cost"": 18, ""total_required_actions"": 97, ""true_coverage_guaranteed"": false}",50,50,"[59, 63, 1]",D19-P01/v13-history-smoke/plan-17,same_coverage_target_updated,590,True,False,
2,D19-P01,A_complex_B_simple,G,184,121,"{""C_plan"": 0.7437142857142857, ""allowed"": false, ""class_used"": false, ""conservative_rate"": 11.038461538461538, ""coverage_budget_unit"": ""known_task_roi_cells"", ""coverage_proxy"": ""fixed_task_roi_known_fraction"", ""coverage_reserve_actions"": 27, ""coverage_status"": ""ok"", ""deficit_cells"": 394, ""evaluation_truth_used"": false, ""movement_authorized"": false, ""navigation_used_for_budget"": false, ""outbound_cost"": 45, ""planning_coverage"": 0.7437142857142857, ""predicted_gain_cells"": 102.0625, ""prediction"": {""actual_map_changed"": false, ""class_used"": false, ""coverage_budget_unit"": ""known_task_roi_cells"", ""discounted_known_gain_cells"": 102.0625, ""evaluation_truth_used"": false, ""future_free_assumption_used"": false, ""gain_discount"": 0.5, ""navigation_used_for_prediction"": false, ""optimistic_known_gain_cells"": 213, ""predicted_gain_cells"": 102.0625, ""predicted_union_cells"": 213, ""predicted_union_sha256"": ""276e467e2f668b2dc9eff6e667c410584f73a2d273a57f8868500fc568154ae4"", ""true_coverage_guaranteed"": false, ""union_yield_mean"": 0.9583333333333334}, ""pressure_after_route"": null, ""proxy_is_certified_bound"": false, ""reason"": ""insufficient_predicted_coverage_reserve"", ""remaining_after_outbound_return_and_margin"": -5, ""remaining_budget"": 63, ""reserve_actions"": 5, ""residual_deficit_cells"": 291.9375, ""return_cost"": 18, ""total_required_actions"": 95, ""true_coverage_guaranteed"": false}",45,45,"[59, 63, 1]",D19-P01/v13-history-smoke/plan-17,same_coverage_target_updated,590,True,False,
2,D19-P01,A_complex_B_simple,G,184,126,"{""C_plan"": 0.744, ""allowed"": false, ""class_used"": false, ""conservative_rate"": 6.3076923076923075, ""coverage_budget_unit"": ""known_task_roi_cells"", ""coverage_proxy"": ""fixed_task_roi_known_fraction"", ""coverage_reserve_actions"": 47, ""coverage_status"": ""ok"", ""deficit_cells"": 392, ""evaluation_truth_used"": false, ""movement_authorized"": false, ""navigation_used_for_budget"": false, ""outbound_cost"": 40, ""planning_coverage"": 0.744, ""predicted_gain_cells"": 101.10416666666667, ""prediction"": {""actual_map_changed"": false, ""class_used"": false, ""coverage_budget_unit"": ""known_task_roi_cells"", ""discounted_known_gain_cells"": 101.10416666666667, ""evaluation_truth_used"": false, ""future_free_assumption_used"": false, ""gain_discount"": 0.5, ""navigation_used_for_prediction"": false, ""optimistic_known_gain_cells"": 211, ""predicted_gain_cells"": 101.10416666666667, ""predicted_union_cells"": 211, ""predicted_union_sha256"": ""61d2af669fb54df3c8a26e2bb4fec68b4d5d73f255b8dc17c14f4e66e79c2b90"", ""true_coverage_guaranteed"": false, ""union_yield_mean"": 0.9583333333333334}, ""pressure_after_route"": null, ""proxy_is_certified_bound"": false, ""reason"": ""insufficient_predicted_coverage_reserve"", ""remaining_after_outbound_return_and_margin"": -5, ""remaining_budget"": 58, ""reserve_actions"": 5, ""residual_deficit_cells"": 290.8958333333333, ""return_cost"": 18, ""total_required_actions"": 110, ""true_coverage_guaranteed"": false}",40,40,"[59, 63, 1]",D19-P01/v13-history-smoke/plan-17,same_coverage_target_updated,590,True,False,
2,D19-P01,A_complex_B_simple,G,184,131,"{""C_plan"": 0.744, ""allowed"": false, ""class_used"": false, ""conservative_rate"": 2.8653846153846154, ""coverage_budget_unit"": ""known_task_roi_cells"", ""coverage_proxy"": ""fixed_task_roi_known_fraction"", ""coverage_reserve_actions"": 102, ""coverage_status"": ""ok"", ""deficit_cells"": 392, ""evaluation_truth_used"": false, ""movement_authorized"": false, ""navigation_used_for_budget"": false, ""outbound_cost"": 35, ""planning_coverage"": 0.744, ""predicted_gain_cells"": 101.10416666666667, ""prediction"": {""actual_map_changed"": false, ""class_used"": false, ""coverage_budget_unit"": ""known_task_roi_cells"", ""discounted_known_gain_cells"": 101.10416666666667, ""evaluation_truth_used"": false, ""future_free_assumption_used"": false, ""gain_discount"": 0.5, ""navigation_used_for_prediction"": false, ""optimistic_known_gain_cells"": 211, ""predicted_gain_cells"": 101.10416666666667, ""predicted_union_cells"": 211, ""predicted_union_sha256"": ""61d2af669fb54df3c8a26e2bb4fec68b4d5d73f255b8dc17c14f4e66e79c2b90"", ""true_coverage_guaranteed"": false, ""union_yield_mean"": 0.9583333333333334}, ""pressure_after_route"": null, ""proxy_is_certified_bound"": false, ""reason"": ""insufficient_predicted_coverage_reserve"", ""remaining_after_outbound_return_and_margin"": -5, ""remaining_budget"": 53, ""reserve_actions"": 5, ""residual_deficit_cells"": 290.8958333333333, ""return_cost"": 18, ""total_required_actions"": 160, ""true_coverage_guaranteed"": false}",35,35,"[59, 63, 1]",D19-P01/v13-history-smoke/plan-17,same_coverage_target_updated,590,True,False,
2,D19-P01,A_complex_B_simple,G,184,136,"{""C_plan"": 0.744, ""allowed"": false, ""class_used"": false, ""conservative_rate"": 0.34615384615384615, ""coverage_budget_unit"": ""known_task_roi_cells"", ""coverage_proxy"": ""fixed_task_roi_known_fraction"", ""coverage_reserve_actions"": 841, ""coverage_status"": ""ok"", ""deficit_cells"": 392, ""evaluation_truth_used"": false, ""movement_authorized"": false, ""navigation_used_for_budget"": false, ""outbound_cost"": 30, ""planning_coverage"": 0.744, ""predicted_gain_cells"": 101.10416666666667, ""prediction"": {""actual_map_changed"": false, ""class_used"": false, ""coverage_budget_unit"": ""known_task_roi_cells"", ""discounted_known_gain_cells"": 101.10416666666667, ""evaluation_truth_used"": false, ""future_free_assumption_used"": false, ""gain_discount"": 0.5, ""navigation_used_for_prediction"": false, ""optimistic_known_gain_cells"": 211, ""predicted_gain_cells"": 101.10416666666667, ""predicted_union_cells"": 211, ""predicted_union_sha256"": ""61d2af669fb54df3c8a26e2bb4fec68b4d5d73f255b8dc17c14f4e66e79c2b90"", ""true_coverage_guaranteed"": false, ""union_yield_mean"": 0.9583333333333334}, ""pressure_after_route"": null, ""proxy_is_certified_bound"": false, ""reason"": ""insufficient_predicted_coverage_reserve"", ""remaining_after_outbound_return_and_margin"": -5, ""remaining_budget"": 48, ""reserve_actions"": 5, ""residual_deficit_cells"": 290.8958333333333, ""return_cost"": 18, ""total_required_actions"": 894, ""true_coverage_guaranteed"": false}",30,30,"[59, 63, 1]",D19-P01/v13-history-smoke/plan-17,same_coverage_target_updated,590,True,False,
2,D19-P01,A_complex_B_simple,G,184,141,"{""C_plan"": 0.744, ""allowed"": false, ""class_used"": false, ""conservative_rate"": 0.07692307692307693, ""coverage_budget_unit"": ""known_task_roi_cells"", ""coverage_proxy"": ""fixed_task_roi_known_fraction"", ""coverage_reserve_actions"": 3782, ""coverage_status"": ""ok"", ""deficit_cells"": 392, ""evaluation_truth_used"": false, ""movement_authorized"": false, ""navigation_used_for_budget"": false, ""outbound_cost"": 25, ""planning_coverage"": 0.744, ""predicted_gain_cells"": 101.10416666666667, ""prediction"": {""actual_map_changed"": false, ""class_used"": false, ""coverage_budget_unit"": ""known_task_roi_cells"", ""discounted_known_gain_cells"": 101.10416666666667, ""evaluation_truth_used"": false, ""future_free_assumption_used"": false, ""gain_discount"": 0.5, ""navigation_used_for_prediction"": false, ""optimistic_known_gain_cells"": 211, ""predicted_gain_cells"": 101.10416666666667, ""predicted_union_cells"": 211, ""predicted_union_sha256"": ""61d2af669fb54df3c8a26e2bb4fec68b4d5d73f255b8dc17c14f4e66e79c2b90"", ""true_coverage_guaranteed"": false, ""union_yield_mean"": 0.9583333333333334}, ""pressure_after_route"": null, ""proxy_is_certified_bound"": false, ""reason"": ""insufficient_predicted_coverage_reserve"", ""remaining_after_outbound_return_and_margin"": -5, ""remaining_budget"": 43, ""reserve_actions"": 5, ""residual_deficit_cells"": 290.8958333333333, ""return_cost"": 18, ""total_required_actions"": 3830, ""true_coverage_guaranteed"": false}",25,25,"[59, 63, 1]",D19-P01/v13-history-smoke/plan-17,same_coverage_target_updated,590,True,False,
2,D19-P01,A_complex_B_simple,G,184,146,"{""C_plan"": 0.7441428571428571, ""allowed"": false, ""class_used"": false, ""conservative_rate"": 0.07692307692307693, ""coverage_budget_unit"": ""known_task_roi_cells"", ""coverage_proxy"": ""fixed_task_roi_known_fraction"", ""coverage_reserve_actions"": 3769, ""coverage_status"": ""ok"", ""deficit_cells"": 391, ""evaluation_truth_used"": false, ""movement_authorized"": false, ""navigation_used_for_budget"": false, ""outbound_cost"": 20, ""planning_coverage"": 0.7441428571428571, ""predicted_gain_cells"": 101.10416666666667, ""prediction"": {""actual_map_changed"": false, ""class_used"": false, ""coverage_budget_unit"": ""known_task_roi_cells"", ""discounted_known_gain_cells"": 101.10416666666667, ""evaluation_truth_used"": false, ""future_free_assumption_used"": false, ""gain_discount"": 0.5, ""navigation_used_for_prediction"": false, ""optimistic_known_gain_cells"": 211, ""predicted_gain_cells"": 101.10416666666667, ""predicted_union_cells"": 211, ""predicted_union_sha256"": ""61d2af669fb54df3c8a26e2bb4fec68b4d5d73f255b8dc17c14f4e66e79c2b90"", ""true_coverage_guaranteed"": false, ""union_yield_mean"": 0.9583333333333334}, ""pressure_after_route"": null, ""proxy_is_certified_bound"": false, ""reason"": ""insufficient_predicted_coverage_reserve"", ""remaining_after_outbound_return_and_margin"": -5, ""remaining_budget"": 38, ""reserve_actions"": 5, ""residual_deficit_cells"": 289.8958333333333, ""return_cost"": 18, ""total_required_actions"": 3812, ""true_coverage_guaranteed"": false}",20,20,"[59, 63, 1]",D19-P01/v13-history-smoke/plan-17,same_coverage_target_updated,590,True,False,
2,D19-P01,A_complex_B_simple,G,184,151,"{""C_plan"": 0.7441428571428571, ""allowed"": false, ""class_used"": false, ""conservative_rate"": 0.038461538461538464, ""coverage_budget_unit"": ""known_task_roi_cells"", ""coverage_proxy"": ""fixed_task_roi_known_fraction"", ""coverage_reserve_actions"": 7538, ""coverage_status"": ""ok"", ""deficit_cells"": 391, ""evaluation_truth_used"": false, ""movement_authorized"": false, ""navigation_used_for_budget"": false, ""outbound_cost"": 15, ""planning_coverage"": 0.7441428571428571, ""predicted_gain_cells"": 101.10416666666667, ""prediction"": {""actual_map_changed"": false, ""class_used"": false, ""coverage_budget_unit"": ""known_task_roi_cells"", ""discounted_known_gain_cells"": 101.10416666666667, ""evaluation_truth_used"": false, ""future_free_assumption_used"": false, ""gain_discount"": 0.5, ""navigation_used_for_prediction"": false, ""optimistic_known_gain_cells"": 211, ""predicted_gain_cells"": 101.10416666666667, ""predicted_union_cells"": 211, ""predicted_union_sha256"": ""61d2af669fb54df3c8a26e2bb4fec68b4d5d73f255b8dc17c14f4e66e79c2b90"", ""true_coverage_guaranteed"": false, ""union_yield_mean"": 0.9583333333333334}, ""pressure_after_route"": null, ""proxy_is_certified_bound"": false, ""reason"": ""insufficient_predicted_coverage_reserve"", ""remaining_after_outbound_return_and_margin"": -5, ""remaining_budget"": 33, ""reserve_actions"": 5, ""residual_deficit_cells"": 289.8958333333333, ""return_cost"": 18, ""total_required_actions"": 7576, ""true_coverage_guaranteed"": false}",15,15,"[59, 63, 1]",D19-P01/v13-history-smoke/plan-17,same_coverage_target_updated,590,True,False,
2,D19-P01,A_complex_B_simple,G,184,156,"{""C_plan"": 0.7477142857142857, ""allowed"": false, ""class_used"": false, ""conservative_rate"": 0.5, ""coverage_budget_unit"": ""known_task_roi_cells"", ""coverage_proxy"": ""fixed_task_roi_known_fraction"", ""coverage_reserve_actions"": 561, ""coverage_status"": ""ok"", ""deficit_cells"": 366, ""evaluation_truth_used"": false, ""movement_authorized"": false, ""navigation_used_for_budget"": false, ""outbound_cost"": 10, ""planning_coverage"": 0.7477142857142857, ""predicted_gain_cells"": 85.80412946428571, ""prediction"": {""actual_map_changed"": false, ""class_used"": false, ""coverage_budget_unit"": ""known_task_roi_cells"", ""discounted_known_gain_cells"": 85.80412946428571, ""evaluation_truth_used"": false, ""future_free_assumption_used"": false, ""gain_discount"": 0.5, ""navigation_used_for_prediction"": false, ""optimistic_known_gain_cells"": 179, ""predicted_gain_cells"": 85.80412946428571, ""predicted_union_cells"": 179, ""predicted_union_sha256"": ""a31ce9316058560a1e003982c13b77a73065fba5dd66420a13f6b31a0406ab94"", ""true_coverage_guaranteed"": false, ""union_yield_mean"": 0.9587053571428571}, ""pressure_after_route"": null, ""proxy_is_certified_bound"": false, ""reason"": ""insufficient_predicted_coverage_reserve"", ""remaining_after_outbound_return_and_margin"": -5, ""remaining_budget"": 28, ""reserve_actions"": 5, ""residual_deficit_cells"": 280.1958705357143, ""return_cost"": 18, ""total_required_actions"": 594, ""true_coverage_guaranteed"": false}",10,10,"[59, 63, 1]",D19-P01/v13-history-smoke/plan-17,same_coverage_target_updated,590,True,False,
2,D19-P01,A_complex_B_simple,G,184,161,"{""C_plan"": 0.7615714285714286, ""allowed"": false, ""class_used"": false, ""conservative_rate"": 2.3653846153846154, ""coverage_budget_unit"": ""known_task_roi_cells"", ""coverage_proxy"": ""fixed_task_roi_known_fraction"", ""coverage_reserve_actions"": 98, ""coverage_status"": ""ok"", ""deficit_cells"": 269, ""evaluation_truth_used"": false, ""movement_authorized"": false, ""navigation_used_for_budget"": false, ""outbound_cost"": 5, ""planning_coverage"": 0.7615714285714286, ""predicted_gain_cells"": 38.4051724137931, ""prediction"": {""actual_map_changed"": false, ""class_used"": false, ""coverage_budget_unit"": ""known_task_roi_cells"", ""discounted_known_gain_cells"": 38.4051724137931, ""evaluation_truth_used"": false, ""future_free_assumption_used"": false, ""gain_discount"": 0.5, ""navigation_used_for_prediction"": false, ""optimistic_known_gain_cells"": 80, ""predicted_gain_cells"": 38.4051724137931, ""predicted_union_cells"": 80, ""predicted_union_sha256"": ""7170651ee1df89765c33156347e9166980cf8cef8f712360b5c156886e7ba922"", ""true_coverage_guaranteed"": false, ""union_yield_mean"": 0.9601293103448276}, ""pressure_after_route"": null, ""proxy_is_certified_bound"": false, ""reason"": ""insufficient_predicted_coverage_reserve"", ""remaining_after_outbound_return_and_margin"": -5, ""remaining_budget"": 23, ""reserve_actions"": 5, ""residual_deficit_cells"": 230.5948275862069, ""return_cost"": 18, ""total_required_actions"": 126, ""true_coverage_guaranteed"": false}",5,5,"[59, 63, 1]",D19-P01/v13-history-smoke/plan-17,same_coverage_target_updated,590,True,False,
3,D19-P01,A_simple_B_complex,G,184,5,"{""C_plan"": 0.22728571428571429, ""allowed"": false, ""class_used"": false, ""conservative_rate"": 18.2, ""coverage_budget_unit"": ""known_task_roi_cells"", ""coverage_proxy"": ""fixed_task_roi_known_fraction"", ""coverage_reserve_actions"": 198, ""coverage_status"": ""ok"", ""deficit_cells"": 4009, ""evaluation_truth_used"": false, ""movement_authorized"": false, ""navigation_used_for_budget"": false, ""outbound_cost"": 23, ""planning_coverage"": 0.22728571428571429, ""predicted_gain_cells"": 409.75, ""prediction"": {""actual_map_changed"": false, ""class_used"": false, ""coverage_budget_unit"": ""known_task_roi_cells"", ""discounted_known_gain_cells"": 409.75, ""evaluation_truth_used"": false, ""future_free_assumption_used"": false, ""gain_discount"": 0.5, ""navigation_used_for_prediction"": false, ""optimistic_known_gain_cells"": 1043, ""predicted_gain_cells"": 409.75, ""predicted_union_cells"": 1043, ""predicted_union_sha256"": ""0dfbf4b2620c308f051759c1dd00a58306e05f328be9d75b8d09b6d06558dc7f"", ""true_coverage_guaranteed"": false, ""union_yield_mean"": 0.7857142857142857}, ""pressure_after_route"": 1.6343883389337936, ""proxy_is_certified_bound"": false, ""reason"": ""insufficient_predicted_coverage_reserve"", ""remaining_after_outbound_return_and_margin"": 121, ""remaining_budget"": 179, ""reserve_actions"": 5, ""residual_deficit_cells"": 3599.25, ""return_cost"": 30, ""total_required_actions"": 256, ""true_coverage_guaranteed"": false}",23,23,"[37, 52, 0]",D19-P01/v13-history-smoke/plan-1,same_coverage_target_updated,5,True,False,
3,D19-P01,A_simple_B_complex,G,184,10,"{""C_plan"": 0.24342857142857144, ""allowed"": false, ""class_used"": false, ""conservative_rate"": 14.75, ""coverage_budget_unit"": ""known_task_roi_cells"", ""coverage_proxy"": ""fixed_task_roi_known_fraction"", ""coverage_reserve_actions"": 246, ""coverage_status"": ""ok"", ""deficit_cells"": 3896, ""evaluation_truth_used"": false, ""movement_authorized"": false, ""navigation_used_for_budget"": false, ""outbound_cost"": 18, ""planning_coverage"": 0.24342857142857144, ""predicted_gain_cells"": 273.268115942029, ""prediction"": {""actual_map_changed"": false, ""class_used"": false, ""coverage_budget_unit"": ""known_task_roi_cells"", ""discounted_known_gain_cells"": 273.268115942029, ""evaluation_truth_used"": false, ""future_free_assumption_used"": false, ""gain_discount"": 0.5, ""navigation_used_for_prediction"": false, ""optimistic_known_gain_cells"": 877, ""predicted_gain_cells"": 273.268115942029, ""predicted_union_cells"": 877, ""predicted_union_sha256"": ""f6022de11d0ff039a118645afb68fcbc4a70689822aeab51dfd07044d1fa06d2"", ""true_coverage_guaranteed"": false, ""union_yield_mean"": 0.6231884057971014}, ""pressure_after_route"": 2.0298259610914533, ""proxy_is_certified_bound"": false, ""reason"": ""insufficient_predicted_coverage_reserve"", ""remaining_after_outbound_return_and_margin"": 121, ""remaining_budget"": 174, ""reserve_actions"": 5, ""residual_deficit_cells"": 3622.731884057971, ""return_cost"": 30, ""total_required_actions"": 299, ""true_coverage_guaranteed"": false}",18,18,"[37, 52, 0]",D19-P01/v13-history-smoke/plan-1,same_coverage_target_updated,5,True,False,
3,D19-P01,A_simple_B_complex,G,184,15,"{""C_plan"": 0.253, ""allowed"": false, ""class_used"": false, ""conservative_rate"": 12.066666666666666, ""coverage_budget_unit"": ""known_task_roi_cells"", ""coverage_proxy"": ""fixed_task_roi_known_fraction"", ""coverage_reserve_actions"": 305, ""coverage_status"": ""ok"", ""deficit_cells"": 3829, ""evaluation_truth_used"": false, ""movement_authorized"": false, ""navigation_used_for_budget"": false, ""outbound_cost"": 13, ""planning_coverage"": 0.253, ""predicted_gain_cells"": 158.8095238095238, ""prediction"": {""actual_map_changed"": false, ""class_used"": false, ""coverage_budget_unit"": ""known_task_roi_cells"", ""discounted_known_gain_cells"": 158.8095238095238, ""evaluation_truth_used"": false, ""future_free_assumption_used"": false, ""gain_discount"": 0.5, ""navigation_used_for_prediction"": false, ""optimistic_known_gain_cells"": 460, ""predicted_gain_cells"": 158.8095238095238, ""predicted_union_cells"": 460, ""predicted_union_sha256"": ""a47e9cff28ef90fa868fe3df26aec59d3319bab336d078c92f8fddcbfac26ab9"", ""true_coverage_guaranteed"": false, ""union_yield_mean"": 0.6904761904761905}, ""pressure_after_route"": 2.5137143118057232, ""proxy_is_certified_bound"": false, ""reason"": ""insufficient_predicted_coverage_reserve"", ""remaining_after_outbound_return_and_margin"": 121, ""remaining_budget"": 169, ""reserve_actions"": 5, ""residual_deficit_cells"": 3670.190476190476, ""return_cost"": 30, ""total_required_actions"": 353, ""true_coverage_guaranteed"": false}",13,13,"[37, 52, 0]",D19-P01/v13-history-smoke/plan-1,same_coverage_target_updated,5,True,False,
3,D19-P01,A_simple_B_complex,G,184,20,"{""C_plan"": 0.26985714285714285, ""allowed"": false, ""class_used"": false, ""conservative_rate"": 12.0, ""coverage_budget_unit"": ""known_task_roi_cells"", ""coverage_proxy"": ""fixed_task_roi_known_fraction"", ""coverage_reserve_actions"": 299, ""coverage_status"": ""ok"", ""deficit_cells"": 3711, ""evaluation_truth_used"": false, ""movement_authorized"": false, ""navigation_used_for_budget"": false, ""outbound_cost"": 8, ""planning_coverage"": 0.26985714285714285, ""predicted_gain_cells"": 123.37962962962963, ""prediction"": {""actual_map_changed"": false, ""class_used"": false, ""coverage_budget_unit"": ""known_task_roi_cells"", ""discounted_known_gain_cells"": 123.37962962962963, ""evaluation_truth_used"": false, ""future_free_assumption_used"": false, ""gain_discount"": 0.5, ""navigation_used_for_prediction"": false, ""optimistic_known_gain_cells"": 325, ""predicted_gain_cells"": 123.37962962962963, ""predicted_union_cells"": 325, ""predicted_union_sha256"": ""837becefba84b815f32811fc11d37bc495b38fa444500ae1ae562f07074bf788"", ""true_coverage_guaranteed"": false, ""union_yield_mean"": 0.7592592592592593}, ""pressure_after_route"": 2.470812927252321, ""proxy_is_certified_bound"": false, ""reason"": ""insufficient_predicted_coverage_reserve"", ""remaining_after_outbound_return_and_margin"": 121, ""remaining_budget"": 164, ""reserve_actions"": 5, ""residual_deficit_cells"": 3587.6203703703704, ""return_cost"": 30, ""total_required_actions"": 342, ""true_coverage_guaranteed"": false}",8,8,"[37, 52, 0]",D19-P01/v13-history-smoke/plan-1,same_coverage_target_updated,5,True,False,
3,D19-P01,A_simple_B_complex,G,184,25,"{""C_plan"": 0.29414285714285715, ""allowed"": false, ""class_used"": false, ""conservative_rate"": 13.0, ""coverage_budget_unit"": ""known_task_roi_cells"", ""coverage_proxy"": ""fixed_task_roi_known_fraction"", ""coverage_reserve_actions"": 271, ""coverage_status"": ""ok"", ""deficit_cells"": 3541, ""evaluation_truth_used"": false, ""movement_authorized"": false, ""navigation_used_for_budget"": false, ""outbound_cost"": 3, ""planning_coverage"": 0.29414285714285715, ""predicted_gain_cells"": 24.620689655172413, ""prediction"": {""actual_map_changed"": false, ""class_used"": false, ""coverage_budget_unit"": ""known_task_roi_cells"", ""discounted_known_gain_cells"": 24.620689655172413, ""evaluation_truth_used"": false, ""future_free_assumption_used"": false, ""gain_discount"": 0.5, ""navigation_used_for_prediction"": false, ""optimistic_known_gain_cells"": 60, ""predicted_gain_cells"": 24.620689655172413, ""predicted_union_cells"": 60, ""predicted_union_sha256"": ""08649954974ad16117f5b0d53bb5100ee2350496c25cdb3b48ea7f5feb14b5bf"", ""true_coverage_guaranteed"": false, ""union_yield_mean"": 0.8206896551724138}, ""pressure_after_route"": 2.2354604643005898, ""proxy_is_certified_bound"": false, ""reason"": ""insufficient_predicted_coverage_reserve"", ""remaining_after_outbound_return_and_margin"": 121, ""remaining_budget"": 159, ""reserve_actions"": 5, ""residual_deficit_cells"": 3516.3793103448274, ""return_cost"": 30, ""total_required_actions"": 309, ""true_coverage_guaranteed"": false}",3,3,"[37, 52, 0]",D19-P01/v13-history-smoke/plan-1,same_coverage_target_updated,5,True,False,
3,D19-P01,A_simple_B_complex,G,184,33,"{""C_plan"": 0.346, ""allowed"": false, ""class_used"": false, ""conservative_rate"": 14.839285714285714, ""coverage_budget_unit"": ""known_task_roi_cells"", ""coverage_proxy"": ""fixed_task_roi_known_fraction"", ""coverage_reserve_actions"": 193, ""coverage_status"": ""ok"", ""deficit_cells"": 3178, ""evaluation_truth_used"": false, ""movement_authorized"": false, ""navigation_used_for_budget"": false, ""outbound_cost"": 8, ""planning_coverage"": 0.346, ""predicted_gain_cells"": 324.3362831858407, ""prediction"": {""actual_map_changed"": false, ""class_used"": false, ""coverage_budget_unit"": ""known_task_roi_cells"", ""discounted_known_gain_cells"": 324.3362831858407, ""evaluation_truth_used"": false, ""future_free_assumption_used"": false, ""gain_discount"": 0.5, ""navigation_used_for_prediction"": false, ""optimistic_known_gain_cells"": 733, ""predicted_gain_cells"": 324.3362831858407, ""predicted_union_cells"": 733, ""predicted_union_sha256"": ""5ce6955b43d8a61a77c2c3a3be9ca162666e763cb3d3c9aa190f8e40e38f07ab"", ""true_coverage_guaranteed"": false, ""union_yield_mean"": 0.8849557522123894}, ""pressure_after_route"": 2.0242595242459043, ""proxy_is_certified_bound"": false, ""reason"": ""insufficient_predicted_coverage_reserve"", ""remaining_after_outbound_return_and_margin"": 95, ""remaining_budget"": 151, ""reserve_actions"": 5, ""residual_deficit_cells"": 2853.663716814159, ""return_cost"": 43, ""total_required_actions"": 249, ""true_coverage_guaranteed"": false}",8,8,"[24, 52, 0]",D19-P01/v13-history-smoke/plan-2,same_coverage_target_updated,151,True,False,
3,D19-P01,A_simple_B_complex,G,184,38,"{""C_plan"": 0.4084285714285714, ""allowed"": false, ""class_used"": false, ""conservative_rate"": 20.625, ""coverage_budget_unit"": ""known_task_roi_cells"", ""coverage_proxy"": ""fixed_task_roi_known_fraction"", ""coverage_reserve_actions"": 127, ""coverage_status"": ""ok"", ""deficit_cells"": 2741, ""evaluation_truth_used"": false, ""movement_authorized"": false, ""navigation_used_for_budget"": false, ""outbound_cost"": 3, ""planning_coverage"": 0.4084285714285714, ""predicted_gain_cells"": 135.2319587628866, ""prediction"": {""actual_map_changed"": false, ""class_used"": false, ""coverage_budget_unit"": ""known_task_roi_cells"", ""discounted_known_gain_cells"": 135.2319587628866, ""evaluation_truth_used"": false, ""future_free_assumption_used"": false, ""gain_discount"": 0.5, ""navigation_used_for_prediction"": false, ""optimistic_known_gain_cells"": 297, ""predicted_gain_cells"": 135.2319587628866, ""predicted_union_cells"": 297, ""predicted_union_sha256"": ""7eb307a3d0253eb17c71c03929b86429b8f13cee4d52b182bc86b36fc5c97397"", ""true_coverage_guaranteed"": false, ""union_yield_mean"": 0.9106529209621993}, ""pressure_after_route"": 1.3298975649057037, ""proxy_is_certified_bound"": false, ""reason"": ""insufficient_predicted_coverage_reserve"", ""remaining_after_outbound_return_and_margin"": 95, ""remaining_budget"": 146, ""reserve_actions"": 5, ""residual_deficit_cells"": 2605.7680412371133, ""return_cost"": 43, ""total_required_actions"": 178, ""true_coverage_guaranteed"": false}",3,3,"[24, 52, 0]",D19-P01/v13-history-smoke/plan-2,same_coverage_target_updated,151,True,False,
3,D19-P01,A_simple_B_complex,G,184,60,"{""C_plan"": 0.5045714285714286, ""allowed"": false, ""class_used"": false, ""conservative_rate"": 31.115384615384617, ""coverage_budget_unit"": ""known_task_roi_cells"", ""coverage_proxy"": ""fixed_task_roi_known_fraction"", ""coverage_reserve_actions"": 59, ""coverage_status"": ""ok"", ""deficit_cells"": 2068, ""evaluation_truth_used"": false, ""movement_authorized"": false, ""navigation_used_for_budget"": false, ""outbound_cost"": 20, ""planning_coverage"": 0.5045714285714286, ""predicted_gain_cells"": 256.1056701030928, ""prediction"": {""actual_map_changed"": false, ""class_used"": false, ""coverage_budget_unit"": ""known_task_roi_cells"", ""discounted_known_gain_cells"": 256.1056701030928, ""evaluation_truth_used"": false, ""future_free_assumption_used"": false, ""gain_discount"": 0.5, ""navigation_used_for_prediction"": false, ""optimistic_known_gain_cells"": 549, ""predicted_gain_cells"": 256.1056701030928, ""predicted_union_cells"": 549, ""predicted_union_sha256"": ""9627f4610a3aac640f48251e293f656d3721c880a50d948893dd5d3239f7dd8f"", ""true_coverage_guaranteed"": false, ""union_yield_mean"": 0.9329896907216495}, ""pressure_after_route"": 1.6637560507617724, ""proxy_is_certified_bound"": false, ""reason"": ""insufficient_predicted_coverage_reserve"", ""remaining_after_outbound_return_and_margin"": 35, ""remaining_budget"": 124, ""reserve_actions"": 5, ""residual_deficit_cells"": 1811.8943298969073, ""return_cost"": 64, ""total_required_actions"": 148, ""true_coverage_guaranteed"": false}",20,20,"[24, 28, 3]",D19-P01/v13-history-smoke/plan-10,same_coverage_target_updated,296,True,False,
3,D19-P01,A_simple_B_complex,G,184,65,"{""C_plan"": 0.5251428571428571, ""allowed"": false, ""class_used"": false, ""conservative_rate"": 30.615384615384617, ""coverage_budget_unit"": ""known_task_roi_cells"", ""coverage_proxy"": ""fixed_task_roi_known_fraction"", ""coverage_reserve_actions"": 59, ""coverage_status"": ""ok"", ""deficit_cells"": 1924, ""evaluation_truth_used"": false, ""movement_authorized"": false, ""navigation_used_for_budget"": false, ""outbound_cost"": 15, ""planning_coverage"": 0.5251428571428571, ""predicted_gain_cells"": 139.9906976744186, ""prediction"": {""actual_map_changed"": false, ""class_used"": false, ""coverage_budget_unit"": ""known_task_roi_cells"", ""discounted_known_gain_cells"": 139.9906976744186, ""evaluation_truth_used"": false, ""future_free_assumption_used"": false, ""gain_discount"": 0.5, ""navigation_used_for_prediction"": false, ""optimistic_known_gain_cells"": 298, ""predicted_gain_cells"": 139.9906976744186, ""predicted_union_cells"": 298, ""predicted_union_sha256"": ""3d72b12ae4d8da8b90625bbc52b28f7bb2d814cbc9b67d30d792d4ce2bd9a9ec"", ""true_coverage_guaranteed"": false, ""union_yield_mean"": 0.9395348837209302}, ""pressure_after_route"": 1.6649045893921433, ""proxy_is_certified_bound"": false, ""reason"": ""insufficient_predicted_coverage_reserve"", ""remaining_after_outbound_return_and_margin"": 35, ""remaining_budget"": 119, ""reserve_actions"": 5, ""residual_deficit_cells"": 1784.0093023255813, ""return_cost"": 64, ""total_required_actions"": 143, ""true_coverage_guaranteed"": false}",15,15,"[24, 28, 3]",D19-P01/v13-history-smoke/plan-10,same_coverage_target_updated,296,True,False,
3,D19-P01,A_simple_B_complex,G,184,70,"{""C_plan"": 0.5394285714285715, ""allowed"": false, ""class_used"": false, ""conservative_rate"": 28.0, ""coverage_budget_unit"": ""known_task_roi_cells"", ""coverage_proxy"": ""fixed_task_roi_known_fraction"", ""coverage_reserve_actions"": 62, ""coverage_status"": ""ok"", ""deficit_cells"": 1824, ""evaluation_truth_used"": false, ""movement_authorized"": false, ""navigation_used_for_budget"": false, ""outbound_cost"": 10, ""planning_coverage"": 0.5394285714285715, ""predicted_gain_cells"": 94.80718954248366, ""prediction"": {""actual_map_changed"": false, ""class_used"": false, ""coverage_budget_unit"": ""known_task_roi_cells"", ""discounted_known_gain_cells"": 94.80718954248366, ""evaluation_truth_used"": false, ""future_free_assumption_used"": false, ""gain_discount"": 0.5, ""navigation_used_for_prediction"": false, ""optimistic_known_gain_cells"": 201, ""predicted_gain_cells"": 94.80718954248366, ""predicted_union_cells"": 201, ""predicted_union_sha256"": ""96b469dfa5396f0282692b8f9411b514ff29239ca7c4185a96acd99fcac7091a"", ""true_coverage_guaranteed"": false, ""union_yield_mean"": 0.9433551198257081}, ""pressure_after_route"": 1.669105029399147, ""proxy_is_certified_bound"": false, ""reason"": ""insufficient_predicted_coverage_reserve"", ""remaining_after_outbound_return_and_margin"": 37, ""remaining_budget"": 114, ""reserve_actions"": 5, ""residual_deficit_cells"": 1729.1928104575163, ""return_cost"": 62, ""total_required_actions"": 139, ""true_coverage_guaranteed"": false}",10,10,"[24, 28, 3]",D19-P01/v13-history-smoke/plan-10,same_coverage_target_updated,296,True,False,
3,D19-P01,A_simple_B_complex,G,184,75,"{""C_plan"": 0.5565714285714286, ""allowed"": false, ""class_used"": false, ""conservative_rate"": 25.807692307692307, ""coverage_budget_unit"": ""known_task_roi_cells"", ""coverage_proxy"": ""fixed_task_roi_known_fraction"", ""coverage_reserve_actions"": 65, ""coverage_status"": ""ok"", ""deficit_cells"": 1704, ""evaluation_truth_used"": false, ""movement_authorized"": false, ""navigation_used_for_budget"": false, ""outbound_cost"": 5, ""planning_coverage"": 0.5565714285714286, ""predicted_gain_cells"": 48.29387755102041, ""prediction"": {""actual_map_changed"": false, ""class_used"": false, ""coverage_budget_unit"": ""known_task_roi_cells"", ""discounted_known_gain_cells"": 48.29387755102041, ""evaluation_truth_used"": false, ""future_free_assumption_used"": false, ""gain_discount"": 0.5, ""navigation_used_for_prediction"": false, ""optimistic_known_gain_cells"": 102, ""predicted_gain_cells"": 48.29387755102041, ""predicted_union_cells"": 102, ""predicted_union_sha256"": ""0db52a60fd561e6075358c708d4ddece68c6685b654c44bd08704338eb9d6481"", ""true_coverage_guaranteed"": false, ""union_yield_mean"": 0.9469387755102041}, ""pressure_after_route"": 1.7339331849870492, ""proxy_is_certified_bound"": false, ""reason"": ""insufficient_predicted_coverage_reserve"", ""remaining_after_outbound_return_and_margin"": 37, ""remaining_budget"": 109, ""reserve_actions"": 5, ""residual_deficit_cells"": 1655.7061224489796, ""return_cost"": 62, ""total_required_actions"": 137, ""true_coverage_guaranteed"": false}",5,5,"[24, 28, 3]",D19-P01/v13-history-smoke/plan-10,same_coverage_target_updated,296,True,False,
3,D19-P01,A_simple_B_complex,G,184,85,"{""C_plan"": 0.6382857142857142, ""allowed"": false, ""class_used"": false, ""conservative_rate"": 19.45, ""coverage_budget_unit"": ""known_task_roi_cells"", ""coverage_proxy"": ""fixed_task_roi_known_fraction"", ""coverage_reserve_actions"": 59, ""coverage_status"": ""ok"", ""deficit_cells"": 1132, ""evaluation_truth_used"": false, ""movement_authorized"": false, ""navigation_used_for_budget"": false, ""outbound_cost"": 1, ""planning_coverage"": 0.6382857142857142, ""predicted_gain_cells"": 1.91156462585034, ""prediction"": {""actual_map_changed"": false, ""class_used"": false, ""coverage_budget_unit"": ""known_task_roi_cells"", ""discounted_known_gain_cells"": 1.91156462585034, ""evaluation_truth_used"": false, ""future_free_assumption_used"": false, ""gain_discount"": 0.5, ""navigation_used_for_prediction"": false, ""optimistic_known_gain_cells"": 4, ""predicted_gain_cells"": 1.91156462585034, ""predicted_union_cells"": 4, ""predicted_union_sha256"": ""6b2dd063d2e0a29fd3c65f85e4225ccc424eba7f6378c66fd5d94e1b5b41576a"", ""true_coverage_guaranteed"": false, ""union_yield_mean"": 0.95578231292517}, ""pressure_after_route"": 2.5261840513560965, ""proxy_is_certified_bound"": false, ""reason"": ""insufficient_predicted_coverage_reserve"", ""remaining_after_outbound_return_and_margin"": 23, ""remaining_budget"": 99, ""reserve_actions"": 5, ""residual_deficit_cells"": 1130.0884353741496, ""return_cost"": 70, ""total_required_actions"": 135, ""true_coverage_guaranteed"": false}",1,1,"[24, 22, 3]",D19-P01/v13-history-smoke/plan-11,same_coverage_target_updated,426,True,False,
3,D19-P01,A_simple_B_complex,G,184,91,"{""C_plan"": 0.6511428571428571, ""allowed"": false, ""class_used"": false, ""conservative_rate"": 16.96153846153846, ""coverage_budget_unit"": ""known_task_roi_cells"", ""coverage_proxy"": ""fixed_task_roi_known_fraction"", ""coverage_reserve_actions"": 54, ""coverage_status"": ""ok"", ""deficit_cells"": 1042, ""evaluation_truth_used"": false, ""movement_authorized"": false, ""navigation_used_for_budget"": false, ""outbound_cost"": 9, ""planning_coverage"": 0.6511428571428571, ""predicted_gain_cells"": 136.86468646864688, ""prediction"": {""actual_map_changed"": false, ""class_used"": false, ""coverage_budget_unit"": ""known_task_roi_cells"", ""discounted_known_gain_cells"": 136.86468646864688, ""evaluation_truth_used"": false, ""future_free_assumption_used"": false, ""gain_discount"": 0.5, ""navigation_used_for_prediction"": false, ""optimistic_known_gain_cells"": 286, ""predicted_gain_cells"": 136.86468646864688, ""predicted_union_cells"": 286, ""predicted_union_sha256"": ""92b8c4610b4397322326a4882e01ccb8da2497bb94220a0cfc98da963eb4e3cd"", ""true_coverage_guaranteed"": false, ""union_yield_mean"": 0.9570957095709571}, ""pressure_after_route"": null, ""proxy_is_certified_bound"": false, ""reason"": ""insufficient_predicted_coverage_reserve"", ""remaining_after_outbound_return_and_margin"": -5, ""remaining_budget"": 93, ""reserve_actions"": 5, ""residual_deficit_cells"": 905.1353135313532, ""return_cost"": 84, ""total_required_actions"": 152, ""true_coverage_guaranteed"": false}",9,9,"[36, 21, 2]",D19-P01/v13-history-smoke/plan-12,same_coverage_target_updated,458,True,False,
3,D19-P01,A_simple_B_complex,G,184,96,"{""C_plan"": 0.6677142857142857, ""allowed"": false, ""class_used"": false, ""conservative_rate"": 17.26923076923077, ""coverage_budget_unit"": ""known_task_roi_cells"", ""coverage_proxy"": ""fixed_task_roi_known_fraction"", ""coverage_reserve_actions"": 49, ""coverage_status"": ""ok"", ""deficit_cells"": 926, ""evaluation_truth_used"": false, ""movement_authorized"": false, ""navigation_used_for_budget"": false, ""outbound_cost"": 4, ""planning_coverage"": 0.6677142857142857, ""predicted_gain_cells"": 81.03470031545741, ""prediction"": {""actual_map_changed"": false, ""class_used"": false, ""coverage_budget_unit"": ""known_task_roi_cells"", ""discounted_known_gain_cells"": 81.03470031545741, ""evaluation_truth_used"": false, ""future_free_assumption_used"": false, ""gain_discount"": 0.5, ""navigation_used_for_prediction"": false, ""optimistic_known_gain_cells"": 169, ""predicted_gain_cells"": 81.03470031545741, ""predicted_union_cells"": 169, ""predicted_union_sha256"": ""abef7fc3ba718b1582afa673efc6af0e6cc3b2b58284df39d2df5f110a23d206"", ""true_coverage_guaranteed"": false, ""union_yield_mean"": 0.9589905362776026}, ""pressure_after_route"": null, ""proxy_is_certified_bound"": false, ""reason"": ""insufficient_predicted_coverage_reserve"", ""remaining_after_outbound_return_and_margin"": -5, ""remaining_budget"": 88, ""reserve_actions"": 5, ""residual_deficit_cells"": 844.9652996845426, ""return_cost"": 84, ""total_required_actions"": 142, ""true_coverage_guaranteed"": false}",4,4,"[36, 21, 2]",D19-P01/v13-history-smoke/plan-12,same_coverage_target_updated,458,True,False,
3,D19-P01,A_simple_B_complex,G,184,116,"{""C_plan"": 0.7434285714285714, ""allowed"": false, ""class_used"": false, ""conservative_rate"": 12.673076923076923, ""coverage_budget_unit"": ""known_task_roi_cells"", ""coverage_proxy"": ""fixed_task_roi_known_fraction"", ""coverage_reserve_actions"": 24, ""coverage_status"": ""ok"", ""deficit_cells"": 396, ""evaluation_truth_used"": false, ""movement_authorized"": false, ""navigation_used_for_budget"": false, ""outbound_cost"": 50, ""planning_coverage"": 0.7434285714285714, ""predicted_gain_cells"": 103.15028901734104, ""prediction"": {""actual_map_changed"": false, ""class_used"": false, ""coverage_budget_unit"": ""known_task_roi_cells"", ""discounted_known_gain_cells"": 103.15028901734104, ""evaluation_truth_used"": false, ""future_free_assumption_used"": false, ""gain_discount"": 0.5, ""navigation_used_for_prediction"": false, ""optimistic_known_gain_cells"": 215, ""predicted_gain_cells"": 103.15028901734104, ""predicted_union_cells"": 215, ""predicted_union_sha256"": ""8a77263c2488bb47ca0f0094b8660511e0adb555dace006deda585a5105aeb7b"", ""true_coverage_guaranteed"": false, ""union_yield_mean"": 0.9595375722543352}, ""pressure_after_route"": null, ""proxy_is_certified_bound"": false, ""reason"": ""insufficient_predicted_coverage_reserve"", ""remaining_after_outbound_return_and_margin"": -5, ""remaining_budget"": 68, ""reserve_actions"": 5, ""residual_deficit_cells"": 292.84971098265896, ""return_cost"": 18, ""total_required_actions"": 97, ""true_coverage_guaranteed"": false}",50,50,"[59, 63, 1]",D19-P01/v13-history-smoke/plan-17,same_coverage_target_updated,590,True,False,
3,D19-P01,A_simple_B_complex,G,184,121,"{""C_plan"": 0.7437142857142857, ""allowed"": false, ""class_used"": false, ""conservative_rate"": 11.038461538461538, ""coverage_budget_unit"": ""known_task_roi_cells"", ""coverage_proxy"": ""fixed_task_roi_known_fraction"", ""coverage_reserve_actions"": 27, ""coverage_status"": ""ok"", ""deficit_cells"": 394, ""evaluation_truth_used"": false, ""movement_authorized"": false, ""navigation_used_for_budget"": false, ""outbound_cost"": 45, ""planning_coverage"": 0.7437142857142857, ""predicted_gain_cells"": 102.1907514450867, ""prediction"": {""actual_map_changed"": false, ""class_used"": false, ""coverage_budget_unit"": ""known_task_roi_cells"", ""discounted_known_gain_cells"": 102.1907514450867, ""evaluation_truth_used"": false, ""future_free_assumption_used"": false, ""gain_discount"": 0.5, ""navigation_used_for_prediction"": false, ""optimistic_known_gain_cells"": 213, ""predicted_gain_cells"": 102.1907514450867, ""predicted_union_cells"": 213, ""predicted_union_sha256"": ""276e467e2f668b2dc9eff6e667c410584f73a2d273a57f8868500fc568154ae4"", ""true_coverage_guaranteed"": false, ""union_yield_mean"": 0.9595375722543352}, ""pressure_after_route"": null, ""proxy_is_certified_bound"": false, ""reason"": ""insufficient_predicted_coverage_reserve"", ""remaining_after_outbound_return_and_margin"": -5, ""remaining_budget"": 63, ""reserve_actions"": 5, ""residual_deficit_cells"": 291.8092485549133, ""return_cost"": 18, ""total_required_actions"": 95, ""true_coverage_guaranteed"": false}",45,45,"[59, 63, 1]",D19-P01/v13-history-smoke/plan-17,same_coverage_target_updated,590,True,False,
3,D19-P01,A_simple_B_complex,G,184,126,"{""C_plan"": 0.744, ""allowed"": false, ""class_used"": false, ""conservative_rate"": 6.3076923076923075, ""coverage_budget_unit"": ""known_task_roi_cells"", ""coverage_proxy"": ""fixed_task_roi_known_fraction"", ""coverage_reserve_actions"": 47, ""coverage_status"": ""ok"", ""deficit_cells"": 392, ""evaluation_truth_used"": false, ""movement_authorized"": false, ""navigation_used_for_budget"": false, ""outbound_cost"": 40, ""planning_coverage"": 0.744, ""predicted_gain_cells"": 101.23121387283237, ""prediction"": {""actual_map_changed"": false, ""class_used"": false, ""coverage_budget_unit"": ""known_task_roi_cells"", ""discounted_known_gain_cells"": 101.23121387283237, ""evaluation_truth_used"": false, ""future_free_assumption_used"": false, ""gain_discount"": 0.5, ""navigation_used_for_prediction"": false, ""optimistic_known_gain_cells"": 211, ""predicted_gain_cells"": 101.23121387283237, ""predicted_union_cells"": 211, ""predicted_union_sha256"": ""61d2af669fb54df3c8a26e2bb4fec68b4d5d73f255b8dc17c14f4e66e79c2b90"", ""true_coverage_guaranteed"": false, ""union_yield_mean"": 0.9595375722543352}, ""pressure_after_route"": null, ""proxy_is_certified_bound"": false, ""reason"": ""insufficient_predicted_coverage_reserve"", ""remaining_after_outbound_return_and_margin"": -5, ""remaining_budget"": 58, ""reserve_actions"": 5, ""residual_deficit_cells"": 290.76878612716763, ""return_cost"": 18, ""total_required_actions"": 110, ""true_coverage_guaranteed"": false}",40,40,"[59, 63, 1]",D19-P01/v13-history-smoke/plan-17,same_coverage_target_updated,590,True,False,
3,D19-P01,A_simple_B_complex,G,184,131,"{""C_plan"": 0.744, ""allowed"": false, ""class_used"": false, ""conservative_rate"": 2.8653846153846154, ""coverage_budget_unit"": ""known_task_roi_cells"", ""coverage_proxy"": ""fixed_task_roi_known_fraction"", ""coverage_reserve_actions"": 102, ""coverage_status"": ""ok"", ""deficit_cells"": 392, ""evaluation_truth_used"": false, ""movement_authorized"": false, ""navigation_used_for_budget"": false, ""outbound_cost"": 35, ""planning_coverage"": 0.744, ""predicted_gain_cells"": 101.23121387283237, ""prediction"": {""actual_map_changed"": false, ""class_used"": false, ""coverage_budget_unit"": ""known_task_roi_cells"", ""discounted_known_gain_cells"": 101.23121387283237, ""evaluation_truth_used"": false, ""future_free_assumption_used"": false, ""gain_discount"": 0.5, ""navigation_used_for_prediction"": false, ""optimistic_known_gain_cells"": 211, ""predicted_gain_cells"": 101.23121387283237, ""predicted_union_cells"": 211, ""predicted_union_sha256"": ""61d2af669fb54df3c8a26e2bb4fec68b4d5d73f255b8dc17c14f4e66e79c2b90"", ""true_coverage_guaranteed"": false, ""union_yield_mean"": 0.9595375722543352}, ""pressure_after_route"": null, ""proxy_is_certified_bound"": false, ""reason"": ""insufficient_predicted_coverage_reserve"", ""remaining_after_outbound_return_and_margin"": -5, ""remaining_budget"": 53, ""reserve_actions"": 5, ""residual_deficit_cells"": 290.76878612716763, ""return_cost"": 18, ""total_required_actions"": 160, ""true_coverage_guaranteed"": false}",35,35,"[59, 63, 1]",D19-P01/v13-history-smoke/plan-17,same_coverage_target_updated,590,True,False,
3,D19-P01,A_simple_B_complex,G,184,136,"{""C_plan"": 0.744, ""allowed"": false, ""class_used"": false, ""conservative_rate"": 0.34615384615384615, ""coverage_budget_unit"": ""known_task_roi_cells"", ""coverage_proxy"": ""fixed_task_roi_known_fraction"", ""coverage_reserve_actions"": 840, ""coverage_status"": ""ok"", ""deficit_cells"": 392, ""evaluation_truth_used"": false, ""movement_authorized"": false, ""navigation_used_for_budget"": false, ""outbound_cost"": 30, ""planning_coverage"": 0.744, ""predicted_gain_cells"": 101.23121387283237, ""prediction"": {""actual_map_changed"": false, ""class_used"": false, ""coverage_budget_unit"": ""known_task_roi_cells"", ""discounted_known_gain_cells"": 101.23121387283237, ""evaluation_truth_used"": false, ""future_free_assumption_used"": false, ""gain_discount"": 0.5, ""navigation_used_for_prediction"": false, ""optimistic_known_gain_cells"": 211, ""predicted_gain_cells"": 101.23121387283237, ""predicted_union_cells"": 211, ""predicted_union_sha256"": ""61d2af669fb54df3c8a26e2bb4fec68b4d5d73f255b8dc17c14f4e66e79c2b90"", ""true_coverage_guaranteed"": false, ""union_yield_mean"": 0.9595375722543352}, ""pressure_after_route"": null, ""proxy_is_certified_bound"": false, ""reason"": ""insufficient_predicted_coverage_reserve"", ""remaining_after_outbound_return_and_margin"": -5, ""remaining_budget"": 48, ""reserve_actions"": 5, ""residual_deficit_cells"": 290.76878612716763, ""return_cost"": 18, ""total_required_actions"": 893, ""true_coverage_guaranteed"": false}",30,30,"[59, 63, 1]",D19-P01/v13-history-smoke/plan-17,same_coverage_target_updated,590,True,False,
3,D19-P01,A_simple_B_complex,G,184,141,"{""C_plan"": 0.744, ""allowed"": false, ""class_used"": false, ""conservative_rate"": 0.07692307692307693, ""coverage_budget_unit"": ""known_task_roi_cells"", ""coverage_proxy"": ""fixed_task_roi_known_fraction"", ""coverage_reserve_actions"": 3780, ""coverage_status"": ""ok"", ""deficit_cells"": 392, ""evaluation_truth_used"": false, ""movement_authorized"": false, ""navigation_used_for_budget"": false, ""outbound_cost"": 25, ""planning_coverage"": 0.744, ""predicted_gain_cells"": 101.23121387283237, ""prediction"": {""actual_map_changed"": false, ""class_used"": false, ""coverage_budget_unit"": ""known_task_roi_cells"", ""discounted_known_gain_cells"": 101.23121387283237, ""evaluation_truth_used"": false, ""future_free_assumption_used"": false, ""gain_discount"": 0.5, ""navigation_used_for_prediction"": false, ""optimistic_known_gain_cells"": 211, ""predicted_gain_cells"": 101.23121387283237, ""predicted_union_cells"": 211, ""predicted_union_sha256"": ""61d2af669fb54df3c8a26e2bb4fec68b4d5d73f255b8dc17c14f4e66e79c2b90"", ""true_coverage_guaranteed"": false, ""union_yield_mean"": 0.9595375722543352}, ""pressure_after_route"": null, ""proxy_is_certified_bound"": false, ""reason"": ""insufficient_predicted_coverage_reserve"", ""remaining_after_outbound_return_and_margin"": -5, ""remaining_budget"": 43, ""reserve_actions"": 5, ""residual_deficit_cells"": 290.76878612716763, ""return_cost"": 18, ""total_required_actions"": 3828, ""true_coverage_guaranteed"": false}",25,25,"[59, 63, 1]",D19-P01/v13-history-smoke/plan-17,same_coverage_target_updated,590,True,False,
3,D19-P01,A_simple_B_complex,G,184,146,"{""C_plan"": 0.7441428571428571, ""allowed"": false, ""class_used"": false, ""conservative_rate"": 0.07692307692307693, ""coverage_budget_unit"": ""known_task_roi_cells"", ""coverage_proxy"": ""fixed_task_roi_known_fraction"", ""coverage_reserve_actions"": 3767, ""coverage_status"": ""ok"", ""deficit_cells"": 391, ""evaluation_truth_used"": false, ""movement_authorized"": false, ""navigation_used_for_budget"": false, ""outbound_cost"": 20, ""planning_coverage"": 0.7441428571428571, ""predicted_gain_cells"": 101.23121387283237, ""prediction"": {""actual_map_changed"": false, ""class_used"": false, ""coverage_budget_unit"": ""known_task_roi_cells"", ""discounted_known_gain_cells"": 101.23121387283237, ""evaluation_truth_used"": false, ""future_free_assumption_used"": false, ""gain_discount"": 0.5, ""navigation_used_for_prediction"": false, ""optimistic_known_gain_cells"": 211, ""predicted_gain_cells"": 101.23121387283237, ""predicted_union_cells"": 211, ""predicted_union_sha256"": ""61d2af669fb54df3c8a26e2bb4fec68b4d5d73f255b8dc17c14f4e66e79c2b90"", ""true_coverage_guaranteed"": false, ""union_yield_mean"": 0.9595375722543352}, ""pressure_after_route"": null, ""proxy_is_certified_bound"": false, ""reason"": ""insufficient_predicted_coverage_reserve"", ""remaining_after_outbound_return_and_margin"": -5, ""remaining_budget"": 38, ""reserve_actions"": 5, ""residual_deficit_cells"": 289.76878612716763, ""return_cost"": 18, ""total_required_actions"": 3810, ""true_coverage_guaranteed"": false}",20,20,"[59, 63, 1]",D19-P01/v13-history-smoke/plan-17,same_coverage_target_updated,590,True,False,
3,D19-P01,A_simple_B_complex,G,184,151,"{""C_plan"": 0.7441428571428571, ""allowed"": false, ""class_used"": false, ""conservative_rate"": 0.038461538461538464, ""coverage_budget_unit"": ""known_task_roi_cells"", ""coverage_proxy"": ""fixed_task_roi_known_fraction"", ""coverage_reserve_actions"": 7534, ""coverage_status"": ""ok"", ""deficit_cells"": 391, ""evaluation_truth_used"": false, ""movement_authorized"": false, ""navigation_used_for_budget"": false, ""outbound_cost"": 15, ""planning_coverage"": 0.7441428571428571, ""predicted_gain_cells"": 101.23121387283237, ""prediction"": {""actual_map_changed"": false, ""class_used"": false, ""coverage_budget_unit"": ""known_task_roi_cells"", ""discounted_known_gain_cells"": 101.23121387283237, ""evaluation_truth_used"": false, ""future_free_assumption_used"": false, ""gain_discount"": 0.5, ""navigation_used_for_prediction"": false, ""optimistic_known_gain_cells"": 211, ""predicted_gain_cells"": 101.23121387283237, ""predicted_union_cells"": 211, ""predicted_union_sha256"": ""61d2af669fb54df3c8a26e2bb4fec68b4d5d73f255b8dc17c14f4e66e79c2b90"", ""true_coverage_guaranteed"": false, ""union_yield_mean"": 0.9595375722543352}, ""pressure_after_route"": null, ""proxy_is_certified_bound"": false, ""reason"": ""insufficient_predicted_coverage_reserve"", ""remaining_after_outbound_return_and_margin"": -5, ""remaining_budget"": 33, ""reserve_actions"": 5, ""residual_deficit_cells"": 289.76878612716763, ""return_cost"": 18, ""total_required_actions"": 7572, ""true_coverage_guaranteed"": false}",15,15,"[59, 63, 1]",D19-P01/v13-history-smoke/plan-17,same_coverage_target_updated,590,True,False,
3,D19-P01,A_simple_B_complex,G,184,156,"{""C_plan"": 0.7477142857142857, ""allowed"": false, ""class_used"": false, ""conservative_rate"": 0.5, ""coverage_budget_unit"": ""known_task_roi_cells"", ""coverage_proxy"": ""fixed_task_roi_known_fraction"", ""coverage_reserve_actions"": 561, ""coverage_status"": ""ok"", ""deficit_cells"": 366, ""evaluation_truth_used"": false, ""movement_authorized"": false, ""navigation_used_for_budget"": false, ""outbound_cost"": 10, ""planning_coverage"": 0.7477142857142857, ""predicted_gain_cells"": 85.91179839633448, ""prediction"": {""actual_map_changed"": false, ""class_used"": false, ""coverage_budget_unit"": ""known_task_roi_cells"", ""discounted_known_gain_cells"": 85.91179839633448, ""evaluation_truth_used"": false, ""future_free_assumption_used"": false, ""gain_discount"": 0.5, ""navigation_used_for_prediction"": false, ""optimistic_known_gain_cells"": 179, ""predicted_gain_cells"": 85.91179839633448, ""predicted_union_cells"": 179, ""predicted_union_sha256"": ""a31ce9316058560a1e003982c13b77a73065fba5dd66420a13f6b31a0406ab94"", ""true_coverage_guaranteed"": false, ""union_yield_mean"": 0.9599083619702177}, ""pressure_after_route"": null, ""proxy_is_certified_bound"": false, ""reason"": ""insufficient_predicted_coverage_reserve"", ""remaining_after_outbound_return_and_margin"": -5, ""remaining_budget"": 28, ""reserve_actions"": 5, ""residual_deficit_cells"": 280.08820160366554, ""return_cost"": 18, ""total_required_actions"": 594, ""true_coverage_guaranteed"": false}",10,10,"[59, 63, 1]",D19-P01/v13-history-smoke/plan-17,same_coverage_target_updated,590,True,False,
3,D19-P01,A_simple_B_complex,G,184,161,"{""C_plan"": 0.7615714285714286, ""allowed"": false, ""class_used"": false, ""conservative_rate"": 2.3653846153846154, ""coverage_budget_unit"": ""known_task_roi_cells"", ""coverage_proxy"": ""fixed_task_roi_known_fraction"", ""coverage_reserve_actions"": 98, ""coverage_status"": ""ok"", ""deficit_cells"": 269, ""evaluation_truth_used"": false, ""movement_authorized"": false, ""navigation_used_for_budget"": false, ""outbound_cost"": 5, ""planning_coverage"": 0.7615714285714286, ""predicted_gain_cells"": 38.45303867403315, ""prediction"": {""actual_map_changed"": false, ""class_used"": false, ""coverage_budget_unit"": ""known_task_roi_cells"", ""discounted_known_gain_cells"": 38.45303867403315, ""evaluation_truth_used"": false, ""future_free_assumption_used"": false, ""gain_discount"": 0.5, ""navigation_used_for_prediction"": false, ""optimistic_known_gain_cells"": 80, ""predicted_gain_cells"": 38.45303867403315, ""predicted_union_cells"": 80, ""predicted_union_sha256"": ""7170651ee1df89765c33156347e9166980cf8cef8f712360b5c156886e7ba922"", ""true_coverage_guaranteed"": false, ""union_yield_mean"": 0.9613259668508287}, ""pressure_after_route"": null, ""proxy_is_certified_bound"": false, ""reason"": ""insufficient_predicted_coverage_reserve"", ""remaining_after_outbound_return_and_margin"": -5, ""remaining_budget"": 23, ""reserve_actions"": 5, ""residual_deficit_cells"": 230.54696132596683, ""return_cost"": 18, ""total_required_actions"": 126, ""true_coverage_guaranteed"": false}",5,5,"[59, 63, 1]",D19-P01/v13-history-smoke/plan-17,same_coverage_target_updated,590,True,False,
