pair_id,paid_step,instance_id,posterior_max_abs_delta,structure_posterior_changed,rho_abs_delta,left_probabilities,right_probabilities,left_forecast,right_forecast,both_forecast_bases_zero,left_replanned,right_replanned,left_feasible_options,right_feasible_options,left_routing_reason,right_routing_reason,left_remaining,right_remaining
dev_AISLE_S_b160_n92801__vs__dev_AISLE_B_b160_n92801,136,instance_0001,0.00790184777135211,True,0.055435760383616584,"[0.3347977024282241, 0.2877985527655419, 0.24079940310285985, 0.13660434170337418]","[0.3426995501995762, 0.28997654247656446, 0.23725353475355276, 0.13007037257030654]","{""candidates"": 8, ""positive"": 7, ""reasons"": [], ""repeated"": 0, ""state"": ""nonzero_structure_gain_available"", ""zero_basis"": false}","{""candidates"": 8, ""positive"": 7, ""reasons"": [], ""repeated"": 0, ""state"": ""nonzero_structure_gain_available"", ""zero_basis"": false}",False,True,True,0,0,return,return,24,24
dev_AISLE_S_b160_n92801__vs__dev_AISLE_B_b160_n92801,136,instance_0002,5.602468639454017e-06,True,0.01167003309862169,"[0.0006635203693802738, 7.233738455383239e-05, 0.9992641422075714, 3.8494385392490375e-11]","[0.0006582578573050952, 7.199742770134283e-05, 0.9992697446762109, 3.87827106134246e-11]","{""candidates"": 8, ""positive"": 4, ""reasons"": [], ""repeated"": 0, ""state"": ""nonzero_structure_gain_available"", ""zero_basis"": false}","{""candidates"": 8, ""positive"": 4, ""reasons"": [], ""repeated"": 0, ""state"": ""nonzero_structure_gain_available"", ""zero_basis"": false}",False,True,True,0,0,return,return,24,24
dev_AISLE_S_b160_n92801__vs__dev_AISLE_B_b160_n92801,139,instance_0001,0.00790184777135211,True,0.055435760383616584,"[0.3347977024282241, 0.2877985527655419, 0.24079940310285985, 0.13660434170337418]","[0.3426995501995762, 0.28997654247656446, 0.23725353475355276, 0.13007037257030654]","{""candidates"": 8, ""positive"": 7, ""reasons"": [], ""repeated"": 0, ""state"": ""nonzero_structure_gain_available"", ""zero_basis"": false}","{""candidates"": 8, ""positive"": 7, ""reasons"": [], ""repeated"": 0, ""state"": ""nonzero_structure_gain_available"", ""zero_basis"": false}",False,True,True,0,0,return,return,21,21
dev_AISLE_S_b160_n92801__vs__dev_AISLE_B_b160_n92801,139,instance_0002,5.602468639454017e-06,True,0.01167003309862169,"[0.0006635203693802738, 7.233738455383239e-05, 0.9992641422075714, 3.8494385392490375e-11]","[0.0006582578573050952, 7.199742770134283e-05, 0.9992697446762109, 3.87827106134246e-11]","{""candidates"": 8, ""positive"": 7, ""reasons"": [], ""repeated"": 0, ""state"": ""nonzero_structure_gain_available"", ""zero_basis"": false}","{""candidates"": 8, ""positive"": 7, ""reasons"": [], ""repeated"": 0, ""state"": ""nonzero_structure_gain_available"", ""zero_basis"": false}",False,True,True,0,0,return,return,21,21
dev_AISLE_S_b160_n92801__vs__dev_AISLE_B_b160_n92801,142,instance_0001,0.006865872552883456,True,0.055435760383616584,"[0.3691884409668936, 0.3173614939332435, 0.2655345468995934, 0.047915518200269604]","[0.3760543135197771, 0.3181998037475037, 0.2603452939752303, 0.04540058875748876]","{""candidates"": 8, ""positive"": 6, ""reasons"": [], ""repeated"": 0, ""state"": ""nonzero_structure_gain_available"", ""zero_basis"": false}","{""candidates"": 8, ""positive"": 6, ""reasons"": [], ""repeated"": 0, ""state"": ""nonzero_structure_gain_available"", ""zero_basis"": false}",False,True,True,0,0,return,return,18,18
dev_AISLE_S_b160_n92801__vs__dev_AISLE_B_b160_n92801,142,instance_0002,1.6239708573229095e-05,True,0.033662184738314616,"[0.0006735121439357477, 7.298285047963725e-05, 0.9992535049676377, 3.7946950903965804e-11]","[0.0006582578573050952, 7.199742770134283e-05, 0.9992697446762109, 3.87827106134246e-11]","{""candidates"": 8, ""positive"": 6, ""reasons"": [], ""repeated"": 0, ""state"": ""nonzero_structure_gain_available"", ""zero_basis"": false}","{""candidates"": 8, ""positive"": 6, ""reasons"": [], ""repeated"": 0, ""state"": ""nonzero_structure_gain_available"", ""zero_basis"": false}",False,True,True,0,0,return,return,18,18
dev_AISLE_S_b160_n92801__vs__dev_AISLE_B_b160_n92801,143,instance_0001,0.00633765853926499,True,0.055435760383616584,"[0.3835305698386946, 0.3296902641217609, 0.2758499584048273, 0.010929207634717325]","[0.3898682283779596, 0.3298885009351966, 0.2699087734924336, 0.010334497194410043]","{""candidates"": 8, ""positive"": 6, ""reasons"": [], ""repeated"": 0, ""state"": ""nonzero_structure_gain_available"", ""zero_basis"": false}","{""candidates"": 8, ""positive"": 6, ""reasons"": [], ""repeated"": 0, ""state"": ""nonzero_structure_gain_available"", ""zero_basis"": false}",False,True,True,0,0,return,return,17,17
dev_AISLE_S_b160_n92801__vs__dev_AISLE_B_b160_n92801,143,instance_0002,2.0675805977865558e-05,True,0.042770260468984356,"[0.0006776790599259777, 7.325203212224274e-05, 0.999249068870233, 3.7718651765392033e-11]","[0.0006582578573050952, 7.199742770134283e-05, 0.9992697446762109, 3.87827106134246e-11]","{""candidates"": 8, ""positive"": 4, ""reasons"": [], ""repeated"": 0, ""state"": ""nonzero_structure_gain_available"", ""zero_basis"": false}","{""candidates"": 8, ""positive"": 4, ""reasons"": [], ""repeated"": 0, ""state"": ""nonzero_structure_gain_available"", ""zero_basis"": false}",False,True,True,0,0,return,return,17,17
dev_AISLE_S_b160_n92801__vs__dev_AISLE_B_b160_n92801,144,instance_0001,0.0062184035160795514,True,0.055435760383616584,"[0.3865724716373743, 0.33230514149088686, 0.2780378113443994, 0.0030845755273395093]","[0.39279087515345384, 0.3323615097452301, 0.27193214433700647, 0.002915470764309682]","{""candidates"": 8, ""positive"": 6, ""reasons"": [], ""repeated"": 0, ""state"": ""nonzero_structure_gain_available"", ""zero_basis"": false}","{""candidates"": 8, ""positive"": 6, ""reasons"": [], ""repeated"": 0, ""state"": ""nonzero_structure_gain_available"", ""zero_basis"": false}",False,True,True,0,0,return,return,16,16
dev_AISLE_S_b160_n92801__vs__dev_AISLE_B_b160_n92801,144,instance_0002,2.161668252376181e-05,True,0.04469728032095854,"[0.0006785628442901353, 7.330912435242236e-05, 0.9992481279936871, 3.76702305326398e-11]","[0.0006582578573050952, 7.199742770134283e-05, 0.9992697446762109, 3.87827106134246e-11]","{""candidates"": 8, ""positive"": 4, ""reasons"": [], ""repeated"": 0, ""state"": ""nonzero_structure_gain_available"", ""zero_basis"": false}","{""candidates"": 8, ""positive"": 4, ""reasons"": [], ""repeated"": 0, ""state"": ""nonzero_structure_gain_available"", ""zero_basis"": false}",False,True,True,0,0,return,return,16,16
dev_AISLE_S_b160_n92801__vs__dev_AISLE_B_b160_n92801,145,instance_0001,0.0062184035160795514,True,0.055435760383616584,"[0.3865724716373743, 0.33230514149088686, 0.2780378113443994, 0.0030845755273395093]","[0.39279087515345384, 0.3323615097452301, 0.27193214433700647, 0.002915470764309682]","{""candidates"": 8, ""positive"": 7, ""reasons"": [], ""repeated"": 0, ""state"": ""nonzero_structure_gain_available"", ""zero_basis"": false}","{""candidates"": 8, ""positive"": 7, ""reasons"": [], ""repeated"": 0, ""state"": ""nonzero_structure_gain_available"", ""zero_basis"": false}",False,True,True,0,0,return,return,15,15
dev_AISLE_S_b160_n92801__vs__dev_AISLE_B_b160_n92801,145,instance_0002,2.161668252376181e-05,True,0.04469728032095854,"[0.0006785628442901353, 7.330912435242236e-05, 0.9992481279936871, 3.76702305326398e-11]","[0.0006582578573050952, 7.199742770134283e-05, 0.9992697446762109, 3.87827106134246e-11]","{""candidates"": 8, ""positive"": 5, ""reasons"": [], ""repeated"": 0, ""state"": ""nonzero_structure_gain_available"", ""zero_basis"": false}","{""candidates"": 8, ""positive"": 5, ""reasons"": [], ""repeated"": 0, ""state"": ""nonzero_structure_gain_available"", ""zero_basis"": false}",False,True,True,0,0,return,return,15,15
dev_AISLE_S_b160_n92801__vs__dev_AISLE_B_b160_n92801,147,instance_0001,0.0062184035160795514,True,0.055435760383616584,"[0.3865724716373743, 0.33230514149088686, 0.2780378113443994, 0.0030845755273395093]","[0.39279087515345384, 0.3323615097452301, 0.27193214433700647, 0.002915470764309682]","{""candidates"": 8, ""positive"": 7, ""reasons"": [], ""repeated"": 0, ""state"": ""nonzero_structure_gain_available"", ""zero_basis"": false}","{""candidates"": 8, ""positive"": 7, ""reasons"": [], ""repeated"": 0, ""state"": ""nonzero_structure_gain_available"", ""zero_basis"": false}",False,True,True,0,0,return,return,13,13
dev_AISLE_S_b160_n92801__vs__dev_AISLE_B_b160_n92801,147,instance_0002,2.161668252376181e-05,True,0.04469728032095854,"[0.0006785628442901353, 7.330912435242236e-05, 0.9992481279936871, 3.76702305326398e-11]","[0.0006582578573050952, 7.199742770134283e-05, 0.9992697446762109, 3.87827106134246e-11]","{""candidates"": 8, ""positive"": 6, ""reasons"": [], ""repeated"": 0, ""state"": ""nonzero_structure_gain_available"", ""zero_basis"": false}","{""candidates"": 8, ""positive"": 6, ""reasons"": [], ""repeated"": 0, ""state"": ""nonzero_structure_gain_available"", ""zero_basis"": false}",False,True,True,0,0,return,return,13,13
dev_AISLE_S_b160_n92801__vs__dev_AISLE_B_b160_n92801,148,instance_0001,0.0062184035160795514,True,0.055435760383616584,"[0.3865724716373743, 0.33230514149088686, 0.2780378113443994, 0.0030845755273395093]","[0.39279087515345384, 0.3323615097452301, 0.27193214433700647, 0.002915470764309682]","{""candidates"": 8, ""positive"": 7, ""reasons"": [], ""repeated"": 0, ""state"": ""nonzero_structure_gain_available"", ""zero_basis"": false}","{""candidates"": 8, ""positive"": 7, ""reasons"": [], ""repeated"": 0, ""state"": ""nonzero_structure_gain_available"", ""zero_basis"": false}",False,True,True,0,0,return,return,12,12
dev_AISLE_S_b160_n92801__vs__dev_AISLE_B_b160_n92801,148,instance_0002,2.161668252376181e-05,True,0.04469728032095854,"[0.0006785628442901353, 7.330912435242236e-05, 0.9992481279936871, 3.76702305326398e-11]","[0.0006582578573050952, 7.199742770134283e-05, 0.9992697446762109, 3.87827106134246e-11]","{""candidates"": 8, ""positive"": 5, ""reasons"": [], ""repeated"": 0, ""state"": ""nonzero_structure_gain_available"", ""zero_basis"": false}","{""candidates"": 8, ""positive"": 5, ""reasons"": [], ""repeated"": 0, ""state"": ""nonzero_structure_gain_available"", ""zero_basis"": false}",False,True,True,0,0,return,return,12,12
dev_AISLE_S_b160_n92801__vs__dev_AISLE_B_b160_n92801,149,instance_0001,0.0062184035160795514,True,0.055435760383616584,"[0.3865724716373743, 0.33230514149088686, 0.2780378113443994, 0.0030845755273395093]","[0.39279087515345384, 0.3323615097452301, 0.27193214433700647, 0.002915470764309682]","{""candidates"": 8, ""positive"": 6, ""reasons"": [], ""repeated"": 0, ""state"": ""nonzero_structure_gain_available"", ""zero_basis"": false}","{""candidates"": 8, ""positive"": 6, ""reasons"": [], ""repeated"": 0, ""state"": ""nonzero_structure_gain_available"", ""zero_basis"": false}",False,True,True,0,0,return,return,11,11
dev_AISLE_S_b160_n92801__vs__dev_AISLE_B_b160_n92801,149,instance_0002,2.161668252376181e-05,True,0.04469728032095854,"[0.0006785628442901353, 7.330912435242236e-05, 0.9992481279936871, 3.76702305326398e-11]","[0.0006582578573050952, 7.199742770134283e-05, 0.9992697446762109, 3.87827106134246e-11]","{""candidates"": 8, ""positive"": 6, ""reasons"": [], ""repeated"": 0, ""state"": ""nonzero_structure_gain_available"", ""zero_basis"": false}","{""candidates"": 8, ""positive"": 6, ""reasons"": [], ""repeated"": 0, ""state"": ""nonzero_structure_gain_available"", ""zero_basis"": false}",False,True,True,0,0,return,return,11,11
dev_AISLE_S_b160_n92801__vs__dev_AISLE_B_b160_n92801,150,instance_0001,0.0062184035160795514,True,0.055435760383616584,"[0.3865724716373743, 0.33230514149088686, 0.2780378113443994, 0.0030845755273395093]","[0.39279087515345384, 0.3323615097452301, 0.27193214433700647, 0.002915470764309682]","{""candidates"": 8, ""positive"": 6, ""reasons"": [], ""repeated"": 0, ""state"": ""nonzero_structure_gain_available"", ""zero_basis"": false}","{""candidates"": 8, ""positive"": 6, ""reasons"": [], ""repeated"": 0, ""state"": ""nonzero_structure_gain_available"", ""zero_basis"": false}",False,True,True,0,0,return,return,10,10
dev_AISLE_S_b160_n92801__vs__dev_AISLE_B_b160_n92801,150,instance_0002,2.161668252376181e-05,True,0.04469728032095854,"[0.0006785628442901353, 7.330912435242236e-05, 0.9992481279936871, 3.76702305326398e-11]","[0.0006582578573050952, 7.199742770134283e-05, 0.9992697446762109, 3.87827106134246e-11]","{""candidates"": 8, ""positive"": 6, ""reasons"": [], ""repeated"": 0, ""state"": ""nonzero_structure_gain_available"", ""zero_basis"": false}","{""candidates"": 8, ""positive"": 6, ""reasons"": [], ""repeated"": 0, ""state"": ""nonzero_structure_gain_available"", ""zero_basis"": false}",False,True,True,0,0,return,return,10,10
dev_AISLE_S_b160_n92801__vs__dev_AISLE_B_b160_n92801,151,instance_0001,0.0062184035160795514,True,0.055435760383616584,"[0.3865724716373743, 0.33230514149088686, 0.2780378113443994, 0.0030845755273395093]","[0.39279087515345384, 0.3323615097452301, 0.27193214433700647, 0.002915470764309682]","{""candidates"": 8, ""positive"": 6, ""reasons"": [], ""repeated"": 0, ""state"": ""nonzero_structure_gain_available"", ""zero_basis"": false}","{""candidates"": 8, ""positive"": 6, ""reasons"": [], ""repeated"": 0, ""state"": ""nonzero_structure_gain_available"", ""zero_basis"": false}",False,True,True,0,0,return,return,9,9
dev_AISLE_S_b160_n92801__vs__dev_AISLE_B_b160_n92801,151,instance_0002,2.161668252376181e-05,True,0.04469728032095854,"[0.0006785628442901353, 7.330912435242236e-05, 0.9992481279936871, 3.76702305326398e-11]","[0.0006582578573050952, 7.199742770134283e-05, 0.9992697446762109, 3.87827106134246e-11]","{""candidates"": 8, ""positive"": 6, ""reasons"": [], ""repeated"": 0, ""state"": ""nonzero_structure_gain_available"", ""zero_basis"": false}","{""candidates"": 8, ""positive"": 6, ""reasons"": [], ""repeated"": 0, ""state"": ""nonzero_structure_gain_available"", ""zero_basis"": false}",False,True,True,0,0,return,return,9,9
dev_AISLE_S_b160_n92801__vs__dev_AISLE_B_b160_n92801,152,instance_0001,0.0062184035160795514,True,0.055435760383616584,"[0.3865724716373743, 0.33230514149088686, 0.2780378113443994, 0.0030845755273395093]","[0.39279087515345384, 0.3323615097452301, 0.27193214433700647, 0.002915470764309682]","{""candidates"": 8, ""positive"": 7, ""reasons"": [], ""repeated"": 0, ""state"": ""nonzero_structure_gain_available"", ""zero_basis"": false}","{""candidates"": 8, ""positive"": 7, ""reasons"": [], ""repeated"": 0, ""state"": ""nonzero_structure_gain_available"", ""zero_basis"": false}",False,True,True,0,0,return,return,8,8
dev_AISLE_S_b160_n92801__vs__dev_AISLE_B_b160_n92801,152,instance_0002,2.161668252376181e-05,True,0.04469728032095854,"[0.0006785628442901353, 7.330912435242236e-05, 0.9992481279936871, 3.76702305326398e-11]","[0.0006582578573050952, 7.199742770134283e-05, 0.9992697446762109, 3.87827106134246e-11]","{""candidates"": 8, ""positive"": 7, ""reasons"": [], ""repeated"": 0, ""state"": ""nonzero_structure_gain_available"", ""zero_basis"": false}","{""candidates"": 8, ""positive"": 7, ""reasons"": [], ""repeated"": 0, ""state"": ""nonzero_structure_gain_available"", ""zero_basis"": false}",False,True,True,0,0,return,return,8,8
dev_AISLE_S_b160_n92801__vs__dev_AISLE_B_b160_n92801,153,instance_0001,0.0062184035160795514,True,0.055435760383616584,"[0.3865724716373743, 0.33230514149088686, 0.2780378113443994, 0.0030845755273395093]","[0.39279087515345384, 0.3323615097452301, 0.27193214433700647, 0.002915470764309682]","{""candidates"": 8, ""positive"": 7, ""reasons"": [], ""repeated"": 0, ""state"": ""nonzero_structure_gain_available"", ""zero_basis"": false}","{""candidates"": 8, ""positive"": 7, ""reasons"": [], ""repeated"": 0, ""state"": ""nonzero_structure_gain_available"", ""zero_basis"": false}",False,True,True,0,0,return,return,7,7
dev_AISLE_S_b160_n92801__vs__dev_AISLE_B_b160_n92801,153,instance_0002,2.161668252376181e-05,True,0.04469728032095854,"[0.0006785628442901353, 7.330912435242236e-05, 0.9992481279936871, 3.76702305326398e-11]","[0.0006582578573050952, 7.199742770134283e-05, 0.9992697446762109, 3.87827106134246e-11]","{""candidates"": 8, ""positive"": 8, ""reasons"": [], ""repeated"": 0, ""state"": ""nonzero_structure_gain_available"", ""zero_basis"": false}","{""candidates"": 8, ""positive"": 8, ""reasons"": [], ""repeated"": 0, ""state"": ""nonzero_structure_gain_available"", ""zero_basis"": false}",False,True,True,0,0,return,return,7,7
dev_AISLE_S_b160_n92801__vs__dev_AISLE_B_b160_n92801,154,instance_0001,0.0062184035160795514,True,0.055435760383616584,"[0.3865724716373743, 0.33230514149088686, 0.2780378113443994, 0.0030845755273395093]","[0.39279087515345384, 0.3323615097452301, 0.27193214433700647, 0.002915470764309682]","{""candidates"": 8, ""positive"": 7, ""reasons"": [], ""repeated"": 0, ""state"": ""nonzero_structure_gain_available"", ""zero_basis"": false}","{""candidates"": 8, ""positive"": 7, ""reasons"": [], ""repeated"": 0, ""state"": ""nonzero_structure_gain_available"", ""zero_basis"": false}",False,True,True,0,0,return,return,6,6
dev_AISLE_S_b160_n92801__vs__dev_AISLE_B_b160_n92801,154,instance_0002,2.161668252376181e-05,True,0.04469728032095854,"[0.0006785628442901353, 7.330912435242236e-05, 0.9992481279936871, 3.76702305326398e-11]","[0.0006582578573050952, 7.199742770134283e-05, 0.9992697446762109, 3.87827106134246e-11]","{""candidates"": 8, ""positive"": 6, ""reasons"": [], ""repeated"": 0, ""state"": ""nonzero_structure_gain_available"", ""zero_basis"": false}","{""candidates"": 8, ""positive"": 6, ""reasons"": [], ""repeated"": 0, ""state"": ""nonzero_structure_gain_available"", ""zero_basis"": false}",False,True,True,0,0,return,return,6,6
dev_AISLE_S_b160_n92801__vs__dev_AISLE_B_b160_n92801,155,instance_0001,0.0062184035160795514,True,0.055435760383616584,"[0.3865724716373743, 0.33230514149088686, 0.2780378113443994, 0.0030845755273395093]","[0.39279087515345384, 0.3323615097452301, 0.27193214433700647, 0.002915470764309682]","{""candidates"": 8, ""positive"": 6, ""reasons"": [], ""repeated"": 0, ""state"": ""nonzero_structure_gain_available"", ""zero_basis"": false}","{""candidates"": 8, ""positive"": 6, ""reasons"": [], ""repeated"": 0, ""state"": ""nonzero_structure_gain_available"", ""zero_basis"": false}",False,True,True,0,0,return,return,5,5
dev_AISLE_S_b160_n92801__vs__dev_AISLE_B_b160_n92801,155,instance_0002,2.161668252376181e-05,True,0.04469728032095854,"[0.0006785628442901353, 7.330912435242236e-05, 0.9992481279936871, 3.76702305326398e-11]","[0.0006582578573050952, 7.199742770134283e-05, 0.9992697446762109, 3.87827106134246e-11]","{""candidates"": 8, ""positive"": 6, ""reasons"": [], ""repeated"": 0, ""state"": ""nonzero_structure_gain_available"", ""zero_basis"": false}","{""candidates"": 8, ""positive"": 6, ""reasons"": [], ""repeated"": 0, ""state"": ""nonzero_structure_gain_available"", ""zero_basis"": false}",False,True,True,0,0,return,return,5,5
dev_AISLE_S_b160_n92801__vs__dev_AISLE_B_b160_n92801,156,instance_0001,0.0062184035160795514,True,0.055435760383616584,"[0.3865724716373743, 0.33230514149088686, 0.2780378113443994, 0.0030845755273395093]","[0.39279087515345384, 0.3323615097452301, 0.27193214433700647, 0.002915470764309682]","{""candidates"": 8, ""positive"": 7, ""reasons"": [], ""repeated"": 0, ""state"": ""nonzero_structure_gain_available"", ""zero_basis"": false}","{""candidates"": 8, ""positive"": 7, ""reasons"": [], ""repeated"": 0, ""state"": ""nonzero_structure_gain_available"", ""zero_basis"": false}",False,True,True,0,0,return,return,4,4
dev_AISLE_S_b160_n92801__vs__dev_AISLE_B_b160_n92801,156,instance_0002,2.161668252376181e-05,True,0.04469728032095854,"[0.0006785628442901353, 7.330912435242236e-05, 0.9992481279936871, 3.76702305326398e-11]","[0.0006582578573050952, 7.199742770134283e-05, 0.9992697446762109, 3.87827106134246e-11]","{""candidates"": 8, ""positive"": 7, ""reasons"": [], ""repeated"": 0, ""state"": ""nonzero_structure_gain_available"", ""zero_basis"": false}","{""candidates"": 8, ""positive"": 7, ""reasons"": [], ""repeated"": 0, ""state"": ""nonzero_structure_gain_available"", ""zero_basis"": false}",False,True,True,0,0,return,return,4,4
dev_AISLE_S_b160_n92801__vs__dev_AISLE_B_b160_n92801,157,instance_0001,0.0062184035160795514,True,0.055435760383616584,"[0.3865724716373743, 0.33230514149088686, 0.2780378113443994, 0.0030845755273395093]","[0.39279087515345384, 0.3323615097452301, 0.27193214433700647, 0.002915470764309682]","{""candidates"": 8, ""positive"": 8, ""reasons"": [], ""repeated"": 0, ""state"": ""nonzero_structure_gain_available"", ""zero_basis"": false}","{""candidates"": 8, ""positive"": 8, ""reasons"": [], ""repeated"": 0, ""state"": ""nonzero_structure_gain_available"", ""zero_basis"": false}",False,True,True,0,0,return,return,3,3
dev_AISLE_S_b160_n92801__vs__dev_AISLE_B_b160_n92801,157,instance_0002,2.161668252376181e-05,True,0.04469728032095854,"[0.0006785628442901353, 7.330912435242236e-05, 0.9992481279936871, 3.76702305326398e-11]","[0.0006582578573050952, 7.199742770134283e-05, 0.9992697446762109, 3.87827106134246e-11]","{""candidates"": 8, ""positive"": 8, ""reasons"": [], ""repeated"": 0, ""state"": ""nonzero_structure_gain_available"", ""zero_basis"": false}","{""candidates"": 8, ""positive"": 8, ""reasons"": [], ""repeated"": 0, ""state"": ""nonzero_structure_gain_available"", ""zero_basis"": false}",False,True,True,0,0,return,return,3,3
dev_AISLE_S_b160_n92801__vs__dev_AISLE_B_b160_n92801,158,instance_0001,0.0062184035160795514,True,0.055435760383616584,"[0.3865724716373743, 0.33230514149088686, 0.2780378113443994, 0.0030845755273395093]","[0.39279087515345384, 0.3323615097452301, 0.27193214433700647, 0.002915470764309682]","{""candidates"": 8, ""positive"": 8, ""reasons"": [], ""repeated"": 0, ""state"": ""nonzero_structure_gain_available"", ""zero_basis"": false}","{""candidates"": 8, ""positive"": 8, ""reasons"": [], ""repeated"": 0, ""state"": ""nonzero_structure_gain_available"", ""zero_basis"": false}",False,True,True,0,0,return,return,2,2
dev_AISLE_S_b160_n92801__vs__dev_AISLE_B_b160_n92801,158,instance_0002,2.161668252376181e-05,True,0.04469728032095854,"[0.0006785628442901353, 7.330912435242236e-05, 0.9992481279936871, 3.76702305326398e-11]","[0.0006582578573050952, 7.199742770134283e-05, 0.9992697446762109, 3.87827106134246e-11]","{""candidates"": 8, ""positive"": 8, ""reasons"": [], ""repeated"": 0, ""state"": ""nonzero_structure_gain_available"", ""zero_basis"": false}","{""candidates"": 8, ""positive"": 8, ""reasons"": [], ""repeated"": 0, ""state"": ""nonzero_structure_gain_available"", ""zero_basis"": false}",False,True,True,0,0,return,return,2,2
dev_AISLE_S_b160_n92801__vs__dev_AISLE_B_b160_n92801,159,instance_0001,0.0062184035160795514,True,0.055435760383616584,"[0.3865724716373743, 0.33230514149088686, 0.2780378113443994, 0.0030845755273395093]","[0.39279087515345384, 0.3323615097452301, 0.27193214433700647, 0.002915470764309682]","{""candidates"": 8, ""positive"": 8, ""reasons"": [], ""repeated"": 0, ""state"": ""nonzero_structure_gain_available"", ""zero_basis"": false}","{""candidates"": 8, ""positive"": 8, ""reasons"": [], ""repeated"": 0, ""state"": ""nonzero_structure_gain_available"", ""zero_basis"": false}",False,True,True,0,0,return,return,1,1
dev_AISLE_S_b160_n92801__vs__dev_AISLE_B_b160_n92801,159,instance_0002,2.161668252376181e-05,True,0.04469728032095854,"[0.0006785628442901353, 7.330912435242236e-05, 0.9992481279936871, 3.76702305326398e-11]","[0.0006582578573050952, 7.199742770134283e-05, 0.9992697446762109, 3.87827106134246e-11]","{""candidates"": 8, ""positive"": 8, ""reasons"": [], ""repeated"": 0, ""state"": ""nonzero_structure_gain_available"", ""zero_basis"": false}","{""candidates"": 8, ""positive"": 8, ""reasons"": [], ""repeated"": 0, ""state"": ""nonzero_structure_gain_available"", ""zero_basis"": false}",False,True,True,0,0,return,return,1,1
dev_AISLE_S_b160_n92801__vs__dev_AISLE_G_b160_n92801,1,instance_0000,0.07500000000000001,True,,"[0.19999999999999996, 0.225, 0.25, 0.325]","[0.25, 0.25, 0.25, 0.25]","{""candidates"": 0, ""reasons"": [], ""state"": ""no_forecast_record"", ""zero_basis"": null}","{""candidates"": 0, ""reasons"": [], ""state"": ""no_forecast_record"", ""zero_basis"": null}",False,False,False,0,0,upstream_goal_with_paid_return_reserve,upstream_goal_with_paid_return_reserve,,
dev_AISLE_S_b160_n92801__vs__dev_AISLE_G_b160_n92801,2,instance_0000,0.07500000000000001,True,,"[0.19999999999999996, 0.225, 0.25, 0.325]","[0.25, 0.25, 0.25, 0.25]","{""candidates"": 0, ""reasons"": [], ""state"": ""no_forecast_record"", ""zero_basis"": null}","{""candidates"": 0, ""reasons"": [], ""state"": ""no_forecast_record"", ""zero_basis"": null}",False,False,False,0,0,upstream_goal_with_paid_return_reserve,upstream_goal_with_paid_return_reserve,,
dev_AISLE_S_b160_n92801__vs__dev_AISLE_G_b160_n92801,3,instance_0000,0.07500000000000001,True,,"[0.19999999999999996, 0.225, 0.25, 0.325]","[0.25, 0.25, 0.25, 0.25]","{""candidates"": 0, ""reasons"": [], ""state"": ""no_forecast_record"", ""zero_basis"": null}","{""candidates"": 0, ""reasons"": [], ""state"": ""no_forecast_record"", ""zero_basis"": null}",False,False,False,0,0,upstream_goal_with_paid_return_reserve,upstream_goal_with_paid_return_reserve,,
dev_AISLE_S_b160_n92801__vs__dev_AISLE_G_b160_n92801,4,instance_0000,0.07500000000000001,True,,"[0.19999999999999996, 0.225, 0.25, 0.325]","[0.25, 0.25, 0.25, 0.25]","{""candidates"": 0, ""reasons"": [], ""state"": ""no_forecast_record"", ""zero_basis"": null}","{""candidates"": 0, ""reasons"": [], ""state"": ""no_forecast_record"", ""zero_basis"": null}",False,False,False,0,0,upstream_goal_with_paid_return_reserve,upstream_goal_with_paid_return_reserve,,
dev_AISLE_S_b160_n92801__vs__dev_AISLE_G_b160_n92801,6,instance_0000,0.07500000000000001,True,,"[0.19999999999999996, 0.225, 0.25, 0.325]","[0.25, 0.25, 0.25, 0.25]","{""candidates"": 0, ""reasons"": [], ""state"": ""no_forecast_record"", ""zero_basis"": null}","{""candidates"": 0, ""reasons"": [], ""state"": ""no_forecast_record"", ""zero_basis"": null}",False,False,False,0,0,upstream_goal_with_paid_return_reserve,upstream_goal_with_paid_return_reserve,,
dev_AISLE_S_b160_n92801__vs__dev_AISLE_G_b160_n92801,7,instance_0000,0.07500000000000001,True,,"[0.19999999999999996, 0.225, 0.25, 0.325]","[0.25, 0.25, 0.25, 0.25]","{""candidates"": 0, ""reasons"": [], ""state"": ""no_forecast_record"", ""zero_basis"": null}","{""candidates"": 0, ""reasons"": [], ""state"": ""no_forecast_record"", ""zero_basis"": null}",False,False,False,0,0,upstream_goal_with_paid_return_reserve,upstream_goal_with_paid_return_reserve,,
dev_AISLE_S_b160_n92801__vs__dev_AISLE_G_b160_n92801,7,instance_0001,0.07500000000000001,True,,"[0.325, 0.275, 0.225, 0.175]","[0.25, 0.25, 0.25, 0.25]","{""candidates"": 0, ""reasons"": [], ""state"": ""no_forecast_record"", ""zero_basis"": null}","{""candidates"": 0, ""reasons"": [], ""state"": ""no_forecast_record"", ""zero_basis"": null}",False,False,False,0,0,upstream_goal_with_paid_return_reserve,upstream_goal_with_paid_return_reserve,,
dev_AISLE_S_b160_n92801__vs__dev_AISLE_G_b160_n92801,11,instance_0001,0.07500000000000001,True,,"[0.325, 0.275, 0.225, 0.175]","[0.25, 0.25, 0.25, 0.25]","{""candidates"": 0, ""reasons"": [], ""state"": ""no_forecast_record"", ""zero_basis"": null}","{""candidates"": 0, ""reasons"": [], ""state"": ""no_forecast_record"", ""zero_basis"": null}",False,False,False,0,0,upstream_goal_with_paid_return_reserve,upstream_goal_with_paid_return_reserve,,
dev_AISLE_S_b160_n92801__vs__dev_AISLE_G_b160_n92801,12,instance_0001,0.07500000000000001,True,,"[0.325, 0.275, 0.225, 0.175]","[0.25, 0.25, 0.25, 0.25]","{""candidates"": 8, ""positive"": 7, ""reasons"": [], ""repeated"": 0, ""state"": ""nonzero_structure_gain_available"", ""zero_basis"": false}","{""candidates"": 8, ""positive"": 7, ""reasons"": [], ""repeated"": 0, ""state"": ""nonzero_structure_gain_available"", ""zero_basis"": false}",False,True,True,39,39,upstream_goal_with_paid_return_reserve,upstream_goal_with_paid_return_reserve,148,148
dev_AISLE_S_b160_n92801__vs__dev_AISLE_G_b160_n92801,13,instance_0001,0.07500000000000001,True,,"[0.325, 0.275, 0.225, 0.175]","[0.25, 0.25, 0.25, 0.25]","{""candidates"": 0, ""reasons"": [], ""state"": ""no_forecast_record"", ""zero_basis"": null}","{""candidates"": 0, ""reasons"": [], ""state"": ""no_forecast_record"", ""zero_basis"": null}",False,False,False,0,0,upstream_goal_with_paid_return_reserve,upstream_goal_with_paid_return_reserve,,
dev_AISLE_S_b160_n92801__vs__dev_AISLE_G_b160_n92801,14,instance_0001,0.07500000000000001,True,,"[0.325, 0.275, 0.225, 0.175]","[0.25, 0.25, 0.25, 0.25]","{""candidates"": 0, ""reasons"": [], ""state"": ""no_forecast_record"", ""zero_basis"": null}","{""candidates"": 0, ""reasons"": [], ""state"": ""no_forecast_record"", ""zero_basis"": null}",False,False,False,0,0,upstream_goal_with_paid_return_reserve,upstream_goal_with_paid_return_reserve,,
dev_AISLE_S_b160_n92801__vs__dev_AISLE_G_b160_n92801,15,instance_0001,0.07500000000000001,True,,"[0.325, 0.275, 0.225, 0.175]","[0.25, 0.25, 0.25, 0.25]","{""candidates"": 0, ""reasons"": [], ""state"": ""no_forecast_record"", ""zero_basis"": null}","{""candidates"": 0, ""reasons"": [], ""state"": ""no_forecast_record"", ""zero_basis"": null}",False,False,False,0,0,upstream_goal_with_paid_return_reserve,upstream_goal_with_paid_return_reserve,,
dev_AISLE_S_b160_n92801__vs__dev_AISLE_G_b160_n92801,16,instance_0001,0.07500000000000001,True,,"[0.325, 0.275, 0.225, 0.175]","[0.25, 0.25, 0.25, 0.25]","{""candidates"": 0, ""reasons"": [], ""state"": ""no_forecast_record"", ""zero_basis"": null}","{""candidates"": 0, ""reasons"": [], ""state"": ""no_forecast_record"", ""zero_basis"": null}",False,False,False,0,0,upstream_goal_with_paid_return_reserve,upstream_goal_with_paid_return_reserve,,
dev_AISLE_S_b160_n92801__vs__dev_AISLE_G_b160_n92801,17,instance_0001,0.07500000000000001,True,,"[0.325, 0.275, 0.225, 0.175]","[0.25, 0.25, 0.25, 0.25]","{""candidates"": 0, ""reasons"": [], ""state"": ""no_forecast_record"", ""zero_basis"": null}","{""candidates"": 0, ""reasons"": [], ""state"": ""no_forecast_record"", ""zero_basis"": null}",False,False,False,0,0,upstream_goal_with_paid_return_reserve,upstream_goal_with_paid_return_reserve,,
dev_AISLE_S_b160_n92801__vs__dev_AISLE_G_b160_n92801,18,instance_0001,0.07500000000000001,True,,"[0.325, 0.275, 0.225, 0.175]","[0.25, 0.25, 0.25, 0.25]","{""candidates"": 0, ""reasons"": [], ""state"": ""no_forecast_record"", ""zero_basis"": null}","{""candidates"": 0, ""reasons"": [], ""state"": ""no_forecast_record"", ""zero_basis"": null}",False,False,False,0,0,upstream_goal_with_paid_return_reserve,upstream_goal_with_paid_return_reserve,,
dev_AISLE_S_b160_n92801__vs__dev_AISLE_G_b160_n92801,19,instance_0001,0.07500000000000001,True,,"[0.325, 0.275, 0.225, 0.175]","[0.25, 0.25, 0.25, 0.25]","{""candidates"": 0, ""reasons"": [], ""state"": ""no_forecast_record"", ""zero_basis"": null}","{""candidates"": 0, ""reasons"": [], ""state"": ""no_forecast_record"", ""zero_basis"": null}",False,False,False,0,0,upstream_goal_with_paid_return_reserve,upstream_goal_with_paid_return_reserve,,
dev_AISLE_S_b160_n92801__vs__dev_AISLE_G_b160_n92801,20,instance_0001,0.07500000000000001,True,,"[0.325, 0.275, 0.225, 0.175]","[0.25, 0.25, 0.25, 0.25]","{""candidates"": 0, ""reasons"": [], ""state"": ""no_forecast_record"", ""zero_basis"": null}","{""candidates"": 0, ""reasons"": [], ""state"": ""no_forecast_record"", ""zero_basis"": null}",False,False,False,0,0,upstream_goal_with_paid_return_reserve,upstream_goal_with_paid_return_reserve,,
dev_AISLE_S_b160_n92801__vs__dev_AISLE_G_b160_n92801,21,instance_0001,0.07500000000000001,True,,"[0.325, 0.275, 0.225, 0.175]","[0.25, 0.25, 0.25, 0.25]","{""candidates"": 0, ""reasons"": [], ""state"": ""no_forecast_record"", ""zero_basis"": null}","{""candidates"": 0, ""reasons"": [], ""state"": ""no_forecast_record"", ""zero_basis"": null}",False,False,False,0,0,upstream_goal_with_paid_return_reserve,upstream_goal_with_paid_return_reserve,,
dev_AISLE_S_b160_n92801__vs__dev_AISLE_G_b160_n92801,22,instance_0001,0.07500000000000001,True,,"[0.325, 0.275, 0.225, 0.175]","[0.25, 0.25, 0.25, 0.25]","{""candidates"": 0, ""reasons"": [], ""state"": ""no_forecast_record"", ""zero_basis"": null}","{""candidates"": 0, ""reasons"": [], ""state"": ""no_forecast_record"", ""zero_basis"": null}",False,False,False,0,0,upstream_goal_with_paid_return_reserve,upstream_goal_with_paid_return_reserve,,
dev_AISLE_S_b160_n92801__vs__dev_AISLE_G_b160_n92801,26,instance_0000,0.07500000000000001,True,,"[0.19999999999999996, 0.225, 0.25, 0.325]","[0.25, 0.25, 0.25, 0.25]","{""candidates"": 0, ""reasons"": [], ""state"": ""no_forecast_record"", ""zero_basis"": null}","{""candidates"": 0, ""reasons"": [], ""state"": ""no_forecast_record"", ""zero_basis"": null}",False,False,False,0,0,upstream_goal_with_paid_return_reserve,upstream_goal_with_paid_return_reserve,,
dev_AISLE_S_b160_n92801__vs__dev_AISLE_G_b160_n92801,27,instance_0000,0.07500000000000001,True,,"[0.19999999999999996, 0.225, 0.25, 0.325]","[0.25, 0.25, 0.25, 0.25]","{""candidates"": 0, ""reasons"": [], ""state"": ""no_forecast_record"", ""zero_basis"": null}","{""candidates"": 0, ""reasons"": [], ""state"": ""no_forecast_record"", ""zero_basis"": null}",False,False,False,0,0,upstream_goal_with_paid_return_reserve,upstream_goal_with_paid_return_reserve,,
dev_AISLE_S_b160_n92801__vs__dev_AISLE_G_b160_n92801,28,instance_0000,0.07500000000000001,True,,"[0.19999999999999996, 0.225, 0.25, 0.325]","[0.25, 0.25, 0.25, 0.25]","{""candidates"": 0, ""reasons"": [], ""state"": ""no_forecast_record"", ""zero_basis"": null}","{""candidates"": 0, ""reasons"": [], ""state"": ""no_forecast_record"", ""zero_basis"": null}",False,False,False,0,0,upstream_goal_with_paid_return_reserve,upstream_goal_with_paid_return_reserve,,
dev_AISLE_S_b160_n92801__vs__dev_AISLE_G_b160_n92801,29,instance_0000,0.07500000000000001,True,,"[0.19999999999999996, 0.225, 0.25, 0.325]","[0.25, 0.25, 0.25, 0.25]","{""candidates"": 0, ""reasons"": [], ""state"": ""no_forecast_record"", ""zero_basis"": null}","{""candidates"": 0, ""reasons"": [], ""state"": ""no_forecast_record"", ""zero_basis"": null}",False,False,False,0,0,upstream_goal_with_paid_return_reserve,upstream_goal_with_paid_return_reserve,,
dev_AISLE_S_b160_n92801__vs__dev_AISLE_G_b160_n92801,30,instance_0000,0.07500000000000001,True,,"[0.19999999999999996, 0.225, 0.25, 0.325]","[0.25, 0.25, 0.25, 0.25]","{""candidates"": 0, ""reasons"": [], ""state"": ""no_forecast_record"", ""zero_basis"": null}","{""candidates"": 0, ""reasons"": [], ""state"": ""no_forecast_record"", ""zero_basis"": null}",False,False,False,0,0,upstream_goal_with_paid_return_reserve,upstream_goal_with_paid_return_reserve,,
dev_AISLE_S_b160_n92801__vs__dev_AISLE_G_b160_n92801,31,instance_0000,0.07500000000000001,True,,"[0.19999999999999996, 0.225, 0.25, 0.325]","[0.25, 0.25, 0.25, 0.25]","{""candidates"": 0, ""reasons"": [], ""state"": ""no_forecast_record"", ""zero_basis"": null}","{""candidates"": 0, ""reasons"": [], ""state"": ""no_forecast_record"", ""zero_basis"": null}",False,False,False,0,0,upstream_goal_with_paid_return_reserve,upstream_goal_with_paid_return_reserve,,
dev_AISLE_S_b160_n92801__vs__dev_AISLE_G_b160_n92801,32,instance_0000,0.07500000000000001,True,,"[0.19999999999999996, 0.225, 0.25, 0.325]","[0.25, 0.25, 0.25, 0.25]","{""candidates"": 0, ""reasons"": [], ""state"": ""no_forecast_record"", ""zero_basis"": null}","{""candidates"": 0, ""reasons"": [], ""state"": ""no_forecast_record"", ""zero_basis"": null}",False,False,False,0,0,upstream_goal_with_paid_return_reserve,upstream_goal_with_paid_return_reserve,,
dev_AISLE_S_b160_n92801__vs__dev_AISLE_G_b160_n92801,33,instance_0000,0.07500000000000001,True,,"[0.19999999999999996, 0.225, 0.25, 0.325]","[0.25, 0.25, 0.25, 0.25]","{""candidates"": 0, ""reasons"": [], ""state"": ""no_forecast_record"", ""zero_basis"": null}","{""candidates"": 0, ""reasons"": [], ""state"": ""no_forecast_record"", ""zero_basis"": null}",False,False,False,0,0,upstream_goal_with_paid_return_reserve,upstream_goal_with_paid_return_reserve,,
dev_AISLE_S_b160_n92801__vs__dev_AISLE_G_b160_n92801,34,instance_0000,0.07500000000000001,True,,"[0.19999999999999996, 0.225, 0.25, 0.325]","[0.25, 0.25, 0.25, 0.25]","{""candidates"": 0, ""reasons"": [], ""state"": ""no_forecast_record"", ""zero_basis"": null}","{""candidates"": 0, ""reasons"": [], ""state"": ""no_forecast_record"", ""zero_basis"": null}",False,False,False,0,0,upstream_goal_with_paid_return_reserve,upstream_goal_with_paid_return_reserve,,
dev_AISLE_S_b160_n92801__vs__dev_AISLE_G_b160_n92801,35,instance_0000,0.07500000000000001,True,,"[0.19999999999999996, 0.225, 0.25, 0.325]","[0.25, 0.25, 0.25, 0.25]","{""candidates"": 0, ""reasons"": [], ""state"": ""no_forecast_record"", ""zero_basis"": null}","{""candidates"": 0, ""reasons"": [], ""state"": ""no_forecast_record"", ""zero_basis"": null}",False,False,False,0,0,upstream_goal_with_paid_return_reserve,upstream_goal_with_paid_return_reserve,,
dev_AISLE_S_b160_n92801__vs__dev_AISLE_G_b160_n92801,36,instance_0000,0.07500000000000001,True,,"[0.19999999999999996, 0.225, 0.25, 0.325]","[0.25, 0.25, 0.25, 0.25]","{""candidates"": 0, ""reasons"": [], ""state"": ""no_forecast_record"", ""zero_basis"": null}","{""candidates"": 0, ""reasons"": [], ""state"": ""no_forecast_record"", ""zero_basis"": null}",False,False,False,0,0,upstream_goal_with_paid_return_reserve,upstream_goal_with_paid_return_reserve,,
dev_AISLE_S_b160_n92801__vs__dev_AISLE_G_b160_n92801,37,instance_0000,0.07500000000000001,True,,"[0.19999999999999996, 0.225, 0.25, 0.325]","[0.25, 0.25, 0.25, 0.25]","{""candidates"": 0, ""reasons"": [], ""state"": ""no_forecast_record"", ""zero_basis"": null}","{""candidates"": 0, ""reasons"": [], ""state"": ""no_forecast_record"", ""zero_basis"": null}",False,False,False,0,0,upstream_goal_with_paid_return_reserve,upstream_goal_with_paid_return_reserve,,
dev_AISLE_S_b160_n92801__vs__dev_AISLE_G_b160_n92801,38,instance_0000,0.07500000000000001,True,,"[0.19999999999999996, 0.225, 0.25, 0.325]","[0.25, 0.25, 0.25, 0.25]","{""candidates"": 8, ""positive"": 0, ""reasons"": [""no_reliable_observed_label_plane""], ""repeated"": 0, ""state"": ""all_structure_gains_zero"", ""zero_basis"": true}","{""candidates"": 8, ""positive"": 0, ""reasons"": [""no_reliable_observed_label_plane""], ""repeated"": 0, ""state"": ""all_structure_gains_zero"", ""zero_basis"": true}",True,True,True,32,32,upstream_goal_with_paid_return_reserve,upstream_goal_with_paid_return_reserve,122,122
dev_AISLE_S_b160_n92801__vs__dev_AISLE_G_b160_n92801,39,instance_0000,0.07500000000000001,True,,"[0.19999999999999996, 0.225, 0.25, 0.325]","[0.25, 0.25, 0.25, 0.25]","{""candidates"": 0, ""reasons"": [], ""state"": ""no_forecast_record"", ""zero_basis"": null}","{""candidates"": 0, ""reasons"": [], ""state"": ""no_forecast_record"", ""zero_basis"": null}",False,False,False,0,0,upstream_goal_with_paid_return_reserve,upstream_goal_with_paid_return_reserve,,
dev_AISLE_S_b160_n92801__vs__dev_AISLE_G_b160_n92801,40,instance_0000,0.07500000000000001,True,,"[0.19999999999999996, 0.225, 0.25, 0.325]","[0.25, 0.25, 0.25, 0.25]","{""candidates"": 0, ""reasons"": [], ""state"": ""no_forecast_record"", ""zero_basis"": null}","{""candidates"": 0, ""reasons"": [], ""state"": ""no_forecast_record"", ""zero_basis"": null}",False,False,False,0,0,upstream_goal_with_paid_return_reserve,upstream_goal_with_paid_return_reserve,,
dev_AISLE_S_b160_n92801__vs__dev_AISLE_G_b160_n92801,41,instance_0000,0.07500000000000001,True,,"[0.19999999999999996, 0.225, 0.25, 0.325]","[0.25, 0.25, 0.25, 0.25]","{""candidates"": 0, ""reasons"": [], ""state"": ""no_forecast_record"", ""zero_basis"": null}","{""candidates"": 0, ""reasons"": [], ""state"": ""no_forecast_record"", ""zero_basis"": null}",False,False,False,0,0,upstream_goal_with_paid_return_reserve,upstream_goal_with_paid_return_reserve,,
dev_AISLE_S_b160_n92801__vs__dev_AISLE_G_b160_n92801,43,instance_0000,0.07500000000000001,True,,"[0.19999999999999996, 0.225, 0.25, 0.325]","[0.25, 0.25, 0.25, 0.25]","{""candidates"": 0, ""reasons"": [], ""state"": ""no_forecast_record"", ""zero_basis"": null}","{""candidates"": 0, ""reasons"": [], ""state"": ""no_forecast_record"", ""zero_basis"": null}",False,False,False,0,0,upstream_goal_with_paid_return_reserve,upstream_goal_with_paid_return_reserve,,
dev_AISLE_S_b160_n92801__vs__dev_AISLE_G_b160_n92801,44,instance_0000,0.07500000000000001,True,,"[0.19999999999999996, 0.225, 0.25, 0.325]","[0.25, 0.25, 0.25, 0.25]","{""candidates"": 0, ""reasons"": [], ""state"": ""no_forecast_record"", ""zero_basis"": null}","{""candidates"": 0, ""reasons"": [], ""state"": ""no_forecast_record"", ""zero_basis"": null}",False,False,False,0,0,upstream_goal_with_paid_return_reserve,upstream_goal_with_paid_return_reserve,,
dev_AISLE_S_b160_n92801__vs__dev_AISLE_G_b160_n92801,45,instance_0000,0.07500000000000001,True,,"[0.19999999999999996, 0.225, 0.25, 0.325]","[0.25, 0.25, 0.25, 0.25]","{""candidates"": 0, ""reasons"": [], ""state"": ""no_forecast_record"", ""zero_basis"": null}","{""candidates"": 0, ""reasons"": [], ""state"": ""no_forecast_record"", ""zero_basis"": null}",False,False,False,0,0,upstream_goal_with_paid_return_reserve,upstream_goal_with_paid_return_reserve,,
dev_AISLE_S_b160_n92801__vs__dev_AISLE_G_b160_n92801,46,instance_0000,0.07500000000000001,True,,"[0.19999999999999996, 0.225, 0.25, 0.325]","[0.25, 0.25, 0.25, 0.25]","{""candidates"": 0, ""reasons"": [], ""state"": ""no_forecast_record"", ""zero_basis"": null}","{""candidates"": 0, ""reasons"": [], ""state"": ""no_forecast_record"", ""zero_basis"": null}",False,False,False,0,0,upstream_goal_with_paid_return_reserve,upstream_goal_with_paid_return_reserve,,
dev_AISLE_S_b160_n92801__vs__dev_AISLE_G_b160_n92801,50,instance_0000,0.07500000000000001,True,,"[0.19999999999999996, 0.225, 0.25, 0.325]","[0.25, 0.25, 0.25, 0.25]","{""candidates"": 0, ""reasons"": [], ""state"": ""no_forecast_record"", ""zero_basis"": null}","{""candidates"": 0, ""reasons"": [], ""state"": ""no_forecast_record"", ""zero_basis"": null}",False,False,False,0,0,upstream_goal_with_paid_return_reserve,upstream_goal_with_paid_return_reserve,,
dev_AISLE_S_b160_n92801__vs__dev_AISLE_G_b160_n92801,51,instance_0000,0.07500000000000001,True,,"[0.19999999999999996, 0.225, 0.25, 0.325]","[0.25, 0.25, 0.25, 0.25]","{""candidates"": 0, ""reasons"": [], ""state"": ""no_forecast_record"", ""zero_basis"": null}","{""candidates"": 0, ""reasons"": [], ""state"": ""no_forecast_record"", ""zero_basis"": null}",False,False,False,0,0,upstream_goal_with_paid_return_reserve,upstream_goal_with_paid_return_reserve,,
dev_AISLE_S_b160_n92801__vs__dev_AISLE_G_b160_n92801,52,instance_0000,0.07500000000000001,True,,"[0.19999999999999996, 0.225, 0.25, 0.325]","[0.25, 0.25, 0.25, 0.25]","{""candidates"": 0, ""reasons"": [], ""state"": ""no_forecast_record"", ""zero_basis"": null}","{""candidates"": 0, ""reasons"": [], ""state"": ""no_forecast_record"", ""zero_basis"": null}",False,False,False,0,0,upstream_goal_with_paid_return_reserve,upstream_goal_with_paid_return_reserve,,
dev_AISLE_S_b160_n92801__vs__dev_AISLE_G_b160_n92801,53,instance_0000,0.07500000000000001,True,,"[0.19999999999999996, 0.225, 0.25, 0.325]","[0.25, 0.25, 0.25, 0.25]","{""candidates"": 0, ""reasons"": [], ""state"": ""no_forecast_record"", ""zero_basis"": null}","{""candidates"": 0, ""reasons"": [], ""state"": ""no_forecast_record"", ""zero_basis"": null}",False,False,False,0,0,upstream_goal_with_paid_return_reserve,upstream_goal_with_paid_return_reserve,,
dev_AISLE_S_b160_n92801__vs__dev_AISLE_G_b160_n92801,54,instance_0000,0.07500000000000001,True,,"[0.19999999999999996, 0.225, 0.25, 0.325]","[0.25, 0.25, 0.25, 0.25]","{""candidates"": 0, ""reasons"": [], ""state"": ""no_forecast_record"", ""zero_basis"": null}","{""candidates"": 0, ""reasons"": [], ""state"": ""no_forecast_record"", ""zero_basis"": null}",False,False,False,0,0,upstream_goal_with_paid_return_reserve,upstream_goal_with_paid_return_reserve,,
dev_AISLE_S_b160_n92801__vs__dev_AISLE_G_b160_n92801,55,instance_0000,0.07500000000000001,True,,"[0.19999999999999996, 0.225, 0.25, 0.325]","[0.25, 0.25, 0.25, 0.25]","{""candidates"": 0, ""reasons"": [], ""state"": ""no_forecast_record"", ""zero_basis"": null}","{""candidates"": 0, ""reasons"": [], ""state"": ""no_forecast_record"", ""zero_basis"": null}",False,False,False,0,0,upstream_goal_with_paid_return_reserve,upstream_goal_with_paid_return_reserve,,
dev_AISLE_S_b160_n92801__vs__dev_AISLE_G_b160_n92801,56,instance_0000,0.07500000000000001,True,,"[0.19999999999999996, 0.225, 0.25, 0.325]","[0.25, 0.25, 0.25, 0.25]","{""candidates"": 0, ""reasons"": [], ""state"": ""no_forecast_record"", ""zero_basis"": null}","{""candidates"": 0, ""reasons"": [], ""state"": ""no_forecast_record"", ""zero_basis"": null}",False,False,False,0,0,upstream_goal_with_paid_return_reserve,upstream_goal_with_paid_return_reserve,,
dev_AISLE_S_b160_n92801__vs__dev_AISLE_G_b160_n92801,57,instance_0000,0.07500000000000001,True,,"[0.19999999999999996, 0.225, 0.25, 0.325]","[0.25, 0.25, 0.25, 0.25]","{""candidates"": 0, ""reasons"": [], ""state"": ""no_forecast_record"", ""zero_basis"": null}","{""candidates"": 0, ""reasons"": [], ""state"": ""no_forecast_record"", ""zero_basis"": null}",False,False,False,0,0,upstream_goal_with_paid_return_reserve,upstream_goal_with_paid_return_reserve,,
dev_AISLE_S_b160_n92801__vs__dev_AISLE_G_b160_n92801,58,instance_0000,0.07500000000000001,True,,"[0.19999999999999996, 0.225, 0.25, 0.325]","[0.25, 0.25, 0.25, 0.25]","{""candidates"": 0, ""reasons"": [], ""state"": ""no_forecast_record"", ""zero_basis"": null}","{""candidates"": 0, ""reasons"": [], ""state"": ""no_forecast_record"", ""zero_basis"": null}",False,False,False,0,0,upstream_goal_with_paid_return_reserve,upstream_goal_with_paid_return_reserve,,
dev_AISLE_S_b160_n92801__vs__dev_AISLE_G_b160_n92801,59,instance_0000,0.07500000000000001,True,,"[0.19999999999999996, 0.225, 0.25, 0.325]","[0.25, 0.25, 0.25, 0.25]","{""candidates"": 0, ""reasons"": [], ""state"": ""no_forecast_record"", ""zero_basis"": null}","{""candidates"": 0, ""reasons"": [], ""state"": ""no_forecast_record"", ""zero_basis"": null}",False,False,False,0,0,upstream_goal_with_paid_return_reserve,upstream_goal_with_paid_return_reserve,,
dev_AISLE_S_b160_n92801__vs__dev_AISLE_G_b160_n92801,60,instance_0000,0.07500000000000001,True,,"[0.19999999999999996, 0.225, 0.25, 0.325]","[0.25, 0.25, 0.25, 0.25]","{""candidates"": 0, ""reasons"": [], ""state"": ""no_forecast_record"", ""zero_basis"": null}","{""candidates"": 0, ""reasons"": [], ""state"": ""no_forecast_record"", ""zero_basis"": null}",False,False,False,0,0,upstream_goal_with_paid_return_reserve,upstream_goal_with_paid_return_reserve,,
dev_AISLE_S_b160_n92801__vs__dev_AISLE_G_b160_n92801,61,instance_0000,0.07500000000000001,True,,"[0.19999999999999996, 0.225, 0.25, 0.325]","[0.25, 0.25, 0.25, 0.25]","{""candidates"": 0, ""reasons"": [], ""state"": ""no_forecast_record"", ""zero_basis"": null}","{""candidates"": 0, ""reasons"": [], ""state"": ""no_forecast_record"", ""zero_basis"": null}",False,False,False,0,0,upstream_goal_with_paid_return_reserve,upstream_goal_with_paid_return_reserve,,
dev_AISLE_S_b160_n92801__vs__dev_AISLE_G_b160_n92801,62,instance_0000,0.07500000000000001,True,,"[0.19999999999999996, 0.225, 0.25, 0.325]","[0.25, 0.25, 0.25, 0.25]","{""candidates"": 0, ""reasons"": [], ""state"": ""no_forecast_record"", ""zero_basis"": null}","{""candidates"": 0, ""reasons"": [], ""state"": ""no_forecast_record"", ""zero_basis"": null}",False,False,False,0,0,upstream_goal_with_paid_return_reserve,upstream_goal_with_paid_return_reserve,,
dev_AISLE_S_b160_n92801__vs__dev_AISLE_G_b160_n92801,63,instance_0000,0.07500000000000001,True,,"[0.19999999999999996, 0.225, 0.25, 0.325]","[0.25, 0.25, 0.25, 0.25]","{""candidates"": 0, ""reasons"": [], ""state"": ""no_forecast_record"", ""zero_basis"": null}","{""candidates"": 0, ""reasons"": [], ""state"": ""no_forecast_record"", ""zero_basis"": null}",False,False,False,0,0,upstream_goal_with_paid_return_reserve,upstream_goal_with_paid_return_reserve,,
dev_AISLE_S_b160_n92801__vs__dev_AISLE_G_b160_n92801,64,instance_0000,0.07500000000000001,True,,"[0.19999999999999996, 0.225, 0.25, 0.325]","[0.25, 0.25, 0.25, 0.25]","{""candidates"": 0, ""reasons"": [], ""state"": ""no_forecast_record"", ""zero_basis"": null}","{""candidates"": 0, ""reasons"": [], ""state"": ""no_forecast_record"", ""zero_basis"": null}",False,False,False,0,0,upstream_goal_with_paid_return_reserve,upstream_goal_with_paid_return_reserve,,
dev_AISLE_S_b160_n92801__vs__dev_AISLE_G_b160_n92801,65,instance_0000,0.07500000000000001,True,,"[0.19999999999999996, 0.225, 0.25, 0.325]","[0.25, 0.25, 0.25, 0.25]","{""candidates"": 0, ""reasons"": [], ""state"": ""no_forecast_record"", ""zero_basis"": null}","{""candidates"": 0, ""reasons"": [], ""state"": ""no_forecast_record"", ""zero_basis"": null}",False,False,False,0,0,upstream_goal_with_paid_return_reserve,upstream_goal_with_paid_return_reserve,,
dev_AISLE_S_b160_n92801__vs__dev_AISLE_G_b160_n92801,66,instance_0000,0.07500000000000001,True,,"[0.19999999999999996, 0.225, 0.25, 0.325]","[0.25, 0.25, 0.25, 0.25]","{""candidates"": 0, ""reasons"": [], ""state"": ""no_forecast_record"", ""zero_basis"": null}","{""candidates"": 0, ""reasons"": [], ""state"": ""no_forecast_record"", ""zero_basis"": null}",False,False,False,0,0,upstream_goal_with_paid_return_reserve,upstream_goal_with_paid_return_reserve,,
dev_AISLE_S_b160_n92801__vs__dev_AISLE_G_b160_n92801,67,instance_0000,0.07500000000000001,True,,"[0.19999999999999996, 0.225, 0.25, 0.325]","[0.25, 0.25, 0.25, 0.25]","{""candidates"": 0, ""reasons"": [], ""state"": ""no_forecast_record"", ""zero_basis"": null}","{""candidates"": 0, ""reasons"": [], ""state"": ""no_forecast_record"", ""zero_basis"": null}",False,False,False,0,0,upstream_goal_with_paid_return_reserve,upstream_goal_with_paid_return_reserve,,
dev_AISLE_S_b160_n92801__vs__dev_AISLE_G_b160_n92801,68,instance_0000,0.07500000000000001,True,,"[0.19999999999999996, 0.225, 0.25, 0.325]","[0.25, 0.25, 0.25, 0.25]","{""candidates"": 0, ""reasons"": [], ""state"": ""no_forecast_record"", ""zero_basis"": null}","{""candidates"": 0, ""reasons"": [], ""state"": ""no_forecast_record"", ""zero_basis"": null}",False,False,False,0,0,upstream_goal_with_paid_return_reserve,upstream_goal_with_paid_return_reserve,,
dev_AISLE_S_b160_n92801__vs__dev_AISLE_G_b160_n92801,69,instance_0000,0.07500000000000001,True,,"[0.19999999999999996, 0.225, 0.25, 0.325]","[0.25, 0.25, 0.25, 0.25]","{""candidates"": 0, ""reasons"": [], ""state"": ""no_forecast_record"", ""zero_basis"": null}","{""candidates"": 0, ""reasons"": [], ""state"": ""no_forecast_record"", ""zero_basis"": null}",False,False,False,0,0,upstream_goal_with_paid_return_reserve,upstream_goal_with_paid_return_reserve,,
dev_AISLE_S_b160_n92801__vs__dev_AISLE_G_b160_n92801,70,instance_0000,0.07500000000000001,True,,"[0.19999999999999996, 0.225, 0.25, 0.325]","[0.25, 0.25, 0.25, 0.25]","{""candidates"": 0, ""reasons"": [], ""state"": ""no_forecast_record"", ""zero_basis"": null}","{""candidates"": 0, ""reasons"": [], ""state"": ""no_forecast_record"", ""zero_basis"": null}",False,False,False,0,0,upstream_goal_with_paid_return_reserve,upstream_goal_with_paid_return_reserve,,
dev_AISLE_S_b160_n92801__vs__dev_AISLE_G_b160_n92801,71,instance_0000,0.07500000000000001,True,,"[0.19999999999999996, 0.225, 0.25, 0.325]","[0.25, 0.25, 0.25, 0.25]","{""candidates"": 0, ""reasons"": [], ""state"": ""no_forecast_record"", ""zero_basis"": null}","{""candidates"": 0, ""reasons"": [], ""state"": ""no_forecast_record"", ""zero_basis"": null}",False,False,False,0,0,upstream_goal_with_paid_return_reserve,upstream_goal_with_paid_return_reserve,,
dev_AISLE_S_b160_n92801__vs__dev_AISLE_G_b160_n92801,72,instance_0000,0.07500000000000001,True,,"[0.19999999999999996, 0.225, 0.25, 0.325]","[0.25, 0.25, 0.25, 0.25]","{""candidates"": 8, ""positive"": 0, ""reasons"": [""no_reliable_observed_label_plane""], ""repeated"": 0, ""state"": ""all_structure_gains_zero"", ""zero_basis"": true}","{""candidates"": 8, ""positive"": 0, ""reasons"": [""no_reliable_observed_label_plane""], ""repeated"": 0, ""state"": ""all_structure_gains_zero"", ""zero_basis"": true}",True,True,True,32,32,upstream_goal_with_paid_return_reserve,upstream_goal_with_paid_return_reserve,88,88
dev_AISLE_S_b160_n92801__vs__dev_AISLE_G_b160_n92801,73,instance_0000,0.07500000000000001,True,,"[0.19999999999999996, 0.225, 0.25, 0.325]","[0.25, 0.25, 0.25, 0.25]","{""candidates"": 0, ""reasons"": [], ""state"": ""no_forecast_record"", ""zero_basis"": null}","{""candidates"": 0, ""reasons"": [], ""state"": ""no_forecast_record"", ""zero_basis"": null}",False,False,False,0,0,upstream_goal_with_paid_return_reserve,upstream_goal_with_paid_return_reserve,,
dev_AISLE_S_b160_n92801__vs__dev_AISLE_G_b160_n92801,74,instance_0000,0.07500000000000001,True,,"[0.19999999999999996, 0.225, 0.25, 0.325]","[0.25, 0.25, 0.25, 0.25]","{""candidates"": 0, ""reasons"": [], ""state"": ""no_forecast_record"", ""zero_basis"": null}","{""candidates"": 0, ""reasons"": [], ""state"": ""no_forecast_record"", ""zero_basis"": null}",False,False,False,0,0,upstream_goal_with_paid_return_reserve,upstream_goal_with_paid_return_reserve,,
dev_AISLE_S_b160_n92801__vs__dev_AISLE_G_b160_n92801,75,instance_0000,0.07500000000000001,True,,"[0.19999999999999996, 0.225, 0.25, 0.325]","[0.25, 0.25, 0.25, 0.25]","{""candidates"": 0, ""reasons"": [], ""state"": ""no_forecast_record"", ""zero_basis"": null}","{""candidates"": 0, ""reasons"": [], ""state"": ""no_forecast_record"", ""zero_basis"": null}",False,False,False,0,0,upstream_goal_with_paid_return_reserve,upstream_goal_with_paid_return_reserve,,
dev_AISLE_S_b160_n92801__vs__dev_AISLE_G_b160_n92801,76,instance_0000,0.07500000000000001,True,,"[0.19999999999999996, 0.225, 0.25, 0.325]","[0.25, 0.25, 0.25, 0.25]","{""candidates"": 0, ""reasons"": [], ""state"": ""no_forecast_record"", ""zero_basis"": null}","{""candidates"": 0, ""reasons"": [], ""state"": ""no_forecast_record"", ""zero_basis"": null}",False,False,False,0,0,upstream_goal_with_paid_return_reserve,upstream_goal_with_paid_return_reserve,,
dev_AISLE_S_b160_n92801__vs__dev_AISLE_G_b160_n92801,77,instance_0000,0.07500000000000001,True,,"[0.19999999999999996, 0.225, 0.25, 0.325]","[0.25, 0.25, 0.25, 0.25]","{""candidates"": 0, ""reasons"": [], ""state"": ""no_forecast_record"", ""zero_basis"": null}","{""candidates"": 0, ""reasons"": [], ""state"": ""no_forecast_record"", ""zero_basis"": null}",False,False,False,0,0,upstream_goal_with_paid_return_reserve,upstream_goal_with_paid_return_reserve,,
dev_AISLE_S_b160_n92801__vs__dev_AISLE_G_b160_n92801,78,instance_0000,0.07500000000000001,True,,"[0.19999999999999996, 0.225, 0.25, 0.325]","[0.25, 0.25, 0.25, 0.25]","{""candidates"": 0, ""reasons"": [], ""state"": ""no_forecast_record"", ""zero_basis"": null}","{""candidates"": 0, ""reasons"": [], ""state"": ""no_forecast_record"", ""zero_basis"": null}",False,False,False,0,0,upstream_goal_with_paid_return_reserve,upstream_goal_with_paid_return_reserve,,
dev_AISLE_S_b160_n92801__vs__dev_AISLE_G_b160_n92801,79,instance_0000,0.07500000000000001,True,,"[0.19999999999999996, 0.225, 0.25, 0.325]","[0.25, 0.25, 0.25, 0.25]","{""candidates"": 0, ""reasons"": [], ""state"": ""no_forecast_record"", ""zero_basis"": null}","{""candidates"": 0, ""reasons"": [], ""state"": ""no_forecast_record"", ""zero_basis"": null}",False,False,False,0,0,upstream_goal_with_paid_return_reserve,upstream_goal_with_paid_return_reserve,,
dev_AISLE_S_b160_n92801__vs__dev_AISLE_G_b160_n92801,80,instance_0000,0.07500000000000001,True,,"[0.19999999999999996, 0.225, 0.25, 0.325]","[0.25, 0.25, 0.25, 0.25]","{""candidates"": 0, ""reasons"": [], ""state"": ""no_forecast_record"", ""zero_basis"": null}","{""candidates"": 0, ""reasons"": [], ""state"": ""no_forecast_record"", ""zero_basis"": null}",False,False,False,0,0,upstream_goal_with_paid_return_reserve,upstream_goal_with_paid_return_reserve,,
dev_AISLE_S_b160_n92801__vs__dev_AISLE_G_b160_n92801,81,instance_0000,0.07500000000000001,True,,"[0.19999999999999996, 0.225, 0.25, 0.325]","[0.25, 0.25, 0.25, 0.25]","{""candidates"": 0, ""reasons"": [], ""state"": ""no_forecast_record"", ""zero_basis"": null}","{""candidates"": 0, ""reasons"": [], ""state"": ""no_forecast_record"", ""zero_basis"": null}",False,False,False,0,0,upstream_goal_with_paid_return_reserve,upstream_goal_with_paid_return_reserve,,
dev_AISLE_S_b160_n92801__vs__dev_AISLE_G_b160_n92801,84,instance_0002,0.07500000000000001,True,,"[0.325, 0.275, 0.225, 0.175]","[0.25, 0.25, 0.25, 0.25]","{""candidates"": 0, ""reasons"": [], ""state"": ""no_forecast_record"", ""zero_basis"": null}","{""candidates"": 0, ""reasons"": [], ""state"": ""no_forecast_record"", ""zero_basis"": null}",False,False,False,0,0,upstream_goal_with_paid_return_reserve,upstream_goal_with_paid_return_reserve,,
dev_AISLE_S_b160_n92801__vs__dev_AISLE_G_b160_n92801,85,instance_0002,0.04733258350605685,True,,"[0.1680054762036244, 0.2628712833696719, 0.5153374131896269, 0.053785827237076825]","[0.12699443195080048, 0.23483079827178968, 0.5626699966956837, 0.07550477308172615]","{""candidates"": 0, ""reasons"": [], ""state"": ""no_forecast_record"", ""zero_basis"": null}","{""candidates"": 0, ""reasons"": [], ""state"": ""no_forecast_record"", ""zero_basis"": null}",False,False,False,0,0,upstream_goal_with_paid_return_reserve,upstream_goal_with_paid_return_reserve,,
dev_AISLE_S_b160_n92801__vs__dev_AISLE_G_b160_n92801,86,instance_0002,0.038370631370382435,True,,"[0.06725651446169595, 0.1787302782659861, 0.7403127046335471, 0.013700502638770875]","[0.048975535347446204, 0.15381320943358978, 0.7786833360039296, 0.018527919215034546]","{""candidates"": 8, ""positive"": 3, ""reasons"": [], ""repeated"": 0, ""state"": ""nonzero_structure_gain_available"", ""zero_basis"": false}","{""candidates"": 8, ""positive"": 3, ""reasons"": [], ""repeated"": 0, ""state"": ""nonzero_structure_gain_available"", ""zero_basis"": false}",False,True,True,35,35,upstream_goal_with_paid_return_reserve,upstream_goal_with_paid_return_reserve,74,74
dev_AISLE_S_b160_n92801__vs__dev_AISLE_G_b160_n92801,91,instance_0002,0.02346727504086976,True,,"[0.02559024664717294, 0.10780622096049465, 0.8630866110488715, 0.0035169213434609243]","[0.018198030443253622, 0.09060338116948957, 0.8865538860897413, 0.004644702297515538]","{""candidates"": 0, ""reasons"": [], ""state"": ""no_forecast_record"", ""zero_basis"": null}","{""candidates"": 0, ""reasons"": [], ""state"": ""no_forecast_record"", ""zero_basis"": null}",False,False,False,0,0,upstream_goal_with_paid_return_reserve,upstream_goal_with_paid_return_reserve,,
dev_AISLE_S_b160_n92801__vs__dev_AISLE_G_b160_n92801,92,instance_0002,0.02346727504086976,True,,"[0.02559024664717294, 0.10780622096049465, 0.8630866110488715, 0.0035169213434609243]","[0.018198030443253622, 0.09060338116948957, 0.8865538860897413, 0.004644702297515538]","{""candidates"": 0, ""reasons"": [], ""state"": ""no_forecast_record"", ""zero_basis"": null}","{""candidates"": 0, ""reasons"": [], ""state"": ""no_forecast_record"", ""zero_basis"": null}",False,False,False,0,0,upstream_goal_with_paid_return_reserve,upstream_goal_with_paid_return_reserve,,
dev_AISLE_S_b160_n92801__vs__dev_AISLE_G_b160_n92801,93,instance_0002,0.02346727504086976,True,,"[0.02559024664717294, 0.10780622096049465, 0.8630866110488715, 0.0035169213434609243]","[0.018198030443253622, 0.09060338116948957, 0.8865538860897413, 0.004644702297515538]","{""candidates"": 0, ""reasons"": [], ""state"": ""no_forecast_record"", ""zero_basis"": null}","{""candidates"": 0, ""reasons"": [], ""state"": ""no_forecast_record"", ""zero_basis"": null}",False,False,False,0,0,upstream_goal_with_paid_return_reserve,upstream_goal_with_paid_return_reserve,,
dev_AISLE_S_b160_n92801__vs__dev_AISLE_G_b160_n92801,95,instance_0002,0.02346727504086976,True,,"[0.02559024664717294, 0.10780622096049465, 0.8630866110488715, 0.0035169213434609243]","[0.018198030443253622, 0.09060338116948957, 0.8865538860897413, 0.004644702297515538]","{""candidates"": 0, ""reasons"": [], ""state"": ""no_forecast_record"", ""zero_basis"": null}","{""candidates"": 0, ""reasons"": [], ""state"": ""no_forecast_record"", ""zero_basis"": null}",False,False,False,0,0,upstream_goal_with_paid_return_reserve,upstream_goal_with_paid_return_reserve,,
dev_AISLE_S_b160_n92801__vs__dev_AISLE_G_b160_n92801,96,instance_0002,0.02346727504086976,True,,"[0.02559024664717294, 0.10780622096049465, 0.8630866110488715, 0.0035169213434609243]","[0.018198030443253622, 0.09060338116948957, 0.8865538860897413, 0.004644702297515538]","{""candidates"": 0, ""reasons"": [], ""state"": ""no_forecast_record"", ""zero_basis"": null}","{""candidates"": 0, ""reasons"": [], ""state"": ""no_forecast_record"", ""zero_basis"": null}",False,False,False,0,0,upstream_goal_with_paid_return_reserve,upstream_goal_with_paid_return_reserve,,
dev_AISLE_S_b160_n92801__vs__dev_AISLE_G_b160_n92801,96,instance_0003,0.07500000000000001,True,,"[0.19999999999999996, 0.225, 0.25, 0.325]","[0.25, 0.25, 0.25, 0.25]","{""candidates"": 0, ""reasons"": [], ""state"": ""no_forecast_record"", ""zero_basis"": null}","{""candidates"": 0, ""reasons"": [], ""state"": ""no_forecast_record"", ""zero_basis"": null}",False,False,False,0,0,upstream_goal_with_paid_return_reserve,upstream_goal_with_paid_return_reserve,,
dev_AISLE_S_b160_n92801__vs__dev_AISLE_G_b160_n92801,97,instance_0002,0.02346727504086976,True,,"[0.02559024664717294, 0.10780622096049465, 0.8630866110488715, 0.0035169213434609243]","[0.018198030443253622, 0.09060338116948957, 0.8865538860897413, 0.004644702297515538]","{""candidates"": 0, ""reasons"": [], ""state"": ""no_forecast_record"", ""zero_basis"": null}","{""candidates"": 0, ""reasons"": [], ""state"": ""no_forecast_record"", ""zero_basis"": null}",False,False,False,0,0,upstream_goal_with_paid_return_reserve,upstream_goal_with_paid_return_reserve,,
dev_AISLE_S_b160_n92801__vs__dev_AISLE_G_b160_n92801,99,instance_0002,0.02346727504086976,True,,"[0.02559024664717294, 0.10780622096049465, 0.8630866110488715, 0.0035169213434609243]","[0.018198030443253622, 0.09060338116948957, 0.8865538860897413, 0.004644702297515538]","{""candidates"": 0, ""reasons"": [], ""state"": ""no_forecast_record"", ""zero_basis"": null}","{""candidates"": 0, ""reasons"": [], ""state"": ""no_forecast_record"", ""zero_basis"": null}",False,False,False,0,0,upstream_goal_with_paid_return_reserve,upstream_goal_with_paid_return_reserve,,
dev_AISLE_S_b160_n92801__vs__dev_AISLE_G_b160_n92801,102,instance_0000,0.07500000000000001,True,,"[0.19999999999999996, 0.225, 0.25, 0.325]","[0.25, 0.25, 0.25, 0.25]","{""candidates"": 0, ""reasons"": [], ""state"": ""no_forecast_record"", ""zero_basis"": null}","{""candidates"": 0, ""reasons"": [], ""state"": ""no_forecast_record"", ""zero_basis"": null}",False,False,False,0,0,upstream_goal_with_paid_return_reserve,upstream_goal_with_paid_return_reserve,,
dev_AISLE_S_b160_n92801__vs__dev_AISLE_G_b160_n92801,104,instance_0000,0.07500000000000001,True,,"[0.19999999999999996, 0.225, 0.25, 0.325]","[0.25, 0.25, 0.25, 0.25]","{""candidates"": 0, ""reasons"": [], ""state"": ""no_forecast_record"", ""zero_basis"": null}","{""candidates"": 0, ""reasons"": [], ""state"": ""no_forecast_record"", ""zero_basis"": null}",False,False,False,0,0,upstream_goal_with_paid_return_reserve,upstream_goal_with_paid_return_reserve,,
dev_AISLE_S_b160_n92801__vs__dev_AISLE_G_b160_n92801,105,instance_0002,0.02377982438949866,True,,"[0.025616202916490152, 0.10791556915646565, 0.8639620425689087, 0.0025061853581354325]","[0.01822241577656859, 0.09072478956344578, 0.8877418669584074, 0.0033109277015782616]","{""candidates"": 0, ""reasons"": [], ""state"": ""no_forecast_record"", ""zero_basis"": null}","{""candidates"": 0, ""reasons"": [], ""state"": ""no_forecast_record"", ""zero_basis"": null}",False,False,False,0,0,upstream_goal_with_paid_return_reserve,upstream_goal_with_paid_return_reserve,,
dev_AISLE_S_b160_n92801__vs__dev_AISLE_G_b160_n92801,106,instance_0002,0.02377982438949866,True,,"[0.025616202916490152, 0.10791556915646565, 0.8639620425689087, 0.0025061853581354325]","[0.01822241577656859, 0.09072478956344578, 0.8877418669584074, 0.0033109277015782616]","{""candidates"": 0, ""reasons"": [], ""state"": ""no_forecast_record"", ""zero_basis"": null}","{""candidates"": 0, ""reasons"": [], ""state"": ""no_forecast_record"", ""zero_basis"": null}",False,False,False,0,0,upstream_goal_with_paid_return_reserve,upstream_goal_with_paid_return_reserve,,
dev_AISLE_S_b160_n92801__vs__dev_AISLE_G_b160_n92801,107,instance_0002,0.02377982438949866,True,,"[0.025616202916490152, 0.10791556915646565, 0.8639620425689087, 0.0025061853581354325]","[0.01822241577656859, 0.09072478956344578, 0.8877418669584074, 0.0033109277015782616]","{""candidates"": 0, ""reasons"": [], ""state"": ""no_forecast_record"", ""zero_basis"": null}","{""candidates"": 0, ""reasons"": [], ""state"": ""no_forecast_record"", ""zero_basis"": null}",False,False,False,0,0,upstream_goal_with_paid_return_reserve,upstream_goal_with_paid_return_reserve,,
dev_AISLE_S_b160_n92801__vs__dev_AISLE_G_b160_n92801,108,instance_0002,0.024490710747799738,True,,"[0.025675002239769904, 0.10816327809515713, 0.8659451773687092, 0.00021654229636383022]","[0.01827771515522919, 0.09100011115381491, 0.890435888116509, 0.0002862855744468953]","{""candidates"": 0, ""reasons"": [], ""state"": ""no_forecast_record"", ""zero_basis"": null}","{""candidates"": 0, ""reasons"": [], ""state"": ""no_forecast_record"", ""zero_basis"": null}",False,False,False,0,0,upstream_goal_with_paid_return_reserve,upstream_goal_with_paid_return_reserve,,
dev_AISLE_S_b160_n92801__vs__dev_AISLE_G_b160_n92801,109,instance_0002,0.02455620199540376,True,,"[0.02568040271373017, 0.10818602913374925, 0.8661273200745884, 6.248077932310424e-06]","[0.018282798264440014, 0.09102541866622899, 0.8906835220699921, 8.260999338980241e-06]","{""candidates"": 0, ""reasons"": [], ""state"": ""no_forecast_record"", ""zero_basis"": null}","{""candidates"": 0, ""reasons"": [], ""state"": ""no_forecast_record"", ""zero_basis"": null}",False,False,False,0,0,upstream_goal_with_paid_return_reserve,upstream_goal_with_paid_return_reserve,,
dev_AISLE_S_b160_n92801__vs__dev_AISLE_G_b160_n92801,110,instance_0002,0.02455620199540376,True,,"[0.02568040271373017, 0.10818602913374925, 0.8661273200745884, 6.248077932310424e-06]","[0.018282798264440014, 0.09102541866622899, 0.8906835220699921, 8.260999338980241e-06]","{""candidates"": 8, ""positive"": 6, ""reasons"": [], ""repeated"": 0, ""state"": ""nonzero_structure_gain_available"", ""zero_basis"": false}","{""candidates"": 8, ""positive"": 6, ""reasons"": [], ""repeated"": 0, ""state"": ""nonzero_structure_gain_available"", ""zero_basis"": false}",False,True,True,7,7,upstream_goal_with_paid_return_reserve,upstream_goal_with_paid_return_reserve,50,50
dev_AISLE_S_b160_n92801__vs__dev_AISLE_G_b160_n92801,111,instance_0000,0.07500000000000001,True,,"[0.19999999999999996, 0.225, 0.25, 0.325]","[0.25, 0.25, 0.25, 0.25]","{""candidates"": 0, ""reasons"": [], ""state"": ""no_forecast_record"", ""zero_basis"": null}","{""candidates"": 0, ""reasons"": [], ""state"": ""no_forecast_record"", ""zero_basis"": null}",False,False,False,0,0,upstream_goal_with_paid_return_reserve,upstream_goal_with_paid_return_reserve,,
dev_AISLE_S_b160_n92801__vs__dev_AISLE_G_b160_n92801,111,instance_0002,0.02455804059573663,True,,"[0.02568055428663848, 0.10818666767790518, 0.8661324321999052, 3.4583555121541995e-07]","[0.018282940939937757, 0.09102612901137024, 0.8906904727956418, 4.5725305021493937e-07]","{""candidates"": 0, ""reasons"": [], ""state"": ""no_forecast_record"", ""zero_basis"": null}","{""candidates"": 0, ""reasons"": [], ""state"": ""no_forecast_record"", ""zero_basis"": null}",False,False,False,0,0,upstream_goal_with_paid_return_reserve,upstream_goal_with_paid_return_reserve,,
dev_AISLE_S_b160_n92801__vs__dev_AISLE_G_b160_n92801,112,instance_0000,0.07500000000000001,True,,"[0.19999999999999996, 0.225, 0.25, 0.325]","[0.25, 0.25, 0.25, 0.25]","{""candidates"": 0, ""reasons"": [], ""state"": ""no_forecast_record"", ""zero_basis"": null}","{""candidates"": 0, ""reasons"": [], ""state"": ""no_forecast_record"", ""zero_basis"": null}",False,False,False,0,0,upstream_goal_with_paid_return_reserve,upstream_goal_with_paid_return_reserve,,
dev_AISLE_S_b160_n92801__vs__dev_AISLE_G_b160_n92801,113,instance_0000,0.07500000000000001,True,,"[0.19999999999999996, 0.225, 0.25, 0.325]","[0.25, 0.25, 0.25, 0.25]","{""candidates"": 0, ""reasons"": [], ""state"": ""no_forecast_record"", ""zero_basis"": null}","{""candidates"": 0, ""reasons"": [], ""state"": ""no_forecast_record"", ""zero_basis"": null}",False,False,False,0,0,upstream_goal_with_paid_return_reserve,upstream_goal_with_paid_return_reserve,,
dev_AISLE_S_b160_n92801__vs__dev_AISLE_G_b160_n92801,114,instance_0000,0.07500000000000001,True,,"[0.19999999999999996, 0.225, 0.25, 0.325]","[0.25, 0.25, 0.25, 0.25]","{""candidates"": 0, ""reasons"": [], ""state"": ""no_forecast_record"", ""zero_basis"": null}","{""candidates"": 0, ""reasons"": [], ""state"": ""no_forecast_record"", ""zero_basis"": null}",False,False,False,0,0,upstream_goal_with_paid_return_reserve,upstream_goal_with_paid_return_reserve,,
dev_AISLE_S_b160_n92801__vs__dev_AISLE_G_b160_n92801,115,instance_0000,0.07500000000000001,True,,"[0.19999999999999996, 0.225, 0.25, 0.325]","[0.25, 0.25, 0.25, 0.25]","{""candidates"": 0, ""reasons"": [], ""state"": ""no_forecast_record"", ""zero_basis"": null}","{""candidates"": 0, ""reasons"": [], ""state"": ""no_forecast_record"", ""zero_basis"": null}",False,False,False,0,0,upstream_goal_with_paid_return_reserve,upstream_goal_with_paid_return_reserve,,
dev_AISLE_S_b160_n92801__vs__dev_AISLE_G_b160_n92801,116,instance_0000,0.07500000000000001,True,,"[0.19999999999999996, 0.225, 0.25, 0.325]","[0.25, 0.25, 0.25, 0.25]","{""candidates"": 0, ""reasons"": [], ""state"": ""no_forecast_record"", ""zero_basis"": null}","{""candidates"": 0, ""reasons"": [], ""state"": ""no_forecast_record"", ""zero_basis"": null}",False,False,False,0,0,upstream_goal_with_paid_return_reserve,upstream_goal_with_paid_return_reserve,,
dev_AISLE_S_b160_n92801__vs__dev_AISLE_G_b160_n92801,116,instance_0002,0.02455804059573663,True,,"[0.02568055428663848, 0.10818666767790518, 0.8661324321999052, 3.4583555121541995e-07]","[0.018282940939937757, 0.09102612901137024, 0.8906904727956418, 4.5725305021493937e-07]","{""candidates"": 0, ""reasons"": [], ""state"": ""no_forecast_record"", ""zero_basis"": null}","{""candidates"": 0, ""reasons"": [], ""state"": ""no_forecast_record"", ""zero_basis"": null}",False,False,False,0,0,upstream_goal_with_paid_return_reserve,upstream_goal_with_paid_return_reserve,,
dev_AISLE_S_b160_n92801__vs__dev_AISLE_G_b160_n92801,117,instance_0000,0.07500000000000001,True,,"[0.19999999999999996, 0.225, 0.25, 0.325]","[0.25, 0.25, 0.25, 0.25]","{""candidates"": 0, ""reasons"": [], ""state"": ""no_forecast_record"", ""zero_basis"": null}","{""candidates"": 0, ""reasons"": [], ""state"": ""no_forecast_record"", ""zero_basis"": null}",False,False,False,0,0,upstream_goal_with_paid_return_reserve,upstream_goal_with_paid_return_reserve,,
dev_AISLE_S_b160_n92801__vs__dev_AISLE_G_b160_n92801,117,instance_0002,0.02455804059573663,True,,"[0.02568055428663848, 0.10818666767790518, 0.8661324321999052, 3.4583555121541995e-07]","[0.018282940939937757, 0.09102612901137024, 0.8906904727956418, 4.5725305021493937e-07]","{""candidates"": 0, ""reasons"": [], ""state"": ""no_forecast_record"", ""zero_basis"": null}","{""candidates"": 0, ""reasons"": [], ""state"": ""no_forecast_record"", ""zero_basis"": null}",False,False,False,0,0,upstream_goal_with_paid_return_reserve,upstream_goal_with_paid_return_reserve,,
dev_AISLE_S_b160_n92801__vs__dev_AISLE_G_b160_n92801,118,instance_0000,0.07500000000000001,True,,"[0.19999999999999996, 0.225, 0.25, 0.325]","[0.25, 0.25, 0.25, 0.25]","{""candidates"": 0, ""reasons"": [], ""state"": ""no_forecast_record"", ""zero_basis"": null}","{""candidates"": 0, ""reasons"": [], ""state"": ""no_forecast_record"", ""zero_basis"": null}",False,False,False,0,0,upstream_goal_with_paid_return_reserve,upstream_goal_with_paid_return_reserve,,
dev_AISLE_S_b160_n92801__vs__dev_AISLE_G_b160_n92801,118,instance_0002,0.02455804059573663,True,,"[0.02568055428663848, 0.10818666767790518, 0.8661324321999052, 3.4583555121541995e-07]","[0.018282940939937757, 0.09102612901137024, 0.8906904727956418, 4.5725305021493937e-07]","{""candidates"": 0, ""reasons"": [], ""state"": ""no_forecast_record"", ""zero_basis"": null}","{""candidates"": 0, ""reasons"": [], ""state"": ""no_forecast_record"", ""zero_basis"": null}",False,False,False,0,0,upstream_goal_with_paid_return_reserve,upstream_goal_with_paid_return_reserve,,
dev_AISLE_S_b160_n92801__vs__dev_AISLE_G_b160_n92801,119,instance_0000,0.07500000000000001,True,,"[0.19999999999999996, 0.225, 0.25, 0.325]","[0.25, 0.25, 0.25, 0.25]","{""candidates"": 0, ""reasons"": [], ""state"": ""no_forecast_record"", ""zero_basis"": null}","{""candidates"": 0, ""reasons"": [], ""state"": ""no_forecast_record"", ""zero_basis"": null}",False,False,False,0,0,upstream_goal_with_paid_return_reserve,upstream_goal_with_paid_return_reserve,,
dev_AISLE_S_b160_n92801__vs__dev_AISLE_G_b160_n92801,119,instance_0002,0.02455804059573663,True,,"[0.02568055428663848, 0.10818666767790518, 0.8661324321999052, 3.4583555121541995e-07]","[0.018282940939937757, 0.09102612901137024, 0.8906904727956418, 4.5725305021493937e-07]","{""candidates"": 0, ""reasons"": [], ""state"": ""no_forecast_record"", ""zero_basis"": null}","{""candidates"": 0, ""reasons"": [], ""state"": ""no_forecast_record"", ""zero_basis"": null}",False,False,False,0,0,upstream_goal_with_paid_return_reserve,upstream_goal_with_paid_return_reserve,,
dev_AISLE_S_b160_n92801__vs__dev_AISLE_G_b160_n92801,120,instance_0000,0.07500000000000001,True,,"[0.19999999999999996, 0.225, 0.25, 0.325]","[0.25, 0.25, 0.25, 0.25]","{""candidates"": 0, ""reasons"": [], ""state"": ""no_forecast_record"", ""zero_basis"": null}","{""candidates"": 0, ""reasons"": [], ""state"": ""no_forecast_record"", ""zero_basis"": null}",False,False,False,0,0,upstream_goal_with_paid_return_reserve,upstream_goal_with_paid_return_reserve,,
dev_AISLE_S_b160_n92801__vs__dev_AISLE_G_b160_n92801,120,instance_0002,0.02455804059573663,True,,"[0.02568055428663848, 0.10818666767790518, 0.8661324321999052, 3.4583555121541995e-07]","[0.018282940939937757, 0.09102612901137024, 0.8906904727956418, 4.5725305021493937e-07]","{""candidates"": 0, ""reasons"": [], ""state"": ""no_forecast_record"", ""zero_basis"": null}","{""candidates"": 0, ""reasons"": [], ""state"": ""no_forecast_record"", ""zero_basis"": null}",False,False,False,0,0,upstream_goal_with_paid_return_reserve,upstream_goal_with_paid_return_reserve,,
dev_AISLE_S_b160_n92801__vs__dev_AISLE_G_b160_n92801,121,instance_0000,0.07500000000000001,True,,"[0.19999999999999996, 0.225, 0.25, 0.325]","[0.25, 0.25, 0.25, 0.25]","{""candidates"": 0, ""reasons"": [], ""state"": ""no_forecast_record"", ""zero_basis"": null}","{""candidates"": 0, ""reasons"": [], ""state"": ""no_forecast_record"", ""zero_basis"": null}",False,False,False,0,0,upstream_goal_with_paid_return_reserve,upstream_goal_with_paid_return_reserve,,
dev_AISLE_S_b160_n92801__vs__dev_AISLE_G_b160_n92801,121,instance_0002,0.014387935788853112,True,,"[0.015534449212902757, 0.057801727909627516, 0.9266637304558764, 9.24215934825317e-08]","[0.010921601333390225, 0.04802661174912629, 0.9410516662447295, 1.206727540295057e-07]","{""candidates"": 0, ""reasons"": [], ""state"": ""no_forecast_record"", ""zero_basis"": null}","{""candidates"": 0, ""reasons"": [], ""state"": ""no_forecast_record"", ""zero_basis"": null}",False,False,False,0,0,upstream_goal_with_paid_return_reserve,upstream_goal_with_paid_return_reserve,,
dev_AISLE_S_b160_n92801__vs__dev_AISLE_G_b160_n92801,122,instance_0000,0.07500000000000001,True,,"[0.19999999999999996, 0.225, 0.25, 0.325]","[0.25, 0.25, 0.25, 0.25]","{""candidates"": 0, ""reasons"": [], ""state"": ""no_forecast_record"", ""zero_basis"": null}","{""candidates"": 0, ""reasons"": [], ""state"": ""no_forecast_record"", ""zero_basis"": null}",False,False,False,0,0,upstream_goal_with_paid_return_reserve,upstream_goal_with_paid_return_reserve,,
dev_AISLE_S_b160_n92801__vs__dev_AISLE_G_b160_n92801,122,instance_0002,0.0032766918184111704,True,,"[0.005439523783952317, 0.009020295769576817, 0.9855401683550392, 1.2091431687769287e-08]","[0.003778344647497828, 0.0074047795812381325, 0.9888168601734504, 1.5597813710065028e-08]","{""candidates"": 0, ""reasons"": [], ""state"": ""no_forecast_record"", ""zero_basis"": null}","{""candidates"": 0, ""reasons"": [], ""state"": ""no_forecast_record"", ""zero_basis"": null}",False,False,False,0,0,upstream_goal_with_paid_return_reserve,upstream_goal_with_paid_return_reserve,,
dev_AISLE_S_b160_n92801__vs__dev_AISLE_G_b160_n92801,123,instance_0000,0.07500000000000001,True,,"[0.19999999999999996, 0.225, 0.25, 0.325]","[0.25, 0.25, 0.25, 0.25]","{""candidates"": 0, ""reasons"": [], ""state"": ""no_forecast_record"", ""zero_basis"": null}","{""candidates"": 0, ""reasons"": [], ""state"": ""no_forecast_record"", ""zero_basis"": null}",False,False,False,0,0,upstream_goal_with_paid_return_reserve,upstream_goal_with_paid_return_reserve,,
dev_AISLE_S_b160_n92801__vs__dev_AISLE_G_b160_n92801,123,instance_0002,0.0007109679836856397,True,,"[0.0018824401279689598, 0.000732114960153201, 0.997385444200966, 7.109118176473396e-10]","[0.001304156763004804, 0.0005994301376625933, 0.9980964121846516, 9.146810290403571e-10]","{""candidates"": 0, ""reasons"": [], ""state"": ""no_forecast_record"", ""zero_basis"": null}","{""candidates"": 0, ""reasons"": [], ""state"": ""no_forecast_record"", ""zero_basis"": null}",False,False,False,0,0,upstream_goal_with_paid_return_reserve,upstream_goal_with_paid_return_reserve,,
dev_AISLE_S_b160_n92801__vs__dev_AISLE_G_b160_n92801,124,instance_0000,0.07500000000000001,True,,"[0.19999999999999996, 0.225, 0.25, 0.325]","[0.25, 0.25, 0.25, 0.25]","{""candidates"": 0, ""reasons"": [], ""state"": ""no_forecast_record"", ""zero_basis"": null}","{""candidates"": 0, ""reasons"": [], ""state"": ""no_forecast_record"", ""zero_basis"": null}",False,False,False,0,0,upstream_goal_with_paid_return_reserve,upstream_goal_with_paid_return_reserve,,
dev_AISLE_S_b160_n92801__vs__dev_AISLE_G_b160_n92801,124,instance_0002,0.0002155203165066233,True,,"[0.0006582578573050952, 7.199742770134283e-05, 0.9992697446762109, 3.87827106134246e-11]","[0.0004558152661770281, 5.891969123127352e-05, 0.9994852649927175, 4.987423952198099e-11]","{""candidates"": 0, ""reasons"": [], ""state"": ""no_forecast_record"", ""zero_basis"": null}","{""candidates"": 0, ""reasons"": [], ""state"": ""no_forecast_record"", ""zero_basis"": null}",False,False,False,0,0,upstream_goal_with_paid_return_reserve,upstream_goal_with_paid_return_reserve,,
dev_AISLE_S_b160_n92801__vs__dev_AISLE_G_b160_n92801,125,instance_0000,0.07500000000000001,True,,"[0.19999999999999996, 0.225, 0.25, 0.325]","[0.25, 0.25, 0.25, 0.25]","{""candidates"": 0, ""reasons"": [], ""state"": ""no_forecast_record"", ""zero_basis"": null}","{""candidates"": 0, ""reasons"": [], ""state"": ""no_forecast_record"", ""zero_basis"": null}",False,False,False,0,0,upstream_goal_with_paid_return_reserve,upstream_goal_with_paid_return_reserve,,
dev_AISLE_S_b160_n92801__vs__dev_AISLE_G_b160_n92801,125,instance_0002,0.0002155203165066233,True,,"[0.0006582578573050952, 7.199742770134283e-05, 0.9992697446762109, 3.87827106134246e-11]","[0.0004558152661770281, 5.891969123127352e-05, 0.9994852649927175, 4.987423952198099e-11]","{""candidates"": 0, ""reasons"": [], ""state"": ""no_forecast_record"", ""zero_basis"": null}","{""candidates"": 0, ""reasons"": [], ""state"": ""no_forecast_record"", ""zero_basis"": null}",False,False,False,0,0,upstream_goal_with_paid_return_reserve,upstream_goal_with_paid_return_reserve,,
dev_AISLE_S_b160_n92801__vs__dev_AISLE_G_b160_n92801,126,instance_0000,0.07500000000000001,True,,"[0.19999999999999996, 0.225, 0.25, 0.325]","[0.25, 0.25, 0.25, 0.25]","{""candidates"": 8, ""positive"": 0, ""reasons"": [""no_reliable_observed_label_plane""], ""repeated"": 0, ""state"": ""all_structure_gains_zero"", ""zero_basis"": true}","{""candidates"": 8, ""positive"": 0, ""reasons"": [""no_reliable_observed_label_plane""], ""repeated"": 0, ""state"": ""all_structure_gains_zero"", ""zero_basis"": true}",True,True,True,0,0,return,return,34,34
dev_AISLE_S_b160_n92801__vs__dev_AISLE_G_b160_n92801,126,instance_0002,0.0002155203165066233,True,,"[0.0006582578573050952, 7.199742770134283e-05, 0.9992697446762109, 3.87827106134246e-11]","[0.0004558152661770281, 5.891969123127352e-05, 0.9994852649927175, 4.987423952198099e-11]","{""candidates"": 8, ""positive"": 5, ""reasons"": [], ""repeated"": 0, ""state"": ""nonzero_structure_gain_available"", ""zero_basis"": false}","{""candidates"": 8, ""positive"": 5, ""reasons"": [], ""repeated"": 0, ""state"": ""nonzero_structure_gain_available"", ""zero_basis"": false}",False,True,True,0,0,return,return,34,34
dev_AISLE_S_b160_n92801__vs__dev_AISLE_G_b160_n92801,127,instance_0000,0.07500000000000001,True,,"[0.19999999999999996, 0.225, 0.25, 0.325]","[0.25, 0.25, 0.25, 0.25]","{""candidates"": 8, ""positive"": 0, ""reasons"": [""no_reliable_observed_label_plane""], ""repeated"": 0, ""state"": ""all_structure_gains_zero"", ""zero_basis"": true}","{""candidates"": 8, ""positive"": 0, ""reasons"": [""no_reliable_observed_label_plane""], ""repeated"": 0, ""state"": ""all_structure_gains_zero"", ""zero_basis"": true}",True,True,True,0,0,return,return,33,33
dev_AISLE_S_b160_n92801__vs__dev_AISLE_G_b160_n92801,127,instance_0002,0.0002155203165066233,True,,"[0.0006582578573050952, 7.199742770134283e-05, 0.9992697446762109, 3.87827106134246e-11]","[0.0004558152661770281, 5.891969123127352e-05, 0.9994852649927175, 4.987423952198099e-11]","{""candidates"": 8, ""positive"": 5, ""reasons"": [], ""repeated"": 0, ""state"": ""nonzero_structure_gain_available"", ""zero_basis"": false}","{""candidates"": 8, ""positive"": 5, ""reasons"": [], ""repeated"": 0, ""state"": ""nonzero_structure_gain_available"", ""zero_basis"": false}",False,True,True,0,0,return,return,33,33
dev_AISLE_S_b160_n92801__vs__dev_AISLE_G_b160_n92801,128,instance_0000,0.07500000000000001,True,,"[0.19999999999999996, 0.225, 0.25, 0.325]","[0.25, 0.25, 0.25, 0.25]","{""candidates"": 8, ""positive"": 0, ""reasons"": [""no_reliable_observed_label_plane""], ""repeated"": 0, ""state"": ""all_structure_gains_zero"", ""zero_basis"": true}","{""candidates"": 8, ""positive"": 0, ""reasons"": [""no_reliable_observed_label_plane""], ""repeated"": 0, ""state"": ""all_structure_gains_zero"", ""zero_basis"": true}",True,True,True,0,0,return,return,32,32
dev_AISLE_S_b160_n92801__vs__dev_AISLE_G_b160_n92801,128,instance_0002,0.0002155203165066233,True,,"[0.0006582578573050952, 7.199742770134283e-05, 0.9992697446762109, 3.87827106134246e-11]","[0.0004558152661770281, 5.891969123127352e-05, 0.9994852649927175, 4.987423952198099e-11]","{""candidates"": 8, ""positive"": 4, ""reasons"": [], ""repeated"": 0, ""state"": ""nonzero_structure_gain_available"", ""zero_basis"": false}","{""candidates"": 8, ""positive"": 4, ""reasons"": [], ""repeated"": 0, ""state"": ""nonzero_structure_gain_available"", ""zero_basis"": false}",False,True,True,0,0,return,return,32,32
dev_AISLE_S_b160_n92801__vs__dev_AISLE_G_b160_n92801,129,instance_0000,0.07500000000000001,True,,"[0.19999999999999996, 0.225, 0.25, 0.325]","[0.25, 0.25, 0.25, 0.25]","{""candidates"": 8, ""positive"": 0, ""reasons"": [""no_reliable_observed_label_plane""], ""repeated"": 0, ""state"": ""all_structure_gains_zero"", ""zero_basis"": true}","{""candidates"": 8, ""positive"": 0, ""reasons"": [""no_reliable_observed_label_plane""], ""repeated"": 0, ""state"": ""all_structure_gains_zero"", ""zero_basis"": true}",True,True,True,0,0,return,return,31,31
dev_AISLE_S_b160_n92801__vs__dev_AISLE_G_b160_n92801,129,instance_0002,0.0002155203165066233,True,,"[0.0006582578573050952, 7.199742770134283e-05, 0.9992697446762109, 3.87827106134246e-11]","[0.0004558152661770281, 5.891969123127352e-05, 0.9994852649927175, 4.987423952198099e-11]","{""candidates"": 8, ""positive"": 3, ""reasons"": [], ""repeated"": 0, ""state"": ""nonzero_structure_gain_available"", ""zero_basis"": false}","{""candidates"": 8, ""positive"": 3, ""reasons"": [], ""repeated"": 0, ""state"": ""nonzero_structure_gain_available"", ""zero_basis"": false}",False,True,True,0,0,return,return,31,31
dev_AISLE_S_b160_n92801__vs__dev_AISLE_G_b160_n92801,130,instance_0000,0.07500000000000001,True,,"[0.19999999999999996, 0.225, 0.25, 0.325]","[0.25, 0.25, 0.25, 0.25]","{""candidates"": 8, ""positive"": 0, ""reasons"": [""no_reliable_observed_label_plane""], ""repeated"": 0, ""state"": ""all_structure_gains_zero"", ""zero_basis"": true}","{""candidates"": 8, ""positive"": 0, ""reasons"": [""no_reliable_observed_label_plane""], ""repeated"": 0, ""state"": ""all_structure_gains_zero"", ""zero_basis"": true}",True,True,True,0,0,return,return,30,30
dev_AISLE_S_b160_n92801__vs__dev_AISLE_G_b160_n92801,130,instance_0002,0.0002155203165066233,True,,"[0.0006582578573050952, 7.199742770134283e-05, 0.9992697446762109, 3.87827106134246e-11]","[0.0004558152661770281, 5.891969123127352e-05, 0.9994852649927175, 4.987423952198099e-11]","{""candidates"": 8, ""positive"": 3, ""reasons"": [], ""repeated"": 0, ""state"": ""nonzero_structure_gain_available"", ""zero_basis"": false}","{""candidates"": 8, ""positive"": 3, ""reasons"": [], ""repeated"": 0, ""state"": ""nonzero_structure_gain_available"", ""zero_basis"": false}",False,True,True,0,0,return,return,30,30
dev_AISLE_S_b160_n92801__vs__dev_AISLE_G_b160_n92801,131,instance_0000,0.07500000000000001,True,,"[0.19999999999999996, 0.225, 0.25, 0.325]","[0.25, 0.25, 0.25, 0.25]","{""candidates"": 8, ""positive"": 0, ""reasons"": [""no_reliable_observed_label_plane""], ""repeated"": 0, ""state"": ""all_structure_gains_zero"", ""zero_basis"": true}","{""candidates"": 8, ""positive"": 0, ""reasons"": [""no_reliable_observed_label_plane""], ""repeated"": 0, ""state"": ""all_structure_gains_zero"", ""zero_basis"": true}",True,True,True,0,0,return,return,29,29
dev_AISLE_S_b160_n92801__vs__dev_AISLE_G_b160_n92801,131,instance_0002,0.0002155203165066233,True,,"[0.0006582578573050952, 7.199742770134283e-05, 0.9992697446762109, 3.87827106134246e-11]","[0.0004558152661770281, 5.891969123127352e-05, 0.9994852649927175, 4.987423952198099e-11]","{""candidates"": 8, ""positive"": 4, ""reasons"": [], ""repeated"": 0, ""state"": ""nonzero_structure_gain_available"", ""zero_basis"": false}","{""candidates"": 8, ""positive"": 4, ""reasons"": [], ""repeated"": 0, ""state"": ""nonzero_structure_gain_available"", ""zero_basis"": false}",False,True,True,0,0,return,return,29,29
dev_AISLE_S_b160_n92801__vs__dev_AISLE_G_b160_n92801,132,instance_0000,0.07500000000000001,True,,"[0.19999999999999996, 0.225, 0.25, 0.325]","[0.25, 0.25, 0.25, 0.25]","{""candidates"": 8, ""positive"": 0, ""reasons"": [""no_reliable_observed_label_plane""], ""repeated"": 0, ""state"": ""all_structure_gains_zero"", ""zero_basis"": true}","{""candidates"": 8, ""positive"": 0, ""reasons"": [""no_reliable_observed_label_plane""], ""repeated"": 0, ""state"": ""all_structure_gains_zero"", ""zero_basis"": true}",True,True,True,0,0,return,return,28,28
dev_AISLE_S_b160_n92801__vs__dev_AISLE_G_b160_n92801,132,instance_0002,0.0002155203165066233,True,,"[0.0006582578573050952, 7.199742770134283e-05, 0.9992697446762109, 3.87827106134246e-11]","[0.0004558152661770281, 5.891969123127352e-05, 0.9994852649927175, 4.987423952198099e-11]","{""candidates"": 8, ""positive"": 3, ""reasons"": [], ""repeated"": 0, ""state"": ""nonzero_structure_gain_available"", ""zero_basis"": false}","{""candidates"": 8, ""positive"": 3, ""reasons"": [], ""repeated"": 0, ""state"": ""nonzero_structure_gain_available"", ""zero_basis"": false}",False,True,True,0,0,return,return,28,28
dev_AISLE_S_b160_n92801__vs__dev_AISLE_G_b160_n92801,133,instance_0000,0.07500000000000001,True,,"[0.19999999999999996, 0.225, 0.25, 0.325]","[0.25, 0.25, 0.25, 0.25]","{""candidates"": 8, ""positive"": 0, ""reasons"": [""no_reliable_observed_label_plane""], ""repeated"": 0, ""state"": ""all_structure_gains_zero"", ""zero_basis"": true}","{""candidates"": 8, ""positive"": 0, ""reasons"": [""no_reliable_observed_label_plane""], ""repeated"": 0, ""state"": ""all_structure_gains_zero"", ""zero_basis"": true}",True,True,True,0,0,return,return,27,27
dev_AISLE_S_b160_n92801__vs__dev_AISLE_G_b160_n92801,133,instance_0002,0.0002155203165066233,True,,"[0.0006582578573050952, 7.199742770134283e-05, 0.9992697446762109, 3.87827106134246e-11]","[0.0004558152661770281, 5.891969123127352e-05, 0.9994852649927175, 4.987423952198099e-11]","{""candidates"": 8, ""positive"": 3, ""reasons"": [], ""repeated"": 0, ""state"": ""nonzero_structure_gain_available"", ""zero_basis"": false}","{""candidates"": 8, ""positive"": 3, ""reasons"": [], ""repeated"": 0, ""state"": ""nonzero_structure_gain_available"", ""zero_basis"": false}",False,True,True,0,0,return,return,27,27
dev_AISLE_S_b160_n92801__vs__dev_AISLE_G_b160_n92801,134,instance_0000,0.07500000000000001,True,,"[0.19999999999999996, 0.225, 0.25, 0.325]","[0.25, 0.25, 0.25, 0.25]","{""candidates"": 8, ""positive"": 0, ""reasons"": [""no_reliable_observed_label_plane""], ""repeated"": 0, ""state"": ""all_structure_gains_zero"", ""zero_basis"": true}","{""candidates"": 8, ""positive"": 0, ""reasons"": [""no_reliable_observed_label_plane""], ""repeated"": 0, ""state"": ""all_structure_gains_zero"", ""zero_basis"": true}",True,True,True,0,0,return,return,26,26
dev_AISLE_S_b160_n92801__vs__dev_AISLE_G_b160_n92801,134,instance_0002,0.0002155203165066233,True,,"[0.0006582578573050952, 7.199742770134283e-05, 0.9992697446762109, 3.87827106134246e-11]","[0.0004558152661770281, 5.891969123127352e-05, 0.9994852649927175, 4.987423952198099e-11]","{""candidates"": 8, ""positive"": 4, ""reasons"": [], ""repeated"": 0, ""state"": ""nonzero_structure_gain_available"", ""zero_basis"": false}","{""candidates"": 8, ""positive"": 4, ""reasons"": [], ""repeated"": 0, ""state"": ""nonzero_structure_gain_available"", ""zero_basis"": false}",False,True,True,0,0,return,return,26,26
dev_AISLE_S_b160_n92801__vs__dev_AISLE_G_b160_n92801,135,instance_0000,0.07500000000000001,True,,"[0.19999999999999996, 0.225, 0.25, 0.325]","[0.25, 0.25, 0.25, 0.25]","{""candidates"": 8, ""positive"": 0, ""reasons"": [""no_reliable_observed_label_plane""], ""repeated"": 0, ""state"": ""all_structure_gains_zero"", ""zero_basis"": true}","{""candidates"": 8, ""positive"": 0, ""reasons"": [""no_reliable_observed_label_plane""], ""repeated"": 0, ""state"": ""all_structure_gains_zero"", ""zero_basis"": true}",True,True,True,0,0,return,return,25,25
dev_AISLE_S_b160_n92801__vs__dev_AISLE_G_b160_n92801,135,instance_0002,0.0002155203165066233,True,,"[0.0006582578573050952, 7.199742770134283e-05, 0.9992697446762109, 3.87827106134246e-11]","[0.0004558152661770281, 5.891969123127352e-05, 0.9994852649927175, 4.987423952198099e-11]","{""candidates"": 8, ""positive"": 4, ""reasons"": [], ""repeated"": 0, ""state"": ""nonzero_structure_gain_available"", ""zero_basis"": false}","{""candidates"": 8, ""positive"": 4, ""reasons"": [], ""repeated"": 0, ""state"": ""nonzero_structure_gain_available"", ""zero_basis"": false}",False,True,True,0,0,return,return,25,25
dev_AISLE_S_b160_n92801__vs__dev_AISLE_G_b160_n92801,136,instance_0000,0.07500000000000001,True,,"[0.19999999999999996, 0.225, 0.25, 0.325]","[0.25, 0.25, 0.25, 0.25]","{""candidates"": 8, ""positive"": 0, ""reasons"": [""no_reliable_observed_label_plane""], ""repeated"": 0, ""state"": ""all_structure_gains_zero"", ""zero_basis"": true}","{""candidates"": 8, ""positive"": 0, ""reasons"": [""no_reliable_observed_label_plane""], ""repeated"": 0, ""state"": ""all_structure_gains_zero"", ""zero_basis"": true}",True,True,True,0,0,return,return,24,24
dev_AISLE_S_b160_n92801__vs__dev_AISLE_G_b160_n92801,136,instance_0001,0.06488283289053554,True,,"[0.3347977024282241, 0.2877985527655419, 0.24079940310285985, 0.13660434170337418]","[0.26991486953768856, 0.26991486953768856, 0.26991486953768856, 0.19025539138693426]","{""candidates"": 8, ""positive"": 7, ""reasons"": [], ""repeated"": 0, ""state"": ""nonzero_structure_gain_available"", ""zero_basis"": false}","{""candidates"": 8, ""positive"": 7, ""reasons"": [], ""repeated"": 0, ""state"": ""nonzero_structure_gain_available"", ""zero_basis"": false}",False,True,True,0,0,return,return,24,24
dev_AISLE_S_b160_n92801__vs__dev_AISLE_G_b160_n92801,136,instance_0002,0.0002211227851460773,True,,"[0.0006635203693802738, 7.233738455383239e-05, 0.9992641422075714, 3.8494385392490375e-11]","[0.0004558152661770281, 5.891969123127352e-05, 0.9994852649927175, 4.987423952198099e-11]","{""candidates"": 8, ""positive"": 4, ""reasons"": [], ""repeated"": 0, ""state"": ""nonzero_structure_gain_available"", ""zero_basis"": false}","{""candidates"": 8, ""positive"": 4, ""reasons"": [], ""repeated"": 0, ""state"": ""nonzero_structure_gain_available"", ""zero_basis"": false}",False,True,True,0,0,return,return,24,24
dev_AISLE_S_b160_n92801__vs__dev_AISLE_G_b160_n92801,137,instance_0002,0.0002155203165066233,True,,"[0.0006582578573050952, 7.199742770134283e-05, 0.9992697446762109, 3.87827106134246e-11]","[0.0004558152661770281, 5.891969123127352e-05, 0.9994852649927175, 4.987423952198099e-11]","{""candidates"": 8, ""positive"": 5, ""reasons"": [], ""repeated"": 0, ""state"": ""nonzero_structure_gain_available"", ""zero_basis"": false}","{""candidates"": 8, ""positive"": 5, ""reasons"": [], ""repeated"": 0, ""state"": ""nonzero_structure_gain_available"", ""zero_basis"": false}",False,True,True,0,0,return,return,23,23
dev_AISLE_S_b160_n92801__vs__dev_AISLE_G_b160_n92801,138,instance_0002,0.0002155203165066233,True,,"[0.0006582578573050952, 7.199742770134283e-05, 0.9992697446762109, 3.87827106134246e-11]","[0.0004558152661770281, 5.891969123127352e-05, 0.9994852649927175, 4.987423952198099e-11]","{""candidates"": 8, ""positive"": 6, ""reasons"": [], ""repeated"": 0, ""state"": ""nonzero_structure_gain_available"", ""zero_basis"": false}","{""candidates"": 8, ""positive"": 6, ""reasons"": [], ""repeated"": 0, ""state"": ""nonzero_structure_gain_available"", ""zero_basis"": false}",False,True,True,0,0,return,return,22,22
dev_AISLE_S_b160_n92801__vs__dev_AISLE_G_b160_n92801,139,instance_0001,0.06488283289053554,True,,"[0.3347977024282241, 0.2877985527655419, 0.24079940310285985, 0.13660434170337418]","[0.26991486953768856, 0.26991486953768856, 0.26991486953768856, 0.19025539138693426]","{""candidates"": 8, ""positive"": 7, ""reasons"": [], ""repeated"": 0, ""state"": ""nonzero_structure_gain_available"", ""zero_basis"": false}","{""candidates"": 8, ""positive"": 7, ""reasons"": [], ""repeated"": 0, ""state"": ""nonzero_structure_gain_available"", ""zero_basis"": false}",False,True,True,0,0,return,return,21,21
dev_AISLE_S_b160_n92801__vs__dev_AISLE_G_b160_n92801,139,instance_0002,0.0002211227851460773,True,,"[0.0006635203693802738, 7.233738455383239e-05, 0.9992641422075714, 3.8494385392490375e-11]","[0.0004558152661770281, 5.891969123127352e-05, 0.9994852649927175, 4.987423952198099e-11]","{""candidates"": 8, ""positive"": 7, ""reasons"": [], ""repeated"": 0, ""state"": ""nonzero_structure_gain_available"", ""zero_basis"": false}","{""candidates"": 8, ""positive"": 7, ""reasons"": [], ""repeated"": 0, ""state"": ""nonzero_structure_gain_available"", ""zero_basis"": false}",False,True,True,0,0,return,return,21,21
dev_AISLE_S_b160_n92801__vs__dev_AISLE_G_b160_n92801,140,instance_0002,0.0002155203165066233,True,,"[0.0006582578573050952, 7.199742770134283e-05, 0.9992697446762109, 3.87827106134246e-11]","[0.0004558152661770281, 5.891969123127352e-05, 0.9994852649927175, 4.987423952198099e-11]","{""candidates"": 8, ""positive"": 7, ""reasons"": [], ""repeated"": 0, ""state"": ""nonzero_structure_gain_available"", ""zero_basis"": false}","{""candidates"": 8, ""positive"": 7, ""reasons"": [], ""repeated"": 0, ""state"": ""nonzero_structure_gain_available"", ""zero_basis"": false}",False,True,True,0,0,return,return,20,20
dev_AISLE_S_b160_n92801__vs__dev_AISLE_G_b160_n92801,141,instance_0002,0.0002155203165066233,True,,"[0.0006582578573050952, 7.199742770134283e-05, 0.9992697446762109, 3.87827106134246e-11]","[0.0004558152661770281, 5.891969123127352e-05, 0.9994852649927175, 4.987423952198099e-11]","{""candidates"": 8, ""positive"": 6, ""reasons"": [], ""repeated"": 0, ""state"": ""nonzero_structure_gain_available"", ""zero_basis"": false}","{""candidates"": 8, ""positive"": 6, ""reasons"": [], ""repeated"": 0, ""state"": ""nonzero_structure_gain_available"", ""zero_basis"": false}",False,True,True,0,0,return,return,19,19
dev_AISLE_S_b160_n92801__vs__dev_AISLE_G_b160_n92801,142,instance_0001,0.05903500777486115,True,,"[0.3691884409668936, 0.3173614939332435, 0.2655345468995934, 0.047915518200269604]","[0.3101534331920325, 0.3101534331920325, 0.3101534331920325, 0.06953970042390258]","{""candidates"": 8, ""positive"": 6, ""reasons"": [], ""repeated"": 0, ""state"": ""nonzero_structure_gain_available"", ""zero_basis"": false}","{""candidates"": 8, ""positive"": 6, ""reasons"": [], ""repeated"": 0, ""state"": ""nonzero_structure_gain_available"", ""zero_basis"": false}",False,True,True,0,0,return,return,18,18
dev_AISLE_S_b160_n92801__vs__dev_AISLE_G_b160_n92801,142,instance_0002,0.00023176002507985238,True,,"[0.0006735121439357477, 7.298285047963725e-05, 0.9992535049676377, 3.7946950903965804e-11]","[0.0004558152661770281, 5.891969123127352e-05, 0.9994852649927175, 4.987423952198099e-11]","{""candidates"": 8, ""positive"": 6, ""reasons"": [], ""repeated"": 0, ""state"": ""nonzero_structure_gain_available"", ""zero_basis"": false}","{""candidates"": 8, ""positive"": 6, ""reasons"": [], ""repeated"": 0, ""state"": ""nonzero_structure_gain_available"", ""zero_basis"": false}",False,True,True,0,0,return,return,18,18
dev_AISLE_S_b160_n92801__vs__dev_AISLE_G_b160_n92801,143,instance_0001,0.05557876433997122,True,,"[0.3835305698386946, 0.3296902641217609, 0.2758499584048273, 0.010929207634717325]","[0.3279518054987234, 0.3279518054987234, 0.3279518054987234, 0.016144583503829926]","{""candidates"": 8, ""positive"": 6, ""reasons"": [], ""repeated"": 0, ""state"": ""nonzero_structure_gain_available"", ""zero_basis"": false}","{""candidates"": 8, ""positive"": 6, ""reasons"": [], ""repeated"": 0, ""state"": ""nonzero_structure_gain_available"", ""zero_basis"": false}",False,True,True,0,0,return,return,17,17
dev_AISLE_S_b160_n92801__vs__dev_AISLE_G_b160_n92801,143,instance_0002,0.00023619612248448885,True,,"[0.0006776790599259777, 7.325203212224274e-05, 0.999249068870233, 3.7718651765392033e-11]","[0.0004558152661770281, 5.891969123127352e-05, 0.9994852649927175, 4.987423952198099e-11]","{""candidates"": 8, ""positive"": 4, ""reasons"": [], ""repeated"": 0, ""state"": ""nonzero_structure_gain_available"", ""zero_basis"": false}","{""candidates"": 8, ""positive"": 4, ""reasons"": [], ""repeated"": 0, ""state"": ""nonzero_structure_gain_available"", ""zero_basis"": false}",False,True,True,0,0,return,return,17,17
dev_AISLE_S_b160_n92801__vs__dev_AISLE_G_b160_n92801,144,instance_0001,0.05476374967969305,True,,"[0.3865724716373743, 0.33230514149088686, 0.2780378113443994, 0.0030845755273395093]","[0.33180872195768124, 0.33180872195768124, 0.33180872195768124, 0.004573834126956388]","{""candidates"": 8, ""positive"": 6, ""reasons"": [], ""repeated"": 0, ""state"": ""nonzero_structure_gain_available"", ""zero_basis"": false}","{""candidates"": 8, ""positive"": 6, ""reasons"": [], ""repeated"": 0, ""state"": ""nonzero_structure_gain_available"", ""zero_basis"": false}",False,True,True,0,0,return,return,16,16
dev_AISLE_S_b160_n92801__vs__dev_AISLE_G_b160_n92801,144,instance_0002,0.0002371369990303851,True,,"[0.0006785628442901353, 7.330912435242236e-05, 0.9992481279936871, 3.76702305326398e-11]","[0.0004558152661770281, 5.891969123127352e-05, 0.9994852649927175, 4.987423952198099e-11]","{""candidates"": 8, ""positive"": 4, ""reasons"": [], ""repeated"": 0, ""state"": ""nonzero_structure_gain_available"", ""zero_basis"": false}","{""candidates"": 8, ""positive"": 4, ""reasons"": [], ""repeated"": 0, ""state"": ""nonzero_structure_gain_available"", ""zero_basis"": false}",False,True,True,0,0,return,return,16,16
dev_AISLE_S_b160_n92801__vs__dev_AISLE_G_b160_n92801,145,instance_0001,0.05476374967969305,True,,"[0.3865724716373743, 0.33230514149088686, 0.2780378113443994, 0.0030845755273395093]","[0.33180872195768124, 0.33180872195768124, 0.33180872195768124, 0.004573834126956388]","{""candidates"": 8, ""positive"": 7, ""reasons"": [], ""repeated"": 0, ""state"": ""nonzero_structure_gain_available"", ""zero_basis"": false}","{""candidates"": 8, ""positive"": 7, ""reasons"": [], ""repeated"": 0, ""state"": ""nonzero_structure_gain_available"", ""zero_basis"": false}",False,True,True,0,0,return,return,15,15
dev_AISLE_S_b160_n92801__vs__dev_AISLE_G_b160_n92801,145,instance_0002,0.0002371369990303851,True,,"[0.0006785628442901353, 7.330912435242236e-05, 0.9992481279936871, 3.76702305326398e-11]","[0.0004558152661770281, 5.891969123127352e-05, 0.9994852649927175, 4.987423952198099e-11]","{""candidates"": 8, ""positive"": 5, ""reasons"": [], ""repeated"": 0, ""state"": ""nonzero_structure_gain_available"", ""zero_basis"": false}","{""candidates"": 8, ""positive"": 5, ""reasons"": [], ""repeated"": 0, ""state"": ""nonzero_structure_gain_available"", ""zero_basis"": false}",False,True,True,0,0,return,return,15,15
dev_AISLE_S_b160_n92801__vs__dev_AISLE_G_b160_n92801,146,instance_0002,0.0002155203165066233,True,,"[0.0006582578573050952, 7.199742770134283e-05, 0.9992697446762109, 3.87827106134246e-11]","[0.0004558152661770281, 5.891969123127352e-05, 0.9994852649927175, 4.987423952198099e-11]","{""candidates"": 8, ""positive"": 6, ""reasons"": [], ""repeated"": 0, ""state"": ""nonzero_structure_gain_available"", ""zero_basis"": false}","{""candidates"": 8, ""positive"": 6, ""reasons"": [], ""repeated"": 0, ""state"": ""nonzero_structure_gain_available"", ""zero_basis"": false}",False,True,True,0,0,return,return,14,14
dev_AISLE_S_b160_n92801__vs__dev_AISLE_G_b160_n92801,147,instance_0001,0.05476374967969305,True,,"[0.3865724716373743, 0.33230514149088686, 0.2780378113443994, 0.0030845755273395093]","[0.33180872195768124, 0.33180872195768124, 0.33180872195768124, 0.004573834126956388]","{""candidates"": 8, ""positive"": 7, ""reasons"": [], ""repeated"": 0, ""state"": ""nonzero_structure_gain_available"", ""zero_basis"": false}","{""candidates"": 8, ""positive"": 7, ""reasons"": [], ""repeated"": 0, ""state"": ""nonzero_structure_gain_available"", ""zero_basis"": false}",False,True,True,0,0,return,return,13,13
dev_AISLE_S_b160_n92801__vs__dev_AISLE_G_b160_n92801,147,instance_0002,0.0002371369990303851,True,,"[0.0006785628442901353, 7.330912435242236e-05, 0.9992481279936871, 3.76702305326398e-11]","[0.0004558152661770281, 5.891969123127352e-05, 0.9994852649927175, 4.987423952198099e-11]","{""candidates"": 8, ""positive"": 6, ""reasons"": [], ""repeated"": 0, ""state"": ""nonzero_structure_gain_available"", ""zero_basis"": false}","{""candidates"": 8, ""positive"": 6, ""reasons"": [], ""repeated"": 0, ""state"": ""nonzero_structure_gain_available"", ""zero_basis"": false}",False,True,True,0,0,return,return,13,13
dev_AISLE_S_b160_n92801__vs__dev_AISLE_G_b160_n92801,148,instance_0001,0.05476374967969305,True,,"[0.3865724716373743, 0.33230514149088686, 0.2780378113443994, 0.0030845755273395093]","[0.33180872195768124, 0.33180872195768124, 0.33180872195768124, 0.004573834126956388]","{""candidates"": 8, ""positive"": 7, ""reasons"": [], ""repeated"": 0, ""state"": ""nonzero_structure_gain_available"", ""zero_basis"": false}","{""candidates"": 8, ""positive"": 7, ""reasons"": [], ""repeated"": 0, ""state"": ""nonzero_structure_gain_available"", ""zero_basis"": false}",False,True,True,0,0,return,return,12,12
dev_AISLE_S_b160_n92801__vs__dev_AISLE_G_b160_n92801,148,instance_0002,0.0002371369990303851,True,,"[0.0006785628442901353, 7.330912435242236e-05, 0.9992481279936871, 3.76702305326398e-11]","[0.0004558152661770281, 5.891969123127352e-05, 0.9994852649927175, 4.987423952198099e-11]","{""candidates"": 8, ""positive"": 5, ""reasons"": [], ""repeated"": 0, ""state"": ""nonzero_structure_gain_available"", ""zero_basis"": false}","{""candidates"": 8, ""positive"": 5, ""reasons"": [], ""repeated"": 0, ""state"": ""nonzero_structure_gain_available"", ""zero_basis"": false}",False,True,True,0,0,return,return,12,12
dev_AISLE_S_b160_n92801__vs__dev_AISLE_G_b160_n92801,149,instance_0001,0.05476374967969305,True,,"[0.3865724716373743, 0.33230514149088686, 0.2780378113443994, 0.0030845755273395093]","[0.33180872195768124, 0.33180872195768124, 0.33180872195768124, 0.004573834126956388]","{""candidates"": 8, ""positive"": 6, ""reasons"": [], ""repeated"": 0, ""state"": ""nonzero_structure_gain_available"", ""zero_basis"": false}","{""candidates"": 8, ""positive"": 6, ""reasons"": [], ""repeated"": 0, ""state"": ""nonzero_structure_gain_available"", ""zero_basis"": false}",False,True,True,0,0,return,return,11,11
dev_AISLE_S_b160_n92801__vs__dev_AISLE_G_b160_n92801,149,instance_0002,0.0002371369990303851,True,,"[0.0006785628442901353, 7.330912435242236e-05, 0.9992481279936871, 3.76702305326398e-11]","[0.0004558152661770281, 5.891969123127352e-05, 0.9994852649927175, 4.987423952198099e-11]","{""candidates"": 8, ""positive"": 6, ""reasons"": [], ""repeated"": 0, ""state"": ""nonzero_structure_gain_available"", ""zero_basis"": false}","{""candidates"": 8, ""positive"": 6, ""reasons"": [], ""repeated"": 0, ""state"": ""nonzero_structure_gain_available"", ""zero_basis"": false}",False,True,True,0,0,return,return,11,11
dev_AISLE_S_b160_n92801__vs__dev_AISLE_G_b160_n92801,150,instance_0001,0.05476374967969305,True,,"[0.3865724716373743, 0.33230514149088686, 0.2780378113443994, 0.0030845755273395093]","[0.33180872195768124, 0.33180872195768124, 0.33180872195768124, 0.004573834126956388]","{""candidates"": 8, ""positive"": 6, ""reasons"": [], ""repeated"": 0, ""state"": ""nonzero_structure_gain_available"", ""zero_basis"": false}","{""candidates"": 8, ""positive"": 6, ""reasons"": [], ""repeated"": 0, ""state"": ""nonzero_structure_gain_available"", ""zero_basis"": false}",False,True,True,0,0,return,return,10,10
dev_AISLE_S_b160_n92801__vs__dev_AISLE_G_b160_n92801,150,instance_0002,0.0002371369990303851,True,,"[0.0006785628442901353, 7.330912435242236e-05, 0.9992481279936871, 3.76702305326398e-11]","[0.0004558152661770281, 5.891969123127352e-05, 0.9994852649927175, 4.987423952198099e-11]","{""candidates"": 8, ""positive"": 6, ""reasons"": [], ""repeated"": 0, ""state"": ""nonzero_structure_gain_available"", ""zero_basis"": false}","{""candidates"": 8, ""positive"": 6, ""reasons"": [], ""repeated"": 0, ""state"": ""nonzero_structure_gain_available"", ""zero_basis"": false}",False,True,True,0,0,return,return,10,10
dev_AISLE_S_b160_n92801__vs__dev_AISLE_G_b160_n92801,151,instance_0001,0.05476374967969305,True,,"[0.3865724716373743, 0.33230514149088686, 0.2780378113443994, 0.0030845755273395093]","[0.33180872195768124, 0.33180872195768124, 0.33180872195768124, 0.004573834126956388]","{""candidates"": 8, ""positive"": 6, ""reasons"": [], ""repeated"": 0, ""state"": ""nonzero_structure_gain_available"", ""zero_basis"": false}","{""candidates"": 8, ""positive"": 6, ""reasons"": [], ""repeated"": 0, ""state"": ""nonzero_structure_gain_available"", ""zero_basis"": false}",False,True,True,0,0,return,return,9,9
dev_AISLE_S_b160_n92801__vs__dev_AISLE_G_b160_n92801,151,instance_0002,0.0002371369990303851,True,,"[0.0006785628442901353, 7.330912435242236e-05, 0.9992481279936871, 3.76702305326398e-11]","[0.0004558152661770281, 5.891969123127352e-05, 0.9994852649927175, 4.987423952198099e-11]","{""candidates"": 8, ""positive"": 6, ""reasons"": [], ""repeated"": 0, ""state"": ""nonzero_structure_gain_available"", ""zero_basis"": false}","{""candidates"": 8, ""positive"": 6, ""reasons"": [], ""repeated"": 0, ""state"": ""nonzero_structure_gain_available"", ""zero_basis"": false}",False,True,True,0,0,return,return,9,9
dev_AISLE_S_b160_n92801__vs__dev_AISLE_G_b160_n92801,152,instance_0001,0.05476374967969305,True,,"[0.3865724716373743, 0.33230514149088686, 0.2780378113443994, 0.0030845755273395093]","[0.33180872195768124, 0.33180872195768124, 0.33180872195768124, 0.004573834126956388]","{""candidates"": 8, ""positive"": 7, ""reasons"": [], ""repeated"": 0, ""state"": ""nonzero_structure_gain_available"", ""zero_basis"": false}","{""candidates"": 8, ""positive"": 7, ""reasons"": [], ""repeated"": 0, ""state"": ""nonzero_structure_gain_available"", ""zero_basis"": false}",False,True,True,0,0,return,return,8,8
dev_AISLE_S_b160_n92801__vs__dev_AISLE_G_b160_n92801,152,instance_0002,0.0002371369990303851,True,,"[0.0006785628442901353, 7.330912435242236e-05, 0.9992481279936871, 3.76702305326398e-11]","[0.0004558152661770281, 5.891969123127352e-05, 0.9994852649927175, 4.987423952198099e-11]","{""candidates"": 8, ""positive"": 7, ""reasons"": [], ""repeated"": 0, ""state"": ""nonzero_structure_gain_available"", ""zero_basis"": false}","{""candidates"": 8, ""positive"": 7, ""reasons"": [], ""repeated"": 0, ""state"": ""nonzero_structure_gain_available"", ""zero_basis"": false}",False,True,True,0,0,return,return,8,8
dev_AISLE_S_b160_n92801__vs__dev_AISLE_G_b160_n92801,153,instance_0001,0.05476374967969305,True,,"[0.3865724716373743, 0.33230514149088686, 0.2780378113443994, 0.0030845755273395093]","[0.33180872195768124, 0.33180872195768124, 0.33180872195768124, 0.004573834126956388]","{""candidates"": 8, ""positive"": 7, ""reasons"": [], ""repeated"": 0, ""state"": ""nonzero_structure_gain_available"", ""zero_basis"": false}","{""candidates"": 8, ""positive"": 7, ""reasons"": [], ""repeated"": 0, ""state"": ""nonzero_structure_gain_available"", ""zero_basis"": false}",False,True,True,0,0,return,return,7,7
dev_AISLE_S_b160_n92801__vs__dev_AISLE_G_b160_n92801,153,instance_0002,0.0002371369990303851,True,,"[0.0006785628442901353, 7.330912435242236e-05, 0.9992481279936871, 3.76702305326398e-11]","[0.0004558152661770281, 5.891969123127352e-05, 0.9994852649927175, 4.987423952198099e-11]","{""candidates"": 8, ""positive"": 8, ""reasons"": [], ""repeated"": 0, ""state"": ""nonzero_structure_gain_available"", ""zero_basis"": false}","{""candidates"": 8, ""positive"": 8, ""reasons"": [], ""repeated"": 0, ""state"": ""nonzero_structure_gain_available"", ""zero_basis"": false}",False,True,True,0,0,return,return,7,7
dev_AISLE_S_b160_n92801__vs__dev_AISLE_G_b160_n92801,154,instance_0001,0.05476374967969305,True,,"[0.3865724716373743, 0.33230514149088686, 0.2780378113443994, 0.0030845755273395093]","[0.33180872195768124, 0.33180872195768124, 0.33180872195768124, 0.004573834126956388]","{""candidates"": 8, ""positive"": 7, ""reasons"": [], ""repeated"": 0, ""state"": ""nonzero_structure_gain_available"", ""zero_basis"": false}","{""candidates"": 8, ""positive"": 7, ""reasons"": [], ""repeated"": 0, ""state"": ""nonzero_structure_gain_available"", ""zero_basis"": false}",False,True,True,0,0,return,return,6,6
dev_AISLE_S_b160_n92801__vs__dev_AISLE_G_b160_n92801,154,instance_0002,0.0002371369990303851,True,,"[0.0006785628442901353, 7.330912435242236e-05, 0.9992481279936871, 3.76702305326398e-11]","[0.0004558152661770281, 5.891969123127352e-05, 0.9994852649927175, 4.987423952198099e-11]","{""candidates"": 8, ""positive"": 6, ""reasons"": [], ""repeated"": 0, ""state"": ""nonzero_structure_gain_available"", ""zero_basis"": false}","{""candidates"": 8, ""positive"": 6, ""reasons"": [], ""repeated"": 0, ""state"": ""nonzero_structure_gain_available"", ""zero_basis"": false}",False,True,True,0,0,return,return,6,6
dev_AISLE_S_b160_n92801__vs__dev_AISLE_G_b160_n92801,155,instance_0001,0.05476374967969305,True,,"[0.3865724716373743, 0.33230514149088686, 0.2780378113443994, 0.0030845755273395093]","[0.33180872195768124, 0.33180872195768124, 0.33180872195768124, 0.004573834126956388]","{""candidates"": 8, ""positive"": 6, ""reasons"": [], ""repeated"": 0, ""state"": ""nonzero_structure_gain_available"", ""zero_basis"": false}","{""candidates"": 8, ""positive"": 6, ""reasons"": [], ""repeated"": 0, ""state"": ""nonzero_structure_gain_available"", ""zero_basis"": false}",False,True,True,0,0,return,return,5,5
dev_AISLE_S_b160_n92801__vs__dev_AISLE_G_b160_n92801,155,instance_0002,0.0002371369990303851,True,,"[0.0006785628442901353, 7.330912435242236e-05, 0.9992481279936871, 3.76702305326398e-11]","[0.0004558152661770281, 5.891969123127352e-05, 0.9994852649927175, 4.987423952198099e-11]","{""candidates"": 8, ""positive"": 6, ""reasons"": [], ""repeated"": 0, ""state"": ""nonzero_structure_gain_available"", ""zero_basis"": false}","{""candidates"": 8, ""positive"": 6, ""reasons"": [], ""repeated"": 0, ""state"": ""nonzero_structure_gain_available"", ""zero_basis"": false}",False,True,True,0,0,return,return,5,5
dev_AISLE_S_b160_n92801__vs__dev_AISLE_G_b160_n92801,156,instance_0001,0.05476374967969305,True,,"[0.3865724716373743, 0.33230514149088686, 0.2780378113443994, 0.0030845755273395093]","[0.33180872195768124, 0.33180872195768124, 0.33180872195768124, 0.004573834126956388]","{""candidates"": 8, ""positive"": 7, ""reasons"": [], ""repeated"": 0, ""state"": ""nonzero_structure_gain_available"", ""zero_basis"": false}","{""candidates"": 8, ""positive"": 7, ""reasons"": [], ""repeated"": 0, ""state"": ""nonzero_structure_gain_available"", ""zero_basis"": false}",False,True,True,0,0,return,return,4,4
dev_AISLE_S_b160_n92801__vs__dev_AISLE_G_b160_n92801,156,instance_0002,0.0002371369990303851,True,,"[0.0006785628442901353, 7.330912435242236e-05, 0.9992481279936871, 3.76702305326398e-11]","[0.0004558152661770281, 5.891969123127352e-05, 0.9994852649927175, 4.987423952198099e-11]","{""candidates"": 8, ""positive"": 7, ""reasons"": [], ""repeated"": 0, ""state"": ""nonzero_structure_gain_available"", ""zero_basis"": false}","{""candidates"": 8, ""positive"": 7, ""reasons"": [], ""repeated"": 0, ""state"": ""nonzero_structure_gain_available"", ""zero_basis"": false}",False,True,True,0,0,return,return,4,4
dev_AISLE_S_b160_n92801__vs__dev_AISLE_G_b160_n92801,157,instance_0001,0.05476374967969305,True,,"[0.3865724716373743, 0.33230514149088686, 0.2780378113443994, 0.0030845755273395093]","[0.33180872195768124, 0.33180872195768124, 0.33180872195768124, 0.004573834126956388]","{""candidates"": 8, ""positive"": 8, ""reasons"": [], ""repeated"": 0, ""state"": ""nonzero_structure_gain_available"", ""zero_basis"": false}","{""candidates"": 8, ""positive"": 8, ""reasons"": [], ""repeated"": 0, ""state"": ""nonzero_structure_gain_available"", ""zero_basis"": false}",False,True,True,0,0,return,return,3,3
dev_AISLE_S_b160_n92801__vs__dev_AISLE_G_b160_n92801,157,instance_0002,0.0002371369990303851,True,,"[0.0006785628442901353, 7.330912435242236e-05, 0.9992481279936871, 3.76702305326398e-11]","[0.0004558152661770281, 5.891969123127352e-05, 0.9994852649927175, 4.987423952198099e-11]","{""candidates"": 8, ""positive"": 8, ""reasons"": [], ""repeated"": 0, ""state"": ""nonzero_structure_gain_available"", ""zero_basis"": false}","{""candidates"": 8, ""positive"": 8, ""reasons"": [], ""repeated"": 0, ""state"": ""nonzero_structure_gain_available"", ""zero_basis"": false}",False,True,True,0,0,return,return,3,3
dev_AISLE_S_b160_n92801__vs__dev_AISLE_G_b160_n92801,158,instance_0001,0.05476374967969305,True,,"[0.3865724716373743, 0.33230514149088686, 0.2780378113443994, 0.0030845755273395093]","[0.33180872195768124, 0.33180872195768124, 0.33180872195768124, 0.004573834126956388]","{""candidates"": 8, ""positive"": 8, ""reasons"": [], ""repeated"": 0, ""state"": ""nonzero_structure_gain_available"", ""zero_basis"": false}","{""candidates"": 8, ""positive"": 8, ""reasons"": [], ""repeated"": 0, ""state"": ""nonzero_structure_gain_available"", ""zero_basis"": false}",False,True,True,0,0,return,return,2,2
dev_AISLE_S_b160_n92801__vs__dev_AISLE_G_b160_n92801,158,instance_0002,0.0002371369990303851,True,,"[0.0006785628442901353, 7.330912435242236e-05, 0.9992481279936871, 3.76702305326398e-11]","[0.0004558152661770281, 5.891969123127352e-05, 0.9994852649927175, 4.987423952198099e-11]","{""candidates"": 8, ""positive"": 8, ""reasons"": [], ""repeated"": 0, ""state"": ""nonzero_structure_gain_available"", ""zero_basis"": false}","{""candidates"": 8, ""positive"": 8, ""reasons"": [], ""repeated"": 0, ""state"": ""nonzero_structure_gain_available"", ""zero_basis"": false}",False,True,True,0,0,return,return,2,2
dev_AISLE_S_b160_n92801__vs__dev_AISLE_G_b160_n92801,159,instance_0001,0.05476374967969305,True,,"[0.3865724716373743, 0.33230514149088686, 0.2780378113443994, 0.0030845755273395093]","[0.33180872195768124, 0.33180872195768124, 0.33180872195768124, 0.004573834126956388]","{""candidates"": 8, ""positive"": 8, ""reasons"": [], ""repeated"": 0, ""state"": ""nonzero_structure_gain_available"", ""zero_basis"": false}","{""candidates"": 8, ""positive"": 8, ""reasons"": [], ""repeated"": 0, ""state"": ""nonzero_structure_gain_available"", ""zero_basis"": false}",False,True,True,0,0,return,return,1,1
dev_AISLE_S_b160_n92801__vs__dev_AISLE_G_b160_n92801,159,instance_0002,0.0002371369990303851,True,,"[0.0006785628442901353, 7.330912435242236e-05, 0.9992481279936871, 3.76702305326398e-11]","[0.0004558152661770281, 5.891969123127352e-05, 0.9994852649927175, 4.987423952198099e-11]","{""candidates"": 8, ""positive"": 8, ""reasons"": [], ""repeated"": 0, ""state"": ""nonzero_structure_gain_available"", ""zero_basis"": false}","{""candidates"": 8, ""positive"": 8, ""reasons"": [], ""repeated"": 0, ""state"": ""nonzero_structure_gain_available"", ""zero_basis"": false}",False,True,True,0,0,return,return,1,1
dev_AISLE_S_b160_n92801__vs__dev_AISLE_G_b160_n92801,160,instance_0002,0.0002155203165066233,True,,"[0.0006582578573050952, 7.199742770134283e-05, 0.9992697446762109, 3.87827106134246e-11]","[0.0004558152661770281, 5.891969123127352e-05, 0.9994852649927175, 4.987423952198099e-11]","{""candidates"": 8, ""positive"": 8, ""reasons"": [], ""repeated"": 0, ""state"": ""nonzero_structure_gain_available"", ""zero_basis"": false}","{""candidates"": 8, ""positive"": 8, ""reasons"": [], ""repeated"": 0, ""state"": ""nonzero_structure_gain_available"", ""zero_basis"": false}",False,True,True,0,0,home_xy_and_yaw_reached,home_xy_and_yaw_reached,0,0
dev_AISLE_S_b160_n92801__vs__dev_AISLE_NBV_b160_n92801,1,instance_0000,0.07500000000000001,True,,"[0.19999999999999996, 0.225, 0.25, 0.325]","[0.25, 0.25, 0.25, 0.25]","{""candidates"": 0, ""reasons"": [], ""state"": ""no_forecast_record"", ""zero_basis"": null}","{""candidates"": 0, ""reasons"": [], ""state"": ""no_forecast_record"", ""zero_basis"": null}",False,False,False,0,0,upstream_goal_with_paid_return_reserve,upstream_goal_with_paid_return_reserve,,
dev_AISLE_S_b160_n92801__vs__dev_AISLE_NBV_b160_n92801,2,instance_0000,0.07500000000000001,True,,"[0.19999999999999996, 0.225, 0.25, 0.325]","[0.25, 0.25, 0.25, 0.25]","{""candidates"": 0, ""reasons"": [], ""state"": ""no_forecast_record"", ""zero_basis"": null}","{""candidates"": 0, ""reasons"": [], ""state"": ""no_forecast_record"", ""zero_basis"": null}",False,False,False,0,0,upstream_goal_with_paid_return_reserve,upstream_goal_with_paid_return_reserve,,
dev_AISLE_S_b160_n92801__vs__dev_AISLE_NBV_b160_n92801,3,instance_0000,0.07500000000000001,True,,"[0.19999999999999996, 0.225, 0.25, 0.325]","[0.25, 0.25, 0.25, 0.25]","{""candidates"": 0, ""reasons"": [], ""state"": ""no_forecast_record"", ""zero_basis"": null}","{""candidates"": 0, ""reasons"": [], ""state"": ""no_forecast_record"", ""zero_basis"": null}",False,False,False,0,0,upstream_goal_with_paid_return_reserve,upstream_goal_with_paid_return_reserve,,
dev_AISLE_S_b160_n92801__vs__dev_AISLE_NBV_b160_n92801,4,instance_0000,0.07500000000000001,True,,"[0.19999999999999996, 0.225, 0.25, 0.325]","[0.25, 0.25, 0.25, 0.25]","{""candidates"": 0, ""reasons"": [], ""state"": ""no_forecast_record"", ""zero_basis"": null}","{""candidates"": 0, ""reasons"": [], ""state"": ""no_forecast_record"", ""zero_basis"": null}",False,False,False,0,0,upstream_goal_with_paid_return_reserve,upstream_goal_with_paid_return_reserve,,
dev_AISLE_S_b160_n92801__vs__dev_AISLE_NBV_b160_n92801,6,instance_0000,0.07500000000000001,True,,"[0.19999999999999996, 0.225, 0.25, 0.325]","[0.25, 0.25, 0.25, 0.25]","{""candidates"": 0, ""reasons"": [], ""state"": ""no_forecast_record"", ""zero_basis"": null}","{""candidates"": 0, ""reasons"": [], ""state"": ""no_forecast_record"", ""zero_basis"": null}",False,False,False,0,0,upstream_goal_with_paid_return_reserve,upstream_goal_with_paid_return_reserve,,
dev_AISLE_S_b160_n92801__vs__dev_AISLE_NBV_b160_n92801,7,instance_0000,0.07500000000000001,True,,"[0.19999999999999996, 0.225, 0.25, 0.325]","[0.25, 0.25, 0.25, 0.25]","{""candidates"": 0, ""reasons"": [], ""state"": ""no_forecast_record"", ""zero_basis"": null}","{""candidates"": 0, ""reasons"": [], ""state"": ""no_forecast_record"", ""zero_basis"": null}",False,False,False,0,0,upstream_goal_with_paid_return_reserve,upstream_goal_with_paid_return_reserve,,
dev_AISLE_S_b160_n92801__vs__dev_AISLE_NBV_b160_n92801,7,instance_0001,0.07500000000000001,True,,"[0.325, 0.275, 0.225, 0.175]","[0.25, 0.25, 0.25, 0.25]","{""candidates"": 0, ""reasons"": [], ""state"": ""no_forecast_record"", ""zero_basis"": null}","{""candidates"": 0, ""reasons"": [], ""state"": ""no_forecast_record"", ""zero_basis"": null}",False,False,False,0,0,upstream_goal_with_paid_return_reserve,upstream_goal_with_paid_return_reserve,,
dev_AISLE_S_b160_n92801__vs__dev_AISLE_NBV_b160_n92801,11,instance_0001,0.07500000000000001,True,,"[0.325, 0.275, 0.225, 0.175]","[0.25, 0.25, 0.25, 0.25]","{""candidates"": 0, ""reasons"": [], ""state"": ""no_forecast_record"", ""zero_basis"": null}","{""candidates"": 0, ""reasons"": [], ""state"": ""no_forecast_record"", ""zero_basis"": null}",False,False,False,0,0,upstream_goal_with_paid_return_reserve,upstream_goal_with_paid_return_reserve,,
dev_AISLE_S_b160_n92801__vs__dev_AISLE_NBV_b160_n92801,12,instance_0001,0.07500000000000001,True,,"[0.325, 0.275, 0.225, 0.175]","[0.25, 0.25, 0.25, 0.25]","{""candidates"": 8, ""positive"": 7, ""reasons"": [], ""repeated"": 0, ""state"": ""nonzero_structure_gain_available"", ""zero_basis"": false}","{""candidates"": 8, ""positive"": 7, ""reasons"": [], ""repeated"": 0, ""state"": ""nonzero_structure_gain_available"", ""zero_basis"": false}",False,True,True,39,32,upstream_goal_with_paid_return_reserve,upstream_goal_with_paid_return_reserve,148,148
dev_AISLE_S_b160_n92801__vs__dev_AISLE_NBV_b160_n92801,13,instance_0001,0.07500000000000001,True,,"[0.325, 0.275, 0.225, 0.175]","[0.25, 0.25, 0.25, 0.25]","{""candidates"": 0, ""reasons"": [], ""state"": ""no_forecast_record"", ""zero_basis"": null}","{""candidates"": 0, ""reasons"": [], ""state"": ""no_forecast_record"", ""zero_basis"": null}",False,False,False,0,0,upstream_goal_with_paid_return_reserve,upstream_goal_with_paid_return_reserve,,
dev_AISLE_S_b160_n92801__vs__dev_AISLE_NBV_b160_n92801,14,instance_0001,0.07500000000000001,True,,"[0.325, 0.275, 0.225, 0.175]","[0.25, 0.25, 0.25, 0.25]","{""candidates"": 0, ""reasons"": [], ""state"": ""no_forecast_record"", ""zero_basis"": null}","{""candidates"": 0, ""reasons"": [], ""state"": ""no_forecast_record"", ""zero_basis"": null}",False,False,False,0,0,upstream_goal_with_paid_return_reserve,upstream_goal_with_paid_return_reserve,,
dev_AISLE_S_b160_n92801__vs__dev_AISLE_NBV_b160_n92801,15,instance_0001,0.07500000000000001,True,,"[0.325, 0.275, 0.225, 0.175]","[0.25, 0.25, 0.25, 0.25]","{""candidates"": 0, ""reasons"": [], ""state"": ""no_forecast_record"", ""zero_basis"": null}","{""candidates"": 0, ""reasons"": [], ""state"": ""no_forecast_record"", ""zero_basis"": null}",False,False,False,0,0,upstream_goal_with_paid_return_reserve,upstream_goal_with_paid_return_reserve,,
dev_AISLE_S_b160_n92801__vs__dev_AISLE_NBV_b160_n92801,16,instance_0001,0.07500000000000001,True,,"[0.325, 0.275, 0.225, 0.175]","[0.25, 0.25, 0.25, 0.25]","{""candidates"": 0, ""reasons"": [], ""state"": ""no_forecast_record"", ""zero_basis"": null}","{""candidates"": 0, ""reasons"": [], ""state"": ""no_forecast_record"", ""zero_basis"": null}",False,False,False,0,0,upstream_goal_with_paid_return_reserve,upstream_goal_with_paid_return_reserve,,
dev_AISLE_S_b160_n92801__vs__dev_AISLE_NBV_b160_n92801,17,instance_0001,0.07500000000000001,True,,"[0.325, 0.275, 0.225, 0.175]","[0.25, 0.25, 0.25, 0.25]","{""candidates"": 0, ""reasons"": [], ""state"": ""no_forecast_record"", ""zero_basis"": null}","{""candidates"": 0, ""reasons"": [], ""state"": ""no_forecast_record"", ""zero_basis"": null}",False,False,False,0,0,upstream_goal_with_paid_return_reserve,upstream_goal_with_paid_return_reserve,,
dev_AISLE_S_b160_n92801__vs__dev_AISLE_NBV_b160_n92801,18,instance_0001,0.07500000000000001,True,,"[0.325, 0.275, 0.225, 0.175]","[0.25, 0.25, 0.25, 0.25]","{""candidates"": 0, ""reasons"": [], ""state"": ""no_forecast_record"", ""zero_basis"": null}","{""candidates"": 0, ""reasons"": [], ""state"": ""no_forecast_record"", ""zero_basis"": null}",False,False,False,0,0,upstream_goal_with_paid_return_reserve,upstream_goal_with_paid_return_reserve,,
dev_AISLE_S_b160_n92801__vs__dev_AISLE_NBV_b160_n92801,19,instance_0001,0.07500000000000001,True,,"[0.325, 0.275, 0.225, 0.175]","[0.25, 0.25, 0.25, 0.25]","{""candidates"": 0, ""reasons"": [], ""state"": ""no_forecast_record"", ""zero_basis"": null}","{""candidates"": 0, ""reasons"": [], ""state"": ""no_forecast_record"", ""zero_basis"": null}",False,False,False,0,0,upstream_goal_with_paid_return_reserve,upstream_goal_with_paid_return_reserve,,
dev_AISLE_S_b160_n92801__vs__dev_AISLE_NBV_b160_n92801,20,instance_0001,0.07500000000000001,True,,"[0.325, 0.275, 0.225, 0.175]","[0.25, 0.25, 0.25, 0.25]","{""candidates"": 0, ""reasons"": [], ""state"": ""no_forecast_record"", ""zero_basis"": null}","{""candidates"": 0, ""reasons"": [], ""state"": ""no_forecast_record"", ""zero_basis"": null}",False,False,False,0,0,upstream_goal_with_paid_return_reserve,upstream_goal_with_paid_return_reserve,,
dev_AISLE_S_b160_n92801__vs__dev_AISLE_NBV_b160_n92801,21,instance_0001,0.07500000000000001,True,,"[0.325, 0.275, 0.225, 0.175]","[0.25, 0.25, 0.25, 0.25]","{""candidates"": 0, ""reasons"": [], ""state"": ""no_forecast_record"", ""zero_basis"": null}","{""candidates"": 0, ""reasons"": [], ""state"": ""no_forecast_record"", ""zero_basis"": null}",False,False,False,0,0,upstream_goal_with_paid_return_reserve,upstream_goal_with_paid_return_reserve,,
dev_AISLE_S_b160_n92801__vs__dev_AISLE_NBV_b160_n92801,22,instance_0001,0.07500000000000001,True,,"[0.325, 0.275, 0.225, 0.175]","[0.25, 0.25, 0.25, 0.25]","{""candidates"": 0, ""reasons"": [], ""state"": ""no_forecast_record"", ""zero_basis"": null}","{""candidates"": 0, ""reasons"": [], ""state"": ""no_forecast_record"", ""zero_basis"": null}",False,False,False,0,0,upstream_goal_with_paid_return_reserve,upstream_goal_with_paid_return_reserve,,
dev_AISLE_S_b160_n92801__vs__dev_AISLE_NBV_b160_n92801,26,instance_0000,0.07500000000000001,True,,"[0.19999999999999996, 0.225, 0.25, 0.325]","[0.25, 0.25, 0.25, 0.25]","{""candidates"": 0, ""reasons"": [], ""state"": ""no_forecast_record"", ""zero_basis"": null}","{""candidates"": 0, ""reasons"": [], ""state"": ""no_forecast_record"", ""zero_basis"": null}",False,False,False,0,0,upstream_goal_with_paid_return_reserve,upstream_goal_with_paid_return_reserve,,
dev_AISLE_S_b160_n92801__vs__dev_AISLE_NBV_b160_n92801,27,instance_0000,0.07500000000000001,True,,"[0.19999999999999996, 0.225, 0.25, 0.325]","[0.25, 0.25, 0.25, 0.25]","{""candidates"": 0, ""reasons"": [], ""state"": ""no_forecast_record"", ""zero_basis"": null}","{""candidates"": 0, ""reasons"": [], ""state"": ""no_forecast_record"", ""zero_basis"": null}",False,False,False,0,0,upstream_goal_with_paid_return_reserve,upstream_goal_with_paid_return_reserve,,
dev_AISLE_S_b160_n92801__vs__dev_AISLE_NBV_b160_n92801,28,instance_0000,0.07500000000000001,True,,"[0.19999999999999996, 0.225, 0.25, 0.325]","[0.25, 0.25, 0.25, 0.25]","{""candidates"": 0, ""reasons"": [], ""state"": ""no_forecast_record"", ""zero_basis"": null}","{""candidates"": 0, ""reasons"": [], ""state"": ""no_forecast_record"", ""zero_basis"": null}",False,False,False,0,0,upstream_goal_with_paid_return_reserve,upstream_goal_with_paid_return_reserve,,
dev_AISLE_S_b160_n92801__vs__dev_AISLE_NBV_b160_n92801,29,instance_0000,0.07500000000000001,True,,"[0.19999999999999996, 0.225, 0.25, 0.325]","[0.25, 0.25, 0.25, 0.25]","{""candidates"": 0, ""reasons"": [], ""state"": ""no_forecast_record"", ""zero_basis"": null}","{""candidates"": 0, ""reasons"": [], ""state"": ""no_forecast_record"", ""zero_basis"": null}",False,False,False,0,0,upstream_goal_with_paid_return_reserve,upstream_goal_with_paid_return_reserve,,
dev_AISLE_S_b160_n92801__vs__dev_AISLE_NBV_b160_n92801,30,instance_0000,0.07500000000000001,True,,"[0.19999999999999996, 0.225, 0.25, 0.325]","[0.25, 0.25, 0.25, 0.25]","{""candidates"": 0, ""reasons"": [], ""state"": ""no_forecast_record"", ""zero_basis"": null}","{""candidates"": 0, ""reasons"": [], ""state"": ""no_forecast_record"", ""zero_basis"": null}",False,False,False,0,0,upstream_goal_with_paid_return_reserve,upstream_goal_with_paid_return_reserve,,
dev_AISLE_S_b160_n92801__vs__dev_AISLE_NBV_b160_n92801,31,instance_0000,0.07500000000000001,True,,"[0.19999999999999996, 0.225, 0.25, 0.325]","[0.25, 0.25, 0.25, 0.25]","{""candidates"": 0, ""reasons"": [], ""state"": ""no_forecast_record"", ""zero_basis"": null}","{""candidates"": 0, ""reasons"": [], ""state"": ""no_forecast_record"", ""zero_basis"": null}",False,False,False,0,0,upstream_goal_with_paid_return_reserve,upstream_goal_with_paid_return_reserve,,
dev_AISLE_S_b160_n92801__vs__dev_AISLE_NBV_b160_n92801,32,instance_0000,0.07500000000000001,True,,"[0.19999999999999996, 0.225, 0.25, 0.325]","[0.25, 0.25, 0.25, 0.25]","{""candidates"": 0, ""reasons"": [], ""state"": ""no_forecast_record"", ""zero_basis"": null}","{""candidates"": 0, ""reasons"": [], ""state"": ""no_forecast_record"", ""zero_basis"": null}",False,False,False,0,0,upstream_goal_with_paid_return_reserve,upstream_goal_with_paid_return_reserve,,
dev_AISLE_S_b160_n92801__vs__dev_AISLE_NBV_b160_n92801,33,instance_0000,0.07500000000000001,True,,"[0.19999999999999996, 0.225, 0.25, 0.325]","[0.25, 0.25, 0.25, 0.25]","{""candidates"": 0, ""reasons"": [], ""state"": ""no_forecast_record"", ""zero_basis"": null}","{""candidates"": 0, ""reasons"": [], ""state"": ""no_forecast_record"", ""zero_basis"": null}",False,False,False,0,0,upstream_goal_with_paid_return_reserve,upstream_goal_with_paid_return_reserve,,
dev_AISLE_S_b160_n92801__vs__dev_AISLE_NBV_b160_n92801,34,instance_0000,0.07500000000000001,True,,"[0.19999999999999996, 0.225, 0.25, 0.325]","[0.25, 0.25, 0.25, 0.25]","{""candidates"": 0, ""reasons"": [], ""state"": ""no_forecast_record"", ""zero_basis"": null}","{""candidates"": 0, ""reasons"": [], ""state"": ""no_forecast_record"", ""zero_basis"": null}",False,False,False,0,0,upstream_goal_with_paid_return_reserve,upstream_goal_with_paid_return_reserve,,
dev_AISLE_S_b160_n92801__vs__dev_AISLE_NBV_b160_n92801,35,instance_0000,0.07500000000000001,True,,"[0.19999999999999996, 0.225, 0.25, 0.325]","[0.25, 0.25, 0.25, 0.25]","{""candidates"": 0, ""reasons"": [], ""state"": ""no_forecast_record"", ""zero_basis"": null}","{""candidates"": 0, ""reasons"": [], ""state"": ""no_forecast_record"", ""zero_basis"": null}",False,False,False,0,0,upstream_goal_with_paid_return_reserve,upstream_goal_with_paid_return_reserve,,
dev_AISLE_S_b160_n92801__vs__dev_AISLE_NBV_b160_n92801,36,instance_0000,0.07500000000000001,True,,"[0.19999999999999996, 0.225, 0.25, 0.325]","[0.25, 0.25, 0.25, 0.25]","{""candidates"": 0, ""reasons"": [], ""state"": ""no_forecast_record"", ""zero_basis"": null}","{""candidates"": 0, ""reasons"": [], ""state"": ""no_forecast_record"", ""zero_basis"": null}",False,False,False,0,0,upstream_goal_with_paid_return_reserve,upstream_goal_with_paid_return_reserve,,
dev_AISLE_S_b160_n92801__vs__dev_AISLE_NBV_b160_n92801,37,instance_0000,0.07500000000000001,True,,"[0.19999999999999996, 0.225, 0.25, 0.325]","[0.25, 0.25, 0.25, 0.25]","{""candidates"": 0, ""reasons"": [], ""state"": ""no_forecast_record"", ""zero_basis"": null}","{""candidates"": 0, ""reasons"": [], ""state"": ""no_forecast_record"", ""zero_basis"": null}",False,False,False,0,0,upstream_goal_with_paid_return_reserve,upstream_goal_with_paid_return_reserve,,
dev_AISLE_S_b160_n92801__vs__dev_AISLE_NBV_b160_n92801,38,instance_0000,0.07500000000000001,True,,"[0.19999999999999996, 0.225, 0.25, 0.325]","[0.25, 0.25, 0.25, 0.25]","{""candidates"": 8, ""positive"": 0, ""reasons"": [""no_reliable_observed_label_plane""], ""repeated"": 0, ""state"": ""all_structure_gains_zero"", ""zero_basis"": true}","{""candidates"": 8, ""positive"": 0, ""reasons"": [""no_reliable_observed_label_plane""], ""repeated"": 0, ""state"": ""all_structure_gains_zero"", ""zero_basis"": true}",True,True,True,32,32,upstream_goal_with_paid_return_reserve,upstream_goal_with_paid_return_reserve,122,122
dev_AISLE_S_b160_n92801__vs__dev_AISLE_NBV_b160_n92801,39,instance_0000,0.07500000000000001,True,,"[0.19999999999999996, 0.225, 0.25, 0.325]","[0.25, 0.25, 0.25, 0.25]","{""candidates"": 0, ""reasons"": [], ""state"": ""no_forecast_record"", ""zero_basis"": null}","{""candidates"": 0, ""reasons"": [], ""state"": ""no_forecast_record"", ""zero_basis"": null}",False,False,False,0,0,upstream_goal_with_paid_return_reserve,upstream_goal_with_paid_return_reserve,,
dev_AISLE_S_b160_n92801__vs__dev_AISLE_NBV_b160_n92801,40,instance_0000,0.07500000000000001,True,,"[0.19999999999999996, 0.225, 0.25, 0.325]","[0.25, 0.25, 0.25, 0.25]","{""candidates"": 0, ""reasons"": [], ""state"": ""no_forecast_record"", ""zero_basis"": null}","{""candidates"": 0, ""reasons"": [], ""state"": ""no_forecast_record"", ""zero_basis"": null}",False,False,False,0,0,upstream_goal_with_paid_return_reserve,upstream_goal_with_paid_return_reserve,,
dev_AISLE_S_b160_n92801__vs__dev_AISLE_NBV_b160_n92801,41,instance_0000,0.07500000000000001,True,,"[0.19999999999999996, 0.225, 0.25, 0.325]","[0.25, 0.25, 0.25, 0.25]","{""candidates"": 0, ""reasons"": [], ""state"": ""no_forecast_record"", ""zero_basis"": null}","{""candidates"": 0, ""reasons"": [], ""state"": ""no_forecast_record"", ""zero_basis"": null}",False,False,False,0,0,upstream_goal_with_paid_return_reserve,upstream_goal_with_paid_return_reserve,,
dev_AISLE_S_b160_n92801__vs__dev_AISLE_NBV_b160_n92801,43,instance_0000,0.07500000000000001,True,,"[0.19999999999999996, 0.225, 0.25, 0.325]","[0.25, 0.25, 0.25, 0.25]","{""candidates"": 0, ""reasons"": [], ""state"": ""no_forecast_record"", ""zero_basis"": null}","{""candidates"": 0, ""reasons"": [], ""state"": ""no_forecast_record"", ""zero_basis"": null}",False,False,False,0,0,upstream_goal_with_paid_return_reserve,upstream_goal_with_paid_return_reserve,,
dev_AISLE_S_b160_n92801__vs__dev_AISLE_NBV_b160_n92801,44,instance_0000,0.07500000000000001,True,,"[0.19999999999999996, 0.225, 0.25, 0.325]","[0.25, 0.25, 0.25, 0.25]","{""candidates"": 0, ""reasons"": [], ""state"": ""no_forecast_record"", ""zero_basis"": null}","{""candidates"": 0, ""reasons"": [], ""state"": ""no_forecast_record"", ""zero_basis"": null}",False,False,False,0,0,upstream_goal_with_paid_return_reserve,upstream_goal_with_paid_return_reserve,,
dev_AISLE_S_b160_n92801__vs__dev_AISLE_NBV_b160_n92801,45,instance_0000,0.07500000000000001,True,,"[0.19999999999999996, 0.225, 0.25, 0.325]","[0.25, 0.25, 0.25, 0.25]","{""candidates"": 0, ""reasons"": [], ""state"": ""no_forecast_record"", ""zero_basis"": null}","{""candidates"": 0, ""reasons"": [], ""state"": ""no_forecast_record"", ""zero_basis"": null}",False,False,False,0,0,upstream_goal_with_paid_return_reserve,upstream_goal_with_paid_return_reserve,,
dev_AISLE_S_b160_n92801__vs__dev_AISLE_NBV_b160_n92801,46,instance_0000,0.07500000000000001,True,,"[0.19999999999999996, 0.225, 0.25, 0.325]","[0.25, 0.25, 0.25, 0.25]","{""candidates"": 0, ""reasons"": [], ""state"": ""no_forecast_record"", ""zero_basis"": null}","{""candidates"": 0, ""reasons"": [], ""state"": ""no_forecast_record"", ""zero_basis"": null}",False,False,False,0,0,upstream_goal_with_paid_return_reserve,upstream_goal_with_paid_return_reserve,,
dev_AISLE_S_b160_n92801__vs__dev_AISLE_NBV_b160_n92801,50,instance_0000,0.07500000000000001,True,,"[0.19999999999999996, 0.225, 0.25, 0.325]","[0.25, 0.25, 0.25, 0.25]","{""candidates"": 0, ""reasons"": [], ""state"": ""no_forecast_record"", ""zero_basis"": null}","{""candidates"": 0, ""reasons"": [], ""state"": ""no_forecast_record"", ""zero_basis"": null}",False,False,False,0,0,upstream_goal_with_paid_return_reserve,upstream_goal_with_paid_return_reserve,,
dev_AISLE_S_b160_n92801__vs__dev_AISLE_NBV_b160_n92801,51,instance_0000,0.07500000000000001,True,,"[0.19999999999999996, 0.225, 0.25, 0.325]","[0.25, 0.25, 0.25, 0.25]","{""candidates"": 0, ""reasons"": [], ""state"": ""no_forecast_record"", ""zero_basis"": null}","{""candidates"": 0, ""reasons"": [], ""state"": ""no_forecast_record"", ""zero_basis"": null}",False,False,False,0,0,upstream_goal_with_paid_return_reserve,upstream_goal_with_paid_return_reserve,,
dev_AISLE_S_b160_n92801__vs__dev_AISLE_NBV_b160_n92801,52,instance_0000,0.07500000000000001,True,,"[0.19999999999999996, 0.225, 0.25, 0.325]","[0.25, 0.25, 0.25, 0.25]","{""candidates"": 0, ""reasons"": [], ""state"": ""no_forecast_record"", ""zero_basis"": null}","{""candidates"": 0, ""reasons"": [], ""state"": ""no_forecast_record"", ""zero_basis"": null}",False,False,False,0,0,upstream_goal_with_paid_return_reserve,upstream_goal_with_paid_return_reserve,,
dev_AISLE_S_b160_n92801__vs__dev_AISLE_NBV_b160_n92801,53,instance_0000,0.07500000000000001,True,,"[0.19999999999999996, 0.225, 0.25, 0.325]","[0.25, 0.25, 0.25, 0.25]","{""candidates"": 0, ""reasons"": [], ""state"": ""no_forecast_record"", ""zero_basis"": null}","{""candidates"": 0, ""reasons"": [], ""state"": ""no_forecast_record"", ""zero_basis"": null}",False,False,False,0,0,upstream_goal_with_paid_return_reserve,upstream_goal_with_paid_return_reserve,,
dev_AISLE_S_b160_n92801__vs__dev_AISLE_NBV_b160_n92801,54,instance_0000,0.07500000000000001,True,,"[0.19999999999999996, 0.225, 0.25, 0.325]","[0.25, 0.25, 0.25, 0.25]","{""candidates"": 0, ""reasons"": [], ""state"": ""no_forecast_record"", ""zero_basis"": null}","{""candidates"": 0, ""reasons"": [], ""state"": ""no_forecast_record"", ""zero_basis"": null}",False,False,False,0,0,upstream_goal_with_paid_return_reserve,upstream_goal_with_paid_return_reserve,,
dev_AISLE_S_b160_n92801__vs__dev_AISLE_NBV_b160_n92801,55,instance_0000,0.07500000000000001,True,,"[0.19999999999999996, 0.225, 0.25, 0.325]","[0.25, 0.25, 0.25, 0.25]","{""candidates"": 0, ""reasons"": [], ""state"": ""no_forecast_record"", ""zero_basis"": null}","{""candidates"": 0, ""reasons"": [], ""state"": ""no_forecast_record"", ""zero_basis"": null}",False,False,False,0,0,upstream_goal_with_paid_return_reserve,upstream_goal_with_paid_return_reserve,,
dev_AISLE_S_b160_n92801__vs__dev_AISLE_NBV_b160_n92801,56,instance_0000,0.07500000000000001,True,,"[0.19999999999999996, 0.225, 0.25, 0.325]","[0.25, 0.25, 0.25, 0.25]","{""candidates"": 0, ""reasons"": [], ""state"": ""no_forecast_record"", ""zero_basis"": null}","{""candidates"": 0, ""reasons"": [], ""state"": ""no_forecast_record"", ""zero_basis"": null}",False,False,False,0,0,upstream_goal_with_paid_return_reserve,upstream_goal_with_paid_return_reserve,,
dev_AISLE_S_b160_n92801__vs__dev_AISLE_NBV_b160_n92801,57,instance_0000,0.07500000000000001,True,,"[0.19999999999999996, 0.225, 0.25, 0.325]","[0.25, 0.25, 0.25, 0.25]","{""candidates"": 0, ""reasons"": [], ""state"": ""no_forecast_record"", ""zero_basis"": null}","{""candidates"": 0, ""reasons"": [], ""state"": ""no_forecast_record"", ""zero_basis"": null}",False,False,False,0,0,upstream_goal_with_paid_return_reserve,upstream_goal_with_paid_return_reserve,,
dev_AISLE_S_b160_n92801__vs__dev_AISLE_NBV_b160_n92801,58,instance_0000,0.07500000000000001,True,,"[0.19999999999999996, 0.225, 0.25, 0.325]","[0.25, 0.25, 0.25, 0.25]","{""candidates"": 0, ""reasons"": [], ""state"": ""no_forecast_record"", ""zero_basis"": null}","{""candidates"": 0, ""reasons"": [], ""state"": ""no_forecast_record"", ""zero_basis"": null}",False,False,False,0,0,upstream_goal_with_paid_return_reserve,upstream_goal_with_paid_return_reserve,,
dev_AISLE_S_b160_n92801__vs__dev_AISLE_NBV_b160_n92801,59,instance_0000,0.07500000000000001,True,,"[0.19999999999999996, 0.225, 0.25, 0.325]","[0.25, 0.25, 0.25, 0.25]","{""candidates"": 0, ""reasons"": [], ""state"": ""no_forecast_record"", ""zero_basis"": null}","{""candidates"": 0, ""reasons"": [], ""state"": ""no_forecast_record"", ""zero_basis"": null}",False,False,False,0,0,upstream_goal_with_paid_return_reserve,upstream_goal_with_paid_return_reserve,,
dev_AISLE_S_b160_n92801__vs__dev_AISLE_NBV_b160_n92801,60,instance_0000,0.07500000000000001,True,,"[0.19999999999999996, 0.225, 0.25, 0.325]","[0.25, 0.25, 0.25, 0.25]","{""candidates"": 0, ""reasons"": [], ""state"": ""no_forecast_record"", ""zero_basis"": null}","{""candidates"": 0, ""reasons"": [], ""state"": ""no_forecast_record"", ""zero_basis"": null}",False,False,False,0,0,upstream_goal_with_paid_return_reserve,upstream_goal_with_paid_return_reserve,,
dev_AISLE_S_b160_n92801__vs__dev_AISLE_NBV_b160_n92801,61,instance_0000,0.07500000000000001,True,,"[0.19999999999999996, 0.225, 0.25, 0.325]","[0.25, 0.25, 0.25, 0.25]","{""candidates"": 0, ""reasons"": [], ""state"": ""no_forecast_record"", ""zero_basis"": null}","{""candidates"": 0, ""reasons"": [], ""state"": ""no_forecast_record"", ""zero_basis"": null}",False,False,False,0,0,upstream_goal_with_paid_return_reserve,upstream_goal_with_paid_return_reserve,,
dev_AISLE_S_b160_n92801__vs__dev_AISLE_NBV_b160_n92801,62,instance_0000,0.07500000000000001,True,,"[0.19999999999999996, 0.225, 0.25, 0.325]","[0.25, 0.25, 0.25, 0.25]","{""candidates"": 0, ""reasons"": [], ""state"": ""no_forecast_record"", ""zero_basis"": null}","{""candidates"": 0, ""reasons"": [], ""state"": ""no_forecast_record"", ""zero_basis"": null}",False,False,False,0,0,upstream_goal_with_paid_return_reserve,upstream_goal_with_paid_return_reserve,,
dev_AISLE_S_b160_n92801__vs__dev_AISLE_NBV_b160_n92801,63,instance_0000,0.07500000000000001,True,,"[0.19999999999999996, 0.225, 0.25, 0.325]","[0.25, 0.25, 0.25, 0.25]","{""candidates"": 0, ""reasons"": [], ""state"": ""no_forecast_record"", ""zero_basis"": null}","{""candidates"": 0, ""reasons"": [], ""state"": ""no_forecast_record"", ""zero_basis"": null}",False,False,False,0,0,upstream_goal_with_paid_return_reserve,upstream_goal_with_paid_return_reserve,,
dev_AISLE_S_b160_n92801__vs__dev_AISLE_NBV_b160_n92801,64,instance_0000,0.07500000000000001,True,,"[0.19999999999999996, 0.225, 0.25, 0.325]","[0.25, 0.25, 0.25, 0.25]","{""candidates"": 0, ""reasons"": [], ""state"": ""no_forecast_record"", ""zero_basis"": null}","{""candidates"": 0, ""reasons"": [], ""state"": ""no_forecast_record"", ""zero_basis"": null}",False,False,False,0,0,upstream_goal_with_paid_return_reserve,upstream_goal_with_paid_return_reserve,,
dev_AISLE_S_b160_n92801__vs__dev_AISLE_NBV_b160_n92801,65,instance_0000,0.07500000000000001,True,,"[0.19999999999999996, 0.225, 0.25, 0.325]","[0.25, 0.25, 0.25, 0.25]","{""candidates"": 0, ""reasons"": [], ""state"": ""no_forecast_record"", ""zero_basis"": null}","{""candidates"": 0, ""reasons"": [], ""state"": ""no_forecast_record"", ""zero_basis"": null}",False,False,False,0,0,upstream_goal_with_paid_return_reserve,upstream_goal_with_paid_return_reserve,,
dev_AISLE_S_b160_n92801__vs__dev_AISLE_NBV_b160_n92801,66,instance_0000,0.07500000000000001,True,,"[0.19999999999999996, 0.225, 0.25, 0.325]","[0.25, 0.25, 0.25, 0.25]","{""candidates"": 0, ""reasons"": [], ""state"": ""no_forecast_record"", ""zero_basis"": null}","{""candidates"": 0, ""reasons"": [], ""state"": ""no_forecast_record"", ""zero_basis"": null}",False,False,False,0,0,upstream_goal_with_paid_return_reserve,upstream_goal_with_paid_return_reserve,,
dev_AISLE_S_b160_n92801__vs__dev_AISLE_NBV_b160_n92801,67,instance_0000,0.07500000000000001,True,,"[0.19999999999999996, 0.225, 0.25, 0.325]","[0.25, 0.25, 0.25, 0.25]","{""candidates"": 0, ""reasons"": [], ""state"": ""no_forecast_record"", ""zero_basis"": null}","{""candidates"": 0, ""reasons"": [], ""state"": ""no_forecast_record"", ""zero_basis"": null}",False,False,False,0,0,upstream_goal_with_paid_return_reserve,upstream_goal_with_paid_return_reserve,,
dev_AISLE_S_b160_n92801__vs__dev_AISLE_NBV_b160_n92801,68,instance_0000,0.07500000000000001,True,,"[0.19999999999999996, 0.225, 0.25, 0.325]","[0.25, 0.25, 0.25, 0.25]","{""candidates"": 0, ""reasons"": [], ""state"": ""no_forecast_record"", ""zero_basis"": null}","{""candidates"": 0, ""reasons"": [], ""state"": ""no_forecast_record"", ""zero_basis"": null}",False,False,False,0,0,upstream_goal_with_paid_return_reserve,upstream_goal_with_paid_return_reserve,,
dev_AISLE_S_b160_n92801__vs__dev_AISLE_NBV_b160_n92801,69,instance_0000,0.07500000000000001,True,,"[0.19999999999999996, 0.225, 0.25, 0.325]","[0.25, 0.25, 0.25, 0.25]","{""candidates"": 0, ""reasons"": [], ""state"": ""no_forecast_record"", ""zero_basis"": null}","{""candidates"": 0, ""reasons"": [], ""state"": ""no_forecast_record"", ""zero_basis"": null}",False,False,False,0,0,upstream_goal_with_paid_return_reserve,upstream_goal_with_paid_return_reserve,,
dev_AISLE_S_b160_n92801__vs__dev_AISLE_NBV_b160_n92801,70,instance_0000,0.07500000000000001,True,,"[0.19999999999999996, 0.225, 0.25, 0.325]","[0.25, 0.25, 0.25, 0.25]","{""candidates"": 0, ""reasons"": [], ""state"": ""no_forecast_record"", ""zero_basis"": null}","{""candidates"": 0, ""reasons"": [], ""state"": ""no_forecast_record"", ""zero_basis"": null}",False,False,False,0,0,upstream_goal_with_paid_return_reserve,upstream_goal_with_paid_return_reserve,,
dev_AISLE_S_b160_n92801__vs__dev_AISLE_NBV_b160_n92801,71,instance_0000,0.07500000000000001,True,,"[0.19999999999999996, 0.225, 0.25, 0.325]","[0.25, 0.25, 0.25, 0.25]","{""candidates"": 0, ""reasons"": [], ""state"": ""no_forecast_record"", ""zero_basis"": null}","{""candidates"": 0, ""reasons"": [], ""state"": ""no_forecast_record"", ""zero_basis"": null}",False,False,False,0,0,upstream_goal_with_paid_return_reserve,upstream_goal_with_paid_return_reserve,,
dev_AISLE_S_b160_n92801__vs__dev_AISLE_NBV_b160_n92801,72,instance_0000,0.07500000000000001,True,,"[0.19999999999999996, 0.225, 0.25, 0.325]","[0.25, 0.25, 0.25, 0.25]","{""candidates"": 8, ""positive"": 0, ""reasons"": [""no_reliable_observed_label_plane""], ""repeated"": 0, ""state"": ""all_structure_gains_zero"", ""zero_basis"": true}","{""candidates"": 8, ""positive"": 0, ""reasons"": [""no_reliable_observed_label_plane""], ""repeated"": 0, ""state"": ""all_structure_gains_zero"", ""zero_basis"": true}",True,True,True,32,32,upstream_goal_with_paid_return_reserve,upstream_goal_with_paid_return_reserve,88,88
dev_AISLE_S_b160_n92801__vs__dev_AISLE_NBV_b160_n92801,73,instance_0000,0.07500000000000001,True,,"[0.19999999999999996, 0.225, 0.25, 0.325]","[0.25, 0.25, 0.25, 0.25]","{""candidates"": 0, ""reasons"": [], ""state"": ""no_forecast_record"", ""zero_basis"": null}","{""candidates"": 0, ""reasons"": [], ""state"": ""no_forecast_record"", ""zero_basis"": null}",False,False,False,0,0,upstream_goal_with_paid_return_reserve,upstream_goal_with_paid_return_reserve,,
dev_AISLE_S_b160_n92801__vs__dev_AISLE_NBV_b160_n92801,74,instance_0000,0.07500000000000001,True,,"[0.19999999999999996, 0.225, 0.25, 0.325]","[0.25, 0.25, 0.25, 0.25]","{""candidates"": 0, ""reasons"": [], ""state"": ""no_forecast_record"", ""zero_basis"": null}","{""candidates"": 0, ""reasons"": [], ""state"": ""no_forecast_record"", ""zero_basis"": null}",False,False,False,0,0,upstream_goal_with_paid_return_reserve,upstream_goal_with_paid_return_reserve,,
dev_AISLE_S_b160_n92801__vs__dev_AISLE_NBV_b160_n92801,75,instance_0000,0.07500000000000001,True,,"[0.19999999999999996, 0.225, 0.25, 0.325]","[0.25, 0.25, 0.25, 0.25]","{""candidates"": 0, ""reasons"": [], ""state"": ""no_forecast_record"", ""zero_basis"": null}","{""candidates"": 0, ""reasons"": [], ""state"": ""no_forecast_record"", ""zero_basis"": null}",False,False,False,0,0,upstream_goal_with_paid_return_reserve,upstream_goal_with_paid_return_reserve,,
dev_AISLE_S_b160_n92801__vs__dev_AISLE_NBV_b160_n92801,76,instance_0000,0.07500000000000001,True,,"[0.19999999999999996, 0.225, 0.25, 0.325]","[0.25, 0.25, 0.25, 0.25]","{""candidates"": 0, ""reasons"": [], ""state"": ""no_forecast_record"", ""zero_basis"": null}","{""candidates"": 0, ""reasons"": [], ""state"": ""no_forecast_record"", ""zero_basis"": null}",False,False,False,0,0,upstream_goal_with_paid_return_reserve,upstream_goal_with_paid_return_reserve,,
dev_AISLE_S_b160_n92801__vs__dev_AISLE_NBV_b160_n92801,77,instance_0000,0.07500000000000001,True,,"[0.19999999999999996, 0.225, 0.25, 0.325]","[0.25, 0.25, 0.25, 0.25]","{""candidates"": 0, ""reasons"": [], ""state"": ""no_forecast_record"", ""zero_basis"": null}","{""candidates"": 0, ""reasons"": [], ""state"": ""no_forecast_record"", ""zero_basis"": null}",False,False,False,0,0,upstream_goal_with_paid_return_reserve,upstream_goal_with_paid_return_reserve,,
dev_AISLE_S_b160_n92801__vs__dev_AISLE_NBV_b160_n92801,78,instance_0000,0.07500000000000001,True,,"[0.19999999999999996, 0.225, 0.25, 0.325]","[0.25, 0.25, 0.25, 0.25]","{""candidates"": 0, ""reasons"": [], ""state"": ""no_forecast_record"", ""zero_basis"": null}","{""candidates"": 0, ""reasons"": [], ""state"": ""no_forecast_record"", ""zero_basis"": null}",False,False,False,0,0,upstream_goal_with_paid_return_reserve,upstream_goal_with_paid_return_reserve,,
dev_AISLE_S_b160_n92801__vs__dev_AISLE_NBV_b160_n92801,79,instance_0000,0.07500000000000001,True,,"[0.19999999999999996, 0.225, 0.25, 0.325]","[0.25, 0.25, 0.25, 0.25]","{""candidates"": 0, ""reasons"": [], ""state"": ""no_forecast_record"", ""zero_basis"": null}","{""candidates"": 0, ""reasons"": [], ""state"": ""no_forecast_record"", ""zero_basis"": null}",False,False,False,0,0,upstream_goal_with_paid_return_reserve,upstream_goal_with_paid_return_reserve,,
dev_AISLE_S_b160_n92801__vs__dev_AISLE_NBV_b160_n92801,80,instance_0000,0.07500000000000001,True,,"[0.19999999999999996, 0.225, 0.25, 0.325]","[0.25, 0.25, 0.25, 0.25]","{""candidates"": 0, ""reasons"": [], ""state"": ""no_forecast_record"", ""zero_basis"": null}","{""candidates"": 0, ""reasons"": [], ""state"": ""no_forecast_record"", ""zero_basis"": null}",False,False,False,0,0,upstream_goal_with_paid_return_reserve,upstream_goal_with_paid_return_reserve,,
dev_AISLE_S_b160_n92801__vs__dev_AISLE_NBV_b160_n92801,81,instance_0000,0.07500000000000001,True,,"[0.19999999999999996, 0.225, 0.25, 0.325]","[0.25, 0.25, 0.25, 0.25]","{""candidates"": 0, ""reasons"": [], ""state"": ""no_forecast_record"", ""zero_basis"": null}","{""candidates"": 0, ""reasons"": [], ""state"": ""no_forecast_record"", ""zero_basis"": null}",False,False,False,0,0,upstream_goal_with_paid_return_reserve,upstream_goal_with_paid_return_reserve,,
dev_AISLE_S_b160_n92801__vs__dev_AISLE_NBV_b160_n92801,84,instance_0002,0.07500000000000001,True,,"[0.325, 0.275, 0.225, 0.175]","[0.25, 0.25, 0.25, 0.25]","{""candidates"": 0, ""reasons"": [], ""state"": ""no_forecast_record"", ""zero_basis"": null}","{""candidates"": 0, ""reasons"": [], ""state"": ""no_forecast_record"", ""zero_basis"": null}",False,False,False,0,0,upstream_goal_with_paid_return_reserve,upstream_goal_with_paid_return_reserve,,
dev_AISLE_S_b160_n92801__vs__dev_AISLE_NBV_b160_n92801,85,instance_0002,0.04733258350605685,True,,"[0.1680054762036244, 0.2628712833696719, 0.5153374131896269, 0.053785827237076825]","[0.12699443195080048, 0.23483079827178968, 0.5626699966956837, 0.07550477308172615]","{""candidates"": 0, ""reasons"": [], ""state"": ""no_forecast_record"", ""zero_basis"": null}","{""candidates"": 0, ""reasons"": [], ""state"": ""no_forecast_record"", ""zero_basis"": null}",False,False,False,0,0,upstream_goal_with_paid_return_reserve,upstream_goal_with_paid_return_reserve,,
dev_AISLE_S_b160_n92801__vs__dev_AISLE_NBV_b160_n92801,86,instance_0002,0.038370631370382435,True,,"[0.06725651446169595, 0.1787302782659861, 0.7403127046335471, 0.013700502638770875]","[0.048975535347446204, 0.15381320943358978, 0.7786833360039296, 0.018527919215034546]","{""candidates"": 8, ""positive"": 3, ""reasons"": [], ""repeated"": 0, ""state"": ""nonzero_structure_gain_available"", ""zero_basis"": false}","{""candidates"": 8, ""positive"": 3, ""reasons"": [], ""repeated"": 0, ""state"": ""nonzero_structure_gain_available"", ""zero_basis"": false}",False,True,True,35,32,upstream_goal_with_paid_return_reserve,upstream_goal_with_paid_return_reserve,74,74
dev_AISLE_S_b160_n92801__vs__dev_AISLE_NBV_b160_n92801,91,instance_0002,0.02346727504086976,True,,"[0.02559024664717294, 0.10780622096049465, 0.8630866110488715, 0.0035169213434609243]","[0.018198030443253622, 0.09060338116948957, 0.8865538860897413, 0.004644702297515538]","{""candidates"": 0, ""reasons"": [], ""state"": ""no_forecast_record"", ""zero_basis"": null}","{""candidates"": 0, ""reasons"": [], ""state"": ""no_forecast_record"", ""zero_basis"": null}",False,False,False,0,0,upstream_goal_with_paid_return_reserve,upstream_goal_with_paid_return_reserve,,
dev_AISLE_S_b160_n92801__vs__dev_AISLE_NBV_b160_n92801,92,instance_0002,0.02346727504086976,True,,"[0.02559024664717294, 0.10780622096049465, 0.8630866110488715, 0.0035169213434609243]","[0.018198030443253622, 0.09060338116948957, 0.8865538860897413, 0.004644702297515538]","{""candidates"": 0, ""reasons"": [], ""state"": ""no_forecast_record"", ""zero_basis"": null}","{""candidates"": 0, ""reasons"": [], ""state"": ""no_forecast_record"", ""zero_basis"": null}",False,False,False,0,0,upstream_goal_with_paid_return_reserve,upstream_goal_with_paid_return_reserve,,
dev_AISLE_S_b160_n92801__vs__dev_AISLE_NBV_b160_n92801,93,instance_0002,0.02346727504086976,True,,"[0.02559024664717294, 0.10780622096049465, 0.8630866110488715, 0.0035169213434609243]","[0.018198030443253622, 0.09060338116948957, 0.8865538860897413, 0.004644702297515538]","{""candidates"": 0, ""reasons"": [], ""state"": ""no_forecast_record"", ""zero_basis"": null}","{""candidates"": 0, ""reasons"": [], ""state"": ""no_forecast_record"", ""zero_basis"": null}",False,False,False,0,0,upstream_goal_with_paid_return_reserve,upstream_goal_with_paid_return_reserve,,
dev_AISLE_S_b160_n92801__vs__dev_AISLE_NBV_b160_n92801,95,instance_0002,0.02346727504086976,True,,"[0.02559024664717294, 0.10780622096049465, 0.8630866110488715, 0.0035169213434609243]","[0.018198030443253622, 0.09060338116948957, 0.8865538860897413, 0.004644702297515538]","{""candidates"": 0, ""reasons"": [], ""state"": ""no_forecast_record"", ""zero_basis"": null}","{""candidates"": 0, ""reasons"": [], ""state"": ""no_forecast_record"", ""zero_basis"": null}",False,False,False,0,0,upstream_goal_with_paid_return_reserve,upstream_goal_with_paid_return_reserve,,
dev_AISLE_S_b160_n92801__vs__dev_AISLE_NBV_b160_n92801,96,instance_0002,0.02346727504086976,True,,"[0.02559024664717294, 0.10780622096049465, 0.8630866110488715, 0.0035169213434609243]","[0.018198030443253622, 0.09060338116948957, 0.8865538860897413, 0.004644702297515538]","{""candidates"": 0, ""reasons"": [], ""state"": ""no_forecast_record"", ""zero_basis"": null}","{""candidates"": 0, ""reasons"": [], ""state"": ""no_forecast_record"", ""zero_basis"": null}",False,False,False,0,0,upstream_goal_with_paid_return_reserve,upstream_goal_with_paid_return_reserve,,
dev_AISLE_S_b160_n92801__vs__dev_AISLE_NBV_b160_n92801,96,instance_0003,0.07500000000000001,True,,"[0.19999999999999996, 0.225, 0.25, 0.325]","[0.25, 0.25, 0.25, 0.25]","{""candidates"": 0, ""reasons"": [], ""state"": ""no_forecast_record"", ""zero_basis"": null}","{""candidates"": 0, ""reasons"": [], ""state"": ""no_forecast_record"", ""zero_basis"": null}",False,False,False,0,0,upstream_goal_with_paid_return_reserve,upstream_goal_with_paid_return_reserve,,
dev_AISLE_S_b160_n92801__vs__dev_AISLE_NBV_b160_n92801,97,instance_0002,0.02346727504086976,True,,"[0.02559024664717294, 0.10780622096049465, 0.8630866110488715, 0.0035169213434609243]","[0.018198030443253622, 0.09060338116948957, 0.8865538860897413, 0.004644702297515538]","{""candidates"": 0, ""reasons"": [], ""state"": ""no_forecast_record"", ""zero_basis"": null}","{""candidates"": 0, ""reasons"": [], ""state"": ""no_forecast_record"", ""zero_basis"": null}",False,False,False,0,0,upstream_goal_with_paid_return_reserve,upstream_goal_with_paid_return_reserve,,
dev_AISLE_S_b160_n92801__vs__dev_AISLE_NBV_b160_n92801,99,instance_0002,0.02346727504086976,True,,"[0.02559024664717294, 0.10780622096049465, 0.8630866110488715, 0.0035169213434609243]","[0.018198030443253622, 0.09060338116948957, 0.8865538860897413, 0.004644702297515538]","{""candidates"": 0, ""reasons"": [], ""state"": ""no_forecast_record"", ""zero_basis"": null}","{""candidates"": 0, ""reasons"": [], ""state"": ""no_forecast_record"", ""zero_basis"": null}",False,False,False,0,0,upstream_goal_with_paid_return_reserve,upstream_goal_with_paid_return_reserve,,
dev_AISLE_S_b160_n92801__vs__dev_AISLE_NBV_b160_n92801,102,instance_0000,0.07500000000000001,True,,"[0.19999999999999996, 0.225, 0.25, 0.325]","[0.25, 0.25, 0.25, 0.25]","{""candidates"": 0, ""reasons"": [], ""state"": ""no_forecast_record"", ""zero_basis"": null}","{""candidates"": 0, ""reasons"": [], ""state"": ""no_forecast_record"", ""zero_basis"": null}",False,False,False,0,0,upstream_goal_with_paid_return_reserve,upstream_goal_with_paid_return_reserve,,
dev_AISLE_S_b160_n92801__vs__dev_AISLE_NBV_b160_n92801,104,instance_0000,0.07500000000000001,True,,"[0.19999999999999996, 0.225, 0.25, 0.325]","[0.25, 0.25, 0.25, 0.25]","{""candidates"": 0, ""reasons"": [], ""state"": ""no_forecast_record"", ""zero_basis"": null}","{""candidates"": 0, ""reasons"": [], ""state"": ""no_forecast_record"", ""zero_basis"": null}",False,False,False,0,0,upstream_goal_with_paid_return_reserve,upstream_goal_with_paid_return_reserve,,
dev_AISLE_S_b160_n92801__vs__dev_AISLE_NBV_b160_n92801,105,instance_0002,0.02377982438949866,True,,"[0.025616202916490152, 0.10791556915646565, 0.8639620425689087, 0.0025061853581354325]","[0.01822241577656859, 0.09072478956344578, 0.8877418669584074, 0.0033109277015782616]","{""candidates"": 0, ""reasons"": [], ""state"": ""no_forecast_record"", ""zero_basis"": null}","{""candidates"": 0, ""reasons"": [], ""state"": ""no_forecast_record"", ""zero_basis"": null}",False,False,False,0,0,upstream_goal_with_paid_return_reserve,upstream_goal_with_paid_return_reserve,,
dev_AISLE_S_b160_n92801__vs__dev_AISLE_NBV_b160_n92801,106,instance_0002,0.02377982438949866,True,,"[0.025616202916490152, 0.10791556915646565, 0.8639620425689087, 0.0025061853581354325]","[0.01822241577656859, 0.09072478956344578, 0.8877418669584074, 0.0033109277015782616]","{""candidates"": 0, ""reasons"": [], ""state"": ""no_forecast_record"", ""zero_basis"": null}","{""candidates"": 0, ""reasons"": [], ""state"": ""no_forecast_record"", ""zero_basis"": null}",False,False,False,0,0,upstream_goal_with_paid_return_reserve,upstream_goal_with_paid_return_reserve,,
dev_AISLE_S_b160_n92801__vs__dev_AISLE_NBV_b160_n92801,107,instance_0002,0.02377982438949866,True,,"[0.025616202916490152, 0.10791556915646565, 0.8639620425689087, 0.0025061853581354325]","[0.01822241577656859, 0.09072478956344578, 0.8877418669584074, 0.0033109277015782616]","{""candidates"": 0, ""reasons"": [], ""state"": ""no_forecast_record"", ""zero_basis"": null}","{""candidates"": 0, ""reasons"": [], ""state"": ""no_forecast_record"", ""zero_basis"": null}",False,False,False,0,0,upstream_goal_with_paid_return_reserve,upstream_goal_with_paid_return_reserve,,
dev_AISLE_S_b160_n92801__vs__dev_AISLE_NBV_b160_n92801,108,instance_0002,0.024490710747799738,True,,"[0.025675002239769904, 0.10816327809515713, 0.8659451773687092, 0.00021654229636383022]","[0.01827771515522919, 0.09100011115381491, 0.890435888116509, 0.0002862855744468953]","{""candidates"": 0, ""reasons"": [], ""state"": ""no_forecast_record"", ""zero_basis"": null}","{""candidates"": 0, ""reasons"": [], ""state"": ""no_forecast_record"", ""zero_basis"": null}",False,False,False,0,0,upstream_goal_with_paid_return_reserve,upstream_goal_with_paid_return_reserve,,
dev_AISLE_S_b160_n92801__vs__dev_AISLE_NBV_b160_n92801,109,instance_0002,0.02455620199540376,True,,"[0.02568040271373017, 0.10818602913374925, 0.8661273200745884, 6.248077932310424e-06]","[0.018282798264440014, 0.09102541866622899, 0.8906835220699921, 8.260999338980241e-06]","{""candidates"": 0, ""reasons"": [], ""state"": ""no_forecast_record"", ""zero_basis"": null}","{""candidates"": 0, ""reasons"": [], ""state"": ""no_forecast_record"", ""zero_basis"": null}",False,False,False,0,0,upstream_goal_with_paid_return_reserve,upstream_goal_with_paid_return_reserve,,
dev_AISLE_S_b160_n92801__vs__dev_AISLE_NBV_b160_n92801,110,instance_0002,0.02455620199540376,True,,"[0.02568040271373017, 0.10818602913374925, 0.8661273200745884, 6.248077932310424e-06]","[0.018282798264440014, 0.09102541866622899, 0.8906835220699921, 8.260999338980241e-06]","{""candidates"": 8, ""positive"": 6, ""reasons"": [], ""repeated"": 0, ""state"": ""nonzero_structure_gain_available"", ""zero_basis"": false}","{""candidates"": 8, ""positive"": 6, ""reasons"": [], ""repeated"": 0, ""state"": ""nonzero_structure_gain_available"", ""zero_basis"": false}",False,True,True,7,7,upstream_goal_with_paid_return_reserve,upstream_goal_with_paid_return_reserve,50,50
dev_AISLE_S_b160_n92801__vs__dev_AISLE_NBV_b160_n92801,111,instance_0000,0.07500000000000001,True,,"[0.19999999999999996, 0.225, 0.25, 0.325]","[0.25, 0.25, 0.25, 0.25]","{""candidates"": 0, ""reasons"": [], ""state"": ""no_forecast_record"", ""zero_basis"": null}","{""candidates"": 0, ""reasons"": [], ""state"": ""no_forecast_record"", ""zero_basis"": null}",False,False,False,0,0,upstream_goal_with_paid_return_reserve,upstream_goal_with_paid_return_reserve,,
dev_AISLE_S_b160_n92801__vs__dev_AISLE_NBV_b160_n92801,111,instance_0002,0.02455804059573663,True,,"[0.02568055428663848, 0.10818666767790518, 0.8661324321999052, 3.4583555121541995e-07]","[0.018282940939937757, 0.09102612901137024, 0.8906904727956418, 4.5725305021493937e-07]","{""candidates"": 0, ""reasons"": [], ""state"": ""no_forecast_record"", ""zero_basis"": null}","{""candidates"": 0, ""reasons"": [], ""state"": ""no_forecast_record"", ""zero_basis"": null}",False,False,False,0,0,upstream_goal_with_paid_return_reserve,upstream_goal_with_paid_return_reserve,,
dev_AISLE_S_b160_n92801__vs__dev_AISLE_NBV_b160_n92801,112,instance_0000,0.07500000000000001,True,,"[0.19999999999999996, 0.225, 0.25, 0.325]","[0.25, 0.25, 0.25, 0.25]","{""candidates"": 0, ""reasons"": [], ""state"": ""no_forecast_record"", ""zero_basis"": null}","{""candidates"": 0, ""reasons"": [], ""state"": ""no_forecast_record"", ""zero_basis"": null}",False,False,False,0,0,upstream_goal_with_paid_return_reserve,upstream_goal_with_paid_return_reserve,,
dev_AISLE_S_b160_n92801__vs__dev_AISLE_NBV_b160_n92801,113,instance_0000,0.07500000000000001,True,,"[0.19999999999999996, 0.225, 0.25, 0.325]","[0.25, 0.25, 0.25, 0.25]","{""candidates"": 0, ""reasons"": [], ""state"": ""no_forecast_record"", ""zero_basis"": null}","{""candidates"": 0, ""reasons"": [], ""state"": ""no_forecast_record"", ""zero_basis"": null}",False,False,False,0,0,upstream_goal_with_paid_return_reserve,upstream_goal_with_paid_return_reserve,,
dev_AISLE_S_b160_n92801__vs__dev_AISLE_NBV_b160_n92801,114,instance_0000,0.07500000000000001,True,,"[0.19999999999999996, 0.225, 0.25, 0.325]","[0.25, 0.25, 0.25, 0.25]","{""candidates"": 0, ""reasons"": [], ""state"": ""no_forecast_record"", ""zero_basis"": null}","{""candidates"": 0, ""reasons"": [], ""state"": ""no_forecast_record"", ""zero_basis"": null}",False,False,False,0,0,upstream_goal_with_paid_return_reserve,upstream_goal_with_paid_return_reserve,,
dev_AISLE_S_b160_n92801__vs__dev_AISLE_NBV_b160_n92801,115,instance_0000,0.07500000000000001,True,,"[0.19999999999999996, 0.225, 0.25, 0.325]","[0.25, 0.25, 0.25, 0.25]","{""candidates"": 0, ""reasons"": [], ""state"": ""no_forecast_record"", ""zero_basis"": null}","{""candidates"": 0, ""reasons"": [], ""state"": ""no_forecast_record"", ""zero_basis"": null}",False,False,False,0,0,upstream_goal_with_paid_return_reserve,upstream_goal_with_paid_return_reserve,,
dev_AISLE_S_b160_n92801__vs__dev_AISLE_NBV_b160_n92801,116,instance_0000,0.07500000000000001,True,,"[0.19999999999999996, 0.225, 0.25, 0.325]","[0.25, 0.25, 0.25, 0.25]","{""candidates"": 0, ""reasons"": [], ""state"": ""no_forecast_record"", ""zero_basis"": null}","{""candidates"": 0, ""reasons"": [], ""state"": ""no_forecast_record"", ""zero_basis"": null}",False,False,False,0,0,upstream_goal_with_paid_return_reserve,upstream_goal_with_paid_return_reserve,,
dev_AISLE_S_b160_n92801__vs__dev_AISLE_NBV_b160_n92801,116,instance_0002,0.02455804059573663,True,,"[0.02568055428663848, 0.10818666767790518, 0.8661324321999052, 3.4583555121541995e-07]","[0.018282940939937757, 0.09102612901137024, 0.8906904727956418, 4.5725305021493937e-07]","{""candidates"": 0, ""reasons"": [], ""state"": ""no_forecast_record"", ""zero_basis"": null}","{""candidates"": 0, ""reasons"": [], ""state"": ""no_forecast_record"", ""zero_basis"": null}",False,False,False,0,0,upstream_goal_with_paid_return_reserve,upstream_goal_with_paid_return_reserve,,
dev_AISLE_S_b160_n92801__vs__dev_AISLE_NBV_b160_n92801,117,instance_0000,0.07500000000000001,True,,"[0.19999999999999996, 0.225, 0.25, 0.325]","[0.25, 0.25, 0.25, 0.25]","{""candidates"": 0, ""reasons"": [], ""state"": ""no_forecast_record"", ""zero_basis"": null}","{""candidates"": 0, ""reasons"": [], ""state"": ""no_forecast_record"", ""zero_basis"": null}",False,False,False,0,0,upstream_goal_with_paid_return_reserve,upstream_goal_with_paid_return_reserve,,
dev_AISLE_S_b160_n92801__vs__dev_AISLE_NBV_b160_n92801,117,instance_0002,0.02455804059573663,True,,"[0.02568055428663848, 0.10818666767790518, 0.8661324321999052, 3.4583555121541995e-07]","[0.018282940939937757, 0.09102612901137024, 0.8906904727956418, 4.5725305021493937e-07]","{""candidates"": 0, ""reasons"": [], ""state"": ""no_forecast_record"", ""zero_basis"": null}","{""candidates"": 0, ""reasons"": [], ""state"": ""no_forecast_record"", ""zero_basis"": null}",False,False,False,0,0,upstream_goal_with_paid_return_reserve,upstream_goal_with_paid_return_reserve,,
dev_AISLE_S_b160_n92801__vs__dev_AISLE_NBV_b160_n92801,118,instance_0000,0.07500000000000001,True,,"[0.19999999999999996, 0.225, 0.25, 0.325]","[0.25, 0.25, 0.25, 0.25]","{""candidates"": 0, ""reasons"": [], ""state"": ""no_forecast_record"", ""zero_basis"": null}","{""candidates"": 0, ""reasons"": [], ""state"": ""no_forecast_record"", ""zero_basis"": null}",False,False,False,0,0,upstream_goal_with_paid_return_reserve,upstream_goal_with_paid_return_reserve,,
dev_AISLE_S_b160_n92801__vs__dev_AISLE_NBV_b160_n92801,118,instance_0002,0.02455804059573663,True,,"[0.02568055428663848, 0.10818666767790518, 0.8661324321999052, 3.4583555121541995e-07]","[0.018282940939937757, 0.09102612901137024, 0.8906904727956418, 4.5725305021493937e-07]","{""candidates"": 0, ""reasons"": [], ""state"": ""no_forecast_record"", ""zero_basis"": null}","{""candidates"": 0, ""reasons"": [], ""state"": ""no_forecast_record"", ""zero_basis"": null}",False,False,False,0,0,upstream_goal_with_paid_return_reserve,upstream_goal_with_paid_return_reserve,,
dev_AISLE_S_b160_n92801__vs__dev_AISLE_NBV_b160_n92801,119,instance_0000,0.07500000000000001,True,,"[0.19999999999999996, 0.225, 0.25, 0.325]","[0.25, 0.25, 0.25, 0.25]","{""candidates"": 0, ""reasons"": [], ""state"": ""no_forecast_record"", ""zero_basis"": null}","{""candidates"": 0, ""reasons"": [], ""state"": ""no_forecast_record"", ""zero_basis"": null}",False,False,False,0,0,upstream_goal_with_paid_return_reserve,upstream_goal_with_paid_return_reserve,,
dev_AISLE_S_b160_n92801__vs__dev_AISLE_NBV_b160_n92801,119,instance_0002,0.02455804059573663,True,,"[0.02568055428663848, 0.10818666767790518, 0.8661324321999052, 3.4583555121541995e-07]","[0.018282940939937757, 0.09102612901137024, 0.8906904727956418, 4.5725305021493937e-07]","{""candidates"": 0, ""reasons"": [], ""state"": ""no_forecast_record"", ""zero_basis"": null}","{""candidates"": 0, ""reasons"": [], ""state"": ""no_forecast_record"", ""zero_basis"": null}",False,False,False,0,0,upstream_goal_with_paid_return_reserve,upstream_goal_with_paid_return_reserve,,
dev_AISLE_S_b160_n92801__vs__dev_AISLE_NBV_b160_n92801,120,instance_0000,0.07500000000000001,True,,"[0.19999999999999996, 0.225, 0.25, 0.325]","[0.25, 0.25, 0.25, 0.25]","{""candidates"": 0, ""reasons"": [], ""state"": ""no_forecast_record"", ""zero_basis"": null}","{""candidates"": 0, ""reasons"": [], ""state"": ""no_forecast_record"", ""zero_basis"": null}",False,False,False,0,0,upstream_goal_with_paid_return_reserve,upstream_goal_with_paid_return_reserve,,
dev_AISLE_S_b160_n92801__vs__dev_AISLE_NBV_b160_n92801,120,instance_0002,0.02455804059573663,True,,"[0.02568055428663848, 0.10818666767790518, 0.8661324321999052, 3.4583555121541995e-07]","[0.018282940939937757, 0.09102612901137024, 0.8906904727956418, 4.5725305021493937e-07]","{""candidates"": 0, ""reasons"": [], ""state"": ""no_forecast_record"", ""zero_basis"": null}","{""candidates"": 0, ""reasons"": [], ""state"": ""no_forecast_record"", ""zero_basis"": null}",False,False,False,0,0,upstream_goal_with_paid_return_reserve,upstream_goal_with_paid_return_reserve,,
dev_AISLE_S_b160_n92801__vs__dev_AISLE_NBV_b160_n92801,121,instance_0000,0.07500000000000001,True,,"[0.19999999999999996, 0.225, 0.25, 0.325]","[0.25, 0.25, 0.25, 0.25]","{""candidates"": 0, ""reasons"": [], ""state"": ""no_forecast_record"", ""zero_basis"": null}","{""candidates"": 0, ""reasons"": [], ""state"": ""no_forecast_record"", ""zero_basis"": null}",False,False,False,0,0,upstream_goal_with_paid_return_reserve,upstream_goal_with_paid_return_reserve,,
dev_AISLE_S_b160_n92801__vs__dev_AISLE_NBV_b160_n92801,121,instance_0002,0.014387935788853112,True,,"[0.015534449212902757, 0.057801727909627516, 0.9266637304558764, 9.24215934825317e-08]","[0.010921601333390225, 0.04802661174912629, 0.9410516662447295, 1.206727540295057e-07]","{""candidates"": 0, ""reasons"": [], ""state"": ""no_forecast_record"", ""zero_basis"": null}","{""candidates"": 0, ""reasons"": [], ""state"": ""no_forecast_record"", ""zero_basis"": null}",False,False,False,0,0,upstream_goal_with_paid_return_reserve,upstream_goal_with_paid_return_reserve,,
dev_AISLE_S_b160_n92801__vs__dev_AISLE_NBV_b160_n92801,122,instance_0000,0.07500000000000001,True,,"[0.19999999999999996, 0.225, 0.25, 0.325]","[0.25, 0.25, 0.25, 0.25]","{""candidates"": 0, ""reasons"": [], ""state"": ""no_forecast_record"", ""zero_basis"": null}","{""candidates"": 0, ""reasons"": [], ""state"": ""no_forecast_record"", ""zero_basis"": null}",False,False,False,0,0,upstream_goal_with_paid_return_reserve,upstream_goal_with_paid_return_reserve,,
dev_AISLE_S_b160_n92801__vs__dev_AISLE_NBV_b160_n92801,122,instance_0002,0.0032766918184111704,True,,"[0.005439523783952317, 0.009020295769576817, 0.9855401683550392, 1.2091431687769287e-08]","[0.003778344647497828, 0.0074047795812381325, 0.9888168601734504, 1.5597813710065028e-08]","{""candidates"": 0, ""reasons"": [], ""state"": ""no_forecast_record"", ""zero_basis"": null}","{""candidates"": 0, ""reasons"": [], ""state"": ""no_forecast_record"", ""zero_basis"": null}",False,False,False,0,0,upstream_goal_with_paid_return_reserve,upstream_goal_with_paid_return_reserve,,
dev_AISLE_S_b160_n92801__vs__dev_AISLE_NBV_b160_n92801,123,instance_0000,0.07500000000000001,True,,"[0.19999999999999996, 0.225, 0.25, 0.325]","[0.25, 0.25, 0.25, 0.25]","{""candidates"": 0, ""reasons"": [], ""state"": ""no_forecast_record"", ""zero_basis"": null}","{""candidates"": 0, ""reasons"": [], ""state"": ""no_forecast_record"", ""zero_basis"": null}",False,False,False,0,0,upstream_goal_with_paid_return_reserve,upstream_goal_with_paid_return_reserve,,
dev_AISLE_S_b160_n92801__vs__dev_AISLE_NBV_b160_n92801,123,instance_0002,0.0007109679836856397,True,,"[0.0018824401279689598, 0.000732114960153201, 0.997385444200966, 7.109118176473396e-10]","[0.001304156763004804, 0.0005994301376625933, 0.9980964121846516, 9.146810290403571e-10]","{""candidates"": 0, ""reasons"": [], ""state"": ""no_forecast_record"", ""zero_basis"": null}","{""candidates"": 0, ""reasons"": [], ""state"": ""no_forecast_record"", ""zero_basis"": null}",False,False,False,0,0,upstream_goal_with_paid_return_reserve,upstream_goal_with_paid_return_reserve,,
dev_AISLE_S_b160_n92801__vs__dev_AISLE_NBV_b160_n92801,124,instance_0000,0.07500000000000001,True,,"[0.19999999999999996, 0.225, 0.25, 0.325]","[0.25, 0.25, 0.25, 0.25]","{""candidates"": 0, ""reasons"": [], ""state"": ""no_forecast_record"", ""zero_basis"": null}","{""candidates"": 0, ""reasons"": [], ""state"": ""no_forecast_record"", ""zero_basis"": null}",False,False,False,0,0,upstream_goal_with_paid_return_reserve,upstream_goal_with_paid_return_reserve,,
dev_AISLE_S_b160_n92801__vs__dev_AISLE_NBV_b160_n92801,124,instance_0002,0.0002155203165066233,True,,"[0.0006582578573050952, 7.199742770134283e-05, 0.9992697446762109, 3.87827106134246e-11]","[0.0004558152661770281, 5.891969123127352e-05, 0.9994852649927175, 4.987423952198099e-11]","{""candidates"": 0, ""reasons"": [], ""state"": ""no_forecast_record"", ""zero_basis"": null}","{""candidates"": 0, ""reasons"": [], ""state"": ""no_forecast_record"", ""zero_basis"": null}",False,False,False,0,0,upstream_goal_with_paid_return_reserve,upstream_goal_with_paid_return_reserve,,
dev_AISLE_S_b160_n92801__vs__dev_AISLE_NBV_b160_n92801,125,instance_0000,0.07500000000000001,True,,"[0.19999999999999996, 0.225, 0.25, 0.325]","[0.25, 0.25, 0.25, 0.25]","{""candidates"": 0, ""reasons"": [], ""state"": ""no_forecast_record"", ""zero_basis"": null}","{""candidates"": 0, ""reasons"": [], ""state"": ""no_forecast_record"", ""zero_basis"": null}",False,False,False,0,0,upstream_goal_with_paid_return_reserve,upstream_goal_with_paid_return_reserve,,
dev_AISLE_S_b160_n92801__vs__dev_AISLE_NBV_b160_n92801,125,instance_0002,0.0002155203165066233,True,,"[0.0006582578573050952, 7.199742770134283e-05, 0.9992697446762109, 3.87827106134246e-11]","[0.0004558152661770281, 5.891969123127352e-05, 0.9994852649927175, 4.987423952198099e-11]","{""candidates"": 0, ""reasons"": [], ""state"": ""no_forecast_record"", ""zero_basis"": null}","{""candidates"": 0, ""reasons"": [], ""state"": ""no_forecast_record"", ""zero_basis"": null}",False,False,False,0,0,upstream_goal_with_paid_return_reserve,upstream_goal_with_paid_return_reserve,,
dev_AISLE_S_b160_n92801__vs__dev_AISLE_NBV_b160_n92801,126,instance_0000,0.07500000000000001,True,,"[0.19999999999999996, 0.225, 0.25, 0.325]","[0.25, 0.25, 0.25, 0.25]","{""candidates"": 8, ""positive"": 0, ""reasons"": [""no_reliable_observed_label_plane""], ""repeated"": 0, ""state"": ""all_structure_gains_zero"", ""zero_basis"": true}","{""candidates"": 8, ""positive"": 0, ""reasons"": [""no_reliable_observed_label_plane""], ""repeated"": 0, ""state"": ""all_structure_gains_zero"", ""zero_basis"": true}",True,True,True,0,0,return,return,34,34
dev_AISLE_S_b160_n92801__vs__dev_AISLE_NBV_b160_n92801,126,instance_0002,0.0002155203165066233,True,,"[0.0006582578573050952, 7.199742770134283e-05, 0.9992697446762109, 3.87827106134246e-11]","[0.0004558152661770281, 5.891969123127352e-05, 0.9994852649927175, 4.987423952198099e-11]","{""candidates"": 8, ""positive"": 5, ""reasons"": [], ""repeated"": 0, ""state"": ""nonzero_structure_gain_available"", ""zero_basis"": false}","{""candidates"": 8, ""positive"": 5, ""reasons"": [], ""repeated"": 0, ""state"": ""nonzero_structure_gain_available"", ""zero_basis"": false}",False,True,True,0,0,return,return,34,34
dev_AISLE_S_b160_n92801__vs__dev_AISLE_NBV_b160_n92801,127,instance_0000,0.07500000000000001,True,,"[0.19999999999999996, 0.225, 0.25, 0.325]","[0.25, 0.25, 0.25, 0.25]","{""candidates"": 8, ""positive"": 0, ""reasons"": [""no_reliable_observed_label_plane""], ""repeated"": 0, ""state"": ""all_structure_gains_zero"", ""zero_basis"": true}","{""candidates"": 8, ""positive"": 0, ""reasons"": [""no_reliable_observed_label_plane""], ""repeated"": 0, ""state"": ""all_structure_gains_zero"", ""zero_basis"": true}",True,True,True,0,0,return,return,33,33
dev_AISLE_S_b160_n92801__vs__dev_AISLE_NBV_b160_n92801,127,instance_0002,0.0002155203165066233,True,,"[0.0006582578573050952, 7.199742770134283e-05, 0.9992697446762109, 3.87827106134246e-11]","[0.0004558152661770281, 5.891969123127352e-05, 0.9994852649927175, 4.987423952198099e-11]","{""candidates"": 8, ""positive"": 5, ""reasons"": [], ""repeated"": 0, ""state"": ""nonzero_structure_gain_available"", ""zero_basis"": false}","{""candidates"": 8, ""positive"": 5, ""reasons"": [], ""repeated"": 0, ""state"": ""nonzero_structure_gain_available"", ""zero_basis"": false}",False,True,True,0,0,return,return,33,33
dev_AISLE_S_b160_n92801__vs__dev_AISLE_NBV_b160_n92801,128,instance_0000,0.07500000000000001,True,,"[0.19999999999999996, 0.225, 0.25, 0.325]","[0.25, 0.25, 0.25, 0.25]","{""candidates"": 8, ""positive"": 0, ""reasons"": [""no_reliable_observed_label_plane""], ""repeated"": 0, ""state"": ""all_structure_gains_zero"", ""zero_basis"": true}","{""candidates"": 8, ""positive"": 0, ""reasons"": [""no_reliable_observed_label_plane""], ""repeated"": 0, ""state"": ""all_structure_gains_zero"", ""zero_basis"": true}",True,True,True,0,0,return,return,32,32
dev_AISLE_S_b160_n92801__vs__dev_AISLE_NBV_b160_n92801,128,instance_0002,0.0002155203165066233,True,,"[0.0006582578573050952, 7.199742770134283e-05, 0.9992697446762109, 3.87827106134246e-11]","[0.0004558152661770281, 5.891969123127352e-05, 0.9994852649927175, 4.987423952198099e-11]","{""candidates"": 8, ""positive"": 4, ""reasons"": [], ""repeated"": 0, ""state"": ""nonzero_structure_gain_available"", ""zero_basis"": false}","{""candidates"": 8, ""positive"": 4, ""reasons"": [], ""repeated"": 0, ""state"": ""nonzero_structure_gain_available"", ""zero_basis"": false}",False,True,True,0,0,return,return,32,32
dev_AISLE_S_b160_n92801__vs__dev_AISLE_NBV_b160_n92801,129,instance_0000,0.07500000000000001,True,,"[0.19999999999999996, 0.225, 0.25, 0.325]","[0.25, 0.25, 0.25, 0.25]","{""candidates"": 8, ""positive"": 0, ""reasons"": [""no_reliable_observed_label_plane""], ""repeated"": 0, ""state"": ""all_structure_gains_zero"", ""zero_basis"": true}","{""candidates"": 8, ""positive"": 0, ""reasons"": [""no_reliable_observed_label_plane""], ""repeated"": 0, ""state"": ""all_structure_gains_zero"", ""zero_basis"": true}",True,True,True,0,0,return,return,31,31
dev_AISLE_S_b160_n92801__vs__dev_AISLE_NBV_b160_n92801,129,instance_0002,0.0002155203165066233,True,,"[0.0006582578573050952, 7.199742770134283e-05, 0.9992697446762109, 3.87827106134246e-11]","[0.0004558152661770281, 5.891969123127352e-05, 0.9994852649927175, 4.987423952198099e-11]","{""candidates"": 8, ""positive"": 3, ""reasons"": [], ""repeated"": 0, ""state"": ""nonzero_structure_gain_available"", ""zero_basis"": false}","{""candidates"": 8, ""positive"": 3, ""reasons"": [], ""repeated"": 0, ""state"": ""nonzero_structure_gain_available"", ""zero_basis"": false}",False,True,True,0,0,return,return,31,31
dev_AISLE_S_b160_n92801__vs__dev_AISLE_NBV_b160_n92801,130,instance_0000,0.07500000000000001,True,,"[0.19999999999999996, 0.225, 0.25, 0.325]","[0.25, 0.25, 0.25, 0.25]","{""candidates"": 8, ""positive"": 0, ""reasons"": [""no_reliable_observed_label_plane""], ""repeated"": 0, ""state"": ""all_structure_gains_zero"", ""zero_basis"": true}","{""candidates"": 8, ""positive"": 0, ""reasons"": [""no_reliable_observed_label_plane""], ""repeated"": 0, ""state"": ""all_structure_gains_zero"", ""zero_basis"": true}",True,True,True,0,0,return,return,30,30
dev_AISLE_S_b160_n92801__vs__dev_AISLE_NBV_b160_n92801,130,instance_0002,0.0002155203165066233,True,,"[0.0006582578573050952, 7.199742770134283e-05, 0.9992697446762109, 3.87827106134246e-11]","[0.0004558152661770281, 5.891969123127352e-05, 0.9994852649927175, 4.987423952198099e-11]","{""candidates"": 8, ""positive"": 3, ""reasons"": [], ""repeated"": 0, ""state"": ""nonzero_structure_gain_available"", ""zero_basis"": false}","{""candidates"": 8, ""positive"": 3, ""reasons"": [], ""repeated"": 0, ""state"": ""nonzero_structure_gain_available"", ""zero_basis"": false}",False,True,True,0,0,return,return,30,30
dev_AISLE_S_b160_n92801__vs__dev_AISLE_NBV_b160_n92801,131,instance_0000,0.07500000000000001,True,,"[0.19999999999999996, 0.225, 0.25, 0.325]","[0.25, 0.25, 0.25, 0.25]","{""candidates"": 8, ""positive"": 0, ""reasons"": [""no_reliable_observed_label_plane""], ""repeated"": 0, ""state"": ""all_structure_gains_zero"", ""zero_basis"": true}","{""candidates"": 8, ""positive"": 0, ""reasons"": [""no_reliable_observed_label_plane""], ""repeated"": 0, ""state"": ""all_structure_gains_zero"", ""zero_basis"": true}",True,True,True,0,0,return,return,29,29
dev_AISLE_S_b160_n92801__vs__dev_AISLE_NBV_b160_n92801,131,instance_0002,0.0002155203165066233,True,,"[0.0006582578573050952, 7.199742770134283e-05, 0.9992697446762109, 3.87827106134246e-11]","[0.0004558152661770281, 5.891969123127352e-05, 0.9994852649927175, 4.987423952198099e-11]","{""candidates"": 8, ""positive"": 4, ""reasons"": [], ""repeated"": 0, ""state"": ""nonzero_structure_gain_available"", ""zero_basis"": false}","{""candidates"": 8, ""positive"": 4, ""reasons"": [], ""repeated"": 0, ""state"": ""nonzero_structure_gain_available"", ""zero_basis"": false}",False,True,True,0,0,return,return,29,29
dev_AISLE_S_b160_n92801__vs__dev_AISLE_NBV_b160_n92801,132,instance_0000,0.07500000000000001,True,,"[0.19999999999999996, 0.225, 0.25, 0.325]","[0.25, 0.25, 0.25, 0.25]","{""candidates"": 8, ""positive"": 0, ""reasons"": [""no_reliable_observed_label_plane""], ""repeated"": 0, ""state"": ""all_structure_gains_zero"", ""zero_basis"": true}","{""candidates"": 8, ""positive"": 0, ""reasons"": [""no_reliable_observed_label_plane""], ""repeated"": 0, ""state"": ""all_structure_gains_zero"", ""zero_basis"": true}",True,True,True,0,0,return,return,28,28
dev_AISLE_S_b160_n92801__vs__dev_AISLE_NBV_b160_n92801,132,instance_0002,0.0002155203165066233,True,,"[0.0006582578573050952, 7.199742770134283e-05, 0.9992697446762109, 3.87827106134246e-11]","[0.0004558152661770281, 5.891969123127352e-05, 0.9994852649927175, 4.987423952198099e-11]","{""candidates"": 8, ""positive"": 3, ""reasons"": [], ""repeated"": 0, ""state"": ""nonzero_structure_gain_available"", ""zero_basis"": false}","{""candidates"": 8, ""positive"": 3, ""reasons"": [], ""repeated"": 0, ""state"": ""nonzero_structure_gain_available"", ""zero_basis"": false}",False,True,True,0,0,return,return,28,28
dev_AISLE_S_b160_n92801__vs__dev_AISLE_NBV_b160_n92801,133,instance_0000,0.07500000000000001,True,,"[0.19999999999999996, 0.225, 0.25, 0.325]","[0.25, 0.25, 0.25, 0.25]","{""candidates"": 8, ""positive"": 0, ""reasons"": [""no_reliable_observed_label_plane""], ""repeated"": 0, ""state"": ""all_structure_gains_zero"", ""zero_basis"": true}","{""candidates"": 8, ""positive"": 0, ""reasons"": [""no_reliable_observed_label_plane""], ""repeated"": 0, ""state"": ""all_structure_gains_zero"", ""zero_basis"": true}",True,True,True,0,0,return,return,27,27
dev_AISLE_S_b160_n92801__vs__dev_AISLE_NBV_b160_n92801,133,instance_0002,0.0002155203165066233,True,,"[0.0006582578573050952, 7.199742770134283e-05, 0.9992697446762109, 3.87827106134246e-11]","[0.0004558152661770281, 5.891969123127352e-05, 0.9994852649927175, 4.987423952198099e-11]","{""candidates"": 8, ""positive"": 3, ""reasons"": [], ""repeated"": 0, ""state"": ""nonzero_structure_gain_available"", ""zero_basis"": false}","{""candidates"": 8, ""positive"": 3, ""reasons"": [], ""repeated"": 0, ""state"": ""nonzero_structure_gain_available"", ""zero_basis"": false}",False,True,True,0,0,return,return,27,27
dev_AISLE_S_b160_n92801__vs__dev_AISLE_NBV_b160_n92801,134,instance_0000,0.07500000000000001,True,,"[0.19999999999999996, 0.225, 0.25, 0.325]","[0.25, 0.25, 0.25, 0.25]","{""candidates"": 8, ""positive"": 0, ""reasons"": [""no_reliable_observed_label_plane""], ""repeated"": 0, ""state"": ""all_structure_gains_zero"", ""zero_basis"": true}","{""candidates"": 8, ""positive"": 0, ""reasons"": [""no_reliable_observed_label_plane""], ""repeated"": 0, ""state"": ""all_structure_gains_zero"", ""zero_basis"": true}",True,True,True,0,0,return,return,26,26
dev_AISLE_S_b160_n92801__vs__dev_AISLE_NBV_b160_n92801,134,instance_0002,0.0002155203165066233,True,,"[0.0006582578573050952, 7.199742770134283e-05, 0.9992697446762109, 3.87827106134246e-11]","[0.0004558152661770281, 5.891969123127352e-05, 0.9994852649927175, 4.987423952198099e-11]","{""candidates"": 8, ""positive"": 4, ""reasons"": [], ""repeated"": 0, ""state"": ""nonzero_structure_gain_available"", ""zero_basis"": false}","{""candidates"": 8, ""positive"": 4, ""reasons"": [], ""repeated"": 0, ""state"": ""nonzero_structure_gain_available"", ""zero_basis"": false}",False,True,True,0,0,return,return,26,26
dev_AISLE_S_b160_n92801__vs__dev_AISLE_NBV_b160_n92801,135,instance_0000,0.07500000000000001,True,,"[0.19999999999999996, 0.225, 0.25, 0.325]","[0.25, 0.25, 0.25, 0.25]","{""candidates"": 8, ""positive"": 0, ""reasons"": [""no_reliable_observed_label_plane""], ""repeated"": 0, ""state"": ""all_structure_gains_zero"", ""zero_basis"": true}","{""candidates"": 8, ""positive"": 0, ""reasons"": [""no_reliable_observed_label_plane""], ""repeated"": 0, ""state"": ""all_structure_gains_zero"", ""zero_basis"": true}",True,True,True,0,0,return,return,25,25
dev_AISLE_S_b160_n92801__vs__dev_AISLE_NBV_b160_n92801,135,instance_0002,0.0002155203165066233,True,,"[0.0006582578573050952, 7.199742770134283e-05, 0.9992697446762109, 3.87827106134246e-11]","[0.0004558152661770281, 5.891969123127352e-05, 0.9994852649927175, 4.987423952198099e-11]","{""candidates"": 8, ""positive"": 4, ""reasons"": [], ""repeated"": 0, ""state"": ""nonzero_structure_gain_available"", ""zero_basis"": false}","{""candidates"": 8, ""positive"": 4, ""reasons"": [], ""repeated"": 0, ""state"": ""nonzero_structure_gain_available"", ""zero_basis"": false}",False,True,True,0,0,return,return,25,25
dev_AISLE_S_b160_n92801__vs__dev_AISLE_NBV_b160_n92801,136,instance_0000,0.07500000000000001,True,,"[0.19999999999999996, 0.225, 0.25, 0.325]","[0.25, 0.25, 0.25, 0.25]","{""candidates"": 8, ""positive"": 0, ""reasons"": [""no_reliable_observed_label_plane""], ""repeated"": 0, ""state"": ""all_structure_gains_zero"", ""zero_basis"": true}","{""candidates"": 8, ""positive"": 0, ""reasons"": [""no_reliable_observed_label_plane""], ""repeated"": 0, ""state"": ""all_structure_gains_zero"", ""zero_basis"": true}",True,True,True,0,0,return,return,24,24
dev_AISLE_S_b160_n92801__vs__dev_AISLE_NBV_b160_n92801,136,instance_0001,0.06488283289053554,True,,"[0.3347977024282241, 0.2877985527655419, 0.24079940310285985, 0.13660434170337418]","[0.26991486953768856, 0.26991486953768856, 0.26991486953768856, 0.19025539138693426]","{""candidates"": 8, ""positive"": 7, ""reasons"": [], ""repeated"": 0, ""state"": ""nonzero_structure_gain_available"", ""zero_basis"": false}","{""candidates"": 8, ""positive"": 7, ""reasons"": [], ""repeated"": 0, ""state"": ""nonzero_structure_gain_available"", ""zero_basis"": false}",False,True,True,0,0,return,return,24,24
dev_AISLE_S_b160_n92801__vs__dev_AISLE_NBV_b160_n92801,136,instance_0002,0.0002211227851460773,True,,"[0.0006635203693802738, 7.233738455383239e-05, 0.9992641422075714, 3.8494385392490375e-11]","[0.0004558152661770281, 5.891969123127352e-05, 0.9994852649927175, 4.987423952198099e-11]","{""candidates"": 8, ""positive"": 4, ""reasons"": [], ""repeated"": 0, ""state"": ""nonzero_structure_gain_available"", ""zero_basis"": false}","{""candidates"": 8, ""positive"": 4, ""reasons"": [], ""repeated"": 0, ""state"": ""nonzero_structure_gain_available"", ""zero_basis"": false}",False,True,True,0,0,return,return,24,24
dev_AISLE_S_b160_n92801__vs__dev_AISLE_NBV_b160_n92801,137,instance_0002,0.0002155203165066233,True,,"[0.0006582578573050952, 7.199742770134283e-05, 0.9992697446762109, 3.87827106134246e-11]","[0.0004558152661770281, 5.891969123127352e-05, 0.9994852649927175, 4.987423952198099e-11]","{""candidates"": 8, ""positive"": 5, ""reasons"": [], ""repeated"": 0, ""state"": ""nonzero_structure_gain_available"", ""zero_basis"": false}","{""candidates"": 8, ""positive"": 5, ""reasons"": [], ""repeated"": 0, ""state"": ""nonzero_structure_gain_available"", ""zero_basis"": false}",False,True,True,0,0,return,return,23,23
dev_AISLE_S_b160_n92801__vs__dev_AISLE_NBV_b160_n92801,138,instance_0002,0.0002155203165066233,True,,"[0.0006582578573050952, 7.199742770134283e-05, 0.9992697446762109, 3.87827106134246e-11]","[0.0004558152661770281, 5.891969123127352e-05, 0.9994852649927175, 4.987423952198099e-11]","{""candidates"": 8, ""positive"": 6, ""reasons"": [], ""repeated"": 0, ""state"": ""nonzero_structure_gain_available"", ""zero_basis"": false}","{""candidates"": 8, ""positive"": 6, ""reasons"": [], ""repeated"": 0, ""state"": ""nonzero_structure_gain_available"", ""zero_basis"": false}",False,True,True,0,0,return,return,22,22
dev_AISLE_S_b160_n92801__vs__dev_AISLE_NBV_b160_n92801,139,instance_0001,0.06488283289053554,True,,"[0.3347977024282241, 0.2877985527655419, 0.24079940310285985, 0.13660434170337418]","[0.26991486953768856, 0.26991486953768856, 0.26991486953768856, 0.19025539138693426]","{""candidates"": 8, ""positive"": 7, ""reasons"": [], ""repeated"": 0, ""state"": ""nonzero_structure_gain_available"", ""zero_basis"": false}","{""candidates"": 8, ""positive"": 7, ""reasons"": [], ""repeated"": 0, ""state"": ""nonzero_structure_gain_available"", ""zero_basis"": false}",False,True,True,0,0,return,return,21,21
dev_AISLE_S_b160_n92801__vs__dev_AISLE_NBV_b160_n92801,139,instance_0002,0.0002211227851460773,True,,"[0.0006635203693802738, 7.233738455383239e-05, 0.9992641422075714, 3.8494385392490375e-11]","[0.0004558152661770281, 5.891969123127352e-05, 0.9994852649927175, 4.987423952198099e-11]","{""candidates"": 8, ""positive"": 7, ""reasons"": [], ""repeated"": 0, ""state"": ""nonzero_structure_gain_available"", ""zero_basis"": false}","{""candidates"": 8, ""positive"": 7, ""reasons"": [], ""repeated"": 0, ""state"": ""nonzero_structure_gain_available"", ""zero_basis"": false}",False,True,True,0,0,return,return,21,21
dev_AISLE_S_b160_n92801__vs__dev_AISLE_NBV_b160_n92801,140,instance_0002,0.0002155203165066233,True,,"[0.0006582578573050952, 7.199742770134283e-05, 0.9992697446762109, 3.87827106134246e-11]","[0.0004558152661770281, 5.891969123127352e-05, 0.9994852649927175, 4.987423952198099e-11]","{""candidates"": 8, ""positive"": 7, ""reasons"": [], ""repeated"": 0, ""state"": ""nonzero_structure_gain_available"", ""zero_basis"": false}","{""candidates"": 8, ""positive"": 7, ""reasons"": [], ""repeated"": 0, ""state"": ""nonzero_structure_gain_available"", ""zero_basis"": false}",False,True,True,0,0,return,return,20,20
dev_AISLE_S_b160_n92801__vs__dev_AISLE_NBV_b160_n92801,141,instance_0002,0.0002155203165066233,True,,"[0.0006582578573050952, 7.199742770134283e-05, 0.9992697446762109, 3.87827106134246e-11]","[0.0004558152661770281, 5.891969123127352e-05, 0.9994852649927175, 4.987423952198099e-11]","{""candidates"": 8, ""positive"": 6, ""reasons"": [], ""repeated"": 0, ""state"": ""nonzero_structure_gain_available"", ""zero_basis"": false}","{""candidates"": 8, ""positive"": 6, ""reasons"": [], ""repeated"": 0, ""state"": ""nonzero_structure_gain_available"", ""zero_basis"": false}",False,True,True,0,0,return,return,19,19
dev_AISLE_S_b160_n92801__vs__dev_AISLE_NBV_b160_n92801,142,instance_0001,0.05903500777486115,True,,"[0.3691884409668936, 0.3173614939332435, 0.2655345468995934, 0.047915518200269604]","[0.3101534331920325, 0.3101534331920325, 0.3101534331920325, 0.06953970042390258]","{""candidates"": 8, ""positive"": 6, ""reasons"": [], ""repeated"": 0, ""state"": ""nonzero_structure_gain_available"", ""zero_basis"": false}","{""candidates"": 8, ""positive"": 6, ""reasons"": [], ""repeated"": 0, ""state"": ""nonzero_structure_gain_available"", ""zero_basis"": false}",False,True,True,0,0,return,return,18,18
dev_AISLE_S_b160_n92801__vs__dev_AISLE_NBV_b160_n92801,142,instance_0002,0.00023176002507985238,True,,"[0.0006735121439357477, 7.298285047963725e-05, 0.9992535049676377, 3.7946950903965804e-11]","[0.0004558152661770281, 5.891969123127352e-05, 0.9994852649927175, 4.987423952198099e-11]","{""candidates"": 8, ""positive"": 6, ""reasons"": [], ""repeated"": 0, ""state"": ""nonzero_structure_gain_available"", ""zero_basis"": false}","{""candidates"": 8, ""positive"": 6, ""reasons"": [], ""repeated"": 0, ""state"": ""nonzero_structure_gain_available"", ""zero_basis"": false}",False,True,True,0,0,return,return,18,18
dev_AISLE_S_b160_n92801__vs__dev_AISLE_NBV_b160_n92801,143,instance_0001,0.05557876433997122,True,,"[0.3835305698386946, 0.3296902641217609, 0.2758499584048273, 0.010929207634717325]","[0.3279518054987234, 0.3279518054987234, 0.3279518054987234, 0.016144583503829926]","{""candidates"": 8, ""positive"": 6, ""reasons"": [], ""repeated"": 0, ""state"": ""nonzero_structure_gain_available"", ""zero_basis"": false}","{""candidates"": 8, ""positive"": 6, ""reasons"": [], ""repeated"": 0, ""state"": ""nonzero_structure_gain_available"", ""zero_basis"": false}",False,True,True,0,0,return,return,17,17
dev_AISLE_S_b160_n92801__vs__dev_AISLE_NBV_b160_n92801,143,instance_0002,0.00023619612248448885,True,,"[0.0006776790599259777, 7.325203212224274e-05, 0.999249068870233, 3.7718651765392033e-11]","[0.0004558152661770281, 5.891969123127352e-05, 0.9994852649927175, 4.987423952198099e-11]","{""candidates"": 8, ""positive"": 4, ""reasons"": [], ""repeated"": 0, ""state"": ""nonzero_structure_gain_available"", ""zero_basis"": false}","{""candidates"": 8, ""positive"": 4, ""reasons"": [], ""repeated"": 0, ""state"": ""nonzero_structure_gain_available"", ""zero_basis"": false}",False,True,True,0,0,return,return,17,17
dev_AISLE_S_b160_n92801__vs__dev_AISLE_NBV_b160_n92801,144,instance_0001,0.05476374967969305,True,,"[0.3865724716373743, 0.33230514149088686, 0.2780378113443994, 0.0030845755273395093]","[0.33180872195768124, 0.33180872195768124, 0.33180872195768124, 0.004573834126956388]","{""candidates"": 8, ""positive"": 6, ""reasons"": [], ""repeated"": 0, ""state"": ""nonzero_structure_gain_available"", ""zero_basis"": false}","{""candidates"": 8, ""positive"": 6, ""reasons"": [], ""repeated"": 0, ""state"": ""nonzero_structure_gain_available"", ""zero_basis"": false}",False,True,True,0,0,return,return,16,16
dev_AISLE_S_b160_n92801__vs__dev_AISLE_NBV_b160_n92801,144,instance_0002,0.0002371369990303851,True,,"[0.0006785628442901353, 7.330912435242236e-05, 0.9992481279936871, 3.76702305326398e-11]","[0.0004558152661770281, 5.891969123127352e-05, 0.9994852649927175, 4.987423952198099e-11]","{""candidates"": 8, ""positive"": 4, ""reasons"": [], ""repeated"": 0, ""state"": ""nonzero_structure_gain_available"", ""zero_basis"": false}","{""candidates"": 8, ""positive"": 4, ""reasons"": [], ""repeated"": 0, ""state"": ""nonzero_structure_gain_available"", ""zero_basis"": false}",False,True,True,0,0,return,return,16,16
dev_AISLE_S_b160_n92801__vs__dev_AISLE_NBV_b160_n92801,145,instance_0001,0.05476374967969305,True,,"[0.3865724716373743, 0.33230514149088686, 0.2780378113443994, 0.0030845755273395093]","[0.33180872195768124, 0.33180872195768124, 0.33180872195768124, 0.004573834126956388]","{""candidates"": 8, ""positive"": 7, ""reasons"": [], ""repeated"": 0, ""state"": ""nonzero_structure_gain_available"", ""zero_basis"": false}","{""candidates"": 8, ""positive"": 7, ""reasons"": [], ""repeated"": 0, ""state"": ""nonzero_structure_gain_available"", ""zero_basis"": false}",False,True,True,0,0,return,return,15,15
dev_AISLE_S_b160_n92801__vs__dev_AISLE_NBV_b160_n92801,145,instance_0002,0.0002371369990303851,True,,"[0.0006785628442901353, 7.330912435242236e-05, 0.9992481279936871, 3.76702305326398e-11]","[0.0004558152661770281, 5.891969123127352e-05, 0.9994852649927175, 4.987423952198099e-11]","{""candidates"": 8, ""positive"": 5, ""reasons"": [], ""repeated"": 0, ""state"": ""nonzero_structure_gain_available"", ""zero_basis"": false}","{""candidates"": 8, ""positive"": 5, ""reasons"": [], ""repeated"": 0, ""state"": ""nonzero_structure_gain_available"", ""zero_basis"": false}",False,True,True,0,0,return,return,15,15
dev_AISLE_S_b160_n92801__vs__dev_AISLE_NBV_b160_n92801,146,instance_0002,0.0002155203165066233,True,,"[0.0006582578573050952, 7.199742770134283e-05, 0.9992697446762109, 3.87827106134246e-11]","[0.0004558152661770281, 5.891969123127352e-05, 0.9994852649927175, 4.987423952198099e-11]","{""candidates"": 8, ""positive"": 6, ""reasons"": [], ""repeated"": 0, ""state"": ""nonzero_structure_gain_available"", ""zero_basis"": false}","{""candidates"": 8, ""positive"": 6, ""reasons"": [], ""repeated"": 0, ""state"": ""nonzero_structure_gain_available"", ""zero_basis"": false}",False,True,True,0,0,return,return,14,14
dev_AISLE_S_b160_n92801__vs__dev_AISLE_NBV_b160_n92801,147,instance_0001,0.05476374967969305,True,,"[0.3865724716373743, 0.33230514149088686, 0.2780378113443994, 0.0030845755273395093]","[0.33180872195768124, 0.33180872195768124, 0.33180872195768124, 0.004573834126956388]","{""candidates"": 8, ""positive"": 7, ""reasons"": [], ""repeated"": 0, ""state"": ""nonzero_structure_gain_available"", ""zero_basis"": false}","{""candidates"": 8, ""positive"": 7, ""reasons"": [], ""repeated"": 0, ""state"": ""nonzero_structure_gain_available"", ""zero_basis"": false}",False,True,True,0,0,return,return,13,13
dev_AISLE_S_b160_n92801__vs__dev_AISLE_NBV_b160_n92801,147,instance_0002,0.0002371369990303851,True,,"[0.0006785628442901353, 7.330912435242236e-05, 0.9992481279936871, 3.76702305326398e-11]","[0.0004558152661770281, 5.891969123127352e-05, 0.9994852649927175, 4.987423952198099e-11]","{""candidates"": 8, ""positive"": 6, ""reasons"": [], ""repeated"": 0, ""state"": ""nonzero_structure_gain_available"", ""zero_basis"": false}","{""candidates"": 8, ""positive"": 6, ""reasons"": [], ""repeated"": 0, ""state"": ""nonzero_structure_gain_available"", ""zero_basis"": false}",False,True,True,0,0,return,return,13,13
dev_AISLE_S_b160_n92801__vs__dev_AISLE_NBV_b160_n92801,148,instance_0001,0.05476374967969305,True,,"[0.3865724716373743, 0.33230514149088686, 0.2780378113443994, 0.0030845755273395093]","[0.33180872195768124, 0.33180872195768124, 0.33180872195768124, 0.004573834126956388]","{""candidates"": 8, ""positive"": 7, ""reasons"": [], ""repeated"": 0, ""state"": ""nonzero_structure_gain_available"", ""zero_basis"": false}","{""candidates"": 8, ""positive"": 7, ""reasons"": [], ""repeated"": 0, ""state"": ""nonzero_structure_gain_available"", ""zero_basis"": false}",False,True,True,0,0,return,return,12,12
dev_AISLE_S_b160_n92801__vs__dev_AISLE_NBV_b160_n92801,148,instance_0002,0.0002371369990303851,True,,"[0.0006785628442901353, 7.330912435242236e-05, 0.9992481279936871, 3.76702305326398e-11]","[0.0004558152661770281, 5.891969123127352e-05, 0.9994852649927175, 4.987423952198099e-11]","{""candidates"": 8, ""positive"": 5, ""reasons"": [], ""repeated"": 0, ""state"": ""nonzero_structure_gain_available"", ""zero_basis"": false}","{""candidates"": 8, ""positive"": 5, ""reasons"": [], ""repeated"": 0, ""state"": ""nonzero_structure_gain_available"", ""zero_basis"": false}",False,True,True,0,0,return,return,12,12
dev_AISLE_S_b160_n92801__vs__dev_AISLE_NBV_b160_n92801,149,instance_0001,0.05476374967969305,True,,"[0.3865724716373743, 0.33230514149088686, 0.2780378113443994, 0.0030845755273395093]","[0.33180872195768124, 0.33180872195768124, 0.33180872195768124, 0.004573834126956388]","{""candidates"": 8, ""positive"": 6, ""reasons"": [], ""repeated"": 0, ""state"": ""nonzero_structure_gain_available"", ""zero_basis"": false}","{""candidates"": 8, ""positive"": 6, ""reasons"": [], ""repeated"": 0, ""state"": ""nonzero_structure_gain_available"", ""zero_basis"": false}",False,True,True,0,0,return,return,11,11
dev_AISLE_S_b160_n92801__vs__dev_AISLE_NBV_b160_n92801,149,instance_0002,0.0002371369990303851,True,,"[0.0006785628442901353, 7.330912435242236e-05, 0.9992481279936871, 3.76702305326398e-11]","[0.0004558152661770281, 5.891969123127352e-05, 0.9994852649927175, 4.987423952198099e-11]","{""candidates"": 8, ""positive"": 6, ""reasons"": [], ""repeated"": 0, ""state"": ""nonzero_structure_gain_available"", ""zero_basis"": false}","{""candidates"": 8, ""positive"": 6, ""reasons"": [], ""repeated"": 0, ""state"": ""nonzero_structure_gain_available"", ""zero_basis"": false}",False,True,True,0,0,return,return,11,11
dev_AISLE_S_b160_n92801__vs__dev_AISLE_NBV_b160_n92801,150,instance_0001,0.05476374967969305,True,,"[0.3865724716373743, 0.33230514149088686, 0.2780378113443994, 0.0030845755273395093]","[0.33180872195768124, 0.33180872195768124, 0.33180872195768124, 0.004573834126956388]","{""candidates"": 8, ""positive"": 6, ""reasons"": [], ""repeated"": 0, ""state"": ""nonzero_structure_gain_available"", ""zero_basis"": false}","{""candidates"": 8, ""positive"": 6, ""reasons"": [], ""repeated"": 0, ""state"": ""nonzero_structure_gain_available"", ""zero_basis"": false}",False,True,True,0,0,return,return,10,10
dev_AISLE_S_b160_n92801__vs__dev_AISLE_NBV_b160_n92801,150,instance_0002,0.0002371369990303851,True,,"[0.0006785628442901353, 7.330912435242236e-05, 0.9992481279936871, 3.76702305326398e-11]","[0.0004558152661770281, 5.891969123127352e-05, 0.9994852649927175, 4.987423952198099e-11]","{""candidates"": 8, ""positive"": 6, ""reasons"": [], ""repeated"": 0, ""state"": ""nonzero_structure_gain_available"", ""zero_basis"": false}","{""candidates"": 8, ""positive"": 6, ""reasons"": [], ""repeated"": 0, ""state"": ""nonzero_structure_gain_available"", ""zero_basis"": false}",False,True,True,0,0,return,return,10,10
dev_AISLE_S_b160_n92801__vs__dev_AISLE_NBV_b160_n92801,151,instance_0001,0.05476374967969305,True,,"[0.3865724716373743, 0.33230514149088686, 0.2780378113443994, 0.0030845755273395093]","[0.33180872195768124, 0.33180872195768124, 0.33180872195768124, 0.004573834126956388]","{""candidates"": 8, ""positive"": 6, ""reasons"": [], ""repeated"": 0, ""state"": ""nonzero_structure_gain_available"", ""zero_basis"": false}","{""candidates"": 8, ""positive"": 6, ""reasons"": [], ""repeated"": 0, ""state"": ""nonzero_structure_gain_available"", ""zero_basis"": false}",False,True,True,0,0,return,return,9,9
dev_AISLE_S_b160_n92801__vs__dev_AISLE_NBV_b160_n92801,151,instance_0002,0.0002371369990303851,True,,"[0.0006785628442901353, 7.330912435242236e-05, 0.9992481279936871, 3.76702305326398e-11]","[0.0004558152661770281, 5.891969123127352e-05, 0.9994852649927175, 4.987423952198099e-11]","{""candidates"": 8, ""positive"": 6, ""reasons"": [], ""repeated"": 0, ""state"": ""nonzero_structure_gain_available"", ""zero_basis"": false}","{""candidates"": 8, ""positive"": 6, ""reasons"": [], ""repeated"": 0, ""state"": ""nonzero_structure_gain_available"", ""zero_basis"": false}",False,True,True,0,0,return,return,9,9
dev_AISLE_S_b160_n92801__vs__dev_AISLE_NBV_b160_n92801,152,instance_0001,0.05476374967969305,True,,"[0.3865724716373743, 0.33230514149088686, 0.2780378113443994, 0.0030845755273395093]","[0.33180872195768124, 0.33180872195768124, 0.33180872195768124, 0.004573834126956388]","{""candidates"": 8, ""positive"": 7, ""reasons"": [], ""repeated"": 0, ""state"": ""nonzero_structure_gain_available"", ""zero_basis"": false}","{""candidates"": 8, ""positive"": 7, ""reasons"": [], ""repeated"": 0, ""state"": ""nonzero_structure_gain_available"", ""zero_basis"": false}",False,True,True,0,0,return,return,8,8
dev_AISLE_S_b160_n92801__vs__dev_AISLE_NBV_b160_n92801,152,instance_0002,0.0002371369990303851,True,,"[0.0006785628442901353, 7.330912435242236e-05, 0.9992481279936871, 3.76702305326398e-11]","[0.0004558152661770281, 5.891969123127352e-05, 0.9994852649927175, 4.987423952198099e-11]","{""candidates"": 8, ""positive"": 7, ""reasons"": [], ""repeated"": 0, ""state"": ""nonzero_structure_gain_available"", ""zero_basis"": false}","{""candidates"": 8, ""positive"": 7, ""reasons"": [], ""repeated"": 0, ""state"": ""nonzero_structure_gain_available"", ""zero_basis"": false}",False,True,True,0,0,return,return,8,8
dev_AISLE_S_b160_n92801__vs__dev_AISLE_NBV_b160_n92801,153,instance_0001,0.05476374967969305,True,,"[0.3865724716373743, 0.33230514149088686, 0.2780378113443994, 0.0030845755273395093]","[0.33180872195768124, 0.33180872195768124, 0.33180872195768124, 0.004573834126956388]","{""candidates"": 8, ""positive"": 7, ""reasons"": [], ""repeated"": 0, ""state"": ""nonzero_structure_gain_available"", ""zero_basis"": false}","{""candidates"": 8, ""positive"": 7, ""reasons"": [], ""repeated"": 0, ""state"": ""nonzero_structure_gain_available"", ""zero_basis"": false}",False,True,True,0,0,return,return,7,7
dev_AISLE_S_b160_n92801__vs__dev_AISLE_NBV_b160_n92801,153,instance_0002,0.0002371369990303851,True,,"[0.0006785628442901353, 7.330912435242236e-05, 0.9992481279936871, 3.76702305326398e-11]","[0.0004558152661770281, 5.891969123127352e-05, 0.9994852649927175, 4.987423952198099e-11]","{""candidates"": 8, ""positive"": 8, ""reasons"": [], ""repeated"": 0, ""state"": ""nonzero_structure_gain_available"", ""zero_basis"": false}","{""candidates"": 8, ""positive"": 8, ""reasons"": [], ""repeated"": 0, ""state"": ""nonzero_structure_gain_available"", ""zero_basis"": false}",False,True,True,0,0,return,return,7,7
dev_AISLE_S_b160_n92801__vs__dev_AISLE_NBV_b160_n92801,154,instance_0001,0.05476374967969305,True,,"[0.3865724716373743, 0.33230514149088686, 0.2780378113443994, 0.0030845755273395093]","[0.33180872195768124, 0.33180872195768124, 0.33180872195768124, 0.004573834126956388]","{""candidates"": 8, ""positive"": 7, ""reasons"": [], ""repeated"": 0, ""state"": ""nonzero_structure_gain_available"", ""zero_basis"": false}","{""candidates"": 8, ""positive"": 7, ""reasons"": [], ""repeated"": 0, ""state"": ""nonzero_structure_gain_available"", ""zero_basis"": false}",False,True,True,0,0,return,return,6,6
dev_AISLE_S_b160_n92801__vs__dev_AISLE_NBV_b160_n92801,154,instance_0002,0.0002371369990303851,True,,"[0.0006785628442901353, 7.330912435242236e-05, 0.9992481279936871, 3.76702305326398e-11]","[0.0004558152661770281, 5.891969123127352e-05, 0.9994852649927175, 4.987423952198099e-11]","{""candidates"": 8, ""positive"": 6, ""reasons"": [], ""repeated"": 0, ""state"": ""nonzero_structure_gain_available"", ""zero_basis"": false}","{""candidates"": 8, ""positive"": 6, ""reasons"": [], ""repeated"": 0, ""state"": ""nonzero_structure_gain_available"", ""zero_basis"": false}",False,True,True,0,0,return,return,6,6
dev_AISLE_S_b160_n92801__vs__dev_AISLE_NBV_b160_n92801,155,instance_0001,0.05476374967969305,True,,"[0.3865724716373743, 0.33230514149088686, 0.2780378113443994, 0.0030845755273395093]","[0.33180872195768124, 0.33180872195768124, 0.33180872195768124, 0.004573834126956388]","{""candidates"": 8, ""positive"": 6, ""reasons"": [], ""repeated"": 0, ""state"": ""nonzero_structure_gain_available"", ""zero_basis"": false}","{""candidates"": 8, ""positive"": 6, ""reasons"": [], ""repeated"": 0, ""state"": ""nonzero_structure_gain_available"", ""zero_basis"": false}",False,True,True,0,0,return,return,5,5
dev_AISLE_S_b160_n92801__vs__dev_AISLE_NBV_b160_n92801,155,instance_0002,0.0002371369990303851,True,,"[0.0006785628442901353, 7.330912435242236e-05, 0.9992481279936871, 3.76702305326398e-11]","[0.0004558152661770281, 5.891969123127352e-05, 0.9994852649927175, 4.987423952198099e-11]","{""candidates"": 8, ""positive"": 6, ""reasons"": [], ""repeated"": 0, ""state"": ""nonzero_structure_gain_available"", ""zero_basis"": false}","{""candidates"": 8, ""positive"": 6, ""reasons"": [], ""repeated"": 0, ""state"": ""nonzero_structure_gain_available"", ""zero_basis"": false}",False,True,True,0,0,return,return,5,5
dev_AISLE_S_b160_n92801__vs__dev_AISLE_NBV_b160_n92801,156,instance_0001,0.05476374967969305,True,,"[0.3865724716373743, 0.33230514149088686, 0.2780378113443994, 0.0030845755273395093]","[0.33180872195768124, 0.33180872195768124, 0.33180872195768124, 0.004573834126956388]","{""candidates"": 8, ""positive"": 7, ""reasons"": [], ""repeated"": 0, ""state"": ""nonzero_structure_gain_available"", ""zero_basis"": false}","{""candidates"": 8, ""positive"": 7, ""reasons"": [], ""repeated"": 0, ""state"": ""nonzero_structure_gain_available"", ""zero_basis"": false}",False,True,True,0,0,return,return,4,4
dev_AISLE_S_b160_n92801__vs__dev_AISLE_NBV_b160_n92801,156,instance_0002,0.0002371369990303851,True,,"[0.0006785628442901353, 7.330912435242236e-05, 0.9992481279936871, 3.76702305326398e-11]","[0.0004558152661770281, 5.891969123127352e-05, 0.9994852649927175, 4.987423952198099e-11]","{""candidates"": 8, ""positive"": 7, ""reasons"": [], ""repeated"": 0, ""state"": ""nonzero_structure_gain_available"", ""zero_basis"": false}","{""candidates"": 8, ""positive"": 7, ""reasons"": [], ""repeated"": 0, ""state"": ""nonzero_structure_gain_available"", ""zero_basis"": false}",False,True,True,0,0,return,return,4,4
dev_AISLE_S_b160_n92801__vs__dev_AISLE_NBV_b160_n92801,157,instance_0001,0.05476374967969305,True,,"[0.3865724716373743, 0.33230514149088686, 0.2780378113443994, 0.0030845755273395093]","[0.33180872195768124, 0.33180872195768124, 0.33180872195768124, 0.004573834126956388]","{""candidates"": 8, ""positive"": 8, ""reasons"": [], ""repeated"": 0, ""state"": ""nonzero_structure_gain_available"", ""zero_basis"": false}","{""candidates"": 8, ""positive"": 8, ""reasons"": [], ""repeated"": 0, ""state"": ""nonzero_structure_gain_available"", ""zero_basis"": false}",False,True,True,0,0,return,return,3,3
dev_AISLE_S_b160_n92801__vs__dev_AISLE_NBV_b160_n92801,157,instance_0002,0.0002371369990303851,True,,"[0.0006785628442901353, 7.330912435242236e-05, 0.9992481279936871, 3.76702305326398e-11]","[0.0004558152661770281, 5.891969123127352e-05, 0.9994852649927175, 4.987423952198099e-11]","{""candidates"": 8, ""positive"": 8, ""reasons"": [], ""repeated"": 0, ""state"": ""nonzero_structure_gain_available"", ""zero_basis"": false}","{""candidates"": 8, ""positive"": 8, ""reasons"": [], ""repeated"": 0, ""state"": ""nonzero_structure_gain_available"", ""zero_basis"": false}",False,True,True,0,0,return,return,3,3
dev_AISLE_S_b160_n92801__vs__dev_AISLE_NBV_b160_n92801,158,instance_0001,0.05476374967969305,True,,"[0.3865724716373743, 0.33230514149088686, 0.2780378113443994, 0.0030845755273395093]","[0.33180872195768124, 0.33180872195768124, 0.33180872195768124, 0.004573834126956388]","{""candidates"": 8, ""positive"": 8, ""reasons"": [], ""repeated"": 0, ""state"": ""nonzero_structure_gain_available"", ""zero_basis"": false}","{""candidates"": 8, ""positive"": 8, ""reasons"": [], ""repeated"": 0, ""state"": ""nonzero_structure_gain_available"", ""zero_basis"": false}",False,True,True,0,0,return,return,2,2
dev_AISLE_S_b160_n92801__vs__dev_AISLE_NBV_b160_n92801,158,instance_0002,0.0002371369990303851,True,,"[0.0006785628442901353, 7.330912435242236e-05, 0.9992481279936871, 3.76702305326398e-11]","[0.0004558152661770281, 5.891969123127352e-05, 0.9994852649927175, 4.987423952198099e-11]","{""candidates"": 8, ""positive"": 8, ""reasons"": [], ""repeated"": 0, ""state"": ""nonzero_structure_gain_available"", ""zero_basis"": false}","{""candidates"": 8, ""positive"": 8, ""reasons"": [], ""repeated"": 0, ""state"": ""nonzero_structure_gain_available"", ""zero_basis"": false}",False,True,True,0,0,return,return,2,2
dev_AISLE_S_b160_n92801__vs__dev_AISLE_NBV_b160_n92801,159,instance_0001,0.05476374967969305,True,,"[0.3865724716373743, 0.33230514149088686, 0.2780378113443994, 0.0030845755273395093]","[0.33180872195768124, 0.33180872195768124, 0.33180872195768124, 0.004573834126956388]","{""candidates"": 8, ""positive"": 8, ""reasons"": [], ""repeated"": 0, ""state"": ""nonzero_structure_gain_available"", ""zero_basis"": false}","{""candidates"": 8, ""positive"": 8, ""reasons"": [], ""repeated"": 0, ""state"": ""nonzero_structure_gain_available"", ""zero_basis"": false}",False,True,True,0,0,return,return,1,1
dev_AISLE_S_b160_n92801__vs__dev_AISLE_NBV_b160_n92801,159,instance_0002,0.0002371369990303851,True,,"[0.0006785628442901353, 7.330912435242236e-05, 0.9992481279936871, 3.76702305326398e-11]","[0.0004558152661770281, 5.891969123127352e-05, 0.9994852649927175, 4.987423952198099e-11]","{""candidates"": 8, ""positive"": 8, ""reasons"": [], ""repeated"": 0, ""state"": ""nonzero_structure_gain_available"", ""zero_basis"": false}","{""candidates"": 8, ""positive"": 8, ""reasons"": [], ""repeated"": 0, ""state"": ""nonzero_structure_gain_available"", ""zero_basis"": false}",False,True,True,0,0,return,return,1,1
dev_AISLE_S_b160_n92801__vs__dev_AISLE_NBV_b160_n92801,160,instance_0002,0.0002155203165066233,True,,"[0.0006582578573050952, 7.199742770134283e-05, 0.9992697446762109, 3.87827106134246e-11]","[0.0004558152661770281, 5.891969123127352e-05, 0.9994852649927175, 4.987423952198099e-11]","{""candidates"": 8, ""positive"": 8, ""reasons"": [], ""repeated"": 0, ""state"": ""nonzero_structure_gain_available"", ""zero_basis"": false}","{""candidates"": 8, ""positive"": 8, ""reasons"": [], ""repeated"": 0, ""state"": ""nonzero_structure_gain_available"", ""zero_basis"": false}",False,True,True,0,0,home_xy_and_yaw_reached,home_xy_and_yaw_reached,0,0
dev_AISLE_B_b160_n92801__vs__dev_AISLE_G_b160_n92801,1,instance_0000,0.07500000000000001,True,,"[0.19999999999999996, 0.225, 0.25, 0.325]","[0.25, 0.25, 0.25, 0.25]","{""candidates"": 0, ""reasons"": [], ""state"": ""no_forecast_record"", ""zero_basis"": null}","{""candidates"": 0, ""reasons"": [], ""state"": ""no_forecast_record"", ""zero_basis"": null}",False,False,False,0,0,upstream_goal_with_paid_return_reserve,upstream_goal_with_paid_return_reserve,,
dev_AISLE_B_b160_n92801__vs__dev_AISLE_G_b160_n92801,2,instance_0000,0.07500000000000001,True,,"[0.19999999999999996, 0.225, 0.25, 0.325]","[0.25, 0.25, 0.25, 0.25]","{""candidates"": 0, ""reasons"": [], ""state"": ""no_forecast_record"", ""zero_basis"": null}","{""candidates"": 0, ""reasons"": [], ""state"": ""no_forecast_record"", ""zero_basis"": null}",False,False,False,0,0,upstream_goal_with_paid_return_reserve,upstream_goal_with_paid_return_reserve,,
dev_AISLE_B_b160_n92801__vs__dev_AISLE_G_b160_n92801,3,instance_0000,0.07500000000000001,True,,"[0.19999999999999996, 0.225, 0.25, 0.325]","[0.25, 0.25, 0.25, 0.25]","{""candidates"": 0, ""reasons"": [], ""state"": ""no_forecast_record"", ""zero_basis"": null}","{""candidates"": 0, ""reasons"": [], ""state"": ""no_forecast_record"", ""zero_basis"": null}",False,False,False,0,0,upstream_goal_with_paid_return_reserve,upstream_goal_with_paid_return_reserve,,
dev_AISLE_B_b160_n92801__vs__dev_AISLE_G_b160_n92801,4,instance_0000,0.07500000000000001,True,,"[0.19999999999999996, 0.225, 0.25, 0.325]","[0.25, 0.25, 0.25, 0.25]","{""candidates"": 0, ""reasons"": [], ""state"": ""no_forecast_record"", ""zero_basis"": null}","{""candidates"": 0, ""reasons"": [], ""state"": ""no_forecast_record"", ""zero_basis"": null}",False,False,False,0,0,upstream_goal_with_paid_return_reserve,upstream_goal_with_paid_return_reserve,,
dev_AISLE_B_b160_n92801__vs__dev_AISLE_G_b160_n92801,6,instance_0000,0.07500000000000001,True,,"[0.19999999999999996, 0.225, 0.25, 0.325]","[0.25, 0.25, 0.25, 0.25]","{""candidates"": 0, ""reasons"": [], ""state"": ""no_forecast_record"", ""zero_basis"": null}","{""candidates"": 0, ""reasons"": [], ""state"": ""no_forecast_record"", ""zero_basis"": null}",False,False,False,0,0,upstream_goal_with_paid_return_reserve,upstream_goal_with_paid_return_reserve,,
dev_AISLE_B_b160_n92801__vs__dev_AISLE_G_b160_n92801,7,instance_0000,0.07500000000000001,True,,"[0.19999999999999996, 0.225, 0.25, 0.325]","[0.25, 0.25, 0.25, 0.25]","{""candidates"": 0, ""reasons"": [], ""state"": ""no_forecast_record"", ""zero_basis"": null}","{""candidates"": 0, ""reasons"": [], ""state"": ""no_forecast_record"", ""zero_basis"": null}",False,False,False,0,0,upstream_goal_with_paid_return_reserve,upstream_goal_with_paid_return_reserve,,
dev_AISLE_B_b160_n92801__vs__dev_AISLE_G_b160_n92801,7,instance_0001,0.07500000000000001,True,,"[0.325, 0.275, 0.225, 0.175]","[0.25, 0.25, 0.25, 0.25]","{""candidates"": 0, ""reasons"": [], ""state"": ""no_forecast_record"", ""zero_basis"": null}","{""candidates"": 0, ""reasons"": [], ""state"": ""no_forecast_record"", ""zero_basis"": null}",False,False,False,0,0,upstream_goal_with_paid_return_reserve,upstream_goal_with_paid_return_reserve,,
dev_AISLE_B_b160_n92801__vs__dev_AISLE_G_b160_n92801,11,instance_0001,0.07500000000000001,True,,"[0.325, 0.275, 0.225, 0.175]","[0.25, 0.25, 0.25, 0.25]","{""candidates"": 0, ""reasons"": [], ""state"": ""no_forecast_record"", ""zero_basis"": null}","{""candidates"": 0, ""reasons"": [], ""state"": ""no_forecast_record"", ""zero_basis"": null}",False,False,False,0,0,upstream_goal_with_paid_return_reserve,upstream_goal_with_paid_return_reserve,,
dev_AISLE_B_b160_n92801__vs__dev_AISLE_G_b160_n92801,12,instance_0001,0.07500000000000001,True,,"[0.325, 0.275, 0.225, 0.175]","[0.25, 0.25, 0.25, 0.25]","{""candidates"": 8, ""positive"": 7, ""reasons"": [], ""repeated"": 0, ""state"": ""nonzero_structure_gain_available"", ""zero_basis"": false}","{""candidates"": 8, ""positive"": 7, ""reasons"": [], ""repeated"": 0, ""state"": ""nonzero_structure_gain_available"", ""zero_basis"": false}",False,True,True,39,39,upstream_goal_with_paid_return_reserve,upstream_goal_with_paid_return_reserve,148,148
dev_AISLE_B_b160_n92801__vs__dev_AISLE_G_b160_n92801,13,instance_0001,0.07500000000000001,True,,"[0.325, 0.275, 0.225, 0.175]","[0.25, 0.25, 0.25, 0.25]","{""candidates"": 0, ""reasons"": [], ""state"": ""no_forecast_record"", ""zero_basis"": null}","{""candidates"": 0, ""reasons"": [], ""state"": ""no_forecast_record"", ""zero_basis"": null}",False,False,False,0,0,upstream_goal_with_paid_return_reserve,upstream_goal_with_paid_return_reserve,,
dev_AISLE_B_b160_n92801__vs__dev_AISLE_G_b160_n92801,14,instance_0001,0.07500000000000001,True,,"[0.325, 0.275, 0.225, 0.175]","[0.25, 0.25, 0.25, 0.25]","{""candidates"": 0, ""reasons"": [], ""state"": ""no_forecast_record"", ""zero_basis"": null}","{""candidates"": 0, ""reasons"": [], ""state"": ""no_forecast_record"", ""zero_basis"": null}",False,False,False,0,0,upstream_goal_with_paid_return_reserve,upstream_goal_with_paid_return_reserve,,
dev_AISLE_B_b160_n92801__vs__dev_AISLE_G_b160_n92801,15,instance_0001,0.07500000000000001,True,,"[0.325, 0.275, 0.225, 0.175]","[0.25, 0.25, 0.25, 0.25]","{""candidates"": 0, ""reasons"": [], ""state"": ""no_forecast_record"", ""zero_basis"": null}","{""candidates"": 0, ""reasons"": [], ""state"": ""no_forecast_record"", ""zero_basis"": null}",False,False,False,0,0,upstream_goal_with_paid_return_reserve,upstream_goal_with_paid_return_reserve,,
dev_AISLE_B_b160_n92801__vs__dev_AISLE_G_b160_n92801,16,instance_0001,0.07500000000000001,True,,"[0.325, 0.275, 0.225, 0.175]","[0.25, 0.25, 0.25, 0.25]","{""candidates"": 0, ""reasons"": [], ""state"": ""no_forecast_record"", ""zero_basis"": null}","{""candidates"": 0, ""reasons"": [], ""state"": ""no_forecast_record"", ""zero_basis"": null}",False,False,False,0,0,upstream_goal_with_paid_return_reserve,upstream_goal_with_paid_return_reserve,,
dev_AISLE_B_b160_n92801__vs__dev_AISLE_G_b160_n92801,17,instance_0001,0.07500000000000001,True,,"[0.325, 0.275, 0.225, 0.175]","[0.25, 0.25, 0.25, 0.25]","{""candidates"": 0, ""reasons"": [], ""state"": ""no_forecast_record"", ""zero_basis"": null}","{""candidates"": 0, ""reasons"": [], ""state"": ""no_forecast_record"", ""zero_basis"": null}",False,False,False,0,0,upstream_goal_with_paid_return_reserve,upstream_goal_with_paid_return_reserve,,
dev_AISLE_B_b160_n92801__vs__dev_AISLE_G_b160_n92801,18,instance_0001,0.07500000000000001,True,,"[0.325, 0.275, 0.225, 0.175]","[0.25, 0.25, 0.25, 0.25]","{""candidates"": 0, ""reasons"": [], ""state"": ""no_forecast_record"", ""zero_basis"": null}","{""candidates"": 0, ""reasons"": [], ""state"": ""no_forecast_record"", ""zero_basis"": null}",False,False,False,0,0,upstream_goal_with_paid_return_reserve,upstream_goal_with_paid_return_reserve,,
dev_AISLE_B_b160_n92801__vs__dev_AISLE_G_b160_n92801,19,instance_0001,0.07500000000000001,True,,"[0.325, 0.275, 0.225, 0.175]","[0.25, 0.25, 0.25, 0.25]","{""candidates"": 0, ""reasons"": [], ""state"": ""no_forecast_record"", ""zero_basis"": null}","{""candidates"": 0, ""reasons"": [], ""state"": ""no_forecast_record"", ""zero_basis"": null}",False,False,False,0,0,upstream_goal_with_paid_return_reserve,upstream_goal_with_paid_return_reserve,,
dev_AISLE_B_b160_n92801__vs__dev_AISLE_G_b160_n92801,20,instance_0001,0.07500000000000001,True,,"[0.325, 0.275, 0.225, 0.175]","[0.25, 0.25, 0.25, 0.25]","{""candidates"": 0, ""reasons"": [], ""state"": ""no_forecast_record"", ""zero_basis"": null}","{""candidates"": 0, ""reasons"": [], ""state"": ""no_forecast_record"", ""zero_basis"": null}",False,False,False,0,0,upstream_goal_with_paid_return_reserve,upstream_goal_with_paid_return_reserve,,
dev_AISLE_B_b160_n92801__vs__dev_AISLE_G_b160_n92801,21,instance_0001,0.07500000000000001,True,,"[0.325, 0.275, 0.225, 0.175]","[0.25, 0.25, 0.25, 0.25]","{""candidates"": 0, ""reasons"": [], ""state"": ""no_forecast_record"", ""zero_basis"": null}","{""candidates"": 0, ""reasons"": [], ""state"": ""no_forecast_record"", ""zero_basis"": null}",False,False,False,0,0,upstream_goal_with_paid_return_reserve,upstream_goal_with_paid_return_reserve,,
dev_AISLE_B_b160_n92801__vs__dev_AISLE_G_b160_n92801,22,instance_0001,0.07500000000000001,True,,"[0.325, 0.275, 0.225, 0.175]","[0.25, 0.25, 0.25, 0.25]","{""candidates"": 0, ""reasons"": [], ""state"": ""no_forecast_record"", ""zero_basis"": null}","{""candidates"": 0, ""reasons"": [], ""state"": ""no_forecast_record"", ""zero_basis"": null}",False,False,False,0,0,upstream_goal_with_paid_return_reserve,upstream_goal_with_paid_return_reserve,,
dev_AISLE_B_b160_n92801__vs__dev_AISLE_G_b160_n92801,26,instance_0000,0.07500000000000001,True,,"[0.19999999999999996, 0.225, 0.25, 0.325]","[0.25, 0.25, 0.25, 0.25]","{""candidates"": 0, ""reasons"": [], ""state"": ""no_forecast_record"", ""zero_basis"": null}","{""candidates"": 0, ""reasons"": [], ""state"": ""no_forecast_record"", ""zero_basis"": null}",False,False,False,0,0,upstream_goal_with_paid_return_reserve,upstream_goal_with_paid_return_reserve,,
dev_AISLE_B_b160_n92801__vs__dev_AISLE_G_b160_n92801,27,instance_0000,0.07500000000000001,True,,"[0.19999999999999996, 0.225, 0.25, 0.325]","[0.25, 0.25, 0.25, 0.25]","{""candidates"": 0, ""reasons"": [], ""state"": ""no_forecast_record"", ""zero_basis"": null}","{""candidates"": 0, ""reasons"": [], ""state"": ""no_forecast_record"", ""zero_basis"": null}",False,False,False,0,0,upstream_goal_with_paid_return_reserve,upstream_goal_with_paid_return_reserve,,
dev_AISLE_B_b160_n92801__vs__dev_AISLE_G_b160_n92801,28,instance_0000,0.07500000000000001,True,,"[0.19999999999999996, 0.225, 0.25, 0.325]","[0.25, 0.25, 0.25, 0.25]","{""candidates"": 0, ""reasons"": [], ""state"": ""no_forecast_record"", ""zero_basis"": null}","{""candidates"": 0, ""reasons"": [], ""state"": ""no_forecast_record"", ""zero_basis"": null}",False,False,False,0,0,upstream_goal_with_paid_return_reserve,upstream_goal_with_paid_return_reserve,,
dev_AISLE_B_b160_n92801__vs__dev_AISLE_G_b160_n92801,29,instance_0000,0.07500000000000001,True,,"[0.19999999999999996, 0.225, 0.25, 0.325]","[0.25, 0.25, 0.25, 0.25]","{""candidates"": 0, ""reasons"": [], ""state"": ""no_forecast_record"", ""zero_basis"": null}","{""candidates"": 0, ""reasons"": [], ""state"": ""no_forecast_record"", ""zero_basis"": null}",False,False,False,0,0,upstream_goal_with_paid_return_reserve,upstream_goal_with_paid_return_reserve,,
dev_AISLE_B_b160_n92801__vs__dev_AISLE_G_b160_n92801,30,instance_0000,0.07500000000000001,True,,"[0.19999999999999996, 0.225, 0.25, 0.325]","[0.25, 0.25, 0.25, 0.25]","{""candidates"": 0, ""reasons"": [], ""state"": ""no_forecast_record"", ""zero_basis"": null}","{""candidates"": 0, ""reasons"": [], ""state"": ""no_forecast_record"", ""zero_basis"": null}",False,False,False,0,0,upstream_goal_with_paid_return_reserve,upstream_goal_with_paid_return_reserve,,
dev_AISLE_B_b160_n92801__vs__dev_AISLE_G_b160_n92801,31,instance_0000,0.07500000000000001,True,,"[0.19999999999999996, 0.225, 0.25, 0.325]","[0.25, 0.25, 0.25, 0.25]","{""candidates"": 0, ""reasons"": [], ""state"": ""no_forecast_record"", ""zero_basis"": null}","{""candidates"": 0, ""reasons"": [], ""state"": ""no_forecast_record"", ""zero_basis"": null}",False,False,False,0,0,upstream_goal_with_paid_return_reserve,upstream_goal_with_paid_return_reserve,,
dev_AISLE_B_b160_n92801__vs__dev_AISLE_G_b160_n92801,32,instance_0000,0.07500000000000001,True,,"[0.19999999999999996, 0.225, 0.25, 0.325]","[0.25, 0.25, 0.25, 0.25]","{""candidates"": 0, ""reasons"": [], ""state"": ""no_forecast_record"", ""zero_basis"": null}","{""candidates"": 0, ""reasons"": [], ""state"": ""no_forecast_record"", ""zero_basis"": null}",False,False,False,0,0,upstream_goal_with_paid_return_reserve,upstream_goal_with_paid_return_reserve,,
dev_AISLE_B_b160_n92801__vs__dev_AISLE_G_b160_n92801,33,instance_0000,0.07500000000000001,True,,"[0.19999999999999996, 0.225, 0.25, 0.325]","[0.25, 0.25, 0.25, 0.25]","{""candidates"": 0, ""reasons"": [], ""state"": ""no_forecast_record"", ""zero_basis"": null}","{""candidates"": 0, ""reasons"": [], ""state"": ""no_forecast_record"", ""zero_basis"": null}",False,False,False,0,0,upstream_goal_with_paid_return_reserve,upstream_goal_with_paid_return_reserve,,
dev_AISLE_B_b160_n92801__vs__dev_AISLE_G_b160_n92801,34,instance_0000,0.07500000000000001,True,,"[0.19999999999999996, 0.225, 0.25, 0.325]","[0.25, 0.25, 0.25, 0.25]","{""candidates"": 0, ""reasons"": [], ""state"": ""no_forecast_record"", ""zero_basis"": null}","{""candidates"": 0, ""reasons"": [], ""state"": ""no_forecast_record"", ""zero_basis"": null}",False,False,False,0,0,upstream_goal_with_paid_return_reserve,upstream_goal_with_paid_return_reserve,,
dev_AISLE_B_b160_n92801__vs__dev_AISLE_G_b160_n92801,35,instance_0000,0.07500000000000001,True,,"[0.19999999999999996, 0.225, 0.25, 0.325]","[0.25, 0.25, 0.25, 0.25]","{""candidates"": 0, ""reasons"": [], ""state"": ""no_forecast_record"", ""zero_basis"": null}","{""candidates"": 0, ""reasons"": [], ""state"": ""no_forecast_record"", ""zero_basis"": null}",False,False,False,0,0,upstream_goal_with_paid_return_reserve,upstream_goal_with_paid_return_reserve,,
dev_AISLE_B_b160_n92801__vs__dev_AISLE_G_b160_n92801,36,instance_0000,0.07500000000000001,True,,"[0.19999999999999996, 0.225, 0.25, 0.325]","[0.25, 0.25, 0.25, 0.25]","{""candidates"": 0, ""reasons"": [], ""state"": ""no_forecast_record"", ""zero_basis"": null}","{""candidates"": 0, ""reasons"": [], ""state"": ""no_forecast_record"", ""zero_basis"": null}",False,False,False,0,0,upstream_goal_with_paid_return_reserve,upstream_goal_with_paid_return_reserve,,
dev_AISLE_B_b160_n92801__vs__dev_AISLE_G_b160_n92801,37,instance_0000,0.07500000000000001,True,,"[0.19999999999999996, 0.225, 0.25, 0.325]","[0.25, 0.25, 0.25, 0.25]","{""candidates"": 0, ""reasons"": [], ""state"": ""no_forecast_record"", ""zero_basis"": null}","{""candidates"": 0, ""reasons"": [], ""state"": ""no_forecast_record"", ""zero_basis"": null}",False,False,False,0,0,upstream_goal_with_paid_return_reserve,upstream_goal_with_paid_return_reserve,,
dev_AISLE_B_b160_n92801__vs__dev_AISLE_G_b160_n92801,38,instance_0000,0.07500000000000001,True,,"[0.19999999999999996, 0.225, 0.25, 0.325]","[0.25, 0.25, 0.25, 0.25]","{""candidates"": 8, ""positive"": 0, ""reasons"": [""no_reliable_observed_label_plane""], ""repeated"": 0, ""state"": ""all_structure_gains_zero"", ""zero_basis"": true}","{""candidates"": 8, ""positive"": 0, ""reasons"": [""no_reliable_observed_label_plane""], ""repeated"": 0, ""state"": ""all_structure_gains_zero"", ""zero_basis"": true}",True,True,True,32,32,upstream_goal_with_paid_return_reserve,upstream_goal_with_paid_return_reserve,122,122
dev_AISLE_B_b160_n92801__vs__dev_AISLE_G_b160_n92801,39,instance_0000,0.07500000000000001,True,,"[0.19999999999999996, 0.225, 0.25, 0.325]","[0.25, 0.25, 0.25, 0.25]","{""candidates"": 0, ""reasons"": [], ""state"": ""no_forecast_record"", ""zero_basis"": null}","{""candidates"": 0, ""reasons"": [], ""state"": ""no_forecast_record"", ""zero_basis"": null}",False,False,False,0,0,upstream_goal_with_paid_return_reserve,upstream_goal_with_paid_return_reserve,,
dev_AISLE_B_b160_n92801__vs__dev_AISLE_G_b160_n92801,40,instance_0000,0.07500000000000001,True,,"[0.19999999999999996, 0.225, 0.25, 0.325]","[0.25, 0.25, 0.25, 0.25]","{""candidates"": 0, ""reasons"": [], ""state"": ""no_forecast_record"", ""zero_basis"": null}","{""candidates"": 0, ""reasons"": [], ""state"": ""no_forecast_record"", ""zero_basis"": null}",False,False,False,0,0,upstream_goal_with_paid_return_reserve,upstream_goal_with_paid_return_reserve,,
dev_AISLE_B_b160_n92801__vs__dev_AISLE_G_b160_n92801,41,instance_0000,0.07500000000000001,True,,"[0.19999999999999996, 0.225, 0.25, 0.325]","[0.25, 0.25, 0.25, 0.25]","{""candidates"": 0, ""reasons"": [], ""state"": ""no_forecast_record"", ""zero_basis"": null}","{""candidates"": 0, ""reasons"": [], ""state"": ""no_forecast_record"", ""zero_basis"": null}",False,False,False,0,0,upstream_goal_with_paid_return_reserve,upstream_goal_with_paid_return_reserve,,
dev_AISLE_B_b160_n92801__vs__dev_AISLE_G_b160_n92801,43,instance_0000,0.07500000000000001,True,,"[0.19999999999999996, 0.225, 0.25, 0.325]","[0.25, 0.25, 0.25, 0.25]","{""candidates"": 0, ""reasons"": [], ""state"": ""no_forecast_record"", ""zero_basis"": null}","{""candidates"": 0, ""reasons"": [], ""state"": ""no_forecast_record"", ""zero_basis"": null}",False,False,False,0,0,upstream_goal_with_paid_return_reserve,upstream_goal_with_paid_return_reserve,,
dev_AISLE_B_b160_n92801__vs__dev_AISLE_G_b160_n92801,44,instance_0000,0.07500000000000001,True,,"[0.19999999999999996, 0.225, 0.25, 0.325]","[0.25, 0.25, 0.25, 0.25]","{""candidates"": 0, ""reasons"": [], ""state"": ""no_forecast_record"", ""zero_basis"": null}","{""candidates"": 0, ""reasons"": [], ""state"": ""no_forecast_record"", ""zero_basis"": null}",False,False,False,0,0,upstream_goal_with_paid_return_reserve,upstream_goal_with_paid_return_reserve,,
dev_AISLE_B_b160_n92801__vs__dev_AISLE_G_b160_n92801,45,instance_0000,0.07500000000000001,True,,"[0.19999999999999996, 0.225, 0.25, 0.325]","[0.25, 0.25, 0.25, 0.25]","{""candidates"": 0, ""reasons"": [], ""state"": ""no_forecast_record"", ""zero_basis"": null}","{""candidates"": 0, ""reasons"": [], ""state"": ""no_forecast_record"", ""zero_basis"": null}",False,False,False,0,0,upstream_goal_with_paid_return_reserve,upstream_goal_with_paid_return_reserve,,
dev_AISLE_B_b160_n92801__vs__dev_AISLE_G_b160_n92801,46,instance_0000,0.07500000000000001,True,,"[0.19999999999999996, 0.225, 0.25, 0.325]","[0.25, 0.25, 0.25, 0.25]","{""candidates"": 0, ""reasons"": [], ""state"": ""no_forecast_record"", ""zero_basis"": null}","{""candidates"": 0, ""reasons"": [], ""state"": ""no_forecast_record"", ""zero_basis"": null}",False,False,False,0,0,upstream_goal_with_paid_return_reserve,upstream_goal_with_paid_return_reserve,,
dev_AISLE_B_b160_n92801__vs__dev_AISLE_G_b160_n92801,50,instance_0000,0.07500000000000001,True,,"[0.19999999999999996, 0.225, 0.25, 0.325]","[0.25, 0.25, 0.25, 0.25]","{""candidates"": 0, ""reasons"": [], ""state"": ""no_forecast_record"", ""zero_basis"": null}","{""candidates"": 0, ""reasons"": [], ""state"": ""no_forecast_record"", ""zero_basis"": null}",False,False,False,0,0,upstream_goal_with_paid_return_reserve,upstream_goal_with_paid_return_reserve,,
dev_AISLE_B_b160_n92801__vs__dev_AISLE_G_b160_n92801,51,instance_0000,0.07500000000000001,True,,"[0.19999999999999996, 0.225, 0.25, 0.325]","[0.25, 0.25, 0.25, 0.25]","{""candidates"": 0, ""reasons"": [], ""state"": ""no_forecast_record"", ""zero_basis"": null}","{""candidates"": 0, ""reasons"": [], ""state"": ""no_forecast_record"", ""zero_basis"": null}",False,False,False,0,0,upstream_goal_with_paid_return_reserve,upstream_goal_with_paid_return_reserve,,
dev_AISLE_B_b160_n92801__vs__dev_AISLE_G_b160_n92801,52,instance_0000,0.07500000000000001,True,,"[0.19999999999999996, 0.225, 0.25, 0.325]","[0.25, 0.25, 0.25, 0.25]","{""candidates"": 0, ""reasons"": [], ""state"": ""no_forecast_record"", ""zero_basis"": null}","{""candidates"": 0, ""reasons"": [], ""state"": ""no_forecast_record"", ""zero_basis"": null}",False,False,False,0,0,upstream_goal_with_paid_return_reserve,upstream_goal_with_paid_return_reserve,,
dev_AISLE_B_b160_n92801__vs__dev_AISLE_G_b160_n92801,53,instance_0000,0.07500000000000001,True,,"[0.19999999999999996, 0.225, 0.25, 0.325]","[0.25, 0.25, 0.25, 0.25]","{""candidates"": 0, ""reasons"": [], ""state"": ""no_forecast_record"", ""zero_basis"": null}","{""candidates"": 0, ""reasons"": [], ""state"": ""no_forecast_record"", ""zero_basis"": null}",False,False,False,0,0,upstream_goal_with_paid_return_reserve,upstream_goal_with_paid_return_reserve,,
dev_AISLE_B_b160_n92801__vs__dev_AISLE_G_b160_n92801,54,instance_0000,0.07500000000000001,True,,"[0.19999999999999996, 0.225, 0.25, 0.325]","[0.25, 0.25, 0.25, 0.25]","{""candidates"": 0, ""reasons"": [], ""state"": ""no_forecast_record"", ""zero_basis"": null}","{""candidates"": 0, ""reasons"": [], ""state"": ""no_forecast_record"", ""zero_basis"": null}",False,False,False,0,0,upstream_goal_with_paid_return_reserve,upstream_goal_with_paid_return_reserve,,
dev_AISLE_B_b160_n92801__vs__dev_AISLE_G_b160_n92801,55,instance_0000,0.07500000000000001,True,,"[0.19999999999999996, 0.225, 0.25, 0.325]","[0.25, 0.25, 0.25, 0.25]","{""candidates"": 0, ""reasons"": [], ""state"": ""no_forecast_record"", ""zero_basis"": null}","{""candidates"": 0, ""reasons"": [], ""state"": ""no_forecast_record"", ""zero_basis"": null}",False,False,False,0,0,upstream_goal_with_paid_return_reserve,upstream_goal_with_paid_return_reserve,,
dev_AISLE_B_b160_n92801__vs__dev_AISLE_G_b160_n92801,56,instance_0000,0.07500000000000001,True,,"[0.19999999999999996, 0.225, 0.25, 0.325]","[0.25, 0.25, 0.25, 0.25]","{""candidates"": 0, ""reasons"": [], ""state"": ""no_forecast_record"", ""zero_basis"": null}","{""candidates"": 0, ""reasons"": [], ""state"": ""no_forecast_record"", ""zero_basis"": null}",False,False,False,0,0,upstream_goal_with_paid_return_reserve,upstream_goal_with_paid_return_reserve,,
dev_AISLE_B_b160_n92801__vs__dev_AISLE_G_b160_n92801,57,instance_0000,0.07500000000000001,True,,"[0.19999999999999996, 0.225, 0.25, 0.325]","[0.25, 0.25, 0.25, 0.25]","{""candidates"": 0, ""reasons"": [], ""state"": ""no_forecast_record"", ""zero_basis"": null}","{""candidates"": 0, ""reasons"": [], ""state"": ""no_forecast_record"", ""zero_basis"": null}",False,False,False,0,0,upstream_goal_with_paid_return_reserve,upstream_goal_with_paid_return_reserve,,
dev_AISLE_B_b160_n92801__vs__dev_AISLE_G_b160_n92801,58,instance_0000,0.07500000000000001,True,,"[0.19999999999999996, 0.225, 0.25, 0.325]","[0.25, 0.25, 0.25, 0.25]","{""candidates"": 0, ""reasons"": [], ""state"": ""no_forecast_record"", ""zero_basis"": null}","{""candidates"": 0, ""reasons"": [], ""state"": ""no_forecast_record"", ""zero_basis"": null}",False,False,False,0,0,upstream_goal_with_paid_return_reserve,upstream_goal_with_paid_return_reserve,,
dev_AISLE_B_b160_n92801__vs__dev_AISLE_G_b160_n92801,59,instance_0000,0.07500000000000001,True,,"[0.19999999999999996, 0.225, 0.25, 0.325]","[0.25, 0.25, 0.25, 0.25]","{""candidates"": 0, ""reasons"": [], ""state"": ""no_forecast_record"", ""zero_basis"": null}","{""candidates"": 0, ""reasons"": [], ""state"": ""no_forecast_record"", ""zero_basis"": null}",False,False,False,0,0,upstream_goal_with_paid_return_reserve,upstream_goal_with_paid_return_reserve,,
dev_AISLE_B_b160_n92801__vs__dev_AISLE_G_b160_n92801,60,instance_0000,0.07500000000000001,True,,"[0.19999999999999996, 0.225, 0.25, 0.325]","[0.25, 0.25, 0.25, 0.25]","{""candidates"": 0, ""reasons"": [], ""state"": ""no_forecast_record"", ""zero_basis"": null}","{""candidates"": 0, ""reasons"": [], ""state"": ""no_forecast_record"", ""zero_basis"": null}",False,False,False,0,0,upstream_goal_with_paid_return_reserve,upstream_goal_with_paid_return_reserve,,
dev_AISLE_B_b160_n92801__vs__dev_AISLE_G_b160_n92801,61,instance_0000,0.07500000000000001,True,,"[0.19999999999999996, 0.225, 0.25, 0.325]","[0.25, 0.25, 0.25, 0.25]","{""candidates"": 0, ""reasons"": [], ""state"": ""no_forecast_record"", ""zero_basis"": null}","{""candidates"": 0, ""reasons"": [], ""state"": ""no_forecast_record"", ""zero_basis"": null}",False,False,False,0,0,upstream_goal_with_paid_return_reserve,upstream_goal_with_paid_return_reserve,,
dev_AISLE_B_b160_n92801__vs__dev_AISLE_G_b160_n92801,62,instance_0000,0.07500000000000001,True,,"[0.19999999999999996, 0.225, 0.25, 0.325]","[0.25, 0.25, 0.25, 0.25]","{""candidates"": 0, ""reasons"": [], ""state"": ""no_forecast_record"", ""zero_basis"": null}","{""candidates"": 0, ""reasons"": [], ""state"": ""no_forecast_record"", ""zero_basis"": null}",False,False,False,0,0,upstream_goal_with_paid_return_reserve,upstream_goal_with_paid_return_reserve,,
dev_AISLE_B_b160_n92801__vs__dev_AISLE_G_b160_n92801,63,instance_0000,0.07500000000000001,True,,"[0.19999999999999996, 0.225, 0.25, 0.325]","[0.25, 0.25, 0.25, 0.25]","{""candidates"": 0, ""reasons"": [], ""state"": ""no_forecast_record"", ""zero_basis"": null}","{""candidates"": 0, ""reasons"": [], ""state"": ""no_forecast_record"", ""zero_basis"": null}",False,False,False,0,0,upstream_goal_with_paid_return_reserve,upstream_goal_with_paid_return_reserve,,
dev_AISLE_B_b160_n92801__vs__dev_AISLE_G_b160_n92801,64,instance_0000,0.07500000000000001,True,,"[0.19999999999999996, 0.225, 0.25, 0.325]","[0.25, 0.25, 0.25, 0.25]","{""candidates"": 0, ""reasons"": [], ""state"": ""no_forecast_record"", ""zero_basis"": null}","{""candidates"": 0, ""reasons"": [], ""state"": ""no_forecast_record"", ""zero_basis"": null}",False,False,False,0,0,upstream_goal_with_paid_return_reserve,upstream_goal_with_paid_return_reserve,,
dev_AISLE_B_b160_n92801__vs__dev_AISLE_G_b160_n92801,65,instance_0000,0.07500000000000001,True,,"[0.19999999999999996, 0.225, 0.25, 0.325]","[0.25, 0.25, 0.25, 0.25]","{""candidates"": 0, ""reasons"": [], ""state"": ""no_forecast_record"", ""zero_basis"": null}","{""candidates"": 0, ""reasons"": [], ""state"": ""no_forecast_record"", ""zero_basis"": null}",False,False,False,0,0,upstream_goal_with_paid_return_reserve,upstream_goal_with_paid_return_reserve,,
dev_AISLE_B_b160_n92801__vs__dev_AISLE_G_b160_n92801,66,instance_0000,0.07500000000000001,True,,"[0.19999999999999996, 0.225, 0.25, 0.325]","[0.25, 0.25, 0.25, 0.25]","{""candidates"": 0, ""reasons"": [], ""state"": ""no_forecast_record"", ""zero_basis"": null}","{""candidates"": 0, ""reasons"": [], ""state"": ""no_forecast_record"", ""zero_basis"": null}",False,False,False,0,0,upstream_goal_with_paid_return_reserve,upstream_goal_with_paid_return_reserve,,
dev_AISLE_B_b160_n92801__vs__dev_AISLE_G_b160_n92801,67,instance_0000,0.07500000000000001,True,,"[0.19999999999999996, 0.225, 0.25, 0.325]","[0.25, 0.25, 0.25, 0.25]","{""candidates"": 0, ""reasons"": [], ""state"": ""no_forecast_record"", ""zero_basis"": null}","{""candidates"": 0, ""reasons"": [], ""state"": ""no_forecast_record"", ""zero_basis"": null}",False,False,False,0,0,upstream_goal_with_paid_return_reserve,upstream_goal_with_paid_return_reserve,,
dev_AISLE_B_b160_n92801__vs__dev_AISLE_G_b160_n92801,68,instance_0000,0.07500000000000001,True,,"[0.19999999999999996, 0.225, 0.25, 0.325]","[0.25, 0.25, 0.25, 0.25]","{""candidates"": 0, ""reasons"": [], ""state"": ""no_forecast_record"", ""zero_basis"": null}","{""candidates"": 0, ""reasons"": [], ""state"": ""no_forecast_record"", ""zero_basis"": null}",False,False,False,0,0,upstream_goal_with_paid_return_reserve,upstream_goal_with_paid_return_reserve,,
dev_AISLE_B_b160_n92801__vs__dev_AISLE_G_b160_n92801,69,instance_0000,0.07500000000000001,True,,"[0.19999999999999996, 0.225, 0.25, 0.325]","[0.25, 0.25, 0.25, 0.25]","{""candidates"": 0, ""reasons"": [], ""state"": ""no_forecast_record"", ""zero_basis"": null}","{""candidates"": 0, ""reasons"": [], ""state"": ""no_forecast_record"", ""zero_basis"": null}",False,False,False,0,0,upstream_goal_with_paid_return_reserve,upstream_goal_with_paid_return_reserve,,
dev_AISLE_B_b160_n92801__vs__dev_AISLE_G_b160_n92801,70,instance_0000,0.07500000000000001,True,,"[0.19999999999999996, 0.225, 0.25, 0.325]","[0.25, 0.25, 0.25, 0.25]","{""candidates"": 0, ""reasons"": [], ""state"": ""no_forecast_record"", ""zero_basis"": null}","{""candidates"": 0, ""reasons"": [], ""state"": ""no_forecast_record"", ""zero_basis"": null}",False,False,False,0,0,upstream_goal_with_paid_return_reserve,upstream_goal_with_paid_return_reserve,,
dev_AISLE_B_b160_n92801__vs__dev_AISLE_G_b160_n92801,71,instance_0000,0.07500000000000001,True,,"[0.19999999999999996, 0.225, 0.25, 0.325]","[0.25, 0.25, 0.25, 0.25]","{""candidates"": 0, ""reasons"": [], ""state"": ""no_forecast_record"", ""zero_basis"": null}","{""candidates"": 0, ""reasons"": [], ""state"": ""no_forecast_record"", ""zero_basis"": null}",False,False,False,0,0,upstream_goal_with_paid_return_reserve,upstream_goal_with_paid_return_reserve,,
dev_AISLE_B_b160_n92801__vs__dev_AISLE_G_b160_n92801,72,instance_0000,0.07500000000000001,True,,"[0.19999999999999996, 0.225, 0.25, 0.325]","[0.25, 0.25, 0.25, 0.25]","{""candidates"": 8, ""positive"": 0, ""reasons"": [""no_reliable_observed_label_plane""], ""repeated"": 0, ""state"": ""all_structure_gains_zero"", ""zero_basis"": true}","{""candidates"": 8, ""positive"": 0, ""reasons"": [""no_reliable_observed_label_plane""], ""repeated"": 0, ""state"": ""all_structure_gains_zero"", ""zero_basis"": true}",True,True,True,32,32,upstream_goal_with_paid_return_reserve,upstream_goal_with_paid_return_reserve,88,88
dev_AISLE_B_b160_n92801__vs__dev_AISLE_G_b160_n92801,73,instance_0000,0.07500000000000001,True,,"[0.19999999999999996, 0.225, 0.25, 0.325]","[0.25, 0.25, 0.25, 0.25]","{""candidates"": 0, ""reasons"": [], ""state"": ""no_forecast_record"", ""zero_basis"": null}","{""candidates"": 0, ""reasons"": [], ""state"": ""no_forecast_record"", ""zero_basis"": null}",False,False,False,0,0,upstream_goal_with_paid_return_reserve,upstream_goal_with_paid_return_reserve,,
dev_AISLE_B_b160_n92801__vs__dev_AISLE_G_b160_n92801,74,instance_0000,0.07500000000000001,True,,"[0.19999999999999996, 0.225, 0.25, 0.325]","[0.25, 0.25, 0.25, 0.25]","{""candidates"": 0, ""reasons"": [], ""state"": ""no_forecast_record"", ""zero_basis"": null}","{""candidates"": 0, ""reasons"": [], ""state"": ""no_forecast_record"", ""zero_basis"": null}",False,False,False,0,0,upstream_goal_with_paid_return_reserve,upstream_goal_with_paid_return_reserve,,
dev_AISLE_B_b160_n92801__vs__dev_AISLE_G_b160_n92801,75,instance_0000,0.07500000000000001,True,,"[0.19999999999999996, 0.225, 0.25, 0.325]","[0.25, 0.25, 0.25, 0.25]","{""candidates"": 0, ""reasons"": [], ""state"": ""no_forecast_record"", ""zero_basis"": null}","{""candidates"": 0, ""reasons"": [], ""state"": ""no_forecast_record"", ""zero_basis"": null}",False,False,False,0,0,upstream_goal_with_paid_return_reserve,upstream_goal_with_paid_return_reserve,,
dev_AISLE_B_b160_n92801__vs__dev_AISLE_G_b160_n92801,76,instance_0000,0.07500000000000001,True,,"[0.19999999999999996, 0.225, 0.25, 0.325]","[0.25, 0.25, 0.25, 0.25]","{""candidates"": 0, ""reasons"": [], ""state"": ""no_forecast_record"", ""zero_basis"": null}","{""candidates"": 0, ""reasons"": [], ""state"": ""no_forecast_record"", ""zero_basis"": null}",False,False,False,0,0,upstream_goal_with_paid_return_reserve,upstream_goal_with_paid_return_reserve,,
dev_AISLE_B_b160_n92801__vs__dev_AISLE_G_b160_n92801,77,instance_0000,0.07500000000000001,True,,"[0.19999999999999996, 0.225, 0.25, 0.325]","[0.25, 0.25, 0.25, 0.25]","{""candidates"": 0, ""reasons"": [], ""state"": ""no_forecast_record"", ""zero_basis"": null}","{""candidates"": 0, ""reasons"": [], ""state"": ""no_forecast_record"", ""zero_basis"": null}",False,False,False,0,0,upstream_goal_with_paid_return_reserve,upstream_goal_with_paid_return_reserve,,
dev_AISLE_B_b160_n92801__vs__dev_AISLE_G_b160_n92801,78,instance_0000,0.07500000000000001,True,,"[0.19999999999999996, 0.225, 0.25, 0.325]","[0.25, 0.25, 0.25, 0.25]","{""candidates"": 0, ""reasons"": [], ""state"": ""no_forecast_record"", ""zero_basis"": null}","{""candidates"": 0, ""reasons"": [], ""state"": ""no_forecast_record"", ""zero_basis"": null}",False,False,False,0,0,upstream_goal_with_paid_return_reserve,upstream_goal_with_paid_return_reserve,,
dev_AISLE_B_b160_n92801__vs__dev_AISLE_G_b160_n92801,79,instance_0000,0.07500000000000001,True,,"[0.19999999999999996, 0.225, 0.25, 0.325]","[0.25, 0.25, 0.25, 0.25]","{""candidates"": 0, ""reasons"": [], ""state"": ""no_forecast_record"", ""zero_basis"": null}","{""candidates"": 0, ""reasons"": [], ""state"": ""no_forecast_record"", ""zero_basis"": null}",False,False,False,0,0,upstream_goal_with_paid_return_reserve,upstream_goal_with_paid_return_reserve,,
dev_AISLE_B_b160_n92801__vs__dev_AISLE_G_b160_n92801,80,instance_0000,0.07500000000000001,True,,"[0.19999999999999996, 0.225, 0.25, 0.325]","[0.25, 0.25, 0.25, 0.25]","{""candidates"": 0, ""reasons"": [], ""state"": ""no_forecast_record"", ""zero_basis"": null}","{""candidates"": 0, ""reasons"": [], ""state"": ""no_forecast_record"", ""zero_basis"": null}",False,False,False,0,0,upstream_goal_with_paid_return_reserve,upstream_goal_with_paid_return_reserve,,
dev_AISLE_B_b160_n92801__vs__dev_AISLE_G_b160_n92801,81,instance_0000,0.07500000000000001,True,,"[0.19999999999999996, 0.225, 0.25, 0.325]","[0.25, 0.25, 0.25, 0.25]","{""candidates"": 0, ""reasons"": [], ""state"": ""no_forecast_record"", ""zero_basis"": null}","{""candidates"": 0, ""reasons"": [], ""state"": ""no_forecast_record"", ""zero_basis"": null}",False,False,False,0,0,upstream_goal_with_paid_return_reserve,upstream_goal_with_paid_return_reserve,,
dev_AISLE_B_b160_n92801__vs__dev_AISLE_G_b160_n92801,84,instance_0002,0.07500000000000001,True,,"[0.325, 0.275, 0.225, 0.175]","[0.25, 0.25, 0.25, 0.25]","{""candidates"": 0, ""reasons"": [], ""state"": ""no_forecast_record"", ""zero_basis"": null}","{""candidates"": 0, ""reasons"": [], ""state"": ""no_forecast_record"", ""zero_basis"": null}",False,False,False,0,0,upstream_goal_with_paid_return_reserve,upstream_goal_with_paid_return_reserve,,
dev_AISLE_B_b160_n92801__vs__dev_AISLE_G_b160_n92801,85,instance_0002,0.04733258350605685,True,,"[0.1680054762036244, 0.2628712833696719, 0.5153374131896269, 0.053785827237076825]","[0.12699443195080048, 0.23483079827178968, 0.5626699966956837, 0.07550477308172615]","{""candidates"": 0, ""reasons"": [], ""state"": ""no_forecast_record"", ""zero_basis"": null}","{""candidates"": 0, ""reasons"": [], ""state"": ""no_forecast_record"", ""zero_basis"": null}",False,False,False,0,0,upstream_goal_with_paid_return_reserve,upstream_goal_with_paid_return_reserve,,
dev_AISLE_B_b160_n92801__vs__dev_AISLE_G_b160_n92801,86,instance_0002,0.038370631370382435,True,,"[0.06725651446169595, 0.1787302782659861, 0.7403127046335471, 0.013700502638770875]","[0.048975535347446204, 0.15381320943358978, 0.7786833360039296, 0.018527919215034546]","{""candidates"": 8, ""positive"": 3, ""reasons"": [], ""repeated"": 0, ""state"": ""nonzero_structure_gain_available"", ""zero_basis"": false}","{""candidates"": 8, ""positive"": 3, ""reasons"": [], ""repeated"": 0, ""state"": ""nonzero_structure_gain_available"", ""zero_basis"": false}",False,True,True,35,35,upstream_goal_with_paid_return_reserve,upstream_goal_with_paid_return_reserve,74,74
dev_AISLE_B_b160_n92801__vs__dev_AISLE_G_b160_n92801,91,instance_0002,0.02346727504086976,True,,"[0.02559024664717294, 0.10780622096049465, 0.8630866110488715, 0.0035169213434609243]","[0.018198030443253622, 0.09060338116948957, 0.8865538860897413, 0.004644702297515538]","{""candidates"": 0, ""reasons"": [], ""state"": ""no_forecast_record"", ""zero_basis"": null}","{""candidates"": 0, ""reasons"": [], ""state"": ""no_forecast_record"", ""zero_basis"": null}",False,False,False,0,0,upstream_goal_with_paid_return_reserve,upstream_goal_with_paid_return_reserve,,
dev_AISLE_B_b160_n92801__vs__dev_AISLE_G_b160_n92801,92,instance_0002,0.02346727504086976,True,,"[0.02559024664717294, 0.10780622096049465, 0.8630866110488715, 0.0035169213434609243]","[0.018198030443253622, 0.09060338116948957, 0.8865538860897413, 0.004644702297515538]","{""candidates"": 0, ""reasons"": [], ""state"": ""no_forecast_record"", ""zero_basis"": null}","{""candidates"": 0, ""reasons"": [], ""state"": ""no_forecast_record"", ""zero_basis"": null}",False,False,False,0,0,upstream_goal_with_paid_return_reserve,upstream_goal_with_paid_return_reserve,,
dev_AISLE_B_b160_n92801__vs__dev_AISLE_G_b160_n92801,93,instance_0002,0.02346727504086976,True,,"[0.02559024664717294, 0.10780622096049465, 0.8630866110488715, 0.0035169213434609243]","[0.018198030443253622, 0.09060338116948957, 0.8865538860897413, 0.004644702297515538]","{""candidates"": 0, ""reasons"": [], ""state"": ""no_forecast_record"", ""zero_basis"": null}","{""candidates"": 0, ""reasons"": [], ""state"": ""no_forecast_record"", ""zero_basis"": null}",False,False,False,0,0,upstream_goal_with_paid_return_reserve,upstream_goal_with_paid_return_reserve,,
dev_AISLE_B_b160_n92801__vs__dev_AISLE_G_b160_n92801,95,instance_0002,0.02346727504086976,True,,"[0.02559024664717294, 0.10780622096049465, 0.8630866110488715, 0.0035169213434609243]","[0.018198030443253622, 0.09060338116948957, 0.8865538860897413, 0.004644702297515538]","{""candidates"": 0, ""reasons"": [], ""state"": ""no_forecast_record"", ""zero_basis"": null}","{""candidates"": 0, ""reasons"": [], ""state"": ""no_forecast_record"", ""zero_basis"": null}",False,False,False,0,0,upstream_goal_with_paid_return_reserve,upstream_goal_with_paid_return_reserve,,
dev_AISLE_B_b160_n92801__vs__dev_AISLE_G_b160_n92801,96,instance_0002,0.02346727504086976,True,,"[0.02559024664717294, 0.10780622096049465, 0.8630866110488715, 0.0035169213434609243]","[0.018198030443253622, 0.09060338116948957, 0.8865538860897413, 0.004644702297515538]","{""candidates"": 0, ""reasons"": [], ""state"": ""no_forecast_record"", ""zero_basis"": null}","{""candidates"": 0, ""reasons"": [], ""state"": ""no_forecast_record"", ""zero_basis"": null}",False,False,False,0,0,upstream_goal_with_paid_return_reserve,upstream_goal_with_paid_return_reserve,,
dev_AISLE_B_b160_n92801__vs__dev_AISLE_G_b160_n92801,96,instance_0003,0.07500000000000001,True,,"[0.19999999999999996, 0.225, 0.25, 0.325]","[0.25, 0.25, 0.25, 0.25]","{""candidates"": 0, ""reasons"": [], ""state"": ""no_forecast_record"", ""zero_basis"": null}","{""candidates"": 0, ""reasons"": [], ""state"": ""no_forecast_record"", ""zero_basis"": null}",False,False,False,0,0,upstream_goal_with_paid_return_reserve,upstream_goal_with_paid_return_reserve,,
dev_AISLE_B_b160_n92801__vs__dev_AISLE_G_b160_n92801,97,instance_0002,0.02346727504086976,True,,"[0.02559024664717294, 0.10780622096049465, 0.8630866110488715, 0.0035169213434609243]","[0.018198030443253622, 0.09060338116948957, 0.8865538860897413, 0.004644702297515538]","{""candidates"": 0, ""reasons"": [], ""state"": ""no_forecast_record"", ""zero_basis"": null}","{""candidates"": 0, ""reasons"": [], ""state"": ""no_forecast_record"", ""zero_basis"": null}",False,False,False,0,0,upstream_goal_with_paid_return_reserve,upstream_goal_with_paid_return_reserve,,
dev_AISLE_B_b160_n92801__vs__dev_AISLE_G_b160_n92801,99,instance_0002,0.02346727504086976,True,,"[0.02559024664717294, 0.10780622096049465, 0.8630866110488715, 0.0035169213434609243]","[0.018198030443253622, 0.09060338116948957, 0.8865538860897413, 0.004644702297515538]","{""candidates"": 0, ""reasons"": [], ""state"": ""no_forecast_record"", ""zero_basis"": null}","{""candidates"": 0, ""reasons"": [], ""state"": ""no_forecast_record"", ""zero_basis"": null}",False,False,False,0,0,upstream_goal_with_paid_return_reserve,upstream_goal_with_paid_return_reserve,,
dev_AISLE_B_b160_n92801__vs__dev_AISLE_G_b160_n92801,102,instance_0000,0.07500000000000001,True,,"[0.19999999999999996, 0.225, 0.25, 0.325]","[0.25, 0.25, 0.25, 0.25]","{""candidates"": 0, ""reasons"": [], ""state"": ""no_forecast_record"", ""zero_basis"": null}","{""candidates"": 0, ""reasons"": [], ""state"": ""no_forecast_record"", ""zero_basis"": null}",False,False,False,0,0,upstream_goal_with_paid_return_reserve,upstream_goal_with_paid_return_reserve,,
dev_AISLE_B_b160_n92801__vs__dev_AISLE_G_b160_n92801,104,instance_0000,0.07500000000000001,True,,"[0.19999999999999996, 0.225, 0.25, 0.325]","[0.25, 0.25, 0.25, 0.25]","{""candidates"": 0, ""reasons"": [], ""state"": ""no_forecast_record"", ""zero_basis"": null}","{""candidates"": 0, ""reasons"": [], ""state"": ""no_forecast_record"", ""zero_basis"": null}",False,False,False,0,0,upstream_goal_with_paid_return_reserve,upstream_goal_with_paid_return_reserve,,
dev_AISLE_B_b160_n92801__vs__dev_AISLE_G_b160_n92801,105,instance_0002,0.02377982438949866,True,,"[0.025616202916490152, 0.10791556915646565, 0.8639620425689087, 0.0025061853581354325]","[0.01822241577656859, 0.09072478956344578, 0.8877418669584074, 0.0033109277015782616]","{""candidates"": 0, ""reasons"": [], ""state"": ""no_forecast_record"", ""zero_basis"": null}","{""candidates"": 0, ""reasons"": [], ""state"": ""no_forecast_record"", ""zero_basis"": null}",False,False,False,0,0,upstream_goal_with_paid_return_reserve,upstream_goal_with_paid_return_reserve,,
dev_AISLE_B_b160_n92801__vs__dev_AISLE_G_b160_n92801,106,instance_0002,0.02377982438949866,True,,"[0.025616202916490152, 0.10791556915646565, 0.8639620425689087, 0.0025061853581354325]","[0.01822241577656859, 0.09072478956344578, 0.8877418669584074, 0.0033109277015782616]","{""candidates"": 0, ""reasons"": [], ""state"": ""no_forecast_record"", ""zero_basis"": null}","{""candidates"": 0, ""reasons"": [], ""state"": ""no_forecast_record"", ""zero_basis"": null}",False,False,False,0,0,upstream_goal_with_paid_return_reserve,upstream_goal_with_paid_return_reserve,,
dev_AISLE_B_b160_n92801__vs__dev_AISLE_G_b160_n92801,107,instance_0002,0.02377982438949866,True,,"[0.025616202916490152, 0.10791556915646565, 0.8639620425689087, 0.0025061853581354325]","[0.01822241577656859, 0.09072478956344578, 0.8877418669584074, 0.0033109277015782616]","{""candidates"": 0, ""reasons"": [], ""state"": ""no_forecast_record"", ""zero_basis"": null}","{""candidates"": 0, ""reasons"": [], ""state"": ""no_forecast_record"", ""zero_basis"": null}",False,False,False,0,0,upstream_goal_with_paid_return_reserve,upstream_goal_with_paid_return_reserve,,
dev_AISLE_B_b160_n92801__vs__dev_AISLE_G_b160_n92801,108,instance_0002,0.024490710747799738,True,,"[0.025675002239769904, 0.10816327809515713, 0.8659451773687092, 0.00021654229636383022]","[0.01827771515522919, 0.09100011115381491, 0.890435888116509, 0.0002862855744468953]","{""candidates"": 0, ""reasons"": [], ""state"": ""no_forecast_record"", ""zero_basis"": null}","{""candidates"": 0, ""reasons"": [], ""state"": ""no_forecast_record"", ""zero_basis"": null}",False,False,False,0,0,upstream_goal_with_paid_return_reserve,upstream_goal_with_paid_return_reserve,,
dev_AISLE_B_b160_n92801__vs__dev_AISLE_G_b160_n92801,109,instance_0002,0.02455620199540376,True,,"[0.02568040271373017, 0.10818602913374925, 0.8661273200745884, 6.248077932310424e-06]","[0.018282798264440014, 0.09102541866622899, 0.8906835220699921, 8.260999338980241e-06]","{""candidates"": 0, ""reasons"": [], ""state"": ""no_forecast_record"", ""zero_basis"": null}","{""candidates"": 0, ""reasons"": [], ""state"": ""no_forecast_record"", ""zero_basis"": null}",False,False,False,0,0,upstream_goal_with_paid_return_reserve,upstream_goal_with_paid_return_reserve,,
dev_AISLE_B_b160_n92801__vs__dev_AISLE_G_b160_n92801,110,instance_0002,0.02455620199540376,True,,"[0.02568040271373017, 0.10818602913374925, 0.8661273200745884, 6.248077932310424e-06]","[0.018282798264440014, 0.09102541866622899, 0.8906835220699921, 8.260999338980241e-06]","{""candidates"": 8, ""positive"": 6, ""reasons"": [], ""repeated"": 0, ""state"": ""nonzero_structure_gain_available"", ""zero_basis"": false}","{""candidates"": 8, ""positive"": 6, ""reasons"": [], ""repeated"": 0, ""state"": ""nonzero_structure_gain_available"", ""zero_basis"": false}",False,True,True,7,7,upstream_goal_with_paid_return_reserve,upstream_goal_with_paid_return_reserve,50,50
dev_AISLE_B_b160_n92801__vs__dev_AISLE_G_b160_n92801,111,instance_0000,0.07500000000000001,True,,"[0.19999999999999996, 0.225, 0.25, 0.325]","[0.25, 0.25, 0.25, 0.25]","{""candidates"": 0, ""reasons"": [], ""state"": ""no_forecast_record"", ""zero_basis"": null}","{""candidates"": 0, ""reasons"": [], ""state"": ""no_forecast_record"", ""zero_basis"": null}",False,False,False,0,0,upstream_goal_with_paid_return_reserve,upstream_goal_with_paid_return_reserve,,
dev_AISLE_B_b160_n92801__vs__dev_AISLE_G_b160_n92801,111,instance_0002,0.02455804059573663,True,,"[0.02568055428663848, 0.10818666767790518, 0.8661324321999052, 3.4583555121541995e-07]","[0.018282940939937757, 0.09102612901137024, 0.8906904727956418, 4.5725305021493937e-07]","{""candidates"": 0, ""reasons"": [], ""state"": ""no_forecast_record"", ""zero_basis"": null}","{""candidates"": 0, ""reasons"": [], ""state"": ""no_forecast_record"", ""zero_basis"": null}",False,False,False,0,0,upstream_goal_with_paid_return_reserve,upstream_goal_with_paid_return_reserve,,
dev_AISLE_B_b160_n92801__vs__dev_AISLE_G_b160_n92801,112,instance_0000,0.07500000000000001,True,,"[0.19999999999999996, 0.225, 0.25, 0.325]","[0.25, 0.25, 0.25, 0.25]","{""candidates"": 0, ""reasons"": [], ""state"": ""no_forecast_record"", ""zero_basis"": null}","{""candidates"": 0, ""reasons"": [], ""state"": ""no_forecast_record"", ""zero_basis"": null}",False,False,False,0,0,upstream_goal_with_paid_return_reserve,upstream_goal_with_paid_return_reserve,,
dev_AISLE_B_b160_n92801__vs__dev_AISLE_G_b160_n92801,113,instance_0000,0.07500000000000001,True,,"[0.19999999999999996, 0.225, 0.25, 0.325]","[0.25, 0.25, 0.25, 0.25]","{""candidates"": 0, ""reasons"": [], ""state"": ""no_forecast_record"", ""zero_basis"": null}","{""candidates"": 0, ""reasons"": [], ""state"": ""no_forecast_record"", ""zero_basis"": null}",False,False,False,0,0,upstream_goal_with_paid_return_reserve,upstream_goal_with_paid_return_reserve,,
dev_AISLE_B_b160_n92801__vs__dev_AISLE_G_b160_n92801,114,instance_0000,0.07500000000000001,True,,"[0.19999999999999996, 0.225, 0.25, 0.325]","[0.25, 0.25, 0.25, 0.25]","{""candidates"": 0, ""reasons"": [], ""state"": ""no_forecast_record"", ""zero_basis"": null}","{""candidates"": 0, ""reasons"": [], ""state"": ""no_forecast_record"", ""zero_basis"": null}",False,False,False,0,0,upstream_goal_with_paid_return_reserve,upstream_goal_with_paid_return_reserve,,
dev_AISLE_B_b160_n92801__vs__dev_AISLE_G_b160_n92801,115,instance_0000,0.07500000000000001,True,,"[0.19999999999999996, 0.225, 0.25, 0.325]","[0.25, 0.25, 0.25, 0.25]","{""candidates"": 0, ""reasons"": [], ""state"": ""no_forecast_record"", ""zero_basis"": null}","{""candidates"": 0, ""reasons"": [], ""state"": ""no_forecast_record"", ""zero_basis"": null}",False,False,False,0,0,upstream_goal_with_paid_return_reserve,upstream_goal_with_paid_return_reserve,,
dev_AISLE_B_b160_n92801__vs__dev_AISLE_G_b160_n92801,116,instance_0000,0.07500000000000001,True,,"[0.19999999999999996, 0.225, 0.25, 0.325]","[0.25, 0.25, 0.25, 0.25]","{""candidates"": 0, ""reasons"": [], ""state"": ""no_forecast_record"", ""zero_basis"": null}","{""candidates"": 0, ""reasons"": [], ""state"": ""no_forecast_record"", ""zero_basis"": null}",False,False,False,0,0,upstream_goal_with_paid_return_reserve,upstream_goal_with_paid_return_reserve,,
dev_AISLE_B_b160_n92801__vs__dev_AISLE_G_b160_n92801,116,instance_0002,0.02455804059573663,True,,"[0.02568055428663848, 0.10818666767790518, 0.8661324321999052, 3.4583555121541995e-07]","[0.018282940939937757, 0.09102612901137024, 0.8906904727956418, 4.5725305021493937e-07]","{""candidates"": 0, ""reasons"": [], ""state"": ""no_forecast_record"", ""zero_basis"": null}","{""candidates"": 0, ""reasons"": [], ""state"": ""no_forecast_record"", ""zero_basis"": null}",False,False,False,0,0,upstream_goal_with_paid_return_reserve,upstream_goal_with_paid_return_reserve,,
dev_AISLE_B_b160_n92801__vs__dev_AISLE_G_b160_n92801,117,instance_0000,0.07500000000000001,True,,"[0.19999999999999996, 0.225, 0.25, 0.325]","[0.25, 0.25, 0.25, 0.25]","{""candidates"": 0, ""reasons"": [], ""state"": ""no_forecast_record"", ""zero_basis"": null}","{""candidates"": 0, ""reasons"": [], ""state"": ""no_forecast_record"", ""zero_basis"": null}",False,False,False,0,0,upstream_goal_with_paid_return_reserve,upstream_goal_with_paid_return_reserve,,
dev_AISLE_B_b160_n92801__vs__dev_AISLE_G_b160_n92801,117,instance_0002,0.02455804059573663,True,,"[0.02568055428663848, 0.10818666767790518, 0.8661324321999052, 3.4583555121541995e-07]","[0.018282940939937757, 0.09102612901137024, 0.8906904727956418, 4.5725305021493937e-07]","{""candidates"": 0, ""reasons"": [], ""state"": ""no_forecast_record"", ""zero_basis"": null}","{""candidates"": 0, ""reasons"": [], ""state"": ""no_forecast_record"", ""zero_basis"": null}",False,False,False,0,0,upstream_goal_with_paid_return_reserve,upstream_goal_with_paid_return_reserve,,
dev_AISLE_B_b160_n92801__vs__dev_AISLE_G_b160_n92801,118,instance_0000,0.07500000000000001,True,,"[0.19999999999999996, 0.225, 0.25, 0.325]","[0.25, 0.25, 0.25, 0.25]","{""candidates"": 0, ""reasons"": [], ""state"": ""no_forecast_record"", ""zero_basis"": null}","{""candidates"": 0, ""reasons"": [], ""state"": ""no_forecast_record"", ""zero_basis"": null}",False,False,False,0,0,upstream_goal_with_paid_return_reserve,upstream_goal_with_paid_return_reserve,,
dev_AISLE_B_b160_n92801__vs__dev_AISLE_G_b160_n92801,118,instance_0002,0.02455804059573663,True,,"[0.02568055428663848, 0.10818666767790518, 0.8661324321999052, 3.4583555121541995e-07]","[0.018282940939937757, 0.09102612901137024, 0.8906904727956418, 4.5725305021493937e-07]","{""candidates"": 0, ""reasons"": [], ""state"": ""no_forecast_record"", ""zero_basis"": null}","{""candidates"": 0, ""reasons"": [], ""state"": ""no_forecast_record"", ""zero_basis"": null}",False,False,False,0,0,upstream_goal_with_paid_return_reserve,upstream_goal_with_paid_return_reserve,,
dev_AISLE_B_b160_n92801__vs__dev_AISLE_G_b160_n92801,119,instance_0000,0.07500000000000001,True,,"[0.19999999999999996, 0.225, 0.25, 0.325]","[0.25, 0.25, 0.25, 0.25]","{""candidates"": 0, ""reasons"": [], ""state"": ""no_forecast_record"", ""zero_basis"": null}","{""candidates"": 0, ""reasons"": [], ""state"": ""no_forecast_record"", ""zero_basis"": null}",False,False,False,0,0,upstream_goal_with_paid_return_reserve,upstream_goal_with_paid_return_reserve,,
dev_AISLE_B_b160_n92801__vs__dev_AISLE_G_b160_n92801,119,instance_0002,0.02455804059573663,True,,"[0.02568055428663848, 0.10818666767790518, 0.8661324321999052, 3.4583555121541995e-07]","[0.018282940939937757, 0.09102612901137024, 0.8906904727956418, 4.5725305021493937e-07]","{""candidates"": 0, ""reasons"": [], ""state"": ""no_forecast_record"", ""zero_basis"": null}","{""candidates"": 0, ""reasons"": [], ""state"": ""no_forecast_record"", ""zero_basis"": null}",False,False,False,0,0,upstream_goal_with_paid_return_reserve,upstream_goal_with_paid_return_reserve,,
dev_AISLE_B_b160_n92801__vs__dev_AISLE_G_b160_n92801,120,instance_0000,0.07500000000000001,True,,"[0.19999999999999996, 0.225, 0.25, 0.325]","[0.25, 0.25, 0.25, 0.25]","{""candidates"": 0, ""reasons"": [], ""state"": ""no_forecast_record"", ""zero_basis"": null}","{""candidates"": 0, ""reasons"": [], ""state"": ""no_forecast_record"", ""zero_basis"": null}",False,False,False,0,0,upstream_goal_with_paid_return_reserve,upstream_goal_with_paid_return_reserve,,
dev_AISLE_B_b160_n92801__vs__dev_AISLE_G_b160_n92801,120,instance_0002,0.02455804059573663,True,,"[0.02568055428663848, 0.10818666767790518, 0.8661324321999052, 3.4583555121541995e-07]","[0.018282940939937757, 0.09102612901137024, 0.8906904727956418, 4.5725305021493937e-07]","{""candidates"": 0, ""reasons"": [], ""state"": ""no_forecast_record"", ""zero_basis"": null}","{""candidates"": 0, ""reasons"": [], ""state"": ""no_forecast_record"", ""zero_basis"": null}",False,False,False,0,0,upstream_goal_with_paid_return_reserve,upstream_goal_with_paid_return_reserve,,
dev_AISLE_B_b160_n92801__vs__dev_AISLE_G_b160_n92801,121,instance_0000,0.07500000000000001,True,,"[0.19999999999999996, 0.225, 0.25, 0.325]","[0.25, 0.25, 0.25, 0.25]","{""candidates"": 0, ""reasons"": [], ""state"": ""no_forecast_record"", ""zero_basis"": null}","{""candidates"": 0, ""reasons"": [], ""state"": ""no_forecast_record"", ""zero_basis"": null}",False,False,False,0,0,upstream_goal_with_paid_return_reserve,upstream_goal_with_paid_return_reserve,,
dev_AISLE_B_b160_n92801__vs__dev_AISLE_G_b160_n92801,121,instance_0002,0.014387935788853112,True,,"[0.015534449212902757, 0.057801727909627516, 0.9266637304558764, 9.24215934825317e-08]","[0.010921601333390225, 0.04802661174912629, 0.9410516662447295, 1.206727540295057e-07]","{""candidates"": 0, ""reasons"": [], ""state"": ""no_forecast_record"", ""zero_basis"": null}","{""candidates"": 0, ""reasons"": [], ""state"": ""no_forecast_record"", ""zero_basis"": null}",False,False,False,0,0,upstream_goal_with_paid_return_reserve,upstream_goal_with_paid_return_reserve,,
dev_AISLE_B_b160_n92801__vs__dev_AISLE_G_b160_n92801,122,instance_0000,0.07500000000000001,True,,"[0.19999999999999996, 0.225, 0.25, 0.325]","[0.25, 0.25, 0.25, 0.25]","{""candidates"": 0, ""reasons"": [], ""state"": ""no_forecast_record"", ""zero_basis"": null}","{""candidates"": 0, ""reasons"": [], ""state"": ""no_forecast_record"", ""zero_basis"": null}",False,False,False,0,0,upstream_goal_with_paid_return_reserve,upstream_goal_with_paid_return_reserve,,
dev_AISLE_B_b160_n92801__vs__dev_AISLE_G_b160_n92801,122,instance_0002,0.0032766918184111704,True,,"[0.005439523783952317, 0.009020295769576817, 0.9855401683550392, 1.2091431687769287e-08]","[0.003778344647497828, 0.0074047795812381325, 0.9888168601734504, 1.5597813710065028e-08]","{""candidates"": 0, ""reasons"": [], ""state"": ""no_forecast_record"", ""zero_basis"": null}","{""candidates"": 0, ""reasons"": [], ""state"": ""no_forecast_record"", ""zero_basis"": null}",False,False,False,0,0,upstream_goal_with_paid_return_reserve,upstream_goal_with_paid_return_reserve,,
dev_AISLE_B_b160_n92801__vs__dev_AISLE_G_b160_n92801,123,instance_0000,0.07500000000000001,True,,"[0.19999999999999996, 0.225, 0.25, 0.325]","[0.25, 0.25, 0.25, 0.25]","{""candidates"": 0, ""reasons"": [], ""state"": ""no_forecast_record"", ""zero_basis"": null}","{""candidates"": 0, ""reasons"": [], ""state"": ""no_forecast_record"", ""zero_basis"": null}",False,False,False,0,0,upstream_goal_with_paid_return_reserve,upstream_goal_with_paid_return_reserve,,
dev_AISLE_B_b160_n92801__vs__dev_AISLE_G_b160_n92801,123,instance_0002,0.0007109679836856397,True,,"[0.0018824401279689598, 0.000732114960153201, 0.997385444200966, 7.109118176473396e-10]","[0.001304156763004804, 0.0005994301376625933, 0.9980964121846516, 9.146810290403571e-10]","{""candidates"": 0, ""reasons"": [], ""state"": ""no_forecast_record"", ""zero_basis"": null}","{""candidates"": 0, ""reasons"": [], ""state"": ""no_forecast_record"", ""zero_basis"": null}",False,False,False,0,0,upstream_goal_with_paid_return_reserve,upstream_goal_with_paid_return_reserve,,
dev_AISLE_B_b160_n92801__vs__dev_AISLE_G_b160_n92801,124,instance_0000,0.07500000000000001,True,,"[0.19999999999999996, 0.225, 0.25, 0.325]","[0.25, 0.25, 0.25, 0.25]","{""candidates"": 0, ""reasons"": [], ""state"": ""no_forecast_record"", ""zero_basis"": null}","{""candidates"": 0, ""reasons"": [], ""state"": ""no_forecast_record"", ""zero_basis"": null}",False,False,False,0,0,upstream_goal_with_paid_return_reserve,upstream_goal_with_paid_return_reserve,,
dev_AISLE_B_b160_n92801__vs__dev_AISLE_G_b160_n92801,124,instance_0002,0.0002155203165066233,True,,"[0.0006582578573050952, 7.199742770134283e-05, 0.9992697446762109, 3.87827106134246e-11]","[0.0004558152661770281, 5.891969123127352e-05, 0.9994852649927175, 4.987423952198099e-11]","{""candidates"": 0, ""reasons"": [], ""state"": ""no_forecast_record"", ""zero_basis"": null}","{""candidates"": 0, ""reasons"": [], ""state"": ""no_forecast_record"", ""zero_basis"": null}",False,False,False,0,0,upstream_goal_with_paid_return_reserve,upstream_goal_with_paid_return_reserve,,
dev_AISLE_B_b160_n92801__vs__dev_AISLE_G_b160_n92801,125,instance_0000,0.07500000000000001,True,,"[0.19999999999999996, 0.225, 0.25, 0.325]","[0.25, 0.25, 0.25, 0.25]","{""candidates"": 0, ""reasons"": [], ""state"": ""no_forecast_record"", ""zero_basis"": null}","{""candidates"": 0, ""reasons"": [], ""state"": ""no_forecast_record"", ""zero_basis"": null}",False,False,False,0,0,upstream_goal_with_paid_return_reserve,upstream_goal_with_paid_return_reserve,,
dev_AISLE_B_b160_n92801__vs__dev_AISLE_G_b160_n92801,125,instance_0002,0.0002155203165066233,True,,"[0.0006582578573050952, 7.199742770134283e-05, 0.9992697446762109, 3.87827106134246e-11]","[0.0004558152661770281, 5.891969123127352e-05, 0.9994852649927175, 4.987423952198099e-11]","{""candidates"": 0, ""reasons"": [], ""state"": ""no_forecast_record"", ""zero_basis"": null}","{""candidates"": 0, ""reasons"": [], ""state"": ""no_forecast_record"", ""zero_basis"": null}",False,False,False,0,0,upstream_goal_with_paid_return_reserve,upstream_goal_with_paid_return_reserve,,
dev_AISLE_B_b160_n92801__vs__dev_AISLE_G_b160_n92801,126,instance_0000,0.07500000000000001,True,,"[0.19999999999999996, 0.225, 0.25, 0.325]","[0.25, 0.25, 0.25, 0.25]","{""candidates"": 8, ""positive"": 0, ""reasons"": [""no_reliable_observed_label_plane""], ""repeated"": 0, ""state"": ""all_structure_gains_zero"", ""zero_basis"": true}","{""candidates"": 8, ""positive"": 0, ""reasons"": [""no_reliable_observed_label_plane""], ""repeated"": 0, ""state"": ""all_structure_gains_zero"", ""zero_basis"": true}",True,True,True,0,0,return,return,34,34
dev_AISLE_B_b160_n92801__vs__dev_AISLE_G_b160_n92801,126,instance_0002,0.0002155203165066233,True,,"[0.0006582578573050952, 7.199742770134283e-05, 0.9992697446762109, 3.87827106134246e-11]","[0.0004558152661770281, 5.891969123127352e-05, 0.9994852649927175, 4.987423952198099e-11]","{""candidates"": 8, ""positive"": 5, ""reasons"": [], ""repeated"": 0, ""state"": ""nonzero_structure_gain_available"", ""zero_basis"": false}","{""candidates"": 8, ""positive"": 5, ""reasons"": [], ""repeated"": 0, ""state"": ""nonzero_structure_gain_available"", ""zero_basis"": false}",False,True,True,0,0,return,return,34,34
dev_AISLE_B_b160_n92801__vs__dev_AISLE_G_b160_n92801,127,instance_0000,0.07500000000000001,True,,"[0.19999999999999996, 0.225, 0.25, 0.325]","[0.25, 0.25, 0.25, 0.25]","{""candidates"": 8, ""positive"": 0, ""reasons"": [""no_reliable_observed_label_plane""], ""repeated"": 0, ""state"": ""all_structure_gains_zero"", ""zero_basis"": true}","{""candidates"": 8, ""positive"": 0, ""reasons"": [""no_reliable_observed_label_plane""], ""repeated"": 0, ""state"": ""all_structure_gains_zero"", ""zero_basis"": true}",True,True,True,0,0,return,return,33,33
dev_AISLE_B_b160_n92801__vs__dev_AISLE_G_b160_n92801,127,instance_0002,0.0002155203165066233,True,,"[0.0006582578573050952, 7.199742770134283e-05, 0.9992697446762109, 3.87827106134246e-11]","[0.0004558152661770281, 5.891969123127352e-05, 0.9994852649927175, 4.987423952198099e-11]","{""candidates"": 8, ""positive"": 5, ""reasons"": [], ""repeated"": 0, ""state"": ""nonzero_structure_gain_available"", ""zero_basis"": false}","{""candidates"": 8, ""positive"": 5, ""reasons"": [], ""repeated"": 0, ""state"": ""nonzero_structure_gain_available"", ""zero_basis"": false}",False,True,True,0,0,return,return,33,33
dev_AISLE_B_b160_n92801__vs__dev_AISLE_G_b160_n92801,128,instance_0000,0.07500000000000001,True,,"[0.19999999999999996, 0.225, 0.25, 0.325]","[0.25, 0.25, 0.25, 0.25]","{""candidates"": 8, ""positive"": 0, ""reasons"": [""no_reliable_observed_label_plane""], ""repeated"": 0, ""state"": ""all_structure_gains_zero"", ""zero_basis"": true}","{""candidates"": 8, ""positive"": 0, ""reasons"": [""no_reliable_observed_label_plane""], ""repeated"": 0, ""state"": ""all_structure_gains_zero"", ""zero_basis"": true}",True,True,True,0,0,return,return,32,32
dev_AISLE_B_b160_n92801__vs__dev_AISLE_G_b160_n92801,128,instance_0002,0.0002155203165066233,True,,"[0.0006582578573050952, 7.199742770134283e-05, 0.9992697446762109, 3.87827106134246e-11]","[0.0004558152661770281, 5.891969123127352e-05, 0.9994852649927175, 4.987423952198099e-11]","{""candidates"": 8, ""positive"": 4, ""reasons"": [], ""repeated"": 0, ""state"": ""nonzero_structure_gain_available"", ""zero_basis"": false}","{""candidates"": 8, ""positive"": 4, ""reasons"": [], ""repeated"": 0, ""state"": ""nonzero_structure_gain_available"", ""zero_basis"": false}",False,True,True,0,0,return,return,32,32
dev_AISLE_B_b160_n92801__vs__dev_AISLE_G_b160_n92801,129,instance_0000,0.07500000000000001,True,,"[0.19999999999999996, 0.225, 0.25, 0.325]","[0.25, 0.25, 0.25, 0.25]","{""candidates"": 8, ""positive"": 0, ""reasons"": [""no_reliable_observed_label_plane""], ""repeated"": 0, ""state"": ""all_structure_gains_zero"", ""zero_basis"": true}","{""candidates"": 8, ""positive"": 0, ""reasons"": [""no_reliable_observed_label_plane""], ""repeated"": 0, ""state"": ""all_structure_gains_zero"", ""zero_basis"": true}",True,True,True,0,0,return,return,31,31
dev_AISLE_B_b160_n92801__vs__dev_AISLE_G_b160_n92801,129,instance_0002,0.0002155203165066233,True,,"[0.0006582578573050952, 7.199742770134283e-05, 0.9992697446762109, 3.87827106134246e-11]","[0.0004558152661770281, 5.891969123127352e-05, 0.9994852649927175, 4.987423952198099e-11]","{""candidates"": 8, ""positive"": 3, ""reasons"": [], ""repeated"": 0, ""state"": ""nonzero_structure_gain_available"", ""zero_basis"": false}","{""candidates"": 8, ""positive"": 3, ""reasons"": [], ""repeated"": 0, ""state"": ""nonzero_structure_gain_available"", ""zero_basis"": false}",False,True,True,0,0,return,return,31,31
dev_AISLE_B_b160_n92801__vs__dev_AISLE_G_b160_n92801,130,instance_0000,0.07500000000000001,True,,"[0.19999999999999996, 0.225, 0.25, 0.325]","[0.25, 0.25, 0.25, 0.25]","{""candidates"": 8, ""positive"": 0, ""reasons"": [""no_reliable_observed_label_plane""], ""repeated"": 0, ""state"": ""all_structure_gains_zero"", ""zero_basis"": true}","{""candidates"": 8, ""positive"": 0, ""reasons"": [""no_reliable_observed_label_plane""], ""repeated"": 0, ""state"": ""all_structure_gains_zero"", ""zero_basis"": true}",True,True,True,0,0,return,return,30,30
dev_AISLE_B_b160_n92801__vs__dev_AISLE_G_b160_n92801,130,instance_0002,0.0002155203165066233,True,,"[0.0006582578573050952, 7.199742770134283e-05, 0.9992697446762109, 3.87827106134246e-11]","[0.0004558152661770281, 5.891969123127352e-05, 0.9994852649927175, 4.987423952198099e-11]","{""candidates"": 8, ""positive"": 3, ""reasons"": [], ""repeated"": 0, ""state"": ""nonzero_structure_gain_available"", ""zero_basis"": false}","{""candidates"": 8, ""positive"": 3, ""reasons"": [], ""repeated"": 0, ""state"": ""nonzero_structure_gain_available"", ""zero_basis"": false}",False,True,True,0,0,return,return,30,30
dev_AISLE_B_b160_n92801__vs__dev_AISLE_G_b160_n92801,131,instance_0000,0.07500000000000001,True,,"[0.19999999999999996, 0.225, 0.25, 0.325]","[0.25, 0.25, 0.25, 0.25]","{""candidates"": 8, ""positive"": 0, ""reasons"": [""no_reliable_observed_label_plane""], ""repeated"": 0, ""state"": ""all_structure_gains_zero"", ""zero_basis"": true}","{""candidates"": 8, ""positive"": 0, ""reasons"": [""no_reliable_observed_label_plane""], ""repeated"": 0, ""state"": ""all_structure_gains_zero"", ""zero_basis"": true}",True,True,True,0,0,return,return,29,29
dev_AISLE_B_b160_n92801__vs__dev_AISLE_G_b160_n92801,131,instance_0002,0.0002155203165066233,True,,"[0.0006582578573050952, 7.199742770134283e-05, 0.9992697446762109, 3.87827106134246e-11]","[0.0004558152661770281, 5.891969123127352e-05, 0.9994852649927175, 4.987423952198099e-11]","{""candidates"": 8, ""positive"": 4, ""reasons"": [], ""repeated"": 0, ""state"": ""nonzero_structure_gain_available"", ""zero_basis"": false}","{""candidates"": 8, ""positive"": 4, ""reasons"": [], ""repeated"": 0, ""state"": ""nonzero_structure_gain_available"", ""zero_basis"": false}",False,True,True,0,0,return,return,29,29
dev_AISLE_B_b160_n92801__vs__dev_AISLE_G_b160_n92801,132,instance_0000,0.07500000000000001,True,,"[0.19999999999999996, 0.225, 0.25, 0.325]","[0.25, 0.25, 0.25, 0.25]","{""candidates"": 8, ""positive"": 0, ""reasons"": [""no_reliable_observed_label_plane""], ""repeated"": 0, ""state"": ""all_structure_gains_zero"", ""zero_basis"": true}","{""candidates"": 8, ""positive"": 0, ""reasons"": [""no_reliable_observed_label_plane""], ""repeated"": 0, ""state"": ""all_structure_gains_zero"", ""zero_basis"": true}",True,True,True,0,0,return,return,28,28
dev_AISLE_B_b160_n92801__vs__dev_AISLE_G_b160_n92801,132,instance_0002,0.0002155203165066233,True,,"[0.0006582578573050952, 7.199742770134283e-05, 0.9992697446762109, 3.87827106134246e-11]","[0.0004558152661770281, 5.891969123127352e-05, 0.9994852649927175, 4.987423952198099e-11]","{""candidates"": 8, ""positive"": 3, ""reasons"": [], ""repeated"": 0, ""state"": ""nonzero_structure_gain_available"", ""zero_basis"": false}","{""candidates"": 8, ""positive"": 3, ""reasons"": [], ""repeated"": 0, ""state"": ""nonzero_structure_gain_available"", ""zero_basis"": false}",False,True,True,0,0,return,return,28,28
dev_AISLE_B_b160_n92801__vs__dev_AISLE_G_b160_n92801,133,instance_0000,0.07500000000000001,True,,"[0.19999999999999996, 0.225, 0.25, 0.325]","[0.25, 0.25, 0.25, 0.25]","{""candidates"": 8, ""positive"": 0, ""reasons"": [""no_reliable_observed_label_plane""], ""repeated"": 0, ""state"": ""all_structure_gains_zero"", ""zero_basis"": true}","{""candidates"": 8, ""positive"": 0, ""reasons"": [""no_reliable_observed_label_plane""], ""repeated"": 0, ""state"": ""all_structure_gains_zero"", ""zero_basis"": true}",True,True,True,0,0,return,return,27,27
dev_AISLE_B_b160_n92801__vs__dev_AISLE_G_b160_n92801,133,instance_0002,0.0002155203165066233,True,,"[0.0006582578573050952, 7.199742770134283e-05, 0.9992697446762109, 3.87827106134246e-11]","[0.0004558152661770281, 5.891969123127352e-05, 0.9994852649927175, 4.987423952198099e-11]","{""candidates"": 8, ""positive"": 3, ""reasons"": [], ""repeated"": 0, ""state"": ""nonzero_structure_gain_available"", ""zero_basis"": false}","{""candidates"": 8, ""positive"": 3, ""reasons"": [], ""repeated"": 0, ""state"": ""nonzero_structure_gain_available"", ""zero_basis"": false}",False,True,True,0,0,return,return,27,27
dev_AISLE_B_b160_n92801__vs__dev_AISLE_G_b160_n92801,134,instance_0000,0.07500000000000001,True,,"[0.19999999999999996, 0.225, 0.25, 0.325]","[0.25, 0.25, 0.25, 0.25]","{""candidates"": 8, ""positive"": 0, ""reasons"": [""no_reliable_observed_label_plane""], ""repeated"": 0, ""state"": ""all_structure_gains_zero"", ""zero_basis"": true}","{""candidates"": 8, ""positive"": 0, ""reasons"": [""no_reliable_observed_label_plane""], ""repeated"": 0, ""state"": ""all_structure_gains_zero"", ""zero_basis"": true}",True,True,True,0,0,return,return,26,26
dev_AISLE_B_b160_n92801__vs__dev_AISLE_G_b160_n92801,134,instance_0002,0.0002155203165066233,True,,"[0.0006582578573050952, 7.199742770134283e-05, 0.9992697446762109, 3.87827106134246e-11]","[0.0004558152661770281, 5.891969123127352e-05, 0.9994852649927175, 4.987423952198099e-11]","{""candidates"": 8, ""positive"": 4, ""reasons"": [], ""repeated"": 0, ""state"": ""nonzero_structure_gain_available"", ""zero_basis"": false}","{""candidates"": 8, ""positive"": 4, ""reasons"": [], ""repeated"": 0, ""state"": ""nonzero_structure_gain_available"", ""zero_basis"": false}",False,True,True,0,0,return,return,26,26
dev_AISLE_B_b160_n92801__vs__dev_AISLE_G_b160_n92801,135,instance_0000,0.07500000000000001,True,,"[0.19999999999999996, 0.225, 0.25, 0.325]","[0.25, 0.25, 0.25, 0.25]","{""candidates"": 8, ""positive"": 0, ""reasons"": [""no_reliable_observed_label_plane""], ""repeated"": 0, ""state"": ""all_structure_gains_zero"", ""zero_basis"": true}","{""candidates"": 8, ""positive"": 0, ""reasons"": [""no_reliable_observed_label_plane""], ""repeated"": 0, ""state"": ""all_structure_gains_zero"", ""zero_basis"": true}",True,True,True,0,0,return,return,25,25
dev_AISLE_B_b160_n92801__vs__dev_AISLE_G_b160_n92801,135,instance_0002,0.0002155203165066233,True,,"[0.0006582578573050952, 7.199742770134283e-05, 0.9992697446762109, 3.87827106134246e-11]","[0.0004558152661770281, 5.891969123127352e-05, 0.9994852649927175, 4.987423952198099e-11]","{""candidates"": 8, ""positive"": 4, ""reasons"": [], ""repeated"": 0, ""state"": ""nonzero_structure_gain_available"", ""zero_basis"": false}","{""candidates"": 8, ""positive"": 4, ""reasons"": [], ""repeated"": 0, ""state"": ""nonzero_structure_gain_available"", ""zero_basis"": false}",False,True,True,0,0,return,return,25,25
dev_AISLE_B_b160_n92801__vs__dev_AISLE_G_b160_n92801,136,instance_0000,0.07500000000000001,True,,"[0.19999999999999996, 0.225, 0.25, 0.325]","[0.25, 0.25, 0.25, 0.25]","{""candidates"": 8, ""positive"": 0, ""reasons"": [""no_reliable_observed_label_plane""], ""repeated"": 0, ""state"": ""all_structure_gains_zero"", ""zero_basis"": true}","{""candidates"": 8, ""positive"": 0, ""reasons"": [""no_reliable_observed_label_plane""], ""repeated"": 0, ""state"": ""all_structure_gains_zero"", ""zero_basis"": true}",True,True,True,0,0,return,return,24,24
dev_AISLE_B_b160_n92801__vs__dev_AISLE_G_b160_n92801,136,instance_0001,0.07278468066188765,True,,"[0.3426995501995762, 0.28997654247656446, 0.23725353475355276, 0.13007037257030654]","[0.26991486953768856, 0.26991486953768856, 0.26991486953768856, 0.19025539138693426]","{""candidates"": 8, ""positive"": 7, ""reasons"": [], ""repeated"": 0, ""state"": ""nonzero_structure_gain_available"", ""zero_basis"": false}","{""candidates"": 8, ""positive"": 7, ""reasons"": [], ""repeated"": 0, ""state"": ""nonzero_structure_gain_available"", ""zero_basis"": false}",False,True,True,0,0,return,return,24,24
dev_AISLE_B_b160_n92801__vs__dev_AISLE_G_b160_n92801,136,instance_0002,0.0002155203165066233,True,,"[0.0006582578573050952, 7.199742770134283e-05, 0.9992697446762109, 3.87827106134246e-11]","[0.0004558152661770281, 5.891969123127352e-05, 0.9994852649927175, 4.987423952198099e-11]","{""candidates"": 8, ""positive"": 4, ""reasons"": [], ""repeated"": 0, ""state"": ""nonzero_structure_gain_available"", ""zero_basis"": false}","{""candidates"": 8, ""positive"": 4, ""reasons"": [], ""repeated"": 0, ""state"": ""nonzero_structure_gain_available"", ""zero_basis"": false}",False,True,True,0,0,return,return,24,24
dev_AISLE_B_b160_n92801__vs__dev_AISLE_G_b160_n92801,137,instance_0002,0.0002155203165066233,True,,"[0.0006582578573050952, 7.199742770134283e-05, 0.9992697446762109, 3.87827106134246e-11]","[0.0004558152661770281, 5.891969123127352e-05, 0.9994852649927175, 4.987423952198099e-11]","{""candidates"": 8, ""positive"": 5, ""reasons"": [], ""repeated"": 0, ""state"": ""nonzero_structure_gain_available"", ""zero_basis"": false}","{""candidates"": 8, ""positive"": 5, ""reasons"": [], ""repeated"": 0, ""state"": ""nonzero_structure_gain_available"", ""zero_basis"": false}",False,True,True,0,0,return,return,23,23
dev_AISLE_B_b160_n92801__vs__dev_AISLE_G_b160_n92801,138,instance_0002,0.0002155203165066233,True,,"[0.0006582578573050952, 7.199742770134283e-05, 0.9992697446762109, 3.87827106134246e-11]","[0.0004558152661770281, 5.891969123127352e-05, 0.9994852649927175, 4.987423952198099e-11]","{""candidates"": 8, ""positive"": 6, ""reasons"": [], ""repeated"": 0, ""state"": ""nonzero_structure_gain_available"", ""zero_basis"": false}","{""candidates"": 8, ""positive"": 6, ""reasons"": [], ""repeated"": 0, ""state"": ""nonzero_structure_gain_available"", ""zero_basis"": false}",False,True,True,0,0,return,return,22,22
dev_AISLE_B_b160_n92801__vs__dev_AISLE_G_b160_n92801,139,instance_0001,0.07278468066188765,True,,"[0.3426995501995762, 0.28997654247656446, 0.23725353475355276, 0.13007037257030654]","[0.26991486953768856, 0.26991486953768856, 0.26991486953768856, 0.19025539138693426]","{""candidates"": 8, ""positive"": 7, ""reasons"": [], ""repeated"": 0, ""state"": ""nonzero_structure_gain_available"", ""zero_basis"": false}","{""candidates"": 8, ""positive"": 7, ""reasons"": [], ""repeated"": 0, ""state"": ""nonzero_structure_gain_available"", ""zero_basis"": false}",False,True,True,0,0,return,return,21,21
dev_AISLE_B_b160_n92801__vs__dev_AISLE_G_b160_n92801,139,instance_0002,0.0002155203165066233,True,,"[0.0006582578573050952, 7.199742770134283e-05, 0.9992697446762109, 3.87827106134246e-11]","[0.0004558152661770281, 5.891969123127352e-05, 0.9994852649927175, 4.987423952198099e-11]","{""candidates"": 8, ""positive"": 7, ""reasons"": [], ""repeated"": 0, ""state"": ""nonzero_structure_gain_available"", ""zero_basis"": false}","{""candidates"": 8, ""positive"": 7, ""reasons"": [], ""repeated"": 0, ""state"": ""nonzero_structure_gain_available"", ""zero_basis"": false}",False,True,True,0,0,return,return,21,21
dev_AISLE_B_b160_n92801__vs__dev_AISLE_G_b160_n92801,140,instance_0002,0.0002155203165066233,True,,"[0.0006582578573050952, 7.199742770134283e-05, 0.9992697446762109, 3.87827106134246e-11]","[0.0004558152661770281, 5.891969123127352e-05, 0.9994852649927175, 4.987423952198099e-11]","{""candidates"": 8, ""positive"": 7, ""reasons"": [], ""repeated"": 0, ""state"": ""nonzero_structure_gain_available"", ""zero_basis"": false}","{""candidates"": 8, ""positive"": 7, ""reasons"": [], ""repeated"": 0, ""state"": ""nonzero_structure_gain_available"", ""zero_basis"": false}",False,True,True,0,0,return,return,20,20
dev_AISLE_B_b160_n92801__vs__dev_AISLE_G_b160_n92801,141,instance_0002,0.0002155203165066233,True,,"[0.0006582578573050952, 7.199742770134283e-05, 0.9992697446762109, 3.87827106134246e-11]","[0.0004558152661770281, 5.891969123127352e-05, 0.9994852649927175, 4.987423952198099e-11]","{""candidates"": 8, ""positive"": 6, ""reasons"": [], ""repeated"": 0, ""state"": ""nonzero_structure_gain_available"", ""zero_basis"": false}","{""candidates"": 8, ""positive"": 6, ""reasons"": [], ""repeated"": 0, ""state"": ""nonzero_structure_gain_available"", ""zero_basis"": false}",False,True,True,0,0,return,return,19,19
dev_AISLE_B_b160_n92801__vs__dev_AISLE_G_b160_n92801,142,instance_0001,0.0659008803277446,True,,"[0.3760543135197771, 0.3181998037475037, 0.2603452939752303, 0.04540058875748876]","[0.3101534331920325, 0.3101534331920325, 0.3101534331920325, 0.06953970042390258]","{""candidates"": 8, ""positive"": 6, ""reasons"": [], ""repeated"": 0, ""state"": ""nonzero_structure_gain_available"", ""zero_basis"": false}","{""candidates"": 8, ""positive"": 6, ""reasons"": [], ""repeated"": 0, ""state"": ""nonzero_structure_gain_available"", ""zero_basis"": false}",False,True,True,0,0,return,return,18,18
dev_AISLE_B_b160_n92801__vs__dev_AISLE_G_b160_n92801,142,instance_0002,0.0002155203165066233,True,,"[0.0006582578573050952, 7.199742770134283e-05, 0.9992697446762109, 3.87827106134246e-11]","[0.0004558152661770281, 5.891969123127352e-05, 0.9994852649927175, 4.987423952198099e-11]","{""candidates"": 8, ""positive"": 6, ""reasons"": [], ""repeated"": 0, ""state"": ""nonzero_structure_gain_available"", ""zero_basis"": false}","{""candidates"": 8, ""positive"": 6, ""reasons"": [], ""repeated"": 0, ""state"": ""nonzero_structure_gain_available"", ""zero_basis"": false}",False,True,True,0,0,return,return,18,18
dev_AISLE_B_b160_n92801__vs__dev_AISLE_G_b160_n92801,143,instance_0001,0.06191642287923621,True,,"[0.3898682283779596, 0.3298885009351966, 0.2699087734924336, 0.010334497194410043]","[0.3279518054987234, 0.3279518054987234, 0.3279518054987234, 0.016144583503829926]","{""candidates"": 8, ""positive"": 6, ""reasons"": [], ""repeated"": 0, ""state"": ""nonzero_structure_gain_available"", ""zero_basis"": false}","{""candidates"": 8, ""positive"": 6, ""reasons"": [], ""repeated"": 0, ""state"": ""nonzero_structure_gain_available"", ""zero_basis"": false}",False,True,True,0,0,return,return,17,17
dev_AISLE_B_b160_n92801__vs__dev_AISLE_G_b160_n92801,143,instance_0002,0.0002155203165066233,True,,"[0.0006582578573050952, 7.199742770134283e-05, 0.9992697446762109, 3.87827106134246e-11]","[0.0004558152661770281, 5.891969123127352e-05, 0.9994852649927175, 4.987423952198099e-11]","{""candidates"": 8, ""positive"": 4, ""reasons"": [], ""repeated"": 0, ""state"": ""nonzero_structure_gain_available"", ""zero_basis"": false}","{""candidates"": 8, ""positive"": 4, ""reasons"": [], ""repeated"": 0, ""state"": ""nonzero_structure_gain_available"", ""zero_basis"": false}",False,True,True,0,0,return,return,17,17
dev_AISLE_B_b160_n92801__vs__dev_AISLE_G_b160_n92801,144,instance_0001,0.060982153195772604,True,,"[0.39279087515345384, 0.3323615097452301, 0.27193214433700647, 0.002915470764309682]","[0.33180872195768124, 0.33180872195768124, 0.33180872195768124, 0.004573834126956388]","{""candidates"": 8, ""positive"": 6, ""reasons"": [], ""repeated"": 0, ""state"": ""nonzero_structure_gain_available"", ""zero_basis"": false}","{""candidates"": 8, ""positive"": 6, ""reasons"": [], ""repeated"": 0, ""state"": ""nonzero_structure_gain_available"", ""zero_basis"": false}",False,True,True,0,0,return,return,16,16
dev_AISLE_B_b160_n92801__vs__dev_AISLE_G_b160_n92801,144,instance_0002,0.0002155203165066233,True,,"[0.0006582578573050952, 7.199742770134283e-05, 0.9992697446762109, 3.87827106134246e-11]","[0.0004558152661770281, 5.891969123127352e-05, 0.9994852649927175, 4.987423952198099e-11]","{""candidates"": 8, ""positive"": 4, ""reasons"": [], ""repeated"": 0, ""state"": ""nonzero_structure_gain_available"", ""zero_basis"": false}","{""candidates"": 8, ""positive"": 4, ""reasons"": [], ""repeated"": 0, ""state"": ""nonzero_structure_gain_available"", ""zero_basis"": false}",False,True,True,0,0,return,return,16,16
dev_AISLE_B_b160_n92801__vs__dev_AISLE_G_b160_n92801,145,instance_0001,0.060982153195772604,True,,"[0.39279087515345384, 0.3323615097452301, 0.27193214433700647, 0.002915470764309682]","[0.33180872195768124, 0.33180872195768124, 0.33180872195768124, 0.004573834126956388]","{""candidates"": 8, ""positive"": 7, ""reasons"": [], ""repeated"": 0, ""state"": ""nonzero_structure_gain_available"", ""zero_basis"": false}","{""candidates"": 8, ""positive"": 7, ""reasons"": [], ""repeated"": 0, ""state"": ""nonzero_structure_gain_available"", ""zero_basis"": false}",False,True,True,0,0,return,return,15,15
dev_AISLE_B_b160_n92801__vs__dev_AISLE_G_b160_n92801,145,instance_0002,0.0002155203165066233,True,,"[0.0006582578573050952, 7.199742770134283e-05, 0.9992697446762109, 3.87827106134246e-11]","[0.0004558152661770281, 5.891969123127352e-05, 0.9994852649927175, 4.987423952198099e-11]","{""candidates"": 8, ""positive"": 5, ""reasons"": [], ""repeated"": 0, ""state"": ""nonzero_structure_gain_available"", ""zero_basis"": false}","{""candidates"": 8, ""positive"": 5, ""reasons"": [], ""repeated"": 0, ""state"": ""nonzero_structure_gain_available"", ""zero_basis"": false}",False,True,True,0,0,return,return,15,15
dev_AISLE_B_b160_n92801__vs__dev_AISLE_G_b160_n92801,146,instance_0002,0.0002155203165066233,True,,"[0.0006582578573050952, 7.199742770134283e-05, 0.9992697446762109, 3.87827106134246e-11]","[0.0004558152661770281, 5.891969123127352e-05, 0.9994852649927175, 4.987423952198099e-11]","{""candidates"": 8, ""positive"": 6, ""reasons"": [], ""repeated"": 0, ""state"": ""nonzero_structure_gain_available"", ""zero_basis"": false}","{""candidates"": 8, ""positive"": 6, ""reasons"": [], ""repeated"": 0, ""state"": ""nonzero_structure_gain_available"", ""zero_basis"": false}",False,True,True,0,0,return,return,14,14
dev_AISLE_B_b160_n92801__vs__dev_AISLE_G_b160_n92801,147,instance_0001,0.060982153195772604,True,,"[0.39279087515345384, 0.3323615097452301, 0.27193214433700647, 0.002915470764309682]","[0.33180872195768124, 0.33180872195768124, 0.33180872195768124, 0.004573834126956388]","{""candidates"": 8, ""positive"": 7, ""reasons"": [], ""repeated"": 0, ""state"": ""nonzero_structure_gain_available"", ""zero_basis"": false}","{""candidates"": 8, ""positive"": 7, ""reasons"": [], ""repeated"": 0, ""state"": ""nonzero_structure_gain_available"", ""zero_basis"": false}",False,True,True,0,0,return,return,13,13
dev_AISLE_B_b160_n92801__vs__dev_AISLE_G_b160_n92801,147,instance_0002,0.0002155203165066233,True,,"[0.0006582578573050952, 7.199742770134283e-05, 0.9992697446762109, 3.87827106134246e-11]","[0.0004558152661770281, 5.891969123127352e-05, 0.9994852649927175, 4.987423952198099e-11]","{""candidates"": 8, ""positive"": 6, ""reasons"": [], ""repeated"": 0, ""state"": ""nonzero_structure_gain_available"", ""zero_basis"": false}","{""candidates"": 8, ""positive"": 6, ""reasons"": [], ""repeated"": 0, ""state"": ""nonzero_structure_gain_available"", ""zero_basis"": false}",False,True,True,0,0,return,return,13,13
dev_AISLE_B_b160_n92801__vs__dev_AISLE_G_b160_n92801,148,instance_0001,0.060982153195772604,True,,"[0.39279087515345384, 0.3323615097452301, 0.27193214433700647, 0.002915470764309682]","[0.33180872195768124, 0.33180872195768124, 0.33180872195768124, 0.004573834126956388]","{""candidates"": 8, ""positive"": 7, ""reasons"": [], ""repeated"": 0, ""state"": ""nonzero_structure_gain_available"", ""zero_basis"": false}","{""candidates"": 8, ""positive"": 7, ""reasons"": [], ""repeated"": 0, ""state"": ""nonzero_structure_gain_available"", ""zero_basis"": false}",False,True,True,0,0,return,return,12,12
dev_AISLE_B_b160_n92801__vs__dev_AISLE_G_b160_n92801,148,instance_0002,0.0002155203165066233,True,,"[0.0006582578573050952, 7.199742770134283e-05, 0.9992697446762109, 3.87827106134246e-11]","[0.0004558152661770281, 5.891969123127352e-05, 0.9994852649927175, 4.987423952198099e-11]","{""candidates"": 8, ""positive"": 5, ""reasons"": [], ""repeated"": 0, ""state"": ""nonzero_structure_gain_available"", ""zero_basis"": false}","{""candidates"": 8, ""positive"": 5, ""reasons"": [], ""repeated"": 0, ""state"": ""nonzero_structure_gain_available"", ""zero_basis"": false}",False,True,True,0,0,return,return,12,12
dev_AISLE_B_b160_n92801__vs__dev_AISLE_G_b160_n92801,149,instance_0001,0.060982153195772604,True,,"[0.39279087515345384, 0.3323615097452301, 0.27193214433700647, 0.002915470764309682]","[0.33180872195768124, 0.33180872195768124, 0.33180872195768124, 0.004573834126956388]","{""candidates"": 8, ""positive"": 6, ""reasons"": [], ""repeated"": 0, ""state"": ""nonzero_structure_gain_available"", ""zero_basis"": false}","{""candidates"": 8, ""positive"": 6, ""reasons"": [], ""repeated"": 0, ""state"": ""nonzero_structure_gain_available"", ""zero_basis"": false}",False,True,True,0,0,return,return,11,11
dev_AISLE_B_b160_n92801__vs__dev_AISLE_G_b160_n92801,149,instance_0002,0.0002155203165066233,True,,"[0.0006582578573050952, 7.199742770134283e-05, 0.9992697446762109, 3.87827106134246e-11]","[0.0004558152661770281, 5.891969123127352e-05, 0.9994852649927175, 4.987423952198099e-11]","{""candidates"": 8, ""positive"": 6, ""reasons"": [], ""repeated"": 0, ""state"": ""nonzero_structure_gain_available"", ""zero_basis"": false}","{""candidates"": 8, ""positive"": 6, ""reasons"": [], ""repeated"": 0, ""state"": ""nonzero_structure_gain_available"", ""zero_basis"": false}",False,True,True,0,0,return,return,11,11
dev_AISLE_B_b160_n92801__vs__dev_AISLE_G_b160_n92801,150,instance_0001,0.060982153195772604,True,,"[0.39279087515345384, 0.3323615097452301, 0.27193214433700647, 0.002915470764309682]","[0.33180872195768124, 0.33180872195768124, 0.33180872195768124, 0.004573834126956388]","{""candidates"": 8, ""positive"": 6, ""reasons"": [], ""repeated"": 0, ""state"": ""nonzero_structure_gain_available"", ""zero_basis"": false}","{""candidates"": 8, ""positive"": 6, ""reasons"": [], ""repeated"": 0, ""state"": ""nonzero_structure_gain_available"", ""zero_basis"": false}",False,True,True,0,0,return,return,10,10
dev_AISLE_B_b160_n92801__vs__dev_AISLE_G_b160_n92801,150,instance_0002,0.0002155203165066233,True,,"[0.0006582578573050952, 7.199742770134283e-05, 0.9992697446762109, 3.87827106134246e-11]","[0.0004558152661770281, 5.891969123127352e-05, 0.9994852649927175, 4.987423952198099e-11]","{""candidates"": 8, ""positive"": 6, ""reasons"": [], ""repeated"": 0, ""state"": ""nonzero_structure_gain_available"", ""zero_basis"": false}","{""candidates"": 8, ""positive"": 6, ""reasons"": [], ""repeated"": 0, ""state"": ""nonzero_structure_gain_available"", ""zero_basis"": false}",False,True,True,0,0,return,return,10,10
dev_AISLE_B_b160_n92801__vs__dev_AISLE_G_b160_n92801,151,instance_0001,0.060982153195772604,True,,"[0.39279087515345384, 0.3323615097452301, 0.27193214433700647, 0.002915470764309682]","[0.33180872195768124, 0.33180872195768124, 0.33180872195768124, 0.004573834126956388]","{""candidates"": 8, ""positive"": 6, ""reasons"": [], ""repeated"": 0, ""state"": ""nonzero_structure_gain_available"", ""zero_basis"": false}","{""candidates"": 8, ""positive"": 6, ""reasons"": [], ""repeated"": 0, ""state"": ""nonzero_structure_gain_available"", ""zero_basis"": false}",False,True,True,0,0,return,return,9,9
dev_AISLE_B_b160_n92801__vs__dev_AISLE_G_b160_n92801,151,instance_0002,0.0002155203165066233,True,,"[0.0006582578573050952, 7.199742770134283e-05, 0.9992697446762109, 3.87827106134246e-11]","[0.0004558152661770281, 5.891969123127352e-05, 0.9994852649927175, 4.987423952198099e-11]","{""candidates"": 8, ""positive"": 6, ""reasons"": [], ""repeated"": 0, ""state"": ""nonzero_structure_gain_available"", ""zero_basis"": false}","{""candidates"": 8, ""positive"": 6, ""reasons"": [], ""repeated"": 0, ""state"": ""nonzero_structure_gain_available"", ""zero_basis"": false}",False,True,True,0,0,return,return,9,9
dev_AISLE_B_b160_n92801__vs__dev_AISLE_G_b160_n92801,152,instance_0001,0.060982153195772604,True,,"[0.39279087515345384, 0.3323615097452301, 0.27193214433700647, 0.002915470764309682]","[0.33180872195768124, 0.33180872195768124, 0.33180872195768124, 0.004573834126956388]","{""candidates"": 8, ""positive"": 7, ""reasons"": [], ""repeated"": 0, ""state"": ""nonzero_structure_gain_available"", ""zero_basis"": false}","{""candidates"": 8, ""positive"": 7, ""reasons"": [], ""repeated"": 0, ""state"": ""nonzero_structure_gain_available"", ""zero_basis"": false}",False,True,True,0,0,return,return,8,8
dev_AISLE_B_b160_n92801__vs__dev_AISLE_G_b160_n92801,152,instance_0002,0.0002155203165066233,True,,"[0.0006582578573050952, 7.199742770134283e-05, 0.9992697446762109, 3.87827106134246e-11]","[0.0004558152661770281, 5.891969123127352e-05, 0.9994852649927175, 4.987423952198099e-11]","{""candidates"": 8, ""positive"": 7, ""reasons"": [], ""repeated"": 0, ""state"": ""nonzero_structure_gain_available"", ""zero_basis"": false}","{""candidates"": 8, ""positive"": 7, ""reasons"": [], ""repeated"": 0, ""state"": ""nonzero_structure_gain_available"", ""zero_basis"": false}",False,True,True,0,0,return,return,8,8
dev_AISLE_B_b160_n92801__vs__dev_AISLE_G_b160_n92801,153,instance_0001,0.060982153195772604,True,,"[0.39279087515345384, 0.3323615097452301, 0.27193214433700647, 0.002915470764309682]","[0.33180872195768124, 0.33180872195768124, 0.33180872195768124, 0.004573834126956388]","{""candidates"": 8, ""positive"": 7, ""reasons"": [], ""repeated"": 0, ""state"": ""nonzero_structure_gain_available"", ""zero_basis"": false}","{""candidates"": 8, ""positive"": 7, ""reasons"": [], ""repeated"": 0, ""state"": ""nonzero_structure_gain_available"", ""zero_basis"": false}",False,True,True,0,0,return,return,7,7
dev_AISLE_B_b160_n92801__vs__dev_AISLE_G_b160_n92801,153,instance_0002,0.0002155203165066233,True,,"[0.0006582578573050952, 7.199742770134283e-05, 0.9992697446762109, 3.87827106134246e-11]","[0.0004558152661770281, 5.891969123127352e-05, 0.9994852649927175, 4.987423952198099e-11]","{""candidates"": 8, ""positive"": 8, ""reasons"": [], ""repeated"": 0, ""state"": ""nonzero_structure_gain_available"", ""zero_basis"": false}","{""candidates"": 8, ""positive"": 8, ""reasons"": [], ""repeated"": 0, ""state"": ""nonzero_structure_gain_available"", ""zero_basis"": false}",False,True,True,0,0,return,return,7,7
dev_AISLE_B_b160_n92801__vs__dev_AISLE_G_b160_n92801,154,instance_0001,0.060982153195772604,True,,"[0.39279087515345384, 0.3323615097452301, 0.27193214433700647, 0.002915470764309682]","[0.33180872195768124, 0.33180872195768124, 0.33180872195768124, 0.004573834126956388]","{""candidates"": 8, ""positive"": 7, ""reasons"": [], ""repeated"": 0, ""state"": ""nonzero_structure_gain_available"", ""zero_basis"": false}","{""candidates"": 8, ""positive"": 7, ""reasons"": [], ""repeated"": 0, ""state"": ""nonzero_structure_gain_available"", ""zero_basis"": false}",False,True,True,0,0,return,return,6,6
dev_AISLE_B_b160_n92801__vs__dev_AISLE_G_b160_n92801,154,instance_0002,0.0002155203165066233,True,,"[0.0006582578573050952, 7.199742770134283e-05, 0.9992697446762109, 3.87827106134246e-11]","[0.0004558152661770281, 5.891969123127352e-05, 0.9994852649927175, 4.987423952198099e-11]","{""candidates"": 8, ""positive"": 6, ""reasons"": [], ""repeated"": 0, ""state"": ""nonzero_structure_gain_available"", ""zero_basis"": false}","{""candidates"": 8, ""positive"": 6, ""reasons"": [], ""repeated"": 0, ""state"": ""nonzero_structure_gain_available"", ""zero_basis"": false}",False,True,True,0,0,return,return,6,6
dev_AISLE_B_b160_n92801__vs__dev_AISLE_G_b160_n92801,155,instance_0001,0.060982153195772604,True,,"[0.39279087515345384, 0.3323615097452301, 0.27193214433700647, 0.002915470764309682]","[0.33180872195768124, 0.33180872195768124, 0.33180872195768124, 0.004573834126956388]","{""candidates"": 8, ""positive"": 6, ""reasons"": [], ""repeated"": 0, ""state"": ""nonzero_structure_gain_available"", ""zero_basis"": false}","{""candidates"": 8, ""positive"": 6, ""reasons"": [], ""repeated"": 0, ""state"": ""nonzero_structure_gain_available"", ""zero_basis"": false}",False,True,True,0,0,return,return,5,5
dev_AISLE_B_b160_n92801__vs__dev_AISLE_G_b160_n92801,155,instance_0002,0.0002155203165066233,True,,"[0.0006582578573050952, 7.199742770134283e-05, 0.9992697446762109, 3.87827106134246e-11]","[0.0004558152661770281, 5.891969123127352e-05, 0.9994852649927175, 4.987423952198099e-11]","{""candidates"": 8, ""positive"": 6, ""reasons"": [], ""repeated"": 0, ""state"": ""nonzero_structure_gain_available"", ""zero_basis"": false}","{""candidates"": 8, ""positive"": 6, ""reasons"": [], ""repeated"": 0, ""state"": ""nonzero_structure_gain_available"", ""zero_basis"": false}",False,True,True,0,0,return,return,5,5
dev_AISLE_B_b160_n92801__vs__dev_AISLE_G_b160_n92801,156,instance_0001,0.060982153195772604,True,,"[0.39279087515345384, 0.3323615097452301, 0.27193214433700647, 0.002915470764309682]","[0.33180872195768124, 0.33180872195768124, 0.33180872195768124, 0.004573834126956388]","{""candidates"": 8, ""positive"": 7, ""reasons"": [], ""repeated"": 0, ""state"": ""nonzero_structure_gain_available"", ""zero_basis"": false}","{""candidates"": 8, ""positive"": 7, ""reasons"": [], ""repeated"": 0, ""state"": ""nonzero_structure_gain_available"", ""zero_basis"": false}",False,True,True,0,0,return,return,4,4
dev_AISLE_B_b160_n92801__vs__dev_AISLE_G_b160_n92801,156,instance_0002,0.0002155203165066233,True,,"[0.0006582578573050952, 7.199742770134283e-05, 0.9992697446762109, 3.87827106134246e-11]","[0.0004558152661770281, 5.891969123127352e-05, 0.9994852649927175, 4.987423952198099e-11]","{""candidates"": 8, ""positive"": 7, ""reasons"": [], ""repeated"": 0, ""state"": ""nonzero_structure_gain_available"", ""zero_basis"": false}","{""candidates"": 8, ""positive"": 7, ""reasons"": [], ""repeated"": 0, ""state"": ""nonzero_structure_gain_available"", ""zero_basis"": false}",False,True,True,0,0,return,return,4,4
dev_AISLE_B_b160_n92801__vs__dev_AISLE_G_b160_n92801,157,instance_0001,0.060982153195772604,True,,"[0.39279087515345384, 0.3323615097452301, 0.27193214433700647, 0.002915470764309682]","[0.33180872195768124, 0.33180872195768124, 0.33180872195768124, 0.004573834126956388]","{""candidates"": 8, ""positive"": 8, ""reasons"": [], ""repeated"": 0, ""state"": ""nonzero_structure_gain_available"", ""zero_basis"": false}","{""candidates"": 8, ""positive"": 8, ""reasons"": [], ""repeated"": 0, ""state"": ""nonzero_structure_gain_available"", ""zero_basis"": false}",False,True,True,0,0,return,return,3,3
dev_AISLE_B_b160_n92801__vs__dev_AISLE_G_b160_n92801,157,instance_0002,0.0002155203165066233,True,,"[0.0006582578573050952, 7.199742770134283e-05, 0.9992697446762109, 3.87827106134246e-11]","[0.0004558152661770281, 5.891969123127352e-05, 0.9994852649927175, 4.987423952198099e-11]","{""candidates"": 8, ""positive"": 8, ""reasons"": [], ""repeated"": 0, ""state"": ""nonzero_structure_gain_available"", ""zero_basis"": false}","{""candidates"": 8, ""positive"": 8, ""reasons"": [], ""repeated"": 0, ""state"": ""nonzero_structure_gain_available"", ""zero_basis"": false}",False,True,True,0,0,return,return,3,3
dev_AISLE_B_b160_n92801__vs__dev_AISLE_G_b160_n92801,158,instance_0001,0.060982153195772604,True,,"[0.39279087515345384, 0.3323615097452301, 0.27193214433700647, 0.002915470764309682]","[0.33180872195768124, 0.33180872195768124, 0.33180872195768124, 0.004573834126956388]","{""candidates"": 8, ""positive"": 8, ""reasons"": [], ""repeated"": 0, ""state"": ""nonzero_structure_gain_available"", ""zero_basis"": false}","{""candidates"": 8, ""positive"": 8, ""reasons"": [], ""repeated"": 0, ""state"": ""nonzero_structure_gain_available"", ""zero_basis"": false}",False,True,True,0,0,return,return,2,2
dev_AISLE_B_b160_n92801__vs__dev_AISLE_G_b160_n92801,158,instance_0002,0.0002155203165066233,True,,"[0.0006582578573050952, 7.199742770134283e-05, 0.9992697446762109, 3.87827106134246e-11]","[0.0004558152661770281, 5.891969123127352e-05, 0.9994852649927175, 4.987423952198099e-11]","{""candidates"": 8, ""positive"": 8, ""reasons"": [], ""repeated"": 0, ""state"": ""nonzero_structure_gain_available"", ""zero_basis"": false}","{""candidates"": 8, ""positive"": 8, ""reasons"": [], ""repeated"": 0, ""state"": ""nonzero_structure_gain_available"", ""zero_basis"": false}",False,True,True,0,0,return,return,2,2
dev_AISLE_B_b160_n92801__vs__dev_AISLE_G_b160_n92801,159,instance_0001,0.060982153195772604,True,,"[0.39279087515345384, 0.3323615097452301, 0.27193214433700647, 0.002915470764309682]","[0.33180872195768124, 0.33180872195768124, 0.33180872195768124, 0.004573834126956388]","{""candidates"": 8, ""positive"": 8, ""reasons"": [], ""repeated"": 0, ""state"": ""nonzero_structure_gain_available"", ""zero_basis"": false}","{""candidates"": 8, ""positive"": 8, ""reasons"": [], ""repeated"": 0, ""state"": ""nonzero_structure_gain_available"", ""zero_basis"": false}",False,True,True,0,0,return,return,1,1
dev_AISLE_B_b160_n92801__vs__dev_AISLE_G_b160_n92801,159,instance_0002,0.0002155203165066233,True,,"[0.0006582578573050952, 7.199742770134283e-05, 0.9992697446762109, 3.87827106134246e-11]","[0.0004558152661770281, 5.891969123127352e-05, 0.9994852649927175, 4.987423952198099e-11]","{""candidates"": 8, ""positive"": 8, ""reasons"": [], ""repeated"": 0, ""state"": ""nonzero_structure_gain_available"", ""zero_basis"": false}","{""candidates"": 8, ""positive"": 8, ""reasons"": [], ""repeated"": 0, ""state"": ""nonzero_structure_gain_available"", ""zero_basis"": false}",False,True,True,0,0,return,return,1,1
dev_AISLE_B_b160_n92801__vs__dev_AISLE_G_b160_n92801,160,instance_0002,0.0002155203165066233,True,,"[0.0006582578573050952, 7.199742770134283e-05, 0.9992697446762109, 3.87827106134246e-11]","[0.0004558152661770281, 5.891969123127352e-05, 0.9994852649927175, 4.987423952198099e-11]","{""candidates"": 8, ""positive"": 8, ""reasons"": [], ""repeated"": 0, ""state"": ""nonzero_structure_gain_available"", ""zero_basis"": false}","{""candidates"": 8, ""positive"": 8, ""reasons"": [], ""repeated"": 0, ""state"": ""nonzero_structure_gain_available"", ""zero_basis"": false}",False,True,True,0,0,home_xy_and_yaw_reached,home_xy_and_yaw_reached,0,0
dev_AISLE_B_b160_n92801__vs__dev_AISLE_NBV_b160_n92801,1,instance_0000,0.07500000000000001,True,,"[0.19999999999999996, 0.225, 0.25, 0.325]","[0.25, 0.25, 0.25, 0.25]","{""candidates"": 0, ""reasons"": [], ""state"": ""no_forecast_record"", ""zero_basis"": null}","{""candidates"": 0, ""reasons"": [], ""state"": ""no_forecast_record"", ""zero_basis"": null}",False,False,False,0,0,upstream_goal_with_paid_return_reserve,upstream_goal_with_paid_return_reserve,,
dev_AISLE_B_b160_n92801__vs__dev_AISLE_NBV_b160_n92801,2,instance_0000,0.07500000000000001,True,,"[0.19999999999999996, 0.225, 0.25, 0.325]","[0.25, 0.25, 0.25, 0.25]","{""candidates"": 0, ""reasons"": [], ""state"": ""no_forecast_record"", ""zero_basis"": null}","{""candidates"": 0, ""reasons"": [], ""state"": ""no_forecast_record"", ""zero_basis"": null}",False,False,False,0,0,upstream_goal_with_paid_return_reserve,upstream_goal_with_paid_return_reserve,,
dev_AISLE_B_b160_n92801__vs__dev_AISLE_NBV_b160_n92801,3,instance_0000,0.07500000000000001,True,,"[0.19999999999999996, 0.225, 0.25, 0.325]","[0.25, 0.25, 0.25, 0.25]","{""candidates"": 0, ""reasons"": [], ""state"": ""no_forecast_record"", ""zero_basis"": null}","{""candidates"": 0, ""reasons"": [], ""state"": ""no_forecast_record"", ""zero_basis"": null}",False,False,False,0,0,upstream_goal_with_paid_return_reserve,upstream_goal_with_paid_return_reserve,,
dev_AISLE_B_b160_n92801__vs__dev_AISLE_NBV_b160_n92801,4,instance_0000,0.07500000000000001,True,,"[0.19999999999999996, 0.225, 0.25, 0.325]","[0.25, 0.25, 0.25, 0.25]","{""candidates"": 0, ""reasons"": [], ""state"": ""no_forecast_record"", ""zero_basis"": null}","{""candidates"": 0, ""reasons"": [], ""state"": ""no_forecast_record"", ""zero_basis"": null}",False,False,False,0,0,upstream_goal_with_paid_return_reserve,upstream_goal_with_paid_return_reserve,,
dev_AISLE_B_b160_n92801__vs__dev_AISLE_NBV_b160_n92801,6,instance_0000,0.07500000000000001,True,,"[0.19999999999999996, 0.225, 0.25, 0.325]","[0.25, 0.25, 0.25, 0.25]","{""candidates"": 0, ""reasons"": [], ""state"": ""no_forecast_record"", ""zero_basis"": null}","{""candidates"": 0, ""reasons"": [], ""state"": ""no_forecast_record"", ""zero_basis"": null}",False,False,False,0,0,upstream_goal_with_paid_return_reserve,upstream_goal_with_paid_return_reserve,,
dev_AISLE_B_b160_n92801__vs__dev_AISLE_NBV_b160_n92801,7,instance_0000,0.07500000000000001,True,,"[0.19999999999999996, 0.225, 0.25, 0.325]","[0.25, 0.25, 0.25, 0.25]","{""candidates"": 0, ""reasons"": [], ""state"": ""no_forecast_record"", ""zero_basis"": null}","{""candidates"": 0, ""reasons"": [], ""state"": ""no_forecast_record"", ""zero_basis"": null}",False,False,False,0,0,upstream_goal_with_paid_return_reserve,upstream_goal_with_paid_return_reserve,,
dev_AISLE_B_b160_n92801__vs__dev_AISLE_NBV_b160_n92801,7,instance_0001,0.07500000000000001,True,,"[0.325, 0.275, 0.225, 0.175]","[0.25, 0.25, 0.25, 0.25]","{""candidates"": 0, ""reasons"": [], ""state"": ""no_forecast_record"", ""zero_basis"": null}","{""candidates"": 0, ""reasons"": [], ""state"": ""no_forecast_record"", ""zero_basis"": null}",False,False,False,0,0,upstream_goal_with_paid_return_reserve,upstream_goal_with_paid_return_reserve,,
dev_AISLE_B_b160_n92801__vs__dev_AISLE_NBV_b160_n92801,11,instance_0001,0.07500000000000001,True,,"[0.325, 0.275, 0.225, 0.175]","[0.25, 0.25, 0.25, 0.25]","{""candidates"": 0, ""reasons"": [], ""state"": ""no_forecast_record"", ""zero_basis"": null}","{""candidates"": 0, ""reasons"": [], ""state"": ""no_forecast_record"", ""zero_basis"": null}",False,False,False,0,0,upstream_goal_with_paid_return_reserve,upstream_goal_with_paid_return_reserve,,
dev_AISLE_B_b160_n92801__vs__dev_AISLE_NBV_b160_n92801,12,instance_0001,0.07500000000000001,True,,"[0.325, 0.275, 0.225, 0.175]","[0.25, 0.25, 0.25, 0.25]","{""candidates"": 8, ""positive"": 7, ""reasons"": [], ""repeated"": 0, ""state"": ""nonzero_structure_gain_available"", ""zero_basis"": false}","{""candidates"": 8, ""positive"": 7, ""reasons"": [], ""repeated"": 0, ""state"": ""nonzero_structure_gain_available"", ""zero_basis"": false}",False,True,True,39,32,upstream_goal_with_paid_return_reserve,upstream_goal_with_paid_return_reserve,148,148
dev_AISLE_B_b160_n92801__vs__dev_AISLE_NBV_b160_n92801,13,instance_0001,0.07500000000000001,True,,"[0.325, 0.275, 0.225, 0.175]","[0.25, 0.25, 0.25, 0.25]","{""candidates"": 0, ""reasons"": [], ""state"": ""no_forecast_record"", ""zero_basis"": null}","{""candidates"": 0, ""reasons"": [], ""state"": ""no_forecast_record"", ""zero_basis"": null}",False,False,False,0,0,upstream_goal_with_paid_return_reserve,upstream_goal_with_paid_return_reserve,,
dev_AISLE_B_b160_n92801__vs__dev_AISLE_NBV_b160_n92801,14,instance_0001,0.07500000000000001,True,,"[0.325, 0.275, 0.225, 0.175]","[0.25, 0.25, 0.25, 0.25]","{""candidates"": 0, ""reasons"": [], ""state"": ""no_forecast_record"", ""zero_basis"": null}","{""candidates"": 0, ""reasons"": [], ""state"": ""no_forecast_record"", ""zero_basis"": null}",False,False,False,0,0,upstream_goal_with_paid_return_reserve,upstream_goal_with_paid_return_reserve,,
dev_AISLE_B_b160_n92801__vs__dev_AISLE_NBV_b160_n92801,15,instance_0001,0.07500000000000001,True,,"[0.325, 0.275, 0.225, 0.175]","[0.25, 0.25, 0.25, 0.25]","{""candidates"": 0, ""reasons"": [], ""state"": ""no_forecast_record"", ""zero_basis"": null}","{""candidates"": 0, ""reasons"": [], ""state"": ""no_forecast_record"", ""zero_basis"": null}",False,False,False,0,0,upstream_goal_with_paid_return_reserve,upstream_goal_with_paid_return_reserve,,
dev_AISLE_B_b160_n92801__vs__dev_AISLE_NBV_b160_n92801,16,instance_0001,0.07500000000000001,True,,"[0.325, 0.275, 0.225, 0.175]","[0.25, 0.25, 0.25, 0.25]","{""candidates"": 0, ""reasons"": [], ""state"": ""no_forecast_record"", ""zero_basis"": null}","{""candidates"": 0, ""reasons"": [], ""state"": ""no_forecast_record"", ""zero_basis"": null}",False,False,False,0,0,upstream_goal_with_paid_return_reserve,upstream_goal_with_paid_return_reserve,,
dev_AISLE_B_b160_n92801__vs__dev_AISLE_NBV_b160_n92801,17,instance_0001,0.07500000000000001,True,,"[0.325, 0.275, 0.225, 0.175]","[0.25, 0.25, 0.25, 0.25]","{""candidates"": 0, ""reasons"": [], ""state"": ""no_forecast_record"", ""zero_basis"": null}","{""candidates"": 0, ""reasons"": [], ""state"": ""no_forecast_record"", ""zero_basis"": null}",False,False,False,0,0,upstream_goal_with_paid_return_reserve,upstream_goal_with_paid_return_reserve,,
dev_AISLE_B_b160_n92801__vs__dev_AISLE_NBV_b160_n92801,18,instance_0001,0.07500000000000001,True,,"[0.325, 0.275, 0.225, 0.175]","[0.25, 0.25, 0.25, 0.25]","{""candidates"": 0, ""reasons"": [], ""state"": ""no_forecast_record"", ""zero_basis"": null}","{""candidates"": 0, ""reasons"": [], ""state"": ""no_forecast_record"", ""zero_basis"": null}",False,False,False,0,0,upstream_goal_with_paid_return_reserve,upstream_goal_with_paid_return_reserve,,
dev_AISLE_B_b160_n92801__vs__dev_AISLE_NBV_b160_n92801,19,instance_0001,0.07500000000000001,True,,"[0.325, 0.275, 0.225, 0.175]","[0.25, 0.25, 0.25, 0.25]","{""candidates"": 0, ""reasons"": [], ""state"": ""no_forecast_record"", ""zero_basis"": null}","{""candidates"": 0, ""reasons"": [], ""state"": ""no_forecast_record"", ""zero_basis"": null}",False,False,False,0,0,upstream_goal_with_paid_return_reserve,upstream_goal_with_paid_return_reserve,,
dev_AISLE_B_b160_n92801__vs__dev_AISLE_NBV_b160_n92801,20,instance_0001,0.07500000000000001,True,,"[0.325, 0.275, 0.225, 0.175]","[0.25, 0.25, 0.25, 0.25]","{""candidates"": 0, ""reasons"": [], ""state"": ""no_forecast_record"", ""zero_basis"": null}","{""candidates"": 0, ""reasons"": [], ""state"": ""no_forecast_record"", ""zero_basis"": null}",False,False,False,0,0,upstream_goal_with_paid_return_reserve,upstream_goal_with_paid_return_reserve,,
dev_AISLE_B_b160_n92801__vs__dev_AISLE_NBV_b160_n92801,21,instance_0001,0.07500000000000001,True,,"[0.325, 0.275, 0.225, 0.175]","[0.25, 0.25, 0.25, 0.25]","{""candidates"": 0, ""reasons"": [], ""state"": ""no_forecast_record"", ""zero_basis"": null}","{""candidates"": 0, ""reasons"": [], ""state"": ""no_forecast_record"", ""zero_basis"": null}",False,False,False,0,0,upstream_goal_with_paid_return_reserve,upstream_goal_with_paid_return_reserve,,
dev_AISLE_B_b160_n92801__vs__dev_AISLE_NBV_b160_n92801,22,instance_0001,0.07500000000000001,True,,"[0.325, 0.275, 0.225, 0.175]","[0.25, 0.25, 0.25, 0.25]","{""candidates"": 0, ""reasons"": [], ""state"": ""no_forecast_record"", ""zero_basis"": null}","{""candidates"": 0, ""reasons"": [], ""state"": ""no_forecast_record"", ""zero_basis"": null}",False,False,False,0,0,upstream_goal_with_paid_return_reserve,upstream_goal_with_paid_return_reserve,,
dev_AISLE_B_b160_n92801__vs__dev_AISLE_NBV_b160_n92801,26,instance_0000,0.07500000000000001,True,,"[0.19999999999999996, 0.225, 0.25, 0.325]","[0.25, 0.25, 0.25, 0.25]","{""candidates"": 0, ""reasons"": [], ""state"": ""no_forecast_record"", ""zero_basis"": null}","{""candidates"": 0, ""reasons"": [], ""state"": ""no_forecast_record"", ""zero_basis"": null}",False,False,False,0,0,upstream_goal_with_paid_return_reserve,upstream_goal_with_paid_return_reserve,,
dev_AISLE_B_b160_n92801__vs__dev_AISLE_NBV_b160_n92801,27,instance_0000,0.07500000000000001,True,,"[0.19999999999999996, 0.225, 0.25, 0.325]","[0.25, 0.25, 0.25, 0.25]","{""candidates"": 0, ""reasons"": [], ""state"": ""no_forecast_record"", ""zero_basis"": null}","{""candidates"": 0, ""reasons"": [], ""state"": ""no_forecast_record"", ""zero_basis"": null}",False,False,False,0,0,upstream_goal_with_paid_return_reserve,upstream_goal_with_paid_return_reserve,,
dev_AISLE_B_b160_n92801__vs__dev_AISLE_NBV_b160_n92801,28,instance_0000,0.07500000000000001,True,,"[0.19999999999999996, 0.225, 0.25, 0.325]","[0.25, 0.25, 0.25, 0.25]","{""candidates"": 0, ""reasons"": [], ""state"": ""no_forecast_record"", ""zero_basis"": null}","{""candidates"": 0, ""reasons"": [], ""state"": ""no_forecast_record"", ""zero_basis"": null}",False,False,False,0,0,upstream_goal_with_paid_return_reserve,upstream_goal_with_paid_return_reserve,,
dev_AISLE_B_b160_n92801__vs__dev_AISLE_NBV_b160_n92801,29,instance_0000,0.07500000000000001,True,,"[0.19999999999999996, 0.225, 0.25, 0.325]","[0.25, 0.25, 0.25, 0.25]","{""candidates"": 0, ""reasons"": [], ""state"": ""no_forecast_record"", ""zero_basis"": null}","{""candidates"": 0, ""reasons"": [], ""state"": ""no_forecast_record"", ""zero_basis"": null}",False,False,False,0,0,upstream_goal_with_paid_return_reserve,upstream_goal_with_paid_return_reserve,,
dev_AISLE_B_b160_n92801__vs__dev_AISLE_NBV_b160_n92801,30,instance_0000,0.07500000000000001,True,,"[0.19999999999999996, 0.225, 0.25, 0.325]","[0.25, 0.25, 0.25, 0.25]","{""candidates"": 0, ""reasons"": [], ""state"": ""no_forecast_record"", ""zero_basis"": null}","{""candidates"": 0, ""reasons"": [], ""state"": ""no_forecast_record"", ""zero_basis"": null}",False,False,False,0,0,upstream_goal_with_paid_return_reserve,upstream_goal_with_paid_return_reserve,,
dev_AISLE_B_b160_n92801__vs__dev_AISLE_NBV_b160_n92801,31,instance_0000,0.07500000000000001,True,,"[0.19999999999999996, 0.225, 0.25, 0.325]","[0.25, 0.25, 0.25, 0.25]","{""candidates"": 0, ""reasons"": [], ""state"": ""no_forecast_record"", ""zero_basis"": null}","{""candidates"": 0, ""reasons"": [], ""state"": ""no_forecast_record"", ""zero_basis"": null}",False,False,False,0,0,upstream_goal_with_paid_return_reserve,upstream_goal_with_paid_return_reserve,,
dev_AISLE_B_b160_n92801__vs__dev_AISLE_NBV_b160_n92801,32,instance_0000,0.07500000000000001,True,,"[0.19999999999999996, 0.225, 0.25, 0.325]","[0.25, 0.25, 0.25, 0.25]","{""candidates"": 0, ""reasons"": [], ""state"": ""no_forecast_record"", ""zero_basis"": null}","{""candidates"": 0, ""reasons"": [], ""state"": ""no_forecast_record"", ""zero_basis"": null}",False,False,False,0,0,upstream_goal_with_paid_return_reserve,upstream_goal_with_paid_return_reserve,,
dev_AISLE_B_b160_n92801__vs__dev_AISLE_NBV_b160_n92801,33,instance_0000,0.07500000000000001,True,,"[0.19999999999999996, 0.225, 0.25, 0.325]","[0.25, 0.25, 0.25, 0.25]","{""candidates"": 0, ""reasons"": [], ""state"": ""no_forecast_record"", ""zero_basis"": null}","{""candidates"": 0, ""reasons"": [], ""state"": ""no_forecast_record"", ""zero_basis"": null}",False,False,False,0,0,upstream_goal_with_paid_return_reserve,upstream_goal_with_paid_return_reserve,,
dev_AISLE_B_b160_n92801__vs__dev_AISLE_NBV_b160_n92801,34,instance_0000,0.07500000000000001,True,,"[0.19999999999999996, 0.225, 0.25, 0.325]","[0.25, 0.25, 0.25, 0.25]","{""candidates"": 0, ""reasons"": [], ""state"": ""no_forecast_record"", ""zero_basis"": null}","{""candidates"": 0, ""reasons"": [], ""state"": ""no_forecast_record"", ""zero_basis"": null}",False,False,False,0,0,upstream_goal_with_paid_return_reserve,upstream_goal_with_paid_return_reserve,,
dev_AISLE_B_b160_n92801__vs__dev_AISLE_NBV_b160_n92801,35,instance_0000,0.07500000000000001,True,,"[0.19999999999999996, 0.225, 0.25, 0.325]","[0.25, 0.25, 0.25, 0.25]","{""candidates"": 0, ""reasons"": [], ""state"": ""no_forecast_record"", ""zero_basis"": null}","{""candidates"": 0, ""reasons"": [], ""state"": ""no_forecast_record"", ""zero_basis"": null}",False,False,False,0,0,upstream_goal_with_paid_return_reserve,upstream_goal_with_paid_return_reserve,,
dev_AISLE_B_b160_n92801__vs__dev_AISLE_NBV_b160_n92801,36,instance_0000,0.07500000000000001,True,,"[0.19999999999999996, 0.225, 0.25, 0.325]","[0.25, 0.25, 0.25, 0.25]","{""candidates"": 0, ""reasons"": [], ""state"": ""no_forecast_record"", ""zero_basis"": null}","{""candidates"": 0, ""reasons"": [], ""state"": ""no_forecast_record"", ""zero_basis"": null}",False,False,False,0,0,upstream_goal_with_paid_return_reserve,upstream_goal_with_paid_return_reserve,,
dev_AISLE_B_b160_n92801__vs__dev_AISLE_NBV_b160_n92801,37,instance_0000,0.07500000000000001,True,,"[0.19999999999999996, 0.225, 0.25, 0.325]","[0.25, 0.25, 0.25, 0.25]","{""candidates"": 0, ""reasons"": [], ""state"": ""no_forecast_record"", ""zero_basis"": null}","{""candidates"": 0, ""reasons"": [], ""state"": ""no_forecast_record"", ""zero_basis"": null}",False,False,False,0,0,upstream_goal_with_paid_return_reserve,upstream_goal_with_paid_return_reserve,,
dev_AISLE_B_b160_n92801__vs__dev_AISLE_NBV_b160_n92801,38,instance_0000,0.07500000000000001,True,,"[0.19999999999999996, 0.225, 0.25, 0.325]","[0.25, 0.25, 0.25, 0.25]","{""candidates"": 8, ""positive"": 0, ""reasons"": [""no_reliable_observed_label_plane""], ""repeated"": 0, ""state"": ""all_structure_gains_zero"", ""zero_basis"": true}","{""candidates"": 8, ""positive"": 0, ""reasons"": [""no_reliable_observed_label_plane""], ""repeated"": 0, ""state"": ""all_structure_gains_zero"", ""zero_basis"": true}",True,True,True,32,32,upstream_goal_with_paid_return_reserve,upstream_goal_with_paid_return_reserve,122,122
dev_AISLE_B_b160_n92801__vs__dev_AISLE_NBV_b160_n92801,39,instance_0000,0.07500000000000001,True,,"[0.19999999999999996, 0.225, 0.25, 0.325]","[0.25, 0.25, 0.25, 0.25]","{""candidates"": 0, ""reasons"": [], ""state"": ""no_forecast_record"", ""zero_basis"": null}","{""candidates"": 0, ""reasons"": [], ""state"": ""no_forecast_record"", ""zero_basis"": null}",False,False,False,0,0,upstream_goal_with_paid_return_reserve,upstream_goal_with_paid_return_reserve,,
dev_AISLE_B_b160_n92801__vs__dev_AISLE_NBV_b160_n92801,40,instance_0000,0.07500000000000001,True,,"[0.19999999999999996, 0.225, 0.25, 0.325]","[0.25, 0.25, 0.25, 0.25]","{""candidates"": 0, ""reasons"": [], ""state"": ""no_forecast_record"", ""zero_basis"": null}","{""candidates"": 0, ""reasons"": [], ""state"": ""no_forecast_record"", ""zero_basis"": null}",False,False,False,0,0,upstream_goal_with_paid_return_reserve,upstream_goal_with_paid_return_reserve,,
dev_AISLE_B_b160_n92801__vs__dev_AISLE_NBV_b160_n92801,41,instance_0000,0.07500000000000001,True,,"[0.19999999999999996, 0.225, 0.25, 0.325]","[0.25, 0.25, 0.25, 0.25]","{""candidates"": 0, ""reasons"": [], ""state"": ""no_forecast_record"", ""zero_basis"": null}","{""candidates"": 0, ""reasons"": [], ""state"": ""no_forecast_record"", ""zero_basis"": null}",False,False,False,0,0,upstream_goal_with_paid_return_reserve,upstream_goal_with_paid_return_reserve,,
dev_AISLE_B_b160_n92801__vs__dev_AISLE_NBV_b160_n92801,43,instance_0000,0.07500000000000001,True,,"[0.19999999999999996, 0.225, 0.25, 0.325]","[0.25, 0.25, 0.25, 0.25]","{""candidates"": 0, ""reasons"": [], ""state"": ""no_forecast_record"", ""zero_basis"": null}","{""candidates"": 0, ""reasons"": [], ""state"": ""no_forecast_record"", ""zero_basis"": null}",False,False,False,0,0,upstream_goal_with_paid_return_reserve,upstream_goal_with_paid_return_reserve,,
dev_AISLE_B_b160_n92801__vs__dev_AISLE_NBV_b160_n92801,44,instance_0000,0.07500000000000001,True,,"[0.19999999999999996, 0.225, 0.25, 0.325]","[0.25, 0.25, 0.25, 0.25]","{""candidates"": 0, ""reasons"": [], ""state"": ""no_forecast_record"", ""zero_basis"": null}","{""candidates"": 0, ""reasons"": [], ""state"": ""no_forecast_record"", ""zero_basis"": null}",False,False,False,0,0,upstream_goal_with_paid_return_reserve,upstream_goal_with_paid_return_reserve,,
dev_AISLE_B_b160_n92801__vs__dev_AISLE_NBV_b160_n92801,45,instance_0000,0.07500000000000001,True,,"[0.19999999999999996, 0.225, 0.25, 0.325]","[0.25, 0.25, 0.25, 0.25]","{""candidates"": 0, ""reasons"": [], ""state"": ""no_forecast_record"", ""zero_basis"": null}","{""candidates"": 0, ""reasons"": [], ""state"": ""no_forecast_record"", ""zero_basis"": null}",False,False,False,0,0,upstream_goal_with_paid_return_reserve,upstream_goal_with_paid_return_reserve,,
dev_AISLE_B_b160_n92801__vs__dev_AISLE_NBV_b160_n92801,46,instance_0000,0.07500000000000001,True,,"[0.19999999999999996, 0.225, 0.25, 0.325]","[0.25, 0.25, 0.25, 0.25]","{""candidates"": 0, ""reasons"": [], ""state"": ""no_forecast_record"", ""zero_basis"": null}","{""candidates"": 0, ""reasons"": [], ""state"": ""no_forecast_record"", ""zero_basis"": null}",False,False,False,0,0,upstream_goal_with_paid_return_reserve,upstream_goal_with_paid_return_reserve,,
dev_AISLE_B_b160_n92801__vs__dev_AISLE_NBV_b160_n92801,50,instance_0000,0.07500000000000001,True,,"[0.19999999999999996, 0.225, 0.25, 0.325]","[0.25, 0.25, 0.25, 0.25]","{""candidates"": 0, ""reasons"": [], ""state"": ""no_forecast_record"", ""zero_basis"": null}","{""candidates"": 0, ""reasons"": [], ""state"": ""no_forecast_record"", ""zero_basis"": null}",False,False,False,0,0,upstream_goal_with_paid_return_reserve,upstream_goal_with_paid_return_reserve,,
dev_AISLE_B_b160_n92801__vs__dev_AISLE_NBV_b160_n92801,51,instance_0000,0.07500000000000001,True,,"[0.19999999999999996, 0.225, 0.25, 0.325]","[0.25, 0.25, 0.25, 0.25]","{""candidates"": 0, ""reasons"": [], ""state"": ""no_forecast_record"", ""zero_basis"": null}","{""candidates"": 0, ""reasons"": [], ""state"": ""no_forecast_record"", ""zero_basis"": null}",False,False,False,0,0,upstream_goal_with_paid_return_reserve,upstream_goal_with_paid_return_reserve,,
dev_AISLE_B_b160_n92801__vs__dev_AISLE_NBV_b160_n92801,52,instance_0000,0.07500000000000001,True,,"[0.19999999999999996, 0.225, 0.25, 0.325]","[0.25, 0.25, 0.25, 0.25]","{""candidates"": 0, ""reasons"": [], ""state"": ""no_forecast_record"", ""zero_basis"": null}","{""candidates"": 0, ""reasons"": [], ""state"": ""no_forecast_record"", ""zero_basis"": null}",False,False,False,0,0,upstream_goal_with_paid_return_reserve,upstream_goal_with_paid_return_reserve,,
dev_AISLE_B_b160_n92801__vs__dev_AISLE_NBV_b160_n92801,53,instance_0000,0.07500000000000001,True,,"[0.19999999999999996, 0.225, 0.25, 0.325]","[0.25, 0.25, 0.25, 0.25]","{""candidates"": 0, ""reasons"": [], ""state"": ""no_forecast_record"", ""zero_basis"": null}","{""candidates"": 0, ""reasons"": [], ""state"": ""no_forecast_record"", ""zero_basis"": null}",False,False,False,0,0,upstream_goal_with_paid_return_reserve,upstream_goal_with_paid_return_reserve,,
dev_AISLE_B_b160_n92801__vs__dev_AISLE_NBV_b160_n92801,54,instance_0000,0.07500000000000001,True,,"[0.19999999999999996, 0.225, 0.25, 0.325]","[0.25, 0.25, 0.25, 0.25]","{""candidates"": 0, ""reasons"": [], ""state"": ""no_forecast_record"", ""zero_basis"": null}","{""candidates"": 0, ""reasons"": [], ""state"": ""no_forecast_record"", ""zero_basis"": null}",False,False,False,0,0,upstream_goal_with_paid_return_reserve,upstream_goal_with_paid_return_reserve,,
dev_AISLE_B_b160_n92801__vs__dev_AISLE_NBV_b160_n92801,55,instance_0000,0.07500000000000001,True,,"[0.19999999999999996, 0.225, 0.25, 0.325]","[0.25, 0.25, 0.25, 0.25]","{""candidates"": 0, ""reasons"": [], ""state"": ""no_forecast_record"", ""zero_basis"": null}","{""candidates"": 0, ""reasons"": [], ""state"": ""no_forecast_record"", ""zero_basis"": null}",False,False,False,0,0,upstream_goal_with_paid_return_reserve,upstream_goal_with_paid_return_reserve,,
dev_AISLE_B_b160_n92801__vs__dev_AISLE_NBV_b160_n92801,56,instance_0000,0.07500000000000001,True,,"[0.19999999999999996, 0.225, 0.25, 0.325]","[0.25, 0.25, 0.25, 0.25]","{""candidates"": 0, ""reasons"": [], ""state"": ""no_forecast_record"", ""zero_basis"": null}","{""candidates"": 0, ""reasons"": [], ""state"": ""no_forecast_record"", ""zero_basis"": null}",False,False,False,0,0,upstream_goal_with_paid_return_reserve,upstream_goal_with_paid_return_reserve,,
dev_AISLE_B_b160_n92801__vs__dev_AISLE_NBV_b160_n92801,57,instance_0000,0.07500000000000001,True,,"[0.19999999999999996, 0.225, 0.25, 0.325]","[0.25, 0.25, 0.25, 0.25]","{""candidates"": 0, ""reasons"": [], ""state"": ""no_forecast_record"", ""zero_basis"": null}","{""candidates"": 0, ""reasons"": [], ""state"": ""no_forecast_record"", ""zero_basis"": null}",False,False,False,0,0,upstream_goal_with_paid_return_reserve,upstream_goal_with_paid_return_reserve,,
dev_AISLE_B_b160_n92801__vs__dev_AISLE_NBV_b160_n92801,58,instance_0000,0.07500000000000001,True,,"[0.19999999999999996, 0.225, 0.25, 0.325]","[0.25, 0.25, 0.25, 0.25]","{""candidates"": 0, ""reasons"": [], ""state"": ""no_forecast_record"", ""zero_basis"": null}","{""candidates"": 0, ""reasons"": [], ""state"": ""no_forecast_record"", ""zero_basis"": null}",False,False,False,0,0,upstream_goal_with_paid_return_reserve,upstream_goal_with_paid_return_reserve,,
dev_AISLE_B_b160_n92801__vs__dev_AISLE_NBV_b160_n92801,59,instance_0000,0.07500000000000001,True,,"[0.19999999999999996, 0.225, 0.25, 0.325]","[0.25, 0.25, 0.25, 0.25]","{""candidates"": 0, ""reasons"": [], ""state"": ""no_forecast_record"", ""zero_basis"": null}","{""candidates"": 0, ""reasons"": [], ""state"": ""no_forecast_record"", ""zero_basis"": null}",False,False,False,0,0,upstream_goal_with_paid_return_reserve,upstream_goal_with_paid_return_reserve,,
dev_AISLE_B_b160_n92801__vs__dev_AISLE_NBV_b160_n92801,60,instance_0000,0.07500000000000001,True,,"[0.19999999999999996, 0.225, 0.25, 0.325]","[0.25, 0.25, 0.25, 0.25]","{""candidates"": 0, ""reasons"": [], ""state"": ""no_forecast_record"", ""zero_basis"": null}","{""candidates"": 0, ""reasons"": [], ""state"": ""no_forecast_record"", ""zero_basis"": null}",False,False,False,0,0,upstream_goal_with_paid_return_reserve,upstream_goal_with_paid_return_reserve,,
dev_AISLE_B_b160_n92801__vs__dev_AISLE_NBV_b160_n92801,61,instance_0000,0.07500000000000001,True,,"[0.19999999999999996, 0.225, 0.25, 0.325]","[0.25, 0.25, 0.25, 0.25]","{""candidates"": 0, ""reasons"": [], ""state"": ""no_forecast_record"", ""zero_basis"": null}","{""candidates"": 0, ""reasons"": [], ""state"": ""no_forecast_record"", ""zero_basis"": null}",False,False,False,0,0,upstream_goal_with_paid_return_reserve,upstream_goal_with_paid_return_reserve,,
dev_AISLE_B_b160_n92801__vs__dev_AISLE_NBV_b160_n92801,62,instance_0000,0.07500000000000001,True,,"[0.19999999999999996, 0.225, 0.25, 0.325]","[0.25, 0.25, 0.25, 0.25]","{""candidates"": 0, ""reasons"": [], ""state"": ""no_forecast_record"", ""zero_basis"": null}","{""candidates"": 0, ""reasons"": [], ""state"": ""no_forecast_record"", ""zero_basis"": null}",False,False,False,0,0,upstream_goal_with_paid_return_reserve,upstream_goal_with_paid_return_reserve,,
dev_AISLE_B_b160_n92801__vs__dev_AISLE_NBV_b160_n92801,63,instance_0000,0.07500000000000001,True,,"[0.19999999999999996, 0.225, 0.25, 0.325]","[0.25, 0.25, 0.25, 0.25]","{""candidates"": 0, ""reasons"": [], ""state"": ""no_forecast_record"", ""zero_basis"": null}","{""candidates"": 0, ""reasons"": [], ""state"": ""no_forecast_record"", ""zero_basis"": null}",False,False,False,0,0,upstream_goal_with_paid_return_reserve,upstream_goal_with_paid_return_reserve,,
dev_AISLE_B_b160_n92801__vs__dev_AISLE_NBV_b160_n92801,64,instance_0000,0.07500000000000001,True,,"[0.19999999999999996, 0.225, 0.25, 0.325]","[0.25, 0.25, 0.25, 0.25]","{""candidates"": 0, ""reasons"": [], ""state"": ""no_forecast_record"", ""zero_basis"": null}","{""candidates"": 0, ""reasons"": [], ""state"": ""no_forecast_record"", ""zero_basis"": null}",False,False,False,0,0,upstream_goal_with_paid_return_reserve,upstream_goal_with_paid_return_reserve,,
dev_AISLE_B_b160_n92801__vs__dev_AISLE_NBV_b160_n92801,65,instance_0000,0.07500000000000001,True,,"[0.19999999999999996, 0.225, 0.25, 0.325]","[0.25, 0.25, 0.25, 0.25]","{""candidates"": 0, ""reasons"": [], ""state"": ""no_forecast_record"", ""zero_basis"": null}","{""candidates"": 0, ""reasons"": [], ""state"": ""no_forecast_record"", ""zero_basis"": null}",False,False,False,0,0,upstream_goal_with_paid_return_reserve,upstream_goal_with_paid_return_reserve,,
dev_AISLE_B_b160_n92801__vs__dev_AISLE_NBV_b160_n92801,66,instance_0000,0.07500000000000001,True,,"[0.19999999999999996, 0.225, 0.25, 0.325]","[0.25, 0.25, 0.25, 0.25]","{""candidates"": 0, ""reasons"": [], ""state"": ""no_forecast_record"", ""zero_basis"": null}","{""candidates"": 0, ""reasons"": [], ""state"": ""no_forecast_record"", ""zero_basis"": null}",False,False,False,0,0,upstream_goal_with_paid_return_reserve,upstream_goal_with_paid_return_reserve,,
dev_AISLE_B_b160_n92801__vs__dev_AISLE_NBV_b160_n92801,67,instance_0000,0.07500000000000001,True,,"[0.19999999999999996, 0.225, 0.25, 0.325]","[0.25, 0.25, 0.25, 0.25]","{""candidates"": 0, ""reasons"": [], ""state"": ""no_forecast_record"", ""zero_basis"": null}","{""candidates"": 0, ""reasons"": [], ""state"": ""no_forecast_record"", ""zero_basis"": null}",False,False,False,0,0,upstream_goal_with_paid_return_reserve,upstream_goal_with_paid_return_reserve,,
dev_AISLE_B_b160_n92801__vs__dev_AISLE_NBV_b160_n92801,68,instance_0000,0.07500000000000001,True,,"[0.19999999999999996, 0.225, 0.25, 0.325]","[0.25, 0.25, 0.25, 0.25]","{""candidates"": 0, ""reasons"": [], ""state"": ""no_forecast_record"", ""zero_basis"": null}","{""candidates"": 0, ""reasons"": [], ""state"": ""no_forecast_record"", ""zero_basis"": null}",False,False,False,0,0,upstream_goal_with_paid_return_reserve,upstream_goal_with_paid_return_reserve,,
dev_AISLE_B_b160_n92801__vs__dev_AISLE_NBV_b160_n92801,69,instance_0000,0.07500000000000001,True,,"[0.19999999999999996, 0.225, 0.25, 0.325]","[0.25, 0.25, 0.25, 0.25]","{""candidates"": 0, ""reasons"": [], ""state"": ""no_forecast_record"", ""zero_basis"": null}","{""candidates"": 0, ""reasons"": [], ""state"": ""no_forecast_record"", ""zero_basis"": null}",False,False,False,0,0,upstream_goal_with_paid_return_reserve,upstream_goal_with_paid_return_reserve,,
dev_AISLE_B_b160_n92801__vs__dev_AISLE_NBV_b160_n92801,70,instance_0000,0.07500000000000001,True,,"[0.19999999999999996, 0.225, 0.25, 0.325]","[0.25, 0.25, 0.25, 0.25]","{""candidates"": 0, ""reasons"": [], ""state"": ""no_forecast_record"", ""zero_basis"": null}","{""candidates"": 0, ""reasons"": [], ""state"": ""no_forecast_record"", ""zero_basis"": null}",False,False,False,0,0,upstream_goal_with_paid_return_reserve,upstream_goal_with_paid_return_reserve,,
dev_AISLE_B_b160_n92801__vs__dev_AISLE_NBV_b160_n92801,71,instance_0000,0.07500000000000001,True,,"[0.19999999999999996, 0.225, 0.25, 0.325]","[0.25, 0.25, 0.25, 0.25]","{""candidates"": 0, ""reasons"": [], ""state"": ""no_forecast_record"", ""zero_basis"": null}","{""candidates"": 0, ""reasons"": [], ""state"": ""no_forecast_record"", ""zero_basis"": null}",False,False,False,0,0,upstream_goal_with_paid_return_reserve,upstream_goal_with_paid_return_reserve,,
dev_AISLE_B_b160_n92801__vs__dev_AISLE_NBV_b160_n92801,72,instance_0000,0.07500000000000001,True,,"[0.19999999999999996, 0.225, 0.25, 0.325]","[0.25, 0.25, 0.25, 0.25]","{""candidates"": 8, ""positive"": 0, ""reasons"": [""no_reliable_observed_label_plane""], ""repeated"": 0, ""state"": ""all_structure_gains_zero"", ""zero_basis"": true}","{""candidates"": 8, ""positive"": 0, ""reasons"": [""no_reliable_observed_label_plane""], ""repeated"": 0, ""state"": ""all_structure_gains_zero"", ""zero_basis"": true}",True,True,True,32,32,upstream_goal_with_paid_return_reserve,upstream_goal_with_paid_return_reserve,88,88
dev_AISLE_B_b160_n92801__vs__dev_AISLE_NBV_b160_n92801,73,instance_0000,0.07500000000000001,True,,"[0.19999999999999996, 0.225, 0.25, 0.325]","[0.25, 0.25, 0.25, 0.25]","{""candidates"": 0, ""reasons"": [], ""state"": ""no_forecast_record"", ""zero_basis"": null}","{""candidates"": 0, ""reasons"": [], ""state"": ""no_forecast_record"", ""zero_basis"": null}",False,False,False,0,0,upstream_goal_with_paid_return_reserve,upstream_goal_with_paid_return_reserve,,
dev_AISLE_B_b160_n92801__vs__dev_AISLE_NBV_b160_n92801,74,instance_0000,0.07500000000000001,True,,"[0.19999999999999996, 0.225, 0.25, 0.325]","[0.25, 0.25, 0.25, 0.25]","{""candidates"": 0, ""reasons"": [], ""state"": ""no_forecast_record"", ""zero_basis"": null}","{""candidates"": 0, ""reasons"": [], ""state"": ""no_forecast_record"", ""zero_basis"": null}",False,False,False,0,0,upstream_goal_with_paid_return_reserve,upstream_goal_with_paid_return_reserve,,
dev_AISLE_B_b160_n92801__vs__dev_AISLE_NBV_b160_n92801,75,instance_0000,0.07500000000000001,True,,"[0.19999999999999996, 0.225, 0.25, 0.325]","[0.25, 0.25, 0.25, 0.25]","{""candidates"": 0, ""reasons"": [], ""state"": ""no_forecast_record"", ""zero_basis"": null}","{""candidates"": 0, ""reasons"": [], ""state"": ""no_forecast_record"", ""zero_basis"": null}",False,False,False,0,0,upstream_goal_with_paid_return_reserve,upstream_goal_with_paid_return_reserve,,
dev_AISLE_B_b160_n92801__vs__dev_AISLE_NBV_b160_n92801,76,instance_0000,0.07500000000000001,True,,"[0.19999999999999996, 0.225, 0.25, 0.325]","[0.25, 0.25, 0.25, 0.25]","{""candidates"": 0, ""reasons"": [], ""state"": ""no_forecast_record"", ""zero_basis"": null}","{""candidates"": 0, ""reasons"": [], ""state"": ""no_forecast_record"", ""zero_basis"": null}",False,False,False,0,0,upstream_goal_with_paid_return_reserve,upstream_goal_with_paid_return_reserve,,
dev_AISLE_B_b160_n92801__vs__dev_AISLE_NBV_b160_n92801,77,instance_0000,0.07500000000000001,True,,"[0.19999999999999996, 0.225, 0.25, 0.325]","[0.25, 0.25, 0.25, 0.25]","{""candidates"": 0, ""reasons"": [], ""state"": ""no_forecast_record"", ""zero_basis"": null}","{""candidates"": 0, ""reasons"": [], ""state"": ""no_forecast_record"", ""zero_basis"": null}",False,False,False,0,0,upstream_goal_with_paid_return_reserve,upstream_goal_with_paid_return_reserve,,
dev_AISLE_B_b160_n92801__vs__dev_AISLE_NBV_b160_n92801,78,instance_0000,0.07500000000000001,True,,"[0.19999999999999996, 0.225, 0.25, 0.325]","[0.25, 0.25, 0.25, 0.25]","{""candidates"": 0, ""reasons"": [], ""state"": ""no_forecast_record"", ""zero_basis"": null}","{""candidates"": 0, ""reasons"": [], ""state"": ""no_forecast_record"", ""zero_basis"": null}",False,False,False,0,0,upstream_goal_with_paid_return_reserve,upstream_goal_with_paid_return_reserve,,
dev_AISLE_B_b160_n92801__vs__dev_AISLE_NBV_b160_n92801,79,instance_0000,0.07500000000000001,True,,"[0.19999999999999996, 0.225, 0.25, 0.325]","[0.25, 0.25, 0.25, 0.25]","{""candidates"": 0, ""reasons"": [], ""state"": ""no_forecast_record"", ""zero_basis"": null}","{""candidates"": 0, ""reasons"": [], ""state"": ""no_forecast_record"", ""zero_basis"": null}",False,False,False,0,0,upstream_goal_with_paid_return_reserve,upstream_goal_with_paid_return_reserve,,
dev_AISLE_B_b160_n92801__vs__dev_AISLE_NBV_b160_n92801,80,instance_0000,0.07500000000000001,True,,"[0.19999999999999996, 0.225, 0.25, 0.325]","[0.25, 0.25, 0.25, 0.25]","{""candidates"": 0, ""reasons"": [], ""state"": ""no_forecast_record"", ""zero_basis"": null}","{""candidates"": 0, ""reasons"": [], ""state"": ""no_forecast_record"", ""zero_basis"": null}",False,False,False,0,0,upstream_goal_with_paid_return_reserve,upstream_goal_with_paid_return_reserve,,
dev_AISLE_B_b160_n92801__vs__dev_AISLE_NBV_b160_n92801,81,instance_0000,0.07500000000000001,True,,"[0.19999999999999996, 0.225, 0.25, 0.325]","[0.25, 0.25, 0.25, 0.25]","{""candidates"": 0, ""reasons"": [], ""state"": ""no_forecast_record"", ""zero_basis"": null}","{""candidates"": 0, ""reasons"": [], ""state"": ""no_forecast_record"", ""zero_basis"": null}",False,False,False,0,0,upstream_goal_with_paid_return_reserve,upstream_goal_with_paid_return_reserve,,
dev_AISLE_B_b160_n92801__vs__dev_AISLE_NBV_b160_n92801,84,instance_0002,0.07500000000000001,True,,"[0.325, 0.275, 0.225, 0.175]","[0.25, 0.25, 0.25, 0.25]","{""candidates"": 0, ""reasons"": [], ""state"": ""no_forecast_record"", ""zero_basis"": null}","{""candidates"": 0, ""reasons"": [], ""state"": ""no_forecast_record"", ""zero_basis"": null}",False,False,False,0,0,upstream_goal_with_paid_return_reserve,upstream_goal_with_paid_return_reserve,,
dev_AISLE_B_b160_n92801__vs__dev_AISLE_NBV_b160_n92801,85,instance_0002,0.04733258350605685,True,,"[0.1680054762036244, 0.2628712833696719, 0.5153374131896269, 0.053785827237076825]","[0.12699443195080048, 0.23483079827178968, 0.5626699966956837, 0.07550477308172615]","{""candidates"": 0, ""reasons"": [], ""state"": ""no_forecast_record"", ""zero_basis"": null}","{""candidates"": 0, ""reasons"": [], ""state"": ""no_forecast_record"", ""zero_basis"": null}",False,False,False,0,0,upstream_goal_with_paid_return_reserve,upstream_goal_with_paid_return_reserve,,
dev_AISLE_B_b160_n92801__vs__dev_AISLE_NBV_b160_n92801,86,instance_0002,0.038370631370382435,True,,"[0.06725651446169595, 0.1787302782659861, 0.7403127046335471, 0.013700502638770875]","[0.048975535347446204, 0.15381320943358978, 0.7786833360039296, 0.018527919215034546]","{""candidates"": 8, ""positive"": 3, ""reasons"": [], ""repeated"": 0, ""state"": ""nonzero_structure_gain_available"", ""zero_basis"": false}","{""candidates"": 8, ""positive"": 3, ""reasons"": [], ""repeated"": 0, ""state"": ""nonzero_structure_gain_available"", ""zero_basis"": false}",False,True,True,35,32,upstream_goal_with_paid_return_reserve,upstream_goal_with_paid_return_reserve,74,74
dev_AISLE_B_b160_n92801__vs__dev_AISLE_NBV_b160_n92801,91,instance_0002,0.02346727504086976,True,,"[0.02559024664717294, 0.10780622096049465, 0.8630866110488715, 0.0035169213434609243]","[0.018198030443253622, 0.09060338116948957, 0.8865538860897413, 0.004644702297515538]","{""candidates"": 0, ""reasons"": [], ""state"": ""no_forecast_record"", ""zero_basis"": null}","{""candidates"": 0, ""reasons"": [], ""state"": ""no_forecast_record"", ""zero_basis"": null}",False,False,False,0,0,upstream_goal_with_paid_return_reserve,upstream_goal_with_paid_return_reserve,,
dev_AISLE_B_b160_n92801__vs__dev_AISLE_NBV_b160_n92801,92,instance_0002,0.02346727504086976,True,,"[0.02559024664717294, 0.10780622096049465, 0.8630866110488715, 0.0035169213434609243]","[0.018198030443253622, 0.09060338116948957, 0.8865538860897413, 0.004644702297515538]","{""candidates"": 0, ""reasons"": [], ""state"": ""no_forecast_record"", ""zero_basis"": null}","{""candidates"": 0, ""reasons"": [], ""state"": ""no_forecast_record"", ""zero_basis"": null}",False,False,False,0,0,upstream_goal_with_paid_return_reserve,upstream_goal_with_paid_return_reserve,,
dev_AISLE_B_b160_n92801__vs__dev_AISLE_NBV_b160_n92801,93,instance_0002,0.02346727504086976,True,,"[0.02559024664717294, 0.10780622096049465, 0.8630866110488715, 0.0035169213434609243]","[0.018198030443253622, 0.09060338116948957, 0.8865538860897413, 0.004644702297515538]","{""candidates"": 0, ""reasons"": [], ""state"": ""no_forecast_record"", ""zero_basis"": null}","{""candidates"": 0, ""reasons"": [], ""state"": ""no_forecast_record"", ""zero_basis"": null}",False,False,False,0,0,upstream_goal_with_paid_return_reserve,upstream_goal_with_paid_return_reserve,,
dev_AISLE_B_b160_n92801__vs__dev_AISLE_NBV_b160_n92801,95,instance_0002,0.02346727504086976,True,,"[0.02559024664717294, 0.10780622096049465, 0.8630866110488715, 0.0035169213434609243]","[0.018198030443253622, 0.09060338116948957, 0.8865538860897413, 0.004644702297515538]","{""candidates"": 0, ""reasons"": [], ""state"": ""no_forecast_record"", ""zero_basis"": null}","{""candidates"": 0, ""reasons"": [], ""state"": ""no_forecast_record"", ""zero_basis"": null}",False,False,False,0,0,upstream_goal_with_paid_return_reserve,upstream_goal_with_paid_return_reserve,,
dev_AISLE_B_b160_n92801__vs__dev_AISLE_NBV_b160_n92801,96,instance_0002,0.02346727504086976,True,,"[0.02559024664717294, 0.10780622096049465, 0.8630866110488715, 0.0035169213434609243]","[0.018198030443253622, 0.09060338116948957, 0.8865538860897413, 0.004644702297515538]","{""candidates"": 0, ""reasons"": [], ""state"": ""no_forecast_record"", ""zero_basis"": null}","{""candidates"": 0, ""reasons"": [], ""state"": ""no_forecast_record"", ""zero_basis"": null}",False,False,False,0,0,upstream_goal_with_paid_return_reserve,upstream_goal_with_paid_return_reserve,,
dev_AISLE_B_b160_n92801__vs__dev_AISLE_NBV_b160_n92801,96,instance_0003,0.07500000000000001,True,,"[0.19999999999999996, 0.225, 0.25, 0.325]","[0.25, 0.25, 0.25, 0.25]","{""candidates"": 0, ""reasons"": [], ""state"": ""no_forecast_record"", ""zero_basis"": null}","{""candidates"": 0, ""reasons"": [], ""state"": ""no_forecast_record"", ""zero_basis"": null}",False,False,False,0,0,upstream_goal_with_paid_return_reserve,upstream_goal_with_paid_return_reserve,,
dev_AISLE_B_b160_n92801__vs__dev_AISLE_NBV_b160_n92801,97,instance_0002,0.02346727504086976,True,,"[0.02559024664717294, 0.10780622096049465, 0.8630866110488715, 0.0035169213434609243]","[0.018198030443253622, 0.09060338116948957, 0.8865538860897413, 0.004644702297515538]","{""candidates"": 0, ""reasons"": [], ""state"": ""no_forecast_record"", ""zero_basis"": null}","{""candidates"": 0, ""reasons"": [], ""state"": ""no_forecast_record"", ""zero_basis"": null}",False,False,False,0,0,upstream_goal_with_paid_return_reserve,upstream_goal_with_paid_return_reserve,,
dev_AISLE_B_b160_n92801__vs__dev_AISLE_NBV_b160_n92801,99,instance_0002,0.02346727504086976,True,,"[0.02559024664717294, 0.10780622096049465, 0.8630866110488715, 0.0035169213434609243]","[0.018198030443253622, 0.09060338116948957, 0.8865538860897413, 0.004644702297515538]","{""candidates"": 0, ""reasons"": [], ""state"": ""no_forecast_record"", ""zero_basis"": null}","{""candidates"": 0, ""reasons"": [], ""state"": ""no_forecast_record"", ""zero_basis"": null}",False,False,False,0,0,upstream_goal_with_paid_return_reserve,upstream_goal_with_paid_return_reserve,,
dev_AISLE_B_b160_n92801__vs__dev_AISLE_NBV_b160_n92801,102,instance_0000,0.07500000000000001,True,,"[0.19999999999999996, 0.225, 0.25, 0.325]","[0.25, 0.25, 0.25, 0.25]","{""candidates"": 0, ""reasons"": [], ""state"": ""no_forecast_record"", ""zero_basis"": null}","{""candidates"": 0, ""reasons"": [], ""state"": ""no_forecast_record"", ""zero_basis"": null}",False,False,False,0,0,upstream_goal_with_paid_return_reserve,upstream_goal_with_paid_return_reserve,,
dev_AISLE_B_b160_n92801__vs__dev_AISLE_NBV_b160_n92801,104,instance_0000,0.07500000000000001,True,,"[0.19999999999999996, 0.225, 0.25, 0.325]","[0.25, 0.25, 0.25, 0.25]","{""candidates"": 0, ""reasons"": [], ""state"": ""no_forecast_record"", ""zero_basis"": null}","{""candidates"": 0, ""reasons"": [], ""state"": ""no_forecast_record"", ""zero_basis"": null}",False,False,False,0,0,upstream_goal_with_paid_return_reserve,upstream_goal_with_paid_return_reserve,,
dev_AISLE_B_b160_n92801__vs__dev_AISLE_NBV_b160_n92801,105,instance_0002,0.02377982438949866,True,,"[0.025616202916490152, 0.10791556915646565, 0.8639620425689087, 0.0025061853581354325]","[0.01822241577656859, 0.09072478956344578, 0.8877418669584074, 0.0033109277015782616]","{""candidates"": 0, ""reasons"": [], ""state"": ""no_forecast_record"", ""zero_basis"": null}","{""candidates"": 0, ""reasons"": [], ""state"": ""no_forecast_record"", ""zero_basis"": null}",False,False,False,0,0,upstream_goal_with_paid_return_reserve,upstream_goal_with_paid_return_reserve,,
dev_AISLE_B_b160_n92801__vs__dev_AISLE_NBV_b160_n92801,106,instance_0002,0.02377982438949866,True,,"[0.025616202916490152, 0.10791556915646565, 0.8639620425689087, 0.0025061853581354325]","[0.01822241577656859, 0.09072478956344578, 0.8877418669584074, 0.0033109277015782616]","{""candidates"": 0, ""reasons"": [], ""state"": ""no_forecast_record"", ""zero_basis"": null}","{""candidates"": 0, ""reasons"": [], ""state"": ""no_forecast_record"", ""zero_basis"": null}",False,False,False,0,0,upstream_goal_with_paid_return_reserve,upstream_goal_with_paid_return_reserve,,
dev_AISLE_B_b160_n92801__vs__dev_AISLE_NBV_b160_n92801,107,instance_0002,0.02377982438949866,True,,"[0.025616202916490152, 0.10791556915646565, 0.8639620425689087, 0.0025061853581354325]","[0.01822241577656859, 0.09072478956344578, 0.8877418669584074, 0.0033109277015782616]","{""candidates"": 0, ""reasons"": [], ""state"": ""no_forecast_record"", ""zero_basis"": null}","{""candidates"": 0, ""reasons"": [], ""state"": ""no_forecast_record"", ""zero_basis"": null}",False,False,False,0,0,upstream_goal_with_paid_return_reserve,upstream_goal_with_paid_return_reserve,,
dev_AISLE_B_b160_n92801__vs__dev_AISLE_NBV_b160_n92801,108,instance_0002,0.024490710747799738,True,,"[0.025675002239769904, 0.10816327809515713, 0.8659451773687092, 0.00021654229636383022]","[0.01827771515522919, 0.09100011115381491, 0.890435888116509, 0.0002862855744468953]","{""candidates"": 0, ""reasons"": [], ""state"": ""no_forecast_record"", ""zero_basis"": null}","{""candidates"": 0, ""reasons"": [], ""state"": ""no_forecast_record"", ""zero_basis"": null}",False,False,False,0,0,upstream_goal_with_paid_return_reserve,upstream_goal_with_paid_return_reserve,,
dev_AISLE_B_b160_n92801__vs__dev_AISLE_NBV_b160_n92801,109,instance_0002,0.02455620199540376,True,,"[0.02568040271373017, 0.10818602913374925, 0.8661273200745884, 6.248077932310424e-06]","[0.018282798264440014, 0.09102541866622899, 0.8906835220699921, 8.260999338980241e-06]","{""candidates"": 0, ""reasons"": [], ""state"": ""no_forecast_record"", ""zero_basis"": null}","{""candidates"": 0, ""reasons"": [], ""state"": ""no_forecast_record"", ""zero_basis"": null}",False,False,False,0,0,upstream_goal_with_paid_return_reserve,upstream_goal_with_paid_return_reserve,,
dev_AISLE_B_b160_n92801__vs__dev_AISLE_NBV_b160_n92801,110,instance_0002,0.02455620199540376,True,,"[0.02568040271373017, 0.10818602913374925, 0.8661273200745884, 6.248077932310424e-06]","[0.018282798264440014, 0.09102541866622899, 0.8906835220699921, 8.260999338980241e-06]","{""candidates"": 8, ""positive"": 6, ""reasons"": [], ""repeated"": 0, ""state"": ""nonzero_structure_gain_available"", ""zero_basis"": false}","{""candidates"": 8, ""positive"": 6, ""reasons"": [], ""repeated"": 0, ""state"": ""nonzero_structure_gain_available"", ""zero_basis"": false}",False,True,True,7,7,upstream_goal_with_paid_return_reserve,upstream_goal_with_paid_return_reserve,50,50
dev_AISLE_B_b160_n92801__vs__dev_AISLE_NBV_b160_n92801,111,instance_0000,0.07500000000000001,True,,"[0.19999999999999996, 0.225, 0.25, 0.325]","[0.25, 0.25, 0.25, 0.25]","{""candidates"": 0, ""reasons"": [], ""state"": ""no_forecast_record"", ""zero_basis"": null}","{""candidates"": 0, ""reasons"": [], ""state"": ""no_forecast_record"", ""zero_basis"": null}",False,False,False,0,0,upstream_goal_with_paid_return_reserve,upstream_goal_with_paid_return_reserve,,
dev_AISLE_B_b160_n92801__vs__dev_AISLE_NBV_b160_n92801,111,instance_0002,0.02455804059573663,True,,"[0.02568055428663848, 0.10818666767790518, 0.8661324321999052, 3.4583555121541995e-07]","[0.018282940939937757, 0.09102612901137024, 0.8906904727956418, 4.5725305021493937e-07]","{""candidates"": 0, ""reasons"": [], ""state"": ""no_forecast_record"", ""zero_basis"": null}","{""candidates"": 0, ""reasons"": [], ""state"": ""no_forecast_record"", ""zero_basis"": null}",False,False,False,0,0,upstream_goal_with_paid_return_reserve,upstream_goal_with_paid_return_reserve,,
dev_AISLE_B_b160_n92801__vs__dev_AISLE_NBV_b160_n92801,112,instance_0000,0.07500000000000001,True,,"[0.19999999999999996, 0.225, 0.25, 0.325]","[0.25, 0.25, 0.25, 0.25]","{""candidates"": 0, ""reasons"": [], ""state"": ""no_forecast_record"", ""zero_basis"": null}","{""candidates"": 0, ""reasons"": [], ""state"": ""no_forecast_record"", ""zero_basis"": null}",False,False,False,0,0,upstream_goal_with_paid_return_reserve,upstream_goal_with_paid_return_reserve,,
dev_AISLE_B_b160_n92801__vs__dev_AISLE_NBV_b160_n92801,113,instance_0000,0.07500000000000001,True,,"[0.19999999999999996, 0.225, 0.25, 0.325]","[0.25, 0.25, 0.25, 0.25]","{""candidates"": 0, ""reasons"": [], ""state"": ""no_forecast_record"", ""zero_basis"": null}","{""candidates"": 0, ""reasons"": [], ""state"": ""no_forecast_record"", ""zero_basis"": null}",False,False,False,0,0,upstream_goal_with_paid_return_reserve,upstream_goal_with_paid_return_reserve,,
dev_AISLE_B_b160_n92801__vs__dev_AISLE_NBV_b160_n92801,114,instance_0000,0.07500000000000001,True,,"[0.19999999999999996, 0.225, 0.25, 0.325]","[0.25, 0.25, 0.25, 0.25]","{""candidates"": 0, ""reasons"": [], ""state"": ""no_forecast_record"", ""zero_basis"": null}","{""candidates"": 0, ""reasons"": [], ""state"": ""no_forecast_record"", ""zero_basis"": null}",False,False,False,0,0,upstream_goal_with_paid_return_reserve,upstream_goal_with_paid_return_reserve,,
dev_AISLE_B_b160_n92801__vs__dev_AISLE_NBV_b160_n92801,115,instance_0000,0.07500000000000001,True,,"[0.19999999999999996, 0.225, 0.25, 0.325]","[0.25, 0.25, 0.25, 0.25]","{""candidates"": 0, ""reasons"": [], ""state"": ""no_forecast_record"", ""zero_basis"": null}","{""candidates"": 0, ""reasons"": [], ""state"": ""no_forecast_record"", ""zero_basis"": null}",False,False,False,0,0,upstream_goal_with_paid_return_reserve,upstream_goal_with_paid_return_reserve,,
dev_AISLE_B_b160_n92801__vs__dev_AISLE_NBV_b160_n92801,116,instance_0000,0.07500000000000001,True,,"[0.19999999999999996, 0.225, 0.25, 0.325]","[0.25, 0.25, 0.25, 0.25]","{""candidates"": 0, ""reasons"": [], ""state"": ""no_forecast_record"", ""zero_basis"": null}","{""candidates"": 0, ""reasons"": [], ""state"": ""no_forecast_record"", ""zero_basis"": null}",False,False,False,0,0,upstream_goal_with_paid_return_reserve,upstream_goal_with_paid_return_reserve,,
dev_AISLE_B_b160_n92801__vs__dev_AISLE_NBV_b160_n92801,116,instance_0002,0.02455804059573663,True,,"[0.02568055428663848, 0.10818666767790518, 0.8661324321999052, 3.4583555121541995e-07]","[0.018282940939937757, 0.09102612901137024, 0.8906904727956418, 4.5725305021493937e-07]","{""candidates"": 0, ""reasons"": [], ""state"": ""no_forecast_record"", ""zero_basis"": null}","{""candidates"": 0, ""reasons"": [], ""state"": ""no_forecast_record"", ""zero_basis"": null}",False,False,False,0,0,upstream_goal_with_paid_return_reserve,upstream_goal_with_paid_return_reserve,,
dev_AISLE_B_b160_n92801__vs__dev_AISLE_NBV_b160_n92801,117,instance_0000,0.07500000000000001,True,,"[0.19999999999999996, 0.225, 0.25, 0.325]","[0.25, 0.25, 0.25, 0.25]","{""candidates"": 0, ""reasons"": [], ""state"": ""no_forecast_record"", ""zero_basis"": null}","{""candidates"": 0, ""reasons"": [], ""state"": ""no_forecast_record"", ""zero_basis"": null}",False,False,False,0,0,upstream_goal_with_paid_return_reserve,upstream_goal_with_paid_return_reserve,,
dev_AISLE_B_b160_n92801__vs__dev_AISLE_NBV_b160_n92801,117,instance_0002,0.02455804059573663,True,,"[0.02568055428663848, 0.10818666767790518, 0.8661324321999052, 3.4583555121541995e-07]","[0.018282940939937757, 0.09102612901137024, 0.8906904727956418, 4.5725305021493937e-07]","{""candidates"": 0, ""reasons"": [], ""state"": ""no_forecast_record"", ""zero_basis"": null}","{""candidates"": 0, ""reasons"": [], ""state"": ""no_forecast_record"", ""zero_basis"": null}",False,False,False,0,0,upstream_goal_with_paid_return_reserve,upstream_goal_with_paid_return_reserve,,
dev_AISLE_B_b160_n92801__vs__dev_AISLE_NBV_b160_n92801,118,instance_0000,0.07500000000000001,True,,"[0.19999999999999996, 0.225, 0.25, 0.325]","[0.25, 0.25, 0.25, 0.25]","{""candidates"": 0, ""reasons"": [], ""state"": ""no_forecast_record"", ""zero_basis"": null}","{""candidates"": 0, ""reasons"": [], ""state"": ""no_forecast_record"", ""zero_basis"": null}",False,False,False,0,0,upstream_goal_with_paid_return_reserve,upstream_goal_with_paid_return_reserve,,
dev_AISLE_B_b160_n92801__vs__dev_AISLE_NBV_b160_n92801,118,instance_0002,0.02455804059573663,True,,"[0.02568055428663848, 0.10818666767790518, 0.8661324321999052, 3.4583555121541995e-07]","[0.018282940939937757, 0.09102612901137024, 0.8906904727956418, 4.5725305021493937e-07]","{""candidates"": 0, ""reasons"": [], ""state"": ""no_forecast_record"", ""zero_basis"": null}","{""candidates"": 0, ""reasons"": [], ""state"": ""no_forecast_record"", ""zero_basis"": null}",False,False,False,0,0,upstream_goal_with_paid_return_reserve,upstream_goal_with_paid_return_reserve,,
dev_AISLE_B_b160_n92801__vs__dev_AISLE_NBV_b160_n92801,119,instance_0000,0.07500000000000001,True,,"[0.19999999999999996, 0.225, 0.25, 0.325]","[0.25, 0.25, 0.25, 0.25]","{""candidates"": 0, ""reasons"": [], ""state"": ""no_forecast_record"", ""zero_basis"": null}","{""candidates"": 0, ""reasons"": [], ""state"": ""no_forecast_record"", ""zero_basis"": null}",False,False,False,0,0,upstream_goal_with_paid_return_reserve,upstream_goal_with_paid_return_reserve,,
dev_AISLE_B_b160_n92801__vs__dev_AISLE_NBV_b160_n92801,119,instance_0002,0.02455804059573663,True,,"[0.02568055428663848, 0.10818666767790518, 0.8661324321999052, 3.4583555121541995e-07]","[0.018282940939937757, 0.09102612901137024, 0.8906904727956418, 4.5725305021493937e-07]","{""candidates"": 0, ""reasons"": [], ""state"": ""no_forecast_record"", ""zero_basis"": null}","{""candidates"": 0, ""reasons"": [], ""state"": ""no_forecast_record"", ""zero_basis"": null}",False,False,False,0,0,upstream_goal_with_paid_return_reserve,upstream_goal_with_paid_return_reserve,,
dev_AISLE_B_b160_n92801__vs__dev_AISLE_NBV_b160_n92801,120,instance_0000,0.07500000000000001,True,,"[0.19999999999999996, 0.225, 0.25, 0.325]","[0.25, 0.25, 0.25, 0.25]","{""candidates"": 0, ""reasons"": [], ""state"": ""no_forecast_record"", ""zero_basis"": null}","{""candidates"": 0, ""reasons"": [], ""state"": ""no_forecast_record"", ""zero_basis"": null}",False,False,False,0,0,upstream_goal_with_paid_return_reserve,upstream_goal_with_paid_return_reserve,,
dev_AISLE_B_b160_n92801__vs__dev_AISLE_NBV_b160_n92801,120,instance_0002,0.02455804059573663,True,,"[0.02568055428663848, 0.10818666767790518, 0.8661324321999052, 3.4583555121541995e-07]","[0.018282940939937757, 0.09102612901137024, 0.8906904727956418, 4.5725305021493937e-07]","{""candidates"": 0, ""reasons"": [], ""state"": ""no_forecast_record"", ""zero_basis"": null}","{""candidates"": 0, ""reasons"": [], ""state"": ""no_forecast_record"", ""zero_basis"": null}",False,False,False,0,0,upstream_goal_with_paid_return_reserve,upstream_goal_with_paid_return_reserve,,
dev_AISLE_B_b160_n92801__vs__dev_AISLE_NBV_b160_n92801,121,instance_0000,0.07500000000000001,True,,"[0.19999999999999996, 0.225, 0.25, 0.325]","[0.25, 0.25, 0.25, 0.25]","{""candidates"": 0, ""reasons"": [], ""state"": ""no_forecast_record"", ""zero_basis"": null}","{""candidates"": 0, ""reasons"": [], ""state"": ""no_forecast_record"", ""zero_basis"": null}",False,False,False,0,0,upstream_goal_with_paid_return_reserve,upstream_goal_with_paid_return_reserve,,
dev_AISLE_B_b160_n92801__vs__dev_AISLE_NBV_b160_n92801,121,instance_0002,0.014387935788853112,True,,"[0.015534449212902757, 0.057801727909627516, 0.9266637304558764, 9.24215934825317e-08]","[0.010921601333390225, 0.04802661174912629, 0.9410516662447295, 1.206727540295057e-07]","{""candidates"": 0, ""reasons"": [], ""state"": ""no_forecast_record"", ""zero_basis"": null}","{""candidates"": 0, ""reasons"": [], ""state"": ""no_forecast_record"", ""zero_basis"": null}",False,False,False,0,0,upstream_goal_with_paid_return_reserve,upstream_goal_with_paid_return_reserve,,
dev_AISLE_B_b160_n92801__vs__dev_AISLE_NBV_b160_n92801,122,instance_0000,0.07500000000000001,True,,"[0.19999999999999996, 0.225, 0.25, 0.325]","[0.25, 0.25, 0.25, 0.25]","{""candidates"": 0, ""reasons"": [], ""state"": ""no_forecast_record"", ""zero_basis"": null}","{""candidates"": 0, ""reasons"": [], ""state"": ""no_forecast_record"", ""zero_basis"": null}",False,False,False,0,0,upstream_goal_with_paid_return_reserve,upstream_goal_with_paid_return_reserve,,
dev_AISLE_B_b160_n92801__vs__dev_AISLE_NBV_b160_n92801,122,instance_0002,0.0032766918184111704,True,,"[0.005439523783952317, 0.009020295769576817, 0.9855401683550392, 1.2091431687769287e-08]","[0.003778344647497828, 0.0074047795812381325, 0.9888168601734504, 1.5597813710065028e-08]","{""candidates"": 0, ""reasons"": [], ""state"": ""no_forecast_record"", ""zero_basis"": null}","{""candidates"": 0, ""reasons"": [], ""state"": ""no_forecast_record"", ""zero_basis"": null}",False,False,False,0,0,upstream_goal_with_paid_return_reserve,upstream_goal_with_paid_return_reserve,,
dev_AISLE_B_b160_n92801__vs__dev_AISLE_NBV_b160_n92801,123,instance_0000,0.07500000000000001,True,,"[0.19999999999999996, 0.225, 0.25, 0.325]","[0.25, 0.25, 0.25, 0.25]","{""candidates"": 0, ""reasons"": [], ""state"": ""no_forecast_record"", ""zero_basis"": null}","{""candidates"": 0, ""reasons"": [], ""state"": ""no_forecast_record"", ""zero_basis"": null}",False,False,False,0,0,upstream_goal_with_paid_return_reserve,upstream_goal_with_paid_return_reserve,,
dev_AISLE_B_b160_n92801__vs__dev_AISLE_NBV_b160_n92801,123,instance_0002,0.0007109679836856397,True,,"[0.0018824401279689598, 0.000732114960153201, 0.997385444200966, 7.109118176473396e-10]","[0.001304156763004804, 0.0005994301376625933, 0.9980964121846516, 9.146810290403571e-10]","{""candidates"": 0, ""reasons"": [], ""state"": ""no_forecast_record"", ""zero_basis"": null}","{""candidates"": 0, ""reasons"": [], ""state"": ""no_forecast_record"", ""zero_basis"": null}",False,False,False,0,0,upstream_goal_with_paid_return_reserve,upstream_goal_with_paid_return_reserve,,
dev_AISLE_B_b160_n92801__vs__dev_AISLE_NBV_b160_n92801,124,instance_0000,0.07500000000000001,True,,"[0.19999999999999996, 0.225, 0.25, 0.325]","[0.25, 0.25, 0.25, 0.25]","{""candidates"": 0, ""reasons"": [], ""state"": ""no_forecast_record"", ""zero_basis"": null}","{""candidates"": 0, ""reasons"": [], ""state"": ""no_forecast_record"", ""zero_basis"": null}",False,False,False,0,0,upstream_goal_with_paid_return_reserve,upstream_goal_with_paid_return_reserve,,
dev_AISLE_B_b160_n92801__vs__dev_AISLE_NBV_b160_n92801,124,instance_0002,0.0002155203165066233,True,,"[0.0006582578573050952, 7.199742770134283e-05, 0.9992697446762109, 3.87827106134246e-11]","[0.0004558152661770281, 5.891969123127352e-05, 0.9994852649927175, 4.987423952198099e-11]","{""candidates"": 0, ""reasons"": [], ""state"": ""no_forecast_record"", ""zero_basis"": null}","{""candidates"": 0, ""reasons"": [], ""state"": ""no_forecast_record"", ""zero_basis"": null}",False,False,False,0,0,upstream_goal_with_paid_return_reserve,upstream_goal_with_paid_return_reserve,,
dev_AISLE_B_b160_n92801__vs__dev_AISLE_NBV_b160_n92801,125,instance_0000,0.07500000000000001,True,,"[0.19999999999999996, 0.225, 0.25, 0.325]","[0.25, 0.25, 0.25, 0.25]","{""candidates"": 0, ""reasons"": [], ""state"": ""no_forecast_record"", ""zero_basis"": null}","{""candidates"": 0, ""reasons"": [], ""state"": ""no_forecast_record"", ""zero_basis"": null}",False,False,False,0,0,upstream_goal_with_paid_return_reserve,upstream_goal_with_paid_return_reserve,,
dev_AISLE_B_b160_n92801__vs__dev_AISLE_NBV_b160_n92801,125,instance_0002,0.0002155203165066233,True,,"[0.0006582578573050952, 7.199742770134283e-05, 0.9992697446762109, 3.87827106134246e-11]","[0.0004558152661770281, 5.891969123127352e-05, 0.9994852649927175, 4.987423952198099e-11]","{""candidates"": 0, ""reasons"": [], ""state"": ""no_forecast_record"", ""zero_basis"": null}","{""candidates"": 0, ""reasons"": [], ""state"": ""no_forecast_record"", ""zero_basis"": null}",False,False,False,0,0,upstream_goal_with_paid_return_reserve,upstream_goal_with_paid_return_reserve,,
dev_AISLE_B_b160_n92801__vs__dev_AISLE_NBV_b160_n92801,126,instance_0000,0.07500000000000001,True,,"[0.19999999999999996, 0.225, 0.25, 0.325]","[0.25, 0.25, 0.25, 0.25]","{""candidates"": 8, ""positive"": 0, ""reasons"": [""no_reliable_observed_label_plane""], ""repeated"": 0, ""state"": ""all_structure_gains_zero"", ""zero_basis"": true}","{""candidates"": 8, ""positive"": 0, ""reasons"": [""no_reliable_observed_label_plane""], ""repeated"": 0, ""state"": ""all_structure_gains_zero"", ""zero_basis"": true}",True,True,True,0,0,return,return,34,34
dev_AISLE_B_b160_n92801__vs__dev_AISLE_NBV_b160_n92801,126,instance_0002,0.0002155203165066233,True,,"[0.0006582578573050952, 7.199742770134283e-05, 0.9992697446762109, 3.87827106134246e-11]","[0.0004558152661770281, 5.891969123127352e-05, 0.9994852649927175, 4.987423952198099e-11]","{""candidates"": 8, ""positive"": 5, ""reasons"": [], ""repeated"": 0, ""state"": ""nonzero_structure_gain_available"", ""zero_basis"": false}","{""candidates"": 8, ""positive"": 5, ""reasons"": [], ""repeated"": 0, ""state"": ""nonzero_structure_gain_available"", ""zero_basis"": false}",False,True,True,0,0,return,return,34,34
dev_AISLE_B_b160_n92801__vs__dev_AISLE_NBV_b160_n92801,127,instance_0000,0.07500000000000001,True,,"[0.19999999999999996, 0.225, 0.25, 0.325]","[0.25, 0.25, 0.25, 0.25]","{""candidates"": 8, ""positive"": 0, ""reasons"": [""no_reliable_observed_label_plane""], ""repeated"": 0, ""state"": ""all_structure_gains_zero"", ""zero_basis"": true}","{""candidates"": 8, ""positive"": 0, ""reasons"": [""no_reliable_observed_label_plane""], ""repeated"": 0, ""state"": ""all_structure_gains_zero"", ""zero_basis"": true}",True,True,True,0,0,return,return,33,33
dev_AISLE_B_b160_n92801__vs__dev_AISLE_NBV_b160_n92801,127,instance_0002,0.0002155203165066233,True,,"[0.0006582578573050952, 7.199742770134283e-05, 0.9992697446762109, 3.87827106134246e-11]","[0.0004558152661770281, 5.891969123127352e-05, 0.9994852649927175, 4.987423952198099e-11]","{""candidates"": 8, ""positive"": 5, ""reasons"": [], ""repeated"": 0, ""state"": ""nonzero_structure_gain_available"", ""zero_basis"": false}","{""candidates"": 8, ""positive"": 5, ""reasons"": [], ""repeated"": 0, ""state"": ""nonzero_structure_gain_available"", ""zero_basis"": false}",False,True,True,0,0,return,return,33,33
dev_AISLE_B_b160_n92801__vs__dev_AISLE_NBV_b160_n92801,128,instance_0000,0.07500000000000001,True,,"[0.19999999999999996, 0.225, 0.25, 0.325]","[0.25, 0.25, 0.25, 0.25]","{""candidates"": 8, ""positive"": 0, ""reasons"": [""no_reliable_observed_label_plane""], ""repeated"": 0, ""state"": ""all_structure_gains_zero"", ""zero_basis"": true}","{""candidates"": 8, ""positive"": 0, ""reasons"": [""no_reliable_observed_label_plane""], ""repeated"": 0, ""state"": ""all_structure_gains_zero"", ""zero_basis"": true}",True,True,True,0,0,return,return,32,32
dev_AISLE_B_b160_n92801__vs__dev_AISLE_NBV_b160_n92801,128,instance_0002,0.0002155203165066233,True,,"[0.0006582578573050952, 7.199742770134283e-05, 0.9992697446762109, 3.87827106134246e-11]","[0.0004558152661770281, 5.891969123127352e-05, 0.9994852649927175, 4.987423952198099e-11]","{""candidates"": 8, ""positive"": 4, ""reasons"": [], ""repeated"": 0, ""state"": ""nonzero_structure_gain_available"", ""zero_basis"": false}","{""candidates"": 8, ""positive"": 4, ""reasons"": [], ""repeated"": 0, ""state"": ""nonzero_structure_gain_available"", ""zero_basis"": false}",False,True,True,0,0,return,return,32,32
dev_AISLE_B_b160_n92801__vs__dev_AISLE_NBV_b160_n92801,129,instance_0000,0.07500000000000001,True,,"[0.19999999999999996, 0.225, 0.25, 0.325]","[0.25, 0.25, 0.25, 0.25]","{""candidates"": 8, ""positive"": 0, ""reasons"": [""no_reliable_observed_label_plane""], ""repeated"": 0, ""state"": ""all_structure_gains_zero"", ""zero_basis"": true}","{""candidates"": 8, ""positive"": 0, ""reasons"": [""no_reliable_observed_label_plane""], ""repeated"": 0, ""state"": ""all_structure_gains_zero"", ""zero_basis"": true}",True,True,True,0,0,return,return,31,31
dev_AISLE_B_b160_n92801__vs__dev_AISLE_NBV_b160_n92801,129,instance_0002,0.0002155203165066233,True,,"[0.0006582578573050952, 7.199742770134283e-05, 0.9992697446762109, 3.87827106134246e-11]","[0.0004558152661770281, 5.891969123127352e-05, 0.9994852649927175, 4.987423952198099e-11]","{""candidates"": 8, ""positive"": 3, ""reasons"": [], ""repeated"": 0, ""state"": ""nonzero_structure_gain_available"", ""zero_basis"": false}","{""candidates"": 8, ""positive"": 3, ""reasons"": [], ""repeated"": 0, ""state"": ""nonzero_structure_gain_available"", ""zero_basis"": false}",False,True,True,0,0,return,return,31,31
dev_AISLE_B_b160_n92801__vs__dev_AISLE_NBV_b160_n92801,130,instance_0000,0.07500000000000001,True,,"[0.19999999999999996, 0.225, 0.25, 0.325]","[0.25, 0.25, 0.25, 0.25]","{""candidates"": 8, ""positive"": 0, ""reasons"": [""no_reliable_observed_label_plane""], ""repeated"": 0, ""state"": ""all_structure_gains_zero"", ""zero_basis"": true}","{""candidates"": 8, ""positive"": 0, ""reasons"": [""no_reliable_observed_label_plane""], ""repeated"": 0, ""state"": ""all_structure_gains_zero"", ""zero_basis"": true}",True,True,True,0,0,return,return,30,30
dev_AISLE_B_b160_n92801__vs__dev_AISLE_NBV_b160_n92801,130,instance_0002,0.0002155203165066233,True,,"[0.0006582578573050952, 7.199742770134283e-05, 0.9992697446762109, 3.87827106134246e-11]","[0.0004558152661770281, 5.891969123127352e-05, 0.9994852649927175, 4.987423952198099e-11]","{""candidates"": 8, ""positive"": 3, ""reasons"": [], ""repeated"": 0, ""state"": ""nonzero_structure_gain_available"", ""zero_basis"": false}","{""candidates"": 8, ""positive"": 3, ""reasons"": [], ""repeated"": 0, ""state"": ""nonzero_structure_gain_available"", ""zero_basis"": false}",False,True,True,0,0,return,return,30,30
dev_AISLE_B_b160_n92801__vs__dev_AISLE_NBV_b160_n92801,131,instance_0000,0.07500000000000001,True,,"[0.19999999999999996, 0.225, 0.25, 0.325]","[0.25, 0.25, 0.25, 0.25]","{""candidates"": 8, ""positive"": 0, ""reasons"": [""no_reliable_observed_label_plane""], ""repeated"": 0, ""state"": ""all_structure_gains_zero"", ""zero_basis"": true}","{""candidates"": 8, ""positive"": 0, ""reasons"": [""no_reliable_observed_label_plane""], ""repeated"": 0, ""state"": ""all_structure_gains_zero"", ""zero_basis"": true}",True,True,True,0,0,return,return,29,29
dev_AISLE_B_b160_n92801__vs__dev_AISLE_NBV_b160_n92801,131,instance_0002,0.0002155203165066233,True,,"[0.0006582578573050952, 7.199742770134283e-05, 0.9992697446762109, 3.87827106134246e-11]","[0.0004558152661770281, 5.891969123127352e-05, 0.9994852649927175, 4.987423952198099e-11]","{""candidates"": 8, ""positive"": 4, ""reasons"": [], ""repeated"": 0, ""state"": ""nonzero_structure_gain_available"", ""zero_basis"": false}","{""candidates"": 8, ""positive"": 4, ""reasons"": [], ""repeated"": 0, ""state"": ""nonzero_structure_gain_available"", ""zero_basis"": false}",False,True,True,0,0,return,return,29,29
dev_AISLE_B_b160_n92801__vs__dev_AISLE_NBV_b160_n92801,132,instance_0000,0.07500000000000001,True,,"[0.19999999999999996, 0.225, 0.25, 0.325]","[0.25, 0.25, 0.25, 0.25]","{""candidates"": 8, ""positive"": 0, ""reasons"": [""no_reliable_observed_label_plane""], ""repeated"": 0, ""state"": ""all_structure_gains_zero"", ""zero_basis"": true}","{""candidates"": 8, ""positive"": 0, ""reasons"": [""no_reliable_observed_label_plane""], ""repeated"": 0, ""state"": ""all_structure_gains_zero"", ""zero_basis"": true}",True,True,True,0,0,return,return,28,28
dev_AISLE_B_b160_n92801__vs__dev_AISLE_NBV_b160_n92801,132,instance_0002,0.0002155203165066233,True,,"[0.0006582578573050952, 7.199742770134283e-05, 0.9992697446762109, 3.87827106134246e-11]","[0.0004558152661770281, 5.891969123127352e-05, 0.9994852649927175, 4.987423952198099e-11]","{""candidates"": 8, ""positive"": 3, ""reasons"": [], ""repeated"": 0, ""state"": ""nonzero_structure_gain_available"", ""zero_basis"": false}","{""candidates"": 8, ""positive"": 3, ""reasons"": [], ""repeated"": 0, ""state"": ""nonzero_structure_gain_available"", ""zero_basis"": false}",False,True,True,0,0,return,return,28,28
dev_AISLE_B_b160_n92801__vs__dev_AISLE_NBV_b160_n92801,133,instance_0000,0.07500000000000001,True,,"[0.19999999999999996, 0.225, 0.25, 0.325]","[0.25, 0.25, 0.25, 0.25]","{""candidates"": 8, ""positive"": 0, ""reasons"": [""no_reliable_observed_label_plane""], ""repeated"": 0, ""state"": ""all_structure_gains_zero"", ""zero_basis"": true}","{""candidates"": 8, ""positive"": 0, ""reasons"": [""no_reliable_observed_label_plane""], ""repeated"": 0, ""state"": ""all_structure_gains_zero"", ""zero_basis"": true}",True,True,True,0,0,return,return,27,27
dev_AISLE_B_b160_n92801__vs__dev_AISLE_NBV_b160_n92801,133,instance_0002,0.0002155203165066233,True,,"[0.0006582578573050952, 7.199742770134283e-05, 0.9992697446762109, 3.87827106134246e-11]","[0.0004558152661770281, 5.891969123127352e-05, 0.9994852649927175, 4.987423952198099e-11]","{""candidates"": 8, ""positive"": 3, ""reasons"": [], ""repeated"": 0, ""state"": ""nonzero_structure_gain_available"", ""zero_basis"": false}","{""candidates"": 8, ""positive"": 3, ""reasons"": [], ""repeated"": 0, ""state"": ""nonzero_structure_gain_available"", ""zero_basis"": false}",False,True,True,0,0,return,return,27,27
dev_AISLE_B_b160_n92801__vs__dev_AISLE_NBV_b160_n92801,134,instance_0000,0.07500000000000001,True,,"[0.19999999999999996, 0.225, 0.25, 0.325]","[0.25, 0.25, 0.25, 0.25]","{""candidates"": 8, ""positive"": 0, ""reasons"": [""no_reliable_observed_label_plane""], ""repeated"": 0, ""state"": ""all_structure_gains_zero"", ""zero_basis"": true}","{""candidates"": 8, ""positive"": 0, ""reasons"": [""no_reliable_observed_label_plane""], ""repeated"": 0, ""state"": ""all_structure_gains_zero"", ""zero_basis"": true}",True,True,True,0,0,return,return,26,26
dev_AISLE_B_b160_n92801__vs__dev_AISLE_NBV_b160_n92801,134,instance_0002,0.0002155203165066233,True,,"[0.0006582578573050952, 7.199742770134283e-05, 0.9992697446762109, 3.87827106134246e-11]","[0.0004558152661770281, 5.891969123127352e-05, 0.9994852649927175, 4.987423952198099e-11]","{""candidates"": 8, ""positive"": 4, ""reasons"": [], ""repeated"": 0, ""state"": ""nonzero_structure_gain_available"", ""zero_basis"": false}","{""candidates"": 8, ""positive"": 4, ""reasons"": [], ""repeated"": 0, ""state"": ""nonzero_structure_gain_available"", ""zero_basis"": false}",False,True,True,0,0,return,return,26,26
dev_AISLE_B_b160_n92801__vs__dev_AISLE_NBV_b160_n92801,135,instance_0000,0.07500000000000001,True,,"[0.19999999999999996, 0.225, 0.25, 0.325]","[0.25, 0.25, 0.25, 0.25]","{""candidates"": 8, ""positive"": 0, ""reasons"": [""no_reliable_observed_label_plane""], ""repeated"": 0, ""state"": ""all_structure_gains_zero"", ""zero_basis"": true}","{""candidates"": 8, ""positive"": 0, ""reasons"": [""no_reliable_observed_label_plane""], ""repeated"": 0, ""state"": ""all_structure_gains_zero"", ""zero_basis"": true}",True,True,True,0,0,return,return,25,25
dev_AISLE_B_b160_n92801__vs__dev_AISLE_NBV_b160_n92801,135,instance_0002,0.0002155203165066233,True,,"[0.0006582578573050952, 7.199742770134283e-05, 0.9992697446762109, 3.87827106134246e-11]","[0.0004558152661770281, 5.891969123127352e-05, 0.9994852649927175, 4.987423952198099e-11]","{""candidates"": 8, ""positive"": 4, ""reasons"": [], ""repeated"": 0, ""state"": ""nonzero_structure_gain_available"", ""zero_basis"": false}","{""candidates"": 8, ""positive"": 4, ""reasons"": [], ""repeated"": 0, ""state"": ""nonzero_structure_gain_available"", ""zero_basis"": false}",False,True,True,0,0,return,return,25,25
dev_AISLE_B_b160_n92801__vs__dev_AISLE_NBV_b160_n92801,136,instance_0000,0.07500000000000001,True,,"[0.19999999999999996, 0.225, 0.25, 0.325]","[0.25, 0.25, 0.25, 0.25]","{""candidates"": 8, ""positive"": 0, ""reasons"": [""no_reliable_observed_label_plane""], ""repeated"": 0, ""state"": ""all_structure_gains_zero"", ""zero_basis"": true}","{""candidates"": 8, ""positive"": 0, ""reasons"": [""no_reliable_observed_label_plane""], ""repeated"": 0, ""state"": ""all_structure_gains_zero"", ""zero_basis"": true}",True,True,True,0,0,return,return,24,24
dev_AISLE_B_b160_n92801__vs__dev_AISLE_NBV_b160_n92801,136,instance_0001,0.07278468066188765,True,,"[0.3426995501995762, 0.28997654247656446, 0.23725353475355276, 0.13007037257030654]","[0.26991486953768856, 0.26991486953768856, 0.26991486953768856, 0.19025539138693426]","{""candidates"": 8, ""positive"": 7, ""reasons"": [], ""repeated"": 0, ""state"": ""nonzero_structure_gain_available"", ""zero_basis"": false}","{""candidates"": 8, ""positive"": 7, ""reasons"": [], ""repeated"": 0, ""state"": ""nonzero_structure_gain_available"", ""zero_basis"": false}",False,True,True,0,0,return,return,24,24
dev_AISLE_B_b160_n92801__vs__dev_AISLE_NBV_b160_n92801,136,instance_0002,0.0002155203165066233,True,,"[0.0006582578573050952, 7.199742770134283e-05, 0.9992697446762109, 3.87827106134246e-11]","[0.0004558152661770281, 5.891969123127352e-05, 0.9994852649927175, 4.987423952198099e-11]","{""candidates"": 8, ""positive"": 4, ""reasons"": [], ""repeated"": 0, ""state"": ""nonzero_structure_gain_available"", ""zero_basis"": false}","{""candidates"": 8, ""positive"": 4, ""reasons"": [], ""repeated"": 0, ""state"": ""nonzero_structure_gain_available"", ""zero_basis"": false}",False,True,True,0,0,return,return,24,24
dev_AISLE_B_b160_n92801__vs__dev_AISLE_NBV_b160_n92801,137,instance_0002,0.0002155203165066233,True,,"[0.0006582578573050952, 7.199742770134283e-05, 0.9992697446762109, 3.87827106134246e-11]","[0.0004558152661770281, 5.891969123127352e-05, 0.9994852649927175, 4.987423952198099e-11]","{""candidates"": 8, ""positive"": 5, ""reasons"": [], ""repeated"": 0, ""state"": ""nonzero_structure_gain_available"", ""zero_basis"": false}","{""candidates"": 8, ""positive"": 5, ""reasons"": [], ""repeated"": 0, ""state"": ""nonzero_structure_gain_available"", ""zero_basis"": false}",False,True,True,0,0,return,return,23,23
dev_AISLE_B_b160_n92801__vs__dev_AISLE_NBV_b160_n92801,138,instance_0002,0.0002155203165066233,True,,"[0.0006582578573050952, 7.199742770134283e-05, 0.9992697446762109, 3.87827106134246e-11]","[0.0004558152661770281, 5.891969123127352e-05, 0.9994852649927175, 4.987423952198099e-11]","{""candidates"": 8, ""positive"": 6, ""reasons"": [], ""repeated"": 0, ""state"": ""nonzero_structure_gain_available"", ""zero_basis"": false}","{""candidates"": 8, ""positive"": 6, ""reasons"": [], ""repeated"": 0, ""state"": ""nonzero_structure_gain_available"", ""zero_basis"": false}",False,True,True,0,0,return,return,22,22
dev_AISLE_B_b160_n92801__vs__dev_AISLE_NBV_b160_n92801,139,instance_0001,0.07278468066188765,True,,"[0.3426995501995762, 0.28997654247656446, 0.23725353475355276, 0.13007037257030654]","[0.26991486953768856, 0.26991486953768856, 0.26991486953768856, 0.19025539138693426]","{""candidates"": 8, ""positive"": 7, ""reasons"": [], ""repeated"": 0, ""state"": ""nonzero_structure_gain_available"", ""zero_basis"": false}","{""candidates"": 8, ""positive"": 7, ""reasons"": [], ""repeated"": 0, ""state"": ""nonzero_structure_gain_available"", ""zero_basis"": false}",False,True,True,0,0,return,return,21,21
dev_AISLE_B_b160_n92801__vs__dev_AISLE_NBV_b160_n92801,139,instance_0002,0.0002155203165066233,True,,"[0.0006582578573050952, 7.199742770134283e-05, 0.9992697446762109, 3.87827106134246e-11]","[0.0004558152661770281, 5.891969123127352e-05, 0.9994852649927175, 4.987423952198099e-11]","{""candidates"": 8, ""positive"": 7, ""reasons"": [], ""repeated"": 0, ""state"": ""nonzero_structure_gain_available"", ""zero_basis"": false}","{""candidates"": 8, ""positive"": 7, ""reasons"": [], ""repeated"": 0, ""state"": ""nonzero_structure_gain_available"", ""zero_basis"": false}",False,True,True,0,0,return,return,21,21
dev_AISLE_B_b160_n92801__vs__dev_AISLE_NBV_b160_n92801,140,instance_0002,0.0002155203165066233,True,,"[0.0006582578573050952, 7.199742770134283e-05, 0.9992697446762109, 3.87827106134246e-11]","[0.0004558152661770281, 5.891969123127352e-05, 0.9994852649927175, 4.987423952198099e-11]","{""candidates"": 8, ""positive"": 7, ""reasons"": [], ""repeated"": 0, ""state"": ""nonzero_structure_gain_available"", ""zero_basis"": false}","{""candidates"": 8, ""positive"": 7, ""reasons"": [], ""repeated"": 0, ""state"": ""nonzero_structure_gain_available"", ""zero_basis"": false}",False,True,True,0,0,return,return,20,20
dev_AISLE_B_b160_n92801__vs__dev_AISLE_NBV_b160_n92801,141,instance_0002,0.0002155203165066233,True,,"[0.0006582578573050952, 7.199742770134283e-05, 0.9992697446762109, 3.87827106134246e-11]","[0.0004558152661770281, 5.891969123127352e-05, 0.9994852649927175, 4.987423952198099e-11]","{""candidates"": 8, ""positive"": 6, ""reasons"": [], ""repeated"": 0, ""state"": ""nonzero_structure_gain_available"", ""zero_basis"": false}","{""candidates"": 8, ""positive"": 6, ""reasons"": [], ""repeated"": 0, ""state"": ""nonzero_structure_gain_available"", ""zero_basis"": false}",False,True,True,0,0,return,return,19,19
dev_AISLE_B_b160_n92801__vs__dev_AISLE_NBV_b160_n92801,142,instance_0001,0.0659008803277446,True,,"[0.3760543135197771, 0.3181998037475037, 0.2603452939752303, 0.04540058875748876]","[0.3101534331920325, 0.3101534331920325, 0.3101534331920325, 0.06953970042390258]","{""candidates"": 8, ""positive"": 6, ""reasons"": [], ""repeated"": 0, ""state"": ""nonzero_structure_gain_available"", ""zero_basis"": false}","{""candidates"": 8, ""positive"": 6, ""reasons"": [], ""repeated"": 0, ""state"": ""nonzero_structure_gain_available"", ""zero_basis"": false}",False,True,True,0,0,return,return,18,18
dev_AISLE_B_b160_n92801__vs__dev_AISLE_NBV_b160_n92801,142,instance_0002,0.0002155203165066233,True,,"[0.0006582578573050952, 7.199742770134283e-05, 0.9992697446762109, 3.87827106134246e-11]","[0.0004558152661770281, 5.891969123127352e-05, 0.9994852649927175, 4.987423952198099e-11]","{""candidates"": 8, ""positive"": 6, ""reasons"": [], ""repeated"": 0, ""state"": ""nonzero_structure_gain_available"", ""zero_basis"": false}","{""candidates"": 8, ""positive"": 6, ""reasons"": [], ""repeated"": 0, ""state"": ""nonzero_structure_gain_available"", ""zero_basis"": false}",False,True,True,0,0,return,return,18,18
dev_AISLE_B_b160_n92801__vs__dev_AISLE_NBV_b160_n92801,143,instance_0001,0.06191642287923621,True,,"[0.3898682283779596, 0.3298885009351966, 0.2699087734924336, 0.010334497194410043]","[0.3279518054987234, 0.3279518054987234, 0.3279518054987234, 0.016144583503829926]","{""candidates"": 8, ""positive"": 6, ""reasons"": [], ""repeated"": 0, ""state"": ""nonzero_structure_gain_available"", ""zero_basis"": false}","{""candidates"": 8, ""positive"": 6, ""reasons"": [], ""repeated"": 0, ""state"": ""nonzero_structure_gain_available"", ""zero_basis"": false}",False,True,True,0,0,return,return,17,17
dev_AISLE_B_b160_n92801__vs__dev_AISLE_NBV_b160_n92801,143,instance_0002,0.0002155203165066233,True,,"[0.0006582578573050952, 7.199742770134283e-05, 0.9992697446762109, 3.87827106134246e-11]","[0.0004558152661770281, 5.891969123127352e-05, 0.9994852649927175, 4.987423952198099e-11]","{""candidates"": 8, ""positive"": 4, ""reasons"": [], ""repeated"": 0, ""state"": ""nonzero_structure_gain_available"", ""zero_basis"": false}","{""candidates"": 8, ""positive"": 4, ""reasons"": [], ""repeated"": 0, ""state"": ""nonzero_structure_gain_available"", ""zero_basis"": false}",False,True,True,0,0,return,return,17,17
dev_AISLE_B_b160_n92801__vs__dev_AISLE_NBV_b160_n92801,144,instance_0001,0.060982153195772604,True,,"[0.39279087515345384, 0.3323615097452301, 0.27193214433700647, 0.002915470764309682]","[0.33180872195768124, 0.33180872195768124, 0.33180872195768124, 0.004573834126956388]","{""candidates"": 8, ""positive"": 6, ""reasons"": [], ""repeated"": 0, ""state"": ""nonzero_structure_gain_available"", ""zero_basis"": false}","{""candidates"": 8, ""positive"": 6, ""reasons"": [], ""repeated"": 0, ""state"": ""nonzero_structure_gain_available"", ""zero_basis"": false}",False,True,True,0,0,return,return,16,16
dev_AISLE_B_b160_n92801__vs__dev_AISLE_NBV_b160_n92801,144,instance_0002,0.0002155203165066233,True,,"[0.0006582578573050952, 7.199742770134283e-05, 0.9992697446762109, 3.87827106134246e-11]","[0.0004558152661770281, 5.891969123127352e-05, 0.9994852649927175, 4.987423952198099e-11]","{""candidates"": 8, ""positive"": 4, ""reasons"": [], ""repeated"": 0, ""state"": ""nonzero_structure_gain_available"", ""zero_basis"": false}","{""candidates"": 8, ""positive"": 4, ""reasons"": [], ""repeated"": 0, ""state"": ""nonzero_structure_gain_available"", ""zero_basis"": false}",False,True,True,0,0,return,return,16,16
dev_AISLE_B_b160_n92801__vs__dev_AISLE_NBV_b160_n92801,145,instance_0001,0.060982153195772604,True,,"[0.39279087515345384, 0.3323615097452301, 0.27193214433700647, 0.002915470764309682]","[0.33180872195768124, 0.33180872195768124, 0.33180872195768124, 0.004573834126956388]","{""candidates"": 8, ""positive"": 7, ""reasons"": [], ""repeated"": 0, ""state"": ""nonzero_structure_gain_available"", ""zero_basis"": false}","{""candidates"": 8, ""positive"": 7, ""reasons"": [], ""repeated"": 0, ""state"": ""nonzero_structure_gain_available"", ""zero_basis"": false}",False,True,True,0,0,return,return,15,15
dev_AISLE_B_b160_n92801__vs__dev_AISLE_NBV_b160_n92801,145,instance_0002,0.0002155203165066233,True,,"[0.0006582578573050952, 7.199742770134283e-05, 0.9992697446762109, 3.87827106134246e-11]","[0.0004558152661770281, 5.891969123127352e-05, 0.9994852649927175, 4.987423952198099e-11]","{""candidates"": 8, ""positive"": 5, ""reasons"": [], ""repeated"": 0, ""state"": ""nonzero_structure_gain_available"", ""zero_basis"": false}","{""candidates"": 8, ""positive"": 5, ""reasons"": [], ""repeated"": 0, ""state"": ""nonzero_structure_gain_available"", ""zero_basis"": false}",False,True,True,0,0,return,return,15,15
dev_AISLE_B_b160_n92801__vs__dev_AISLE_NBV_b160_n92801,146,instance_0002,0.0002155203165066233,True,,"[0.0006582578573050952, 7.199742770134283e-05, 0.9992697446762109, 3.87827106134246e-11]","[0.0004558152661770281, 5.891969123127352e-05, 0.9994852649927175, 4.987423952198099e-11]","{""candidates"": 8, ""positive"": 6, ""reasons"": [], ""repeated"": 0, ""state"": ""nonzero_structure_gain_available"", ""zero_basis"": false}","{""candidates"": 8, ""positive"": 6, ""reasons"": [], ""repeated"": 0, ""state"": ""nonzero_structure_gain_available"", ""zero_basis"": false}",False,True,True,0,0,return,return,14,14
dev_AISLE_B_b160_n92801__vs__dev_AISLE_NBV_b160_n92801,147,instance_0001,0.060982153195772604,True,,"[0.39279087515345384, 0.3323615097452301, 0.27193214433700647, 0.002915470764309682]","[0.33180872195768124, 0.33180872195768124, 0.33180872195768124, 0.004573834126956388]","{""candidates"": 8, ""positive"": 7, ""reasons"": [], ""repeated"": 0, ""state"": ""nonzero_structure_gain_available"", ""zero_basis"": false}","{""candidates"": 8, ""positive"": 7, ""reasons"": [], ""repeated"": 0, ""state"": ""nonzero_structure_gain_available"", ""zero_basis"": false}",False,True,True,0,0,return,return,13,13
dev_AISLE_B_b160_n92801__vs__dev_AISLE_NBV_b160_n92801,147,instance_0002,0.0002155203165066233,True,,"[0.0006582578573050952, 7.199742770134283e-05, 0.9992697446762109, 3.87827106134246e-11]","[0.0004558152661770281, 5.891969123127352e-05, 0.9994852649927175, 4.987423952198099e-11]","{""candidates"": 8, ""positive"": 6, ""reasons"": [], ""repeated"": 0, ""state"": ""nonzero_structure_gain_available"", ""zero_basis"": false}","{""candidates"": 8, ""positive"": 6, ""reasons"": [], ""repeated"": 0, ""state"": ""nonzero_structure_gain_available"", ""zero_basis"": false}",False,True,True,0,0,return,return,13,13
dev_AISLE_B_b160_n92801__vs__dev_AISLE_NBV_b160_n92801,148,instance_0001,0.060982153195772604,True,,"[0.39279087515345384, 0.3323615097452301, 0.27193214433700647, 0.002915470764309682]","[0.33180872195768124, 0.33180872195768124, 0.33180872195768124, 0.004573834126956388]","{""candidates"": 8, ""positive"": 7, ""reasons"": [], ""repeated"": 0, ""state"": ""nonzero_structure_gain_available"", ""zero_basis"": false}","{""candidates"": 8, ""positive"": 7, ""reasons"": [], ""repeated"": 0, ""state"": ""nonzero_structure_gain_available"", ""zero_basis"": false}",False,True,True,0,0,return,return,12,12
dev_AISLE_B_b160_n92801__vs__dev_AISLE_NBV_b160_n92801,148,instance_0002,0.0002155203165066233,True,,"[0.0006582578573050952, 7.199742770134283e-05, 0.9992697446762109, 3.87827106134246e-11]","[0.0004558152661770281, 5.891969123127352e-05, 0.9994852649927175, 4.987423952198099e-11]","{""candidates"": 8, ""positive"": 5, ""reasons"": [], ""repeated"": 0, ""state"": ""nonzero_structure_gain_available"", ""zero_basis"": false}","{""candidates"": 8, ""positive"": 5, ""reasons"": [], ""repeated"": 0, ""state"": ""nonzero_structure_gain_available"", ""zero_basis"": false}",False,True,True,0,0,return,return,12,12
dev_AISLE_B_b160_n92801__vs__dev_AISLE_NBV_b160_n92801,149,instance_0001,0.060982153195772604,True,,"[0.39279087515345384, 0.3323615097452301, 0.27193214433700647, 0.002915470764309682]","[0.33180872195768124, 0.33180872195768124, 0.33180872195768124, 0.004573834126956388]","{""candidates"": 8, ""positive"": 6, ""reasons"": [], ""repeated"": 0, ""state"": ""nonzero_structure_gain_available"", ""zero_basis"": false}","{""candidates"": 8, ""positive"": 6, ""reasons"": [], ""repeated"": 0, ""state"": ""nonzero_structure_gain_available"", ""zero_basis"": false}",False,True,True,0,0,return,return,11,11
dev_AISLE_B_b160_n92801__vs__dev_AISLE_NBV_b160_n92801,149,instance_0002,0.0002155203165066233,True,,"[0.0006582578573050952, 7.199742770134283e-05, 0.9992697446762109, 3.87827106134246e-11]","[0.0004558152661770281, 5.891969123127352e-05, 0.9994852649927175, 4.987423952198099e-11]","{""candidates"": 8, ""positive"": 6, ""reasons"": [], ""repeated"": 0, ""state"": ""nonzero_structure_gain_available"", ""zero_basis"": false}","{""candidates"": 8, ""positive"": 6, ""reasons"": [], ""repeated"": 0, ""state"": ""nonzero_structure_gain_available"", ""zero_basis"": false}",False,True,True,0,0,return,return,11,11
dev_AISLE_B_b160_n92801__vs__dev_AISLE_NBV_b160_n92801,150,instance_0001,0.060982153195772604,True,,"[0.39279087515345384, 0.3323615097452301, 0.27193214433700647, 0.002915470764309682]","[0.33180872195768124, 0.33180872195768124, 0.33180872195768124, 0.004573834126956388]","{""candidates"": 8, ""positive"": 6, ""reasons"": [], ""repeated"": 0, ""state"": ""nonzero_structure_gain_available"", ""zero_basis"": false}","{""candidates"": 8, ""positive"": 6, ""reasons"": [], ""repeated"": 0, ""state"": ""nonzero_structure_gain_available"", ""zero_basis"": false}",False,True,True,0,0,return,return,10,10
dev_AISLE_B_b160_n92801__vs__dev_AISLE_NBV_b160_n92801,150,instance_0002,0.0002155203165066233,True,,"[0.0006582578573050952, 7.199742770134283e-05, 0.9992697446762109, 3.87827106134246e-11]","[0.0004558152661770281, 5.891969123127352e-05, 0.9994852649927175, 4.987423952198099e-11]","{""candidates"": 8, ""positive"": 6, ""reasons"": [], ""repeated"": 0, ""state"": ""nonzero_structure_gain_available"", ""zero_basis"": false}","{""candidates"": 8, ""positive"": 6, ""reasons"": [], ""repeated"": 0, ""state"": ""nonzero_structure_gain_available"", ""zero_basis"": false}",False,True,True,0,0,return,return,10,10
dev_AISLE_B_b160_n92801__vs__dev_AISLE_NBV_b160_n92801,151,instance_0001,0.060982153195772604,True,,"[0.39279087515345384, 0.3323615097452301, 0.27193214433700647, 0.002915470764309682]","[0.33180872195768124, 0.33180872195768124, 0.33180872195768124, 0.004573834126956388]","{""candidates"": 8, ""positive"": 6, ""reasons"": [], ""repeated"": 0, ""state"": ""nonzero_structure_gain_available"", ""zero_basis"": false}","{""candidates"": 8, ""positive"": 6, ""reasons"": [], ""repeated"": 0, ""state"": ""nonzero_structure_gain_available"", ""zero_basis"": false}",False,True,True,0,0,return,return,9,9
dev_AISLE_B_b160_n92801__vs__dev_AISLE_NBV_b160_n92801,151,instance_0002,0.0002155203165066233,True,,"[0.0006582578573050952, 7.199742770134283e-05, 0.9992697446762109, 3.87827106134246e-11]","[0.0004558152661770281, 5.891969123127352e-05, 0.9994852649927175, 4.987423952198099e-11]","{""candidates"": 8, ""positive"": 6, ""reasons"": [], ""repeated"": 0, ""state"": ""nonzero_structure_gain_available"", ""zero_basis"": false}","{""candidates"": 8, ""positive"": 6, ""reasons"": [], ""repeated"": 0, ""state"": ""nonzero_structure_gain_available"", ""zero_basis"": false}",False,True,True,0,0,return,return,9,9
dev_AISLE_B_b160_n92801__vs__dev_AISLE_NBV_b160_n92801,152,instance_0001,0.060982153195772604,True,,"[0.39279087515345384, 0.3323615097452301, 0.27193214433700647, 0.002915470764309682]","[0.33180872195768124, 0.33180872195768124, 0.33180872195768124, 0.004573834126956388]","{""candidates"": 8, ""positive"": 7, ""reasons"": [], ""repeated"": 0, ""state"": ""nonzero_structure_gain_available"", ""zero_basis"": false}","{""candidates"": 8, ""positive"": 7, ""reasons"": [], ""repeated"": 0, ""state"": ""nonzero_structure_gain_available"", ""zero_basis"": false}",False,True,True,0,0,return,return,8,8
dev_AISLE_B_b160_n92801__vs__dev_AISLE_NBV_b160_n92801,152,instance_0002,0.0002155203165066233,True,,"[0.0006582578573050952, 7.199742770134283e-05, 0.9992697446762109, 3.87827106134246e-11]","[0.0004558152661770281, 5.891969123127352e-05, 0.9994852649927175, 4.987423952198099e-11]","{""candidates"": 8, ""positive"": 7, ""reasons"": [], ""repeated"": 0, ""state"": ""nonzero_structure_gain_available"", ""zero_basis"": false}","{""candidates"": 8, ""positive"": 7, ""reasons"": [], ""repeated"": 0, ""state"": ""nonzero_structure_gain_available"", ""zero_basis"": false}",False,True,True,0,0,return,return,8,8
dev_AISLE_B_b160_n92801__vs__dev_AISLE_NBV_b160_n92801,153,instance_0001,0.060982153195772604,True,,"[0.39279087515345384, 0.3323615097452301, 0.27193214433700647, 0.002915470764309682]","[0.33180872195768124, 0.33180872195768124, 0.33180872195768124, 0.004573834126956388]","{""candidates"": 8, ""positive"": 7, ""reasons"": [], ""repeated"": 0, ""state"": ""nonzero_structure_gain_available"", ""zero_basis"": false}","{""candidates"": 8, ""positive"": 7, ""reasons"": [], ""repeated"": 0, ""state"": ""nonzero_structure_gain_available"", ""zero_basis"": false}",False,True,True,0,0,return,return,7,7
dev_AISLE_B_b160_n92801__vs__dev_AISLE_NBV_b160_n92801,153,instance_0002,0.0002155203165066233,True,,"[0.0006582578573050952, 7.199742770134283e-05, 0.9992697446762109, 3.87827106134246e-11]","[0.0004558152661770281, 5.891969123127352e-05, 0.9994852649927175, 4.987423952198099e-11]","{""candidates"": 8, ""positive"": 8, ""reasons"": [], ""repeated"": 0, ""state"": ""nonzero_structure_gain_available"", ""zero_basis"": false}","{""candidates"": 8, ""positive"": 8, ""reasons"": [], ""repeated"": 0, ""state"": ""nonzero_structure_gain_available"", ""zero_basis"": false}",False,True,True,0,0,return,return,7,7
dev_AISLE_B_b160_n92801__vs__dev_AISLE_NBV_b160_n92801,154,instance_0001,0.060982153195772604,True,,"[0.39279087515345384, 0.3323615097452301, 0.27193214433700647, 0.002915470764309682]","[0.33180872195768124, 0.33180872195768124, 0.33180872195768124, 0.004573834126956388]","{""candidates"": 8, ""positive"": 7, ""reasons"": [], ""repeated"": 0, ""state"": ""nonzero_structure_gain_available"", ""zero_basis"": false}","{""candidates"": 8, ""positive"": 7, ""reasons"": [], ""repeated"": 0, ""state"": ""nonzero_structure_gain_available"", ""zero_basis"": false}",False,True,True,0,0,return,return,6,6
dev_AISLE_B_b160_n92801__vs__dev_AISLE_NBV_b160_n92801,154,instance_0002,0.0002155203165066233,True,,"[0.0006582578573050952, 7.199742770134283e-05, 0.9992697446762109, 3.87827106134246e-11]","[0.0004558152661770281, 5.891969123127352e-05, 0.9994852649927175, 4.987423952198099e-11]","{""candidates"": 8, ""positive"": 6, ""reasons"": [], ""repeated"": 0, ""state"": ""nonzero_structure_gain_available"", ""zero_basis"": false}","{""candidates"": 8, ""positive"": 6, ""reasons"": [], ""repeated"": 0, ""state"": ""nonzero_structure_gain_available"", ""zero_basis"": false}",False,True,True,0,0,return,return,6,6
dev_AISLE_B_b160_n92801__vs__dev_AISLE_NBV_b160_n92801,155,instance_0001,0.060982153195772604,True,,"[0.39279087515345384, 0.3323615097452301, 0.27193214433700647, 0.002915470764309682]","[0.33180872195768124, 0.33180872195768124, 0.33180872195768124, 0.004573834126956388]","{""candidates"": 8, ""positive"": 6, ""reasons"": [], ""repeated"": 0, ""state"": ""nonzero_structure_gain_available"", ""zero_basis"": false}","{""candidates"": 8, ""positive"": 6, ""reasons"": [], ""repeated"": 0, ""state"": ""nonzero_structure_gain_available"", ""zero_basis"": false}",False,True,True,0,0,return,return,5,5
dev_AISLE_B_b160_n92801__vs__dev_AISLE_NBV_b160_n92801,155,instance_0002,0.0002155203165066233,True,,"[0.0006582578573050952, 7.199742770134283e-05, 0.9992697446762109, 3.87827106134246e-11]","[0.0004558152661770281, 5.891969123127352e-05, 0.9994852649927175, 4.987423952198099e-11]","{""candidates"": 8, ""positive"": 6, ""reasons"": [], ""repeated"": 0, ""state"": ""nonzero_structure_gain_available"", ""zero_basis"": false}","{""candidates"": 8, ""positive"": 6, ""reasons"": [], ""repeated"": 0, ""state"": ""nonzero_structure_gain_available"", ""zero_basis"": false}",False,True,True,0,0,return,return,5,5
dev_AISLE_B_b160_n92801__vs__dev_AISLE_NBV_b160_n92801,156,instance_0001,0.060982153195772604,True,,"[0.39279087515345384, 0.3323615097452301, 0.27193214433700647, 0.002915470764309682]","[0.33180872195768124, 0.33180872195768124, 0.33180872195768124, 0.004573834126956388]","{""candidates"": 8, ""positive"": 7, ""reasons"": [], ""repeated"": 0, ""state"": ""nonzero_structure_gain_available"", ""zero_basis"": false}","{""candidates"": 8, ""positive"": 7, ""reasons"": [], ""repeated"": 0, ""state"": ""nonzero_structure_gain_available"", ""zero_basis"": false}",False,True,True,0,0,return,return,4,4
dev_AISLE_B_b160_n92801__vs__dev_AISLE_NBV_b160_n92801,156,instance_0002,0.0002155203165066233,True,,"[0.0006582578573050952, 7.199742770134283e-05, 0.9992697446762109, 3.87827106134246e-11]","[0.0004558152661770281, 5.891969123127352e-05, 0.9994852649927175, 4.987423952198099e-11]","{""candidates"": 8, ""positive"": 7, ""reasons"": [], ""repeated"": 0, ""state"": ""nonzero_structure_gain_available"", ""zero_basis"": false}","{""candidates"": 8, ""positive"": 7, ""reasons"": [], ""repeated"": 0, ""state"": ""nonzero_structure_gain_available"", ""zero_basis"": false}",False,True,True,0,0,return,return,4,4
dev_AISLE_B_b160_n92801__vs__dev_AISLE_NBV_b160_n92801,157,instance_0001,0.060982153195772604,True,,"[0.39279087515345384, 0.3323615097452301, 0.27193214433700647, 0.002915470764309682]","[0.33180872195768124, 0.33180872195768124, 0.33180872195768124, 0.004573834126956388]","{""candidates"": 8, ""positive"": 8, ""reasons"": [], ""repeated"": 0, ""state"": ""nonzero_structure_gain_available"", ""zero_basis"": false}","{""candidates"": 8, ""positive"": 8, ""reasons"": [], ""repeated"": 0, ""state"": ""nonzero_structure_gain_available"", ""zero_basis"": false}",False,True,True,0,0,return,return,3,3
dev_AISLE_B_b160_n92801__vs__dev_AISLE_NBV_b160_n92801,157,instance_0002,0.0002155203165066233,True,,"[0.0006582578573050952, 7.199742770134283e-05, 0.9992697446762109, 3.87827106134246e-11]","[0.0004558152661770281, 5.891969123127352e-05, 0.9994852649927175, 4.987423952198099e-11]","{""candidates"": 8, ""positive"": 8, ""reasons"": [], ""repeated"": 0, ""state"": ""nonzero_structure_gain_available"", ""zero_basis"": false}","{""candidates"": 8, ""positive"": 8, ""reasons"": [], ""repeated"": 0, ""state"": ""nonzero_structure_gain_available"", ""zero_basis"": false}",False,True,True,0,0,return,return,3,3
dev_AISLE_B_b160_n92801__vs__dev_AISLE_NBV_b160_n92801,158,instance_0001,0.060982153195772604,True,,"[0.39279087515345384, 0.3323615097452301, 0.27193214433700647, 0.002915470764309682]","[0.33180872195768124, 0.33180872195768124, 0.33180872195768124, 0.004573834126956388]","{""candidates"": 8, ""positive"": 8, ""reasons"": [], ""repeated"": 0, ""state"": ""nonzero_structure_gain_available"", ""zero_basis"": false}","{""candidates"": 8, ""positive"": 8, ""reasons"": [], ""repeated"": 0, ""state"": ""nonzero_structure_gain_available"", ""zero_basis"": false}",False,True,True,0,0,return,return,2,2
dev_AISLE_B_b160_n92801__vs__dev_AISLE_NBV_b160_n92801,158,instance_0002,0.0002155203165066233,True,,"[0.0006582578573050952, 7.199742770134283e-05, 0.9992697446762109, 3.87827106134246e-11]","[0.0004558152661770281, 5.891969123127352e-05, 0.9994852649927175, 4.987423952198099e-11]","{""candidates"": 8, ""positive"": 8, ""reasons"": [], ""repeated"": 0, ""state"": ""nonzero_structure_gain_available"", ""zero_basis"": false}","{""candidates"": 8, ""positive"": 8, ""reasons"": [], ""repeated"": 0, ""state"": ""nonzero_structure_gain_available"", ""zero_basis"": false}",False,True,True,0,0,return,return,2,2
dev_AISLE_B_b160_n92801__vs__dev_AISLE_NBV_b160_n92801,159,instance_0001,0.060982153195772604,True,,"[0.39279087515345384, 0.3323615097452301, 0.27193214433700647, 0.002915470764309682]","[0.33180872195768124, 0.33180872195768124, 0.33180872195768124, 0.004573834126956388]","{""candidates"": 8, ""positive"": 8, ""reasons"": [], ""repeated"": 0, ""state"": ""nonzero_structure_gain_available"", ""zero_basis"": false}","{""candidates"": 8, ""positive"": 8, ""reasons"": [], ""repeated"": 0, ""state"": ""nonzero_structure_gain_available"", ""zero_basis"": false}",False,True,True,0,0,return,return,1,1
dev_AISLE_B_b160_n92801__vs__dev_AISLE_NBV_b160_n92801,159,instance_0002,0.0002155203165066233,True,,"[0.0006582578573050952, 7.199742770134283e-05, 0.9992697446762109, 3.87827106134246e-11]","[0.0004558152661770281, 5.891969123127352e-05, 0.9994852649927175, 4.987423952198099e-11]","{""candidates"": 8, ""positive"": 8, ""reasons"": [], ""repeated"": 0, ""state"": ""nonzero_structure_gain_available"", ""zero_basis"": false}","{""candidates"": 8, ""positive"": 8, ""reasons"": [], ""repeated"": 0, ""state"": ""nonzero_structure_gain_available"", ""zero_basis"": false}",False,True,True,0,0,return,return,1,1
dev_AISLE_B_b160_n92801__vs__dev_AISLE_NBV_b160_n92801,160,instance_0002,0.0002155203165066233,True,,"[0.0006582578573050952, 7.199742770134283e-05, 0.9992697446762109, 3.87827106134246e-11]","[0.0004558152661770281, 5.891969123127352e-05, 0.9994852649927175, 4.987423952198099e-11]","{""candidates"": 8, ""positive"": 8, ""reasons"": [], ""repeated"": 0, ""state"": ""nonzero_structure_gain_available"", ""zero_basis"": false}","{""candidates"": 8, ""positive"": 8, ""reasons"": [], ""repeated"": 0, ""state"": ""nonzero_structure_gain_available"", ""zero_basis"": false}",False,True,True,0,0,home_xy_and_yaw_reached,home_xy_and_yaw_reached,0,0
dev_CELL_S_b160_n92801__vs__dev_CELL_B_b160_n92801,26,instance_0001,0.00363743834693539,True,0.03637438346935373,"[0.30363743834693535, 0.2768187191734677, 0.19636256165306457, 0.2231812808265323]","[0.3, 0.275, 0.19999999999999996, 0.22499999999999995]","{""candidates"": 0, ""reasons"": [], ""state"": ""no_forecast_record"", ""zero_basis"": null}","{""candidates"": 0, ""reasons"": [], ""state"": ""no_forecast_record"", ""zero_basis"": null}",False,False,False,0,0,upstream_goal_with_paid_return_reserve,upstream_goal_with_paid_return_reserve,,
dev_CELL_S_b160_n92801__vs__dev_CELL_B_b160_n92801,31,instance_0001,0.00363743834693539,True,0.03637438346935373,"[0.30363743834693535, 0.2768187191734677, 0.19636256165306457, 0.2231812808265323]","[0.3, 0.275, 0.19999999999999996, 0.22499999999999995]","{""candidates"": 0, ""reasons"": [], ""state"": ""no_forecast_record"", ""zero_basis"": null}","{""candidates"": 0, ""reasons"": [], ""state"": ""no_forecast_record"", ""zero_basis"": null}",False,False,False,0,0,upstream_goal_with_paid_return_reserve,upstream_goal_with_paid_return_reserve,,
dev_CELL_S_b160_n92801__vs__dev_CELL_B_b160_n92801,32,instance_0001,0.00363743834693539,True,0.03637438346935373,"[0.30363743834693535, 0.2768187191734677, 0.19636256165306457, 0.2231812808265323]","[0.3, 0.275, 0.19999999999999996, 0.22499999999999995]","{""candidates"": 8, ""positive"": 0, ""reasons"": [""no_reliable_observed_label_plane""], ""repeated"": 0, ""state"": ""all_structure_gains_zero"", ""zero_basis"": true}","{""candidates"": 8, ""positive"": 0, ""reasons"": [""no_reliable_observed_label_plane""], ""repeated"": 0, ""state"": ""all_structure_gains_zero"", ""zero_basis"": true}",True,True,True,38,38,upstream_goal_with_paid_return_reserve,upstream_goal_with_paid_return_reserve,128,128
dev_CELL_S_b160_n92801__vs__dev_CELL_B_b160_n92801,35,instance_0001,0.00363743834693539,True,0.03637438346935373,"[0.30363743834693535, 0.2768187191734677, 0.19636256165306457, 0.2231812808265323]","[0.3, 0.275, 0.19999999999999996, 0.22499999999999995]","{""candidates"": 0, ""reasons"": [], ""state"": ""no_forecast_record"", ""zero_basis"": null}","{""candidates"": 0, ""reasons"": [], ""state"": ""no_forecast_record"", ""zero_basis"": null}",False,False,False,0,0,upstream_goal_with_paid_return_reserve,upstream_goal_with_paid_return_reserve,,
dev_CELL_S_b160_n92801__vs__dev_CELL_B_b160_n92801,36,instance_0001,0.00363743834693539,True,0.03637438346935373,"[0.30363743834693535, 0.2768187191734677, 0.19636256165306457, 0.2231812808265323]","[0.3, 0.275, 0.19999999999999996, 0.22499999999999995]","{""candidates"": 0, ""reasons"": [], ""state"": ""no_forecast_record"", ""zero_basis"": null}","{""candidates"": 0, ""reasons"": [], ""state"": ""no_forecast_record"", ""zero_basis"": null}",False,False,False,0,0,upstream_goal_with_paid_return_reserve,upstream_goal_with_paid_return_reserve,,
dev_CELL_S_b160_n92801__vs__dev_CELL_B_b160_n92801,37,instance_0001,0.00363743834693539,True,0.03637438346935373,"[0.30363743834693535, 0.2768187191734677, 0.19636256165306457, 0.2231812808265323]","[0.3, 0.275, 0.19999999999999996, 0.22499999999999995]","{""candidates"": 0, ""reasons"": [], ""state"": ""no_forecast_record"", ""zero_basis"": null}","{""candidates"": 0, ""reasons"": [], ""state"": ""no_forecast_record"", ""zero_basis"": null}",False,False,False,0,0,upstream_goal_with_paid_return_reserve,upstream_goal_with_paid_return_reserve,,
dev_CELL_S_b160_n92801__vs__dev_CELL_B_b160_n92801,38,instance_0001,0.00363743834693539,True,0.03637438346935373,"[0.30363743834693535, 0.2768187191734677, 0.19636256165306457, 0.2231812808265323]","[0.3, 0.275, 0.19999999999999996, 0.22499999999999995]","{""candidates"": 0, ""reasons"": [], ""state"": ""no_forecast_record"", ""zero_basis"": null}","{""candidates"": 0, ""reasons"": [], ""state"": ""no_forecast_record"", ""zero_basis"": null}",False,False,False,0,0,upstream_goal_with_paid_return_reserve,upstream_goal_with_paid_return_reserve,,
dev_CELL_S_b160_n92801__vs__dev_CELL_B_b160_n92801,39,instance_0001,0.00363743834693539,True,0.03637438346935373,"[0.30363743834693535, 0.2768187191734677, 0.19636256165306457, 0.2231812808265323]","[0.3, 0.275, 0.19999999999999996, 0.22499999999999995]","{""candidates"": 0, ""reasons"": [], ""state"": ""no_forecast_record"", ""zero_basis"": null}","{""candidates"": 0, ""reasons"": [], ""state"": ""no_forecast_record"", ""zero_basis"": null}",False,False,False,0,0,upstream_goal_with_paid_return_reserve,upstream_goal_with_paid_return_reserve,,
dev_CELL_S_b160_n92801__vs__dev_CELL_B_b160_n92801,40,instance_0001,0.00363743834693539,True,0.03637438346935373,"[0.30363743834693535, 0.2768187191734677, 0.19636256165306457, 0.2231812808265323]","[0.3, 0.275, 0.19999999999999996, 0.22499999999999995]","{""candidates"": 0, ""reasons"": [], ""state"": ""no_forecast_record"", ""zero_basis"": null}","{""candidates"": 0, ""reasons"": [], ""state"": ""no_forecast_record"", ""zero_basis"": null}",False,False,False,0,0,upstream_goal_with_paid_return_reserve,upstream_goal_with_paid_return_reserve,,
dev_CELL_S_b160_n92801__vs__dev_CELL_B_b160_n92801,41,instance_0001,0.00363743834693539,True,0.03637438346935373,"[0.30363743834693535, 0.2768187191734677, 0.19636256165306457, 0.2231812808265323]","[0.3, 0.275, 0.19999999999999996, 0.22499999999999995]","{""candidates"": 0, ""reasons"": [], ""state"": ""no_forecast_record"", ""zero_basis"": null}","{""candidates"": 0, ""reasons"": [], ""state"": ""no_forecast_record"", ""zero_basis"": null}",False,False,False,0,0,upstream_goal_with_paid_return_reserve,upstream_goal_with_paid_return_reserve,,
dev_CELL_S_b160_n92801__vs__dev_CELL_B_b160_n92801,42,instance_0001,0.003635729696657819,True,0.03635729696657786,"[0.3036357296966578, 0.2768178648483289, 0.19636427030334222, 0.22318213515167112]","[0.3, 0.275, 0.19999999999999996, 0.22499999999999995]","{""candidates"": 0, ""reasons"": [], ""state"": ""no_forecast_record"", ""zero_basis"": null}","{""candidates"": 0, ""reasons"": [], ""state"": ""no_forecast_record"", ""zero_basis"": null}",False,False,False,0,0,upstream_goal_with_paid_return_reserve,upstream_goal_with_paid_return_reserve,,
dev_CELL_S_b160_n92801__vs__dev_CELL_B_b160_n92801,43,instance_0001,0.003635729696657819,True,0.03635729696657786,"[0.3036357296966578, 0.2768178648483289, 0.19636427030334222, 0.22318213515167112]","[0.3, 0.275, 0.19999999999999996, 0.22499999999999995]","{""candidates"": 0, ""reasons"": [], ""state"": ""no_forecast_record"", ""zero_basis"": null}","{""candidates"": 0, ""reasons"": [], ""state"": ""no_forecast_record"", ""zero_basis"": null}",False,False,False,0,0,upstream_goal_with_paid_return_reserve,upstream_goal_with_paid_return_reserve,,
dev_CELL_S_b160_n92801__vs__dev_CELL_B_b160_n92801,44,instance_0001,0.003635729696657819,True,0.03635729696657786,"[0.3036357296966578, 0.2768178648483289, 0.19636427030334222, 0.22318213515167112]","[0.3, 0.275, 0.19999999999999996, 0.22499999999999995]","{""candidates"": 0, ""reasons"": [], ""state"": ""no_forecast_record"", ""zero_basis"": null}","{""candidates"": 0, ""reasons"": [], ""state"": ""no_forecast_record"", ""zero_basis"": null}",False,False,False,0,0,upstream_goal_with_paid_return_reserve,upstream_goal_with_paid_return_reserve,,
dev_CELL_S_b160_n92801__vs__dev_CELL_B_b160_n92801,45,instance_0001,0.003635729696657819,True,0.03635729696657786,"[0.3036357296966578, 0.2768178648483289, 0.19636427030334222, 0.22318213515167112]","[0.3, 0.275, 0.19999999999999996, 0.22499999999999995]","{""candidates"": 0, ""reasons"": [], ""state"": ""no_forecast_record"", ""zero_basis"": null}","{""candidates"": 0, ""reasons"": [], ""state"": ""no_forecast_record"", ""zero_basis"": null}",False,False,False,0,0,upstream_goal_with_paid_return_reserve,upstream_goal_with_paid_return_reserve,,
dev_CELL_S_b160_n92801__vs__dev_CELL_B_b160_n92801,46,instance_0001,0.003635729696657819,True,0.03635729696657786,"[0.3036357296966578, 0.2768178648483289, 0.19636427030334222, 0.22318213515167112]","[0.3, 0.275, 0.19999999999999996, 0.22499999999999995]","{""candidates"": 0, ""reasons"": [], ""state"": ""no_forecast_record"", ""zero_basis"": null}","{""candidates"": 0, ""reasons"": [], ""state"": ""no_forecast_record"", ""zero_basis"": null}",False,False,False,0,0,upstream_goal_with_paid_return_reserve,upstream_goal_with_paid_return_reserve,,
dev_CELL_S_b160_n92801__vs__dev_CELL_B_b160_n92801,48,instance_0001,0.007304042036930136,True,0.07304042036930147,"[0.3073040420369301, 0.27865202101846515, 0.19269595796306985, 0.2213479789815349]","[0.3, 0.275, 0.19999999999999996, 0.22499999999999995]","{""candidates"": 0, ""reasons"": [], ""state"": ""no_forecast_record"", ""zero_basis"": null}","{""candidates"": 0, ""reasons"": [], ""state"": ""no_forecast_record"", ""zero_basis"": null}",False,False,False,0,0,upstream_goal_with_paid_return_reserve,upstream_goal_with_paid_return_reserve,,
dev_CELL_S_b160_n92801__vs__dev_CELL_B_b160_n92801,49,instance_0001,0.007304042036930136,True,0.07304042036930147,"[0.3073040420369301, 0.27865202101846515, 0.19269595796306985, 0.2213479789815349]","[0.3, 0.275, 0.19999999999999996, 0.22499999999999995]","{""candidates"": 0, ""reasons"": [], ""state"": ""no_forecast_record"", ""zero_basis"": null}","{""candidates"": 0, ""reasons"": [], ""state"": ""no_forecast_record"", ""zero_basis"": null}",False,True,True,1,1,upstream_goal_with_paid_return_reserve,upstream_goal_with_paid_return_reserve,111,111
dev_CELL_S_b160_n92801__vs__dev_CELL_B_b160_n92801,50,instance_0001,0.007304042036930136,True,0.07304042036930147,"[0.3073040420369301, 0.27865202101846515, 0.19269595796306985, 0.2213479789815349]","[0.3, 0.275, 0.19999999999999996, 0.22499999999999995]","{""candidates"": 0, ""reasons"": [], ""state"": ""no_forecast_record"", ""zero_basis"": null}","{""candidates"": 0, ""reasons"": [], ""state"": ""no_forecast_record"", ""zero_basis"": null}",False,False,False,0,0,upstream_goal_with_paid_return_reserve,upstream_goal_with_paid_return_reserve,,
dev_CELL_S_b160_n92801__vs__dev_CELL_B_b160_n92801,51,instance_0001,0.007304042036930136,True,0.07304042036930147,"[0.3073040420369301, 0.27865202101846515, 0.19269595796306985, 0.2213479789815349]","[0.3, 0.275, 0.19999999999999996, 0.22499999999999995]","{""candidates"": 8, ""positive"": 0, ""reasons"": [""no_reliable_observed_label_plane""], ""repeated"": 0, ""state"": ""all_structure_gains_zero"", ""zero_basis"": true}","{""candidates"": 8, ""positive"": 0, ""reasons"": [""no_reliable_observed_label_plane""], ""repeated"": 0, ""state"": ""all_structure_gains_zero"", ""zero_basis"": true}",True,True,True,36,36,upstream_goal_with_paid_return_reserve,upstream_goal_with_paid_return_reserve,109,109
dev_CELL_S_b160_n92801__vs__dev_CELL_B_b160_n92801,52,instance_0001,0.007304042036930136,True,0.07304042036930147,"[0.3073040420369301, 0.27865202101846515, 0.19269595796306985, 0.2213479789815349]","[0.3, 0.275, 0.19999999999999996, 0.22499999999999995]","{""candidates"": 0, ""reasons"": [], ""state"": ""no_forecast_record"", ""zero_basis"": null}","{""candidates"": 0, ""reasons"": [], ""state"": ""no_forecast_record"", ""zero_basis"": null}",False,False,False,0,0,upstream_goal_with_paid_return_reserve,upstream_goal_with_paid_return_reserve,,
dev_CELL_S_b160_n92801__vs__dev_CELL_B_b160_n92801,54,instance_0001,0.007254951537612797,True,0.07254951537612775,"[0.3072549515376128, 0.27862747576880637, 0.19274504846238721, 0.22137252423119358]","[0.3, 0.275, 0.19999999999999996, 0.22499999999999995]","{""candidates"": 0, ""reasons"": [], ""state"": ""no_forecast_record"", ""zero_basis"": null}","{""candidates"": 0, ""reasons"": [], ""state"": ""no_forecast_record"", ""zero_basis"": null}",False,False,False,0,0,upstream_goal_with_paid_return_reserve,upstream_goal_with_paid_return_reserve,,
dev_CELL_S_b160_n92801__vs__dev_CELL_B_b160_n92801,55,instance_0001,0.007254951537612797,True,0.07254951537612775,"[0.3072549515376128, 0.27862747576880637, 0.19274504846238721, 0.22137252423119358]","[0.3, 0.275, 0.19999999999999996, 0.22499999999999995]","{""candidates"": 0, ""reasons"": [], ""state"": ""no_forecast_record"", ""zero_basis"": null}","{""candidates"": 0, ""reasons"": [], ""state"": ""no_forecast_record"", ""zero_basis"": null}",False,False,False,0,0,upstream_goal_with_paid_return_reserve,upstream_goal_with_paid_return_reserve,,
dev_CELL_S_b160_n92801__vs__dev_CELL_B_b160_n92801,56,instance_0001,0.007254951537612797,True,0.07254951537612775,"[0.3072549515376128, 0.27862747576880637, 0.19274504846238721, 0.22137252423119358]","[0.3, 0.275, 0.19999999999999996, 0.22499999999999995]","{""candidates"": 0, ""reasons"": [], ""state"": ""no_forecast_record"", ""zero_basis"": null}","{""candidates"": 0, ""reasons"": [], ""state"": ""no_forecast_record"", ""zero_basis"": null}",False,False,False,0,0,upstream_goal_with_paid_return_reserve,upstream_goal_with_paid_return_reserve,,
dev_CELL_S_b160_n92801__vs__dev_CELL_B_b160_n92801,57,instance_0001,0.007254951537612797,True,0.07254951537612775,"[0.3072549515376128, 0.27862747576880637, 0.19274504846238721, 0.22137252423119358]","[0.3, 0.275, 0.19999999999999996, 0.22499999999999995]","{""candidates"": 0, ""reasons"": [], ""state"": ""no_forecast_record"", ""zero_basis"": null}","{""candidates"": 0, ""reasons"": [], ""state"": ""no_forecast_record"", ""zero_basis"": null}",False,False,False,0,0,upstream_goal_with_paid_return_reserve,upstream_goal_with_paid_return_reserve,,
dev_CELL_S_b160_n92801__vs__dev_CELL_B_b160_n92801,69,instance_0001,0.008092982332682797,True,0.08092982332682797,"[0.3080929823326828, 0.27904649116634134, 0.19190701766731721, 0.22095350883365858]","[0.3, 0.275, 0.19999999999999996, 0.22499999999999995]","{""candidates"": 0, ""reasons"": [], ""state"": ""no_forecast_record"", ""zero_basis"": null}","{""candidates"": 0, ""reasons"": [], ""state"": ""no_forecast_record"", ""zero_basis"": null}",False,False,False,0,0,upstream_goal_with_paid_return_reserve,upstream_goal_with_paid_return_reserve,,
dev_CELL_S_b160_n92801__vs__dev_CELL_B_b160_n92801,70,instance_0001,0.008092982332682797,True,0.08092982332682797,"[0.3080929823326828, 0.27904649116634134, 0.19190701766731721, 0.22095350883365858]","[0.3, 0.275, 0.19999999999999996, 0.22499999999999995]","{""candidates"": 0, ""reasons"": [], ""state"": ""no_forecast_record"", ""zero_basis"": null}","{""candidates"": 0, ""reasons"": [], ""state"": ""no_forecast_record"", ""zero_basis"": null}",False,False,False,0,0,upstream_goal_with_paid_return_reserve,upstream_goal_with_paid_return_reserve,,
dev_CELL_S_b160_n92801__vs__dev_CELL_B_b160_n92801,71,instance_0001,0.008092982332682797,True,0.08092982332682797,"[0.3080929823326828, 0.27904649116634134, 0.19190701766731721, 0.22095350883365858]","[0.3, 0.275, 0.19999999999999996, 0.22499999999999995]","{""candidates"": 0, ""reasons"": [], ""state"": ""no_forecast_record"", ""zero_basis"": null}","{""candidates"": 0, ""reasons"": [], ""state"": ""no_forecast_record"", ""zero_basis"": null}",False,False,False,0,0,upstream_goal_with_paid_return_reserve,upstream_goal_with_paid_return_reserve,,
dev_CELL_S_b160_n92801__vs__dev_CELL_B_b160_n92801,72,instance_0001,0.008092982332682797,True,0.08092982332682797,"[0.3080929823326828, 0.27904649116634134, 0.19190701766731721, 0.22095350883365858]","[0.3, 0.275, 0.19999999999999996, 0.22499999999999995]","{""candidates"": 0, ""reasons"": [], ""state"": ""no_forecast_record"", ""zero_basis"": null}","{""candidates"": 0, ""reasons"": [], ""state"": ""no_forecast_record"", ""zero_basis"": null}",False,False,False,0,0,upstream_goal_with_paid_return_reserve,upstream_goal_with_paid_return_reserve,,
dev_CELL_S_b160_n92801__vs__dev_CELL_B_b160_n92801,73,instance_0001,0.008092982332682797,True,0.08092982332682797,"[0.3080929823326828, 0.27904649116634134, 0.19190701766731721, 0.22095350883365858]","[0.3, 0.275, 0.19999999999999996, 0.22499999999999995]","{""candidates"": 0, ""reasons"": [], ""state"": ""no_forecast_record"", ""zero_basis"": null}","{""candidates"": 0, ""reasons"": [], ""state"": ""no_forecast_record"", ""zero_basis"": null}",False,False,False,0,0,upstream_goal_with_paid_return_reserve,upstream_goal_with_paid_return_reserve,,
dev_CELL_S_b160_n92801__vs__dev_CELL_B_b160_n92801,74,instance_0001,0.008092982332682797,True,0.08092982332682797,"[0.3080929823326828, 0.27904649116634134, 0.19190701766731721, 0.22095350883365858]","[0.3, 0.275, 0.19999999999999996, 0.22499999999999995]","{""candidates"": 0, ""reasons"": [], ""state"": ""no_forecast_record"", ""zero_basis"": null}","{""candidates"": 0, ""reasons"": [], ""state"": ""no_forecast_record"", ""zero_basis"": null}",False,False,False,0,0,upstream_goal_with_paid_return_reserve,upstream_goal_with_paid_return_reserve,,
dev_CELL_S_b160_n92801__vs__dev_CELL_B_b160_n92801,76,instance_0001,0.008092982332682797,True,0.08092982332682797,"[0.3080929823326828, 0.27904649116634134, 0.19190701766731721, 0.22095350883365858]","[0.3, 0.275, 0.19999999999999996, 0.22499999999999995]","{""candidates"": 0, ""reasons"": [], ""state"": ""no_forecast_record"", ""zero_basis"": null}","{""candidates"": 0, ""reasons"": [], ""state"": ""no_forecast_record"", ""zero_basis"": null}",False,False,False,0,0,upstream_goal_with_paid_return_reserve,upstream_goal_with_paid_return_reserve,,
dev_CELL_S_b160_n92801__vs__dev_CELL_B_b160_n92801,77,instance_0001,0.008092982332682797,True,0.08092982332682797,"[0.3080929823326828, 0.27904649116634134, 0.19190701766731721, 0.22095350883365858]","[0.3, 0.275, 0.19999999999999996, 0.22499999999999995]","{""candidates"": 0, ""reasons"": [], ""state"": ""no_forecast_record"", ""zero_basis"": null}","{""candidates"": 0, ""reasons"": [], ""state"": ""no_forecast_record"", ""zero_basis"": null}",False,False,False,0,0,upstream_goal_with_paid_return_reserve,upstream_goal_with_paid_return_reserve,,
dev_CELL_S_b160_n92801__vs__dev_CELL_B_b160_n92801,78,instance_0001,0.008092982332682797,True,0.08092982332682797,"[0.3080929823326828, 0.27904649116634134, 0.19190701766731721, 0.22095350883365858]","[0.3, 0.275, 0.19999999999999996, 0.22499999999999995]","{""candidates"": 0, ""reasons"": [], ""state"": ""no_forecast_record"", ""zero_basis"": null}","{""candidates"": 0, ""reasons"": [], ""state"": ""no_forecast_record"", ""zero_basis"": null}",False,False,False,0,0,upstream_goal_with_paid_return_reserve,upstream_goal_with_paid_return_reserve,,
dev_CELL_S_b160_n92801__vs__dev_CELL_B_b160_n92801,79,instance_0001,0.008092982332682797,True,0.08092982332682797,"[0.3080929823326828, 0.27904649116634134, 0.19190701766731721, 0.22095350883365858]","[0.3, 0.275, 0.19999999999999996, 0.22499999999999995]","{""candidates"": 0, ""reasons"": [], ""state"": ""no_forecast_record"", ""zero_basis"": null}","{""candidates"": 0, ""reasons"": [], ""state"": ""no_forecast_record"", ""zero_basis"": null}",False,False,False,0,0,upstream_goal_with_paid_return_reserve,upstream_goal_with_paid_return_reserve,,
dev_CELL_S_b160_n92801__vs__dev_CELL_B_b160_n92801,80,instance_0001,0.008092982332682797,True,0.08092982332682797,"[0.3080929823326828, 0.27904649116634134, 0.19190701766731721, 0.22095350883365858]","[0.3, 0.275, 0.19999999999999996, 0.22499999999999995]","{""candidates"": 0, ""reasons"": [], ""state"": ""no_forecast_record"", ""zero_basis"": null}","{""candidates"": 0, ""reasons"": [], ""state"": ""no_forecast_record"", ""zero_basis"": null}",False,False,False,0,0,upstream_goal_with_paid_return_reserve,upstream_goal_with_paid_return_reserve,,
dev_CELL_S_b160_n92801__vs__dev_CELL_B_b160_n92801,81,instance_0001,0.008092982332682797,True,0.08092982332682797,"[0.3080929823326828, 0.27904649116634134, 0.19190701766731721, 0.22095350883365858]","[0.3, 0.275, 0.19999999999999996, 0.22499999999999995]","{""candidates"": 0, ""reasons"": [], ""state"": ""no_forecast_record"", ""zero_basis"": null}","{""candidates"": 0, ""reasons"": [], ""state"": ""no_forecast_record"", ""zero_basis"": null}",False,False,False,0,0,upstream_goal_with_paid_return_reserve,upstream_goal_with_paid_return_reserve,,
dev_CELL_S_b160_n92801__vs__dev_CELL_B_b160_n92801,82,instance_0001,0.008092984270175407,True,0.08092984270175418,"[0.3080929842701754, 0.27904649213508775, 0.1919070157298246, 0.2209535078649123]","[0.3, 0.275, 0.19999999999999996, 0.22499999999999995]","{""candidates"": 0, ""reasons"": [], ""state"": ""no_forecast_record"", ""zero_basis"": null}","{""candidates"": 0, ""reasons"": [], ""state"": ""no_forecast_record"", ""zero_basis"": null}",False,False,False,0,0,upstream_goal_with_paid_return_reserve,upstream_goal_with_paid_return_reserve,,
dev_CELL_S_b160_n92801__vs__dev_CELL_B_b160_n92801,83,instance_0001,0.008093027694720922,True,0.08093027694720922,"[0.3080930276947209, 0.2790465138473605, 0.19190697230527912, 0.22095348615263954]","[0.3, 0.275, 0.19999999999999996, 0.22499999999999995]","{""candidates"": 0, ""reasons"": [], ""state"": ""no_forecast_record"", ""zero_basis"": null}","{""candidates"": 0, ""reasons"": [], ""state"": ""no_forecast_record"", ""zero_basis"": null}",False,False,False,0,0,upstream_goal_with_paid_return_reserve,upstream_goal_with_paid_return_reserve,,
dev_CELL_S_b160_n92801__vs__dev_CELL_B_b160_n92801,113,instance_0001,0.00809303483628615,True,0.08093034836286139,"[0.30809303483628614, 0.2790465174181432, 0.19190696516371392, 0.22095348258185693]","[0.3, 0.275, 0.19999999999999996, 0.22499999999999995]","{""candidates"": 0, ""reasons"": [], ""state"": ""no_forecast_record"", ""zero_basis"": null}","{""candidates"": 0, ""reasons"": [], ""state"": ""no_forecast_record"", ""zero_basis"": null}",False,False,False,0,0,upstream_goal_with_paid_return_reserve,upstream_goal_with_paid_return_reserve,,
dev_CELL_S_b160_n92801__vs__dev_CELL_B_b160_n92801,114,instance_0001,0.00809303483628615,True,0.08093034836286139,"[0.30809303483628614, 0.2790465174181432, 0.19190696516371392, 0.22095348258185693]","[0.3, 0.275, 0.19999999999999996, 0.22499999999999995]","{""candidates"": 0, ""reasons"": [], ""state"": ""no_forecast_record"", ""zero_basis"": null}","{""candidates"": 0, ""reasons"": [], ""state"": ""no_forecast_record"", ""zero_basis"": null}",False,False,False,0,0,upstream_goal_with_paid_return_reserve,upstream_goal_with_paid_return_reserve,,
dev_CELL_S_b160_n92801__vs__dev_CELL_B_b160_n92801,115,instance_0001,0.00809303483628615,True,0.08093034836286139,"[0.30809303483628614, 0.2790465174181432, 0.19190696516371392, 0.22095348258185693]","[0.3, 0.275, 0.19999999999999996, 0.22499999999999995]","{""candidates"": 0, ""reasons"": [], ""state"": ""no_forecast_record"", ""zero_basis"": null}","{""candidates"": 0, ""reasons"": [], ""state"": ""no_forecast_record"", ""zero_basis"": null}",False,False,False,0,0,upstream_goal_with_paid_return_reserve,upstream_goal_with_paid_return_reserve,,
dev_CELL_S_b160_n92801__vs__dev_CELL_B_b160_n92801,116,instance_0001,0.00809303483628615,True,0.08093034836286139,"[0.30809303483628614, 0.2790465174181432, 0.19190696516371392, 0.22095348258185693]","[0.3, 0.275, 0.19999999999999996, 0.22499999999999995]","{""candidates"": 0, ""reasons"": [], ""state"": ""no_forecast_record"", ""zero_basis"": null}","{""candidates"": 0, ""reasons"": [], ""state"": ""no_forecast_record"", ""zero_basis"": null}",False,False,False,0,0,upstream_goal_with_paid_return_reserve,upstream_goal_with_paid_return_reserve,,
dev_CELL_S_b160_n92801__vs__dev_CELL_B_b160_n92801,117,instance_0001,0.00809303483628615,True,0.08093034836286139,"[0.30809303483628614, 0.2790465174181432, 0.19190696516371392, 0.22095348258185693]","[0.3, 0.275, 0.19999999999999996, 0.22499999999999995]","{""candidates"": 0, ""reasons"": [], ""state"": ""no_forecast_record"", ""zero_basis"": null}","{""candidates"": 0, ""reasons"": [], ""state"": ""no_forecast_record"", ""zero_basis"": null}",False,False,False,0,0,upstream_goal_with_paid_return_reserve,upstream_goal_with_paid_return_reserve,,
dev_CELL_S_b160_n92801__vs__dev_CELL_B_b160_n92801,118,instance_0001,0.00809303483628615,True,0.08093034836286139,"[0.30809303483628614, 0.2790465174181432, 0.19190696516371392, 0.22095348258185693]","[0.3, 0.275, 0.19999999999999996, 0.22499999999999995]","{""candidates"": 0, ""reasons"": [], ""state"": ""no_forecast_record"", ""zero_basis"": null}","{""candidates"": 0, ""reasons"": [], ""state"": ""no_forecast_record"", ""zero_basis"": null}",False,False,False,0,0,upstream_goal_with_paid_return_reserve,upstream_goal_with_paid_return_reserve,,
dev_CELL_S_b160_n92801__vs__dev_CELL_B_b160_n92801,119,instance_0001,0.00809303483628615,True,0.08093034836286139,"[0.30809303483628614, 0.2790465174181432, 0.19190696516371392, 0.22095348258185693]","[0.3, 0.275, 0.19999999999999996, 0.22499999999999995]","{""candidates"": 0, ""reasons"": [], ""state"": ""no_forecast_record"", ""zero_basis"": null}","{""candidates"": 0, ""reasons"": [], ""state"": ""no_forecast_record"", ""zero_basis"": null}",False,False,False,0,0,upstream_goal_with_paid_return_reserve,upstream_goal_with_paid_return_reserve,,
dev_CELL_S_b160_n92801__vs__dev_CELL_B_b160_n92801,120,instance_0001,0.00809303483628615,True,0.08093034836286139,"[0.30809303483628614, 0.2790465174181432, 0.19190696516371392, 0.22095348258185693]","[0.3, 0.275, 0.19999999999999996, 0.22499999999999995]","{""candidates"": 0, ""reasons"": [], ""state"": ""no_forecast_record"", ""zero_basis"": null}","{""candidates"": 0, ""reasons"": [], ""state"": ""no_forecast_record"", ""zero_basis"": null}",False,False,False,0,0,upstream_goal_with_paid_return_reserve,upstream_goal_with_paid_return_reserve,,
dev_CELL_S_b160_n92801__vs__dev_CELL_B_b160_n92801,121,instance_0001,0.00809303483628615,True,0.08093034836286139,"[0.30809303483628614, 0.2790465174181432, 0.19190696516371392, 0.22095348258185693]","[0.3, 0.275, 0.19999999999999996, 0.22499999999999995]","{""candidates"": 0, ""reasons"": [], ""state"": ""no_forecast_record"", ""zero_basis"": null}","{""candidates"": 0, ""reasons"": [], ""state"": ""no_forecast_record"", ""zero_basis"": null}",False,False,False,0,0,upstream_goal_with_paid_return_reserve,upstream_goal_with_paid_return_reserve,,
dev_CELL_S_b160_n92801__vs__dev_CELL_B_b160_n92801,122,instance_0001,0.00809303483628615,True,0.08093034836286139,"[0.30809303483628614, 0.2790465174181432, 0.19190696516371392, 0.22095348258185693]","[0.3, 0.275, 0.19999999999999996, 0.22499999999999995]","{""candidates"": 0, ""reasons"": [], ""state"": ""no_forecast_record"", ""zero_basis"": null}","{""candidates"": 0, ""reasons"": [], ""state"": ""no_forecast_record"", ""zero_basis"": null}",False,False,False,0,0,upstream_goal_with_paid_return_reserve,upstream_goal_with_paid_return_reserve,,
dev_CELL_S_b160_n92801__vs__dev_CELL_B_b160_n92801,123,instance_0001,0.00809303483628615,True,0.08093034836286139,"[0.30809303483628614, 0.2790465174181432, 0.19190696516371392, 0.22095348258185693]","[0.3, 0.275, 0.19999999999999996, 0.22499999999999995]","{""candidates"": 0, ""reasons"": [], ""state"": ""no_forecast_record"", ""zero_basis"": null}","{""candidates"": 0, ""reasons"": [], ""state"": ""no_forecast_record"", ""zero_basis"": null}",False,False,False,0,0,upstream_goal_with_paid_return_reserve,upstream_goal_with_paid_return_reserve,,
dev_CELL_S_b160_n92801__vs__dev_CELL_B_b160_n92801,124,instance_0001,0.00809303483628615,True,0.08093034836286139,"[0.30809303483628614, 0.2790465174181432, 0.19190696516371392, 0.22095348258185693]","[0.3, 0.275, 0.19999999999999996, 0.22499999999999995]","{""candidates"": 0, ""reasons"": [], ""state"": ""no_forecast_record"", ""zero_basis"": null}","{""candidates"": 0, ""reasons"": [], ""state"": ""no_forecast_record"", ""zero_basis"": null}",False,False,False,0,0,upstream_goal_with_paid_return_reserve,upstream_goal_with_paid_return_reserve,,
dev_CELL_S_b160_n92801__vs__dev_CELL_B_b160_n92801,125,instance_0001,0.00809303483628615,True,0.08093034836286139,"[0.30809303483628614, 0.2790465174181432, 0.19190696516371392, 0.22095348258185693]","[0.3, 0.275, 0.19999999999999996, 0.22499999999999995]","{""candidates"": 0, ""reasons"": [], ""state"": ""no_forecast_record"", ""zero_basis"": null}","{""candidates"": 0, ""reasons"": [], ""state"": ""no_forecast_record"", ""zero_basis"": null}",False,False,False,0,0,upstream_goal_with_paid_return_reserve,upstream_goal_with_paid_return_reserve,,
dev_CELL_S_b160_n92801__vs__dev_CELL_B_b160_n92801,126,instance_0001,0.00809303483628615,True,0.08093034836286139,"[0.30809303483628614, 0.2790465174181432, 0.19190696516371392, 0.22095348258185693]","[0.3, 0.275, 0.19999999999999996, 0.22499999999999995]","{""candidates"": 0, ""reasons"": [], ""state"": ""no_forecast_record"", ""zero_basis"": null}","{""candidates"": 0, ""reasons"": [], ""state"": ""no_forecast_record"", ""zero_basis"": null}",False,False,False,0,0,upstream_goal_with_paid_return_reserve,upstream_goal_with_paid_return_reserve,,
dev_CELL_S_b160_n92801__vs__dev_CELL_B_b160_n92801,127,instance_0001,0.00809303483628615,True,0.08093034836286139,"[0.30809303483628614, 0.2790465174181432, 0.19190696516371392, 0.22095348258185693]","[0.3, 0.275, 0.19999999999999996, 0.22499999999999995]","{""candidates"": 0, ""reasons"": [], ""state"": ""no_forecast_record"", ""zero_basis"": null}","{""candidates"": 0, ""reasons"": [], ""state"": ""no_forecast_record"", ""zero_basis"": null}",False,False,False,0,0,upstream_goal_with_paid_return_reserve,upstream_goal_with_paid_return_reserve,,
dev_CELL_S_b160_n92801__vs__dev_CELL_B_b160_n92801,128,instance_0001,0.00809303483628615,True,0.08093034836286139,"[0.30809303483628614, 0.2790465174181432, 0.19190696516371392, 0.22095348258185693]","[0.3, 0.275, 0.19999999999999996, 0.22499999999999995]","{""candidates"": 0, ""reasons"": [], ""state"": ""no_forecast_record"", ""zero_basis"": null}","{""candidates"": 0, ""reasons"": [], ""state"": ""no_forecast_record"", ""zero_basis"": null}",False,False,False,0,0,upstream_goal_with_paid_return_reserve,upstream_goal_with_paid_return_reserve,,
dev_CELL_S_b160_n92801__vs__dev_CELL_B_b160_n92801,129,instance_0001,0.00809303483628615,True,0.08093034836286139,"[0.30809303483628614, 0.2790465174181432, 0.19190696516371392, 0.22095348258185693]","[0.3, 0.275, 0.19999999999999996, 0.22499999999999995]","{""candidates"": 0, ""reasons"": [], ""state"": ""no_forecast_record"", ""zero_basis"": null}","{""candidates"": 0, ""reasons"": [], ""state"": ""no_forecast_record"", ""zero_basis"": null}",False,False,False,0,0,upstream_goal_with_paid_return_reserve,upstream_goal_with_paid_return_reserve,,
dev_CELL_S_b160_n92801__vs__dev_CELL_B_b160_n92801,130,instance_0001,0.00809303483628615,True,0.08093034836286139,"[0.30809303483628614, 0.2790465174181432, 0.19190696516371392, 0.22095348258185693]","[0.3, 0.275, 0.19999999999999996, 0.22499999999999995]","{""candidates"": 0, ""reasons"": [], ""state"": ""no_forecast_record"", ""zero_basis"": null}","{""candidates"": 0, ""reasons"": [], ""state"": ""no_forecast_record"", ""zero_basis"": null}",False,False,False,0,0,upstream_goal_with_paid_return_reserve,upstream_goal_with_paid_return_reserve,,
dev_CELL_S_b160_n92801__vs__dev_CELL_B_b160_n92801,131,instance_0001,0.00809303483628615,True,0.08093034836286139,"[0.30809303483628614, 0.2790465174181432, 0.19190696516371392, 0.22095348258185693]","[0.3, 0.275, 0.19999999999999996, 0.22499999999999995]","{""candidates"": 8, ""positive"": 0, ""reasons"": [""no_reliable_observed_label_plane""], ""repeated"": 0, ""state"": ""all_structure_gains_zero"", ""zero_basis"": true}","{""candidates"": 8, ""positive"": 0, ""reasons"": [""no_reliable_observed_label_plane""], ""repeated"": 0, ""state"": ""all_structure_gains_zero"", ""zero_basis"": true}",True,True,True,12,12,upstream_goal_with_paid_return_reserve,upstream_goal_with_paid_return_reserve,29,29
dev_CELL_S_b160_n92801__vs__dev_CELL_B_b160_n92801,132,instance_0001,0.00809303483628615,True,0.08093034836286139,"[0.30809303483628614, 0.2790465174181432, 0.19190696516371392, 0.22095348258185693]","[0.3, 0.275, 0.19999999999999996, 0.22499999999999995]","{""candidates"": 0, ""reasons"": [], ""state"": ""no_forecast_record"", ""zero_basis"": null}","{""candidates"": 0, ""reasons"": [], ""state"": ""no_forecast_record"", ""zero_basis"": null}",False,False,False,0,0,upstream_goal_with_paid_return_reserve,upstream_goal_with_paid_return_reserve,,
dev_CELL_S_b160_n92801__vs__dev_CELL_B_b160_n92801,133,instance_0001,0.00809303483628615,True,0.08093034836286139,"[0.30809303483628614, 0.2790465174181432, 0.19190696516371392, 0.22095348258185693]","[0.3, 0.275, 0.19999999999999996, 0.22499999999999995]","{""candidates"": 0, ""reasons"": [], ""state"": ""no_forecast_record"", ""zero_basis"": null}","{""candidates"": 0, ""reasons"": [], ""state"": ""no_forecast_record"", ""zero_basis"": null}",False,False,False,0,0,upstream_goal_with_paid_return_reserve,upstream_goal_with_paid_return_reserve,,
dev_CELL_S_b160_n92801__vs__dev_CELL_B_b160_n92801,134,instance_0001,0.00809303483628615,True,0.08093034836286139,"[0.30809303483628614, 0.2790465174181432, 0.19190696516371392, 0.22095348258185693]","[0.3, 0.275, 0.19999999999999996, 0.22499999999999995]","{""candidates"": 0, ""reasons"": [], ""state"": ""no_forecast_record"", ""zero_basis"": null}","{""candidates"": 0, ""reasons"": [], ""state"": ""no_forecast_record"", ""zero_basis"": null}",False,False,False,0,0,upstream_goal_with_paid_return_reserve,upstream_goal_with_paid_return_reserve,,
dev_CELL_S_b160_n92801__vs__dev_CELL_B_b160_n92801,135,instance_0001,0.00809303483628615,True,0.08093034836286139,"[0.30809303483628614, 0.2790465174181432, 0.19190696516371392, 0.22095348258185693]","[0.3, 0.275, 0.19999999999999996, 0.22499999999999995]","{""candidates"": 0, ""reasons"": [], ""state"": ""no_forecast_record"", ""zero_basis"": null}","{""candidates"": 0, ""reasons"": [], ""state"": ""no_forecast_record"", ""zero_basis"": null}",False,False,False,0,0,upstream_goal_with_paid_return_reserve,upstream_goal_with_paid_return_reserve,,
dev_CELL_S_b160_n92801__vs__dev_CELL_B_b160_n92801,136,instance_0001,0.00809303483628615,True,0.08093034836286139,"[0.30809303483628614, 0.2790465174181432, 0.19190696516371392, 0.22095348258185693]","[0.3, 0.275, 0.19999999999999996, 0.22499999999999995]","{""candidates"": 8, ""positive"": 0, ""reasons"": [""no_reliable_observed_label_plane""], ""repeated"": 0, ""state"": ""all_structure_gains_zero"", ""zero_basis"": true}","{""candidates"": 8, ""positive"": 0, ""reasons"": [""no_reliable_observed_label_plane""], ""repeated"": 0, ""state"": ""all_structure_gains_zero"", ""zero_basis"": true}",True,True,True,3,3,return,return,24,24
dev_CELL_S_b160_n92801__vs__dev_CELL_B_b160_n92801,137,instance_0001,0.00809303483628615,True,0.08093034836286139,"[0.30809303483628614, 0.2790465174181432, 0.19190696516371392, 0.22095348258185693]","[0.3, 0.275, 0.19999999999999996, 0.22499999999999995]","{""candidates"": 8, ""positive"": 0, ""reasons"": [""no_reliable_observed_label_plane""], ""repeated"": 0, ""state"": ""all_structure_gains_zero"", ""zero_basis"": true}","{""candidates"": 8, ""positive"": 0, ""reasons"": [""no_reliable_observed_label_plane""], ""repeated"": 0, ""state"": ""all_structure_gains_zero"", ""zero_basis"": true}",True,True,True,4,4,return,return,23,23
dev_CELL_S_b160_n92801__vs__dev_CELL_B_b160_n92801,138,instance_0001,0.00809303483628615,True,0.08093034836286139,"[0.30809303483628614, 0.2790465174181432, 0.19190696516371392, 0.22095348258185693]","[0.3, 0.275, 0.19999999999999996, 0.22499999999999995]","{""candidates"": 8, ""positive"": 0, ""reasons"": [""no_reliable_observed_label_plane""], ""repeated"": 0, ""state"": ""all_structure_gains_zero"", ""zero_basis"": true}","{""candidates"": 8, ""positive"": 0, ""reasons"": [""no_reliable_observed_label_plane""], ""repeated"": 0, ""state"": ""all_structure_gains_zero"", ""zero_basis"": true}",True,True,True,4,4,return,return,22,22
dev_CELL_S_b160_n92801__vs__dev_CELL_B_b160_n92801,139,instance_0001,0.00809303483628615,True,0.08093034836286139,"[0.30809303483628614, 0.2790465174181432, 0.19190696516371392, 0.22095348258185693]","[0.3, 0.275, 0.19999999999999996, 0.22499999999999995]","{""candidates"": 8, ""positive"": 0, ""reasons"": [""no_reliable_observed_label_plane""], ""repeated"": 0, ""state"": ""all_structure_gains_zero"", ""zero_basis"": true}","{""candidates"": 8, ""positive"": 0, ""reasons"": [""no_reliable_observed_label_plane""], ""repeated"": 0, ""state"": ""all_structure_gains_zero"", ""zero_basis"": true}",True,True,True,6,6,return,return,21,21
dev_CELL_S_b160_n92801__vs__dev_CELL_B_b160_n92801,140,instance_0001,0.00809303483628615,True,0.08093034836286139,"[0.30809303483628614, 0.2790465174181432, 0.19190696516371392, 0.22095348258185693]","[0.3, 0.275, 0.19999999999999996, 0.22499999999999995]","{""candidates"": 8, ""positive"": 0, ""reasons"": [""no_reliable_observed_label_plane""], ""repeated"": 0, ""state"": ""all_structure_gains_zero"", ""zero_basis"": true}","{""candidates"": 8, ""positive"": 0, ""reasons"": [""no_reliable_observed_label_plane""], ""repeated"": 0, ""state"": ""all_structure_gains_zero"", ""zero_basis"": true}",True,True,True,6,6,return,return,20,20
dev_CELL_S_b160_n92801__vs__dev_CELL_B_b160_n92801,141,instance_0001,0.00809303483628615,True,0.08093034836286139,"[0.30809303483628614, 0.2790465174181432, 0.19190696516371392, 0.22095348258185693]","[0.3, 0.275, 0.19999999999999996, 0.22499999999999995]","{""candidates"": 8, ""positive"": 0, ""reasons"": [""no_reliable_observed_label_plane""], ""repeated"": 0, ""state"": ""all_structure_gains_zero"", ""zero_basis"": true}","{""candidates"": 8, ""positive"": 0, ""reasons"": [""no_reliable_observed_label_plane""], ""repeated"": 0, ""state"": ""all_structure_gains_zero"", ""zero_basis"": true}",True,True,True,6,6,return,return,19,19
dev_CELL_S_b160_n92801__vs__dev_CELL_B_b160_n92801,142,instance_0001,0.00809303483628615,True,0.08093034836286139,"[0.30809303483628614, 0.2790465174181432, 0.19190696516371392, 0.22095348258185693]","[0.3, 0.275, 0.19999999999999996, 0.22499999999999995]","{""candidates"": 8, ""positive"": 0, ""reasons"": [""no_reliable_observed_label_plane""], ""repeated"": 0, ""state"": ""all_structure_gains_zero"", ""zero_basis"": true}","{""candidates"": 8, ""positive"": 0, ""reasons"": [""no_reliable_observed_label_plane""], ""repeated"": 0, ""state"": ""all_structure_gains_zero"", ""zero_basis"": true}",True,True,True,6,6,return,return,18,18
dev_CELL_S_b160_n92801__vs__dev_CELL_B_b160_n92801,143,instance_0001,0.00809303483628615,True,0.08093034836286139,"[0.30809303483628614, 0.2790465174181432, 0.19190696516371392, 0.22095348258185693]","[0.3, 0.275, 0.19999999999999996, 0.22499999999999995]","{""candidates"": 8, ""positive"": 0, ""reasons"": [""no_reliable_observed_label_plane""], ""repeated"": 0, ""state"": ""all_structure_gains_zero"", ""zero_basis"": true}","{""candidates"": 8, ""positive"": 0, ""reasons"": [""no_reliable_observed_label_plane""], ""repeated"": 0, ""state"": ""all_structure_gains_zero"", ""zero_basis"": true}",True,True,True,6,6,return,return,17,17
dev_CELL_S_b160_n92801__vs__dev_CELL_B_b160_n92801,144,instance_0001,0.00809303483628615,True,0.08093034836286139,"[0.30809303483628614, 0.2790465174181432, 0.19190696516371392, 0.22095348258185693]","[0.3, 0.275, 0.19999999999999996, 0.22499999999999995]","{""candidates"": 8, ""positive"": 0, ""reasons"": [""no_reliable_observed_label_plane""], ""repeated"": 0, ""state"": ""all_structure_gains_zero"", ""zero_basis"": true}","{""candidates"": 8, ""positive"": 0, ""reasons"": [""no_reliable_observed_label_plane""], ""repeated"": 0, ""state"": ""all_structure_gains_zero"", ""zero_basis"": true}",True,True,True,5,5,return,return,16,16
dev_CELL_S_b160_n92801__vs__dev_CELL_B_b160_n92801,145,instance_0001,0.00809303483628615,True,0.08093034836286139,"[0.30809303483628614, 0.2790465174181432, 0.19190696516371392, 0.22095348258185693]","[0.3, 0.275, 0.19999999999999996, 0.22499999999999995]","{""candidates"": 8, ""positive"": 0, ""reasons"": [""no_reliable_observed_label_plane""], ""repeated"": 0, ""state"": ""all_structure_gains_zero"", ""zero_basis"": true}","{""candidates"": 8, ""positive"": 0, ""reasons"": [""no_reliable_observed_label_plane""], ""repeated"": 0, ""state"": ""all_structure_gains_zero"", ""zero_basis"": true}",True,True,True,5,5,return,return,15,15
dev_CELL_S_b160_n92801__vs__dev_CELL_B_b160_n92801,146,instance_0001,0.00809303483628615,True,0.08093034836286139,"[0.30809303483628614, 0.2790465174181432, 0.19190696516371392, 0.22095348258185693]","[0.3, 0.275, 0.19999999999999996, 0.22499999999999995]","{""candidates"": 8, ""positive"": 0, ""reasons"": [""no_reliable_observed_label_plane""], ""repeated"": 0, ""state"": ""all_structure_gains_zero"", ""zero_basis"": true}","{""candidates"": 8, ""positive"": 0, ""reasons"": [""no_reliable_observed_label_plane""], ""repeated"": 0, ""state"": ""all_structure_gains_zero"", ""zero_basis"": true}",True,True,True,5,5,return,return,14,14
dev_CELL_S_b160_n92801__vs__dev_CELL_B_b160_n92801,147,instance_0001,0.00809303483628615,True,0.08093034836286139,"[0.30809303483628614, 0.2790465174181432, 0.19190696516371392, 0.22095348258185693]","[0.3, 0.275, 0.19999999999999996, 0.22499999999999995]","{""candidates"": 8, ""positive"": 0, ""reasons"": [""no_reliable_observed_label_plane""], ""repeated"": 0, ""state"": ""all_structure_gains_zero"", ""zero_basis"": true}","{""candidates"": 8, ""positive"": 0, ""reasons"": [""no_reliable_observed_label_plane""], ""repeated"": 0, ""state"": ""all_structure_gains_zero"", ""zero_basis"": true}",True,True,True,5,5,return,return,13,13
dev_CELL_S_b160_n92801__vs__dev_CELL_B_b160_n92801,148,instance_0001,0.00809303483628615,True,0.08093034836286139,"[0.30809303483628614, 0.2790465174181432, 0.19190696516371392, 0.22095348258185693]","[0.3, 0.275, 0.19999999999999996, 0.22499999999999995]","{""candidates"": 8, ""positive"": 0, ""reasons"": [""no_reliable_observed_label_plane""], ""repeated"": 0, ""state"": ""all_structure_gains_zero"", ""zero_basis"": true}","{""candidates"": 8, ""positive"": 0, ""reasons"": [""no_reliable_observed_label_plane""], ""repeated"": 0, ""state"": ""all_structure_gains_zero"", ""zero_basis"": true}",True,True,True,4,4,return,return,12,12
dev_CELL_S_b160_n92801__vs__dev_CELL_B_b160_n92801,149,instance_0001,0.00809303483628615,True,0.08093034836286139,"[0.30809303483628614, 0.2790465174181432, 0.19190696516371392, 0.22095348258185693]","[0.3, 0.275, 0.19999999999999996, 0.22499999999999995]","{""candidates"": 8, ""positive"": 0, ""reasons"": [""no_reliable_observed_label_plane""], ""repeated"": 0, ""state"": ""all_structure_gains_zero"", ""zero_basis"": true}","{""candidates"": 8, ""positive"": 0, ""reasons"": [""no_reliable_observed_label_plane""], ""repeated"": 0, ""state"": ""all_structure_gains_zero"", ""zero_basis"": true}",True,True,True,4,4,return,return,11,11
dev_CELL_S_b160_n92801__vs__dev_CELL_B_b160_n92801,150,instance_0001,0.00809303483628615,True,0.08093034836286139,"[0.30809303483628614, 0.2790465174181432, 0.19190696516371392, 0.22095348258185693]","[0.3, 0.275, 0.19999999999999996, 0.22499999999999995]","{""candidates"": 8, ""positive"": 0, ""reasons"": [""no_reliable_observed_label_plane""], ""repeated"": 0, ""state"": ""all_structure_gains_zero"", ""zero_basis"": true}","{""candidates"": 8, ""positive"": 0, ""reasons"": [""no_reliable_observed_label_plane""], ""repeated"": 0, ""state"": ""all_structure_gains_zero"", ""zero_basis"": true}",True,True,True,4,4,return,return,10,10
dev_CELL_S_b160_n92801__vs__dev_CELL_B_b160_n92801,151,instance_0001,0.00809303483628615,True,0.08093034836286139,"[0.30809303483628614, 0.2790465174181432, 0.19190696516371392, 0.22095348258185693]","[0.3, 0.275, 0.19999999999999996, 0.22499999999999995]","{""candidates"": 8, ""positive"": 0, ""reasons"": [""no_reliable_observed_label_plane""], ""repeated"": 0, ""state"": ""all_structure_gains_zero"", ""zero_basis"": true}","{""candidates"": 8, ""positive"": 0, ""reasons"": [""no_reliable_observed_label_plane""], ""repeated"": 0, ""state"": ""all_structure_gains_zero"", ""zero_basis"": true}",True,True,True,4,4,return,return,9,9
dev_CELL_S_b160_n92801__vs__dev_CELL_B_b160_n92801,152,instance_0001,0.00809303483628615,True,0.08093034836286139,"[0.30809303483628614, 0.2790465174181432, 0.19190696516371392, 0.22095348258185693]","[0.3, 0.275, 0.19999999999999996, 0.22499999999999995]","{""candidates"": 8, ""positive"": 0, ""reasons"": [""no_reliable_observed_label_plane""], ""repeated"": 0, ""state"": ""all_structure_gains_zero"", ""zero_basis"": true}","{""candidates"": 8, ""positive"": 0, ""reasons"": [""no_reliable_observed_label_plane""], ""repeated"": 0, ""state"": ""all_structure_gains_zero"", ""zero_basis"": true}",True,True,True,4,4,return,return,8,8
dev_CELL_S_b160_n92801__vs__dev_CELL_B_b160_n92801,153,instance_0001,0.00809303483628615,True,0.08093034836286139,"[0.30809303483628614, 0.2790465174181432, 0.19190696516371392, 0.22095348258185693]","[0.3, 0.275, 0.19999999999999996, 0.22499999999999995]","{""candidates"": 8, ""positive"": 0, ""reasons"": [""no_reliable_observed_label_plane""], ""repeated"": 0, ""state"": ""all_structure_gains_zero"", ""zero_basis"": true}","{""candidates"": 8, ""positive"": 0, ""reasons"": [""no_reliable_observed_label_plane""], ""repeated"": 0, ""state"": ""all_structure_gains_zero"", ""zero_basis"": true}",True,True,True,3,3,return,return,7,7
dev_CELL_S_b160_n92801__vs__dev_CELL_B_b160_n92801,154,instance_0001,0.00809303483628615,True,0.08093034836286139,"[0.30809303483628614, 0.2790465174181432, 0.19190696516371392, 0.22095348258185693]","[0.3, 0.275, 0.19999999999999996, 0.22499999999999995]","{""candidates"": 8, ""positive"": 0, ""reasons"": [""no_reliable_observed_label_plane""], ""repeated"": 0, ""state"": ""all_structure_gains_zero"", ""zero_basis"": true}","{""candidates"": 8, ""positive"": 0, ""reasons"": [""no_reliable_observed_label_plane""], ""repeated"": 0, ""state"": ""all_structure_gains_zero"", ""zero_basis"": true}",True,True,True,3,3,return,return,6,6
dev_CELL_S_b160_n92801__vs__dev_CELL_B_b160_n92801,155,instance_0001,0.00809303483628615,True,0.08093034836286139,"[0.30809303483628614, 0.2790465174181432, 0.19190696516371392, 0.22095348258185693]","[0.3, 0.275, 0.19999999999999996, 0.22499999999999995]","{""candidates"": 8, ""positive"": 0, ""reasons"": [""no_reliable_observed_label_plane""], ""repeated"": 0, ""state"": ""all_structure_gains_zero"", ""zero_basis"": true}","{""candidates"": 8, ""positive"": 0, ""reasons"": [""no_reliable_observed_label_plane""], ""repeated"": 0, ""state"": ""all_structure_gains_zero"", ""zero_basis"": true}",True,True,True,2,2,return,return,5,5
dev_CELL_S_b160_n92801__vs__dev_CELL_B_b160_n92801,156,instance_0001,0.008213593013834175,True,0.08213593013834186,"[0.30821359301383416, 0.2791067965069171, 0.1917864069861658, 0.22089320349308286]","[0.3, 0.275, 0.19999999999999996, 0.22499999999999995]","{""candidates"": 8, ""positive"": 0, ""reasons"": [""no_reliable_observed_label_plane""], ""repeated"": 0, ""state"": ""all_structure_gains_zero"", ""zero_basis"": true}","{""candidates"": 8, ""positive"": 0, ""reasons"": [""no_reliable_observed_label_plane""], ""repeated"": 0, ""state"": ""all_structure_gains_zero"", ""zero_basis"": true}",True,True,True,1,1,return,return,4,4
dev_CELL_S_b160_n92801__vs__dev_CELL_NBV_b160_n92801,1,instance_0000,0.050000000000000044,True,,"[0.3, 0.275, 0.19999999999999996, 0.22499999999999995]","[0.25, 0.25, 0.25, 0.25]","{""candidates"": 0, ""reasons"": [], ""state"": ""no_forecast_record"", ""zero_basis"": null}","{""candidates"": 0, ""reasons"": [], ""state"": ""no_forecast_record"", ""zero_basis"": null}",False,False,False,0,0,upstream_goal_with_paid_return_reserve,upstream_goal_with_paid_return_reserve,,
dev_CELL_S_b160_n92801__vs__dev_CELL_NBV_b160_n92801,2,instance_0000,0.050000000000000044,True,,"[0.3, 0.275, 0.19999999999999996, 0.22499999999999995]","[0.25, 0.25, 0.25, 0.25]","{""candidates"": 0, ""reasons"": [], ""state"": ""no_forecast_record"", ""zero_basis"": null}","{""candidates"": 0, ""reasons"": [], ""state"": ""no_forecast_record"", ""zero_basis"": null}",False,False,False,0,0,upstream_goal_with_paid_return_reserve,upstream_goal_with_paid_return_reserve,,
dev_CELL_S_b160_n92801__vs__dev_CELL_NBV_b160_n92801,3,instance_0000,0.050000000000000044,True,,"[0.3, 0.275, 0.19999999999999996, 0.22499999999999995]","[0.25, 0.25, 0.25, 0.25]","{""candidates"": 0, ""reasons"": [], ""state"": ""no_forecast_record"", ""zero_basis"": null}","{""candidates"": 0, ""reasons"": [], ""state"": ""no_forecast_record"", ""zero_basis"": null}",False,False,False,0,0,upstream_goal_with_paid_return_reserve,upstream_goal_with_paid_return_reserve,,
dev_CELL_S_b160_n92801__vs__dev_CELL_NBV_b160_n92801,4,instance_0000,0.050000000000000044,True,,"[0.3, 0.275, 0.19999999999999996, 0.22499999999999995]","[0.25, 0.25, 0.25, 0.25]","{""candidates"": 0, ""reasons"": [], ""state"": ""no_forecast_record"", ""zero_basis"": null}","{""candidates"": 0, ""reasons"": [], ""state"": ""no_forecast_record"", ""zero_basis"": null}",False,False,False,0,0,upstream_goal_with_paid_return_reserve,upstream_goal_with_paid_return_reserve,,
dev_CELL_S_b160_n92801__vs__dev_CELL_NBV_b160_n92801,5,instance_0000,0.050000000000000044,True,,"[0.3, 0.275, 0.19999999999999996, 0.22499999999999995]","[0.25, 0.25, 0.25, 0.25]","{""candidates"": 0, ""reasons"": [], ""state"": ""no_forecast_record"", ""zero_basis"": null}","{""candidates"": 0, ""reasons"": [], ""state"": ""no_forecast_record"", ""zero_basis"": null}",False,False,False,0,0,upstream_goal_with_paid_return_reserve,upstream_goal_with_paid_return_reserve,,
dev_CELL_S_b160_n92801__vs__dev_CELL_NBV_b160_n92801,6,instance_0000,0.050000000000000044,True,,"[0.3, 0.275, 0.19999999999999996, 0.22499999999999995]","[0.25, 0.25, 0.25, 0.25]","{""candidates"": 0, ""reasons"": [], ""state"": ""no_forecast_record"", ""zero_basis"": null}","{""candidates"": 0, ""reasons"": [], ""state"": ""no_forecast_record"", ""zero_basis"": null}",False,False,False,0,0,upstream_goal_with_paid_return_reserve,upstream_goal_with_paid_return_reserve,,
dev_CELL_S_b160_n92801__vs__dev_CELL_NBV_b160_n92801,7,instance_0000,0.050000000000000044,True,,"[0.3, 0.275, 0.19999999999999996, 0.22499999999999995]","[0.25, 0.25, 0.25, 0.25]","{""candidates"": 0, ""reasons"": [], ""state"": ""no_forecast_record"", ""zero_basis"": null}","{""candidates"": 0, ""reasons"": [], ""state"": ""no_forecast_record"", ""zero_basis"": null}",False,False,False,0,0,upstream_goal_with_paid_return_reserve,upstream_goal_with_paid_return_reserve,,
dev_CELL_S_b160_n92801__vs__dev_CELL_NBV_b160_n92801,8,instance_0000,0.050000000000000044,True,,"[0.3, 0.275, 0.19999999999999996, 0.22499999999999995]","[0.25, 0.25, 0.25, 0.25]","{""candidates"": 0, ""reasons"": [], ""state"": ""no_forecast_record"", ""zero_basis"": null}","{""candidates"": 0, ""reasons"": [], ""state"": ""no_forecast_record"", ""zero_basis"": null}",False,False,False,0,0,upstream_goal_with_paid_return_reserve,upstream_goal_with_paid_return_reserve,,
dev_CELL_S_b160_n92801__vs__dev_CELL_NBV_b160_n92801,9,instance_0000,0.050000000000000044,True,,"[0.3, 0.275, 0.19999999999999996, 0.22499999999999995]","[0.25, 0.25, 0.25, 0.25]","{""candidates"": 0, ""reasons"": [], ""state"": ""no_forecast_record"", ""zero_basis"": null}","{""candidates"": 0, ""reasons"": [], ""state"": ""no_forecast_record"", ""zero_basis"": null}",False,False,False,0,0,upstream_goal_with_paid_return_reserve,upstream_goal_with_paid_return_reserve,,
dev_CELL_S_b160_n92801__vs__dev_CELL_NBV_b160_n92801,10,instance_0000,0.050000000000000044,True,,"[0.3, 0.275, 0.19999999999999996, 0.22499999999999995]","[0.25, 0.25, 0.25, 0.25]","{""candidates"": 0, ""reasons"": [], ""state"": ""no_forecast_record"", ""zero_basis"": null}","{""candidates"": 0, ""reasons"": [], ""state"": ""no_forecast_record"", ""zero_basis"": null}",False,False,False,0,0,upstream_goal_with_paid_return_reserve,upstream_goal_with_paid_return_reserve,,
dev_CELL_S_b160_n92801__vs__dev_CELL_NBV_b160_n92801,11,instance_0000,0.050000000000000044,True,,"[0.3, 0.275, 0.19999999999999996, 0.22499999999999995]","[0.25, 0.25, 0.25, 0.25]","{""candidates"": 0, ""reasons"": [], ""state"": ""no_forecast_record"", ""zero_basis"": null}","{""candidates"": 0, ""reasons"": [], ""state"": ""no_forecast_record"", ""zero_basis"": null}",False,False,False,0,0,upstream_goal_with_paid_return_reserve,upstream_goal_with_paid_return_reserve,,
dev_CELL_S_b160_n92801__vs__dev_CELL_NBV_b160_n92801,12,instance_0000,0.050000000000000044,True,,"[0.3, 0.275, 0.19999999999999996, 0.22499999999999995]","[0.25, 0.25, 0.25, 0.25]","{""candidates"": 0, ""reasons"": [], ""state"": ""no_forecast_record"", ""zero_basis"": null}","{""candidates"": 0, ""reasons"": [], ""state"": ""no_forecast_record"", ""zero_basis"": null}",False,False,False,0,0,upstream_goal_with_paid_return_reserve,upstream_goal_with_paid_return_reserve,,
dev_CELL_S_b160_n92801__vs__dev_CELL_NBV_b160_n92801,13,instance_0000,0.050000000000000044,True,,"[0.3, 0.275, 0.19999999999999996, 0.22499999999999995]","[0.25, 0.25, 0.25, 0.25]","{""candidates"": 0, ""reasons"": [], ""state"": ""no_forecast_record"", ""zero_basis"": null}","{""candidates"": 0, ""reasons"": [], ""state"": ""no_forecast_record"", ""zero_basis"": null}",False,False,False,0,0,upstream_goal_with_paid_return_reserve,upstream_goal_with_paid_return_reserve,,
dev_CELL_S_b160_n92801__vs__dev_CELL_NBV_b160_n92801,14,instance_0000,0.050000000000000044,True,,"[0.3, 0.275, 0.19999999999999996, 0.22499999999999995]","[0.25, 0.25, 0.25, 0.25]","{""candidates"": 0, ""reasons"": [], ""state"": ""no_forecast_record"", ""zero_basis"": null}","{""candidates"": 0, ""reasons"": [], ""state"": ""no_forecast_record"", ""zero_basis"": null}",False,False,False,0,0,upstream_goal_with_paid_return_reserve,upstream_goal_with_paid_return_reserve,,
dev_CELL_S_b160_n92801__vs__dev_CELL_NBV_b160_n92801,15,instance_0000,0.050000000000000044,True,,"[0.3, 0.275, 0.19999999999999996, 0.22499999999999995]","[0.25, 0.25, 0.25, 0.25]","{""candidates"": 0, ""reasons"": [], ""state"": ""no_forecast_record"", ""zero_basis"": null}","{""candidates"": 0, ""reasons"": [], ""state"": ""no_forecast_record"", ""zero_basis"": null}",False,False,False,0,0,upstream_goal_with_paid_return_reserve,upstream_goal_with_paid_return_reserve,,
dev_CELL_S_b160_n92801__vs__dev_CELL_NBV_b160_n92801,16,instance_0000,0.050000000000000044,True,,"[0.3, 0.275, 0.19999999999999996, 0.22499999999999995]","[0.25, 0.25, 0.25, 0.25]","{""candidates"": 0, ""reasons"": [], ""state"": ""no_forecast_record"", ""zero_basis"": null}","{""candidates"": 0, ""reasons"": [], ""state"": ""no_forecast_record"", ""zero_basis"": null}",False,False,False,0,0,upstream_goal_with_paid_return_reserve,upstream_goal_with_paid_return_reserve,,
dev_CELL_S_b160_n92801__vs__dev_CELL_NBV_b160_n92801,17,instance_0000,0.06455553022682847,True,,"[0.5401184066136986, 0.19696630480103935, 0.1812063800943661, 0.08170890849089592]","[0.4755628763868701, 0.18919056127928457, 0.23932259931005181, 0.0959239630237935]","{""candidates"": 8, ""positive"": 7, ""reasons"": [], ""repeated"": 0, ""state"": ""nonzero_structure_gain_available"", ""zero_basis"": false}","{""candidates"": 8, ""positive"": 7, ""reasons"": [], ""repeated"": 0, ""state"": ""nonzero_structure_gain_available"", ""zero_basis"": false}",False,True,True,39,32,upstream_goal_with_paid_return_reserve,upstream_goal_with_paid_return_reserve,143,143
dev_CELL_B_b160_n92801__vs__dev_CELL_NBV_b160_n92801,1,instance_0000,0.050000000000000044,True,,"[0.3, 0.275, 0.19999999999999996, 0.22499999999999995]","[0.25, 0.25, 0.25, 0.25]","{""candidates"": 0, ""reasons"": [], ""state"": ""no_forecast_record"", ""zero_basis"": null}","{""candidates"": 0, ""reasons"": [], ""state"": ""no_forecast_record"", ""zero_basis"": null}",False,False,False,0,0,upstream_goal_with_paid_return_reserve,upstream_goal_with_paid_return_reserve,,
dev_CELL_B_b160_n92801__vs__dev_CELL_NBV_b160_n92801,2,instance_0000,0.050000000000000044,True,,"[0.3, 0.275, 0.19999999999999996, 0.22499999999999995]","[0.25, 0.25, 0.25, 0.25]","{""candidates"": 0, ""reasons"": [], ""state"": ""no_forecast_record"", ""zero_basis"": null}","{""candidates"": 0, ""reasons"": [], ""state"": ""no_forecast_record"", ""zero_basis"": null}",False,False,False,0,0,upstream_goal_with_paid_return_reserve,upstream_goal_with_paid_return_reserve,,
dev_CELL_B_b160_n92801__vs__dev_CELL_NBV_b160_n92801,3,instance_0000,0.050000000000000044,True,,"[0.3, 0.275, 0.19999999999999996, 0.22499999999999995]","[0.25, 0.25, 0.25, 0.25]","{""candidates"": 0, ""reasons"": [], ""state"": ""no_forecast_record"", ""zero_basis"": null}","{""candidates"": 0, ""reasons"": [], ""state"": ""no_forecast_record"", ""zero_basis"": null}",False,False,False,0,0,upstream_goal_with_paid_return_reserve,upstream_goal_with_paid_return_reserve,,
dev_CELL_B_b160_n92801__vs__dev_CELL_NBV_b160_n92801,4,instance_0000,0.050000000000000044,True,,"[0.3, 0.275, 0.19999999999999996, 0.22499999999999995]","[0.25, 0.25, 0.25, 0.25]","{""candidates"": 0, ""reasons"": [], ""state"": ""no_forecast_record"", ""zero_basis"": null}","{""candidates"": 0, ""reasons"": [], ""state"": ""no_forecast_record"", ""zero_basis"": null}",False,False,False,0,0,upstream_goal_with_paid_return_reserve,upstream_goal_with_paid_return_reserve,,
dev_CELL_B_b160_n92801__vs__dev_CELL_NBV_b160_n92801,5,instance_0000,0.050000000000000044,True,,"[0.3, 0.275, 0.19999999999999996, 0.22499999999999995]","[0.25, 0.25, 0.25, 0.25]","{""candidates"": 0, ""reasons"": [], ""state"": ""no_forecast_record"", ""zero_basis"": null}","{""candidates"": 0, ""reasons"": [], ""state"": ""no_forecast_record"", ""zero_basis"": null}",False,False,False,0,0,upstream_goal_with_paid_return_reserve,upstream_goal_with_paid_return_reserve,,
dev_CELL_B_b160_n92801__vs__dev_CELL_NBV_b160_n92801,6,instance_0000,0.050000000000000044,True,,"[0.3, 0.275, 0.19999999999999996, 0.22499999999999995]","[0.25, 0.25, 0.25, 0.25]","{""candidates"": 0, ""reasons"": [], ""state"": ""no_forecast_record"", ""zero_basis"": null}","{""candidates"": 0, ""reasons"": [], ""state"": ""no_forecast_record"", ""zero_basis"": null}",False,False,False,0,0,upstream_goal_with_paid_return_reserve,upstream_goal_with_paid_return_reserve,,
dev_CELL_B_b160_n92801__vs__dev_CELL_NBV_b160_n92801,7,instance_0000,0.050000000000000044,True,,"[0.3, 0.275, 0.19999999999999996, 0.22499999999999995]","[0.25, 0.25, 0.25, 0.25]","{""candidates"": 0, ""reasons"": [], ""state"": ""no_forecast_record"", ""zero_basis"": null}","{""candidates"": 0, ""reasons"": [], ""state"": ""no_forecast_record"", ""zero_basis"": null}",False,False,False,0,0,upstream_goal_with_paid_return_reserve,upstream_goal_with_paid_return_reserve,,
dev_CELL_B_b160_n92801__vs__dev_CELL_NBV_b160_n92801,8,instance_0000,0.050000000000000044,True,,"[0.3, 0.275, 0.19999999999999996, 0.22499999999999995]","[0.25, 0.25, 0.25, 0.25]","{""candidates"": 0, ""reasons"": [], ""state"": ""no_forecast_record"", ""zero_basis"": null}","{""candidates"": 0, ""reasons"": [], ""state"": ""no_forecast_record"", ""zero_basis"": null}",False,False,False,0,0,upstream_goal_with_paid_return_reserve,upstream_goal_with_paid_return_reserve,,
dev_CELL_B_b160_n92801__vs__dev_CELL_NBV_b160_n92801,9,instance_0000,0.050000000000000044,True,,"[0.3, 0.275, 0.19999999999999996, 0.22499999999999995]","[0.25, 0.25, 0.25, 0.25]","{""candidates"": 0, ""reasons"": [], ""state"": ""no_forecast_record"", ""zero_basis"": null}","{""candidates"": 0, ""reasons"": [], ""state"": ""no_forecast_record"", ""zero_basis"": null}",False,False,False,0,0,upstream_goal_with_paid_return_reserve,upstream_goal_with_paid_return_reserve,,
dev_CELL_B_b160_n92801__vs__dev_CELL_NBV_b160_n92801,10,instance_0000,0.050000000000000044,True,,"[0.3, 0.275, 0.19999999999999996, 0.22499999999999995]","[0.25, 0.25, 0.25, 0.25]","{""candidates"": 0, ""reasons"": [], ""state"": ""no_forecast_record"", ""zero_basis"": null}","{""candidates"": 0, ""reasons"": [], ""state"": ""no_forecast_record"", ""zero_basis"": null}",False,False,False,0,0,upstream_goal_with_paid_return_reserve,upstream_goal_with_paid_return_reserve,,
dev_CELL_B_b160_n92801__vs__dev_CELL_NBV_b160_n92801,11,instance_0000,0.050000000000000044,True,,"[0.3, 0.275, 0.19999999999999996, 0.22499999999999995]","[0.25, 0.25, 0.25, 0.25]","{""candidates"": 0, ""reasons"": [], ""state"": ""no_forecast_record"", ""zero_basis"": null}","{""candidates"": 0, ""reasons"": [], ""state"": ""no_forecast_record"", ""zero_basis"": null}",False,False,False,0,0,upstream_goal_with_paid_return_reserve,upstream_goal_with_paid_return_reserve,,
dev_CELL_B_b160_n92801__vs__dev_CELL_NBV_b160_n92801,12,instance_0000,0.050000000000000044,True,,"[0.3, 0.275, 0.19999999999999996, 0.22499999999999995]","[0.25, 0.25, 0.25, 0.25]","{""candidates"": 0, ""reasons"": [], ""state"": ""no_forecast_record"", ""zero_basis"": null}","{""candidates"": 0, ""reasons"": [], ""state"": ""no_forecast_record"", ""zero_basis"": null}",False,False,False,0,0,upstream_goal_with_paid_return_reserve,upstream_goal_with_paid_return_reserve,,
dev_CELL_B_b160_n92801__vs__dev_CELL_NBV_b160_n92801,13,instance_0000,0.050000000000000044,True,,"[0.3, 0.275, 0.19999999999999996, 0.22499999999999995]","[0.25, 0.25, 0.25, 0.25]","{""candidates"": 0, ""reasons"": [], ""state"": ""no_forecast_record"", ""zero_basis"": null}","{""candidates"": 0, ""reasons"": [], ""state"": ""no_forecast_record"", ""zero_basis"": null}",False,False,False,0,0,upstream_goal_with_paid_return_reserve,upstream_goal_with_paid_return_reserve,,
dev_CELL_B_b160_n92801__vs__dev_CELL_NBV_b160_n92801,14,instance_0000,0.050000000000000044,True,,"[0.3, 0.275, 0.19999999999999996, 0.22499999999999995]","[0.25, 0.25, 0.25, 0.25]","{""candidates"": 0, ""reasons"": [], ""state"": ""no_forecast_record"", ""zero_basis"": null}","{""candidates"": 0, ""reasons"": [], ""state"": ""no_forecast_record"", ""zero_basis"": null}",False,False,False,0,0,upstream_goal_with_paid_return_reserve,upstream_goal_with_paid_return_reserve,,
dev_CELL_B_b160_n92801__vs__dev_CELL_NBV_b160_n92801,15,instance_0000,0.050000000000000044,True,,"[0.3, 0.275, 0.19999999999999996, 0.22499999999999995]","[0.25, 0.25, 0.25, 0.25]","{""candidates"": 0, ""reasons"": [], ""state"": ""no_forecast_record"", ""zero_basis"": null}","{""candidates"": 0, ""reasons"": [], ""state"": ""no_forecast_record"", ""zero_basis"": null}",False,False,False,0,0,upstream_goal_with_paid_return_reserve,upstream_goal_with_paid_return_reserve,,
dev_CELL_B_b160_n92801__vs__dev_CELL_NBV_b160_n92801,16,instance_0000,0.050000000000000044,True,,"[0.3, 0.275, 0.19999999999999996, 0.22499999999999995]","[0.25, 0.25, 0.25, 0.25]","{""candidates"": 0, ""reasons"": [], ""state"": ""no_forecast_record"", ""zero_basis"": null}","{""candidates"": 0, ""reasons"": [], ""state"": ""no_forecast_record"", ""zero_basis"": null}",False,False,False,0,0,upstream_goal_with_paid_return_reserve,upstream_goal_with_paid_return_reserve,,
dev_CELL_B_b160_n92801__vs__dev_CELL_NBV_b160_n92801,17,instance_0000,0.06455553022682847,True,,"[0.5401184066136986, 0.19696630480103935, 0.1812063800943661, 0.08170890849089592]","[0.4755628763868701, 0.18919056127928457, 0.23932259931005181, 0.0959239630237935]","{""candidates"": 8, ""positive"": 7, ""reasons"": [], ""repeated"": 0, ""state"": ""nonzero_structure_gain_available"", ""zero_basis"": false}","{""candidates"": 8, ""positive"": 7, ""reasons"": [], ""repeated"": 0, ""state"": ""nonzero_structure_gain_available"", ""zero_basis"": false}",False,True,True,39,32,upstream_goal_with_paid_return_reserve,upstream_goal_with_paid_return_reserve,143,143
dev_LOOP_S_b160_n92801__vs__dev_LOOP_G_b160_n92801,2,instance_0000,0.07500000000000001,True,,"[0.325, 0.275, 0.225, 0.175]","[0.25, 0.25, 0.25, 0.25]","{""candidates"": 0, ""reasons"": [], ""state"": ""no_forecast_record"", ""zero_basis"": null}","{""candidates"": 0, ""reasons"": [], ""state"": ""no_forecast_record"", ""zero_basis"": null}",False,False,False,0,0,upstream_goal_with_paid_return_reserve,upstream_goal_with_paid_return_reserve,,
dev_LOOP_S_b160_n92801__vs__dev_LOOP_G_b160_n92801,3,instance_0000,0.07500000000000001,True,,"[0.325, 0.275, 0.225, 0.175]","[0.25, 0.25, 0.25, 0.25]","{""candidates"": 0, ""reasons"": [], ""state"": ""no_forecast_record"", ""zero_basis"": null}","{""candidates"": 0, ""reasons"": [], ""state"": ""no_forecast_record"", ""zero_basis"": null}",False,False,False,0,0,upstream_goal_with_paid_return_reserve,upstream_goal_with_paid_return_reserve,,
dev_LOOP_S_b160_n92801__vs__dev_LOOP_G_b160_n92801,4,instance_0000,0.07895876708412863,True,,"[0.666967283996066, 0.1307512581319975, 0.15235190724155928, 0.049929550630377205]","[0.5880085169119373, 0.13623090093484463, 0.19401165632360323, 0.08174892582961492]","{""candidates"": 0, ""reasons"": [], ""state"": ""no_forecast_record"", ""zero_basis"": null}","{""candidates"": 0, ""reasons"": [], ""state"": ""no_forecast_record"", ""zero_basis"": null}",False,False,False,0,0,upstream_goal_with_paid_return_reserve,upstream_goal_with_paid_return_reserve,,
dev_LOOP_S_b160_n92801__vs__dev_LOOP_G_b160_n92801,5,instance_0000,0.05064784968759406,True,,"[0.8251585251466257, 0.06631880389919563, 0.09615749122692353, 0.01236517972725518]","[0.7745106754590316, 0.07356603835918689, 0.13036889488408676, 0.02155439129769477]","{""candidates"": 0, ""reasons"": [], ""state"": ""no_forecast_record"", ""zero_basis"": null}","{""candidates"": 0, ""reasons"": [], ""state"": ""no_forecast_record"", ""zero_basis"": null}",False,False,False,0,0,upstream_goal_with_paid_return_reserve,upstream_goal_with_paid_return_reserve,,
dev_LOOP_S_b160_n92801__vs__dev_LOOP_G_b160_n92801,6,instance_0000,0.04281802391960965,True,,"[0.8493480944759533, 0.05874880351917961, 0.08811883498174922, 0.0037842670231179715]","[0.8065300705563436, 0.06593022240155702, 0.12086607999008991, 0.006673627052009475]","{""candidates"": 0, ""reasons"": [], ""state"": ""no_forecast_record"", ""zero_basis"": null}","{""candidates"": 0, ""reasons"": [], ""state"": ""no_forecast_record"", ""zero_basis"": null}",False,False,False,0,0,upstream_goal_with_paid_return_reserve,upstream_goal_with_paid_return_reserve,,
dev_LOOP_S_b160_n92801__vs__dev_LOOP_G_b160_n92801,7,instance_0000,0.04120231733569579,True,,"[0.8517304077250752, 0.058913586431985396, 0.08836599709283124, 0.0009900087501081801]","[0.8105280903893795, 0.06625704262361778, 0.12146522068252356, 0.0017496463044792507]","{""candidates"": 0, ""reasons"": [], ""state"": ""no_forecast_record"", ""zero_basis"": null}","{""candidates"": 0, ""reasons"": [], ""state"": ""no_forecast_record"", ""zero_basis"": null}",False,False,False,0,0,upstream_goal_with_paid_return_reserve,upstream_goal_with_paid_return_reserve,,
dev_LOOP_S_b160_n92801__vs__dev_LOOP_G_b160_n92801,8,instance_0000,0.04089026108863725,True,,"[0.8521876304014477, 0.05894521219926906, 0.0884134333911302, 0.0004537240081530188]","[0.8112973693128105, 0.06631992773151665, 0.1215805043294556, 0.0008021986262172964]","{""candidates"": 0, ""reasons"": [], ""state"": ""no_forecast_record"", ""zero_basis"": null}","{""candidates"": 0, ""reasons"": [], ""state"": ""no_forecast_record"", ""zero_basis"": null}",False,False,False,0,0,upstream_goal_with_paid_return_reserve,upstream_goal_with_paid_return_reserve,,
dev_LOOP_S_b160_n92801__vs__dev_LOOP_G_b160_n92801,9,instance_0000,0.04089026108863725,True,,"[0.8521876304014477, 0.05894521219926906, 0.0884134333911302, 0.0004537240081530188]","[0.8112973693128105, 0.06631992773151665, 0.1215805043294556, 0.0008021986262172964]","{""candidates"": 0, ""reasons"": [], ""state"": ""no_forecast_record"", ""zero_basis"": null}","{""candidates"": 0, ""reasons"": [], ""state"": ""no_forecast_record"", ""zero_basis"": null}",False,False,False,0,0,upstream_goal_with_paid_return_reserve,upstream_goal_with_paid_return_reserve,,
dev_LOOP_S_b160_n92801__vs__dev_LOOP_G_b160_n92801,10,instance_0000,0.04089026108863725,True,,"[0.8521876304014477, 0.05894521219926906, 0.0884134333911302, 0.0004537240081530188]","[0.8112973693128105, 0.06631992773151665, 0.1215805043294556, 0.0008021986262172964]","{""candidates"": 0, ""reasons"": [], ""state"": ""no_forecast_record"", ""zero_basis"": null}","{""candidates"": 0, ""reasons"": [], ""state"": ""no_forecast_record"", ""zero_basis"": null}",False,False,False,0,0,upstream_goal_with_paid_return_reserve,upstream_goal_with_paid_return_reserve,,
dev_LOOP_S_b160_n92801__vs__dev_LOOP_G_b160_n92801,10,instance_0001,0.07500000000000001,True,,"[0.225, 0.25, 0.325, 0.19999999999999996]","[0.25, 0.25, 0.25, 0.25]","{""candidates"": 0, ""reasons"": [], ""state"": ""no_forecast_record"", ""zero_basis"": null}","{""candidates"": 0, ""reasons"": [], ""state"": ""no_forecast_record"", ""zero_basis"": null}",False,False,False,0,0,upstream_goal_with_paid_return_reserve,upstream_goal_with_paid_return_reserve,,
dev_LOOP_S_b160_n92801__vs__dev_LOOP_G_b160_n92801,11,instance_0000,0.04089026108863725,True,,"[0.8521876304014477, 0.05894521219926906, 0.0884134333911302, 0.0004537240081530188]","[0.8112973693128105, 0.06631992773151665, 0.1215805043294556, 0.0008021986262172964]","{""candidates"": 0, ""reasons"": [], ""state"": ""no_forecast_record"", ""zero_basis"": null}","{""candidates"": 0, ""reasons"": [], ""state"": ""no_forecast_record"", ""zero_basis"": null}",False,False,False,0,0,upstream_goal_with_paid_return_reserve,upstream_goal_with_paid_return_reserve,,
dev_LOOP_S_b160_n92801__vs__dev_LOOP_G_b160_n92801,12,instance_0000,0.04089026108863725,True,,"[0.8521876304014477, 0.05894521219926906, 0.0884134333911302, 0.0004537240081530188]","[0.8112973693128105, 0.06631992773151665, 0.1215805043294556, 0.0008021986262172964]","{""candidates"": 0, ""reasons"": [], ""state"": ""no_forecast_record"", ""zero_basis"": null}","{""candidates"": 0, ""reasons"": [], ""state"": ""no_forecast_record"", ""zero_basis"": null}",False,False,False,0,0,upstream_goal_with_paid_return_reserve,upstream_goal_with_paid_return_reserve,,
dev_LOOP_S_b160_n92801__vs__dev_LOOP_G_b160_n92801,14,instance_0000,0.04089026108863725,True,,"[0.8521876304014477, 0.05894521219926906, 0.0884134333911302, 0.0004537240081530188]","[0.8112973693128105, 0.06631992773151665, 0.1215805043294556, 0.0008021986262172964]","{""candidates"": 0, ""reasons"": [], ""state"": ""no_forecast_record"", ""zero_basis"": null}","{""candidates"": 0, ""reasons"": [], ""state"": ""no_forecast_record"", ""zero_basis"": null}",False,False,False,0,0,upstream_goal_with_paid_return_reserve,upstream_goal_with_paid_return_reserve,,
dev_LOOP_S_b160_n92801__vs__dev_LOOP_G_b160_n92801,14,instance_0001,0.07500000000000001,True,,"[0.225, 0.25, 0.325, 0.19999999999999996]","[0.25, 0.25, 0.25, 0.25]","{""candidates"": 0, ""reasons"": [], ""state"": ""no_forecast_record"", ""zero_basis"": null}","{""candidates"": 0, ""reasons"": [], ""state"": ""no_forecast_record"", ""zero_basis"": null}",False,False,False,0,0,upstream_goal_with_paid_return_reserve,upstream_goal_with_paid_return_reserve,,
dev_LOOP_S_b160_n92801__vs__dev_LOOP_G_b160_n92801,19,instance_0000,0.04066241328043463,True,,"[0.8525208859955835, 0.05896826325165721, 0.08844800825495502, 6.284249780430435e-05]","[0.8118584727151489, 0.06636579542257612, 0.12166459092608178, 0.000111140936193277]","{""candidates"": 0, ""reasons"": [], ""state"": ""no_forecast_record"", ""zero_basis"": null}","{""candidates"": 0, ""reasons"": [], ""state"": ""no_forecast_record"", ""zero_basis"": null}",False,False,False,0,0,upstream_goal_with_paid_return_reserve,upstream_goal_with_paid_return_reserve,,
dev_LOOP_S_b160_n92801__vs__dev_LOOP_G_b160_n92801,20,instance_0000,0.04063157792994043,True,,"[0.8525659486587659, 0.058971380204014656, 0.08845268345162251, 9.987685597033084e-06]","[0.8119343707288255, 0.06637199974539582, 0.12167596495381738, 1.766457196139716e-05]","{""candidates"": 0, ""reasons"": [], ""state"": ""no_forecast_record"", ""zero_basis"": null}","{""candidates"": 0, ""reasons"": [], ""state"": ""no_forecast_record"", ""zero_basis"": null}",False,False,False,0,0,upstream_goal_with_paid_return_reserve,upstream_goal_with_paid_return_reserve,,
dev_LOOP_S_b160_n92801__vs__dev_LOOP_G_b160_n92801,21,instance_0000,0.04063157792994043,True,,"[0.8525659486587659, 0.058971380204014656, 0.08845268345162251, 9.987685597033084e-06]","[0.8119343707288255, 0.06637199974539582, 0.12167596495381738, 1.766457196139716e-05]","{""candidates"": 0, ""reasons"": [], ""state"": ""no_forecast_record"", ""zero_basis"": null}","{""candidates"": 0, ""reasons"": [], ""state"": ""no_forecast_record"", ""zero_basis"": null}",False,False,False,0,0,upstream_goal_with_paid_return_reserve,upstream_goal_with_paid_return_reserve,,
dev_LOOP_S_b160_n92801__vs__dev_LOOP_G_b160_n92801,22,instance_0000,0.04063157792994043,True,,"[0.8525659486587659, 0.058971380204014656, 0.08845268345162251, 9.987685597033084e-06]","[0.8119343707288255, 0.06637199974539582, 0.12167596495381738, 1.766457196139716e-05]","{""candidates"": 0, ""reasons"": [], ""state"": ""no_forecast_record"", ""zero_basis"": null}","{""candidates"": 0, ""reasons"": [], ""state"": ""no_forecast_record"", ""zero_basis"": null}",False,False,False,0,0,upstream_goal_with_paid_return_reserve,upstream_goal_with_paid_return_reserve,,
dev_LOOP_S_b160_n92801__vs__dev_LOOP_G_b160_n92801,23,instance_0000,0.04063157792994043,True,,"[0.8525659486587659, 0.058971380204014656, 0.08845268345162251, 9.987685597033084e-06]","[0.8119343707288255, 0.06637199974539582, 0.12167596495381738, 1.766457196139716e-05]","{""candidates"": 0, ""reasons"": [], ""state"": ""no_forecast_record"", ""zero_basis"": null}","{""candidates"": 0, ""reasons"": [], ""state"": ""no_forecast_record"", ""zero_basis"": null}",False,False,False,0,0,upstream_goal_with_paid_return_reserve,upstream_goal_with_paid_return_reserve,,
dev_LOOP_S_b160_n92801__vs__dev_LOOP_G_b160_n92801,24,instance_0000,0.04063157792994043,True,,"[0.8525659486587659, 0.058971380204014656, 0.08845268345162251, 9.987685597033084e-06]","[0.8119343707288255, 0.06637199974539582, 0.12167596495381738, 1.766457196139716e-05]","{""candidates"": 0, ""reasons"": [], ""state"": ""no_forecast_record"", ""zero_basis"": null}","{""candidates"": 0, ""reasons"": [], ""state"": ""no_forecast_record"", ""zero_basis"": null}",False,False,False,0,0,upstream_goal_with_paid_return_reserve,upstream_goal_with_paid_return_reserve,,
dev_LOOP_S_b160_n92801__vs__dev_LOOP_G_b160_n92801,25,instance_0000,0.04063157792994043,True,,"[0.8525659486587659, 0.058971380204014656, 0.08845268345162251, 9.987685597033084e-06]","[0.8119343707288255, 0.06637199974539582, 0.12167596495381738, 1.766457196139716e-05]","{""candidates"": 0, ""reasons"": [], ""state"": ""no_forecast_record"", ""zero_basis"": null}","{""candidates"": 0, ""reasons"": [], ""state"": ""no_forecast_record"", ""zero_basis"": null}",False,False,False,0,0,upstream_goal_with_paid_return_reserve,upstream_goal_with_paid_return_reserve,,
dev_LOOP_S_b160_n92801__vs__dev_LOOP_G_b160_n92801,26,instance_0000,0.04063157792994043,True,,"[0.8525659486587659, 0.058971380204014656, 0.08845268345162251, 9.987685597033084e-06]","[0.8119343707288255, 0.06637199974539582, 0.12167596495381738, 1.766457196139716e-05]","{""candidates"": 0, ""reasons"": [], ""state"": ""no_forecast_record"", ""zero_basis"": null}","{""candidates"": 0, ""reasons"": [], ""state"": ""no_forecast_record"", ""zero_basis"": null}",False,False,False,0,0,upstream_goal_with_paid_return_reserve,upstream_goal_with_paid_return_reserve,,
dev_LOOP_S_b160_n92801__vs__dev_LOOP_G_b160_n92801,27,instance_0000,0.04063157792994043,True,,"[0.8525659486587659, 0.058971380204014656, 0.08845268345162251, 9.987685597033084e-06]","[0.8119343707288255, 0.06637199974539582, 0.12167596495381738, 1.766457196139716e-05]","{""candidates"": 0, ""reasons"": [], ""state"": ""no_forecast_record"", ""zero_basis"": null}","{""candidates"": 0, ""reasons"": [], ""state"": ""no_forecast_record"", ""zero_basis"": null}",False,False,False,0,0,upstream_goal_with_paid_return_reserve,upstream_goal_with_paid_return_reserve,,
dev_LOOP_S_b160_n92801__vs__dev_LOOP_G_b160_n92801,28,instance_0000,0.04063157792994043,True,,"[0.8525659486587659, 0.058971380204014656, 0.08845268345162251, 9.987685597033084e-06]","[0.8119343707288255, 0.06637199974539582, 0.12167596495381738, 1.766457196139716e-05]","{""candidates"": 8, ""positive"": 4, ""reasons"": [], ""repeated"": 0, ""state"": ""nonzero_structure_gain_available"", ""zero_basis"": false}","{""candidates"": 8, ""positive"": 4, ""reasons"": [], ""repeated"": 0, ""state"": ""nonzero_structure_gain_available"", ""zero_basis"": false}",False,True,True,34,34,upstream_goal_with_paid_return_reserve,upstream_goal_with_paid_return_reserve,132,132
dev_LOOP_S_b160_n92801__vs__dev_LOOP_G_b160_n92801,29,instance_0000,0.04063157792994043,True,,"[0.8525659486587659, 0.058971380204014656, 0.08845268345162251, 9.987685597033084e-06]","[0.8119343707288255, 0.06637199974539582, 0.12167596495381738, 1.766457196139716e-05]","{""candidates"": 0, ""reasons"": [], ""state"": ""no_forecast_record"", ""zero_basis"": null}","{""candidates"": 0, ""reasons"": [], ""state"": ""no_forecast_record"", ""zero_basis"": null}",False,False,False,0,0,upstream_goal_with_paid_return_reserve,upstream_goal_with_paid_return_reserve,,
dev_LOOP_S_b160_n92801__vs__dev_LOOP_G_b160_n92801,30,instance_0000,0.04063157792994043,True,,"[0.8525659486587659, 0.058971380204014656, 0.08845268345162251, 9.987685597033084e-06]","[0.8119343707288255, 0.06637199974539582, 0.12167596495381738, 1.766457196139716e-05]","{""candidates"": 0, ""reasons"": [], ""state"": ""no_forecast_record"", ""zero_basis"": null}","{""candidates"": 0, ""reasons"": [], ""state"": ""no_forecast_record"", ""zero_basis"": null}",False,False,False,0,0,upstream_goal_with_paid_return_reserve,upstream_goal_with_paid_return_reserve,,
dev_LOOP_S_b160_n92801__vs__dev_LOOP_G_b160_n92801,31,instance_0000,0.04063157792994043,True,,"[0.8525659486587659, 0.058971380204014656, 0.08845268345162251, 9.987685597033084e-06]","[0.8119343707288255, 0.06637199974539582, 0.12167596495381738, 1.766457196139716e-05]","{""candidates"": 0, ""reasons"": [], ""state"": ""no_forecast_record"", ""zero_basis"": null}","{""candidates"": 0, ""reasons"": [], ""state"": ""no_forecast_record"", ""zero_basis"": null}",False,False,False,0,0,upstream_goal_with_paid_return_reserve,upstream_goal_with_paid_return_reserve,,
dev_LOOP_S_b160_n92801__vs__dev_LOOP_G_b160_n92801,32,instance_0000,0.04063157792994043,True,,"[0.8525659486587659, 0.058971380204014656, 0.08845268345162251, 9.987685597033084e-06]","[0.8119343707288255, 0.06637199974539582, 0.12167596495381738, 1.766457196139716e-05]","{""candidates"": 0, ""reasons"": [], ""state"": ""no_forecast_record"", ""zero_basis"": null}","{""candidates"": 0, ""reasons"": [], ""state"": ""no_forecast_record"", ""zero_basis"": null}",False,False,False,0,0,upstream_goal_with_paid_return_reserve,upstream_goal_with_paid_return_reserve,,
dev_LOOP_S_b160_n92801__vs__dev_LOOP_G_b160_n92801,33,instance_0000,0.04063157792994043,True,,"[0.8525659486587659, 0.058971380204014656, 0.08845268345162251, 9.987685597033084e-06]","[0.8119343707288255, 0.06637199974539582, 0.12167596495381738, 1.766457196139716e-05]","{""candidates"": 0, ""reasons"": [], ""state"": ""no_forecast_record"", ""zero_basis"": null}","{""candidates"": 0, ""reasons"": [], ""state"": ""no_forecast_record"", ""zero_basis"": null}",False,False,False,0,0,upstream_goal_with_paid_return_reserve,upstream_goal_with_paid_return_reserve,,
dev_LOOP_S_b160_n92801__vs__dev_LOOP_G_b160_n92801,34,instance_0000,0.04063157792994043,True,,"[0.8525659486587659, 0.058971380204014656, 0.08845268345162251, 9.987685597033084e-06]","[0.8119343707288255, 0.06637199974539582, 0.12167596495381738, 1.766457196139716e-05]","{""candidates"": 0, ""reasons"": [], ""state"": ""no_forecast_record"", ""zero_basis"": null}","{""candidates"": 0, ""reasons"": [], ""state"": ""no_forecast_record"", ""zero_basis"": null}",False,False,False,0,0,upstream_goal_with_paid_return_reserve,upstream_goal_with_paid_return_reserve,,
dev_LOOP_S_b160_n92801__vs__dev_LOOP_G_b160_n92801,35,instance_0000,0.04063157792994043,True,,"[0.8525659486587659, 0.058971380204014656, 0.08845268345162251, 9.987685597033084e-06]","[0.8119343707288255, 0.06637199974539582, 0.12167596495381738, 1.766457196139716e-05]","{""candidates"": 0, ""reasons"": [], ""state"": ""no_forecast_record"", ""zero_basis"": null}","{""candidates"": 0, ""reasons"": [], ""state"": ""no_forecast_record"", ""zero_basis"": null}",False,False,False,0,0,upstream_goal_with_paid_return_reserve,upstream_goal_with_paid_return_reserve,,
dev_LOOP_S_b160_n92801__vs__dev_LOOP_G_b160_n92801,36,instance_0000,0.04063157792994043,True,,"[0.8525659486587659, 0.058971380204014656, 0.08845268345162251, 9.987685597033084e-06]","[0.8119343707288255, 0.06637199974539582, 0.12167596495381738, 1.766457196139716e-05]","{""candidates"": 0, ""reasons"": [], ""state"": ""no_forecast_record"", ""zero_basis"": null}","{""candidates"": 0, ""reasons"": [], ""state"": ""no_forecast_record"", ""zero_basis"": null}",False,False,False,0,0,upstream_goal_with_paid_return_reserve,upstream_goal_with_paid_return_reserve,,
dev_LOOP_S_b160_n92801__vs__dev_LOOP_G_b160_n92801,37,instance_0000,0.04063157792994043,True,,"[0.8525659486587659, 0.058971380204014656, 0.08845268345162251, 9.987685597033084e-06]","[0.8119343707288255, 0.06637199974539582, 0.12167596495381738, 1.766457196139716e-05]","{""candidates"": 0, ""reasons"": [], ""state"": ""no_forecast_record"", ""zero_basis"": null}","{""candidates"": 0, ""reasons"": [], ""state"": ""no_forecast_record"", ""zero_basis"": null}",False,False,False,0,0,upstream_goal_with_paid_return_reserve,upstream_goal_with_paid_return_reserve,,
dev_LOOP_S_b160_n92801__vs__dev_LOOP_G_b160_n92801,38,instance_0000,0.04063157792994043,True,,"[0.8525659486587659, 0.058971380204014656, 0.08845268345162251, 9.987685597033084e-06]","[0.8119343707288255, 0.06637199974539582, 0.12167596495381738, 1.766457196139716e-05]","{""candidates"": 8, ""positive"": 7, ""reasons"": [], ""repeated"": 0, ""state"": ""nonzero_structure_gain_available"", ""zero_basis"": false}","{""candidates"": 8, ""positive"": 7, ""reasons"": [], ""repeated"": 0, ""state"": ""nonzero_structure_gain_available"", ""zero_basis"": false}",False,True,True,38,38,upstream_goal_with_paid_return_reserve,upstream_goal_with_paid_return_reserve,122,122
dev_LOOP_S_b160_n92801__vs__dev_LOOP_G_b160_n92801,39,instance_0000,0.04063157792994043,True,,"[0.8525659486587659, 0.058971380204014656, 0.08845268345162251, 9.987685597033084e-06]","[0.8119343707288255, 0.06637199974539582, 0.12167596495381738, 1.766457196139716e-05]","{""candidates"": 0, ""reasons"": [], ""state"": ""no_forecast_record"", ""zero_basis"": null}","{""candidates"": 0, ""reasons"": [], ""state"": ""no_forecast_record"", ""zero_basis"": null}",False,False,False,0,0,upstream_goal_with_paid_return_reserve,upstream_goal_with_paid_return_reserve,,
dev_LOOP_S_b160_n92801__vs__dev_LOOP_G_b160_n92801,40,instance_0000,0.04063157792994043,True,,"[0.8525659486587659, 0.058971380204014656, 0.08845268345162251, 9.987685597033084e-06]","[0.8119343707288255, 0.06637199974539582, 0.12167596495381738, 1.766457196139716e-05]","{""candidates"": 0, ""reasons"": [], ""state"": ""no_forecast_record"", ""zero_basis"": null}","{""candidates"": 0, ""reasons"": [], ""state"": ""no_forecast_record"", ""zero_basis"": null}",False,False,False,0,0,upstream_goal_with_paid_return_reserve,upstream_goal_with_paid_return_reserve,,
dev_LOOP_S_b160_n92801__vs__dev_LOOP_G_b160_n92801,41,instance_0000,0.04063157792994043,True,,"[0.8525659486587659, 0.058971380204014656, 0.08845268345162251, 9.987685597033084e-06]","[0.8119343707288255, 0.06637199974539582, 0.12167596495381738, 1.766457196139716e-05]","{""candidates"": 0, ""reasons"": [], ""state"": ""no_forecast_record"", ""zero_basis"": null}","{""candidates"": 0, ""reasons"": [], ""state"": ""no_forecast_record"", ""zero_basis"": null}",False,False,False,0,0,upstream_goal_with_paid_return_reserve,upstream_goal_with_paid_return_reserve,,
dev_LOOP_S_b160_n92801__vs__dev_LOOP_G_b160_n92801,42,instance_0000,0.04063157792994043,True,,"[0.8525659486587659, 0.058971380204014656, 0.08845268345162251, 9.987685597033084e-06]","[0.8119343707288255, 0.06637199974539582, 0.12167596495381738, 1.766457196139716e-05]","{""candidates"": 0, ""reasons"": [], ""state"": ""no_forecast_record"", ""zero_basis"": null}","{""candidates"": 0, ""reasons"": [], ""state"": ""no_forecast_record"", ""zero_basis"": null}",False,False,False,0,0,upstream_goal_with_paid_return_reserve,upstream_goal_with_paid_return_reserve,,
dev_LOOP_S_b160_n92801__vs__dev_LOOP_G_b160_n92801,43,instance_0000,0.04063157792994043,True,,"[0.8525659486587659, 0.058971380204014656, 0.08845268345162251, 9.987685597033084e-06]","[0.8119343707288255, 0.06637199974539582, 0.12167596495381738, 1.766457196139716e-05]","{""candidates"": 8, ""positive"": 7, ""reasons"": [], ""repeated"": 0, ""state"": ""nonzero_structure_gain_available"", ""zero_basis"": false}","{""candidates"": 8, ""positive"": 7, ""reasons"": [], ""repeated"": 0, ""state"": ""nonzero_structure_gain_available"", ""zero_basis"": false}",False,True,True,38,38,upstream_goal_with_paid_return_reserve,upstream_goal_with_paid_return_reserve,117,117
dev_LOOP_S_b160_n92801__vs__dev_LOOP_G_b160_n92801,44,instance_0000,0.04063157792994043,True,,"[0.8525659486587659, 0.058971380204014656, 0.08845268345162251, 9.987685597033084e-06]","[0.8119343707288255, 0.06637199974539582, 0.12167596495381738, 1.766457196139716e-05]","{""candidates"": 0, ""reasons"": [], ""state"": ""no_forecast_record"", ""zero_basis"": null}","{""candidates"": 0, ""reasons"": [], ""state"": ""no_forecast_record"", ""zero_basis"": null}",False,False,False,0,0,upstream_goal_with_paid_return_reserve,upstream_goal_with_paid_return_reserve,,
dev_LOOP_S_b160_n92801__vs__dev_LOOP_G_b160_n92801,45,instance_0000,0.04063157792994043,True,,"[0.8525659486587659, 0.058971380204014656, 0.08845268345162251, 9.987685597033084e-06]","[0.8119343707288255, 0.06637199974539582, 0.12167596495381738, 1.766457196139716e-05]","{""candidates"": 8, ""positive"": 7, ""reasons"": [], ""repeated"": 0, ""state"": ""nonzero_structure_gain_available"", ""zero_basis"": false}","{""candidates"": 8, ""positive"": 7, ""reasons"": [], ""repeated"": 0, ""state"": ""nonzero_structure_gain_available"", ""zero_basis"": false}",False,True,True,38,38,upstream_goal_with_paid_return_reserve,upstream_goal_with_paid_return_reserve,115,115
dev_LOOP_S_b160_n92801__vs__dev_LOOP_G_b160_n92801,46,instance_0000,0.04063157792994043,True,,"[0.8525659486587659, 0.058971380204014656, 0.08845268345162251, 9.987685597033084e-06]","[0.8119343707288255, 0.06637199974539582, 0.12167596495381738, 1.766457196139716e-05]","{""candidates"": 0, ""reasons"": [], ""state"": ""no_forecast_record"", ""zero_basis"": null}","{""candidates"": 0, ""reasons"": [], ""state"": ""no_forecast_record"", ""zero_basis"": null}",False,False,False,0,0,upstream_goal_with_paid_return_reserve,upstream_goal_with_paid_return_reserve,,
dev_LOOP_S_b160_n92801__vs__dev_LOOP_G_b160_n92801,47,instance_0000,0.04062640205084844,True,,"[0.8525735117854232, 0.05897190334010559, 0.08845346811684304, 1.1167576282035497e-06]","[0.8119471097345747, 0.06637304110208284, 0.12167787401306285, 1.975150279456421e-06]","{""candidates"": 0, ""reasons"": [], ""state"": ""no_forecast_record"", ""zero_basis"": null}","{""candidates"": 0, ""reasons"": [], ""state"": ""no_forecast_record"", ""zero_basis"": null}",False,False,False,0,0,upstream_goal_with_paid_return_reserve,upstream_goal_with_paid_return_reserve,,
dev_LOOP_S_b160_n92801__vs__dev_LOOP_G_b160_n92801,48,instance_0000,0.04062640205084844,True,,"[0.8525735117854232, 0.05897190334010559, 0.08845346811684304, 1.1167576282035497e-06]","[0.8119471097345747, 0.06637304110208284, 0.12167787401306285, 1.975150279456421e-06]","{""candidates"": 0, ""reasons"": [], ""state"": ""no_forecast_record"", ""zero_basis"": null}","{""candidates"": 0, ""reasons"": [], ""state"": ""no_forecast_record"", ""zero_basis"": null}",False,False,False,0,0,upstream_goal_with_paid_return_reserve,upstream_goal_with_paid_return_reserve,,
dev_LOOP_S_b160_n92801__vs__dev_LOOP_G_b160_n92801,49,instance_0000,0.04062640205084844,True,,"[0.8525735117854232, 0.05897190334010559, 0.08845346811684304, 1.1167576282035497e-06]","[0.8119471097345747, 0.06637304110208284, 0.12167787401306285, 1.975150279456421e-06]","{""candidates"": 0, ""reasons"": [], ""state"": ""no_forecast_record"", ""zero_basis"": null}","{""candidates"": 0, ""reasons"": [], ""state"": ""no_forecast_record"", ""zero_basis"": null}",False,False,False,0,0,upstream_goal_with_paid_return_reserve,upstream_goal_with_paid_return_reserve,,
dev_LOOP_S_b160_n92801__vs__dev_LOOP_G_b160_n92801,50,instance_0000,0.04062640205084844,True,,"[0.8525735117854232, 0.05897190334010559, 0.08845346811684304, 1.1167576282035497e-06]","[0.8119471097345747, 0.06637304110208284, 0.12167787401306285, 1.975150279456421e-06]","{""candidates"": 0, ""reasons"": [], ""state"": ""no_forecast_record"", ""zero_basis"": null}","{""candidates"": 0, ""reasons"": [], ""state"": ""no_forecast_record"", ""zero_basis"": null}",False,False,False,0,0,upstream_goal_with_paid_return_reserve,upstream_goal_with_paid_return_reserve,,
dev_LOOP_S_b160_n92801__vs__dev_LOOP_G_b160_n92801,51,instance_0000,0.040626414372527786,True,,"[0.8525734937809719, 0.058971902094750506, 0.08845346624890306, 1.1378753745366282e-06]","[0.8119470794084441, 0.06637303862305739, 0.12167786946840826, 2.012500090226995e-06]","{""candidates"": 0, ""reasons"": [], ""state"": ""no_forecast_record"", ""zero_basis"": null}","{""candidates"": 0, ""reasons"": [], ""state"": ""no_forecast_record"", ""zero_basis"": null}",False,False,False,0,0,upstream_goal_with_paid_return_reserve,upstream_goal_with_paid_return_reserve,,
dev_LOOP_S_b160_n92801__vs__dev_LOOP_G_b160_n92801,52,instance_0000,0.040626414372527786,True,,"[0.8525734937809719, 0.058971902094750506, 0.08845346624890306, 1.1378753745366282e-06]","[0.8119470794084441, 0.06637303862305739, 0.12167786946840826, 2.012500090226995e-06]","{""candidates"": 8, ""positive"": 6, ""reasons"": [], ""repeated"": 0, ""state"": ""nonzero_structure_gain_available"", ""zero_basis"": false}","{""candidates"": 8, ""positive"": 6, ""reasons"": [], ""repeated"": 0, ""state"": ""nonzero_structure_gain_available"", ""zero_basis"": false}",False,True,True,37,37,upstream_goal_with_paid_return_reserve,upstream_goal_with_paid_return_reserve,108,108
dev_LOOP_S_b160_n92801__vs__dev_LOOP_G_b160_n92801,53,instance_0000,0.04062611030888286,True,,"[0.8525739380786731, 0.05897193282650644, 0.08845351234425083, 6.167505696174834e-07]","[0.8119478277697902, 0.066373099798247, 0.12167798161736047, 1.090814602336966e-06]","{""candidates"": 0, ""reasons"": [], ""state"": ""no_forecast_record"", ""zero_basis"": null}","{""candidates"": 0, ""reasons"": [], ""state"": ""no_forecast_record"", ""zero_basis"": null}",False,False,False,0,0,upstream_goal_with_paid_return_reserve,upstream_goal_with_paid_return_reserve,,
dev_LOOP_S_b160_n92801__vs__dev_LOOP_G_b160_n92801,54,instance_0000,0.04062611030888286,True,,"[0.8525739380786731, 0.05897193282650644, 0.08845351234425083, 6.167505696174834e-07]","[0.8119478277697902, 0.066373099798247, 0.12167798161736047, 1.090814602336966e-06]","{""candidates"": 8, ""positive"": 6, ""reasons"": [], ""repeated"": 0, ""state"": ""nonzero_structure_gain_available"", ""zero_basis"": false}","{""candidates"": 8, ""positive"": 6, ""reasons"": [], ""repeated"": 0, ""state"": ""nonzero_structure_gain_available"", ""zero_basis"": false}",False,True,True,37,37,upstream_goal_with_paid_return_reserve,upstream_goal_with_paid_return_reserve,106,106
dev_LOOP_S_b160_n92801__vs__dev_LOOP_G_b160_n92801,55,instance_0000,0.04062592608688864,True,,"[0.8525742072633665, 0.05897195144582021, 0.08845354027183641, 3.0101897684837525e-07]","[0.8119482811764779, 0.06637313686221381, 0.12167804956459642, 5.323967117176383e-07]","{""candidates"": 0, ""reasons"": [], ""state"": ""no_forecast_record"", ""zero_basis"": null}","{""candidates"": 0, ""reasons"": [], ""state"": ""no_forecast_record"", ""zero_basis"": null}",False,False,False,0,0,upstream_goal_with_paid_return_reserve,upstream_goal_with_paid_return_reserve,,
dev_LOOP_S_b160_n92801__vs__dev_LOOP_G_b160_n92801,56,instance_0000,0.04062592608688864,True,,"[0.8525742072633665, 0.05897195144582021, 0.08845354027183641, 3.0101897684837525e-07]","[0.8119482811764779, 0.06637313686221381, 0.12167804956459642, 5.323967117176383e-07]","{""candidates"": 8, ""positive"": 5, ""reasons"": [], ""repeated"": 0, ""state"": ""nonzero_structure_gain_available"", ""zero_basis"": false}","{""candidates"": 8, ""positive"": 5, ""reasons"": [], ""repeated"": 0, ""state"": ""nonzero_structure_gain_available"", ""zero_basis"": false}",False,True,True,36,36,upstream_goal_with_paid_return_reserve,upstream_goal_with_paid_return_reserve,104,104
dev_LOOP_S_b160_n92801__vs__dev_LOOP_G_b160_n92801,57,instance_0000,0.04062592608688864,True,,"[0.8525742072633665, 0.05897195144582021, 0.08845354027183641, 3.0101897684837525e-07]","[0.8119482811764779, 0.06637313686221381, 0.12167804956459642, 5.323967117176383e-07]","{""candidates"": 0, ""reasons"": [], ""state"": ""no_forecast_record"", ""zero_basis"": null}","{""candidates"": 0, ""reasons"": [], ""state"": ""no_forecast_record"", ""zero_basis"": null}",False,False,False,0,0,upstream_goal_with_paid_return_reserve,upstream_goal_with_paid_return_reserve,,
dev_LOOP_S_b160_n92801__vs__dev_LOOP_G_b160_n92801,58,instance_0000,0.04062592608688864,True,,"[0.8525742072633665, 0.05897195144582021, 0.08845354027183641, 3.0101897684837525e-07]","[0.8119482811764779, 0.06637313686221381, 0.12167804956459642, 5.323967117176383e-07]","{""candidates"": 0, ""reasons"": [], ""state"": ""no_forecast_record"", ""zero_basis"": null}","{""candidates"": 0, ""reasons"": [], ""state"": ""no_forecast_record"", ""zero_basis"": null}",False,False,False,0,0,upstream_goal_with_paid_return_reserve,upstream_goal_with_paid_return_reserve,,
dev_LOOP_S_b160_n92801__vs__dev_LOOP_G_b160_n92801,59,instance_0000,0.04062592608688864,True,,"[0.8525742072633665, 0.05897195144582021, 0.08845354027183641, 3.0101897684837525e-07]","[0.8119482811764779, 0.06637313686221381, 0.12167804956459642, 5.323967117176383e-07]","{""candidates"": 0, ""reasons"": [], ""state"": ""no_forecast_record"", ""zero_basis"": null}","{""candidates"": 0, ""reasons"": [], ""state"": ""no_forecast_record"", ""zero_basis"": null}",False,False,False,0,0,upstream_goal_with_paid_return_reserve,upstream_goal_with_paid_return_reserve,,
dev_LOOP_S_b160_n92801__vs__dev_LOOP_G_b160_n92801,60,instance_0000,0.04062592608688864,True,,"[0.8525742072633665, 0.05897195144582021, 0.08845354027183641, 3.0101897684837525e-07]","[0.8119482811764779, 0.06637313686221381, 0.12167804956459642, 5.323967117176383e-07]","{""candidates"": 0, ""reasons"": [], ""state"": ""no_forecast_record"", ""zero_basis"": null}","{""candidates"": 0, ""reasons"": [], ""state"": ""no_forecast_record"", ""zero_basis"": null}",False,False,False,0,0,upstream_goal_with_paid_return_reserve,upstream_goal_with_paid_return_reserve,,
dev_LOOP_S_b160_n92801__vs__dev_LOOP_G_b160_n92801,61,instance_0000,0.04062592608688864,True,,"[0.8525742072633665, 0.05897195144582021, 0.08845354027183641, 3.0101897684837525e-07]","[0.8119482811764779, 0.06637313686221381, 0.12167804956459642, 5.323967117176383e-07]","{""candidates"": 0, ""reasons"": [], ""state"": ""no_forecast_record"", ""zero_basis"": null}","{""candidates"": 0, ""reasons"": [], ""state"": ""no_forecast_record"", ""zero_basis"": null}",False,False,False,0,0,upstream_goal_with_paid_return_reserve,upstream_goal_with_paid_return_reserve,,
dev_LOOP_S_b160_n92801__vs__dev_LOOP_G_b160_n92801,62,instance_0000,0.04062592608688864,True,,"[0.8525742072633665, 0.05897195144582021, 0.08845354027183641, 3.0101897684837525e-07]","[0.8119482811764779, 0.06637313686221381, 0.12167804956459642, 5.323967117176383e-07]","{""candidates"": 0, ""reasons"": [], ""state"": ""no_forecast_record"", ""zero_basis"": null}","{""candidates"": 0, ""reasons"": [], ""state"": ""no_forecast_record"", ""zero_basis"": null}",False,False,False,0,0,upstream_goal_with_paid_return_reserve,upstream_goal_with_paid_return_reserve,,
dev_LOOP_S_b160_n92801__vs__dev_LOOP_G_b160_n92801,63,instance_0000,0.04062592608688864,True,,"[0.8525742072633665, 0.05897195144582021, 0.08845354027183641, 3.0101897684837525e-07]","[0.8119482811764779, 0.06637313686221381, 0.12167804956459642, 5.323967117176383e-07]","{""candidates"": 0, ""reasons"": [], ""state"": ""no_forecast_record"", ""zero_basis"": null}","{""candidates"": 0, ""reasons"": [], ""state"": ""no_forecast_record"", ""zero_basis"": null}",False,False,False,0,0,upstream_goal_with_paid_return_reserve,upstream_goal_with_paid_return_reserve,,
dev_LOOP_S_b160_n92801__vs__dev_LOOP_G_b160_n92801,64,instance_0000,0.04062592608688864,True,,"[0.8525742072633665, 0.05897195144582021, 0.08845354027183641, 3.0101897684837525e-07]","[0.8119482811764779, 0.06637313686221381, 0.12167804956459642, 5.323967117176383e-07]","{""candidates"": 0, ""reasons"": [], ""state"": ""no_forecast_record"", ""zero_basis"": null}","{""candidates"": 0, ""reasons"": [], ""state"": ""no_forecast_record"", ""zero_basis"": null}",False,False,False,0,0,upstream_goal_with_paid_return_reserve,upstream_goal_with_paid_return_reserve,,
dev_LOOP_S_b160_n92801__vs__dev_LOOP_G_b160_n92801,65,instance_0000,0.04062592608688864,True,,"[0.8525742072633665, 0.05897195144582021, 0.08845354027183641, 3.0101897684837525e-07]","[0.8119482811764779, 0.06637313686221381, 0.12167804956459642, 5.323967117176383e-07]","{""candidates"": 0, ""reasons"": [], ""state"": ""no_forecast_record"", ""zero_basis"": null}","{""candidates"": 0, ""reasons"": [], ""state"": ""no_forecast_record"", ""zero_basis"": null}",False,False,False,0,0,upstream_goal_with_paid_return_reserve,upstream_goal_with_paid_return_reserve,,
dev_LOOP_S_b160_n92801__vs__dev_LOOP_G_b160_n92801,66,instance_0000,0.04062592608688864,True,,"[0.8525742072633665, 0.05897195144582021, 0.08845354027183641, 3.0101897684837525e-07]","[0.8119482811764779, 0.06637313686221381, 0.12167804956459642, 5.323967117176383e-07]","{""candidates"": 0, ""reasons"": [], ""state"": ""no_forecast_record"", ""zero_basis"": null}","{""candidates"": 0, ""reasons"": [], ""state"": ""no_forecast_record"", ""zero_basis"": null}",False,False,False,0,0,upstream_goal_with_paid_return_reserve,upstream_goal_with_paid_return_reserve,,
dev_LOOP_S_b160_n92801__vs__dev_LOOP_G_b160_n92801,67,instance_0000,0.04062592608688864,True,,"[0.8525742072633665, 0.05897195144582021, 0.08845354027183641, 3.0101897684837525e-07]","[0.8119482811764779, 0.06637313686221381, 0.12167804956459642, 5.323967117176383e-07]","{""candidates"": 0, ""reasons"": [], ""state"": ""no_forecast_record"", ""zero_basis"": null}","{""candidates"": 0, ""reasons"": [], ""state"": ""no_forecast_record"", ""zero_basis"": null}",False,False,False,0,0,upstream_goal_with_paid_return_reserve,upstream_goal_with_paid_return_reserve,,
dev_LOOP_S_b160_n92801__vs__dev_LOOP_G_b160_n92801,68,instance_0000,0.04062592608688864,True,,"[0.8525742072633665, 0.05897195144582021, 0.08845354027183641, 3.0101897684837525e-07]","[0.8119482811764779, 0.06637313686221381, 0.12167804956459642, 5.323967117176383e-07]","{""candidates"": 8, ""positive"": 4, ""reasons"": [], ""repeated"": 0, ""state"": ""nonzero_structure_gain_available"", ""zero_basis"": false}","{""candidates"": 8, ""positive"": 4, ""reasons"": [], ""repeated"": 0, ""state"": ""nonzero_structure_gain_available"", ""zero_basis"": false}",False,True,True,35,35,upstream_goal_with_paid_return_reserve,upstream_goal_with_paid_return_reserve,92,92
dev_LOOP_S_b160_n92801__vs__dev_LOOP_G_b160_n92801,69,instance_0000,0.04062592608688864,True,,"[0.8525742072633665, 0.05897195144582021, 0.08845354027183641, 3.0101897684837525e-07]","[0.8119482811764779, 0.06637313686221381, 0.12167804956459642, 5.323967117176383e-07]","{""candidates"": 0, ""reasons"": [], ""state"": ""no_forecast_record"", ""zero_basis"": null}","{""candidates"": 0, ""reasons"": [], ""state"": ""no_forecast_record"", ""zero_basis"": null}",False,False,False,0,0,upstream_goal_with_paid_return_reserve,upstream_goal_with_paid_return_reserve,,
dev_LOOP_S_b160_n92801__vs__dev_LOOP_G_b160_n92801,70,instance_0000,0.04062592608688864,True,,"[0.8525742072633665, 0.05897195144582021, 0.08845354027183641, 3.0101897684837525e-07]","[0.8119482811764779, 0.06637313686221381, 0.12167804956459642, 5.323967117176383e-07]","{""candidates"": 0, ""reasons"": [], ""state"": ""no_forecast_record"", ""zero_basis"": null}","{""candidates"": 0, ""reasons"": [], ""state"": ""no_forecast_record"", ""zero_basis"": null}",False,False,False,0,0,upstream_goal_with_paid_return_reserve,upstream_goal_with_paid_return_reserve,,
dev_LOOP_S_b160_n92801__vs__dev_LOOP_G_b160_n92801,71,instance_0000,0.04062592608688864,True,,"[0.8525742072633665, 0.05897195144582021, 0.08845354027183641, 3.0101897684837525e-07]","[0.8119482811764779, 0.06637313686221381, 0.12167804956459642, 5.323967117176383e-07]","{""candidates"": 0, ""reasons"": [], ""state"": ""no_forecast_record"", ""zero_basis"": null}","{""candidates"": 0, ""reasons"": [], ""state"": ""no_forecast_record"", ""zero_basis"": null}",False,False,False,0,0,upstream_goal_with_paid_return_reserve,upstream_goal_with_paid_return_reserve,,
dev_LOOP_S_b160_n92801__vs__dev_LOOP_G_b160_n92801,72,instance_0000,0.04062592608688864,True,,"[0.8525742072633665, 0.05897195144582021, 0.08845354027183641, 3.0101897684837525e-07]","[0.8119482811764779, 0.06637313686221381, 0.12167804956459642, 5.323967117176383e-07]","{""candidates"": 0, ""reasons"": [], ""state"": ""no_forecast_record"", ""zero_basis"": null}","{""candidates"": 0, ""reasons"": [], ""state"": ""no_forecast_record"", ""zero_basis"": null}",False,False,False,0,0,upstream_goal_with_paid_return_reserve,upstream_goal_with_paid_return_reserve,,
dev_LOOP_S_b160_n92801__vs__dev_LOOP_G_b160_n92801,73,instance_0000,0.04062592608688864,True,,"[0.8525742072633665, 0.05897195144582021, 0.08845354027183641, 3.0101897684837525e-07]","[0.8119482811764779, 0.06637313686221381, 0.12167804956459642, 5.323967117176383e-07]","{""candidates"": 0, ""reasons"": [], ""state"": ""no_forecast_record"", ""zero_basis"": null}","{""candidates"": 0, ""reasons"": [], ""state"": ""no_forecast_record"", ""zero_basis"": null}",False,False,False,0,0,upstream_goal_with_paid_return_reserve,upstream_goal_with_paid_return_reserve,,
dev_LOOP_S_b160_n92801__vs__dev_LOOP_G_b160_n92801,74,instance_0000,0.04062592608688864,True,,"[0.8525742072633665, 0.05897195144582021, 0.08845354027183641, 3.0101897684837525e-07]","[0.8119482811764779, 0.06637313686221381, 0.12167804956459642, 5.323967117176383e-07]","{""candidates"": 0, ""reasons"": [], ""state"": ""no_forecast_record"", ""zero_basis"": null}","{""candidates"": 0, ""reasons"": [], ""state"": ""no_forecast_record"", ""zero_basis"": null}",False,False,False,0,0,upstream_goal_with_paid_return_reserve,upstream_goal_with_paid_return_reserve,,
dev_LOOP_S_b160_n92801__vs__dev_LOOP_G_b160_n92801,75,instance_0000,0.04062592608688864,True,,"[0.8525742072633665, 0.05897195144582021, 0.08845354027183641, 3.0101897684837525e-07]","[0.8119482811764779, 0.06637313686221381, 0.12167804956459642, 5.323967117176383e-07]","{""candidates"": 0, ""reasons"": [], ""state"": ""no_forecast_record"", ""zero_basis"": null}","{""candidates"": 0, ""reasons"": [], ""state"": ""no_forecast_record"", ""zero_basis"": null}",False,False,False,0,0,upstream_goal_with_paid_return_reserve,upstream_goal_with_paid_return_reserve,,
dev_LOOP_S_b160_n92801__vs__dev_LOOP_G_b160_n92801,76,instance_0000,0.04062592608688864,True,,"[0.8525742072633665, 0.05897195144582021, 0.08845354027183641, 3.0101897684837525e-07]","[0.8119482811764779, 0.06637313686221381, 0.12167804956459642, 5.323967117176383e-07]","{""candidates"": 0, ""reasons"": [], ""state"": ""no_forecast_record"", ""zero_basis"": null}","{""candidates"": 0, ""reasons"": [], ""state"": ""no_forecast_record"", ""zero_basis"": null}",False,False,False,0,0,upstream_goal_with_paid_return_reserve,upstream_goal_with_paid_return_reserve,,
dev_LOOP_S_b160_n92801__vs__dev_LOOP_G_b160_n92801,77,instance_0000,0.04062592608688864,True,,"[0.8525742072633665, 0.05897195144582021, 0.08845354027183641, 3.0101897684837525e-07]","[0.8119482811764779, 0.06637313686221381, 0.12167804956459642, 5.323967117176383e-07]","{""candidates"": 0, ""reasons"": [], ""state"": ""no_forecast_record"", ""zero_basis"": null}","{""candidates"": 0, ""reasons"": [], ""state"": ""no_forecast_record"", ""zero_basis"": null}",False,False,False,0,0,upstream_goal_with_paid_return_reserve,upstream_goal_with_paid_return_reserve,,
dev_LOOP_S_b160_n92801__vs__dev_LOOP_G_b160_n92801,78,instance_0000,0.04062592608688864,True,,"[0.8525742072633665, 0.05897195144582021, 0.08845354027183641, 3.0101897684837525e-07]","[0.8119482811764779, 0.06637313686221381, 0.12167804956459642, 5.323967117176383e-07]","{""candidates"": 0, ""reasons"": [], ""state"": ""no_forecast_record"", ""zero_basis"": null}","{""candidates"": 0, ""reasons"": [], ""state"": ""no_forecast_record"", ""zero_basis"": null}",False,False,False,0,0,upstream_goal_with_paid_return_reserve,upstream_goal_with_paid_return_reserve,,
dev_LOOP_S_b160_n92801__vs__dev_LOOP_G_b160_n92801,79,instance_0000,0.04062592608688864,True,,"[0.8525742072633665, 0.05897195144582021, 0.08845354027183641, 3.0101897684837525e-07]","[0.8119482811764779, 0.06637313686221381, 0.12167804956459642, 5.323967117176383e-07]","{""candidates"": 0, ""reasons"": [], ""state"": ""no_forecast_record"", ""zero_basis"": null}","{""candidates"": 0, ""reasons"": [], ""state"": ""no_forecast_record"", ""zero_basis"": null}",False,False,False,0,0,upstream_goal_with_paid_return_reserve,upstream_goal_with_paid_return_reserve,,
dev_LOOP_S_b160_n92801__vs__dev_LOOP_G_b160_n92801,80,instance_0000,0.04062592608688864,True,,"[0.8525742072633665, 0.05897195144582021, 0.08845354027183641, 3.0101897684837525e-07]","[0.8119482811764779, 0.06637313686221381, 0.12167804956459642, 5.323967117176383e-07]","{""candidates"": 0, ""reasons"": [], ""state"": ""no_forecast_record"", ""zero_basis"": null}","{""candidates"": 0, ""reasons"": [], ""state"": ""no_forecast_record"", ""zero_basis"": null}",False,False,False,0,0,upstream_goal_with_paid_return_reserve,upstream_goal_with_paid_return_reserve,,
dev_LOOP_S_b160_n92801__vs__dev_LOOP_G_b160_n92801,81,instance_0000,0.04062592608688864,True,,"[0.8525742072633665, 0.05897195144582021, 0.08845354027183641, 3.0101897684837525e-07]","[0.8119482811764779, 0.06637313686221381, 0.12167804956459642, 5.323967117176383e-07]","{""candidates"": 0, ""reasons"": [], ""state"": ""no_forecast_record"", ""zero_basis"": null}","{""candidates"": 0, ""reasons"": [], ""state"": ""no_forecast_record"", ""zero_basis"": null}",False,False,False,0,0,upstream_goal_with_paid_return_reserve,upstream_goal_with_paid_return_reserve,,
dev_LOOP_S_b160_n92801__vs__dev_LOOP_G_b160_n92801,82,instance_0000,0.04062592608688864,True,,"[0.8525742072633665, 0.05897195144582021, 0.08845354027183641, 3.0101897684837525e-07]","[0.8119482811764779, 0.06637313686221381, 0.12167804956459642, 5.323967117176383e-07]","{""candidates"": 0, ""reasons"": [], ""state"": ""no_forecast_record"", ""zero_basis"": null}","{""candidates"": 0, ""reasons"": [], ""state"": ""no_forecast_record"", ""zero_basis"": null}",False,False,False,0,0,upstream_goal_with_paid_return_reserve,upstream_goal_with_paid_return_reserve,,
dev_LOOP_S_b160_n92801__vs__dev_LOOP_G_b160_n92801,83,instance_0000,0.04062592608688864,True,,"[0.8525742072633665, 0.05897195144582021, 0.08845354027183641, 3.0101897684837525e-07]","[0.8119482811764779, 0.06637313686221381, 0.12167804956459642, 5.323967117176383e-07]","{""candidates"": 0, ""reasons"": [], ""state"": ""no_forecast_record"", ""zero_basis"": null}","{""candidates"": 0, ""reasons"": [], ""state"": ""no_forecast_record"", ""zero_basis"": null}",False,False,False,0,0,upstream_goal_with_paid_return_reserve,upstream_goal_with_paid_return_reserve,,
dev_LOOP_S_b160_n92801__vs__dev_LOOP_G_b160_n92801,84,instance_0000,0.04062592608688864,True,,"[0.8525742072633665, 0.05897195144582021, 0.08845354027183641, 3.0101897684837525e-07]","[0.8119482811764779, 0.06637313686221381, 0.12167804956459642, 5.323967117176383e-07]","{""candidates"": 8, ""positive"": 5, ""reasons"": [], ""repeated"": 0, ""state"": ""nonzero_structure_gain_available"", ""zero_basis"": false}","{""candidates"": 8, ""positive"": 5, ""reasons"": [], ""repeated"": 0, ""state"": ""nonzero_structure_gain_available"", ""zero_basis"": false}",False,True,True,34,34,upstream_goal_with_paid_return_reserve,upstream_goal_with_paid_return_reserve,76,76
dev_LOOP_S_b160_n92801__vs__dev_LOOP_G_b160_n92801,85,instance_0000,0.04062592608688864,True,,"[0.8525742072633665, 0.05897195144582021, 0.08845354027183641, 3.0101897684837525e-07]","[0.8119482811764779, 0.06637313686221381, 0.12167804956459642, 5.323967117176383e-07]","{""candidates"": 0, ""reasons"": [], ""state"": ""no_forecast_record"", ""zero_basis"": null}","{""candidates"": 0, ""reasons"": [], ""state"": ""no_forecast_record"", ""zero_basis"": null}",False,False,False,0,0,upstream_goal_with_paid_return_reserve,upstream_goal_with_paid_return_reserve,,
dev_LOOP_S_b160_n92801__vs__dev_LOOP_G_b160_n92801,86,instance_0000,0.04062592608688864,True,,"[0.8525742072633665, 0.05897195144582021, 0.08845354027183641, 3.0101897684837525e-07]","[0.8119482811764779, 0.06637313686221381, 0.12167804956459642, 5.323967117176383e-07]","{""candidates"": 0, ""reasons"": [], ""state"": ""no_forecast_record"", ""zero_basis"": null}","{""candidates"": 0, ""reasons"": [], ""state"": ""no_forecast_record"", ""zero_basis"": null}",False,False,False,0,0,upstream_goal_with_paid_return_reserve,upstream_goal_with_paid_return_reserve,,
dev_LOOP_S_b160_n92801__vs__dev_LOOP_G_b160_n92801,87,instance_0000,0.04062592608688864,True,,"[0.8525742072633665, 0.05897195144582021, 0.08845354027183641, 3.0101897684837525e-07]","[0.8119482811764779, 0.06637313686221381, 0.12167804956459642, 5.323967117176383e-07]","{""candidates"": 0, ""reasons"": [], ""state"": ""no_forecast_record"", ""zero_basis"": null}","{""candidates"": 0, ""reasons"": [], ""state"": ""no_forecast_record"", ""zero_basis"": null}",False,False,False,0,0,upstream_goal_with_paid_return_reserve,upstream_goal_with_paid_return_reserve,,
dev_LOOP_S_b160_n92801__vs__dev_LOOP_G_b160_n92801,89,instance_0000,0.040625848507402695,True,,"[0.8525743206222112, 0.058971959286770834, 0.08845355203267906, 1.6805833903378128e-07]","[0.8119484721148085, 0.0663731524705675, 0.1216780781784924, 2.972361316196873e-07]","{""candidates"": 0, ""reasons"": [], ""state"": ""no_forecast_record"", ""zero_basis"": null}","{""candidates"": 0, ""reasons"": [], ""state"": ""no_forecast_record"", ""zero_basis"": null}",False,False,False,0,0,upstream_goal_with_paid_return_reserve,upstream_goal_with_paid_return_reserve,,
dev_LOOP_S_b160_n92801__vs__dev_LOOP_G_b160_n92801,90,instance_0000,0.040625848507402695,True,,"[0.8525743206222112, 0.058971959286770834, 0.08845355203267906, 1.6805833903378128e-07]","[0.8119484721148085, 0.0663731524705675, 0.1216780781784924, 2.972361316196873e-07]","{""candidates"": 8, ""positive"": 4, ""reasons"": [], ""repeated"": 0, ""state"": ""nonzero_structure_gain_available"", ""zero_basis"": false}","{""candidates"": 8, ""positive"": 4, ""reasons"": [], ""repeated"": 0, ""state"": ""nonzero_structure_gain_available"", ""zero_basis"": false}",False,True,True,31,31,upstream_goal_with_paid_return_reserve,upstream_goal_with_paid_return_reserve,70,70
dev_LOOP_S_b160_n92801__vs__dev_LOOP_G_b160_n92801,96,instance_0000,0.04062576785680072,True,,"[0.8525744384684978, 0.05897196743811465, 0.08845356425908842, 2.98342991363974e-08]","[0.8119486706116971, 0.06637316869679943, 0.12167810792510898, 5.276639444397983e-08]","{""candidates"": 0, ""reasons"": [], ""state"": ""no_forecast_record"", ""zero_basis"": null}","{""candidates"": 0, ""reasons"": [], ""state"": ""no_forecast_record"", ""zero_basis"": null}",False,False,False,0,0,upstream_goal_with_paid_return_reserve,upstream_goal_with_paid_return_reserve,,
dev_LOOP_S_b160_n92801__vs__dev_LOOP_G_b160_n92801,97,instance_0000,0.04062576785680072,True,,"[0.8525744384684978, 0.05897196743811465, 0.08845356425908842, 2.98342991363974e-08]","[0.8119486706116971, 0.06637316869679943, 0.12167810792510898, 5.276639444397983e-08]","{""candidates"": 8, ""positive"": 5, ""reasons"": [], ""repeated"": 0, ""state"": ""nonzero_structure_gain_available"", ""zero_basis"": false}","{""candidates"": 8, ""positive"": 5, ""reasons"": [], ""repeated"": 0, ""state"": ""nonzero_structure_gain_available"", ""zero_basis"": false}",False,True,True,30,30,upstream_goal_with_paid_return_reserve,upstream_goal_with_paid_return_reserve,63,63
dev_LOOP_S_b160_n92801__vs__dev_LOOP_G_b160_n92801,98,instance_0000,0.04062576785680072,True,,"[0.8525744384684978, 0.05897196743811465, 0.08845356425908842, 2.98342991363974e-08]","[0.8119486706116971, 0.06637316869679943, 0.12167810792510898, 5.276639444397983e-08]","{""candidates"": 0, ""reasons"": [], ""state"": ""no_forecast_record"", ""zero_basis"": null}","{""candidates"": 0, ""reasons"": [], ""state"": ""no_forecast_record"", ""zero_basis"": null}",False,False,False,0,0,upstream_goal_with_paid_return_reserve,upstream_goal_with_paid_return_reserve,,
dev_LOOP_S_b160_n92801__vs__dev_LOOP_G_b160_n92801,99,instance_0000,0.04062576785680072,True,,"[0.8525744384684978, 0.05897196743811465, 0.08845356425908842, 2.98342991363974e-08]","[0.8119486706116971, 0.06637316869679943, 0.12167810792510898, 5.276639444397983e-08]","{""candidates"": 8, ""positive"": 6, ""reasons"": [], ""repeated"": 0, ""state"": ""nonzero_structure_gain_available"", ""zero_basis"": false}","{""candidates"": 8, ""positive"": 6, ""reasons"": [], ""repeated"": 0, ""state"": ""nonzero_structure_gain_available"", ""zero_basis"": false}",False,True,True,34,34,upstream_goal_with_paid_return_reserve,upstream_goal_with_paid_return_reserve,61,61
dev_LOOP_S_b160_n92801__vs__dev_LOOP_G_b160_n92801,100,instance_0000,0.04062576785680072,True,,"[0.8525744384684978, 0.05897196743811465, 0.08845356425908842, 2.98342991363974e-08]","[0.8119486706116971, 0.06637316869679943, 0.12167810792510898, 5.276639444397983e-08]","{""candidates"": 0, ""reasons"": [], ""state"": ""no_forecast_record"", ""zero_basis"": null}","{""candidates"": 0, ""reasons"": [], ""state"": ""no_forecast_record"", ""zero_basis"": null}",False,False,False,0,0,upstream_goal_with_paid_return_reserve,upstream_goal_with_paid_return_reserve,,
dev_LOOP_S_b160_n92801__vs__dev_LOOP_G_b160_n92801,101,instance_0000,0.04062576785680072,True,,"[0.8525744384684978, 0.05897196743811465, 0.08845356425908842, 2.98342991363974e-08]","[0.8119486706116971, 0.06637316869679943, 0.12167810792510898, 5.276639444397983e-08]","{""candidates"": 8, ""positive"": 5, ""reasons"": [], ""repeated"": 0, ""state"": ""nonzero_structure_gain_available"", ""zero_basis"": false}","{""candidates"": 8, ""positive"": 5, ""reasons"": [], ""repeated"": 0, ""state"": ""nonzero_structure_gain_available"", ""zero_basis"": false}",False,True,True,32,32,upstream_goal_with_paid_return_reserve,upstream_goal_with_paid_return_reserve,59,59
dev_LOOP_S_b160_n92801__vs__dev_LOOP_G_b160_n92801,102,instance_0000,0.04062576785680072,True,,"[0.8525744384684978, 0.05897196743811465, 0.08845356425908842, 2.98342991363974e-08]","[0.8119486706116971, 0.06637316869679943, 0.12167810792510898, 5.276639444397983e-08]","{""candidates"": 0, ""reasons"": [], ""state"": ""no_forecast_record"", ""zero_basis"": null}","{""candidates"": 0, ""reasons"": [], ""state"": ""no_forecast_record"", ""zero_basis"": null}",False,False,False,0,0,upstream_goal_with_paid_return_reserve,upstream_goal_with_paid_return_reserve,,
dev_LOOP_S_b160_n92801__vs__dev_LOOP_G_b160_n92801,103,instance_0000,0.04062576785680072,True,,"[0.8525744384684978, 0.05897196743811465, 0.08845356425908842, 2.98342991363974e-08]","[0.8119486706116971, 0.06637316869679943, 0.12167810792510898, 5.276639444397983e-08]","{""candidates"": 8, ""positive"": 4, ""reasons"": [], ""repeated"": 0, ""state"": ""nonzero_structure_gain_available"", ""zero_basis"": false}","{""candidates"": 8, ""positive"": 4, ""reasons"": [], ""repeated"": 0, ""state"": ""nonzero_structure_gain_available"", ""zero_basis"": false}",False,True,True,29,29,upstream_goal_with_paid_return_reserve,upstream_goal_with_paid_return_reserve,57,57
dev_LOOP_S_b160_n92801__vs__dev_LOOP_G_b160_n92801,104,instance_0000,0.04062576785680072,True,,"[0.8525744384684978, 0.05897196743811465, 0.08845356425908842, 2.98342991363974e-08]","[0.8119486706116971, 0.06637316869679943, 0.12167810792510898, 5.276639444397983e-08]","{""candidates"": 0, ""reasons"": [], ""state"": ""no_forecast_record"", ""zero_basis"": null}","{""candidates"": 0, ""reasons"": [], ""state"": ""no_forecast_record"", ""zero_basis"": null}",False,False,False,0,0,upstream_goal_with_paid_return_reserve,upstream_goal_with_paid_return_reserve,,
dev_LOOP_S_b160_n92801__vs__dev_LOOP_G_b160_n92801,105,instance_0000,0.04062575662887591,True,,"[0.8525744548746845, 0.05897196857291893, 0.08845356596121041, 1.0591186061555984e-08]","[0.8119486982458086, 0.06637317095576435, 0.12167811206633924, 1.8732087757946783e-08]","{""candidates"": 0, ""reasons"": [], ""state"": ""no_forecast_record"", ""zero_basis"": null}","{""candidates"": 0, ""reasons"": [], ""state"": ""no_forecast_record"", ""zero_basis"": null}",False,False,False,0,0,upstream_goal_with_paid_return_reserve,upstream_goal_with_paid_return_reserve,,
dev_LOOP_S_b160_n92801__vs__dev_LOOP_G_b160_n92801,106,instance_0000,0.04062575662887591,True,,"[0.8525744548746845, 0.05897196857291893, 0.08845356596121041, 1.0591186061555984e-08]","[0.8119486982458086, 0.06637317095576435, 0.12167811206633924, 1.8732087757946783e-08]","{""candidates"": 0, ""reasons"": [], ""state"": ""no_forecast_record"", ""zero_basis"": null}","{""candidates"": 0, ""reasons"": [], ""state"": ""no_forecast_record"", ""zero_basis"": null}",False,False,False,0,0,upstream_goal_with_paid_return_reserve,upstream_goal_with_paid_return_reserve,,
dev_LOOP_S_b160_n92801__vs__dev_LOOP_G_b160_n92801,107,instance_0000,0.04062575662887591,True,,"[0.8525744548746845, 0.05897196857291893, 0.08845356596121041, 1.0591186061555984e-08]","[0.8119486982458086, 0.06637317095576435, 0.12167811206633924, 1.8732087757946783e-08]","{""candidates"": 0, ""reasons"": [], ""state"": ""no_forecast_record"", ""zero_basis"": null}","{""candidates"": 0, ""reasons"": [], ""state"": ""no_forecast_record"", ""zero_basis"": null}",False,False,False,0,0,upstream_goal_with_paid_return_reserve,upstream_goal_with_paid_return_reserve,,
dev_LOOP_S_b160_n92801__vs__dev_LOOP_G_b160_n92801,108,instance_0000,0.04062575662887591,True,,"[0.8525744548746845, 0.05897196857291893, 0.08845356596121041, 1.0591186061555984e-08]","[0.8119486982458086, 0.06637317095576435, 0.12167811206633924, 1.8732087757946783e-08]","{""candidates"": 0, ""reasons"": [], ""state"": ""no_forecast_record"", ""zero_basis"": null}","{""candidates"": 0, ""reasons"": [], ""state"": ""no_forecast_record"", ""zero_basis"": null}",False,False,False,0,0,upstream_goal_with_paid_return_reserve,upstream_goal_with_paid_return_reserve,,
dev_LOOP_S_b160_n92801__vs__dev_LOOP_G_b160_n92801,109,instance_0000,0.04062575662887591,True,,"[0.8525744548746845, 0.05897196857291893, 0.08845356596121041, 1.0591186061555984e-08]","[0.8119486982458086, 0.06637317095576435, 0.12167811206633924, 1.8732087757946783e-08]","{""candidates"": 0, ""reasons"": [], ""state"": ""no_forecast_record"", ""zero_basis"": null}","{""candidates"": 0, ""reasons"": [], ""state"": ""no_forecast_record"", ""zero_basis"": null}",False,False,False,0,0,upstream_goal_with_paid_return_reserve,upstream_goal_with_paid_return_reserve,,
dev_LOOP_S_b160_n92801__vs__dev_LOOP_G_b160_n92801,110,instance_0000,0.04062575662887591,True,,"[0.8525744548746845, 0.05897196857291893, 0.08845356596121041, 1.0591186061555984e-08]","[0.8119486982458086, 0.06637317095576435, 0.12167811206633924, 1.8732087757946783e-08]","{""candidates"": 0, ""reasons"": [], ""state"": ""no_forecast_record"", ""zero_basis"": null}","{""candidates"": 0, ""reasons"": [], ""state"": ""no_forecast_record"", ""zero_basis"": null}",False,False,False,0,0,upstream_goal_with_paid_return_reserve,upstream_goal_with_paid_return_reserve,,
dev_LOOP_S_b160_n92801__vs__dev_LOOP_G_b160_n92801,111,instance_0000,0.04062575662887591,True,,"[0.8525744548746845, 0.05897196857291893, 0.08845356596121041, 1.0591186061555984e-08]","[0.8119486982458086, 0.06637317095576435, 0.12167811206633924, 1.8732087757946783e-08]","{""candidates"": 0, ""reasons"": [], ""state"": ""no_forecast_record"", ""zero_basis"": null}","{""candidates"": 0, ""reasons"": [], ""state"": ""no_forecast_record"", ""zero_basis"": null}",False,False,False,0,0,upstream_goal_with_paid_return_reserve,upstream_goal_with_paid_return_reserve,,
dev_LOOP_S_b160_n92801__vs__dev_LOOP_G_b160_n92801,112,instance_0000,0.04062575662887591,True,,"[0.8525744548746845, 0.05897196857291893, 0.08845356596121041, 1.0591186061555984e-08]","[0.8119486982458086, 0.06637317095576435, 0.12167811206633924, 1.8732087757946783e-08]","{""candidates"": 0, ""reasons"": [], ""state"": ""no_forecast_record"", ""zero_basis"": null}","{""candidates"": 0, ""reasons"": [], ""state"": ""no_forecast_record"", ""zero_basis"": null}",False,False,False,0,0,upstream_goal_with_paid_return_reserve,upstream_goal_with_paid_return_reserve,,
dev_LOOP_S_b160_n92801__vs__dev_LOOP_G_b160_n92801,113,instance_0000,0.04062575662887591,True,,"[0.8525744548746845, 0.05897196857291893, 0.08845356596121041, 1.0591186061555984e-08]","[0.8119486982458086, 0.06637317095576435, 0.12167811206633924, 1.8732087757946783e-08]","{""candidates"": 0, ""reasons"": [], ""state"": ""no_forecast_record"", ""zero_basis"": null}","{""candidates"": 0, ""reasons"": [], ""state"": ""no_forecast_record"", ""zero_basis"": null}",False,False,False,0,0,upstream_goal_with_paid_return_reserve,upstream_goal_with_paid_return_reserve,,
dev_LOOP_S_b160_n92801__vs__dev_LOOP_G_b160_n92801,114,instance_0000,0.04062575662887591,True,,"[0.8525744548746845, 0.05897196857291893, 0.08845356596121041, 1.0591186061555984e-08]","[0.8119486982458086, 0.06637317095576435, 0.12167811206633924, 1.8732087757946783e-08]","{""candidates"": 8, ""positive"": 3, ""reasons"": [], ""repeated"": 0, ""state"": ""nonzero_structure_gain_available"", ""zero_basis"": false}","{""candidates"": 8, ""positive"": 3, ""reasons"": [], ""repeated"": 0, ""state"": ""nonzero_structure_gain_available"", ""zero_basis"": false}",False,True,True,22,22,upstream_goal_with_paid_return_reserve,upstream_goal_with_paid_return_reserve,46,46
dev_LOOP_S_b160_n92801__vs__dev_LOOP_G_b160_n92801,115,instance_0000,0.04062575662887591,True,,"[0.8525744548746845, 0.05897196857291893, 0.08845356596121041, 1.0591186061555984e-08]","[0.8119486982458086, 0.06637317095576435, 0.12167811206633924, 1.8732087757946783e-08]","{""candidates"": 0, ""reasons"": [], ""state"": ""no_forecast_record"", ""zero_basis"": null}","{""candidates"": 0, ""reasons"": [], ""state"": ""no_forecast_record"", ""zero_basis"": null}",False,False,False,0,0,upstream_goal_with_paid_return_reserve,upstream_goal_with_paid_return_reserve,,
dev_LOOP_S_b160_n92801__vs__dev_LOOP_G_b160_n92801,116,instance_0000,0.04062575662887591,True,,"[0.8525744548746845, 0.05897196857291893, 0.08845356596121041, 1.0591186061555984e-08]","[0.8119486982458086, 0.06637317095576435, 0.12167811206633924, 1.8732087757946783e-08]","{""candidates"": 0, ""reasons"": [], ""state"": ""no_forecast_record"", ""zero_basis"": null}","{""candidates"": 0, ""reasons"": [], ""state"": ""no_forecast_record"", ""zero_basis"": null}",False,False,False,0,0,upstream_goal_with_paid_return_reserve,upstream_goal_with_paid_return_reserve,,
dev_LOOP_S_b160_n92801__vs__dev_LOOP_G_b160_n92801,117,instance_0000,0.04062575662887591,True,,"[0.8525744548746845, 0.05897196857291893, 0.08845356596121041, 1.0591186061555984e-08]","[0.8119486982458086, 0.06637317095576435, 0.12167811206633924, 1.8732087757946783e-08]","{""candidates"": 0, ""reasons"": [], ""state"": ""no_forecast_record"", ""zero_basis"": null}","{""candidates"": 0, ""reasons"": [], ""state"": ""no_forecast_record"", ""zero_basis"": null}",False,False,False,0,0,upstream_goal_with_paid_return_reserve,upstream_goal_with_paid_return_reserve,,
dev_LOOP_S_b160_n92801__vs__dev_LOOP_G_b160_n92801,118,instance_0000,0.04062575662887591,True,,"[0.8525744548746845, 0.05897196857291893, 0.08845356596121041, 1.0591186061555984e-08]","[0.8119486982458086, 0.06637317095576435, 0.12167811206633924, 1.8732087757946783e-08]","{""candidates"": 0, ""reasons"": [], ""state"": ""no_forecast_record"", ""zero_basis"": null}","{""candidates"": 0, ""reasons"": [], ""state"": ""no_forecast_record"", ""zero_basis"": null}",False,False,False,0,0,upstream_goal_with_paid_return_reserve,upstream_goal_with_paid_return_reserve,,
dev_LOOP_S_b160_n92801__vs__dev_LOOP_G_b160_n92801,120,instance_0000,0.04062575513194144,True,,"[0.8525744570619976, 0.05897196872421382, 0.0884535661881415, 8.025647071751658e-09]","[0.8119487019300562, 0.06637317125693508, 0.12167811261845822, 1.4194550514462321e-08]","{""candidates"": 0, ""reasons"": [], ""state"": ""no_forecast_record"", ""zero_basis"": null}","{""candidates"": 0, ""reasons"": [], ""state"": ""no_forecast_record"", ""zero_basis"": null}",False,False,False,0,0,upstream_goal_with_paid_return_reserve,upstream_goal_with_paid_return_reserve,,
dev_LOOP_S_b160_n92801__vs__dev_LOOP_G_b160_n92801,121,instance_0000,0.04062575513194144,True,,"[0.8525744570619976, 0.05897196872421382, 0.0884535661881415, 8.025647071751658e-09]","[0.8119487019300562, 0.06637317125693508, 0.12167811261845822, 1.4194550514462321e-08]","{""candidates"": 0, ""reasons"": [], ""state"": ""no_forecast_record"", ""zero_basis"": null}","{""candidates"": 0, ""reasons"": [], ""state"": ""no_forecast_record"", ""zero_basis"": null}",False,False,False,0,0,upstream_goal_with_paid_return_reserve,upstream_goal_with_paid_return_reserve,,
dev_LOOP_S_b160_n92801__vs__dev_LOOP_G_b160_n92801,122,instance_0000,0.04062575513194144,True,,"[0.8525744570619976, 0.05897196872421382, 0.0884535661881415, 8.025647071751658e-09]","[0.8119487019300562, 0.06637317125693508, 0.12167811261845822, 1.4194550514462321e-08]","{""candidates"": 0, ""reasons"": [], ""state"": ""no_forecast_record"", ""zero_basis"": null}","{""candidates"": 0, ""reasons"": [], ""state"": ""no_forecast_record"", ""zero_basis"": null}",False,False,False,0,0,upstream_goal_with_paid_return_reserve,upstream_goal_with_paid_return_reserve,,
dev_LOOP_S_b160_n92801__vs__dev_LOOP_G_b160_n92801,123,instance_0000,0.04062575513194144,True,,"[0.8525744570619976, 0.05897196872421382, 0.0884535661881415, 8.025647071751658e-09]","[0.8119487019300562, 0.06637317125693508, 0.12167811261845822, 1.4194550514462321e-08]","{""candidates"": 0, ""reasons"": [], ""state"": ""no_forecast_record"", ""zero_basis"": null}","{""candidates"": 0, ""reasons"": [], ""state"": ""no_forecast_record"", ""zero_basis"": null}",False,False,False,0,0,upstream_goal_with_paid_return_reserve,upstream_goal_with_paid_return_reserve,,
dev_LOOP_S_b160_n92801__vs__dev_LOOP_G_b160_n92801,124,instance_0000,0.04062575513194144,True,,"[0.8525744570619976, 0.05897196872421382, 0.0884535661881415, 8.025647071751658e-09]","[0.8119487019300562, 0.06637317125693508, 0.12167811261845822, 1.4194550514462321e-08]","{""candidates"": 0, ""reasons"": [], ""state"": ""no_forecast_record"", ""zero_basis"": null}","{""candidates"": 0, ""reasons"": [], ""state"": ""no_forecast_record"", ""zero_basis"": null}",False,False,False,0,0,upstream_goal_with_paid_return_reserve,upstream_goal_with_paid_return_reserve,,
dev_LOOP_S_b160_n92801__vs__dev_LOOP_G_b160_n92801,125,instance_0000,0.04062575513194144,True,,"[0.8525744570619976, 0.05897196872421382, 0.0884535661881415, 8.025647071751658e-09]","[0.8119487019300562, 0.06637317125693508, 0.12167811261845822, 1.4194550514462321e-08]","{""candidates"": 0, ""reasons"": [], ""state"": ""no_forecast_record"", ""zero_basis"": null}","{""candidates"": 0, ""reasons"": [], ""state"": ""no_forecast_record"", ""zero_basis"": null}",False,False,False,0,0,upstream_goal_with_paid_return_reserve,upstream_goal_with_paid_return_reserve,,
dev_LOOP_S_b160_n92801__vs__dev_LOOP_G_b160_n92801,126,instance_0000,0.04062575513194144,True,,"[0.8525744570619976, 0.05897196872421382, 0.0884535661881415, 8.025647071751658e-09]","[0.8119487019300562, 0.06637317125693508, 0.12167811261845822, 1.4194550514462321e-08]","{""candidates"": 0, ""reasons"": [], ""state"": ""no_forecast_record"", ""zero_basis"": null}","{""candidates"": 0, ""reasons"": [], ""state"": ""no_forecast_record"", ""zero_basis"": null}",False,False,False,0,0,upstream_goal_with_paid_return_reserve,upstream_goal_with_paid_return_reserve,,
dev_LOOP_S_b160_n92801__vs__dev_LOOP_G_b160_n92801,127,instance_0000,0.04062575513194144,True,,"[0.8525744570619976, 0.05897196872421382, 0.0884535661881415, 8.025647071751658e-09]","[0.8119487019300562, 0.06637317125693508, 0.12167811261845822, 1.4194550514462321e-08]","{""candidates"": 0, ""reasons"": [], ""state"": ""no_forecast_record"", ""zero_basis"": null}","{""candidates"": 0, ""reasons"": [], ""state"": ""no_forecast_record"", ""zero_basis"": null}",False,False,False,0,0,upstream_goal_with_paid_return_reserve,upstream_goal_with_paid_return_reserve,,
dev_LOOP_S_b160_n92801__vs__dev_LOOP_G_b160_n92801,128,instance_0000,0.04062575513194144,True,,"[0.8525744570619976, 0.05897196872421382, 0.0884535661881415, 8.025647071751658e-09]","[0.8119487019300562, 0.06637317125693508, 0.12167811261845822, 1.4194550514462321e-08]","{""candidates"": 0, ""reasons"": [], ""state"": ""no_forecast_record"", ""zero_basis"": null}","{""candidates"": 0, ""reasons"": [], ""state"": ""no_forecast_record"", ""zero_basis"": null}",False,False,False,0,0,upstream_goal_with_paid_return_reserve,upstream_goal_with_paid_return_reserve,,
dev_LOOP_S_b160_n92801__vs__dev_LOOP_G_b160_n92801,128,instance_0001,0.07500000000000001,True,,"[0.225, 0.25, 0.325, 0.19999999999999996]","[0.25, 0.25, 0.25, 0.25]","{""candidates"": 0, ""reasons"": [], ""state"": ""no_forecast_record"", ""zero_basis"": null}","{""candidates"": 0, ""reasons"": [], ""state"": ""no_forecast_record"", ""zero_basis"": null}",False,False,False,0,0,upstream_goal_with_paid_return_reserve,upstream_goal_with_paid_return_reserve,,
dev_LOOP_S_b160_n92801__vs__dev_LOOP_G_b160_n92801,131,instance_0001,0.07500000000000001,True,,"[0.225, 0.25, 0.325, 0.19999999999999996]","[0.25, 0.25, 0.25, 0.25]","{""candidates"": 0, ""reasons"": [], ""state"": ""no_forecast_record"", ""zero_basis"": null}","{""candidates"": 0, ""reasons"": [], ""state"": ""no_forecast_record"", ""zero_basis"": null}",False,False,False,0,0,upstream_goal_with_paid_return_reserve,upstream_goal_with_paid_return_reserve,,
dev_LOOP_S_b160_n92801__vs__dev_LOOP_G_b160_n92801,132,instance_0001,0.07500000000000001,True,,"[0.225, 0.25, 0.325, 0.19999999999999996]","[0.25, 0.25, 0.25, 0.25]","{""candidates"": 0, ""reasons"": [], ""state"": ""no_forecast_record"", ""zero_basis"": null}","{""candidates"": 0, ""reasons"": [], ""state"": ""no_forecast_record"", ""zero_basis"": null}",False,False,False,0,0,upstream_goal_with_paid_return_reserve,upstream_goal_with_paid_return_reserve,,
dev_LOOP_S_b160_n92801__vs__dev_LOOP_G_b160_n92801,133,instance_0001,0.08496413056694646,True,,"[0.14558349934570172, 0.235968562504621, 0.5292784262332902, 0.0891695119163871]","[0.17653023184497413, 0.2575156299364382, 0.4443142956663438, 0.12163984255224403]","{""candidates"": 0, ""reasons"": [], ""state"": ""no_forecast_record"", ""zero_basis"": null}","{""candidates"": 0, ""reasons"": [], ""state"": ""no_forecast_record"", ""zero_basis"": null}",False,False,False,0,0,upstream_goal_with_paid_return_reserve,upstream_goal_with_paid_return_reserve,,
dev_LOOP_S_b160_n92801__vs__dev_LOOP_G_b160_n92801,134,instance_0001,0.08496413056694646,True,,"[0.14558349934570172, 0.235968562504621, 0.5292784262332902, 0.0891695119163871]","[0.17653023184497413, 0.2575156299364382, 0.4443142956663438, 0.12163984255224403]","{""candidates"": 0, ""reasons"": [], ""state"": ""no_forecast_record"", ""zero_basis"": null}","{""candidates"": 0, ""reasons"": [], ""state"": ""no_forecast_record"", ""zero_basis"": null}",False,False,False,0,0,upstream_goal_with_paid_return_reserve,upstream_goal_with_paid_return_reserve,,
dev_LOOP_S_b160_n92801__vs__dev_LOOP_G_b160_n92801,135,instance_0001,0.08496413056694646,True,,"[0.14558349934570172, 0.235968562504621, 0.5292784262332902, 0.0891695119163871]","[0.17653023184497413, 0.2575156299364382, 0.4443142956663438, 0.12163984255224403]","{""candidates"": 0, ""reasons"": [], ""state"": ""no_forecast_record"", ""zero_basis"": null}","{""candidates"": 0, ""reasons"": [], ""state"": ""no_forecast_record"", ""zero_basis"": null}",False,False,False,0,0,upstream_goal_with_paid_return_reserve,upstream_goal_with_paid_return_reserve,,
dev_LOOP_S_b160_n92801__vs__dev_LOOP_G_b160_n92801,136,instance_0001,0.08496413056694646,True,,"[0.14558349934570172, 0.235968562504621, 0.5292784262332902, 0.0891695119163871]","[0.17653023184497413, 0.2575156299364382, 0.4443142956663438, 0.12163984255224403]","{""candidates"": 8, ""positive"": 6, ""reasons"": [], ""repeated"": 0, ""state"": ""nonzero_structure_gain_available"", ""zero_basis"": false}","{""candidates"": 8, ""positive"": 6, ""reasons"": [], ""repeated"": 0, ""state"": ""nonzero_structure_gain_available"", ""zero_basis"": false}",False,True,True,6,6,upstream_goal_with_paid_return_reserve,upstream_goal_with_paid_return_reserve,24,24
dev_LOOP_S_b160_n92801__vs__dev_LOOP_G_b160_n92801,139,instance_0001,0.07813043956671784,True,,"[0.16647715780354538, 0.07611861729997633, 0.7164999173640547, 0.040904307532423516]","[0.21424537972216307, 0.08816378207239507, 0.6383694777973369, 0.05922136040810505]","{""candidates"": 8, ""positive"": 4, ""reasons"": [], ""repeated"": 0, ""state"": ""nonzero_structure_gain_available"", ""zero_basis"": false}","{""candidates"": 8, ""positive"": 4, ""reasons"": [], ""repeated"": 0, ""state"": ""nonzero_structure_gain_available"", ""zero_basis"": false}",False,True,True,0,0,return,return,21,21
dev_LOOP_S_b160_n92801__vs__dev_LOOP_G_b160_n92801,140,instance_0001,0.07813043956671784,True,,"[0.16647715780354538, 0.07611861729997633, 0.7164999173640547, 0.040904307532423516]","[0.21424537972216307, 0.08816378207239507, 0.6383694777973369, 0.05922136040810505]","{""candidates"": 8, ""positive"": 3, ""reasons"": [], ""repeated"": 0, ""state"": ""nonzero_structure_gain_available"", ""zero_basis"": false}","{""candidates"": 8, ""positive"": 3, ""reasons"": [], ""repeated"": 0, ""state"": ""nonzero_structure_gain_available"", ""zero_basis"": false}",False,True,True,0,0,return,return,20,20
dev_LOOP_S_b160_n92801__vs__dev_LOOP_G_b160_n92801,141,instance_0001,0.07813043956671784,True,,"[0.16647715780354538, 0.07611861729997633, 0.7164999173640547, 0.040904307532423516]","[0.21424537972216307, 0.08816378207239507, 0.6383694777973369, 0.05922136040810505]","{""candidates"": 8, ""positive"": 3, ""reasons"": [], ""repeated"": 0, ""state"": ""nonzero_structure_gain_available"", ""zero_basis"": false}","{""candidates"": 8, ""positive"": 3, ""reasons"": [], ""repeated"": 0, ""state"": ""nonzero_structure_gain_available"", ""zero_basis"": false}",False,True,True,0,0,return,return,19,19
dev_LOOP_S_b160_n92801__vs__dev_LOOP_G_b160_n92801,142,instance_0000,0.040625752070254206,True,,"[0.8525744615357191, 0.058971969033657964, 0.0884535666522847, 2.7783381731750427e-09]","[0.8119487094654649, 0.06637317187292102, 0.12167811374770977, 4.9139043060173265e-09]","{""candidates"": 8, ""positive"": 6, ""reasons"": [], ""repeated"": 0, ""state"": ""nonzero_structure_gain_available"", ""zero_basis"": false}","{""candidates"": 8, ""positive"": 6, ""reasons"": [], ""repeated"": 0, ""state"": ""nonzero_structure_gain_available"", ""zero_basis"": false}",False,True,True,0,0,return,return,18,18
dev_LOOP_S_b160_n92801__vs__dev_LOOP_G_b160_n92801,142,instance_0001,0.07813043956671784,True,,"[0.16647715780354538, 0.07611861729997633, 0.7164999173640547, 0.040904307532423516]","[0.21424537972216307, 0.08816378207239507, 0.6383694777973369, 0.05922136040810505]","{""candidates"": 8, ""positive"": 4, ""reasons"": [], ""repeated"": 0, ""state"": ""nonzero_structure_gain_available"", ""zero_basis"": false}","{""candidates"": 8, ""positive"": 4, ""reasons"": [], ""repeated"": 0, ""state"": ""nonzero_structure_gain_available"", ""zero_basis"": false}",False,True,True,0,0,return,return,18,18
dev_LOOP_S_b160_n92801__vs__dev_LOOP_G_b160_n92801,143,instance_0000,0.04062575103528976,True,,"[0.8525744630480041, 0.05897196913826164, 0.08845356680918241, 1.0045519007059962e-09]","[0.8119487120127143, 0.06637317208114728, 0.12167811412943898, 1.7766994546910053e-09]","{""candidates"": 8, ""positive"": 6, ""reasons"": [], ""repeated"": 0, ""state"": ""nonzero_structure_gain_available"", ""zero_basis"": false}","{""candidates"": 8, ""positive"": 6, ""reasons"": [], ""repeated"": 0, ""state"": ""nonzero_structure_gain_available"", ""zero_basis"": false}",False,True,True,0,0,return,return,17,17
dev_LOOP_S_b160_n92801__vs__dev_LOOP_G_b160_n92801,143,instance_0001,0.07813043956671784,True,,"[0.16647715780354538, 0.07611861729997633, 0.7164999173640547, 0.040904307532423516]","[0.21424537972216307, 0.08816378207239507, 0.6383694777973369, 0.05922136040810505]","{""candidates"": 8, ""positive"": 4, ""reasons"": [], ""repeated"": 0, ""state"": ""nonzero_structure_gain_available"", ""zero_basis"": false}","{""candidates"": 8, ""positive"": 4, ""reasons"": [], ""repeated"": 0, ""state"": ""nonzero_structure_gain_available"", ""zero_basis"": false}",False,True,True,0,0,return,return,17,17
dev_LOOP_S_b160_n92801__vs__dev_LOOP_G_b160_n92801,144,instance_0000,0.0406257506851011,True,,"[0.852574463559698, 0.05897196917365514, 0.08845356686227003, 4.0437689897847914e-10]","[0.8119487128745969, 0.0663731721516023, 0.1216781142586001, 7.15200693693589e-10]","{""candidates"": 8, ""positive"": 6, ""reasons"": [], ""repeated"": 0, ""state"": ""nonzero_structure_gain_available"", ""zero_basis"": false}","{""candidates"": 8, ""positive"": 6, ""reasons"": [], ""repeated"": 0, ""state"": ""nonzero_structure_gain_available"", ""zero_basis"": false}",False,True,True,0,0,return,return,16,16
dev_LOOP_S_b160_n92801__vs__dev_LOOP_G_b160_n92801,144,instance_0001,0.07813043956671784,True,,"[0.16647715780354538, 0.07611861729997633, 0.7164999173640547, 0.040904307532423516]","[0.21424537972216307, 0.08816378207239507, 0.6383694777973369, 0.05922136040810505]","{""candidates"": 8, ""positive"": 2, ""reasons"": [], ""repeated"": 0, ""state"": ""nonzero_structure_gain_available"", ""zero_basis"": false}","{""candidates"": 8, ""positive"": 2, ""reasons"": [], ""repeated"": 0, ""state"": ""nonzero_structure_gain_available"", ""zero_basis"": false}",False,True,True,0,0,return,return,16,16
dev_LOOP_S_b160_n92801__vs__dev_LOOP_G_b160_n92801,145,instance_0000,0.04062575052940942,True,,"[0.8525744637871937, 0.05897196918939086, 0.08845356688587246, 1.3754301665155048e-10]","[0.8119487132577843, 0.06637317218292615, 0.12167811431602434, 2.432652834288367e-10]","{""candidates"": 8, ""positive"": 5, ""reasons"": [], ""repeated"": 0, ""state"": ""nonzero_structure_gain_available"", ""zero_basis"": false}","{""candidates"": 8, ""positive"": 5, ""reasons"": [], ""repeated"": 0, ""state"": ""nonzero_structure_gain_available"", ""zero_basis"": false}",False,True,True,0,0,return,return,15,15
dev_LOOP_S_b160_n92801__vs__dev_LOOP_G_b160_n92801,145,instance_0001,0.07813043956671784,True,,"[0.16647715780354538, 0.07611861729997633, 0.7164999173640547, 0.040904307532423516]","[0.21424537972216307, 0.08816378207239507, 0.6383694777973369, 0.05922136040810505]","{""candidates"": 8, ""positive"": 3, ""reasons"": [], ""repeated"": 0, ""state"": ""nonzero_structure_gain_available"", ""zero_basis"": false}","{""candidates"": 8, ""positive"": 3, ""reasons"": [], ""repeated"": 0, ""state"": ""nonzero_structure_gain_available"", ""zero_basis"": false}",False,True,True,0,0,return,return,15,15
dev_LOOP_S_b160_n92801__vs__dev_LOOP_G_b160_n92801,146,instance_0001,0.07813043956671784,True,,"[0.16647715780354538, 0.07611861729997633, 0.7164999173640547, 0.040904307532423516]","[0.21424537972216307, 0.08816378207239507, 0.6383694777973369, 0.05922136040810505]","{""candidates"": 8, ""positive"": 1, ""reasons"": [], ""repeated"": 0, ""state"": ""nonzero_structure_gain_available"", ""zero_basis"": false}","{""candidates"": 8, ""positive"": 1, ""reasons"": [], ""repeated"": 0, ""state"": ""nonzero_structure_gain_available"", ""zero_basis"": false}",False,True,True,0,0,return,return,14,14
dev_LOOP_S_b160_n92801__vs__dev_LOOP_G_b160_n92801,147,instance_0001,0.07813043956671784,True,,"[0.16647715780354538, 0.07611861729997633, 0.7164999173640547, 0.040904307532423516]","[0.21424537972216307, 0.08816378207239507, 0.6383694777973369, 0.05922136040810505]","{""candidates"": 8, ""positive"": 2, ""reasons"": [], ""repeated"": 0, ""state"": ""nonzero_structure_gain_available"", ""zero_basis"": false}","{""candidates"": 8, ""positive"": 2, ""reasons"": [], ""repeated"": 0, ""state"": ""nonzero_structure_gain_available"", ""zero_basis"": false}",False,True,True,0,0,return,return,13,13
dev_LOOP_S_b160_n92801__vs__dev_LOOP_G_b160_n92801,148,instance_0000,0.04062575052940942,True,,"[0.8525744637871937, 0.05897196918939086, 0.08845356688587246, 1.3754301665155048e-10]","[0.8119487132577843, 0.06637317218292615, 0.12167811431602434, 2.432652834288367e-10]","{""candidates"": 8, ""positive"": 7, ""reasons"": [], ""repeated"": 0, ""state"": ""nonzero_structure_gain_available"", ""zero_basis"": false}","{""candidates"": 8, ""positive"": 7, ""reasons"": [], ""repeated"": 0, ""state"": ""nonzero_structure_gain_available"", ""zero_basis"": false}",False,True,True,0,0,return,return,12,12
dev_LOOP_S_b160_n92801__vs__dev_LOOP_G_b160_n92801,148,instance_0001,0.07813043956671784,True,,"[0.16647715780354538, 0.07611861729997633, 0.7164999173640547, 0.040904307532423516]","[0.21424537972216307, 0.08816378207239507, 0.6383694777973369, 0.05922136040810505]","{""candidates"": 8, ""positive"": 1, ""reasons"": [], ""repeated"": 0, ""state"": ""nonzero_structure_gain_available"", ""zero_basis"": false}","{""candidates"": 8, ""positive"": 1, ""reasons"": [], ""repeated"": 0, ""state"": ""nonzero_structure_gain_available"", ""zero_basis"": false}",False,True,True,0,0,return,return,12,12
dev_LOOP_S_b160_n92801__vs__dev_LOOP_G_b160_n92801,149,instance_0000,0.04062575052940942,True,,"[0.8525744637871937, 0.05897196918939086, 0.08845356688587246, 1.3754301665155048e-10]","[0.8119487132577843, 0.06637317218292615, 0.12167811431602434, 2.432652834288367e-10]","{""candidates"": 8, ""positive"": 7, ""reasons"": [], ""repeated"": 0, ""state"": ""nonzero_structure_gain_available"", ""zero_basis"": false}","{""candidates"": 8, ""positive"": 7, ""reasons"": [], ""repeated"": 0, ""state"": ""nonzero_structure_gain_available"", ""zero_basis"": false}",False,True,True,0,0,return,return,11,11
dev_LOOP_S_b160_n92801__vs__dev_LOOP_G_b160_n92801,149,instance_0001,0.07813043956671784,True,,"[0.16647715780354538, 0.07611861729997633, 0.7164999173640547, 0.040904307532423516]","[0.21424537972216307, 0.08816378207239507, 0.6383694777973369, 0.05922136040810505]","{""candidates"": 8, ""positive"": 3, ""reasons"": [], ""repeated"": 0, ""state"": ""nonzero_structure_gain_available"", ""zero_basis"": false}","{""candidates"": 8, ""positive"": 3, ""reasons"": [], ""repeated"": 0, ""state"": ""nonzero_structure_gain_available"", ""zero_basis"": false}",False,True,True,0,0,return,return,11,11
dev_LOOP_S_b160_n92801__vs__dev_LOOP_G_b160_n92801,150,instance_0000,0.04062575052940942,True,,"[0.8525744637871937, 0.05897196918939086, 0.08845356688587246, 1.3754301665155048e-10]","[0.8119487132577843, 0.06637317218292615, 0.12167811431602434, 2.432652834288367e-10]","{""candidates"": 8, ""positive"": 7, ""reasons"": [], ""repeated"": 0, ""state"": ""nonzero_structure_gain_available"", ""zero_basis"": false}","{""candidates"": 8, ""positive"": 7, ""reasons"": [], ""repeated"": 0, ""state"": ""nonzero_structure_gain_available"", ""zero_basis"": false}",False,True,True,0,0,return,return,10,10
dev_LOOP_S_b160_n92801__vs__dev_LOOP_G_b160_n92801,150,instance_0001,0.07813043956671784,True,,"[0.16647715780354538, 0.07611861729997633, 0.7164999173640547, 0.040904307532423516]","[0.21424537972216307, 0.08816378207239507, 0.6383694777973369, 0.05922136040810505]","{""candidates"": 8, ""positive"": 5, ""reasons"": [], ""repeated"": 0, ""state"": ""nonzero_structure_gain_available"", ""zero_basis"": false}","{""candidates"": 8, ""positive"": 5, ""reasons"": [], ""repeated"": 0, ""state"": ""nonzero_structure_gain_available"", ""zero_basis"": false}",False,True,True,0,0,return,return,10,10
dev_LOOP_S_b160_n92801__vs__dev_LOOP_G_b160_n92801,151,instance_0000,0.04062575052940942,True,,"[0.8525744637871937, 0.05897196918939086, 0.08845356688587246, 1.3754301665155048e-10]","[0.8119487132577843, 0.06637317218292615, 0.12167811431602434, 2.432652834288367e-10]","{""candidates"": 8, ""positive"": 8, ""reasons"": [], ""repeated"": 0, ""state"": ""nonzero_structure_gain_available"", ""zero_basis"": false}","{""candidates"": 8, ""positive"": 8, ""reasons"": [], ""repeated"": 0, ""state"": ""nonzero_structure_gain_available"", ""zero_basis"": false}",False,True,True,0,0,return,return,9,9
dev_LOOP_S_b160_n92801__vs__dev_LOOP_G_b160_n92801,151,instance_0001,0.07813043956671784,True,,"[0.16647715780354538, 0.07611861729997633, 0.7164999173640547, 0.040904307532423516]","[0.21424537972216307, 0.08816378207239507, 0.6383694777973369, 0.05922136040810505]","{""candidates"": 8, ""positive"": 6, ""reasons"": [], ""repeated"": 0, ""state"": ""nonzero_structure_gain_available"", ""zero_basis"": false}","{""candidates"": 8, ""positive"": 6, ""reasons"": [], ""repeated"": 0, ""state"": ""nonzero_structure_gain_available"", ""zero_basis"": false}",False,True,True,0,0,return,return,9,9
dev_LOOP_S_b160_n92801__vs__dev_LOOP_G_b160_n92801,152,instance_0000,0.04062575052940942,True,,"[0.8525744637871937, 0.05897196918939086, 0.08845356688587246, 1.3754301665155048e-10]","[0.8119487132577843, 0.06637317218292615, 0.12167811431602434, 2.432652834288367e-10]","{""candidates"": 8, ""positive"": 8, ""reasons"": [], ""repeated"": 0, ""state"": ""nonzero_structure_gain_available"", ""zero_basis"": false}","{""candidates"": 8, ""positive"": 8, ""reasons"": [], ""repeated"": 0, ""state"": ""nonzero_structure_gain_available"", ""zero_basis"": false}",False,True,True,0,0,return,return,8,8
dev_LOOP_S_b160_n92801__vs__dev_LOOP_G_b160_n92801,152,instance_0001,0.07813043956671784,True,,"[0.16647715780354538, 0.07611861729997633, 0.7164999173640547, 0.040904307532423516]","[0.21424537972216307, 0.08816378207239507, 0.6383694777973369, 0.05922136040810505]","{""candidates"": 8, ""positive"": 6, ""reasons"": [], ""repeated"": 0, ""state"": ""nonzero_structure_gain_available"", ""zero_basis"": false}","{""candidates"": 8, ""positive"": 6, ""reasons"": [], ""repeated"": 0, ""state"": ""nonzero_structure_gain_available"", ""zero_basis"": false}",False,True,True,0,0,return,return,8,8
dev_LOOP_S_b160_n92801__vs__dev_LOOP_G_b160_n92801,153,instance_0000,0.04062575052940942,True,,"[0.8525744637871937, 0.05897196918939086, 0.08845356688587246, 1.3754301665155048e-10]","[0.8119487132577843, 0.06637317218292615, 0.12167811431602434, 2.432652834288367e-10]","{""candidates"": 8, ""positive"": 7, ""reasons"": [], ""repeated"": 0, ""state"": ""nonzero_structure_gain_available"", ""zero_basis"": false}","{""candidates"": 8, ""positive"": 7, ""reasons"": [], ""repeated"": 0, ""state"": ""nonzero_structure_gain_available"", ""zero_basis"": false}",False,True,True,0,0,return,return,7,7
dev_LOOP_S_b160_n92801__vs__dev_LOOP_G_b160_n92801,153,instance_0001,0.07813043956671784,True,,"[0.16647715780354538, 0.07611861729997633, 0.7164999173640547, 0.040904307532423516]","[0.21424537972216307, 0.08816378207239507, 0.6383694777973369, 0.05922136040810505]","{""candidates"": 8, ""positive"": 7, ""reasons"": [], ""repeated"": 0, ""state"": ""nonzero_structure_gain_available"", ""zero_basis"": false}","{""candidates"": 8, ""positive"": 7, ""reasons"": [], ""repeated"": 0, ""state"": ""nonzero_structure_gain_available"", ""zero_basis"": false}",False,True,True,0,0,return,return,7,7
dev_LOOP_S_b160_n92801__vs__dev_LOOP_G_b160_n92801,154,instance_0000,0.04062575052940942,True,,"[0.8525744637871937, 0.05897196918939086, 0.08845356688587246, 1.3754301665155048e-10]","[0.8119487132577843, 0.06637317218292615, 0.12167811431602434, 2.432652834288367e-10]","{""candidates"": 8, ""positive"": 8, ""reasons"": [], ""repeated"": 0, ""state"": ""nonzero_structure_gain_available"", ""zero_basis"": false}","{""candidates"": 8, ""positive"": 8, ""reasons"": [], ""repeated"": 0, ""state"": ""nonzero_structure_gain_available"", ""zero_basis"": false}",False,True,True,0,0,return,return,6,6
dev_LOOP_S_b160_n92801__vs__dev_LOOP_G_b160_n92801,154,instance_0001,0.07813043956671784,True,,"[0.16647715780354538, 0.07611861729997633, 0.7164999173640547, 0.040904307532423516]","[0.21424537972216307, 0.08816378207239507, 0.6383694777973369, 0.05922136040810505]","{""candidates"": 8, ""positive"": 8, ""reasons"": [], ""repeated"": 0, ""state"": ""nonzero_structure_gain_available"", ""zero_basis"": false}","{""candidates"": 8, ""positive"": 8, ""reasons"": [], ""repeated"": 0, ""state"": ""nonzero_structure_gain_available"", ""zero_basis"": false}",False,True,True,0,0,return,return,6,6
dev_LOOP_S_b160_n92801__vs__dev_LOOP_G_b160_n92801,155,instance_0000,0.04062575052940942,True,,"[0.8525744637871937, 0.05897196918939086, 0.08845356688587246, 1.3754301665155048e-10]","[0.8119487132577843, 0.06637317218292615, 0.12167811431602434, 2.432652834288367e-10]","{""candidates"": 8, ""positive"": 8, ""reasons"": [], ""repeated"": 0, ""state"": ""nonzero_structure_gain_available"", ""zero_basis"": false}","{""candidates"": 8, ""positive"": 8, ""reasons"": [], ""repeated"": 0, ""state"": ""nonzero_structure_gain_available"", ""zero_basis"": false}",False,True,True,0,0,return,return,5,5
dev_LOOP_S_b160_n92801__vs__dev_LOOP_G_b160_n92801,155,instance_0001,0.07813043956671784,True,,"[0.16647715780354538, 0.07611861729997633, 0.7164999173640547, 0.040904307532423516]","[0.21424537972216307, 0.08816378207239507, 0.6383694777973369, 0.05922136040810505]","{""candidates"": 8, ""positive"": 8, ""reasons"": [], ""repeated"": 0, ""state"": ""nonzero_structure_gain_available"", ""zero_basis"": false}","{""candidates"": 8, ""positive"": 8, ""reasons"": [], ""repeated"": 0, ""state"": ""nonzero_structure_gain_available"", ""zero_basis"": false}",False,True,True,0,0,return,return,5,5
dev_LOOP_S_b160_n92801__vs__dev_LOOP_G_b160_n92801,156,instance_0000,0.04062575052940942,True,,"[0.8525744637871937, 0.05897196918939086, 0.08845356688587246, 1.3754301665155048e-10]","[0.8119487132577843, 0.06637317218292615, 0.12167811431602434, 2.432652834288367e-10]","{""candidates"": 8, ""positive"": 8, ""reasons"": [], ""repeated"": 0, ""state"": ""nonzero_structure_gain_available"", ""zero_basis"": false}","{""candidates"": 8, ""positive"": 8, ""reasons"": [], ""repeated"": 0, ""state"": ""nonzero_structure_gain_available"", ""zero_basis"": false}",False,True,True,0,0,return,return,4,4
dev_LOOP_S_b160_n92801__vs__dev_LOOP_G_b160_n92801,156,instance_0001,0.07813043956671784,True,,"[0.16647715780354538, 0.07611861729997633, 0.7164999173640547, 0.040904307532423516]","[0.21424537972216307, 0.08816378207239507, 0.6383694777973369, 0.05922136040810505]","{""candidates"": 8, ""positive"": 8, ""reasons"": [], ""repeated"": 0, ""state"": ""nonzero_structure_gain_available"", ""zero_basis"": false}","{""candidates"": 8, ""positive"": 8, ""reasons"": [], ""repeated"": 0, ""state"": ""nonzero_structure_gain_available"", ""zero_basis"": false}",False,True,True,0,0,return,return,4,4
dev_LOOP_S_b160_n92801__vs__dev_LOOP_G_b160_n92801,157,instance_0000,0.04062575052940942,True,,"[0.8525744637871937, 0.05897196918939086, 0.08845356688587246, 1.3754301665155048e-10]","[0.8119487132577843, 0.06637317218292615, 0.12167811431602434, 2.432652834288367e-10]","{""candidates"": 8, ""positive"": 8, ""reasons"": [], ""repeated"": 0, ""state"": ""nonzero_structure_gain_available"", ""zero_basis"": false}","{""candidates"": 8, ""positive"": 8, ""reasons"": [], ""repeated"": 0, ""state"": ""nonzero_structure_gain_available"", ""zero_basis"": false}",False,True,True,0,0,return,return,3,3
dev_LOOP_S_b160_n92801__vs__dev_LOOP_G_b160_n92801,157,instance_0001,0.07813043956671784,True,,"[0.16647715780354538, 0.07611861729997633, 0.7164999173640547, 0.040904307532423516]","[0.21424537972216307, 0.08816378207239507, 0.6383694777973369, 0.05922136040810505]","{""candidates"": 8, ""positive"": 8, ""reasons"": [], ""repeated"": 0, ""state"": ""nonzero_structure_gain_available"", ""zero_basis"": false}","{""candidates"": 8, ""positive"": 8, ""reasons"": [], ""repeated"": 0, ""state"": ""nonzero_structure_gain_available"", ""zero_basis"": false}",False,True,True,0,0,return,return,3,3
dev_LOOP_S_b160_n92801__vs__dev_LOOP_G_b160_n92801,158,instance_0000,0.04062575052940942,True,,"[0.8525744637871937, 0.05897196918939086, 0.08845356688587246, 1.3754301665155048e-10]","[0.8119487132577843, 0.06637317218292615, 0.12167811431602434, 2.432652834288367e-10]","{""candidates"": 8, ""positive"": 8, ""reasons"": [], ""repeated"": 0, ""state"": ""nonzero_structure_gain_available"", ""zero_basis"": false}","{""candidates"": 8, ""positive"": 8, ""reasons"": [], ""repeated"": 0, ""state"": ""nonzero_structure_gain_available"", ""zero_basis"": false}",False,True,True,0,0,return,return,2,2
dev_LOOP_S_b160_n92801__vs__dev_LOOP_G_b160_n92801,158,instance_0001,0.07813043956671784,True,,"[0.16647715780354538, 0.07611861729997633, 0.7164999173640547, 0.040904307532423516]","[0.21424537972216307, 0.08816378207239507, 0.6383694777973369, 0.05922136040810505]","{""candidates"": 8, ""positive"": 8, ""reasons"": [], ""repeated"": 0, ""state"": ""nonzero_structure_gain_available"", ""zero_basis"": false}","{""candidates"": 8, ""positive"": 8, ""reasons"": [], ""repeated"": 0, ""state"": ""nonzero_structure_gain_available"", ""zero_basis"": false}",False,True,True,0,0,return,return,2,2
dev_LOOP_S_b160_n92801__vs__dev_LOOP_G_b160_n92801,159,instance_0000,0.04062575052940942,True,,"[0.8525744637871937, 0.05897196918939086, 0.08845356688587246, 1.3754301665155048e-10]","[0.8119487132577843, 0.06637317218292615, 0.12167811431602434, 2.432652834288367e-10]","{""candidates"": 8, ""positive"": 8, ""reasons"": [], ""repeated"": 0, ""state"": ""nonzero_structure_gain_available"", ""zero_basis"": false}","{""candidates"": 8, ""positive"": 8, ""reasons"": [], ""repeated"": 0, ""state"": ""nonzero_structure_gain_available"", ""zero_basis"": false}",False,True,True,0,0,return,return,1,1
dev_LOOP_S_b160_n92801__vs__dev_LOOP_G_b160_n92801,159,instance_0001,0.07813043956671784,True,,"[0.16647715780354538, 0.07611861729997633, 0.7164999173640547, 0.040904307532423516]","[0.21424537972216307, 0.08816378207239507, 0.6383694777973369, 0.05922136040810505]","{""candidates"": 8, ""positive"": 8, ""reasons"": [], ""repeated"": 0, ""state"": ""nonzero_structure_gain_available"", ""zero_basis"": false}","{""candidates"": 8, ""positive"": 8, ""reasons"": [], ""repeated"": 0, ""state"": ""nonzero_structure_gain_available"", ""zero_basis"": false}",False,True,True,0,0,return,return,1,1
dev_LOOP_S_b160_n92801__vs__dev_LOOP_G_b160_n92801,160,instance_0000,0.0200667832445105,True,,"[0.937237069120559, 0.022905630333119098, 0.039857300508048685, 3.8273167210633e-11]","[0.9171702858760485, 0.026490699948970037, 0.05633901410542453, 6.955690253079316e-11]","{""candidates"": 8, ""positive"": 8, ""reasons"": [], ""repeated"": 0, ""state"": ""nonzero_structure_gain_available"", ""zero_basis"": false}","{""candidates"": 8, ""positive"": 8, ""reasons"": [], ""repeated"": 0, ""state"": ""nonzero_structure_gain_available"", ""zero_basis"": false}",False,True,True,0,0,home_xy_and_yaw_reached,home_xy_and_yaw_reached,0,0
dev_LOOP_S_b160_n92801__vs__dev_LOOP_G_b160_n92801,160,instance_0001,0.07813043956671784,True,,"[0.16647715780354538, 0.07611861729997633, 0.7164999173640547, 0.040904307532423516]","[0.21424537972216307, 0.08816378207239507, 0.6383694777973369, 0.05922136040810505]","{""candidates"": 8, ""positive"": 8, ""reasons"": [], ""repeated"": 0, ""state"": ""nonzero_structure_gain_available"", ""zero_basis"": false}","{""candidates"": 8, ""positive"": 8, ""reasons"": [], ""repeated"": 0, ""state"": ""nonzero_structure_gain_available"", ""zero_basis"": false}",False,True,True,0,0,home_xy_and_yaw_reached,home_xy_and_yaw_reached,0,0
dev_LOOP_S_b160_n92801__vs__dev_LOOP_NBV_b160_n92801,2,instance_0000,0.07500000000000001,True,,"[0.325, 0.275, 0.225, 0.175]","[0.25, 0.25, 0.25, 0.25]","{""candidates"": 0, ""reasons"": [], ""state"": ""no_forecast_record"", ""zero_basis"": null}","{""candidates"": 0, ""reasons"": [], ""state"": ""no_forecast_record"", ""zero_basis"": null}",False,False,False,0,0,upstream_goal_with_paid_return_reserve,upstream_goal_with_paid_return_reserve,,
dev_LOOP_S_b160_n92801__vs__dev_LOOP_NBV_b160_n92801,3,instance_0000,0.07500000000000001,True,,"[0.325, 0.275, 0.225, 0.175]","[0.25, 0.25, 0.25, 0.25]","{""candidates"": 0, ""reasons"": [], ""state"": ""no_forecast_record"", ""zero_basis"": null}","{""candidates"": 0, ""reasons"": [], ""state"": ""no_forecast_record"", ""zero_basis"": null}",False,False,False,0,0,upstream_goal_with_paid_return_reserve,upstream_goal_with_paid_return_reserve,,
dev_LOOP_S_b160_n92801__vs__dev_LOOP_NBV_b160_n92801,4,instance_0000,0.07895876708412863,True,,"[0.666967283996066, 0.1307512581319975, 0.15235190724155928, 0.049929550630377205]","[0.5880085169119373, 0.13623090093484463, 0.19401165632360323, 0.08174892582961492]","{""candidates"": 0, ""reasons"": [], ""state"": ""no_forecast_record"", ""zero_basis"": null}","{""candidates"": 0, ""reasons"": [], ""state"": ""no_forecast_record"", ""zero_basis"": null}",False,False,False,0,0,upstream_goal_with_paid_return_reserve,upstream_goal_with_paid_return_reserve,,
dev_LOOP_S_b160_n92801__vs__dev_LOOP_NBV_b160_n92801,5,instance_0000,0.05064784968759406,True,,"[0.8251585251466257, 0.06631880389919563, 0.09615749122692353, 0.01236517972725518]","[0.7745106754590316, 0.07356603835918689, 0.13036889488408676, 0.02155439129769477]","{""candidates"": 0, ""reasons"": [], ""state"": ""no_forecast_record"", ""zero_basis"": null}","{""candidates"": 0, ""reasons"": [], ""state"": ""no_forecast_record"", ""zero_basis"": null}",False,False,False,0,0,upstream_goal_with_paid_return_reserve,upstream_goal_with_paid_return_reserve,,
dev_LOOP_S_b160_n92801__vs__dev_LOOP_NBV_b160_n92801,6,instance_0000,0.04281802391960965,True,,"[0.8493480944759533, 0.05874880351917961, 0.08811883498174922, 0.0037842670231179715]","[0.8065300705563436, 0.06593022240155702, 0.12086607999008991, 0.006673627052009475]","{""candidates"": 0, ""reasons"": [], ""state"": ""no_forecast_record"", ""zero_basis"": null}","{""candidates"": 0, ""reasons"": [], ""state"": ""no_forecast_record"", ""zero_basis"": null}",False,False,False,0,0,upstream_goal_with_paid_return_reserve,upstream_goal_with_paid_return_reserve,,
dev_LOOP_S_b160_n92801__vs__dev_LOOP_NBV_b160_n92801,7,instance_0000,0.04120231733569579,True,,"[0.8517304077250752, 0.058913586431985396, 0.08836599709283124, 0.0009900087501081801]","[0.8105280903893795, 0.06625704262361778, 0.12146522068252356, 0.0017496463044792507]","{""candidates"": 0, ""reasons"": [], ""state"": ""no_forecast_record"", ""zero_basis"": null}","{""candidates"": 0, ""reasons"": [], ""state"": ""no_forecast_record"", ""zero_basis"": null}",False,False,False,0,0,upstream_goal_with_paid_return_reserve,upstream_goal_with_paid_return_reserve,,
dev_LOOP_S_b160_n92801__vs__dev_LOOP_NBV_b160_n92801,8,instance_0000,0.04089026108863725,True,,"[0.8521876304014477, 0.05894521219926906, 0.0884134333911302, 0.0004537240081530188]","[0.8112973693128105, 0.06631992773151665, 0.1215805043294556, 0.0008021986262172964]","{""candidates"": 0, ""reasons"": [], ""state"": ""no_forecast_record"", ""zero_basis"": null}","{""candidates"": 0, ""reasons"": [], ""state"": ""no_forecast_record"", ""zero_basis"": null}",False,False,False,0,0,upstream_goal_with_paid_return_reserve,upstream_goal_with_paid_return_reserve,,
dev_LOOP_S_b160_n92801__vs__dev_LOOP_NBV_b160_n92801,9,instance_0000,0.04089026108863725,True,,"[0.8521876304014477, 0.05894521219926906, 0.0884134333911302, 0.0004537240081530188]","[0.8112973693128105, 0.06631992773151665, 0.1215805043294556, 0.0008021986262172964]","{""candidates"": 0, ""reasons"": [], ""state"": ""no_forecast_record"", ""zero_basis"": null}","{""candidates"": 0, ""reasons"": [], ""state"": ""no_forecast_record"", ""zero_basis"": null}",False,False,False,0,0,upstream_goal_with_paid_return_reserve,upstream_goal_with_paid_return_reserve,,
dev_LOOP_S_b160_n92801__vs__dev_LOOP_NBV_b160_n92801,10,instance_0000,0.04089026108863725,True,,"[0.8521876304014477, 0.05894521219926906, 0.0884134333911302, 0.0004537240081530188]","[0.8112973693128105, 0.06631992773151665, 0.1215805043294556, 0.0008021986262172964]","{""candidates"": 0, ""reasons"": [], ""state"": ""no_forecast_record"", ""zero_basis"": null}","{""candidates"": 0, ""reasons"": [], ""state"": ""no_forecast_record"", ""zero_basis"": null}",False,False,False,0,0,upstream_goal_with_paid_return_reserve,upstream_goal_with_paid_return_reserve,,
dev_LOOP_S_b160_n92801__vs__dev_LOOP_NBV_b160_n92801,10,instance_0001,0.07500000000000001,True,,"[0.225, 0.25, 0.325, 0.19999999999999996]","[0.25, 0.25, 0.25, 0.25]","{""candidates"": 0, ""reasons"": [], ""state"": ""no_forecast_record"", ""zero_basis"": null}","{""candidates"": 0, ""reasons"": [], ""state"": ""no_forecast_record"", ""zero_basis"": null}",False,False,False,0,0,upstream_goal_with_paid_return_reserve,upstream_goal_with_paid_return_reserve,,
dev_LOOP_S_b160_n92801__vs__dev_LOOP_NBV_b160_n92801,11,instance_0000,0.04089026108863725,True,,"[0.8521876304014477, 0.05894521219926906, 0.0884134333911302, 0.0004537240081530188]","[0.8112973693128105, 0.06631992773151665, 0.1215805043294556, 0.0008021986262172964]","{""candidates"": 0, ""reasons"": [], ""state"": ""no_forecast_record"", ""zero_basis"": null}","{""candidates"": 0, ""reasons"": [], ""state"": ""no_forecast_record"", ""zero_basis"": null}",False,False,False,0,0,upstream_goal_with_paid_return_reserve,upstream_goal_with_paid_return_reserve,,
dev_LOOP_S_b160_n92801__vs__dev_LOOP_NBV_b160_n92801,12,instance_0000,0.04089026108863725,True,,"[0.8521876304014477, 0.05894521219926906, 0.0884134333911302, 0.0004537240081530188]","[0.8112973693128105, 0.06631992773151665, 0.1215805043294556, 0.0008021986262172964]","{""candidates"": 0, ""reasons"": [], ""state"": ""no_forecast_record"", ""zero_basis"": null}","{""candidates"": 0, ""reasons"": [], ""state"": ""no_forecast_record"", ""zero_basis"": null}",False,False,False,0,0,upstream_goal_with_paid_return_reserve,upstream_goal_with_paid_return_reserve,,
dev_LOOP_S_b160_n92801__vs__dev_LOOP_NBV_b160_n92801,14,instance_0000,0.04089026108863725,True,,"[0.8521876304014477, 0.05894521219926906, 0.0884134333911302, 0.0004537240081530188]","[0.8112973693128105, 0.06631992773151665, 0.1215805043294556, 0.0008021986262172964]","{""candidates"": 0, ""reasons"": [], ""state"": ""no_forecast_record"", ""zero_basis"": null}","{""candidates"": 0, ""reasons"": [], ""state"": ""no_forecast_record"", ""zero_basis"": null}",False,False,False,0,0,upstream_goal_with_paid_return_reserve,upstream_goal_with_paid_return_reserve,,
dev_LOOP_S_b160_n92801__vs__dev_LOOP_NBV_b160_n92801,14,instance_0001,0.07500000000000001,True,,"[0.225, 0.25, 0.325, 0.19999999999999996]","[0.25, 0.25, 0.25, 0.25]","{""candidates"": 0, ""reasons"": [], ""state"": ""no_forecast_record"", ""zero_basis"": null}","{""candidates"": 0, ""reasons"": [], ""state"": ""no_forecast_record"", ""zero_basis"": null}",False,False,False,0,0,upstream_goal_with_paid_return_reserve,upstream_goal_with_paid_return_reserve,,
dev_LOOP_S_b160_n92801__vs__dev_LOOP_NBV_b160_n92801,19,instance_0000,0.04066241328043463,True,,"[0.8525208859955835, 0.05896826325165721, 0.08844800825495502, 6.284249780430435e-05]","[0.8118584727151489, 0.06636579542257612, 0.12166459092608178, 0.000111140936193277]","{""candidates"": 0, ""reasons"": [], ""state"": ""no_forecast_record"", ""zero_basis"": null}","{""candidates"": 0, ""reasons"": [], ""state"": ""no_forecast_record"", ""zero_basis"": null}",False,False,False,0,0,upstream_goal_with_paid_return_reserve,upstream_goal_with_paid_return_reserve,,
dev_LOOP_S_b160_n92801__vs__dev_LOOP_NBV_b160_n92801,20,instance_0000,0.04063157792994043,True,,"[0.8525659486587659, 0.058971380204014656, 0.08845268345162251, 9.987685597033084e-06]","[0.8119343707288255, 0.06637199974539582, 0.12167596495381738, 1.766457196139716e-05]","{""candidates"": 0, ""reasons"": [], ""state"": ""no_forecast_record"", ""zero_basis"": null}","{""candidates"": 0, ""reasons"": [], ""state"": ""no_forecast_record"", ""zero_basis"": null}",False,False,False,0,0,upstream_goal_with_paid_return_reserve,upstream_goal_with_paid_return_reserve,,
dev_LOOP_S_b160_n92801__vs__dev_LOOP_NBV_b160_n92801,21,instance_0000,0.04063157792994043,True,,"[0.8525659486587659, 0.058971380204014656, 0.08845268345162251, 9.987685597033084e-06]","[0.8119343707288255, 0.06637199974539582, 0.12167596495381738, 1.766457196139716e-05]","{""candidates"": 0, ""reasons"": [], ""state"": ""no_forecast_record"", ""zero_basis"": null}","{""candidates"": 0, ""reasons"": [], ""state"": ""no_forecast_record"", ""zero_basis"": null}",False,False,False,0,0,upstream_goal_with_paid_return_reserve,upstream_goal_with_paid_return_reserve,,
dev_LOOP_S_b160_n92801__vs__dev_LOOP_NBV_b160_n92801,22,instance_0000,0.04063157792994043,True,,"[0.8525659486587659, 0.058971380204014656, 0.08845268345162251, 9.987685597033084e-06]","[0.8119343707288255, 0.06637199974539582, 0.12167596495381738, 1.766457196139716e-05]","{""candidates"": 0, ""reasons"": [], ""state"": ""no_forecast_record"", ""zero_basis"": null}","{""candidates"": 0, ""reasons"": [], ""state"": ""no_forecast_record"", ""zero_basis"": null}",False,False,False,0,0,upstream_goal_with_paid_return_reserve,upstream_goal_with_paid_return_reserve,,
dev_LOOP_S_b160_n92801__vs__dev_LOOP_NBV_b160_n92801,23,instance_0000,0.04063157792994043,True,,"[0.8525659486587659, 0.058971380204014656, 0.08845268345162251, 9.987685597033084e-06]","[0.8119343707288255, 0.06637199974539582, 0.12167596495381738, 1.766457196139716e-05]","{""candidates"": 0, ""reasons"": [], ""state"": ""no_forecast_record"", ""zero_basis"": null}","{""candidates"": 0, ""reasons"": [], ""state"": ""no_forecast_record"", ""zero_basis"": null}",False,False,False,0,0,upstream_goal_with_paid_return_reserve,upstream_goal_with_paid_return_reserve,,
dev_LOOP_S_b160_n92801__vs__dev_LOOP_NBV_b160_n92801,24,instance_0000,0.04063157792994043,True,,"[0.8525659486587659, 0.058971380204014656, 0.08845268345162251, 9.987685597033084e-06]","[0.8119343707288255, 0.06637199974539582, 0.12167596495381738, 1.766457196139716e-05]","{""candidates"": 0, ""reasons"": [], ""state"": ""no_forecast_record"", ""zero_basis"": null}","{""candidates"": 0, ""reasons"": [], ""state"": ""no_forecast_record"", ""zero_basis"": null}",False,False,False,0,0,upstream_goal_with_paid_return_reserve,upstream_goal_with_paid_return_reserve,,
dev_LOOP_S_b160_n92801__vs__dev_LOOP_NBV_b160_n92801,25,instance_0000,0.04063157792994043,True,,"[0.8525659486587659, 0.058971380204014656, 0.08845268345162251, 9.987685597033084e-06]","[0.8119343707288255, 0.06637199974539582, 0.12167596495381738, 1.766457196139716e-05]","{""candidates"": 0, ""reasons"": [], ""state"": ""no_forecast_record"", ""zero_basis"": null}","{""candidates"": 0, ""reasons"": [], ""state"": ""no_forecast_record"", ""zero_basis"": null}",False,False,False,0,0,upstream_goal_with_paid_return_reserve,upstream_goal_with_paid_return_reserve,,
dev_LOOP_S_b160_n92801__vs__dev_LOOP_NBV_b160_n92801,26,instance_0000,0.04063157792994043,True,,"[0.8525659486587659, 0.058971380204014656, 0.08845268345162251, 9.987685597033084e-06]","[0.8119343707288255, 0.06637199974539582, 0.12167596495381738, 1.766457196139716e-05]","{""candidates"": 0, ""reasons"": [], ""state"": ""no_forecast_record"", ""zero_basis"": null}","{""candidates"": 0, ""reasons"": [], ""state"": ""no_forecast_record"", ""zero_basis"": null}",False,False,False,0,0,upstream_goal_with_paid_return_reserve,upstream_goal_with_paid_return_reserve,,
dev_LOOP_S_b160_n92801__vs__dev_LOOP_NBV_b160_n92801,27,instance_0000,0.04063157792994043,True,,"[0.8525659486587659, 0.058971380204014656, 0.08845268345162251, 9.987685597033084e-06]","[0.8119343707288255, 0.06637199974539582, 0.12167596495381738, 1.766457196139716e-05]","{""candidates"": 0, ""reasons"": [], ""state"": ""no_forecast_record"", ""zero_basis"": null}","{""candidates"": 0, ""reasons"": [], ""state"": ""no_forecast_record"", ""zero_basis"": null}",False,False,False,0,0,upstream_goal_with_paid_return_reserve,upstream_goal_with_paid_return_reserve,,
dev_LOOP_S_b160_n92801__vs__dev_LOOP_NBV_b160_n92801,28,instance_0000,0.04063157792994043,True,,"[0.8525659486587659, 0.058971380204014656, 0.08845268345162251, 9.987685597033084e-06]","[0.8119343707288255, 0.06637199974539582, 0.12167596495381738, 1.766457196139716e-05]","{""candidates"": 8, ""positive"": 4, ""reasons"": [], ""repeated"": 0, ""state"": ""nonzero_structure_gain_available"", ""zero_basis"": false}","{""candidates"": 8, ""positive"": 4, ""reasons"": [], ""repeated"": 0, ""state"": ""nonzero_structure_gain_available"", ""zero_basis"": false}",False,True,True,34,32,upstream_goal_with_paid_return_reserve,upstream_goal_with_paid_return_reserve,132,132
dev_LOOP_S_b160_n92801__vs__dev_LOOP_NBV_b160_n92801,29,instance_0000,0.04063157792994043,True,,"[0.8525659486587659, 0.058971380204014656, 0.08845268345162251, 9.987685597033084e-06]","[0.8119343707288255, 0.06637199974539582, 0.12167596495381738, 1.766457196139716e-05]","{""candidates"": 0, ""reasons"": [], ""state"": ""no_forecast_record"", ""zero_basis"": null}","{""candidates"": 0, ""reasons"": [], ""state"": ""no_forecast_record"", ""zero_basis"": null}",False,False,False,0,0,upstream_goal_with_paid_return_reserve,upstream_goal_with_paid_return_reserve,,
dev_LOOP_S_b160_n92801__vs__dev_LOOP_NBV_b160_n92801,30,instance_0000,0.04063157792994043,True,,"[0.8525659486587659, 0.058971380204014656, 0.08845268345162251, 9.987685597033084e-06]","[0.8119343707288255, 0.06637199974539582, 0.12167596495381738, 1.766457196139716e-05]","{""candidates"": 0, ""reasons"": [], ""state"": ""no_forecast_record"", ""zero_basis"": null}","{""candidates"": 0, ""reasons"": [], ""state"": ""no_forecast_record"", ""zero_basis"": null}",False,False,False,0,0,upstream_goal_with_paid_return_reserve,upstream_goal_with_paid_return_reserve,,
dev_LOOP_S_b160_n92801__vs__dev_LOOP_NBV_b160_n92801,31,instance_0000,0.04063157792994043,True,,"[0.8525659486587659, 0.058971380204014656, 0.08845268345162251, 9.987685597033084e-06]","[0.8119343707288255, 0.06637199974539582, 0.12167596495381738, 1.766457196139716e-05]","{""candidates"": 0, ""reasons"": [], ""state"": ""no_forecast_record"", ""zero_basis"": null}","{""candidates"": 0, ""reasons"": [], ""state"": ""no_forecast_record"", ""zero_basis"": null}",False,False,False,0,0,upstream_goal_with_paid_return_reserve,upstream_goal_with_paid_return_reserve,,
dev_LOOP_S_b160_n92801__vs__dev_LOOP_NBV_b160_n92801,32,instance_0000,0.04063157792994043,True,,"[0.8525659486587659, 0.058971380204014656, 0.08845268345162251, 9.987685597033084e-06]","[0.8119343707288255, 0.06637199974539582, 0.12167596495381738, 1.766457196139716e-05]","{""candidates"": 0, ""reasons"": [], ""state"": ""no_forecast_record"", ""zero_basis"": null}","{""candidates"": 0, ""reasons"": [], ""state"": ""no_forecast_record"", ""zero_basis"": null}",False,False,False,0,0,upstream_goal_with_paid_return_reserve,upstream_goal_with_paid_return_reserve,,
dev_LOOP_S_b160_n92801__vs__dev_LOOP_NBV_b160_n92801,33,instance_0000,0.04063157792994043,True,,"[0.8525659486587659, 0.058971380204014656, 0.08845268345162251, 9.987685597033084e-06]","[0.8119343707288255, 0.06637199974539582, 0.12167596495381738, 1.766457196139716e-05]","{""candidates"": 0, ""reasons"": [], ""state"": ""no_forecast_record"", ""zero_basis"": null}","{""candidates"": 0, ""reasons"": [], ""state"": ""no_forecast_record"", ""zero_basis"": null}",False,False,False,0,0,upstream_goal_with_paid_return_reserve,upstream_goal_with_paid_return_reserve,,
dev_LOOP_S_b160_n92801__vs__dev_LOOP_NBV_b160_n92801,34,instance_0000,0.04063157792994043,True,,"[0.8525659486587659, 0.058971380204014656, 0.08845268345162251, 9.987685597033084e-06]","[0.8119343707288255, 0.06637199974539582, 0.12167596495381738, 1.766457196139716e-05]","{""candidates"": 0, ""reasons"": [], ""state"": ""no_forecast_record"", ""zero_basis"": null}","{""candidates"": 0, ""reasons"": [], ""state"": ""no_forecast_record"", ""zero_basis"": null}",False,False,False,0,0,upstream_goal_with_paid_return_reserve,upstream_goal_with_paid_return_reserve,,
dev_LOOP_S_b160_n92801__vs__dev_LOOP_NBV_b160_n92801,35,instance_0000,0.04063157792994043,True,,"[0.8525659486587659, 0.058971380204014656, 0.08845268345162251, 9.987685597033084e-06]","[0.8119343707288255, 0.06637199974539582, 0.12167596495381738, 1.766457196139716e-05]","{""candidates"": 0, ""reasons"": [], ""state"": ""no_forecast_record"", ""zero_basis"": null}","{""candidates"": 0, ""reasons"": [], ""state"": ""no_forecast_record"", ""zero_basis"": null}",False,False,False,0,0,upstream_goal_with_paid_return_reserve,upstream_goal_with_paid_return_reserve,,
dev_LOOP_S_b160_n92801__vs__dev_LOOP_NBV_b160_n92801,36,instance_0000,0.04063157792994043,True,,"[0.8525659486587659, 0.058971380204014656, 0.08845268345162251, 9.987685597033084e-06]","[0.8119343707288255, 0.06637199974539582, 0.12167596495381738, 1.766457196139716e-05]","{""candidates"": 0, ""reasons"": [], ""state"": ""no_forecast_record"", ""zero_basis"": null}","{""candidates"": 0, ""reasons"": [], ""state"": ""no_forecast_record"", ""zero_basis"": null}",False,False,False,0,0,upstream_goal_with_paid_return_reserve,upstream_goal_with_paid_return_reserve,,
dev_LOOP_S_b160_n92801__vs__dev_LOOP_NBV_b160_n92801,37,instance_0000,0.04063157792994043,True,,"[0.8525659486587659, 0.058971380204014656, 0.08845268345162251, 9.987685597033084e-06]","[0.8119343707288255, 0.06637199974539582, 0.12167596495381738, 1.766457196139716e-05]","{""candidates"": 0, ""reasons"": [], ""state"": ""no_forecast_record"", ""zero_basis"": null}","{""candidates"": 0, ""reasons"": [], ""state"": ""no_forecast_record"", ""zero_basis"": null}",False,False,False,0,0,upstream_goal_with_paid_return_reserve,upstream_goal_with_paid_return_reserve,,
dev_LOOP_S_b160_n92801__vs__dev_LOOP_NBV_b160_n92801,38,instance_0000,0.04063157792994043,True,,"[0.8525659486587659, 0.058971380204014656, 0.08845268345162251, 9.987685597033084e-06]","[0.8119343707288255, 0.06637199974539582, 0.12167596495381738, 1.766457196139716e-05]","{""candidates"": 8, ""positive"": 7, ""reasons"": [], ""repeated"": 0, ""state"": ""nonzero_structure_gain_available"", ""zero_basis"": false}","{""candidates"": 8, ""positive"": 7, ""reasons"": [], ""repeated"": 0, ""state"": ""nonzero_structure_gain_available"", ""zero_basis"": false}",False,True,True,38,32,upstream_goal_with_paid_return_reserve,upstream_goal_with_paid_return_reserve,122,122
dev_LOOP_S_b160_n92801__vs__dev_LOOP_NBV_b160_n92801,39,instance_0000,0.04063157792994043,True,,"[0.8525659486587659, 0.058971380204014656, 0.08845268345162251, 9.987685597033084e-06]","[0.8119343707288255, 0.06637199974539582, 0.12167596495381738, 1.766457196139716e-05]","{""candidates"": 0, ""reasons"": [], ""state"": ""no_forecast_record"", ""zero_basis"": null}","{""candidates"": 0, ""reasons"": [], ""state"": ""no_forecast_record"", ""zero_basis"": null}",False,False,False,0,0,upstream_goal_with_paid_return_reserve,upstream_goal_with_paid_return_reserve,,
dev_LOOP_S_b160_n92801__vs__dev_LOOP_NBV_b160_n92801,40,instance_0000,0.04063157792994043,True,,"[0.8525659486587659, 0.058971380204014656, 0.08845268345162251, 9.987685597033084e-06]","[0.8119343707288255, 0.06637199974539582, 0.12167596495381738, 1.766457196139716e-05]","{""candidates"": 0, ""reasons"": [], ""state"": ""no_forecast_record"", ""zero_basis"": null}","{""candidates"": 0, ""reasons"": [], ""state"": ""no_forecast_record"", ""zero_basis"": null}",False,False,False,0,0,upstream_goal_with_paid_return_reserve,upstream_goal_with_paid_return_reserve,,
dev_LOOP_S_b160_n92801__vs__dev_LOOP_NBV_b160_n92801,41,instance_0000,0.04063157792994043,True,,"[0.8525659486587659, 0.058971380204014656, 0.08845268345162251, 9.987685597033084e-06]","[0.8119343707288255, 0.06637199974539582, 0.12167596495381738, 1.766457196139716e-05]","{""candidates"": 0, ""reasons"": [], ""state"": ""no_forecast_record"", ""zero_basis"": null}","{""candidates"": 0, ""reasons"": [], ""state"": ""no_forecast_record"", ""zero_basis"": null}",False,False,False,0,0,upstream_goal_with_paid_return_reserve,upstream_goal_with_paid_return_reserve,,
dev_LOOP_S_b160_n92801__vs__dev_LOOP_NBV_b160_n92801,42,instance_0000,0.04063157792994043,True,,"[0.8525659486587659, 0.058971380204014656, 0.08845268345162251, 9.987685597033084e-06]","[0.8119343707288255, 0.06637199974539582, 0.12167596495381738, 1.766457196139716e-05]","{""candidates"": 0, ""reasons"": [], ""state"": ""no_forecast_record"", ""zero_basis"": null}","{""candidates"": 0, ""reasons"": [], ""state"": ""no_forecast_record"", ""zero_basis"": null}",False,False,False,0,0,upstream_goal_with_paid_return_reserve,upstream_goal_with_paid_return_reserve,,
dev_LOOP_S_b160_n92801__vs__dev_LOOP_NBV_b160_n92801,43,instance_0000,0.04063157792994043,True,,"[0.8525659486587659, 0.058971380204014656, 0.08845268345162251, 9.987685597033084e-06]","[0.8119343707288255, 0.06637199974539582, 0.12167596495381738, 1.766457196139716e-05]","{""candidates"": 8, ""positive"": 7, ""reasons"": [], ""repeated"": 0, ""state"": ""nonzero_structure_gain_available"", ""zero_basis"": false}","{""candidates"": 8, ""positive"": 7, ""reasons"": [], ""repeated"": 0, ""state"": ""nonzero_structure_gain_available"", ""zero_basis"": false}",False,True,True,38,32,upstream_goal_with_paid_return_reserve,upstream_goal_with_paid_return_reserve,117,117
dev_LOOP_S_b160_n92801__vs__dev_LOOP_NBV_b160_n92801,44,instance_0000,0.04063157792994043,True,,"[0.8525659486587659, 0.058971380204014656, 0.08845268345162251, 9.987685597033084e-06]","[0.8119343707288255, 0.06637199974539582, 0.12167596495381738, 1.766457196139716e-05]","{""candidates"": 0, ""reasons"": [], ""state"": ""no_forecast_record"", ""zero_basis"": null}","{""candidates"": 0, ""reasons"": [], ""state"": ""no_forecast_record"", ""zero_basis"": null}",False,False,False,0,0,upstream_goal_with_paid_return_reserve,upstream_goal_with_paid_return_reserve,,
dev_LOOP_S_b160_n92801__vs__dev_LOOP_NBV_b160_n92801,45,instance_0000,0.04063157792994043,True,,"[0.8525659486587659, 0.058971380204014656, 0.08845268345162251, 9.987685597033084e-06]","[0.8119343707288255, 0.06637199974539582, 0.12167596495381738, 1.766457196139716e-05]","{""candidates"": 8, ""positive"": 7, ""reasons"": [], ""repeated"": 0, ""state"": ""nonzero_structure_gain_available"", ""zero_basis"": false}","{""candidates"": 8, ""positive"": 7, ""reasons"": [], ""repeated"": 0, ""state"": ""nonzero_structure_gain_available"", ""zero_basis"": false}",False,True,True,38,32,upstream_goal_with_paid_return_reserve,upstream_goal_with_paid_return_reserve,115,115
dev_LOOP_S_b160_n92801__vs__dev_LOOP_NBV_b160_n92801,46,instance_0000,0.04063157792994043,True,,"[0.8525659486587659, 0.058971380204014656, 0.08845268345162251, 9.987685597033084e-06]","[0.8119343707288255, 0.06637199974539582, 0.12167596495381738, 1.766457196139716e-05]","{""candidates"": 0, ""reasons"": [], ""state"": ""no_forecast_record"", ""zero_basis"": null}","{""candidates"": 0, ""reasons"": [], ""state"": ""no_forecast_record"", ""zero_basis"": null}",False,False,False,0,0,upstream_goal_with_paid_return_reserve,upstream_goal_with_paid_return_reserve,,
dev_LOOP_S_b160_n92801__vs__dev_LOOP_NBV_b160_n92801,47,instance_0000,0.04062640205084844,True,,"[0.8525735117854232, 0.05897190334010559, 0.08845346811684304, 1.1167576282035497e-06]","[0.8119471097345747, 0.06637304110208284, 0.12167787401306285, 1.975150279456421e-06]","{""candidates"": 0, ""reasons"": [], ""state"": ""no_forecast_record"", ""zero_basis"": null}","{""candidates"": 0, ""reasons"": [], ""state"": ""no_forecast_record"", ""zero_basis"": null}",False,False,False,0,0,upstream_goal_with_paid_return_reserve,upstream_goal_with_paid_return_reserve,,
dev_LOOP_S_b160_n92801__vs__dev_LOOP_NBV_b160_n92801,48,instance_0000,0.04062640205084844,True,,"[0.8525735117854232, 0.05897190334010559, 0.08845346811684304, 1.1167576282035497e-06]","[0.8119471097345747, 0.06637304110208284, 0.12167787401306285, 1.975150279456421e-06]","{""candidates"": 0, ""reasons"": [], ""state"": ""no_forecast_record"", ""zero_basis"": null}","{""candidates"": 0, ""reasons"": [], ""state"": ""no_forecast_record"", ""zero_basis"": null}",False,False,False,0,0,upstream_goal_with_paid_return_reserve,upstream_goal_with_paid_return_reserve,,
dev_LOOP_S_b160_n92801__vs__dev_LOOP_NBV_b160_n92801,49,instance_0000,0.04062640205084844,True,,"[0.8525735117854232, 0.05897190334010559, 0.08845346811684304, 1.1167576282035497e-06]","[0.8119471097345747, 0.06637304110208284, 0.12167787401306285, 1.975150279456421e-06]","{""candidates"": 0, ""reasons"": [], ""state"": ""no_forecast_record"", ""zero_basis"": null}","{""candidates"": 0, ""reasons"": [], ""state"": ""no_forecast_record"", ""zero_basis"": null}",False,False,False,0,0,upstream_goal_with_paid_return_reserve,upstream_goal_with_paid_return_reserve,,
dev_LOOP_S_b160_n92801__vs__dev_LOOP_NBV_b160_n92801,50,instance_0000,0.04062640205084844,True,,"[0.8525735117854232, 0.05897190334010559, 0.08845346811684304, 1.1167576282035497e-06]","[0.8119471097345747, 0.06637304110208284, 0.12167787401306285, 1.975150279456421e-06]","{""candidates"": 0, ""reasons"": [], ""state"": ""no_forecast_record"", ""zero_basis"": null}","{""candidates"": 0, ""reasons"": [], ""state"": ""no_forecast_record"", ""zero_basis"": null}",False,False,False,0,0,upstream_goal_with_paid_return_reserve,upstream_goal_with_paid_return_reserve,,
dev_LOOP_S_b160_n92801__vs__dev_LOOP_NBV_b160_n92801,51,instance_0000,0.040626414372527786,True,,"[0.8525734937809719, 0.058971902094750506, 0.08845346624890306, 1.1378753745366282e-06]","[0.8119470794084441, 0.06637303862305739, 0.12167786946840826, 2.012500090226995e-06]","{""candidates"": 0, ""reasons"": [], ""state"": ""no_forecast_record"", ""zero_basis"": null}","{""candidates"": 0, ""reasons"": [], ""state"": ""no_forecast_record"", ""zero_basis"": null}",False,False,False,0,0,upstream_goal_with_paid_return_reserve,upstream_goal_with_paid_return_reserve,,
dev_LOOP_S_b160_n92801__vs__dev_LOOP_NBV_b160_n92801,52,instance_0000,0.040626414372527786,True,,"[0.8525734937809719, 0.058971902094750506, 0.08845346624890306, 1.1378753745366282e-06]","[0.8119470794084441, 0.06637303862305739, 0.12167786946840826, 2.012500090226995e-06]","{""candidates"": 8, ""positive"": 6, ""reasons"": [], ""repeated"": 0, ""state"": ""nonzero_structure_gain_available"", ""zero_basis"": false}","{""candidates"": 8, ""positive"": 6, ""reasons"": [], ""repeated"": 0, ""state"": ""nonzero_structure_gain_available"", ""zero_basis"": false}",False,True,True,37,32,upstream_goal_with_paid_return_reserve,upstream_goal_with_paid_return_reserve,108,108
dev_LOOP_S_b160_n92801__vs__dev_LOOP_NBV_b160_n92801,53,instance_0000,0.04062611030888286,True,,"[0.8525739380786731, 0.05897193282650644, 0.08845351234425083, 6.167505696174834e-07]","[0.8119478277697902, 0.066373099798247, 0.12167798161736047, 1.090814602336966e-06]","{""candidates"": 0, ""reasons"": [], ""state"": ""no_forecast_record"", ""zero_basis"": null}","{""candidates"": 0, ""reasons"": [], ""state"": ""no_forecast_record"", ""zero_basis"": null}",False,False,False,0,0,upstream_goal_with_paid_return_reserve,upstream_goal_with_paid_return_reserve,,
dev_LOOP_S_b160_n92801__vs__dev_LOOP_NBV_b160_n92801,54,instance_0000,0.04062611030888286,True,,"[0.8525739380786731, 0.05897193282650644, 0.08845351234425083, 6.167505696174834e-07]","[0.8119478277697902, 0.066373099798247, 0.12167798161736047, 1.090814602336966e-06]","{""candidates"": 8, ""positive"": 6, ""reasons"": [], ""repeated"": 0, ""state"": ""nonzero_structure_gain_available"", ""zero_basis"": false}","{""candidates"": 8, ""positive"": 6, ""reasons"": [], ""repeated"": 0, ""state"": ""nonzero_structure_gain_available"", ""zero_basis"": false}",False,True,True,37,32,upstream_goal_with_paid_return_reserve,upstream_goal_with_paid_return_reserve,106,106
dev_LOOP_S_b160_n92801__vs__dev_LOOP_NBV_b160_n92801,55,instance_0000,0.04062592608688864,True,,"[0.8525742072633665, 0.05897195144582021, 0.08845354027183641, 3.0101897684837525e-07]","[0.8119482811764779, 0.06637313686221381, 0.12167804956459642, 5.323967117176383e-07]","{""candidates"": 0, ""reasons"": [], ""state"": ""no_forecast_record"", ""zero_basis"": null}","{""candidates"": 0, ""reasons"": [], ""state"": ""no_forecast_record"", ""zero_basis"": null}",False,False,False,0,0,upstream_goal_with_paid_return_reserve,upstream_goal_with_paid_return_reserve,,
dev_LOOP_S_b160_n92801__vs__dev_LOOP_NBV_b160_n92801,56,instance_0000,0.04062592608688864,True,,"[0.8525742072633665, 0.05897195144582021, 0.08845354027183641, 3.0101897684837525e-07]","[0.8119482811764779, 0.06637313686221381, 0.12167804956459642, 5.323967117176383e-07]","{""candidates"": 8, ""positive"": 5, ""reasons"": [], ""repeated"": 0, ""state"": ""nonzero_structure_gain_available"", ""zero_basis"": false}","{""candidates"": 8, ""positive"": 5, ""reasons"": [], ""repeated"": 0, ""state"": ""nonzero_structure_gain_available"", ""zero_basis"": false}",False,True,True,36,32,upstream_goal_with_paid_return_reserve,upstream_goal_with_paid_return_reserve,104,104
dev_LOOP_S_b160_n92801__vs__dev_LOOP_NBV_b160_n92801,57,instance_0000,0.04062592608688864,True,,"[0.8525742072633665, 0.05897195144582021, 0.08845354027183641, 3.0101897684837525e-07]","[0.8119482811764779, 0.06637313686221381, 0.12167804956459642, 5.323967117176383e-07]","{""candidates"": 0, ""reasons"": [], ""state"": ""no_forecast_record"", ""zero_basis"": null}","{""candidates"": 0, ""reasons"": [], ""state"": ""no_forecast_record"", ""zero_basis"": null}",False,False,False,0,0,upstream_goal_with_paid_return_reserve,upstream_goal_with_paid_return_reserve,,
dev_LOOP_S_b160_n92801__vs__dev_LOOP_NBV_b160_n92801,58,instance_0000,0.04062592608688864,True,,"[0.8525742072633665, 0.05897195144582021, 0.08845354027183641, 3.0101897684837525e-07]","[0.8119482811764779, 0.06637313686221381, 0.12167804956459642, 5.323967117176383e-07]","{""candidates"": 0, ""reasons"": [], ""state"": ""no_forecast_record"", ""zero_basis"": null}","{""candidates"": 0, ""reasons"": [], ""state"": ""no_forecast_record"", ""zero_basis"": null}",False,False,False,0,0,upstream_goal_with_paid_return_reserve,upstream_goal_with_paid_return_reserve,,
dev_LOOP_S_b160_n92801__vs__dev_LOOP_NBV_b160_n92801,59,instance_0000,0.04062592608688864,True,,"[0.8525742072633665, 0.05897195144582021, 0.08845354027183641, 3.0101897684837525e-07]","[0.8119482811764779, 0.06637313686221381, 0.12167804956459642, 5.323967117176383e-07]","{""candidates"": 0, ""reasons"": [], ""state"": ""no_forecast_record"", ""zero_basis"": null}","{""candidates"": 0, ""reasons"": [], ""state"": ""no_forecast_record"", ""zero_basis"": null}",False,False,False,0,0,upstream_goal_with_paid_return_reserve,upstream_goal_with_paid_return_reserve,,
dev_LOOP_S_b160_n92801__vs__dev_LOOP_NBV_b160_n92801,60,instance_0000,0.04062592608688864,True,,"[0.8525742072633665, 0.05897195144582021, 0.08845354027183641, 3.0101897684837525e-07]","[0.8119482811764779, 0.06637313686221381, 0.12167804956459642, 5.323967117176383e-07]","{""candidates"": 0, ""reasons"": [], ""state"": ""no_forecast_record"", ""zero_basis"": null}","{""candidates"": 0, ""reasons"": [], ""state"": ""no_forecast_record"", ""zero_basis"": null}",False,False,False,0,0,upstream_goal_with_paid_return_reserve,upstream_goal_with_paid_return_reserve,,
dev_LOOP_S_b160_n92801__vs__dev_LOOP_NBV_b160_n92801,61,instance_0000,0.04062592608688864,True,,"[0.8525742072633665, 0.05897195144582021, 0.08845354027183641, 3.0101897684837525e-07]","[0.8119482811764779, 0.06637313686221381, 0.12167804956459642, 5.323967117176383e-07]","{""candidates"": 0, ""reasons"": [], ""state"": ""no_forecast_record"", ""zero_basis"": null}","{""candidates"": 0, ""reasons"": [], ""state"": ""no_forecast_record"", ""zero_basis"": null}",False,False,False,0,0,upstream_goal_with_paid_return_reserve,upstream_goal_with_paid_return_reserve,,
dev_LOOP_S_b160_n92801__vs__dev_LOOP_NBV_b160_n92801,62,instance_0000,0.04062592608688864,True,,"[0.8525742072633665, 0.05897195144582021, 0.08845354027183641, 3.0101897684837525e-07]","[0.8119482811764779, 0.06637313686221381, 0.12167804956459642, 5.323967117176383e-07]","{""candidates"": 0, ""reasons"": [], ""state"": ""no_forecast_record"", ""zero_basis"": null}","{""candidates"": 0, ""reasons"": [], ""state"": ""no_forecast_record"", ""zero_basis"": null}",False,False,False,0,0,upstream_goal_with_paid_return_reserve,upstream_goal_with_paid_return_reserve,,
dev_LOOP_S_b160_n92801__vs__dev_LOOP_NBV_b160_n92801,63,instance_0000,0.04062592608688864,True,,"[0.8525742072633665, 0.05897195144582021, 0.08845354027183641, 3.0101897684837525e-07]","[0.8119482811764779, 0.06637313686221381, 0.12167804956459642, 5.323967117176383e-07]","{""candidates"": 0, ""reasons"": [], ""state"": ""no_forecast_record"", ""zero_basis"": null}","{""candidates"": 0, ""reasons"": [], ""state"": ""no_forecast_record"", ""zero_basis"": null}",False,False,False,0,0,upstream_goal_with_paid_return_reserve,upstream_goal_with_paid_return_reserve,,
dev_LOOP_S_b160_n92801__vs__dev_LOOP_NBV_b160_n92801,64,instance_0000,0.04062592608688864,True,,"[0.8525742072633665, 0.05897195144582021, 0.08845354027183641, 3.0101897684837525e-07]","[0.8119482811764779, 0.06637313686221381, 0.12167804956459642, 5.323967117176383e-07]","{""candidates"": 0, ""reasons"": [], ""state"": ""no_forecast_record"", ""zero_basis"": null}","{""candidates"": 0, ""reasons"": [], ""state"": ""no_forecast_record"", ""zero_basis"": null}",False,False,False,0,0,upstream_goal_with_paid_return_reserve,upstream_goal_with_paid_return_reserve,,
dev_LOOP_S_b160_n92801__vs__dev_LOOP_NBV_b160_n92801,65,instance_0000,0.04062592608688864,True,,"[0.8525742072633665, 0.05897195144582021, 0.08845354027183641, 3.0101897684837525e-07]","[0.8119482811764779, 0.06637313686221381, 0.12167804956459642, 5.323967117176383e-07]","{""candidates"": 0, ""reasons"": [], ""state"": ""no_forecast_record"", ""zero_basis"": null}","{""candidates"": 0, ""reasons"": [], ""state"": ""no_forecast_record"", ""zero_basis"": null}",False,False,False,0,0,upstream_goal_with_paid_return_reserve,upstream_goal_with_paid_return_reserve,,
dev_LOOP_S_b160_n92801__vs__dev_LOOP_NBV_b160_n92801,66,instance_0000,0.04062592608688864,True,,"[0.8525742072633665, 0.05897195144582021, 0.08845354027183641, 3.0101897684837525e-07]","[0.8119482811764779, 0.06637313686221381, 0.12167804956459642, 5.323967117176383e-07]","{""candidates"": 0, ""reasons"": [], ""state"": ""no_forecast_record"", ""zero_basis"": null}","{""candidates"": 0, ""reasons"": [], ""state"": ""no_forecast_record"", ""zero_basis"": null}",False,False,False,0,0,upstream_goal_with_paid_return_reserve,upstream_goal_with_paid_return_reserve,,
dev_LOOP_S_b160_n92801__vs__dev_LOOP_NBV_b160_n92801,67,instance_0000,0.04062592608688864,True,,"[0.8525742072633665, 0.05897195144582021, 0.08845354027183641, 3.0101897684837525e-07]","[0.8119482811764779, 0.06637313686221381, 0.12167804956459642, 5.323967117176383e-07]","{""candidates"": 0, ""reasons"": [], ""state"": ""no_forecast_record"", ""zero_basis"": null}","{""candidates"": 0, ""reasons"": [], ""state"": ""no_forecast_record"", ""zero_basis"": null}",False,False,False,0,0,upstream_goal_with_paid_return_reserve,upstream_goal_with_paid_return_reserve,,
dev_LOOP_S_b160_n92801__vs__dev_LOOP_NBV_b160_n92801,68,instance_0000,0.04062592608688864,True,,"[0.8525742072633665, 0.05897195144582021, 0.08845354027183641, 3.0101897684837525e-07]","[0.8119482811764779, 0.06637313686221381, 0.12167804956459642, 5.323967117176383e-07]","{""candidates"": 8, ""positive"": 4, ""reasons"": [], ""repeated"": 0, ""state"": ""nonzero_structure_gain_available"", ""zero_basis"": false}","{""candidates"": 8, ""positive"": 4, ""reasons"": [], ""repeated"": 0, ""state"": ""nonzero_structure_gain_available"", ""zero_basis"": false}",False,True,True,35,32,upstream_goal_with_paid_return_reserve,upstream_goal_with_paid_return_reserve,92,92
dev_LOOP_S_b160_n92801__vs__dev_LOOP_NBV_b160_n92801,69,instance_0000,0.04062592608688864,True,,"[0.8525742072633665, 0.05897195144582021, 0.08845354027183641, 3.0101897684837525e-07]","[0.8119482811764779, 0.06637313686221381, 0.12167804956459642, 5.323967117176383e-07]","{""candidates"": 0, ""reasons"": [], ""state"": ""no_forecast_record"", ""zero_basis"": null}","{""candidates"": 0, ""reasons"": [], ""state"": ""no_forecast_record"", ""zero_basis"": null}",False,False,False,0,0,upstream_goal_with_paid_return_reserve,upstream_goal_with_paid_return_reserve,,
dev_LOOP_S_b160_n92801__vs__dev_LOOP_NBV_b160_n92801,70,instance_0000,0.04062592608688864,True,,"[0.8525742072633665, 0.05897195144582021, 0.08845354027183641, 3.0101897684837525e-07]","[0.8119482811764779, 0.06637313686221381, 0.12167804956459642, 5.323967117176383e-07]","{""candidates"": 0, ""reasons"": [], ""state"": ""no_forecast_record"", ""zero_basis"": null}","{""candidates"": 0, ""reasons"": [], ""state"": ""no_forecast_record"", ""zero_basis"": null}",False,False,False,0,0,upstream_goal_with_paid_return_reserve,upstream_goal_with_paid_return_reserve,,
dev_LOOP_S_b160_n92801__vs__dev_LOOP_NBV_b160_n92801,71,instance_0000,0.04062592608688864,True,,"[0.8525742072633665, 0.05897195144582021, 0.08845354027183641, 3.0101897684837525e-07]","[0.8119482811764779, 0.06637313686221381, 0.12167804956459642, 5.323967117176383e-07]","{""candidates"": 0, ""reasons"": [], ""state"": ""no_forecast_record"", ""zero_basis"": null}","{""candidates"": 0, ""reasons"": [], ""state"": ""no_forecast_record"", ""zero_basis"": null}",False,False,False,0,0,upstream_goal_with_paid_return_reserve,upstream_goal_with_paid_return_reserve,,
dev_LOOP_S_b160_n92801__vs__dev_LOOP_NBV_b160_n92801,72,instance_0000,0.04062592608688864,True,,"[0.8525742072633665, 0.05897195144582021, 0.08845354027183641, 3.0101897684837525e-07]","[0.8119482811764779, 0.06637313686221381, 0.12167804956459642, 5.323967117176383e-07]","{""candidates"": 0, ""reasons"": [], ""state"": ""no_forecast_record"", ""zero_basis"": null}","{""candidates"": 0, ""reasons"": [], ""state"": ""no_forecast_record"", ""zero_basis"": null}",False,False,False,0,0,upstream_goal_with_paid_return_reserve,upstream_goal_with_paid_return_reserve,,
dev_LOOP_S_b160_n92801__vs__dev_LOOP_NBV_b160_n92801,73,instance_0000,0.04062592608688864,True,,"[0.8525742072633665, 0.05897195144582021, 0.08845354027183641, 3.0101897684837525e-07]","[0.8119482811764779, 0.06637313686221381, 0.12167804956459642, 5.323967117176383e-07]","{""candidates"": 0, ""reasons"": [], ""state"": ""no_forecast_record"", ""zero_basis"": null}","{""candidates"": 0, ""reasons"": [], ""state"": ""no_forecast_record"", ""zero_basis"": null}",False,False,False,0,0,upstream_goal_with_paid_return_reserve,upstream_goal_with_paid_return_reserve,,
dev_LOOP_S_b160_n92801__vs__dev_LOOP_NBV_b160_n92801,74,instance_0000,0.04062592608688864,True,,"[0.8525742072633665, 0.05897195144582021, 0.08845354027183641, 3.0101897684837525e-07]","[0.8119482811764779, 0.06637313686221381, 0.12167804956459642, 5.323967117176383e-07]","{""candidates"": 0, ""reasons"": [], ""state"": ""no_forecast_record"", ""zero_basis"": null}","{""candidates"": 0, ""reasons"": [], ""state"": ""no_forecast_record"", ""zero_basis"": null}",False,False,False,0,0,upstream_goal_with_paid_return_reserve,upstream_goal_with_paid_return_reserve,,
dev_LOOP_S_b160_n92801__vs__dev_LOOP_NBV_b160_n92801,75,instance_0000,0.04062592608688864,True,,"[0.8525742072633665, 0.05897195144582021, 0.08845354027183641, 3.0101897684837525e-07]","[0.8119482811764779, 0.06637313686221381, 0.12167804956459642, 5.323967117176383e-07]","{""candidates"": 0, ""reasons"": [], ""state"": ""no_forecast_record"", ""zero_basis"": null}","{""candidates"": 0, ""reasons"": [], ""state"": ""no_forecast_record"", ""zero_basis"": null}",False,False,False,0,0,upstream_goal_with_paid_return_reserve,upstream_goal_with_paid_return_reserve,,
dev_LOOP_S_b160_n92801__vs__dev_LOOP_NBV_b160_n92801,76,instance_0000,0.04062592608688864,True,,"[0.8525742072633665, 0.05897195144582021, 0.08845354027183641, 3.0101897684837525e-07]","[0.8119482811764779, 0.06637313686221381, 0.12167804956459642, 5.323967117176383e-07]","{""candidates"": 0, ""reasons"": [], ""state"": ""no_forecast_record"", ""zero_basis"": null}","{""candidates"": 0, ""reasons"": [], ""state"": ""no_forecast_record"", ""zero_basis"": null}",False,False,False,0,0,upstream_goal_with_paid_return_reserve,upstream_goal_with_paid_return_reserve,,
dev_LOOP_S_b160_n92801__vs__dev_LOOP_NBV_b160_n92801,77,instance_0000,0.04062592608688864,True,,"[0.8525742072633665, 0.05897195144582021, 0.08845354027183641, 3.0101897684837525e-07]","[0.8119482811764779, 0.06637313686221381, 0.12167804956459642, 5.323967117176383e-07]","{""candidates"": 0, ""reasons"": [], ""state"": ""no_forecast_record"", ""zero_basis"": null}","{""candidates"": 0, ""reasons"": [], ""state"": ""no_forecast_record"", ""zero_basis"": null}",False,False,False,0,0,upstream_goal_with_paid_return_reserve,upstream_goal_with_paid_return_reserve,,
dev_LOOP_S_b160_n92801__vs__dev_LOOP_NBV_b160_n92801,78,instance_0000,0.04062592608688864,True,,"[0.8525742072633665, 0.05897195144582021, 0.08845354027183641, 3.0101897684837525e-07]","[0.8119482811764779, 0.06637313686221381, 0.12167804956459642, 5.323967117176383e-07]","{""candidates"": 0, ""reasons"": [], ""state"": ""no_forecast_record"", ""zero_basis"": null}","{""candidates"": 0, ""reasons"": [], ""state"": ""no_forecast_record"", ""zero_basis"": null}",False,False,False,0,0,upstream_goal_with_paid_return_reserve,upstream_goal_with_paid_return_reserve,,
dev_LOOP_S_b160_n92801__vs__dev_LOOP_NBV_b160_n92801,79,instance_0000,0.04062592608688864,True,,"[0.8525742072633665, 0.05897195144582021, 0.08845354027183641, 3.0101897684837525e-07]","[0.8119482811764779, 0.06637313686221381, 0.12167804956459642, 5.323967117176383e-07]","{""candidates"": 0, ""reasons"": [], ""state"": ""no_forecast_record"", ""zero_basis"": null}","{""candidates"": 0, ""reasons"": [], ""state"": ""no_forecast_record"", ""zero_basis"": null}",False,False,False,0,0,upstream_goal_with_paid_return_reserve,upstream_goal_with_paid_return_reserve,,
dev_LOOP_S_b160_n92801__vs__dev_LOOP_NBV_b160_n92801,80,instance_0000,0.04062592608688864,True,,"[0.8525742072633665, 0.05897195144582021, 0.08845354027183641, 3.0101897684837525e-07]","[0.8119482811764779, 0.06637313686221381, 0.12167804956459642, 5.323967117176383e-07]","{""candidates"": 0, ""reasons"": [], ""state"": ""no_forecast_record"", ""zero_basis"": null}","{""candidates"": 0, ""reasons"": [], ""state"": ""no_forecast_record"", ""zero_basis"": null}",False,False,False,0,0,upstream_goal_with_paid_return_reserve,upstream_goal_with_paid_return_reserve,,
dev_LOOP_S_b160_n92801__vs__dev_LOOP_NBV_b160_n92801,81,instance_0000,0.04062592608688864,True,,"[0.8525742072633665, 0.05897195144582021, 0.08845354027183641, 3.0101897684837525e-07]","[0.8119482811764779, 0.06637313686221381, 0.12167804956459642, 5.323967117176383e-07]","{""candidates"": 0, ""reasons"": [], ""state"": ""no_forecast_record"", ""zero_basis"": null}","{""candidates"": 0, ""reasons"": [], ""state"": ""no_forecast_record"", ""zero_basis"": null}",False,False,False,0,0,upstream_goal_with_paid_return_reserve,upstream_goal_with_paid_return_reserve,,
dev_LOOP_S_b160_n92801__vs__dev_LOOP_NBV_b160_n92801,82,instance_0000,0.04062592608688864,True,,"[0.8525742072633665, 0.05897195144582021, 0.08845354027183641, 3.0101897684837525e-07]","[0.8119482811764779, 0.06637313686221381, 0.12167804956459642, 5.323967117176383e-07]","{""candidates"": 0, ""reasons"": [], ""state"": ""no_forecast_record"", ""zero_basis"": null}","{""candidates"": 0, ""reasons"": [], ""state"": ""no_forecast_record"", ""zero_basis"": null}",False,False,False,0,0,upstream_goal_with_paid_return_reserve,upstream_goal_with_paid_return_reserve,,
dev_LOOP_S_b160_n92801__vs__dev_LOOP_NBV_b160_n92801,83,instance_0000,0.04062592608688864,True,,"[0.8525742072633665, 0.05897195144582021, 0.08845354027183641, 3.0101897684837525e-07]","[0.8119482811764779, 0.06637313686221381, 0.12167804956459642, 5.323967117176383e-07]","{""candidates"": 0, ""reasons"": [], ""state"": ""no_forecast_record"", ""zero_basis"": null}","{""candidates"": 0, ""reasons"": [], ""state"": ""no_forecast_record"", ""zero_basis"": null}",False,False,False,0,0,upstream_goal_with_paid_return_reserve,upstream_goal_with_paid_return_reserve,,
dev_LOOP_S_b160_n92801__vs__dev_LOOP_NBV_b160_n92801,84,instance_0000,0.04062592608688864,True,,"[0.8525742072633665, 0.05897195144582021, 0.08845354027183641, 3.0101897684837525e-07]","[0.8119482811764779, 0.06637313686221381, 0.12167804956459642, 5.323967117176383e-07]","{""candidates"": 8, ""positive"": 5, ""reasons"": [], ""repeated"": 0, ""state"": ""nonzero_structure_gain_available"", ""zero_basis"": false}","{""candidates"": 8, ""positive"": 5, ""reasons"": [], ""repeated"": 0, ""state"": ""nonzero_structure_gain_available"", ""zero_basis"": false}",False,True,True,34,31,upstream_goal_with_paid_return_reserve,upstream_goal_with_paid_return_reserve,76,76
dev_LOOP_S_b160_n92801__vs__dev_LOOP_NBV_b160_n92801,85,instance_0000,0.04062592608688864,True,,"[0.8525742072633665, 0.05897195144582021, 0.08845354027183641, 3.0101897684837525e-07]","[0.8119482811764779, 0.06637313686221381, 0.12167804956459642, 5.323967117176383e-07]","{""candidates"": 0, ""reasons"": [], ""state"": ""no_forecast_record"", ""zero_basis"": null}","{""candidates"": 0, ""reasons"": [], ""state"": ""no_forecast_record"", ""zero_basis"": null}",False,False,False,0,0,upstream_goal_with_paid_return_reserve,upstream_goal_with_paid_return_reserve,,
dev_LOOP_S_b160_n92801__vs__dev_LOOP_NBV_b160_n92801,86,instance_0000,0.04062592608688864,True,,"[0.8525742072633665, 0.05897195144582021, 0.08845354027183641, 3.0101897684837525e-07]","[0.8119482811764779, 0.06637313686221381, 0.12167804956459642, 5.323967117176383e-07]","{""candidates"": 0, ""reasons"": [], ""state"": ""no_forecast_record"", ""zero_basis"": null}","{""candidates"": 0, ""reasons"": [], ""state"": ""no_forecast_record"", ""zero_basis"": null}",False,False,False,0,0,upstream_goal_with_paid_return_reserve,upstream_goal_with_paid_return_reserve,,
dev_LOOP_S_b160_n92801__vs__dev_LOOP_NBV_b160_n92801,87,instance_0000,0.04062592608688864,True,,"[0.8525742072633665, 0.05897195144582021, 0.08845354027183641, 3.0101897684837525e-07]","[0.8119482811764779, 0.06637313686221381, 0.12167804956459642, 5.323967117176383e-07]","{""candidates"": 0, ""reasons"": [], ""state"": ""no_forecast_record"", ""zero_basis"": null}","{""candidates"": 0, ""reasons"": [], ""state"": ""no_forecast_record"", ""zero_basis"": null}",False,False,False,0,0,upstream_goal_with_paid_return_reserve,upstream_goal_with_paid_return_reserve,,
dev_LOOP_S_b160_n92801__vs__dev_LOOP_NBV_b160_n92801,89,instance_0000,0.040625848507402695,True,,"[0.8525743206222112, 0.058971959286770834, 0.08845355203267906, 1.6805833903378128e-07]","[0.8119484721148085, 0.0663731524705675, 0.1216780781784924, 2.972361316196873e-07]","{""candidates"": 0, ""reasons"": [], ""state"": ""no_forecast_record"", ""zero_basis"": null}","{""candidates"": 0, ""reasons"": [], ""state"": ""no_forecast_record"", ""zero_basis"": null}",False,False,False,0,0,upstream_goal_with_paid_return_reserve,upstream_goal_with_paid_return_reserve,,
dev_LOOP_S_b160_n92801__vs__dev_LOOP_NBV_b160_n92801,90,instance_0000,0.040625848507402695,True,,"[0.8525743206222112, 0.058971959286770834, 0.08845355203267906, 1.6805833903378128e-07]","[0.8119484721148085, 0.0663731524705675, 0.1216780781784924, 2.972361316196873e-07]","{""candidates"": 8, ""positive"": 4, ""reasons"": [], ""repeated"": 0, ""state"": ""nonzero_structure_gain_available"", ""zero_basis"": false}","{""candidates"": 8, ""positive"": 4, ""reasons"": [], ""repeated"": 0, ""state"": ""nonzero_structure_gain_available"", ""zero_basis"": false}",False,True,True,31,28,upstream_goal_with_paid_return_reserve,upstream_goal_with_paid_return_reserve,70,70
dev_LOOP_S_b160_n92801__vs__dev_LOOP_NBV_b160_n92801,96,instance_0000,0.04062576785680072,True,,"[0.8525744384684978, 0.05897196743811465, 0.08845356425908842, 2.98342991363974e-08]","[0.8119486706116971, 0.06637316869679943, 0.12167810792510898, 5.276639444397983e-08]","{""candidates"": 0, ""reasons"": [], ""state"": ""no_forecast_record"", ""zero_basis"": null}","{""candidates"": 0, ""reasons"": [], ""state"": ""no_forecast_record"", ""zero_basis"": null}",False,False,False,0,0,upstream_goal_with_paid_return_reserve,upstream_goal_with_paid_return_reserve,,
dev_LOOP_S_b160_n92801__vs__dev_LOOP_NBV_b160_n92801,97,instance_0000,0.04062576785680072,True,,"[0.8525744384684978, 0.05897196743811465, 0.08845356425908842, 2.98342991363974e-08]","[0.8119486706116971, 0.06637316869679943, 0.12167810792510898, 5.276639444397983e-08]","{""candidates"": 8, ""positive"": 5, ""reasons"": [], ""repeated"": 0, ""state"": ""nonzero_structure_gain_available"", ""zero_basis"": false}","{""candidates"": 8, ""positive"": 5, ""reasons"": [], ""repeated"": 0, ""state"": ""nonzero_structure_gain_available"", ""zero_basis"": false}",False,True,True,30,27,upstream_goal_with_paid_return_reserve,upstream_goal_with_paid_return_reserve,63,63
dev_LOOP_S_b160_n92801__vs__dev_LOOP_NBV_b160_n92801,98,instance_0000,0.04062576785680072,True,,"[0.8525744384684978, 0.05897196743811465, 0.08845356425908842, 2.98342991363974e-08]","[0.8119486706116971, 0.06637316869679943, 0.12167810792510898, 5.276639444397983e-08]","{""candidates"": 0, ""reasons"": [], ""state"": ""no_forecast_record"", ""zero_basis"": null}","{""candidates"": 0, ""reasons"": [], ""state"": ""no_forecast_record"", ""zero_basis"": null}",False,False,False,0,0,upstream_goal_with_paid_return_reserve,upstream_goal_with_paid_return_reserve,,
dev_LOOP_S_b160_n92801__vs__dev_LOOP_NBV_b160_n92801,99,instance_0000,0.04062576785680072,True,,"[0.8525744384684978, 0.05897196743811465, 0.08845356425908842, 2.98342991363974e-08]","[0.8119486706116971, 0.06637316869679943, 0.12167810792510898, 5.276639444397983e-08]","{""candidates"": 8, ""positive"": 6, ""reasons"": [], ""repeated"": 0, ""state"": ""nonzero_structure_gain_available"", ""zero_basis"": false}","{""candidates"": 8, ""positive"": 6, ""reasons"": [], ""repeated"": 0, ""state"": ""nonzero_structure_gain_available"", ""zero_basis"": false}",False,True,True,34,29,upstream_goal_with_paid_return_reserve,upstream_goal_with_paid_return_reserve,61,61
dev_LOOP_S_b160_n92801__vs__dev_LOOP_NBV_b160_n92801,100,instance_0000,0.04062576785680072,True,,"[0.8525744384684978, 0.05897196743811465, 0.08845356425908842, 2.98342991363974e-08]","[0.8119486706116971, 0.06637316869679943, 0.12167810792510898, 5.276639444397983e-08]","{""candidates"": 0, ""reasons"": [], ""state"": ""no_forecast_record"", ""zero_basis"": null}","{""candidates"": 0, ""reasons"": [], ""state"": ""no_forecast_record"", ""zero_basis"": null}",False,False,False,0,0,upstream_goal_with_paid_return_reserve,upstream_goal_with_paid_return_reserve,,
dev_LOOP_S_b160_n92801__vs__dev_LOOP_NBV_b160_n92801,101,instance_0000,0.04062576785680072,True,,"[0.8525744384684978, 0.05897196743811465, 0.08845356425908842, 2.98342991363974e-08]","[0.8119486706116971, 0.06637316869679943, 0.12167810792510898, 5.276639444397983e-08]","{""candidates"": 8, ""positive"": 5, ""reasons"": [], ""repeated"": 0, ""state"": ""nonzero_structure_gain_available"", ""zero_basis"": false}","{""candidates"": 8, ""positive"": 5, ""reasons"": [], ""repeated"": 0, ""state"": ""nonzero_structure_gain_available"", ""zero_basis"": false}",False,True,True,32,28,upstream_goal_with_paid_return_reserve,upstream_goal_with_paid_return_reserve,59,59
dev_LOOP_S_b160_n92801__vs__dev_LOOP_NBV_b160_n92801,102,instance_0000,0.04062576785680072,True,,"[0.8525744384684978, 0.05897196743811465, 0.08845356425908842, 2.98342991363974e-08]","[0.8119486706116971, 0.06637316869679943, 0.12167810792510898, 5.276639444397983e-08]","{""candidates"": 0, ""reasons"": [], ""state"": ""no_forecast_record"", ""zero_basis"": null}","{""candidates"": 0, ""reasons"": [], ""state"": ""no_forecast_record"", ""zero_basis"": null}",False,False,False,0,0,upstream_goal_with_paid_return_reserve,upstream_goal_with_paid_return_reserve,,
dev_LOOP_S_b160_n92801__vs__dev_LOOP_NBV_b160_n92801,103,instance_0000,0.04062576785680072,True,,"[0.8525744384684978, 0.05897196743811465, 0.08845356425908842, 2.98342991363974e-08]","[0.8119486706116971, 0.06637316869679943, 0.12167810792510898, 5.276639444397983e-08]","{""candidates"": 8, ""positive"": 4, ""reasons"": [], ""repeated"": 0, ""state"": ""nonzero_structure_gain_available"", ""zero_basis"": false}","{""candidates"": 8, ""positive"": 4, ""reasons"": [], ""repeated"": 0, ""state"": ""nonzero_structure_gain_available"", ""zero_basis"": false}",False,True,True,29,27,upstream_goal_with_paid_return_reserve,upstream_goal_with_paid_return_reserve,57,57
dev_LOOP_S_b160_n92801__vs__dev_LOOP_NBV_b160_n92801,104,instance_0000,0.04062576785680072,True,,"[0.8525744384684978, 0.05897196743811465, 0.08845356425908842, 2.98342991363974e-08]","[0.8119486706116971, 0.06637316869679943, 0.12167810792510898, 5.276639444397983e-08]","{""candidates"": 0, ""reasons"": [], ""state"": ""no_forecast_record"", ""zero_basis"": null}","{""candidates"": 0, ""reasons"": [], ""state"": ""no_forecast_record"", ""zero_basis"": null}",False,False,False,0,0,upstream_goal_with_paid_return_reserve,upstream_goal_with_paid_return_reserve,,
dev_LOOP_S_b160_n92801__vs__dev_LOOP_NBV_b160_n92801,105,instance_0000,0.04062575662887591,True,,"[0.8525744548746845, 0.05897196857291893, 0.08845356596121041, 1.0591186061555984e-08]","[0.8119486982458086, 0.06637317095576435, 0.12167811206633924, 1.8732087757946783e-08]","{""candidates"": 0, ""reasons"": [], ""state"": ""no_forecast_record"", ""zero_basis"": null}","{""candidates"": 0, ""reasons"": [], ""state"": ""no_forecast_record"", ""zero_basis"": null}",False,False,False,0,0,upstream_goal_with_paid_return_reserve,upstream_goal_with_paid_return_reserve,,
dev_LOOP_S_b160_n92801__vs__dev_LOOP_NBV_b160_n92801,106,instance_0000,0.04062575662887591,True,,"[0.8525744548746845, 0.05897196857291893, 0.08845356596121041, 1.0591186061555984e-08]","[0.8119486982458086, 0.06637317095576435, 0.12167811206633924, 1.8732087757946783e-08]","{""candidates"": 0, ""reasons"": [], ""state"": ""no_forecast_record"", ""zero_basis"": null}","{""candidates"": 0, ""reasons"": [], ""state"": ""no_forecast_record"", ""zero_basis"": null}",False,False,False,0,0,upstream_goal_with_paid_return_reserve,upstream_goal_with_paid_return_reserve,,
dev_LOOP_S_b160_n92801__vs__dev_LOOP_NBV_b160_n92801,107,instance_0000,0.04062575662887591,True,,"[0.8525744548746845, 0.05897196857291893, 0.08845356596121041, 1.0591186061555984e-08]","[0.8119486982458086, 0.06637317095576435, 0.12167811206633924, 1.8732087757946783e-08]","{""candidates"": 0, ""reasons"": [], ""state"": ""no_forecast_record"", ""zero_basis"": null}","{""candidates"": 0, ""reasons"": [], ""state"": ""no_forecast_record"", ""zero_basis"": null}",False,False,False,0,0,upstream_goal_with_paid_return_reserve,upstream_goal_with_paid_return_reserve,,
dev_LOOP_S_b160_n92801__vs__dev_LOOP_NBV_b160_n92801,108,instance_0000,0.04062575662887591,True,,"[0.8525744548746845, 0.05897196857291893, 0.08845356596121041, 1.0591186061555984e-08]","[0.8119486982458086, 0.06637317095576435, 0.12167811206633924, 1.8732087757946783e-08]","{""candidates"": 0, ""reasons"": [], ""state"": ""no_forecast_record"", ""zero_basis"": null}","{""candidates"": 0, ""reasons"": [], ""state"": ""no_forecast_record"", ""zero_basis"": null}",False,False,False,0,0,upstream_goal_with_paid_return_reserve,upstream_goal_with_paid_return_reserve,,
dev_LOOP_S_b160_n92801__vs__dev_LOOP_NBV_b160_n92801,109,instance_0000,0.04062575662887591,True,,"[0.8525744548746845, 0.05897196857291893, 0.08845356596121041, 1.0591186061555984e-08]","[0.8119486982458086, 0.06637317095576435, 0.12167811206633924, 1.8732087757946783e-08]","{""candidates"": 0, ""reasons"": [], ""state"": ""no_forecast_record"", ""zero_basis"": null}","{""candidates"": 0, ""reasons"": [], ""state"": ""no_forecast_record"", ""zero_basis"": null}",False,False,False,0,0,upstream_goal_with_paid_return_reserve,upstream_goal_with_paid_return_reserve,,
dev_LOOP_S_b160_n92801__vs__dev_LOOP_NBV_b160_n92801,110,instance_0000,0.04062575662887591,True,,"[0.8525744548746845, 0.05897196857291893, 0.08845356596121041, 1.0591186061555984e-08]","[0.8119486982458086, 0.06637317095576435, 0.12167811206633924, 1.8732087757946783e-08]","{""candidates"": 0, ""reasons"": [], ""state"": ""no_forecast_record"", ""zero_basis"": null}","{""candidates"": 0, ""reasons"": [], ""state"": ""no_forecast_record"", ""zero_basis"": null}",False,False,False,0,0,upstream_goal_with_paid_return_reserve,upstream_goal_with_paid_return_reserve,,
dev_LOOP_S_b160_n92801__vs__dev_LOOP_NBV_b160_n92801,111,instance_0000,0.04062575662887591,True,,"[0.8525744548746845, 0.05897196857291893, 0.08845356596121041, 1.0591186061555984e-08]","[0.8119486982458086, 0.06637317095576435, 0.12167811206633924, 1.8732087757946783e-08]","{""candidates"": 0, ""reasons"": [], ""state"": ""no_forecast_record"", ""zero_basis"": null}","{""candidates"": 0, ""reasons"": [], ""state"": ""no_forecast_record"", ""zero_basis"": null}",False,False,False,0,0,upstream_goal_with_paid_return_reserve,upstream_goal_with_paid_return_reserve,,
dev_LOOP_S_b160_n92801__vs__dev_LOOP_NBV_b160_n92801,112,instance_0000,0.04062575662887591,True,,"[0.8525744548746845, 0.05897196857291893, 0.08845356596121041, 1.0591186061555984e-08]","[0.8119486982458086, 0.06637317095576435, 0.12167811206633924, 1.8732087757946783e-08]","{""candidates"": 0, ""reasons"": [], ""state"": ""no_forecast_record"", ""zero_basis"": null}","{""candidates"": 0, ""reasons"": [], ""state"": ""no_forecast_record"", ""zero_basis"": null}",False,False,False,0,0,upstream_goal_with_paid_return_reserve,upstream_goal_with_paid_return_reserve,,
dev_LOOP_S_b160_n92801__vs__dev_LOOP_NBV_b160_n92801,113,instance_0000,0.04062575662887591,True,,"[0.8525744548746845, 0.05897196857291893, 0.08845356596121041, 1.0591186061555984e-08]","[0.8119486982458086, 0.06637317095576435, 0.12167811206633924, 1.8732087757946783e-08]","{""candidates"": 0, ""reasons"": [], ""state"": ""no_forecast_record"", ""zero_basis"": null}","{""candidates"": 0, ""reasons"": [], ""state"": ""no_forecast_record"", ""zero_basis"": null}",False,False,False,0,0,upstream_goal_with_paid_return_reserve,upstream_goal_with_paid_return_reserve,,
dev_LOOP_S_b160_n92801__vs__dev_LOOP_NBV_b160_n92801,114,instance_0000,0.04062575662887591,True,,"[0.8525744548746845, 0.05897196857291893, 0.08845356596121041, 1.0591186061555984e-08]","[0.8119486982458086, 0.06637317095576435, 0.12167811206633924, 1.8732087757946783e-08]","{""candidates"": 8, ""positive"": 3, ""reasons"": [], ""repeated"": 0, ""state"": ""nonzero_structure_gain_available"", ""zero_basis"": false}","{""candidates"": 8, ""positive"": 3, ""reasons"": [], ""repeated"": 0, ""state"": ""nonzero_structure_gain_available"", ""zero_basis"": false}",False,True,True,22,20,upstream_goal_with_paid_return_reserve,upstream_goal_with_paid_return_reserve,46,46
dev_LOOP_S_b160_n92801__vs__dev_LOOP_NBV_b160_n92801,115,instance_0000,0.04062575662887591,True,,"[0.8525744548746845, 0.05897196857291893, 0.08845356596121041, 1.0591186061555984e-08]","[0.8119486982458086, 0.06637317095576435, 0.12167811206633924, 1.8732087757946783e-08]","{""candidates"": 0, ""reasons"": [], ""state"": ""no_forecast_record"", ""zero_basis"": null}","{""candidates"": 0, ""reasons"": [], ""state"": ""no_forecast_record"", ""zero_basis"": null}",False,False,False,0,0,upstream_goal_with_paid_return_reserve,upstream_goal_with_paid_return_reserve,,
dev_LOOP_S_b160_n92801__vs__dev_LOOP_NBV_b160_n92801,116,instance_0000,0.04062575662887591,True,,"[0.8525744548746845, 0.05897196857291893, 0.08845356596121041, 1.0591186061555984e-08]","[0.8119486982458086, 0.06637317095576435, 0.12167811206633924, 1.8732087757946783e-08]","{""candidates"": 0, ""reasons"": [], ""state"": ""no_forecast_record"", ""zero_basis"": null}","{""candidates"": 0, ""reasons"": [], ""state"": ""no_forecast_record"", ""zero_basis"": null}",False,False,False,0,0,upstream_goal_with_paid_return_reserve,upstream_goal_with_paid_return_reserve,,
dev_LOOP_S_b160_n92801__vs__dev_LOOP_NBV_b160_n92801,117,instance_0000,0.04062575662887591,True,,"[0.8525744548746845, 0.05897196857291893, 0.08845356596121041, 1.0591186061555984e-08]","[0.8119486982458086, 0.06637317095576435, 0.12167811206633924, 1.8732087757946783e-08]","{""candidates"": 0, ""reasons"": [], ""state"": ""no_forecast_record"", ""zero_basis"": null}","{""candidates"": 0, ""reasons"": [], ""state"": ""no_forecast_record"", ""zero_basis"": null}",False,False,False,0,0,upstream_goal_with_paid_return_reserve,upstream_goal_with_paid_return_reserve,,
dev_LOOP_S_b160_n92801__vs__dev_LOOP_NBV_b160_n92801,118,instance_0000,0.04062575662887591,True,,"[0.8525744548746845, 0.05897196857291893, 0.08845356596121041, 1.0591186061555984e-08]","[0.8119486982458086, 0.06637317095576435, 0.12167811206633924, 1.8732087757946783e-08]","{""candidates"": 0, ""reasons"": [], ""state"": ""no_forecast_record"", ""zero_basis"": null}","{""candidates"": 0, ""reasons"": [], ""state"": ""no_forecast_record"", ""zero_basis"": null}",False,False,False,0,0,upstream_goal_with_paid_return_reserve,upstream_goal_with_paid_return_reserve,,
dev_LOOP_S_b160_n92801__vs__dev_LOOP_NBV_b160_n92801,120,instance_0000,0.04062575513194144,True,,"[0.8525744570619976, 0.05897196872421382, 0.0884535661881415, 8.025647071751658e-09]","[0.8119487019300562, 0.06637317125693508, 0.12167811261845822, 1.4194550514462321e-08]","{""candidates"": 0, ""reasons"": [], ""state"": ""no_forecast_record"", ""zero_basis"": null}","{""candidates"": 0, ""reasons"": [], ""state"": ""no_forecast_record"", ""zero_basis"": null}",False,False,False,0,0,upstream_goal_with_paid_return_reserve,upstream_goal_with_paid_return_reserve,,
dev_LOOP_S_b160_n92801__vs__dev_LOOP_NBV_b160_n92801,121,instance_0000,0.04062575513194144,True,,"[0.8525744570619976, 0.05897196872421382, 0.0884535661881415, 8.025647071751658e-09]","[0.8119487019300562, 0.06637317125693508, 0.12167811261845822, 1.4194550514462321e-08]","{""candidates"": 0, ""reasons"": [], ""state"": ""no_forecast_record"", ""zero_basis"": null}","{""candidates"": 0, ""reasons"": [], ""state"": ""no_forecast_record"", ""zero_basis"": null}",False,False,False,0,0,upstream_goal_with_paid_return_reserve,upstream_goal_with_paid_return_reserve,,
dev_LOOP_S_b160_n92801__vs__dev_LOOP_NBV_b160_n92801,122,instance_0000,0.04062575513194144,True,,"[0.8525744570619976, 0.05897196872421382, 0.0884535661881415, 8.025647071751658e-09]","[0.8119487019300562, 0.06637317125693508, 0.12167811261845822, 1.4194550514462321e-08]","{""candidates"": 0, ""reasons"": [], ""state"": ""no_forecast_record"", ""zero_basis"": null}","{""candidates"": 0, ""reasons"": [], ""state"": ""no_forecast_record"", ""zero_basis"": null}",False,False,False,0,0,upstream_goal_with_paid_return_reserve,upstream_goal_with_paid_return_reserve,,
dev_LOOP_S_b160_n92801__vs__dev_LOOP_NBV_b160_n92801,123,instance_0000,0.04062575513194144,True,,"[0.8525744570619976, 0.05897196872421382, 0.0884535661881415, 8.025647071751658e-09]","[0.8119487019300562, 0.06637317125693508, 0.12167811261845822, 1.4194550514462321e-08]","{""candidates"": 0, ""reasons"": [], ""state"": ""no_forecast_record"", ""zero_basis"": null}","{""candidates"": 0, ""reasons"": [], ""state"": ""no_forecast_record"", ""zero_basis"": null}",False,False,False,0,0,upstream_goal_with_paid_return_reserve,upstream_goal_with_paid_return_reserve,,
dev_LOOP_S_b160_n92801__vs__dev_LOOP_NBV_b160_n92801,124,instance_0000,0.04062575513194144,True,,"[0.8525744570619976, 0.05897196872421382, 0.0884535661881415, 8.025647071751658e-09]","[0.8119487019300562, 0.06637317125693508, 0.12167811261845822, 1.4194550514462321e-08]","{""candidates"": 0, ""reasons"": [], ""state"": ""no_forecast_record"", ""zero_basis"": null}","{""candidates"": 0, ""reasons"": [], ""state"": ""no_forecast_record"", ""zero_basis"": null}",False,False,False,0,0,upstream_goal_with_paid_return_reserve,upstream_goal_with_paid_return_reserve,,
dev_LOOP_S_b160_n92801__vs__dev_LOOP_NBV_b160_n92801,125,instance_0000,0.04062575513194144,True,,"[0.8525744570619976, 0.05897196872421382, 0.0884535661881415, 8.025647071751658e-09]","[0.8119487019300562, 0.06637317125693508, 0.12167811261845822, 1.4194550514462321e-08]","{""candidates"": 0, ""reasons"": [], ""state"": ""no_forecast_record"", ""zero_basis"": null}","{""candidates"": 0, ""reasons"": [], ""state"": ""no_forecast_record"", ""zero_basis"": null}",False,False,False,0,0,upstream_goal_with_paid_return_reserve,upstream_goal_with_paid_return_reserve,,
dev_LOOP_S_b160_n92801__vs__dev_LOOP_NBV_b160_n92801,126,instance_0000,0.04062575513194144,True,,"[0.8525744570619976, 0.05897196872421382, 0.0884535661881415, 8.025647071751658e-09]","[0.8119487019300562, 0.06637317125693508, 0.12167811261845822, 1.4194550514462321e-08]","{""candidates"": 0, ""reasons"": [], ""state"": ""no_forecast_record"", ""zero_basis"": null}","{""candidates"": 0, ""reasons"": [], ""state"": ""no_forecast_record"", ""zero_basis"": null}",False,False,False,0,0,upstream_goal_with_paid_return_reserve,upstream_goal_with_paid_return_reserve,,
dev_LOOP_S_b160_n92801__vs__dev_LOOP_NBV_b160_n92801,127,instance_0000,0.04062575513194144,True,,"[0.8525744570619976, 0.05897196872421382, 0.0884535661881415, 8.025647071751658e-09]","[0.8119487019300562, 0.06637317125693508, 0.12167811261845822, 1.4194550514462321e-08]","{""candidates"": 0, ""reasons"": [], ""state"": ""no_forecast_record"", ""zero_basis"": null}","{""candidates"": 0, ""reasons"": [], ""state"": ""no_forecast_record"", ""zero_basis"": null}",False,False,False,0,0,upstream_goal_with_paid_return_reserve,upstream_goal_with_paid_return_reserve,,
dev_LOOP_S_b160_n92801__vs__dev_LOOP_NBV_b160_n92801,128,instance_0000,0.04062575513194144,True,,"[0.8525744570619976, 0.05897196872421382, 0.0884535661881415, 8.025647071751658e-09]","[0.8119487019300562, 0.06637317125693508, 0.12167811261845822, 1.4194550514462321e-08]","{""candidates"": 0, ""reasons"": [], ""state"": ""no_forecast_record"", ""zero_basis"": null}","{""candidates"": 0, ""reasons"": [], ""state"": ""no_forecast_record"", ""zero_basis"": null}",False,False,False,0,0,upstream_goal_with_paid_return_reserve,upstream_goal_with_paid_return_reserve,,
dev_LOOP_S_b160_n92801__vs__dev_LOOP_NBV_b160_n92801,128,instance_0001,0.07500000000000001,True,,"[0.225, 0.25, 0.325, 0.19999999999999996]","[0.25, 0.25, 0.25, 0.25]","{""candidates"": 0, ""reasons"": [], ""state"": ""no_forecast_record"", ""zero_basis"": null}","{""candidates"": 0, ""reasons"": [], ""state"": ""no_forecast_record"", ""zero_basis"": null}",False,False,False,0,0,upstream_goal_with_paid_return_reserve,upstream_goal_with_paid_return_reserve,,
dev_LOOP_S_b160_n92801__vs__dev_LOOP_NBV_b160_n92801,131,instance_0001,0.07500000000000001,True,,"[0.225, 0.25, 0.325, 0.19999999999999996]","[0.25, 0.25, 0.25, 0.25]","{""candidates"": 0, ""reasons"": [], ""state"": ""no_forecast_record"", ""zero_basis"": null}","{""candidates"": 0, ""reasons"": [], ""state"": ""no_forecast_record"", ""zero_basis"": null}",False,False,False,0,0,upstream_goal_with_paid_return_reserve,upstream_goal_with_paid_return_reserve,,
dev_LOOP_S_b160_n92801__vs__dev_LOOP_NBV_b160_n92801,132,instance_0001,0.07500000000000001,True,,"[0.225, 0.25, 0.325, 0.19999999999999996]","[0.25, 0.25, 0.25, 0.25]","{""candidates"": 0, ""reasons"": [], ""state"": ""no_forecast_record"", ""zero_basis"": null}","{""candidates"": 0, ""reasons"": [], ""state"": ""no_forecast_record"", ""zero_basis"": null}",False,False,False,0,0,upstream_goal_with_paid_return_reserve,upstream_goal_with_paid_return_reserve,,
dev_LOOP_S_b160_n92801__vs__dev_LOOP_NBV_b160_n92801,133,instance_0001,0.08496413056694646,True,,"[0.14558349934570172, 0.235968562504621, 0.5292784262332902, 0.0891695119163871]","[0.17653023184497413, 0.2575156299364382, 0.4443142956663438, 0.12163984255224403]","{""candidates"": 0, ""reasons"": [], ""state"": ""no_forecast_record"", ""zero_basis"": null}","{""candidates"": 0, ""reasons"": [], ""state"": ""no_forecast_record"", ""zero_basis"": null}",False,False,False,0,0,upstream_goal_with_paid_return_reserve,upstream_goal_with_paid_return_reserve,,
dev_LOOP_S_b160_n92801__vs__dev_LOOP_NBV_b160_n92801,134,instance_0001,0.08496413056694646,True,,"[0.14558349934570172, 0.235968562504621, 0.5292784262332902, 0.0891695119163871]","[0.17653023184497413, 0.2575156299364382, 0.4443142956663438, 0.12163984255224403]","{""candidates"": 0, ""reasons"": [], ""state"": ""no_forecast_record"", ""zero_basis"": null}","{""candidates"": 0, ""reasons"": [], ""state"": ""no_forecast_record"", ""zero_basis"": null}",False,False,False,0,0,upstream_goal_with_paid_return_reserve,upstream_goal_with_paid_return_reserve,,
dev_LOOP_S_b160_n92801__vs__dev_LOOP_NBV_b160_n92801,135,instance_0001,0.08496413056694646,True,,"[0.14558349934570172, 0.235968562504621, 0.5292784262332902, 0.0891695119163871]","[0.17653023184497413, 0.2575156299364382, 0.4443142956663438, 0.12163984255224403]","{""candidates"": 0, ""reasons"": [], ""state"": ""no_forecast_record"", ""zero_basis"": null}","{""candidates"": 0, ""reasons"": [], ""state"": ""no_forecast_record"", ""zero_basis"": null}",False,False,False,0,0,upstream_goal_with_paid_return_reserve,upstream_goal_with_paid_return_reserve,,
dev_LOOP_S_b160_n92801__vs__dev_LOOP_NBV_b160_n92801,136,instance_0001,0.08496413056694646,True,,"[0.14558349934570172, 0.235968562504621, 0.5292784262332902, 0.0891695119163871]","[0.17653023184497413, 0.2575156299364382, 0.4443142956663438, 0.12163984255224403]","{""candidates"": 8, ""positive"": 6, ""reasons"": [], ""repeated"": 0, ""state"": ""nonzero_structure_gain_available"", ""zero_basis"": false}","{""candidates"": 8, ""positive"": 6, ""reasons"": [], ""repeated"": 0, ""state"": ""nonzero_structure_gain_available"", ""zero_basis"": false}",False,True,True,6,6,upstream_goal_with_paid_return_reserve,upstream_goal_with_paid_return_reserve,24,24
dev_LOOP_S_b160_n92801__vs__dev_LOOP_NBV_b160_n92801,139,instance_0001,0.07813043956671784,True,,"[0.16647715780354538, 0.07611861729997633, 0.7164999173640547, 0.040904307532423516]","[0.21424537972216307, 0.08816378207239507, 0.6383694777973369, 0.05922136040810505]","{""candidates"": 8, ""positive"": 4, ""reasons"": [], ""repeated"": 0, ""state"": ""nonzero_structure_gain_available"", ""zero_basis"": false}","{""candidates"": 8, ""positive"": 4, ""reasons"": [], ""repeated"": 0, ""state"": ""nonzero_structure_gain_available"", ""zero_basis"": false}",False,True,True,0,0,return,return,21,21
dev_LOOP_S_b160_n92801__vs__dev_LOOP_NBV_b160_n92801,140,instance_0001,0.07813043956671784,True,,"[0.16647715780354538, 0.07611861729997633, 0.7164999173640547, 0.040904307532423516]","[0.21424537972216307, 0.08816378207239507, 0.6383694777973369, 0.05922136040810505]","{""candidates"": 8, ""positive"": 3, ""reasons"": [], ""repeated"": 0, ""state"": ""nonzero_structure_gain_available"", ""zero_basis"": false}","{""candidates"": 8, ""positive"": 3, ""reasons"": [], ""repeated"": 0, ""state"": ""nonzero_structure_gain_available"", ""zero_basis"": false}",False,True,True,0,0,return,return,20,20
dev_LOOP_S_b160_n92801__vs__dev_LOOP_NBV_b160_n92801,141,instance_0001,0.07813043956671784,True,,"[0.16647715780354538, 0.07611861729997633, 0.7164999173640547, 0.040904307532423516]","[0.21424537972216307, 0.08816378207239507, 0.6383694777973369, 0.05922136040810505]","{""candidates"": 8, ""positive"": 3, ""reasons"": [], ""repeated"": 0, ""state"": ""nonzero_structure_gain_available"", ""zero_basis"": false}","{""candidates"": 8, ""positive"": 3, ""reasons"": [], ""repeated"": 0, ""state"": ""nonzero_structure_gain_available"", ""zero_basis"": false}",False,True,True,0,0,return,return,19,19
dev_LOOP_S_b160_n92801__vs__dev_LOOP_NBV_b160_n92801,142,instance_0000,0.040625752070254206,True,,"[0.8525744615357191, 0.058971969033657964, 0.0884535666522847, 2.7783381731750427e-09]","[0.8119487094654649, 0.06637317187292102, 0.12167811374770977, 4.9139043060173265e-09]","{""candidates"": 8, ""positive"": 6, ""reasons"": [], ""repeated"": 0, ""state"": ""nonzero_structure_gain_available"", ""zero_basis"": false}","{""candidates"": 8, ""positive"": 6, ""reasons"": [], ""repeated"": 0, ""state"": ""nonzero_structure_gain_available"", ""zero_basis"": false}",False,True,True,0,0,return,return,18,18
dev_LOOP_S_b160_n92801__vs__dev_LOOP_NBV_b160_n92801,142,instance_0001,0.07813043956671784,True,,"[0.16647715780354538, 0.07611861729997633, 0.7164999173640547, 0.040904307532423516]","[0.21424537972216307, 0.08816378207239507, 0.6383694777973369, 0.05922136040810505]","{""candidates"": 8, ""positive"": 4, ""reasons"": [], ""repeated"": 0, ""state"": ""nonzero_structure_gain_available"", ""zero_basis"": false}","{""candidates"": 8, ""positive"": 4, ""reasons"": [], ""repeated"": 0, ""state"": ""nonzero_structure_gain_available"", ""zero_basis"": false}",False,True,True,0,0,return,return,18,18
dev_LOOP_S_b160_n92801__vs__dev_LOOP_NBV_b160_n92801,143,instance_0000,0.04062575103528976,True,,"[0.8525744630480041, 0.05897196913826164, 0.08845356680918241, 1.0045519007059962e-09]","[0.8119487120127143, 0.06637317208114728, 0.12167811412943898, 1.7766994546910053e-09]","{""candidates"": 8, ""positive"": 6, ""reasons"": [], ""repeated"": 0, ""state"": ""nonzero_structure_gain_available"", ""zero_basis"": false}","{""candidates"": 8, ""positive"": 6, ""reasons"": [], ""repeated"": 0, ""state"": ""nonzero_structure_gain_available"", ""zero_basis"": false}",False,True,True,0,0,return,return,17,17
dev_LOOP_S_b160_n92801__vs__dev_LOOP_NBV_b160_n92801,143,instance_0001,0.07813043956671784,True,,"[0.16647715780354538, 0.07611861729997633, 0.7164999173640547, 0.040904307532423516]","[0.21424537972216307, 0.08816378207239507, 0.6383694777973369, 0.05922136040810505]","{""candidates"": 8, ""positive"": 4, ""reasons"": [], ""repeated"": 0, ""state"": ""nonzero_structure_gain_available"", ""zero_basis"": false}","{""candidates"": 8, ""positive"": 4, ""reasons"": [], ""repeated"": 0, ""state"": ""nonzero_structure_gain_available"", ""zero_basis"": false}",False,True,True,0,0,return,return,17,17
dev_LOOP_S_b160_n92801__vs__dev_LOOP_NBV_b160_n92801,144,instance_0000,0.0406257506851011,True,,"[0.852574463559698, 0.05897196917365514, 0.08845356686227003, 4.0437689897847914e-10]","[0.8119487128745969, 0.0663731721516023, 0.1216781142586001, 7.15200693693589e-10]","{""candidates"": 8, ""positive"": 6, ""reasons"": [], ""repeated"": 0, ""state"": ""nonzero_structure_gain_available"", ""zero_basis"": false}","{""candidates"": 8, ""positive"": 6, ""reasons"": [], ""repeated"": 0, ""state"": ""nonzero_structure_gain_available"", ""zero_basis"": false}",False,True,True,0,0,return,return,16,16
dev_LOOP_S_b160_n92801__vs__dev_LOOP_NBV_b160_n92801,144,instance_0001,0.07813043956671784,True,,"[0.16647715780354538, 0.07611861729997633, 0.7164999173640547, 0.040904307532423516]","[0.21424537972216307, 0.08816378207239507, 0.6383694777973369, 0.05922136040810505]","{""candidates"": 8, ""positive"": 2, ""reasons"": [], ""repeated"": 0, ""state"": ""nonzero_structure_gain_available"", ""zero_basis"": false}","{""candidates"": 8, ""positive"": 2, ""reasons"": [], ""repeated"": 0, ""state"": ""nonzero_structure_gain_available"", ""zero_basis"": false}",False,True,True,0,0,return,return,16,16
dev_LOOP_S_b160_n92801__vs__dev_LOOP_NBV_b160_n92801,145,instance_0000,0.04062575052940942,True,,"[0.8525744637871937, 0.05897196918939086, 0.08845356688587246, 1.3754301665155048e-10]","[0.8119487132577843, 0.06637317218292615, 0.12167811431602434, 2.432652834288367e-10]","{""candidates"": 8, ""positive"": 5, ""reasons"": [], ""repeated"": 0, ""state"": ""nonzero_structure_gain_available"", ""zero_basis"": false}","{""candidates"": 8, ""positive"": 5, ""reasons"": [], ""repeated"": 0, ""state"": ""nonzero_structure_gain_available"", ""zero_basis"": false}",False,True,True,0,0,return,return,15,15
dev_LOOP_S_b160_n92801__vs__dev_LOOP_NBV_b160_n92801,145,instance_0001,0.07813043956671784,True,,"[0.16647715780354538, 0.07611861729997633, 0.7164999173640547, 0.040904307532423516]","[0.21424537972216307, 0.08816378207239507, 0.6383694777973369, 0.05922136040810505]","{""candidates"": 8, ""positive"": 3, ""reasons"": [], ""repeated"": 0, ""state"": ""nonzero_structure_gain_available"", ""zero_basis"": false}","{""candidates"": 8, ""positive"": 3, ""reasons"": [], ""repeated"": 0, ""state"": ""nonzero_structure_gain_available"", ""zero_basis"": false}",False,True,True,0,0,return,return,15,15
dev_LOOP_S_b160_n92801__vs__dev_LOOP_NBV_b160_n92801,146,instance_0001,0.07813043956671784,True,,"[0.16647715780354538, 0.07611861729997633, 0.7164999173640547, 0.040904307532423516]","[0.21424537972216307, 0.08816378207239507, 0.6383694777973369, 0.05922136040810505]","{""candidates"": 8, ""positive"": 1, ""reasons"": [], ""repeated"": 0, ""state"": ""nonzero_structure_gain_available"", ""zero_basis"": false}","{""candidates"": 8, ""positive"": 1, ""reasons"": [], ""repeated"": 0, ""state"": ""nonzero_structure_gain_available"", ""zero_basis"": false}",False,True,True,0,0,return,return,14,14
dev_LOOP_S_b160_n92801__vs__dev_LOOP_NBV_b160_n92801,147,instance_0001,0.07813043956671784,True,,"[0.16647715780354538, 0.07611861729997633, 0.7164999173640547, 0.040904307532423516]","[0.21424537972216307, 0.08816378207239507, 0.6383694777973369, 0.05922136040810505]","{""candidates"": 8, ""positive"": 2, ""reasons"": [], ""repeated"": 0, ""state"": ""nonzero_structure_gain_available"", ""zero_basis"": false}","{""candidates"": 8, ""positive"": 2, ""reasons"": [], ""repeated"": 0, ""state"": ""nonzero_structure_gain_available"", ""zero_basis"": false}",False,True,True,0,0,return,return,13,13
dev_LOOP_S_b160_n92801__vs__dev_LOOP_NBV_b160_n92801,148,instance_0000,0.04062575052940942,True,,"[0.8525744637871937, 0.05897196918939086, 0.08845356688587246, 1.3754301665155048e-10]","[0.8119487132577843, 0.06637317218292615, 0.12167811431602434, 2.432652834288367e-10]","{""candidates"": 8, ""positive"": 7, ""reasons"": [], ""repeated"": 0, ""state"": ""nonzero_structure_gain_available"", ""zero_basis"": false}","{""candidates"": 8, ""positive"": 7, ""reasons"": [], ""repeated"": 0, ""state"": ""nonzero_structure_gain_available"", ""zero_basis"": false}",False,True,True,0,0,return,return,12,12
dev_LOOP_S_b160_n92801__vs__dev_LOOP_NBV_b160_n92801,148,instance_0001,0.07813043956671784,True,,"[0.16647715780354538, 0.07611861729997633, 0.7164999173640547, 0.040904307532423516]","[0.21424537972216307, 0.08816378207239507, 0.6383694777973369, 0.05922136040810505]","{""candidates"": 8, ""positive"": 1, ""reasons"": [], ""repeated"": 0, ""state"": ""nonzero_structure_gain_available"", ""zero_basis"": false}","{""candidates"": 8, ""positive"": 1, ""reasons"": [], ""repeated"": 0, ""state"": ""nonzero_structure_gain_available"", ""zero_basis"": false}",False,True,True,0,0,return,return,12,12
dev_LOOP_S_b160_n92801__vs__dev_LOOP_NBV_b160_n92801,149,instance_0000,0.04062575052940942,True,,"[0.8525744637871937, 0.05897196918939086, 0.08845356688587246, 1.3754301665155048e-10]","[0.8119487132577843, 0.06637317218292615, 0.12167811431602434, 2.432652834288367e-10]","{""candidates"": 8, ""positive"": 7, ""reasons"": [], ""repeated"": 0, ""state"": ""nonzero_structure_gain_available"", ""zero_basis"": false}","{""candidates"": 8, ""positive"": 7, ""reasons"": [], ""repeated"": 0, ""state"": ""nonzero_structure_gain_available"", ""zero_basis"": false}",False,True,True,0,0,return,return,11,11
dev_LOOP_S_b160_n92801__vs__dev_LOOP_NBV_b160_n92801,149,instance_0001,0.07813043956671784,True,,"[0.16647715780354538, 0.07611861729997633, 0.7164999173640547, 0.040904307532423516]","[0.21424537972216307, 0.08816378207239507, 0.6383694777973369, 0.05922136040810505]","{""candidates"": 8, ""positive"": 3, ""reasons"": [], ""repeated"": 0, ""state"": ""nonzero_structure_gain_available"", ""zero_basis"": false}","{""candidates"": 8, ""positive"": 3, ""reasons"": [], ""repeated"": 0, ""state"": ""nonzero_structure_gain_available"", ""zero_basis"": false}",False,True,True,0,0,return,return,11,11
dev_LOOP_S_b160_n92801__vs__dev_LOOP_NBV_b160_n92801,150,instance_0000,0.04062575052940942,True,,"[0.8525744637871937, 0.05897196918939086, 0.08845356688587246, 1.3754301665155048e-10]","[0.8119487132577843, 0.06637317218292615, 0.12167811431602434, 2.432652834288367e-10]","{""candidates"": 8, ""positive"": 7, ""reasons"": [], ""repeated"": 0, ""state"": ""nonzero_structure_gain_available"", ""zero_basis"": false}","{""candidates"": 8, ""positive"": 7, ""reasons"": [], ""repeated"": 0, ""state"": ""nonzero_structure_gain_available"", ""zero_basis"": false}",False,True,True,0,0,return,return,10,10
dev_LOOP_S_b160_n92801__vs__dev_LOOP_NBV_b160_n92801,150,instance_0001,0.07813043956671784,True,,"[0.16647715780354538, 0.07611861729997633, 0.7164999173640547, 0.040904307532423516]","[0.21424537972216307, 0.08816378207239507, 0.6383694777973369, 0.05922136040810505]","{""candidates"": 8, ""positive"": 5, ""reasons"": [], ""repeated"": 0, ""state"": ""nonzero_structure_gain_available"", ""zero_basis"": false}","{""candidates"": 8, ""positive"": 5, ""reasons"": [], ""repeated"": 0, ""state"": ""nonzero_structure_gain_available"", ""zero_basis"": false}",False,True,True,0,0,return,return,10,10
dev_LOOP_S_b160_n92801__vs__dev_LOOP_NBV_b160_n92801,151,instance_0000,0.04062575052940942,True,,"[0.8525744637871937, 0.05897196918939086, 0.08845356688587246, 1.3754301665155048e-10]","[0.8119487132577843, 0.06637317218292615, 0.12167811431602434, 2.432652834288367e-10]","{""candidates"": 8, ""positive"": 8, ""reasons"": [], ""repeated"": 0, ""state"": ""nonzero_structure_gain_available"", ""zero_basis"": false}","{""candidates"": 8, ""positive"": 8, ""reasons"": [], ""repeated"": 0, ""state"": ""nonzero_structure_gain_available"", ""zero_basis"": false}",False,True,True,0,0,return,return,9,9
dev_LOOP_S_b160_n92801__vs__dev_LOOP_NBV_b160_n92801,151,instance_0001,0.07813043956671784,True,,"[0.16647715780354538, 0.07611861729997633, 0.7164999173640547, 0.040904307532423516]","[0.21424537972216307, 0.08816378207239507, 0.6383694777973369, 0.05922136040810505]","{""candidates"": 8, ""positive"": 6, ""reasons"": [], ""repeated"": 0, ""state"": ""nonzero_structure_gain_available"", ""zero_basis"": false}","{""candidates"": 8, ""positive"": 6, ""reasons"": [], ""repeated"": 0, ""state"": ""nonzero_structure_gain_available"", ""zero_basis"": false}",False,True,True,0,0,return,return,9,9
dev_LOOP_S_b160_n92801__vs__dev_LOOP_NBV_b160_n92801,152,instance_0000,0.04062575052940942,True,,"[0.8525744637871937, 0.05897196918939086, 0.08845356688587246, 1.3754301665155048e-10]","[0.8119487132577843, 0.06637317218292615, 0.12167811431602434, 2.432652834288367e-10]","{""candidates"": 8, ""positive"": 8, ""reasons"": [], ""repeated"": 0, ""state"": ""nonzero_structure_gain_available"", ""zero_basis"": false}","{""candidates"": 8, ""positive"": 8, ""reasons"": [], ""repeated"": 0, ""state"": ""nonzero_structure_gain_available"", ""zero_basis"": false}",False,True,True,0,0,return,return,8,8
dev_LOOP_S_b160_n92801__vs__dev_LOOP_NBV_b160_n92801,152,instance_0001,0.07813043956671784,True,,"[0.16647715780354538, 0.07611861729997633, 0.7164999173640547, 0.040904307532423516]","[0.21424537972216307, 0.08816378207239507, 0.6383694777973369, 0.05922136040810505]","{""candidates"": 8, ""positive"": 6, ""reasons"": [], ""repeated"": 0, ""state"": ""nonzero_structure_gain_available"", ""zero_basis"": false}","{""candidates"": 8, ""positive"": 6, ""reasons"": [], ""repeated"": 0, ""state"": ""nonzero_structure_gain_available"", ""zero_basis"": false}",False,True,True,0,0,return,return,8,8
dev_LOOP_S_b160_n92801__vs__dev_LOOP_NBV_b160_n92801,153,instance_0000,0.04062575052940942,True,,"[0.8525744637871937, 0.05897196918939086, 0.08845356688587246, 1.3754301665155048e-10]","[0.8119487132577843, 0.06637317218292615, 0.12167811431602434, 2.432652834288367e-10]","{""candidates"": 8, ""positive"": 7, ""reasons"": [], ""repeated"": 0, ""state"": ""nonzero_structure_gain_available"", ""zero_basis"": false}","{""candidates"": 8, ""positive"": 7, ""reasons"": [], ""repeated"": 0, ""state"": ""nonzero_structure_gain_available"", ""zero_basis"": false}",False,True,True,0,0,return,return,7,7
dev_LOOP_S_b160_n92801__vs__dev_LOOP_NBV_b160_n92801,153,instance_0001,0.07813043956671784,True,,"[0.16647715780354538, 0.07611861729997633, 0.7164999173640547, 0.040904307532423516]","[0.21424537972216307, 0.08816378207239507, 0.6383694777973369, 0.05922136040810505]","{""candidates"": 8, ""positive"": 7, ""reasons"": [], ""repeated"": 0, ""state"": ""nonzero_structure_gain_available"", ""zero_basis"": false}","{""candidates"": 8, ""positive"": 7, ""reasons"": [], ""repeated"": 0, ""state"": ""nonzero_structure_gain_available"", ""zero_basis"": false}",False,True,True,0,0,return,return,7,7
dev_LOOP_S_b160_n92801__vs__dev_LOOP_NBV_b160_n92801,154,instance_0000,0.04062575052940942,True,,"[0.8525744637871937, 0.05897196918939086, 0.08845356688587246, 1.3754301665155048e-10]","[0.8119487132577843, 0.06637317218292615, 0.12167811431602434, 2.432652834288367e-10]","{""candidates"": 8, ""positive"": 8, ""reasons"": [], ""repeated"": 0, ""state"": ""nonzero_structure_gain_available"", ""zero_basis"": false}","{""candidates"": 8, ""positive"": 8, ""reasons"": [], ""repeated"": 0, ""state"": ""nonzero_structure_gain_available"", ""zero_basis"": false}",False,True,True,0,0,return,return,6,6
dev_LOOP_S_b160_n92801__vs__dev_LOOP_NBV_b160_n92801,154,instance_0001,0.07813043956671784,True,,"[0.16647715780354538, 0.07611861729997633, 0.7164999173640547, 0.040904307532423516]","[0.21424537972216307, 0.08816378207239507, 0.6383694777973369, 0.05922136040810505]","{""candidates"": 8, ""positive"": 8, ""reasons"": [], ""repeated"": 0, ""state"": ""nonzero_structure_gain_available"", ""zero_basis"": false}","{""candidates"": 8, ""positive"": 8, ""reasons"": [], ""repeated"": 0, ""state"": ""nonzero_structure_gain_available"", ""zero_basis"": false}",False,True,True,0,0,return,return,6,6
dev_LOOP_S_b160_n92801__vs__dev_LOOP_NBV_b160_n92801,155,instance_0000,0.04062575052940942,True,,"[0.8525744637871937, 0.05897196918939086, 0.08845356688587246, 1.3754301665155048e-10]","[0.8119487132577843, 0.06637317218292615, 0.12167811431602434, 2.432652834288367e-10]","{""candidates"": 8, ""positive"": 8, ""reasons"": [], ""repeated"": 0, ""state"": ""nonzero_structure_gain_available"", ""zero_basis"": false}","{""candidates"": 8, ""positive"": 8, ""reasons"": [], ""repeated"": 0, ""state"": ""nonzero_structure_gain_available"", ""zero_basis"": false}",False,True,True,0,0,return,return,5,5
dev_LOOP_S_b160_n92801__vs__dev_LOOP_NBV_b160_n92801,155,instance_0001,0.07813043956671784,True,,"[0.16647715780354538, 0.07611861729997633, 0.7164999173640547, 0.040904307532423516]","[0.21424537972216307, 0.08816378207239507, 0.6383694777973369, 0.05922136040810505]","{""candidates"": 8, ""positive"": 8, ""reasons"": [], ""repeated"": 0, ""state"": ""nonzero_structure_gain_available"", ""zero_basis"": false}","{""candidates"": 8, ""positive"": 8, ""reasons"": [], ""repeated"": 0, ""state"": ""nonzero_structure_gain_available"", ""zero_basis"": false}",False,True,True,0,0,return,return,5,5
dev_LOOP_S_b160_n92801__vs__dev_LOOP_NBV_b160_n92801,156,instance_0000,0.04062575052940942,True,,"[0.8525744637871937, 0.05897196918939086, 0.08845356688587246, 1.3754301665155048e-10]","[0.8119487132577843, 0.06637317218292615, 0.12167811431602434, 2.432652834288367e-10]","{""candidates"": 8, ""positive"": 8, ""reasons"": [], ""repeated"": 0, ""state"": ""nonzero_structure_gain_available"", ""zero_basis"": false}","{""candidates"": 8, ""positive"": 8, ""reasons"": [], ""repeated"": 0, ""state"": ""nonzero_structure_gain_available"", ""zero_basis"": false}",False,True,True,0,0,return,return,4,4
dev_LOOP_S_b160_n92801__vs__dev_LOOP_NBV_b160_n92801,156,instance_0001,0.07813043956671784,True,,"[0.16647715780354538, 0.07611861729997633, 0.7164999173640547, 0.040904307532423516]","[0.21424537972216307, 0.08816378207239507, 0.6383694777973369, 0.05922136040810505]","{""candidates"": 8, ""positive"": 8, ""reasons"": [], ""repeated"": 0, ""state"": ""nonzero_structure_gain_available"", ""zero_basis"": false}","{""candidates"": 8, ""positive"": 8, ""reasons"": [], ""repeated"": 0, ""state"": ""nonzero_structure_gain_available"", ""zero_basis"": false}",False,True,True,0,0,return,return,4,4
dev_LOOP_S_b160_n92801__vs__dev_LOOP_NBV_b160_n92801,157,instance_0000,0.04062575052940942,True,,"[0.8525744637871937, 0.05897196918939086, 0.08845356688587246, 1.3754301665155048e-10]","[0.8119487132577843, 0.06637317218292615, 0.12167811431602434, 2.432652834288367e-10]","{""candidates"": 8, ""positive"": 8, ""reasons"": [], ""repeated"": 0, ""state"": ""nonzero_structure_gain_available"", ""zero_basis"": false}","{""candidates"": 8, ""positive"": 8, ""reasons"": [], ""repeated"": 0, ""state"": ""nonzero_structure_gain_available"", ""zero_basis"": false}",False,True,True,0,0,return,return,3,3
dev_LOOP_S_b160_n92801__vs__dev_LOOP_NBV_b160_n92801,157,instance_0001,0.07813043956671784,True,,"[0.16647715780354538, 0.07611861729997633, 0.7164999173640547, 0.040904307532423516]","[0.21424537972216307, 0.08816378207239507, 0.6383694777973369, 0.05922136040810505]","{""candidates"": 8, ""positive"": 8, ""reasons"": [], ""repeated"": 0, ""state"": ""nonzero_structure_gain_available"", ""zero_basis"": false}","{""candidates"": 8, ""positive"": 8, ""reasons"": [], ""repeated"": 0, ""state"": ""nonzero_structure_gain_available"", ""zero_basis"": false}",False,True,True,0,0,return,return,3,3
dev_LOOP_S_b160_n92801__vs__dev_LOOP_NBV_b160_n92801,158,instance_0000,0.04062575052940942,True,,"[0.8525744637871937, 0.05897196918939086, 0.08845356688587246, 1.3754301665155048e-10]","[0.8119487132577843, 0.06637317218292615, 0.12167811431602434, 2.432652834288367e-10]","{""candidates"": 8, ""positive"": 8, ""reasons"": [], ""repeated"": 0, ""state"": ""nonzero_structure_gain_available"", ""zero_basis"": false}","{""candidates"": 8, ""positive"": 8, ""reasons"": [], ""repeated"": 0, ""state"": ""nonzero_structure_gain_available"", ""zero_basis"": false}",False,True,True,0,0,return,return,2,2
dev_LOOP_S_b160_n92801__vs__dev_LOOP_NBV_b160_n92801,158,instance_0001,0.07813043956671784,True,,"[0.16647715780354538, 0.07611861729997633, 0.7164999173640547, 0.040904307532423516]","[0.21424537972216307, 0.08816378207239507, 0.6383694777973369, 0.05922136040810505]","{""candidates"": 8, ""positive"": 8, ""reasons"": [], ""repeated"": 0, ""state"": ""nonzero_structure_gain_available"", ""zero_basis"": false}","{""candidates"": 8, ""positive"": 8, ""reasons"": [], ""repeated"": 0, ""state"": ""nonzero_structure_gain_available"", ""zero_basis"": false}",False,True,True,0,0,return,return,2,2
dev_LOOP_S_b160_n92801__vs__dev_LOOP_NBV_b160_n92801,159,instance_0000,0.04062575052940942,True,,"[0.8525744637871937, 0.05897196918939086, 0.08845356688587246, 1.3754301665155048e-10]","[0.8119487132577843, 0.06637317218292615, 0.12167811431602434, 2.432652834288367e-10]","{""candidates"": 8, ""positive"": 8, ""reasons"": [], ""repeated"": 0, ""state"": ""nonzero_structure_gain_available"", ""zero_basis"": false}","{""candidates"": 8, ""positive"": 8, ""reasons"": [], ""repeated"": 0, ""state"": ""nonzero_structure_gain_available"", ""zero_basis"": false}",False,True,True,0,0,return,return,1,1
dev_LOOP_S_b160_n92801__vs__dev_LOOP_NBV_b160_n92801,159,instance_0001,0.07813043956671784,True,,"[0.16647715780354538, 0.07611861729997633, 0.7164999173640547, 0.040904307532423516]","[0.21424537972216307, 0.08816378207239507, 0.6383694777973369, 0.05922136040810505]","{""candidates"": 8, ""positive"": 8, ""reasons"": [], ""repeated"": 0, ""state"": ""nonzero_structure_gain_available"", ""zero_basis"": false}","{""candidates"": 8, ""positive"": 8, ""reasons"": [], ""repeated"": 0, ""state"": ""nonzero_structure_gain_available"", ""zero_basis"": false}",False,True,True,0,0,return,return,1,1
dev_LOOP_S_b160_n92801__vs__dev_LOOP_NBV_b160_n92801,160,instance_0000,0.0200667832445105,True,,"[0.937237069120559, 0.022905630333119098, 0.039857300508048685, 3.8273167210633e-11]","[0.9171702858760485, 0.026490699948970037, 0.05633901410542453, 6.955690253079316e-11]","{""candidates"": 8, ""positive"": 8, ""reasons"": [], ""repeated"": 0, ""state"": ""nonzero_structure_gain_available"", ""zero_basis"": false}","{""candidates"": 8, ""positive"": 8, ""reasons"": [], ""repeated"": 0, ""state"": ""nonzero_structure_gain_available"", ""zero_basis"": false}",False,True,True,0,0,home_xy_and_yaw_reached,home_xy_and_yaw_reached,0,0
dev_LOOP_S_b160_n92801__vs__dev_LOOP_NBV_b160_n92801,160,instance_0001,0.07813043956671784,True,,"[0.16647715780354538, 0.07611861729997633, 0.7164999173640547, 0.040904307532423516]","[0.21424537972216307, 0.08816378207239507, 0.6383694777973369, 0.05922136040810505]","{""candidates"": 8, ""positive"": 8, ""reasons"": [], ""repeated"": 0, ""state"": ""nonzero_structure_gain_available"", ""zero_basis"": false}","{""candidates"": 8, ""positive"": 8, ""reasons"": [], ""repeated"": 0, ""state"": ""nonzero_structure_gain_available"", ""zero_basis"": false}",False,True,True,0,0,home_xy_and_yaw_reached,home_xy_and_yaw_reached,0,0
dev_LOOP_B_b160_n92801__vs__dev_LOOP_G_b160_n92801,2,instance_0000,0.07500000000000001,True,,"[0.325, 0.275, 0.225, 0.175]","[0.25, 0.25, 0.25, 0.25]","{""candidates"": 0, ""reasons"": [], ""state"": ""no_forecast_record"", ""zero_basis"": null}","{""candidates"": 0, ""reasons"": [], ""state"": ""no_forecast_record"", ""zero_basis"": null}",False,False,False,0,0,upstream_goal_with_paid_return_reserve,upstream_goal_with_paid_return_reserve,,
dev_LOOP_B_b160_n92801__vs__dev_LOOP_G_b160_n92801,3,instance_0000,0.07500000000000001,True,,"[0.325, 0.275, 0.225, 0.175]","[0.25, 0.25, 0.25, 0.25]","{""candidates"": 0, ""reasons"": [], ""state"": ""no_forecast_record"", ""zero_basis"": null}","{""candidates"": 0, ""reasons"": [], ""state"": ""no_forecast_record"", ""zero_basis"": null}",False,False,False,0,0,upstream_goal_with_paid_return_reserve,upstream_goal_with_paid_return_reserve,,
dev_LOOP_B_b160_n92801__vs__dev_LOOP_G_b160_n92801,4,instance_0000,0.07895876708412863,True,,"[0.666967283996066, 0.1307512581319975, 0.15235190724155928, 0.049929550630377205]","[0.5880085169119373, 0.13623090093484463, 0.19401165632360323, 0.08174892582961492]","{""candidates"": 0, ""reasons"": [], ""state"": ""no_forecast_record"", ""zero_basis"": null}","{""candidates"": 0, ""reasons"": [], ""state"": ""no_forecast_record"", ""zero_basis"": null}",False,False,False,0,0,upstream_goal_with_paid_return_reserve,upstream_goal_with_paid_return_reserve,,
dev_LOOP_B_b160_n92801__vs__dev_LOOP_G_b160_n92801,5,instance_0000,0.05064784968759406,True,,"[0.8251585251466257, 0.06631880389919563, 0.09615749122692353, 0.01236517972725518]","[0.7745106754590316, 0.07356603835918689, 0.13036889488408676, 0.02155439129769477]","{""candidates"": 0, ""reasons"": [], ""state"": ""no_forecast_record"", ""zero_basis"": null}","{""candidates"": 0, ""reasons"": [], ""state"": ""no_forecast_record"", ""zero_basis"": null}",False,False,False,0,0,upstream_goal_with_paid_return_reserve,upstream_goal_with_paid_return_reserve,,
dev_LOOP_B_b160_n92801__vs__dev_LOOP_G_b160_n92801,6,instance_0000,0.04281802391960965,True,,"[0.8493480944759533, 0.05874880351917961, 0.08811883498174922, 0.0037842670231179715]","[0.8065300705563436, 0.06593022240155702, 0.12086607999008991, 0.006673627052009475]","{""candidates"": 0, ""reasons"": [], ""state"": ""no_forecast_record"", ""zero_basis"": null}","{""candidates"": 0, ""reasons"": [], ""state"": ""no_forecast_record"", ""zero_basis"": null}",False,False,False,0,0,upstream_goal_with_paid_return_reserve,upstream_goal_with_paid_return_reserve,,
dev_LOOP_B_b160_n92801__vs__dev_LOOP_G_b160_n92801,7,instance_0000,0.04120231733569579,True,,"[0.8517304077250752, 0.058913586431985396, 0.08836599709283124, 0.0009900087501081801]","[0.8105280903893795, 0.06625704262361778, 0.12146522068252356, 0.0017496463044792507]","{""candidates"": 0, ""reasons"": [], ""state"": ""no_forecast_record"", ""zero_basis"": null}","{""candidates"": 0, ""reasons"": [], ""state"": ""no_forecast_record"", ""zero_basis"": null}",False,False,False,0,0,upstream_goal_with_paid_return_reserve,upstream_goal_with_paid_return_reserve,,
dev_LOOP_B_b160_n92801__vs__dev_LOOP_G_b160_n92801,8,instance_0000,0.04089026108863725,True,,"[0.8521876304014477, 0.05894521219926906, 0.0884134333911302, 0.0004537240081530188]","[0.8112973693128105, 0.06631992773151665, 0.1215805043294556, 0.0008021986262172964]","{""candidates"": 0, ""reasons"": [], ""state"": ""no_forecast_record"", ""zero_basis"": null}","{""candidates"": 0, ""reasons"": [], ""state"": ""no_forecast_record"", ""zero_basis"": null}",False,False,False,0,0,upstream_goal_with_paid_return_reserve,upstream_goal_with_paid_return_reserve,,
dev_LOOP_B_b160_n92801__vs__dev_LOOP_G_b160_n92801,9,instance_0000,0.04089026108863725,True,,"[0.8521876304014477, 0.05894521219926906, 0.0884134333911302, 0.0004537240081530188]","[0.8112973693128105, 0.06631992773151665, 0.1215805043294556, 0.0008021986262172964]","{""candidates"": 0, ""reasons"": [], ""state"": ""no_forecast_record"", ""zero_basis"": null}","{""candidates"": 0, ""reasons"": [], ""state"": ""no_forecast_record"", ""zero_basis"": null}",False,False,False,0,0,upstream_goal_with_paid_return_reserve,upstream_goal_with_paid_return_reserve,,
dev_LOOP_B_b160_n92801__vs__dev_LOOP_G_b160_n92801,10,instance_0000,0.04089026108863725,True,,"[0.8521876304014477, 0.05894521219926906, 0.0884134333911302, 0.0004537240081530188]","[0.8112973693128105, 0.06631992773151665, 0.1215805043294556, 0.0008021986262172964]","{""candidates"": 0, ""reasons"": [], ""state"": ""no_forecast_record"", ""zero_basis"": null}","{""candidates"": 0, ""reasons"": [], ""state"": ""no_forecast_record"", ""zero_basis"": null}",False,False,False,0,0,upstream_goal_with_paid_return_reserve,upstream_goal_with_paid_return_reserve,,
dev_LOOP_B_b160_n92801__vs__dev_LOOP_G_b160_n92801,10,instance_0001,0.07500000000000001,True,,"[0.225, 0.25, 0.325, 0.19999999999999996]","[0.25, 0.25, 0.25, 0.25]","{""candidates"": 0, ""reasons"": [], ""state"": ""no_forecast_record"", ""zero_basis"": null}","{""candidates"": 0, ""reasons"": [], ""state"": ""no_forecast_record"", ""zero_basis"": null}",False,False,False,0,0,upstream_goal_with_paid_return_reserve,upstream_goal_with_paid_return_reserve,,
dev_LOOP_B_b160_n92801__vs__dev_LOOP_G_b160_n92801,11,instance_0000,0.04089026108863725,True,,"[0.8521876304014477, 0.05894521219926906, 0.0884134333911302, 0.0004537240081530188]","[0.8112973693128105, 0.06631992773151665, 0.1215805043294556, 0.0008021986262172964]","{""candidates"": 0, ""reasons"": [], ""state"": ""no_forecast_record"", ""zero_basis"": null}","{""candidates"": 0, ""reasons"": [], ""state"": ""no_forecast_record"", ""zero_basis"": null}",False,False,False,0,0,upstream_goal_with_paid_return_reserve,upstream_goal_with_paid_return_reserve,,
dev_LOOP_B_b160_n92801__vs__dev_LOOP_G_b160_n92801,12,instance_0000,0.04089026108863725,True,,"[0.8521876304014477, 0.05894521219926906, 0.0884134333911302, 0.0004537240081530188]","[0.8112973693128105, 0.06631992773151665, 0.1215805043294556, 0.0008021986262172964]","{""candidates"": 0, ""reasons"": [], ""state"": ""no_forecast_record"", ""zero_basis"": null}","{""candidates"": 0, ""reasons"": [], ""state"": ""no_forecast_record"", ""zero_basis"": null}",False,False,False,0,0,upstream_goal_with_paid_return_reserve,upstream_goal_with_paid_return_reserve,,
dev_LOOP_B_b160_n92801__vs__dev_LOOP_G_b160_n92801,14,instance_0000,0.04089026108863725,True,,"[0.8521876304014477, 0.05894521219926906, 0.0884134333911302, 0.0004537240081530188]","[0.8112973693128105, 0.06631992773151665, 0.1215805043294556, 0.0008021986262172964]","{""candidates"": 0, ""reasons"": [], ""state"": ""no_forecast_record"", ""zero_basis"": null}","{""candidates"": 0, ""reasons"": [], ""state"": ""no_forecast_record"", ""zero_basis"": null}",False,False,False,0,0,upstream_goal_with_paid_return_reserve,upstream_goal_with_paid_return_reserve,,
dev_LOOP_B_b160_n92801__vs__dev_LOOP_G_b160_n92801,14,instance_0001,0.07500000000000001,True,,"[0.225, 0.25, 0.325, 0.19999999999999996]","[0.25, 0.25, 0.25, 0.25]","{""candidates"": 0, ""reasons"": [], ""state"": ""no_forecast_record"", ""zero_basis"": null}","{""candidates"": 0, ""reasons"": [], ""state"": ""no_forecast_record"", ""zero_basis"": null}",False,False,False,0,0,upstream_goal_with_paid_return_reserve,upstream_goal_with_paid_return_reserve,,
dev_LOOP_B_b160_n92801__vs__dev_LOOP_G_b160_n92801,19,instance_0000,0.04066241328043463,True,,"[0.8525208859955835, 0.05896826325165721, 0.08844800825495502, 6.284249780430435e-05]","[0.8118584727151489, 0.06636579542257612, 0.12166459092608178, 0.000111140936193277]","{""candidates"": 0, ""reasons"": [], ""state"": ""no_forecast_record"", ""zero_basis"": null}","{""candidates"": 0, ""reasons"": [], ""state"": ""no_forecast_record"", ""zero_basis"": null}",False,False,False,0,0,upstream_goal_with_paid_return_reserve,upstream_goal_with_paid_return_reserve,,
dev_LOOP_B_b160_n92801__vs__dev_LOOP_G_b160_n92801,20,instance_0000,0.04063157792994043,True,,"[0.8525659486587659, 0.058971380204014656, 0.08845268345162251, 9.987685597033084e-06]","[0.8119343707288255, 0.06637199974539582, 0.12167596495381738, 1.766457196139716e-05]","{""candidates"": 0, ""reasons"": [], ""state"": ""no_forecast_record"", ""zero_basis"": null}","{""candidates"": 0, ""reasons"": [], ""state"": ""no_forecast_record"", ""zero_basis"": null}",False,False,False,0,0,upstream_goal_with_paid_return_reserve,upstream_goal_with_paid_return_reserve,,
dev_LOOP_B_b160_n92801__vs__dev_LOOP_G_b160_n92801,21,instance_0000,0.04063157792994043,True,,"[0.8525659486587659, 0.058971380204014656, 0.08845268345162251, 9.987685597033084e-06]","[0.8119343707288255, 0.06637199974539582, 0.12167596495381738, 1.766457196139716e-05]","{""candidates"": 0, ""reasons"": [], ""state"": ""no_forecast_record"", ""zero_basis"": null}","{""candidates"": 0, ""reasons"": [], ""state"": ""no_forecast_record"", ""zero_basis"": null}",False,False,False,0,0,upstream_goal_with_paid_return_reserve,upstream_goal_with_paid_return_reserve,,
dev_LOOP_B_b160_n92801__vs__dev_LOOP_G_b160_n92801,22,instance_0000,0.04063157792994043,True,,"[0.8525659486587659, 0.058971380204014656, 0.08845268345162251, 9.987685597033084e-06]","[0.8119343707288255, 0.06637199974539582, 0.12167596495381738, 1.766457196139716e-05]","{""candidates"": 0, ""reasons"": [], ""state"": ""no_forecast_record"", ""zero_basis"": null}","{""candidates"": 0, ""reasons"": [], ""state"": ""no_forecast_record"", ""zero_basis"": null}",False,False,False,0,0,upstream_goal_with_paid_return_reserve,upstream_goal_with_paid_return_reserve,,
dev_LOOP_B_b160_n92801__vs__dev_LOOP_G_b160_n92801,23,instance_0000,0.04063157792994043,True,,"[0.8525659486587659, 0.058971380204014656, 0.08845268345162251, 9.987685597033084e-06]","[0.8119343707288255, 0.06637199974539582, 0.12167596495381738, 1.766457196139716e-05]","{""candidates"": 0, ""reasons"": [], ""state"": ""no_forecast_record"", ""zero_basis"": null}","{""candidates"": 0, ""reasons"": [], ""state"": ""no_forecast_record"", ""zero_basis"": null}",False,False,False,0,0,upstream_goal_with_paid_return_reserve,upstream_goal_with_paid_return_reserve,,
dev_LOOP_B_b160_n92801__vs__dev_LOOP_G_b160_n92801,24,instance_0000,0.04063157792994043,True,,"[0.8525659486587659, 0.058971380204014656, 0.08845268345162251, 9.987685597033084e-06]","[0.8119343707288255, 0.06637199974539582, 0.12167596495381738, 1.766457196139716e-05]","{""candidates"": 0, ""reasons"": [], ""state"": ""no_forecast_record"", ""zero_basis"": null}","{""candidates"": 0, ""reasons"": [], ""state"": ""no_forecast_record"", ""zero_basis"": null}",False,False,False,0,0,upstream_goal_with_paid_return_reserve,upstream_goal_with_paid_return_reserve,,
dev_LOOP_B_b160_n92801__vs__dev_LOOP_G_b160_n92801,25,instance_0000,0.04063157792994043,True,,"[0.8525659486587659, 0.058971380204014656, 0.08845268345162251, 9.987685597033084e-06]","[0.8119343707288255, 0.06637199974539582, 0.12167596495381738, 1.766457196139716e-05]","{""candidates"": 0, ""reasons"": [], ""state"": ""no_forecast_record"", ""zero_basis"": null}","{""candidates"": 0, ""reasons"": [], ""state"": ""no_forecast_record"", ""zero_basis"": null}",False,False,False,0,0,upstream_goal_with_paid_return_reserve,upstream_goal_with_paid_return_reserve,,
dev_LOOP_B_b160_n92801__vs__dev_LOOP_G_b160_n92801,26,instance_0000,0.04063157792994043,True,,"[0.8525659486587659, 0.058971380204014656, 0.08845268345162251, 9.987685597033084e-06]","[0.8119343707288255, 0.06637199974539582, 0.12167596495381738, 1.766457196139716e-05]","{""candidates"": 0, ""reasons"": [], ""state"": ""no_forecast_record"", ""zero_basis"": null}","{""candidates"": 0, ""reasons"": [], ""state"": ""no_forecast_record"", ""zero_basis"": null}",False,False,False,0,0,upstream_goal_with_paid_return_reserve,upstream_goal_with_paid_return_reserve,,
dev_LOOP_B_b160_n92801__vs__dev_LOOP_G_b160_n92801,27,instance_0000,0.04063157792994043,True,,"[0.8525659486587659, 0.058971380204014656, 0.08845268345162251, 9.987685597033084e-06]","[0.8119343707288255, 0.06637199974539582, 0.12167596495381738, 1.766457196139716e-05]","{""candidates"": 0, ""reasons"": [], ""state"": ""no_forecast_record"", ""zero_basis"": null}","{""candidates"": 0, ""reasons"": [], ""state"": ""no_forecast_record"", ""zero_basis"": null}",False,False,False,0,0,upstream_goal_with_paid_return_reserve,upstream_goal_with_paid_return_reserve,,
dev_LOOP_B_b160_n92801__vs__dev_LOOP_G_b160_n92801,28,instance_0000,0.04063157792994043,True,,"[0.8525659486587659, 0.058971380204014656, 0.08845268345162251, 9.987685597033084e-06]","[0.8119343707288255, 0.06637199974539582, 0.12167596495381738, 1.766457196139716e-05]","{""candidates"": 8, ""positive"": 4, ""reasons"": [], ""repeated"": 0, ""state"": ""nonzero_structure_gain_available"", ""zero_basis"": false}","{""candidates"": 8, ""positive"": 4, ""reasons"": [], ""repeated"": 0, ""state"": ""nonzero_structure_gain_available"", ""zero_basis"": false}",False,True,True,34,34,upstream_goal_with_paid_return_reserve,upstream_goal_with_paid_return_reserve,132,132
dev_LOOP_B_b160_n92801__vs__dev_LOOP_G_b160_n92801,29,instance_0000,0.04063157792994043,True,,"[0.8525659486587659, 0.058971380204014656, 0.08845268345162251, 9.987685597033084e-06]","[0.8119343707288255, 0.06637199974539582, 0.12167596495381738, 1.766457196139716e-05]","{""candidates"": 0, ""reasons"": [], ""state"": ""no_forecast_record"", ""zero_basis"": null}","{""candidates"": 0, ""reasons"": [], ""state"": ""no_forecast_record"", ""zero_basis"": null}",False,False,False,0,0,upstream_goal_with_paid_return_reserve,upstream_goal_with_paid_return_reserve,,
dev_LOOP_B_b160_n92801__vs__dev_LOOP_G_b160_n92801,30,instance_0000,0.04063157792994043,True,,"[0.8525659486587659, 0.058971380204014656, 0.08845268345162251, 9.987685597033084e-06]","[0.8119343707288255, 0.06637199974539582, 0.12167596495381738, 1.766457196139716e-05]","{""candidates"": 0, ""reasons"": [], ""state"": ""no_forecast_record"", ""zero_basis"": null}","{""candidates"": 0, ""reasons"": [], ""state"": ""no_forecast_record"", ""zero_basis"": null}",False,False,False,0,0,upstream_goal_with_paid_return_reserve,upstream_goal_with_paid_return_reserve,,
dev_LOOP_B_b160_n92801__vs__dev_LOOP_G_b160_n92801,31,instance_0000,0.04063157792994043,True,,"[0.8525659486587659, 0.058971380204014656, 0.08845268345162251, 9.987685597033084e-06]","[0.8119343707288255, 0.06637199974539582, 0.12167596495381738, 1.766457196139716e-05]","{""candidates"": 0, ""reasons"": [], ""state"": ""no_forecast_record"", ""zero_basis"": null}","{""candidates"": 0, ""reasons"": [], ""state"": ""no_forecast_record"", ""zero_basis"": null}",False,False,False,0,0,upstream_goal_with_paid_return_reserve,upstream_goal_with_paid_return_reserve,,
dev_LOOP_B_b160_n92801__vs__dev_LOOP_G_b160_n92801,32,instance_0000,0.04063157792994043,True,,"[0.8525659486587659, 0.058971380204014656, 0.08845268345162251, 9.987685597033084e-06]","[0.8119343707288255, 0.06637199974539582, 0.12167596495381738, 1.766457196139716e-05]","{""candidates"": 0, ""reasons"": [], ""state"": ""no_forecast_record"", ""zero_basis"": null}","{""candidates"": 0, ""reasons"": [], ""state"": ""no_forecast_record"", ""zero_basis"": null}",False,False,False,0,0,upstream_goal_with_paid_return_reserve,upstream_goal_with_paid_return_reserve,,
dev_LOOP_B_b160_n92801__vs__dev_LOOP_G_b160_n92801,33,instance_0000,0.04063157792994043,True,,"[0.8525659486587659, 0.058971380204014656, 0.08845268345162251, 9.987685597033084e-06]","[0.8119343707288255, 0.06637199974539582, 0.12167596495381738, 1.766457196139716e-05]","{""candidates"": 0, ""reasons"": [], ""state"": ""no_forecast_record"", ""zero_basis"": null}","{""candidates"": 0, ""reasons"": [], ""state"": ""no_forecast_record"", ""zero_basis"": null}",False,False,False,0,0,upstream_goal_with_paid_return_reserve,upstream_goal_with_paid_return_reserve,,
dev_LOOP_B_b160_n92801__vs__dev_LOOP_G_b160_n92801,34,instance_0000,0.04063157792994043,True,,"[0.8525659486587659, 0.058971380204014656, 0.08845268345162251, 9.987685597033084e-06]","[0.8119343707288255, 0.06637199974539582, 0.12167596495381738, 1.766457196139716e-05]","{""candidates"": 0, ""reasons"": [], ""state"": ""no_forecast_record"", ""zero_basis"": null}","{""candidates"": 0, ""reasons"": [], ""state"": ""no_forecast_record"", ""zero_basis"": null}",False,False,False,0,0,upstream_goal_with_paid_return_reserve,upstream_goal_with_paid_return_reserve,,
dev_LOOP_B_b160_n92801__vs__dev_LOOP_G_b160_n92801,35,instance_0000,0.04063157792994043,True,,"[0.8525659486587659, 0.058971380204014656, 0.08845268345162251, 9.987685597033084e-06]","[0.8119343707288255, 0.06637199974539582, 0.12167596495381738, 1.766457196139716e-05]","{""candidates"": 0, ""reasons"": [], ""state"": ""no_forecast_record"", ""zero_basis"": null}","{""candidates"": 0, ""reasons"": [], ""state"": ""no_forecast_record"", ""zero_basis"": null}",False,False,False,0,0,upstream_goal_with_paid_return_reserve,upstream_goal_with_paid_return_reserve,,
dev_LOOP_B_b160_n92801__vs__dev_LOOP_G_b160_n92801,36,instance_0000,0.04063157792994043,True,,"[0.8525659486587659, 0.058971380204014656, 0.08845268345162251, 9.987685597033084e-06]","[0.8119343707288255, 0.06637199974539582, 0.12167596495381738, 1.766457196139716e-05]","{""candidates"": 0, ""reasons"": [], ""state"": ""no_forecast_record"", ""zero_basis"": null}","{""candidates"": 0, ""reasons"": [], ""state"": ""no_forecast_record"", ""zero_basis"": null}",False,False,False,0,0,upstream_goal_with_paid_return_reserve,upstream_goal_with_paid_return_reserve,,
dev_LOOP_B_b160_n92801__vs__dev_LOOP_G_b160_n92801,37,instance_0000,0.04063157792994043,True,,"[0.8525659486587659, 0.058971380204014656, 0.08845268345162251, 9.987685597033084e-06]","[0.8119343707288255, 0.06637199974539582, 0.12167596495381738, 1.766457196139716e-05]","{""candidates"": 0, ""reasons"": [], ""state"": ""no_forecast_record"", ""zero_basis"": null}","{""candidates"": 0, ""reasons"": [], ""state"": ""no_forecast_record"", ""zero_basis"": null}",False,False,False,0,0,upstream_goal_with_paid_return_reserve,upstream_goal_with_paid_return_reserve,,
dev_LOOP_B_b160_n92801__vs__dev_LOOP_G_b160_n92801,38,instance_0000,0.04063157792994043,True,,"[0.8525659486587659, 0.058971380204014656, 0.08845268345162251, 9.987685597033084e-06]","[0.8119343707288255, 0.06637199974539582, 0.12167596495381738, 1.766457196139716e-05]","{""candidates"": 8, ""positive"": 7, ""reasons"": [], ""repeated"": 0, ""state"": ""nonzero_structure_gain_available"", ""zero_basis"": false}","{""candidates"": 8, ""positive"": 7, ""reasons"": [], ""repeated"": 0, ""state"": ""nonzero_structure_gain_available"", ""zero_basis"": false}",False,True,True,38,38,upstream_goal_with_paid_return_reserve,upstream_goal_with_paid_return_reserve,122,122
dev_LOOP_B_b160_n92801__vs__dev_LOOP_G_b160_n92801,39,instance_0000,0.04063157792994043,True,,"[0.8525659486587659, 0.058971380204014656, 0.08845268345162251, 9.987685597033084e-06]","[0.8119343707288255, 0.06637199974539582, 0.12167596495381738, 1.766457196139716e-05]","{""candidates"": 0, ""reasons"": [], ""state"": ""no_forecast_record"", ""zero_basis"": null}","{""candidates"": 0, ""reasons"": [], ""state"": ""no_forecast_record"", ""zero_basis"": null}",False,False,False,0,0,upstream_goal_with_paid_return_reserve,upstream_goal_with_paid_return_reserve,,
dev_LOOP_B_b160_n92801__vs__dev_LOOP_G_b160_n92801,40,instance_0000,0.04063157792994043,True,,"[0.8525659486587659, 0.058971380204014656, 0.08845268345162251, 9.987685597033084e-06]","[0.8119343707288255, 0.06637199974539582, 0.12167596495381738, 1.766457196139716e-05]","{""candidates"": 0, ""reasons"": [], ""state"": ""no_forecast_record"", ""zero_basis"": null}","{""candidates"": 0, ""reasons"": [], ""state"": ""no_forecast_record"", ""zero_basis"": null}",False,False,False,0,0,upstream_goal_with_paid_return_reserve,upstream_goal_with_paid_return_reserve,,
dev_LOOP_B_b160_n92801__vs__dev_LOOP_G_b160_n92801,41,instance_0000,0.04063157792994043,True,,"[0.8525659486587659, 0.058971380204014656, 0.08845268345162251, 9.987685597033084e-06]","[0.8119343707288255, 0.06637199974539582, 0.12167596495381738, 1.766457196139716e-05]","{""candidates"": 0, ""reasons"": [], ""state"": ""no_forecast_record"", ""zero_basis"": null}","{""candidates"": 0, ""reasons"": [], ""state"": ""no_forecast_record"", ""zero_basis"": null}",False,False,False,0,0,upstream_goal_with_paid_return_reserve,upstream_goal_with_paid_return_reserve,,
dev_LOOP_B_b160_n92801__vs__dev_LOOP_G_b160_n92801,42,instance_0000,0.04063157792994043,True,,"[0.8525659486587659, 0.058971380204014656, 0.08845268345162251, 9.987685597033084e-06]","[0.8119343707288255, 0.06637199974539582, 0.12167596495381738, 1.766457196139716e-05]","{""candidates"": 0, ""reasons"": [], ""state"": ""no_forecast_record"", ""zero_basis"": null}","{""candidates"": 0, ""reasons"": [], ""state"": ""no_forecast_record"", ""zero_basis"": null}",False,False,False,0,0,upstream_goal_with_paid_return_reserve,upstream_goal_with_paid_return_reserve,,
dev_LOOP_B_b160_n92801__vs__dev_LOOP_G_b160_n92801,43,instance_0000,0.04063157792994043,True,,"[0.8525659486587659, 0.058971380204014656, 0.08845268345162251, 9.987685597033084e-06]","[0.8119343707288255, 0.06637199974539582, 0.12167596495381738, 1.766457196139716e-05]","{""candidates"": 8, ""positive"": 7, ""reasons"": [], ""repeated"": 0, ""state"": ""nonzero_structure_gain_available"", ""zero_basis"": false}","{""candidates"": 8, ""positive"": 7, ""reasons"": [], ""repeated"": 0, ""state"": ""nonzero_structure_gain_available"", ""zero_basis"": false}",False,True,True,38,38,upstream_goal_with_paid_return_reserve,upstream_goal_with_paid_return_reserve,117,117
dev_LOOP_B_b160_n92801__vs__dev_LOOP_G_b160_n92801,44,instance_0000,0.04063157792994043,True,,"[0.8525659486587659, 0.058971380204014656, 0.08845268345162251, 9.987685597033084e-06]","[0.8119343707288255, 0.06637199974539582, 0.12167596495381738, 1.766457196139716e-05]","{""candidates"": 0, ""reasons"": [], ""state"": ""no_forecast_record"", ""zero_basis"": null}","{""candidates"": 0, ""reasons"": [], ""state"": ""no_forecast_record"", ""zero_basis"": null}",False,False,False,0,0,upstream_goal_with_paid_return_reserve,upstream_goal_with_paid_return_reserve,,
dev_LOOP_B_b160_n92801__vs__dev_LOOP_G_b160_n92801,45,instance_0000,0.04063157792994043,True,,"[0.8525659486587659, 0.058971380204014656, 0.08845268345162251, 9.987685597033084e-06]","[0.8119343707288255, 0.06637199974539582, 0.12167596495381738, 1.766457196139716e-05]","{""candidates"": 8, ""positive"": 7, ""reasons"": [], ""repeated"": 0, ""state"": ""nonzero_structure_gain_available"", ""zero_basis"": false}","{""candidates"": 8, ""positive"": 7, ""reasons"": [], ""repeated"": 0, ""state"": ""nonzero_structure_gain_available"", ""zero_basis"": false}",False,True,True,38,38,upstream_goal_with_paid_return_reserve,upstream_goal_with_paid_return_reserve,115,115
dev_LOOP_B_b160_n92801__vs__dev_LOOP_G_b160_n92801,46,instance_0000,0.04063157792994043,True,,"[0.8525659486587659, 0.058971380204014656, 0.08845268345162251, 9.987685597033084e-06]","[0.8119343707288255, 0.06637199974539582, 0.12167596495381738, 1.766457196139716e-05]","{""candidates"": 0, ""reasons"": [], ""state"": ""no_forecast_record"", ""zero_basis"": null}","{""candidates"": 0, ""reasons"": [], ""state"": ""no_forecast_record"", ""zero_basis"": null}",False,False,False,0,0,upstream_goal_with_paid_return_reserve,upstream_goal_with_paid_return_reserve,,
dev_LOOP_B_b160_n92801__vs__dev_LOOP_G_b160_n92801,47,instance_0000,0.04062640205084844,True,,"[0.8525735117854232, 0.05897190334010559, 0.08845346811684304, 1.1167576282035497e-06]","[0.8119471097345747, 0.06637304110208284, 0.12167787401306285, 1.975150279456421e-06]","{""candidates"": 0, ""reasons"": [], ""state"": ""no_forecast_record"", ""zero_basis"": null}","{""candidates"": 0, ""reasons"": [], ""state"": ""no_forecast_record"", ""zero_basis"": null}",False,False,False,0,0,upstream_goal_with_paid_return_reserve,upstream_goal_with_paid_return_reserve,,
dev_LOOP_B_b160_n92801__vs__dev_LOOP_G_b160_n92801,48,instance_0000,0.04062640205084844,True,,"[0.8525735117854232, 0.05897190334010559, 0.08845346811684304, 1.1167576282035497e-06]","[0.8119471097345747, 0.06637304110208284, 0.12167787401306285, 1.975150279456421e-06]","{""candidates"": 0, ""reasons"": [], ""state"": ""no_forecast_record"", ""zero_basis"": null}","{""candidates"": 0, ""reasons"": [], ""state"": ""no_forecast_record"", ""zero_basis"": null}",False,False,False,0,0,upstream_goal_with_paid_return_reserve,upstream_goal_with_paid_return_reserve,,
dev_LOOP_B_b160_n92801__vs__dev_LOOP_G_b160_n92801,49,instance_0000,0.04062640205084844,True,,"[0.8525735117854232, 0.05897190334010559, 0.08845346811684304, 1.1167576282035497e-06]","[0.8119471097345747, 0.06637304110208284, 0.12167787401306285, 1.975150279456421e-06]","{""candidates"": 0, ""reasons"": [], ""state"": ""no_forecast_record"", ""zero_basis"": null}","{""candidates"": 0, ""reasons"": [], ""state"": ""no_forecast_record"", ""zero_basis"": null}",False,False,False,0,0,upstream_goal_with_paid_return_reserve,upstream_goal_with_paid_return_reserve,,
dev_LOOP_B_b160_n92801__vs__dev_LOOP_G_b160_n92801,50,instance_0000,0.04062640205084844,True,,"[0.8525735117854232, 0.05897190334010559, 0.08845346811684304, 1.1167576282035497e-06]","[0.8119471097345747, 0.06637304110208284, 0.12167787401306285, 1.975150279456421e-06]","{""candidates"": 0, ""reasons"": [], ""state"": ""no_forecast_record"", ""zero_basis"": null}","{""candidates"": 0, ""reasons"": [], ""state"": ""no_forecast_record"", ""zero_basis"": null}",False,False,False,0,0,upstream_goal_with_paid_return_reserve,upstream_goal_with_paid_return_reserve,,
dev_LOOP_B_b160_n92801__vs__dev_LOOP_G_b160_n92801,51,instance_0000,0.040626414372527786,True,,"[0.8525734937809719, 0.058971902094750506, 0.08845346624890306, 1.1378753745366282e-06]","[0.8119470794084441, 0.06637303862305739, 0.12167786946840826, 2.012500090226995e-06]","{""candidates"": 0, ""reasons"": [], ""state"": ""no_forecast_record"", ""zero_basis"": null}","{""candidates"": 0, ""reasons"": [], ""state"": ""no_forecast_record"", ""zero_basis"": null}",False,False,False,0,0,upstream_goal_with_paid_return_reserve,upstream_goal_with_paid_return_reserve,,
dev_LOOP_B_b160_n92801__vs__dev_LOOP_G_b160_n92801,52,instance_0000,0.040626414372527786,True,,"[0.8525734937809719, 0.058971902094750506, 0.08845346624890306, 1.1378753745366282e-06]","[0.8119470794084441, 0.06637303862305739, 0.12167786946840826, 2.012500090226995e-06]","{""candidates"": 8, ""positive"": 6, ""reasons"": [], ""repeated"": 0, ""state"": ""nonzero_structure_gain_available"", ""zero_basis"": false}","{""candidates"": 8, ""positive"": 6, ""reasons"": [], ""repeated"": 0, ""state"": ""nonzero_structure_gain_available"", ""zero_basis"": false}",False,True,True,37,37,upstream_goal_with_paid_return_reserve,upstream_goal_with_paid_return_reserve,108,108
dev_LOOP_B_b160_n92801__vs__dev_LOOP_G_b160_n92801,53,instance_0000,0.04062611030888286,True,,"[0.8525739380786731, 0.05897193282650644, 0.08845351234425083, 6.167505696174834e-07]","[0.8119478277697902, 0.066373099798247, 0.12167798161736047, 1.090814602336966e-06]","{""candidates"": 0, ""reasons"": [], ""state"": ""no_forecast_record"", ""zero_basis"": null}","{""candidates"": 0, ""reasons"": [], ""state"": ""no_forecast_record"", ""zero_basis"": null}",False,False,False,0,0,upstream_goal_with_paid_return_reserve,upstream_goal_with_paid_return_reserve,,
dev_LOOP_B_b160_n92801__vs__dev_LOOP_G_b160_n92801,54,instance_0000,0.04062611030888286,True,,"[0.8525739380786731, 0.05897193282650644, 0.08845351234425083, 6.167505696174834e-07]","[0.8119478277697902, 0.066373099798247, 0.12167798161736047, 1.090814602336966e-06]","{""candidates"": 8, ""positive"": 6, ""reasons"": [], ""repeated"": 0, ""state"": ""nonzero_structure_gain_available"", ""zero_basis"": false}","{""candidates"": 8, ""positive"": 6, ""reasons"": [], ""repeated"": 0, ""state"": ""nonzero_structure_gain_available"", ""zero_basis"": false}",False,True,True,37,37,upstream_goal_with_paid_return_reserve,upstream_goal_with_paid_return_reserve,106,106
dev_LOOP_B_b160_n92801__vs__dev_LOOP_G_b160_n92801,55,instance_0000,0.04062592608688864,True,,"[0.8525742072633665, 0.05897195144582021, 0.08845354027183641, 3.0101897684837525e-07]","[0.8119482811764779, 0.06637313686221381, 0.12167804956459642, 5.323967117176383e-07]","{""candidates"": 0, ""reasons"": [], ""state"": ""no_forecast_record"", ""zero_basis"": null}","{""candidates"": 0, ""reasons"": [], ""state"": ""no_forecast_record"", ""zero_basis"": null}",False,False,False,0,0,upstream_goal_with_paid_return_reserve,upstream_goal_with_paid_return_reserve,,
dev_LOOP_B_b160_n92801__vs__dev_LOOP_G_b160_n92801,56,instance_0000,0.04062592608688864,True,,"[0.8525742072633665, 0.05897195144582021, 0.08845354027183641, 3.0101897684837525e-07]","[0.8119482811764779, 0.06637313686221381, 0.12167804956459642, 5.323967117176383e-07]","{""candidates"": 8, ""positive"": 5, ""reasons"": [], ""repeated"": 0, ""state"": ""nonzero_structure_gain_available"", ""zero_basis"": false}","{""candidates"": 8, ""positive"": 5, ""reasons"": [], ""repeated"": 0, ""state"": ""nonzero_structure_gain_available"", ""zero_basis"": false}",False,True,True,36,36,upstream_goal_with_paid_return_reserve,upstream_goal_with_paid_return_reserve,104,104
dev_LOOP_B_b160_n92801__vs__dev_LOOP_G_b160_n92801,57,instance_0000,0.04062592608688864,True,,"[0.8525742072633665, 0.05897195144582021, 0.08845354027183641, 3.0101897684837525e-07]","[0.8119482811764779, 0.06637313686221381, 0.12167804956459642, 5.323967117176383e-07]","{""candidates"": 0, ""reasons"": [], ""state"": ""no_forecast_record"", ""zero_basis"": null}","{""candidates"": 0, ""reasons"": [], ""state"": ""no_forecast_record"", ""zero_basis"": null}",False,False,False,0,0,upstream_goal_with_paid_return_reserve,upstream_goal_with_paid_return_reserve,,
dev_LOOP_B_b160_n92801__vs__dev_LOOP_G_b160_n92801,58,instance_0000,0.04062592608688864,True,,"[0.8525742072633665, 0.05897195144582021, 0.08845354027183641, 3.0101897684837525e-07]","[0.8119482811764779, 0.06637313686221381, 0.12167804956459642, 5.323967117176383e-07]","{""candidates"": 0, ""reasons"": [], ""state"": ""no_forecast_record"", ""zero_basis"": null}","{""candidates"": 0, ""reasons"": [], ""state"": ""no_forecast_record"", ""zero_basis"": null}",False,False,False,0,0,upstream_goal_with_paid_return_reserve,upstream_goal_with_paid_return_reserve,,
dev_LOOP_B_b160_n92801__vs__dev_LOOP_G_b160_n92801,59,instance_0000,0.04062592608688864,True,,"[0.8525742072633665, 0.05897195144582021, 0.08845354027183641, 3.0101897684837525e-07]","[0.8119482811764779, 0.06637313686221381, 0.12167804956459642, 5.323967117176383e-07]","{""candidates"": 0, ""reasons"": [], ""state"": ""no_forecast_record"", ""zero_basis"": null}","{""candidates"": 0, ""reasons"": [], ""state"": ""no_forecast_record"", ""zero_basis"": null}",False,False,False,0,0,upstream_goal_with_paid_return_reserve,upstream_goal_with_paid_return_reserve,,
dev_LOOP_B_b160_n92801__vs__dev_LOOP_G_b160_n92801,60,instance_0000,0.04062592608688864,True,,"[0.8525742072633665, 0.05897195144582021, 0.08845354027183641, 3.0101897684837525e-07]","[0.8119482811764779, 0.06637313686221381, 0.12167804956459642, 5.323967117176383e-07]","{""candidates"": 0, ""reasons"": [], ""state"": ""no_forecast_record"", ""zero_basis"": null}","{""candidates"": 0, ""reasons"": [], ""state"": ""no_forecast_record"", ""zero_basis"": null}",False,False,False,0,0,upstream_goal_with_paid_return_reserve,upstream_goal_with_paid_return_reserve,,
dev_LOOP_B_b160_n92801__vs__dev_LOOP_G_b160_n92801,61,instance_0000,0.04062592608688864,True,,"[0.8525742072633665, 0.05897195144582021, 0.08845354027183641, 3.0101897684837525e-07]","[0.8119482811764779, 0.06637313686221381, 0.12167804956459642, 5.323967117176383e-07]","{""candidates"": 0, ""reasons"": [], ""state"": ""no_forecast_record"", ""zero_basis"": null}","{""candidates"": 0, ""reasons"": [], ""state"": ""no_forecast_record"", ""zero_basis"": null}",False,False,False,0,0,upstream_goal_with_paid_return_reserve,upstream_goal_with_paid_return_reserve,,
dev_LOOP_B_b160_n92801__vs__dev_LOOP_G_b160_n92801,62,instance_0000,0.04062592608688864,True,,"[0.8525742072633665, 0.05897195144582021, 0.08845354027183641, 3.0101897684837525e-07]","[0.8119482811764779, 0.06637313686221381, 0.12167804956459642, 5.323967117176383e-07]","{""candidates"": 0, ""reasons"": [], ""state"": ""no_forecast_record"", ""zero_basis"": null}","{""candidates"": 0, ""reasons"": [], ""state"": ""no_forecast_record"", ""zero_basis"": null}",False,False,False,0,0,upstream_goal_with_paid_return_reserve,upstream_goal_with_paid_return_reserve,,
dev_LOOP_B_b160_n92801__vs__dev_LOOP_G_b160_n92801,63,instance_0000,0.04062592608688864,True,,"[0.8525742072633665, 0.05897195144582021, 0.08845354027183641, 3.0101897684837525e-07]","[0.8119482811764779, 0.06637313686221381, 0.12167804956459642, 5.323967117176383e-07]","{""candidates"": 0, ""reasons"": [], ""state"": ""no_forecast_record"", ""zero_basis"": null}","{""candidates"": 0, ""reasons"": [], ""state"": ""no_forecast_record"", ""zero_basis"": null}",False,False,False,0,0,upstream_goal_with_paid_return_reserve,upstream_goal_with_paid_return_reserve,,
dev_LOOP_B_b160_n92801__vs__dev_LOOP_G_b160_n92801,64,instance_0000,0.04062592608688864,True,,"[0.8525742072633665, 0.05897195144582021, 0.08845354027183641, 3.0101897684837525e-07]","[0.8119482811764779, 0.06637313686221381, 0.12167804956459642, 5.323967117176383e-07]","{""candidates"": 0, ""reasons"": [], ""state"": ""no_forecast_record"", ""zero_basis"": null}","{""candidates"": 0, ""reasons"": [], ""state"": ""no_forecast_record"", ""zero_basis"": null}",False,False,False,0,0,upstream_goal_with_paid_return_reserve,upstream_goal_with_paid_return_reserve,,
dev_LOOP_B_b160_n92801__vs__dev_LOOP_G_b160_n92801,65,instance_0000,0.04062592608688864,True,,"[0.8525742072633665, 0.05897195144582021, 0.08845354027183641, 3.0101897684837525e-07]","[0.8119482811764779, 0.06637313686221381, 0.12167804956459642, 5.323967117176383e-07]","{""candidates"": 0, ""reasons"": [], ""state"": ""no_forecast_record"", ""zero_basis"": null}","{""candidates"": 0, ""reasons"": [], ""state"": ""no_forecast_record"", ""zero_basis"": null}",False,False,False,0,0,upstream_goal_with_paid_return_reserve,upstream_goal_with_paid_return_reserve,,
dev_LOOP_B_b160_n92801__vs__dev_LOOP_G_b160_n92801,66,instance_0000,0.04062592608688864,True,,"[0.8525742072633665, 0.05897195144582021, 0.08845354027183641, 3.0101897684837525e-07]","[0.8119482811764779, 0.06637313686221381, 0.12167804956459642, 5.323967117176383e-07]","{""candidates"": 0, ""reasons"": [], ""state"": ""no_forecast_record"", ""zero_basis"": null}","{""candidates"": 0, ""reasons"": [], ""state"": ""no_forecast_record"", ""zero_basis"": null}",False,False,False,0,0,upstream_goal_with_paid_return_reserve,upstream_goal_with_paid_return_reserve,,
dev_LOOP_B_b160_n92801__vs__dev_LOOP_G_b160_n92801,67,instance_0000,0.04062592608688864,True,,"[0.8525742072633665, 0.05897195144582021, 0.08845354027183641, 3.0101897684837525e-07]","[0.8119482811764779, 0.06637313686221381, 0.12167804956459642, 5.323967117176383e-07]","{""candidates"": 0, ""reasons"": [], ""state"": ""no_forecast_record"", ""zero_basis"": null}","{""candidates"": 0, ""reasons"": [], ""state"": ""no_forecast_record"", ""zero_basis"": null}",False,False,False,0,0,upstream_goal_with_paid_return_reserve,upstream_goal_with_paid_return_reserve,,
dev_LOOP_B_b160_n92801__vs__dev_LOOP_G_b160_n92801,68,instance_0000,0.04062592608688864,True,,"[0.8525742072633665, 0.05897195144582021, 0.08845354027183641, 3.0101897684837525e-07]","[0.8119482811764779, 0.06637313686221381, 0.12167804956459642, 5.323967117176383e-07]","{""candidates"": 8, ""positive"": 4, ""reasons"": [], ""repeated"": 0, ""state"": ""nonzero_structure_gain_available"", ""zero_basis"": false}","{""candidates"": 8, ""positive"": 4, ""reasons"": [], ""repeated"": 0, ""state"": ""nonzero_structure_gain_available"", ""zero_basis"": false}",False,True,True,35,35,upstream_goal_with_paid_return_reserve,upstream_goal_with_paid_return_reserve,92,92
dev_LOOP_B_b160_n92801__vs__dev_LOOP_G_b160_n92801,69,instance_0000,0.04062592608688864,True,,"[0.8525742072633665, 0.05897195144582021, 0.08845354027183641, 3.0101897684837525e-07]","[0.8119482811764779, 0.06637313686221381, 0.12167804956459642, 5.323967117176383e-07]","{""candidates"": 0, ""reasons"": [], ""state"": ""no_forecast_record"", ""zero_basis"": null}","{""candidates"": 0, ""reasons"": [], ""state"": ""no_forecast_record"", ""zero_basis"": null}",False,False,False,0,0,upstream_goal_with_paid_return_reserve,upstream_goal_with_paid_return_reserve,,
dev_LOOP_B_b160_n92801__vs__dev_LOOP_G_b160_n92801,70,instance_0000,0.04062592608688864,True,,"[0.8525742072633665, 0.05897195144582021, 0.08845354027183641, 3.0101897684837525e-07]","[0.8119482811764779, 0.06637313686221381, 0.12167804956459642, 5.323967117176383e-07]","{""candidates"": 0, ""reasons"": [], ""state"": ""no_forecast_record"", ""zero_basis"": null}","{""candidates"": 0, ""reasons"": [], ""state"": ""no_forecast_record"", ""zero_basis"": null}",False,False,False,0,0,upstream_goal_with_paid_return_reserve,upstream_goal_with_paid_return_reserve,,
dev_LOOP_B_b160_n92801__vs__dev_LOOP_G_b160_n92801,71,instance_0000,0.04062592608688864,True,,"[0.8525742072633665, 0.05897195144582021, 0.08845354027183641, 3.0101897684837525e-07]","[0.8119482811764779, 0.06637313686221381, 0.12167804956459642, 5.323967117176383e-07]","{""candidates"": 0, ""reasons"": [], ""state"": ""no_forecast_record"", ""zero_basis"": null}","{""candidates"": 0, ""reasons"": [], ""state"": ""no_forecast_record"", ""zero_basis"": null}",False,False,False,0,0,upstream_goal_with_paid_return_reserve,upstream_goal_with_paid_return_reserve,,
dev_LOOP_B_b160_n92801__vs__dev_LOOP_G_b160_n92801,72,instance_0000,0.04062592608688864,True,,"[0.8525742072633665, 0.05897195144582021, 0.08845354027183641, 3.0101897684837525e-07]","[0.8119482811764779, 0.06637313686221381, 0.12167804956459642, 5.323967117176383e-07]","{""candidates"": 0, ""reasons"": [], ""state"": ""no_forecast_record"", ""zero_basis"": null}","{""candidates"": 0, ""reasons"": [], ""state"": ""no_forecast_record"", ""zero_basis"": null}",False,False,False,0,0,upstream_goal_with_paid_return_reserve,upstream_goal_with_paid_return_reserve,,
dev_LOOP_B_b160_n92801__vs__dev_LOOP_G_b160_n92801,73,instance_0000,0.04062592608688864,True,,"[0.8525742072633665, 0.05897195144582021, 0.08845354027183641, 3.0101897684837525e-07]","[0.8119482811764779, 0.06637313686221381, 0.12167804956459642, 5.323967117176383e-07]","{""candidates"": 0, ""reasons"": [], ""state"": ""no_forecast_record"", ""zero_basis"": null}","{""candidates"": 0, ""reasons"": [], ""state"": ""no_forecast_record"", ""zero_basis"": null}",False,False,False,0,0,upstream_goal_with_paid_return_reserve,upstream_goal_with_paid_return_reserve,,
dev_LOOP_B_b160_n92801__vs__dev_LOOP_G_b160_n92801,74,instance_0000,0.04062592608688864,True,,"[0.8525742072633665, 0.05897195144582021, 0.08845354027183641, 3.0101897684837525e-07]","[0.8119482811764779, 0.06637313686221381, 0.12167804956459642, 5.323967117176383e-07]","{""candidates"": 0, ""reasons"": [], ""state"": ""no_forecast_record"", ""zero_basis"": null}","{""candidates"": 0, ""reasons"": [], ""state"": ""no_forecast_record"", ""zero_basis"": null}",False,False,False,0,0,upstream_goal_with_paid_return_reserve,upstream_goal_with_paid_return_reserve,,
dev_LOOP_B_b160_n92801__vs__dev_LOOP_G_b160_n92801,75,instance_0000,0.04062592608688864,True,,"[0.8525742072633665, 0.05897195144582021, 0.08845354027183641, 3.0101897684837525e-07]","[0.8119482811764779, 0.06637313686221381, 0.12167804956459642, 5.323967117176383e-07]","{""candidates"": 0, ""reasons"": [], ""state"": ""no_forecast_record"", ""zero_basis"": null}","{""candidates"": 0, ""reasons"": [], ""state"": ""no_forecast_record"", ""zero_basis"": null}",False,False,False,0,0,upstream_goal_with_paid_return_reserve,upstream_goal_with_paid_return_reserve,,
dev_LOOP_B_b160_n92801__vs__dev_LOOP_G_b160_n92801,76,instance_0000,0.04062592608688864,True,,"[0.8525742072633665, 0.05897195144582021, 0.08845354027183641, 3.0101897684837525e-07]","[0.8119482811764779, 0.06637313686221381, 0.12167804956459642, 5.323967117176383e-07]","{""candidates"": 0, ""reasons"": [], ""state"": ""no_forecast_record"", ""zero_basis"": null}","{""candidates"": 0, ""reasons"": [], ""state"": ""no_forecast_record"", ""zero_basis"": null}",False,False,False,0,0,upstream_goal_with_paid_return_reserve,upstream_goal_with_paid_return_reserve,,
dev_LOOP_B_b160_n92801__vs__dev_LOOP_G_b160_n92801,77,instance_0000,0.04062592608688864,True,,"[0.8525742072633665, 0.05897195144582021, 0.08845354027183641, 3.0101897684837525e-07]","[0.8119482811764779, 0.06637313686221381, 0.12167804956459642, 5.323967117176383e-07]","{""candidates"": 0, ""reasons"": [], ""state"": ""no_forecast_record"", ""zero_basis"": null}","{""candidates"": 0, ""reasons"": [], ""state"": ""no_forecast_record"", ""zero_basis"": null}",False,False,False,0,0,upstream_goal_with_paid_return_reserve,upstream_goal_with_paid_return_reserve,,
dev_LOOP_B_b160_n92801__vs__dev_LOOP_G_b160_n92801,78,instance_0000,0.04062592608688864,True,,"[0.8525742072633665, 0.05897195144582021, 0.08845354027183641, 3.0101897684837525e-07]","[0.8119482811764779, 0.06637313686221381, 0.12167804956459642, 5.323967117176383e-07]","{""candidates"": 0, ""reasons"": [], ""state"": ""no_forecast_record"", ""zero_basis"": null}","{""candidates"": 0, ""reasons"": [], ""state"": ""no_forecast_record"", ""zero_basis"": null}",False,False,False,0,0,upstream_goal_with_paid_return_reserve,upstream_goal_with_paid_return_reserve,,
dev_LOOP_B_b160_n92801__vs__dev_LOOP_G_b160_n92801,79,instance_0000,0.04062592608688864,True,,"[0.8525742072633665, 0.05897195144582021, 0.08845354027183641, 3.0101897684837525e-07]","[0.8119482811764779, 0.06637313686221381, 0.12167804956459642, 5.323967117176383e-07]","{""candidates"": 0, ""reasons"": [], ""state"": ""no_forecast_record"", ""zero_basis"": null}","{""candidates"": 0, ""reasons"": [], ""state"": ""no_forecast_record"", ""zero_basis"": null}",False,False,False,0,0,upstream_goal_with_paid_return_reserve,upstream_goal_with_paid_return_reserve,,
dev_LOOP_B_b160_n92801__vs__dev_LOOP_G_b160_n92801,80,instance_0000,0.04062592608688864,True,,"[0.8525742072633665, 0.05897195144582021, 0.08845354027183641, 3.0101897684837525e-07]","[0.8119482811764779, 0.06637313686221381, 0.12167804956459642, 5.323967117176383e-07]","{""candidates"": 0, ""reasons"": [], ""state"": ""no_forecast_record"", ""zero_basis"": null}","{""candidates"": 0, ""reasons"": [], ""state"": ""no_forecast_record"", ""zero_basis"": null}",False,False,False,0,0,upstream_goal_with_paid_return_reserve,upstream_goal_with_paid_return_reserve,,
dev_LOOP_B_b160_n92801__vs__dev_LOOP_G_b160_n92801,81,instance_0000,0.04062592608688864,True,,"[0.8525742072633665, 0.05897195144582021, 0.08845354027183641, 3.0101897684837525e-07]","[0.8119482811764779, 0.06637313686221381, 0.12167804956459642, 5.323967117176383e-07]","{""candidates"": 0, ""reasons"": [], ""state"": ""no_forecast_record"", ""zero_basis"": null}","{""candidates"": 0, ""reasons"": [], ""state"": ""no_forecast_record"", ""zero_basis"": null}",False,False,False,0,0,upstream_goal_with_paid_return_reserve,upstream_goal_with_paid_return_reserve,,
dev_LOOP_B_b160_n92801__vs__dev_LOOP_G_b160_n92801,82,instance_0000,0.04062592608688864,True,,"[0.8525742072633665, 0.05897195144582021, 0.08845354027183641, 3.0101897684837525e-07]","[0.8119482811764779, 0.06637313686221381, 0.12167804956459642, 5.323967117176383e-07]","{""candidates"": 0, ""reasons"": [], ""state"": ""no_forecast_record"", ""zero_basis"": null}","{""candidates"": 0, ""reasons"": [], ""state"": ""no_forecast_record"", ""zero_basis"": null}",False,False,False,0,0,upstream_goal_with_paid_return_reserve,upstream_goal_with_paid_return_reserve,,
dev_LOOP_B_b160_n92801__vs__dev_LOOP_G_b160_n92801,83,instance_0000,0.04062592608688864,True,,"[0.8525742072633665, 0.05897195144582021, 0.08845354027183641, 3.0101897684837525e-07]","[0.8119482811764779, 0.06637313686221381, 0.12167804956459642, 5.323967117176383e-07]","{""candidates"": 0, ""reasons"": [], ""state"": ""no_forecast_record"", ""zero_basis"": null}","{""candidates"": 0, ""reasons"": [], ""state"": ""no_forecast_record"", ""zero_basis"": null}",False,False,False,0,0,upstream_goal_with_paid_return_reserve,upstream_goal_with_paid_return_reserve,,
dev_LOOP_B_b160_n92801__vs__dev_LOOP_G_b160_n92801,84,instance_0000,0.04062592608688864,True,,"[0.8525742072633665, 0.05897195144582021, 0.08845354027183641, 3.0101897684837525e-07]","[0.8119482811764779, 0.06637313686221381, 0.12167804956459642, 5.323967117176383e-07]","{""candidates"": 8, ""positive"": 5, ""reasons"": [], ""repeated"": 0, ""state"": ""nonzero_structure_gain_available"", ""zero_basis"": false}","{""candidates"": 8, ""positive"": 5, ""reasons"": [], ""repeated"": 0, ""state"": ""nonzero_structure_gain_available"", ""zero_basis"": false}",False,True,True,34,34,upstream_goal_with_paid_return_reserve,upstream_goal_with_paid_return_reserve,76,76
dev_LOOP_B_b160_n92801__vs__dev_LOOP_G_b160_n92801,85,instance_0000,0.04062592608688864,True,,"[0.8525742072633665, 0.05897195144582021, 0.08845354027183641, 3.0101897684837525e-07]","[0.8119482811764779, 0.06637313686221381, 0.12167804956459642, 5.323967117176383e-07]","{""candidates"": 0, ""reasons"": [], ""state"": ""no_forecast_record"", ""zero_basis"": null}","{""candidates"": 0, ""reasons"": [], ""state"": ""no_forecast_record"", ""zero_basis"": null}",False,False,False,0,0,upstream_goal_with_paid_return_reserve,upstream_goal_with_paid_return_reserve,,
dev_LOOP_B_b160_n92801__vs__dev_LOOP_G_b160_n92801,86,instance_0000,0.04062592608688864,True,,"[0.8525742072633665, 0.05897195144582021, 0.08845354027183641, 3.0101897684837525e-07]","[0.8119482811764779, 0.06637313686221381, 0.12167804956459642, 5.323967117176383e-07]","{""candidates"": 0, ""reasons"": [], ""state"": ""no_forecast_record"", ""zero_basis"": null}","{""candidates"": 0, ""reasons"": [], ""state"": ""no_forecast_record"", ""zero_basis"": null}",False,False,False,0,0,upstream_goal_with_paid_return_reserve,upstream_goal_with_paid_return_reserve,,
dev_LOOP_B_b160_n92801__vs__dev_LOOP_G_b160_n92801,87,instance_0000,0.04062592608688864,True,,"[0.8525742072633665, 0.05897195144582021, 0.08845354027183641, 3.0101897684837525e-07]","[0.8119482811764779, 0.06637313686221381, 0.12167804956459642, 5.323967117176383e-07]","{""candidates"": 0, ""reasons"": [], ""state"": ""no_forecast_record"", ""zero_basis"": null}","{""candidates"": 0, ""reasons"": [], ""state"": ""no_forecast_record"", ""zero_basis"": null}",False,False,False,0,0,upstream_goal_with_paid_return_reserve,upstream_goal_with_paid_return_reserve,,
dev_LOOP_B_b160_n92801__vs__dev_LOOP_G_b160_n92801,89,instance_0000,0.040625848507402695,True,,"[0.8525743206222112, 0.058971959286770834, 0.08845355203267906, 1.6805833903378128e-07]","[0.8119484721148085, 0.0663731524705675, 0.1216780781784924, 2.972361316196873e-07]","{""candidates"": 0, ""reasons"": [], ""state"": ""no_forecast_record"", ""zero_basis"": null}","{""candidates"": 0, ""reasons"": [], ""state"": ""no_forecast_record"", ""zero_basis"": null}",False,False,False,0,0,upstream_goal_with_paid_return_reserve,upstream_goal_with_paid_return_reserve,,
dev_LOOP_B_b160_n92801__vs__dev_LOOP_G_b160_n92801,90,instance_0000,0.040625848507402695,True,,"[0.8525743206222112, 0.058971959286770834, 0.08845355203267906, 1.6805833903378128e-07]","[0.8119484721148085, 0.0663731524705675, 0.1216780781784924, 2.972361316196873e-07]","{""candidates"": 8, ""positive"": 4, ""reasons"": [], ""repeated"": 0, ""state"": ""nonzero_structure_gain_available"", ""zero_basis"": false}","{""candidates"": 8, ""positive"": 4, ""reasons"": [], ""repeated"": 0, ""state"": ""nonzero_structure_gain_available"", ""zero_basis"": false}",False,True,True,31,31,upstream_goal_with_paid_return_reserve,upstream_goal_with_paid_return_reserve,70,70
dev_LOOP_B_b160_n92801__vs__dev_LOOP_G_b160_n92801,96,instance_0000,0.04062576785680072,True,,"[0.8525744384684978, 0.05897196743811465, 0.08845356425908842, 2.98342991363974e-08]","[0.8119486706116971, 0.06637316869679943, 0.12167810792510898, 5.276639444397983e-08]","{""candidates"": 0, ""reasons"": [], ""state"": ""no_forecast_record"", ""zero_basis"": null}","{""candidates"": 0, ""reasons"": [], ""state"": ""no_forecast_record"", ""zero_basis"": null}",False,False,False,0,0,upstream_goal_with_paid_return_reserve,upstream_goal_with_paid_return_reserve,,
dev_LOOP_B_b160_n92801__vs__dev_LOOP_G_b160_n92801,97,instance_0000,0.04062576785680072,True,,"[0.8525744384684978, 0.05897196743811465, 0.08845356425908842, 2.98342991363974e-08]","[0.8119486706116971, 0.06637316869679943, 0.12167810792510898, 5.276639444397983e-08]","{""candidates"": 8, ""positive"": 5, ""reasons"": [], ""repeated"": 0, ""state"": ""nonzero_structure_gain_available"", ""zero_basis"": false}","{""candidates"": 8, ""positive"": 5, ""reasons"": [], ""repeated"": 0, ""state"": ""nonzero_structure_gain_available"", ""zero_basis"": false}",False,True,True,30,30,upstream_goal_with_paid_return_reserve,upstream_goal_with_paid_return_reserve,63,63
dev_LOOP_B_b160_n92801__vs__dev_LOOP_G_b160_n92801,98,instance_0000,0.04062576785680072,True,,"[0.8525744384684978, 0.05897196743811465, 0.08845356425908842, 2.98342991363974e-08]","[0.8119486706116971, 0.06637316869679943, 0.12167810792510898, 5.276639444397983e-08]","{""candidates"": 0, ""reasons"": [], ""state"": ""no_forecast_record"", ""zero_basis"": null}","{""candidates"": 0, ""reasons"": [], ""state"": ""no_forecast_record"", ""zero_basis"": null}",False,False,False,0,0,upstream_goal_with_paid_return_reserve,upstream_goal_with_paid_return_reserve,,
dev_LOOP_B_b160_n92801__vs__dev_LOOP_G_b160_n92801,99,instance_0000,0.04062576785680072,True,,"[0.8525744384684978, 0.05897196743811465, 0.08845356425908842, 2.98342991363974e-08]","[0.8119486706116971, 0.06637316869679943, 0.12167810792510898, 5.276639444397983e-08]","{""candidates"": 8, ""positive"": 6, ""reasons"": [], ""repeated"": 0, ""state"": ""nonzero_structure_gain_available"", ""zero_basis"": false}","{""candidates"": 8, ""positive"": 6, ""reasons"": [], ""repeated"": 0, ""state"": ""nonzero_structure_gain_available"", ""zero_basis"": false}",False,True,True,34,34,upstream_goal_with_paid_return_reserve,upstream_goal_with_paid_return_reserve,61,61
dev_LOOP_B_b160_n92801__vs__dev_LOOP_G_b160_n92801,100,instance_0000,0.04062576785680072,True,,"[0.8525744384684978, 0.05897196743811465, 0.08845356425908842, 2.98342991363974e-08]","[0.8119486706116971, 0.06637316869679943, 0.12167810792510898, 5.276639444397983e-08]","{""candidates"": 0, ""reasons"": [], ""state"": ""no_forecast_record"", ""zero_basis"": null}","{""candidates"": 0, ""reasons"": [], ""state"": ""no_forecast_record"", ""zero_basis"": null}",False,False,False,0,0,upstream_goal_with_paid_return_reserve,upstream_goal_with_paid_return_reserve,,
dev_LOOP_B_b160_n92801__vs__dev_LOOP_G_b160_n92801,101,instance_0000,0.04062576785680072,True,,"[0.8525744384684978, 0.05897196743811465, 0.08845356425908842, 2.98342991363974e-08]","[0.8119486706116971, 0.06637316869679943, 0.12167810792510898, 5.276639444397983e-08]","{""candidates"": 8, ""positive"": 5, ""reasons"": [], ""repeated"": 0, ""state"": ""nonzero_structure_gain_available"", ""zero_basis"": false}","{""candidates"": 8, ""positive"": 5, ""reasons"": [], ""repeated"": 0, ""state"": ""nonzero_structure_gain_available"", ""zero_basis"": false}",False,True,True,32,32,upstream_goal_with_paid_return_reserve,upstream_goal_with_paid_return_reserve,59,59
dev_LOOP_B_b160_n92801__vs__dev_LOOP_G_b160_n92801,102,instance_0000,0.04062576785680072,True,,"[0.8525744384684978, 0.05897196743811465, 0.08845356425908842, 2.98342991363974e-08]","[0.8119486706116971, 0.06637316869679943, 0.12167810792510898, 5.276639444397983e-08]","{""candidates"": 0, ""reasons"": [], ""state"": ""no_forecast_record"", ""zero_basis"": null}","{""candidates"": 0, ""reasons"": [], ""state"": ""no_forecast_record"", ""zero_basis"": null}",False,False,False,0,0,upstream_goal_with_paid_return_reserve,upstream_goal_with_paid_return_reserve,,
dev_LOOP_B_b160_n92801__vs__dev_LOOP_G_b160_n92801,103,instance_0000,0.04062576785680072,True,,"[0.8525744384684978, 0.05897196743811465, 0.08845356425908842, 2.98342991363974e-08]","[0.8119486706116971, 0.06637316869679943, 0.12167810792510898, 5.276639444397983e-08]","{""candidates"": 8, ""positive"": 4, ""reasons"": [], ""repeated"": 0, ""state"": ""nonzero_structure_gain_available"", ""zero_basis"": false}","{""candidates"": 8, ""positive"": 4, ""reasons"": [], ""repeated"": 0, ""state"": ""nonzero_structure_gain_available"", ""zero_basis"": false}",False,True,True,29,29,upstream_goal_with_paid_return_reserve,upstream_goal_with_paid_return_reserve,57,57
dev_LOOP_B_b160_n92801__vs__dev_LOOP_G_b160_n92801,104,instance_0000,0.04062576785680072,True,,"[0.8525744384684978, 0.05897196743811465, 0.08845356425908842, 2.98342991363974e-08]","[0.8119486706116971, 0.06637316869679943, 0.12167810792510898, 5.276639444397983e-08]","{""candidates"": 0, ""reasons"": [], ""state"": ""no_forecast_record"", ""zero_basis"": null}","{""candidates"": 0, ""reasons"": [], ""state"": ""no_forecast_record"", ""zero_basis"": null}",False,False,False,0,0,upstream_goal_with_paid_return_reserve,upstream_goal_with_paid_return_reserve,,
dev_LOOP_B_b160_n92801__vs__dev_LOOP_G_b160_n92801,105,instance_0000,0.04062575662887591,True,,"[0.8525744548746845, 0.05897196857291893, 0.08845356596121041, 1.0591186061555984e-08]","[0.8119486982458086, 0.06637317095576435, 0.12167811206633924, 1.8732087757946783e-08]","{""candidates"": 0, ""reasons"": [], ""state"": ""no_forecast_record"", ""zero_basis"": null}","{""candidates"": 0, ""reasons"": [], ""state"": ""no_forecast_record"", ""zero_basis"": null}",False,False,False,0,0,upstream_goal_with_paid_return_reserve,upstream_goal_with_paid_return_reserve,,
dev_LOOP_B_b160_n92801__vs__dev_LOOP_G_b160_n92801,106,instance_0000,0.04062575662887591,True,,"[0.8525744548746845, 0.05897196857291893, 0.08845356596121041, 1.0591186061555984e-08]","[0.8119486982458086, 0.06637317095576435, 0.12167811206633924, 1.8732087757946783e-08]","{""candidates"": 0, ""reasons"": [], ""state"": ""no_forecast_record"", ""zero_basis"": null}","{""candidates"": 0, ""reasons"": [], ""state"": ""no_forecast_record"", ""zero_basis"": null}",False,False,False,0,0,upstream_goal_with_paid_return_reserve,upstream_goal_with_paid_return_reserve,,
dev_LOOP_B_b160_n92801__vs__dev_LOOP_G_b160_n92801,107,instance_0000,0.04062575662887591,True,,"[0.8525744548746845, 0.05897196857291893, 0.08845356596121041, 1.0591186061555984e-08]","[0.8119486982458086, 0.06637317095576435, 0.12167811206633924, 1.8732087757946783e-08]","{""candidates"": 0, ""reasons"": [], ""state"": ""no_forecast_record"", ""zero_basis"": null}","{""candidates"": 0, ""reasons"": [], ""state"": ""no_forecast_record"", ""zero_basis"": null}",False,False,False,0,0,upstream_goal_with_paid_return_reserve,upstream_goal_with_paid_return_reserve,,
dev_LOOP_B_b160_n92801__vs__dev_LOOP_G_b160_n92801,108,instance_0000,0.04062575662887591,True,,"[0.8525744548746845, 0.05897196857291893, 0.08845356596121041, 1.0591186061555984e-08]","[0.8119486982458086, 0.06637317095576435, 0.12167811206633924, 1.8732087757946783e-08]","{""candidates"": 0, ""reasons"": [], ""state"": ""no_forecast_record"", ""zero_basis"": null}","{""candidates"": 0, ""reasons"": [], ""state"": ""no_forecast_record"", ""zero_basis"": null}",False,False,False,0,0,upstream_goal_with_paid_return_reserve,upstream_goal_with_paid_return_reserve,,
dev_LOOP_B_b160_n92801__vs__dev_LOOP_G_b160_n92801,109,instance_0000,0.04062575662887591,True,,"[0.8525744548746845, 0.05897196857291893, 0.08845356596121041, 1.0591186061555984e-08]","[0.8119486982458086, 0.06637317095576435, 0.12167811206633924, 1.8732087757946783e-08]","{""candidates"": 0, ""reasons"": [], ""state"": ""no_forecast_record"", ""zero_basis"": null}","{""candidates"": 0, ""reasons"": [], ""state"": ""no_forecast_record"", ""zero_basis"": null}",False,False,False,0,0,upstream_goal_with_paid_return_reserve,upstream_goal_with_paid_return_reserve,,
dev_LOOP_B_b160_n92801__vs__dev_LOOP_G_b160_n92801,110,instance_0000,0.04062575662887591,True,,"[0.8525744548746845, 0.05897196857291893, 0.08845356596121041, 1.0591186061555984e-08]","[0.8119486982458086, 0.06637317095576435, 0.12167811206633924, 1.8732087757946783e-08]","{""candidates"": 0, ""reasons"": [], ""state"": ""no_forecast_record"", ""zero_basis"": null}","{""candidates"": 0, ""reasons"": [], ""state"": ""no_forecast_record"", ""zero_basis"": null}",False,False,False,0,0,upstream_goal_with_paid_return_reserve,upstream_goal_with_paid_return_reserve,,
dev_LOOP_B_b160_n92801__vs__dev_LOOP_G_b160_n92801,111,instance_0000,0.04062575662887591,True,,"[0.8525744548746845, 0.05897196857291893, 0.08845356596121041, 1.0591186061555984e-08]","[0.8119486982458086, 0.06637317095576435, 0.12167811206633924, 1.8732087757946783e-08]","{""candidates"": 0, ""reasons"": [], ""state"": ""no_forecast_record"", ""zero_basis"": null}","{""candidates"": 0, ""reasons"": [], ""state"": ""no_forecast_record"", ""zero_basis"": null}",False,False,False,0,0,upstream_goal_with_paid_return_reserve,upstream_goal_with_paid_return_reserve,,
dev_LOOP_B_b160_n92801__vs__dev_LOOP_G_b160_n92801,112,instance_0000,0.04062575662887591,True,,"[0.8525744548746845, 0.05897196857291893, 0.08845356596121041, 1.0591186061555984e-08]","[0.8119486982458086, 0.06637317095576435, 0.12167811206633924, 1.8732087757946783e-08]","{""candidates"": 0, ""reasons"": [], ""state"": ""no_forecast_record"", ""zero_basis"": null}","{""candidates"": 0, ""reasons"": [], ""state"": ""no_forecast_record"", ""zero_basis"": null}",False,False,False,0,0,upstream_goal_with_paid_return_reserve,upstream_goal_with_paid_return_reserve,,
dev_LOOP_B_b160_n92801__vs__dev_LOOP_G_b160_n92801,113,instance_0000,0.04062575662887591,True,,"[0.8525744548746845, 0.05897196857291893, 0.08845356596121041, 1.0591186061555984e-08]","[0.8119486982458086, 0.06637317095576435, 0.12167811206633924, 1.8732087757946783e-08]","{""candidates"": 0, ""reasons"": [], ""state"": ""no_forecast_record"", ""zero_basis"": null}","{""candidates"": 0, ""reasons"": [], ""state"": ""no_forecast_record"", ""zero_basis"": null}",False,False,False,0,0,upstream_goal_with_paid_return_reserve,upstream_goal_with_paid_return_reserve,,
dev_LOOP_B_b160_n92801__vs__dev_LOOP_G_b160_n92801,114,instance_0000,0.04062575662887591,True,,"[0.8525744548746845, 0.05897196857291893, 0.08845356596121041, 1.0591186061555984e-08]","[0.8119486982458086, 0.06637317095576435, 0.12167811206633924, 1.8732087757946783e-08]","{""candidates"": 8, ""positive"": 3, ""reasons"": [], ""repeated"": 0, ""state"": ""nonzero_structure_gain_available"", ""zero_basis"": false}","{""candidates"": 8, ""positive"": 3, ""reasons"": [], ""repeated"": 0, ""state"": ""nonzero_structure_gain_available"", ""zero_basis"": false}",False,True,True,22,22,upstream_goal_with_paid_return_reserve,upstream_goal_with_paid_return_reserve,46,46
dev_LOOP_B_b160_n92801__vs__dev_LOOP_G_b160_n92801,115,instance_0000,0.04062575662887591,True,,"[0.8525744548746845, 0.05897196857291893, 0.08845356596121041, 1.0591186061555984e-08]","[0.8119486982458086, 0.06637317095576435, 0.12167811206633924, 1.8732087757946783e-08]","{""candidates"": 0, ""reasons"": [], ""state"": ""no_forecast_record"", ""zero_basis"": null}","{""candidates"": 0, ""reasons"": [], ""state"": ""no_forecast_record"", ""zero_basis"": null}",False,False,False,0,0,upstream_goal_with_paid_return_reserve,upstream_goal_with_paid_return_reserve,,
dev_LOOP_B_b160_n92801__vs__dev_LOOP_G_b160_n92801,116,instance_0000,0.04062575662887591,True,,"[0.8525744548746845, 0.05897196857291893, 0.08845356596121041, 1.0591186061555984e-08]","[0.8119486982458086, 0.06637317095576435, 0.12167811206633924, 1.8732087757946783e-08]","{""candidates"": 0, ""reasons"": [], ""state"": ""no_forecast_record"", ""zero_basis"": null}","{""candidates"": 0, ""reasons"": [], ""state"": ""no_forecast_record"", ""zero_basis"": null}",False,False,False,0,0,upstream_goal_with_paid_return_reserve,upstream_goal_with_paid_return_reserve,,
dev_LOOP_B_b160_n92801__vs__dev_LOOP_G_b160_n92801,117,instance_0000,0.04062575662887591,True,,"[0.8525744548746845, 0.05897196857291893, 0.08845356596121041, 1.0591186061555984e-08]","[0.8119486982458086, 0.06637317095576435, 0.12167811206633924, 1.8732087757946783e-08]","{""candidates"": 0, ""reasons"": [], ""state"": ""no_forecast_record"", ""zero_basis"": null}","{""candidates"": 0, ""reasons"": [], ""state"": ""no_forecast_record"", ""zero_basis"": null}",False,False,False,0,0,upstream_goal_with_paid_return_reserve,upstream_goal_with_paid_return_reserve,,
dev_LOOP_B_b160_n92801__vs__dev_LOOP_G_b160_n92801,118,instance_0000,0.04062575662887591,True,,"[0.8525744548746845, 0.05897196857291893, 0.08845356596121041, 1.0591186061555984e-08]","[0.8119486982458086, 0.06637317095576435, 0.12167811206633924, 1.8732087757946783e-08]","{""candidates"": 0, ""reasons"": [], ""state"": ""no_forecast_record"", ""zero_basis"": null}","{""candidates"": 0, ""reasons"": [], ""state"": ""no_forecast_record"", ""zero_basis"": null}",False,False,False,0,0,upstream_goal_with_paid_return_reserve,upstream_goal_with_paid_return_reserve,,
dev_LOOP_B_b160_n92801__vs__dev_LOOP_G_b160_n92801,120,instance_0000,0.04062575513194144,True,,"[0.8525744570619976, 0.05897196872421382, 0.0884535661881415, 8.025647071751658e-09]","[0.8119487019300562, 0.06637317125693508, 0.12167811261845822, 1.4194550514462321e-08]","{""candidates"": 0, ""reasons"": [], ""state"": ""no_forecast_record"", ""zero_basis"": null}","{""candidates"": 0, ""reasons"": [], ""state"": ""no_forecast_record"", ""zero_basis"": null}",False,False,False,0,0,upstream_goal_with_paid_return_reserve,upstream_goal_with_paid_return_reserve,,
dev_LOOP_B_b160_n92801__vs__dev_LOOP_G_b160_n92801,121,instance_0000,0.04062575513194144,True,,"[0.8525744570619976, 0.05897196872421382, 0.0884535661881415, 8.025647071751658e-09]","[0.8119487019300562, 0.06637317125693508, 0.12167811261845822, 1.4194550514462321e-08]","{""candidates"": 0, ""reasons"": [], ""state"": ""no_forecast_record"", ""zero_basis"": null}","{""candidates"": 0, ""reasons"": [], ""state"": ""no_forecast_record"", ""zero_basis"": null}",False,False,False,0,0,upstream_goal_with_paid_return_reserve,upstream_goal_with_paid_return_reserve,,
dev_LOOP_B_b160_n92801__vs__dev_LOOP_G_b160_n92801,122,instance_0000,0.04062575513194144,True,,"[0.8525744570619976, 0.05897196872421382, 0.0884535661881415, 8.025647071751658e-09]","[0.8119487019300562, 0.06637317125693508, 0.12167811261845822, 1.4194550514462321e-08]","{""candidates"": 0, ""reasons"": [], ""state"": ""no_forecast_record"", ""zero_basis"": null}","{""candidates"": 0, ""reasons"": [], ""state"": ""no_forecast_record"", ""zero_basis"": null}",False,False,False,0,0,upstream_goal_with_paid_return_reserve,upstream_goal_with_paid_return_reserve,,
dev_LOOP_B_b160_n92801__vs__dev_LOOP_G_b160_n92801,123,instance_0000,0.04062575513194144,True,,"[0.8525744570619976, 0.05897196872421382, 0.0884535661881415, 8.025647071751658e-09]","[0.8119487019300562, 0.06637317125693508, 0.12167811261845822, 1.4194550514462321e-08]","{""candidates"": 0, ""reasons"": [], ""state"": ""no_forecast_record"", ""zero_basis"": null}","{""candidates"": 0, ""reasons"": [], ""state"": ""no_forecast_record"", ""zero_basis"": null}",False,False,False,0,0,upstream_goal_with_paid_return_reserve,upstream_goal_with_paid_return_reserve,,
dev_LOOP_B_b160_n92801__vs__dev_LOOP_G_b160_n92801,124,instance_0000,0.04062575513194144,True,,"[0.8525744570619976, 0.05897196872421382, 0.0884535661881415, 8.025647071751658e-09]","[0.8119487019300562, 0.06637317125693508, 0.12167811261845822, 1.4194550514462321e-08]","{""candidates"": 0, ""reasons"": [], ""state"": ""no_forecast_record"", ""zero_basis"": null}","{""candidates"": 0, ""reasons"": [], ""state"": ""no_forecast_record"", ""zero_basis"": null}",False,False,False,0,0,upstream_goal_with_paid_return_reserve,upstream_goal_with_paid_return_reserve,,
dev_LOOP_B_b160_n92801__vs__dev_LOOP_G_b160_n92801,125,instance_0000,0.04062575513194144,True,,"[0.8525744570619976, 0.05897196872421382, 0.0884535661881415, 8.025647071751658e-09]","[0.8119487019300562, 0.06637317125693508, 0.12167811261845822, 1.4194550514462321e-08]","{""candidates"": 0, ""reasons"": [], ""state"": ""no_forecast_record"", ""zero_basis"": null}","{""candidates"": 0, ""reasons"": [], ""state"": ""no_forecast_record"", ""zero_basis"": null}",False,False,False,0,0,upstream_goal_with_paid_return_reserve,upstream_goal_with_paid_return_reserve,,
dev_LOOP_B_b160_n92801__vs__dev_LOOP_G_b160_n92801,126,instance_0000,0.04062575513194144,True,,"[0.8525744570619976, 0.05897196872421382, 0.0884535661881415, 8.025647071751658e-09]","[0.8119487019300562, 0.06637317125693508, 0.12167811261845822, 1.4194550514462321e-08]","{""candidates"": 0, ""reasons"": [], ""state"": ""no_forecast_record"", ""zero_basis"": null}","{""candidates"": 0, ""reasons"": [], ""state"": ""no_forecast_record"", ""zero_basis"": null}",False,False,False,0,0,upstream_goal_with_paid_return_reserve,upstream_goal_with_paid_return_reserve,,
dev_LOOP_B_b160_n92801__vs__dev_LOOP_G_b160_n92801,127,instance_0000,0.04062575513194144,True,,"[0.8525744570619976, 0.05897196872421382, 0.0884535661881415, 8.025647071751658e-09]","[0.8119487019300562, 0.06637317125693508, 0.12167811261845822, 1.4194550514462321e-08]","{""candidates"": 0, ""reasons"": [], ""state"": ""no_forecast_record"", ""zero_basis"": null}","{""candidates"": 0, ""reasons"": [], ""state"": ""no_forecast_record"", ""zero_basis"": null}",False,False,False,0,0,upstream_goal_with_paid_return_reserve,upstream_goal_with_paid_return_reserve,,
dev_LOOP_B_b160_n92801__vs__dev_LOOP_G_b160_n92801,128,instance_0000,0.04062575513194144,True,,"[0.8525744570619976, 0.05897196872421382, 0.0884535661881415, 8.025647071751658e-09]","[0.8119487019300562, 0.06637317125693508, 0.12167811261845822, 1.4194550514462321e-08]","{""candidates"": 0, ""reasons"": [], ""state"": ""no_forecast_record"", ""zero_basis"": null}","{""candidates"": 0, ""reasons"": [], ""state"": ""no_forecast_record"", ""zero_basis"": null}",False,False,False,0,0,upstream_goal_with_paid_return_reserve,upstream_goal_with_paid_return_reserve,,
dev_LOOP_B_b160_n92801__vs__dev_LOOP_G_b160_n92801,128,instance_0001,0.07500000000000001,True,,"[0.225, 0.25, 0.325, 0.19999999999999996]","[0.25, 0.25, 0.25, 0.25]","{""candidates"": 0, ""reasons"": [], ""state"": ""no_forecast_record"", ""zero_basis"": null}","{""candidates"": 0, ""reasons"": [], ""state"": ""no_forecast_record"", ""zero_basis"": null}",False,False,False,0,0,upstream_goal_with_paid_return_reserve,upstream_goal_with_paid_return_reserve,,
dev_LOOP_B_b160_n92801__vs__dev_LOOP_G_b160_n92801,131,instance_0001,0.07500000000000001,True,,"[0.225, 0.25, 0.325, 0.19999999999999996]","[0.25, 0.25, 0.25, 0.25]","{""candidates"": 0, ""reasons"": [], ""state"": ""no_forecast_record"", ""zero_basis"": null}","{""candidates"": 0, ""reasons"": [], ""state"": ""no_forecast_record"", ""zero_basis"": null}",False,False,False,0,0,upstream_goal_with_paid_return_reserve,upstream_goal_with_paid_return_reserve,,
dev_LOOP_B_b160_n92801__vs__dev_LOOP_G_b160_n92801,132,instance_0001,0.07500000000000001,True,,"[0.225, 0.25, 0.325, 0.19999999999999996]","[0.25, 0.25, 0.25, 0.25]","{""candidates"": 0, ""reasons"": [], ""state"": ""no_forecast_record"", ""zero_basis"": null}","{""candidates"": 0, ""reasons"": [], ""state"": ""no_forecast_record"", ""zero_basis"": null}",False,False,False,0,0,upstream_goal_with_paid_return_reserve,upstream_goal_with_paid_return_reserve,,
dev_LOOP_B_b160_n92801__vs__dev_LOOP_G_b160_n92801,133,instance_0001,0.08496413056694646,True,,"[0.14558349934570172, 0.235968562504621, 0.5292784262332902, 0.0891695119163871]","[0.17653023184497413, 0.2575156299364382, 0.4443142956663438, 0.12163984255224403]","{""candidates"": 0, ""reasons"": [], ""state"": ""no_forecast_record"", ""zero_basis"": null}","{""candidates"": 0, ""reasons"": [], ""state"": ""no_forecast_record"", ""zero_basis"": null}",False,False,False,0,0,upstream_goal_with_paid_return_reserve,upstream_goal_with_paid_return_reserve,,
dev_LOOP_B_b160_n92801__vs__dev_LOOP_G_b160_n92801,134,instance_0001,0.08496413056694646,True,,"[0.14558349934570172, 0.235968562504621, 0.5292784262332902, 0.0891695119163871]","[0.17653023184497413, 0.2575156299364382, 0.4443142956663438, 0.12163984255224403]","{""candidates"": 0, ""reasons"": [], ""state"": ""no_forecast_record"", ""zero_basis"": null}","{""candidates"": 0, ""reasons"": [], ""state"": ""no_forecast_record"", ""zero_basis"": null}",False,False,False,0,0,upstream_goal_with_paid_return_reserve,upstream_goal_with_paid_return_reserve,,
dev_LOOP_B_b160_n92801__vs__dev_LOOP_G_b160_n92801,135,instance_0001,0.08496413056694646,True,,"[0.14558349934570172, 0.235968562504621, 0.5292784262332902, 0.0891695119163871]","[0.17653023184497413, 0.2575156299364382, 0.4443142956663438, 0.12163984255224403]","{""candidates"": 0, ""reasons"": [], ""state"": ""no_forecast_record"", ""zero_basis"": null}","{""candidates"": 0, ""reasons"": [], ""state"": ""no_forecast_record"", ""zero_basis"": null}",False,False,False,0,0,upstream_goal_with_paid_return_reserve,upstream_goal_with_paid_return_reserve,,
dev_LOOP_B_b160_n92801__vs__dev_LOOP_G_b160_n92801,136,instance_0001,0.08496413056694646,True,,"[0.14558349934570172, 0.235968562504621, 0.5292784262332902, 0.0891695119163871]","[0.17653023184497413, 0.2575156299364382, 0.4443142956663438, 0.12163984255224403]","{""candidates"": 8, ""positive"": 6, ""reasons"": [], ""repeated"": 0, ""state"": ""nonzero_structure_gain_available"", ""zero_basis"": false}","{""candidates"": 8, ""positive"": 6, ""reasons"": [], ""repeated"": 0, ""state"": ""nonzero_structure_gain_available"", ""zero_basis"": false}",False,True,True,6,6,upstream_goal_with_paid_return_reserve,upstream_goal_with_paid_return_reserve,24,24
dev_LOOP_B_b160_n92801__vs__dev_LOOP_G_b160_n92801,139,instance_0001,0.07813043956671784,True,,"[0.16647715780354538, 0.07611861729997633, 0.7164999173640547, 0.040904307532423516]","[0.21424537972216307, 0.08816378207239507, 0.6383694777973369, 0.05922136040810505]","{""candidates"": 8, ""positive"": 4, ""reasons"": [], ""repeated"": 0, ""state"": ""nonzero_structure_gain_available"", ""zero_basis"": false}","{""candidates"": 8, ""positive"": 4, ""reasons"": [], ""repeated"": 0, ""state"": ""nonzero_structure_gain_available"", ""zero_basis"": false}",False,True,True,0,0,return,return,21,21
dev_LOOP_B_b160_n92801__vs__dev_LOOP_G_b160_n92801,140,instance_0001,0.07813043956671784,True,,"[0.16647715780354538, 0.07611861729997633, 0.7164999173640547, 0.040904307532423516]","[0.21424537972216307, 0.08816378207239507, 0.6383694777973369, 0.05922136040810505]","{""candidates"": 8, ""positive"": 3, ""reasons"": [], ""repeated"": 0, ""state"": ""nonzero_structure_gain_available"", ""zero_basis"": false}","{""candidates"": 8, ""positive"": 3, ""reasons"": [], ""repeated"": 0, ""state"": ""nonzero_structure_gain_available"", ""zero_basis"": false}",False,True,True,0,0,return,return,20,20
dev_LOOP_B_b160_n92801__vs__dev_LOOP_G_b160_n92801,141,instance_0001,0.07813043956671784,True,,"[0.16647715780354538, 0.07611861729997633, 0.7164999173640547, 0.040904307532423516]","[0.21424537972216307, 0.08816378207239507, 0.6383694777973369, 0.05922136040810505]","{""candidates"": 8, ""positive"": 3, ""reasons"": [], ""repeated"": 0, ""state"": ""nonzero_structure_gain_available"", ""zero_basis"": false}","{""candidates"": 8, ""positive"": 3, ""reasons"": [], ""repeated"": 0, ""state"": ""nonzero_structure_gain_available"", ""zero_basis"": false}",False,True,True,0,0,return,return,19,19
dev_LOOP_B_b160_n92801__vs__dev_LOOP_G_b160_n92801,142,instance_0000,0.040625752070254206,True,,"[0.8525744615357191, 0.058971969033657964, 0.0884535666522847, 2.7783381731750427e-09]","[0.8119487094654649, 0.06637317187292102, 0.12167811374770977, 4.9139043060173265e-09]","{""candidates"": 8, ""positive"": 6, ""reasons"": [], ""repeated"": 0, ""state"": ""nonzero_structure_gain_available"", ""zero_basis"": false}","{""candidates"": 8, ""positive"": 6, ""reasons"": [], ""repeated"": 0, ""state"": ""nonzero_structure_gain_available"", ""zero_basis"": false}",False,True,True,0,0,return,return,18,18
dev_LOOP_B_b160_n92801__vs__dev_LOOP_G_b160_n92801,142,instance_0001,0.07813043956671784,True,,"[0.16647715780354538, 0.07611861729997633, 0.7164999173640547, 0.040904307532423516]","[0.21424537972216307, 0.08816378207239507, 0.6383694777973369, 0.05922136040810505]","{""candidates"": 8, ""positive"": 4, ""reasons"": [], ""repeated"": 0, ""state"": ""nonzero_structure_gain_available"", ""zero_basis"": false}","{""candidates"": 8, ""positive"": 4, ""reasons"": [], ""repeated"": 0, ""state"": ""nonzero_structure_gain_available"", ""zero_basis"": false}",False,True,True,0,0,return,return,18,18
dev_LOOP_B_b160_n92801__vs__dev_LOOP_G_b160_n92801,143,instance_0000,0.04062575103528976,True,,"[0.8525744630480041, 0.05897196913826164, 0.08845356680918241, 1.0045519007059962e-09]","[0.8119487120127143, 0.06637317208114728, 0.12167811412943898, 1.7766994546910053e-09]","{""candidates"": 8, ""positive"": 6, ""reasons"": [], ""repeated"": 0, ""state"": ""nonzero_structure_gain_available"", ""zero_basis"": false}","{""candidates"": 8, ""positive"": 6, ""reasons"": [], ""repeated"": 0, ""state"": ""nonzero_structure_gain_available"", ""zero_basis"": false}",False,True,True,0,0,return,return,17,17
dev_LOOP_B_b160_n92801__vs__dev_LOOP_G_b160_n92801,143,instance_0001,0.07813043956671784,True,,"[0.16647715780354538, 0.07611861729997633, 0.7164999173640547, 0.040904307532423516]","[0.21424537972216307, 0.08816378207239507, 0.6383694777973369, 0.05922136040810505]","{""candidates"": 8, ""positive"": 4, ""reasons"": [], ""repeated"": 0, ""state"": ""nonzero_structure_gain_available"", ""zero_basis"": false}","{""candidates"": 8, ""positive"": 4, ""reasons"": [], ""repeated"": 0, ""state"": ""nonzero_structure_gain_available"", ""zero_basis"": false}",False,True,True,0,0,return,return,17,17
dev_LOOP_B_b160_n92801__vs__dev_LOOP_G_b160_n92801,144,instance_0000,0.0406257506851011,True,,"[0.852574463559698, 0.05897196917365514, 0.08845356686227003, 4.0437689897847914e-10]","[0.8119487128745969, 0.0663731721516023, 0.1216781142586001, 7.15200693693589e-10]","{""candidates"": 8, ""positive"": 6, ""reasons"": [], ""repeated"": 0, ""state"": ""nonzero_structure_gain_available"", ""zero_basis"": false}","{""candidates"": 8, ""positive"": 6, ""reasons"": [], ""repeated"": 0, ""state"": ""nonzero_structure_gain_available"", ""zero_basis"": false}",False,True,True,0,0,return,return,16,16
dev_LOOP_B_b160_n92801__vs__dev_LOOP_G_b160_n92801,144,instance_0001,0.07813043956671784,True,,"[0.16647715780354538, 0.07611861729997633, 0.7164999173640547, 0.040904307532423516]","[0.21424537972216307, 0.08816378207239507, 0.6383694777973369, 0.05922136040810505]","{""candidates"": 8, ""positive"": 2, ""reasons"": [], ""repeated"": 0, ""state"": ""nonzero_structure_gain_available"", ""zero_basis"": false}","{""candidates"": 8, ""positive"": 2, ""reasons"": [], ""repeated"": 0, ""state"": ""nonzero_structure_gain_available"", ""zero_basis"": false}",False,True,True,0,0,return,return,16,16
dev_LOOP_B_b160_n92801__vs__dev_LOOP_G_b160_n92801,145,instance_0000,0.04062575052940942,True,,"[0.8525744637871937, 0.05897196918939086, 0.08845356688587246, 1.3754301665155048e-10]","[0.8119487132577843, 0.06637317218292615, 0.12167811431602434, 2.432652834288367e-10]","{""candidates"": 8, ""positive"": 5, ""reasons"": [], ""repeated"": 0, ""state"": ""nonzero_structure_gain_available"", ""zero_basis"": false}","{""candidates"": 8, ""positive"": 5, ""reasons"": [], ""repeated"": 0, ""state"": ""nonzero_structure_gain_available"", ""zero_basis"": false}",False,True,True,0,0,return,return,15,15
dev_LOOP_B_b160_n92801__vs__dev_LOOP_G_b160_n92801,145,instance_0001,0.07813043956671784,True,,"[0.16647715780354538, 0.07611861729997633, 0.7164999173640547, 0.040904307532423516]","[0.21424537972216307, 0.08816378207239507, 0.6383694777973369, 0.05922136040810505]","{""candidates"": 8, ""positive"": 3, ""reasons"": [], ""repeated"": 0, ""state"": ""nonzero_structure_gain_available"", ""zero_basis"": false}","{""candidates"": 8, ""positive"": 3, ""reasons"": [], ""repeated"": 0, ""state"": ""nonzero_structure_gain_available"", ""zero_basis"": false}",False,True,True,0,0,return,return,15,15
dev_LOOP_B_b160_n92801__vs__dev_LOOP_G_b160_n92801,146,instance_0001,0.07813043956671784,True,,"[0.16647715780354538, 0.07611861729997633, 0.7164999173640547, 0.040904307532423516]","[0.21424537972216307, 0.08816378207239507, 0.6383694777973369, 0.05922136040810505]","{""candidates"": 8, ""positive"": 1, ""reasons"": [], ""repeated"": 0, ""state"": ""nonzero_structure_gain_available"", ""zero_basis"": false}","{""candidates"": 8, ""positive"": 1, ""reasons"": [], ""repeated"": 0, ""state"": ""nonzero_structure_gain_available"", ""zero_basis"": false}",False,True,True,0,0,return,return,14,14
dev_LOOP_B_b160_n92801__vs__dev_LOOP_G_b160_n92801,147,instance_0001,0.07813043956671784,True,,"[0.16647715780354538, 0.07611861729997633, 0.7164999173640547, 0.040904307532423516]","[0.21424537972216307, 0.08816378207239507, 0.6383694777973369, 0.05922136040810505]","{""candidates"": 8, ""positive"": 2, ""reasons"": [], ""repeated"": 0, ""state"": ""nonzero_structure_gain_available"", ""zero_basis"": false}","{""candidates"": 8, ""positive"": 2, ""reasons"": [], ""repeated"": 0, ""state"": ""nonzero_structure_gain_available"", ""zero_basis"": false}",False,True,True,0,0,return,return,13,13
dev_LOOP_B_b160_n92801__vs__dev_LOOP_G_b160_n92801,148,instance_0000,0.04062575052940942,True,,"[0.8525744637871937, 0.05897196918939086, 0.08845356688587246, 1.3754301665155048e-10]","[0.8119487132577843, 0.06637317218292615, 0.12167811431602434, 2.432652834288367e-10]","{""candidates"": 8, ""positive"": 7, ""reasons"": [], ""repeated"": 0, ""state"": ""nonzero_structure_gain_available"", ""zero_basis"": false}","{""candidates"": 8, ""positive"": 7, ""reasons"": [], ""repeated"": 0, ""state"": ""nonzero_structure_gain_available"", ""zero_basis"": false}",False,True,True,0,0,return,return,12,12
dev_LOOP_B_b160_n92801__vs__dev_LOOP_G_b160_n92801,148,instance_0001,0.07813043956671784,True,,"[0.16647715780354538, 0.07611861729997633, 0.7164999173640547, 0.040904307532423516]","[0.21424537972216307, 0.08816378207239507, 0.6383694777973369, 0.05922136040810505]","{""candidates"": 8, ""positive"": 1, ""reasons"": [], ""repeated"": 0, ""state"": ""nonzero_structure_gain_available"", ""zero_basis"": false}","{""candidates"": 8, ""positive"": 1, ""reasons"": [], ""repeated"": 0, ""state"": ""nonzero_structure_gain_available"", ""zero_basis"": false}",False,True,True,0,0,return,return,12,12
dev_LOOP_B_b160_n92801__vs__dev_LOOP_G_b160_n92801,149,instance_0000,0.04062575052940942,True,,"[0.8525744637871937, 0.05897196918939086, 0.08845356688587246, 1.3754301665155048e-10]","[0.8119487132577843, 0.06637317218292615, 0.12167811431602434, 2.432652834288367e-10]","{""candidates"": 8, ""positive"": 7, ""reasons"": [], ""repeated"": 0, ""state"": ""nonzero_structure_gain_available"", ""zero_basis"": false}","{""candidates"": 8, ""positive"": 7, ""reasons"": [], ""repeated"": 0, ""state"": ""nonzero_structure_gain_available"", ""zero_basis"": false}",False,True,True,0,0,return,return,11,11
dev_LOOP_B_b160_n92801__vs__dev_LOOP_G_b160_n92801,149,instance_0001,0.07813043956671784,True,,"[0.16647715780354538, 0.07611861729997633, 0.7164999173640547, 0.040904307532423516]","[0.21424537972216307, 0.08816378207239507, 0.6383694777973369, 0.05922136040810505]","{""candidates"": 8, ""positive"": 3, ""reasons"": [], ""repeated"": 0, ""state"": ""nonzero_structure_gain_available"", ""zero_basis"": false}","{""candidates"": 8, ""positive"": 3, ""reasons"": [], ""repeated"": 0, ""state"": ""nonzero_structure_gain_available"", ""zero_basis"": false}",False,True,True,0,0,return,return,11,11
dev_LOOP_B_b160_n92801__vs__dev_LOOP_G_b160_n92801,150,instance_0000,0.04062575052940942,True,,"[0.8525744637871937, 0.05897196918939086, 0.08845356688587246, 1.3754301665155048e-10]","[0.8119487132577843, 0.06637317218292615, 0.12167811431602434, 2.432652834288367e-10]","{""candidates"": 8, ""positive"": 7, ""reasons"": [], ""repeated"": 0, ""state"": ""nonzero_structure_gain_available"", ""zero_basis"": false}","{""candidates"": 8, ""positive"": 7, ""reasons"": [], ""repeated"": 0, ""state"": ""nonzero_structure_gain_available"", ""zero_basis"": false}",False,True,True,0,0,return,return,10,10
dev_LOOP_B_b160_n92801__vs__dev_LOOP_G_b160_n92801,150,instance_0001,0.07813043956671784,True,,"[0.16647715780354538, 0.07611861729997633, 0.7164999173640547, 0.040904307532423516]","[0.21424537972216307, 0.08816378207239507, 0.6383694777973369, 0.05922136040810505]","{""candidates"": 8, ""positive"": 5, ""reasons"": [], ""repeated"": 0, ""state"": ""nonzero_structure_gain_available"", ""zero_basis"": false}","{""candidates"": 8, ""positive"": 5, ""reasons"": [], ""repeated"": 0, ""state"": ""nonzero_structure_gain_available"", ""zero_basis"": false}",False,True,True,0,0,return,return,10,10
dev_LOOP_B_b160_n92801__vs__dev_LOOP_G_b160_n92801,151,instance_0000,0.04062575052940942,True,,"[0.8525744637871937, 0.05897196918939086, 0.08845356688587246, 1.3754301665155048e-10]","[0.8119487132577843, 0.06637317218292615, 0.12167811431602434, 2.432652834288367e-10]","{""candidates"": 8, ""positive"": 8, ""reasons"": [], ""repeated"": 0, ""state"": ""nonzero_structure_gain_available"", ""zero_basis"": false}","{""candidates"": 8, ""positive"": 8, ""reasons"": [], ""repeated"": 0, ""state"": ""nonzero_structure_gain_available"", ""zero_basis"": false}",False,True,True,0,0,return,return,9,9
dev_LOOP_B_b160_n92801__vs__dev_LOOP_G_b160_n92801,151,instance_0001,0.07813043956671784,True,,"[0.16647715780354538, 0.07611861729997633, 0.7164999173640547, 0.040904307532423516]","[0.21424537972216307, 0.08816378207239507, 0.6383694777973369, 0.05922136040810505]","{""candidates"": 8, ""positive"": 6, ""reasons"": [], ""repeated"": 0, ""state"": ""nonzero_structure_gain_available"", ""zero_basis"": false}","{""candidates"": 8, ""positive"": 6, ""reasons"": [], ""repeated"": 0, ""state"": ""nonzero_structure_gain_available"", ""zero_basis"": false}",False,True,True,0,0,return,return,9,9
dev_LOOP_B_b160_n92801__vs__dev_LOOP_G_b160_n92801,152,instance_0000,0.04062575052940942,True,,"[0.8525744637871937, 0.05897196918939086, 0.08845356688587246, 1.3754301665155048e-10]","[0.8119487132577843, 0.06637317218292615, 0.12167811431602434, 2.432652834288367e-10]","{""candidates"": 8, ""positive"": 8, ""reasons"": [], ""repeated"": 0, ""state"": ""nonzero_structure_gain_available"", ""zero_basis"": false}","{""candidates"": 8, ""positive"": 8, ""reasons"": [], ""repeated"": 0, ""state"": ""nonzero_structure_gain_available"", ""zero_basis"": false}",False,True,True,0,0,return,return,8,8
dev_LOOP_B_b160_n92801__vs__dev_LOOP_G_b160_n92801,152,instance_0001,0.07813043956671784,True,,"[0.16647715780354538, 0.07611861729997633, 0.7164999173640547, 0.040904307532423516]","[0.21424537972216307, 0.08816378207239507, 0.6383694777973369, 0.05922136040810505]","{""candidates"": 8, ""positive"": 6, ""reasons"": [], ""repeated"": 0, ""state"": ""nonzero_structure_gain_available"", ""zero_basis"": false}","{""candidates"": 8, ""positive"": 6, ""reasons"": [], ""repeated"": 0, ""state"": ""nonzero_structure_gain_available"", ""zero_basis"": false}",False,True,True,0,0,return,return,8,8
dev_LOOP_B_b160_n92801__vs__dev_LOOP_G_b160_n92801,153,instance_0000,0.04062575052940942,True,,"[0.8525744637871937, 0.05897196918939086, 0.08845356688587246, 1.3754301665155048e-10]","[0.8119487132577843, 0.06637317218292615, 0.12167811431602434, 2.432652834288367e-10]","{""candidates"": 8, ""positive"": 7, ""reasons"": [], ""repeated"": 0, ""state"": ""nonzero_structure_gain_available"", ""zero_basis"": false}","{""candidates"": 8, ""positive"": 7, ""reasons"": [], ""repeated"": 0, ""state"": ""nonzero_structure_gain_available"", ""zero_basis"": false}",False,True,True,0,0,return,return,7,7
dev_LOOP_B_b160_n92801__vs__dev_LOOP_G_b160_n92801,153,instance_0001,0.07813043956671784,True,,"[0.16647715780354538, 0.07611861729997633, 0.7164999173640547, 0.040904307532423516]","[0.21424537972216307, 0.08816378207239507, 0.6383694777973369, 0.05922136040810505]","{""candidates"": 8, ""positive"": 7, ""reasons"": [], ""repeated"": 0, ""state"": ""nonzero_structure_gain_available"", ""zero_basis"": false}","{""candidates"": 8, ""positive"": 7, ""reasons"": [], ""repeated"": 0, ""state"": ""nonzero_structure_gain_available"", ""zero_basis"": false}",False,True,True,0,0,return,return,7,7
dev_LOOP_B_b160_n92801__vs__dev_LOOP_G_b160_n92801,154,instance_0000,0.04062575052940942,True,,"[0.8525744637871937, 0.05897196918939086, 0.08845356688587246, 1.3754301665155048e-10]","[0.8119487132577843, 0.06637317218292615, 0.12167811431602434, 2.432652834288367e-10]","{""candidates"": 8, ""positive"": 8, ""reasons"": [], ""repeated"": 0, ""state"": ""nonzero_structure_gain_available"", ""zero_basis"": false}","{""candidates"": 8, ""positive"": 8, ""reasons"": [], ""repeated"": 0, ""state"": ""nonzero_structure_gain_available"", ""zero_basis"": false}",False,True,True,0,0,return,return,6,6
dev_LOOP_B_b160_n92801__vs__dev_LOOP_G_b160_n92801,154,instance_0001,0.07813043956671784,True,,"[0.16647715780354538, 0.07611861729997633, 0.7164999173640547, 0.040904307532423516]","[0.21424537972216307, 0.08816378207239507, 0.6383694777973369, 0.05922136040810505]","{""candidates"": 8, ""positive"": 8, ""reasons"": [], ""repeated"": 0, ""state"": ""nonzero_structure_gain_available"", ""zero_basis"": false}","{""candidates"": 8, ""positive"": 8, ""reasons"": [], ""repeated"": 0, ""state"": ""nonzero_structure_gain_available"", ""zero_basis"": false}",False,True,True,0,0,return,return,6,6
dev_LOOP_B_b160_n92801__vs__dev_LOOP_G_b160_n92801,155,instance_0000,0.04062575052940942,True,,"[0.8525744637871937, 0.05897196918939086, 0.08845356688587246, 1.3754301665155048e-10]","[0.8119487132577843, 0.06637317218292615, 0.12167811431602434, 2.432652834288367e-10]","{""candidates"": 8, ""positive"": 8, ""reasons"": [], ""repeated"": 0, ""state"": ""nonzero_structure_gain_available"", ""zero_basis"": false}","{""candidates"": 8, ""positive"": 8, ""reasons"": [], ""repeated"": 0, ""state"": ""nonzero_structure_gain_available"", ""zero_basis"": false}",False,True,True,0,0,return,return,5,5
dev_LOOP_B_b160_n92801__vs__dev_LOOP_G_b160_n92801,155,instance_0001,0.07813043956671784,True,,"[0.16647715780354538, 0.07611861729997633, 0.7164999173640547, 0.040904307532423516]","[0.21424537972216307, 0.08816378207239507, 0.6383694777973369, 0.05922136040810505]","{""candidates"": 8, ""positive"": 8, ""reasons"": [], ""repeated"": 0, ""state"": ""nonzero_structure_gain_available"", ""zero_basis"": false}","{""candidates"": 8, ""positive"": 8, ""reasons"": [], ""repeated"": 0, ""state"": ""nonzero_structure_gain_available"", ""zero_basis"": false}",False,True,True,0,0,return,return,5,5
dev_LOOP_B_b160_n92801__vs__dev_LOOP_G_b160_n92801,156,instance_0000,0.04062575052940942,True,,"[0.8525744637871937, 0.05897196918939086, 0.08845356688587246, 1.3754301665155048e-10]","[0.8119487132577843, 0.06637317218292615, 0.12167811431602434, 2.432652834288367e-10]","{""candidates"": 8, ""positive"": 8, ""reasons"": [], ""repeated"": 0, ""state"": ""nonzero_structure_gain_available"", ""zero_basis"": false}","{""candidates"": 8, ""positive"": 8, ""reasons"": [], ""repeated"": 0, ""state"": ""nonzero_structure_gain_available"", ""zero_basis"": false}",False,True,True,0,0,return,return,4,4
dev_LOOP_B_b160_n92801__vs__dev_LOOP_G_b160_n92801,156,instance_0001,0.07813043956671784,True,,"[0.16647715780354538, 0.07611861729997633, 0.7164999173640547, 0.040904307532423516]","[0.21424537972216307, 0.08816378207239507, 0.6383694777973369, 0.05922136040810505]","{""candidates"": 8, ""positive"": 8, ""reasons"": [], ""repeated"": 0, ""state"": ""nonzero_structure_gain_available"", ""zero_basis"": false}","{""candidates"": 8, ""positive"": 8, ""reasons"": [], ""repeated"": 0, ""state"": ""nonzero_structure_gain_available"", ""zero_basis"": false}",False,True,True,0,0,return,return,4,4
dev_LOOP_B_b160_n92801__vs__dev_LOOP_G_b160_n92801,157,instance_0000,0.04062575052940942,True,,"[0.8525744637871937, 0.05897196918939086, 0.08845356688587246, 1.3754301665155048e-10]","[0.8119487132577843, 0.06637317218292615, 0.12167811431602434, 2.432652834288367e-10]","{""candidates"": 8, ""positive"": 8, ""reasons"": [], ""repeated"": 0, ""state"": ""nonzero_structure_gain_available"", ""zero_basis"": false}","{""candidates"": 8, ""positive"": 8, ""reasons"": [], ""repeated"": 0, ""state"": ""nonzero_structure_gain_available"", ""zero_basis"": false}",False,True,True,0,0,return,return,3,3
dev_LOOP_B_b160_n92801__vs__dev_LOOP_G_b160_n92801,157,instance_0001,0.07813043956671784,True,,"[0.16647715780354538, 0.07611861729997633, 0.7164999173640547, 0.040904307532423516]","[0.21424537972216307, 0.08816378207239507, 0.6383694777973369, 0.05922136040810505]","{""candidates"": 8, ""positive"": 8, ""reasons"": [], ""repeated"": 0, ""state"": ""nonzero_structure_gain_available"", ""zero_basis"": false}","{""candidates"": 8, ""positive"": 8, ""reasons"": [], ""repeated"": 0, ""state"": ""nonzero_structure_gain_available"", ""zero_basis"": false}",False,True,True,0,0,return,return,3,3
dev_LOOP_B_b160_n92801__vs__dev_LOOP_G_b160_n92801,158,instance_0000,0.04062575052940942,True,,"[0.8525744637871937, 0.05897196918939086, 0.08845356688587246, 1.3754301665155048e-10]","[0.8119487132577843, 0.06637317218292615, 0.12167811431602434, 2.432652834288367e-10]","{""candidates"": 8, ""positive"": 8, ""reasons"": [], ""repeated"": 0, ""state"": ""nonzero_structure_gain_available"", ""zero_basis"": false}","{""candidates"": 8, ""positive"": 8, ""reasons"": [], ""repeated"": 0, ""state"": ""nonzero_structure_gain_available"", ""zero_basis"": false}",False,True,True,0,0,return,return,2,2
dev_LOOP_B_b160_n92801__vs__dev_LOOP_G_b160_n92801,158,instance_0001,0.07813043956671784,True,,"[0.16647715780354538, 0.07611861729997633, 0.7164999173640547, 0.040904307532423516]","[0.21424537972216307, 0.08816378207239507, 0.6383694777973369, 0.05922136040810505]","{""candidates"": 8, ""positive"": 8, ""reasons"": [], ""repeated"": 0, ""state"": ""nonzero_structure_gain_available"", ""zero_basis"": false}","{""candidates"": 8, ""positive"": 8, ""reasons"": [], ""repeated"": 0, ""state"": ""nonzero_structure_gain_available"", ""zero_basis"": false}",False,True,True,0,0,return,return,2,2
dev_LOOP_B_b160_n92801__vs__dev_LOOP_G_b160_n92801,159,instance_0000,0.04062575052940942,True,,"[0.8525744637871937, 0.05897196918939086, 0.08845356688587246, 1.3754301665155048e-10]","[0.8119487132577843, 0.06637317218292615, 0.12167811431602434, 2.432652834288367e-10]","{""candidates"": 8, ""positive"": 8, ""reasons"": [], ""repeated"": 0, ""state"": ""nonzero_structure_gain_available"", ""zero_basis"": false}","{""candidates"": 8, ""positive"": 8, ""reasons"": [], ""repeated"": 0, ""state"": ""nonzero_structure_gain_available"", ""zero_basis"": false}",False,True,True,0,0,return,return,1,1
dev_LOOP_B_b160_n92801__vs__dev_LOOP_G_b160_n92801,159,instance_0001,0.07813043956671784,True,,"[0.16647715780354538, 0.07611861729997633, 0.7164999173640547, 0.040904307532423516]","[0.21424537972216307, 0.08816378207239507, 0.6383694777973369, 0.05922136040810505]","{""candidates"": 8, ""positive"": 8, ""reasons"": [], ""repeated"": 0, ""state"": ""nonzero_structure_gain_available"", ""zero_basis"": false}","{""candidates"": 8, ""positive"": 8, ""reasons"": [], ""repeated"": 0, ""state"": ""nonzero_structure_gain_available"", ""zero_basis"": false}",False,True,True,0,0,return,return,1,1
dev_LOOP_B_b160_n92801__vs__dev_LOOP_G_b160_n92801,160,instance_0000,0.0200667832445105,True,,"[0.937237069120559, 0.022905630333119098, 0.039857300508048685, 3.8273167210633e-11]","[0.9171702858760485, 0.026490699948970037, 0.05633901410542453, 6.955690253079316e-11]","{""candidates"": 8, ""positive"": 8, ""reasons"": [], ""repeated"": 0, ""state"": ""nonzero_structure_gain_available"", ""zero_basis"": false}","{""candidates"": 8, ""positive"": 8, ""reasons"": [], ""repeated"": 0, ""state"": ""nonzero_structure_gain_available"", ""zero_basis"": false}",False,True,True,0,0,home_xy_and_yaw_reached,home_xy_and_yaw_reached,0,0
dev_LOOP_B_b160_n92801__vs__dev_LOOP_G_b160_n92801,160,instance_0001,0.07813043956671784,True,,"[0.16647715780354538, 0.07611861729997633, 0.7164999173640547, 0.040904307532423516]","[0.21424537972216307, 0.08816378207239507, 0.6383694777973369, 0.05922136040810505]","{""candidates"": 8, ""positive"": 8, ""reasons"": [], ""repeated"": 0, ""state"": ""nonzero_structure_gain_available"", ""zero_basis"": false}","{""candidates"": 8, ""positive"": 8, ""reasons"": [], ""repeated"": 0, ""state"": ""nonzero_structure_gain_available"", ""zero_basis"": false}",False,True,True,0,0,home_xy_and_yaw_reached,home_xy_and_yaw_reached,0,0
dev_LOOP_B_b160_n92801__vs__dev_LOOP_NBV_b160_n92801,2,instance_0000,0.07500000000000001,True,,"[0.325, 0.275, 0.225, 0.175]","[0.25, 0.25, 0.25, 0.25]","{""candidates"": 0, ""reasons"": [], ""state"": ""no_forecast_record"", ""zero_basis"": null}","{""candidates"": 0, ""reasons"": [], ""state"": ""no_forecast_record"", ""zero_basis"": null}",False,False,False,0,0,upstream_goal_with_paid_return_reserve,upstream_goal_with_paid_return_reserve,,
dev_LOOP_B_b160_n92801__vs__dev_LOOP_NBV_b160_n92801,3,instance_0000,0.07500000000000001,True,,"[0.325, 0.275, 0.225, 0.175]","[0.25, 0.25, 0.25, 0.25]","{""candidates"": 0, ""reasons"": [], ""state"": ""no_forecast_record"", ""zero_basis"": null}","{""candidates"": 0, ""reasons"": [], ""state"": ""no_forecast_record"", ""zero_basis"": null}",False,False,False,0,0,upstream_goal_with_paid_return_reserve,upstream_goal_with_paid_return_reserve,,
dev_LOOP_B_b160_n92801__vs__dev_LOOP_NBV_b160_n92801,4,instance_0000,0.07895876708412863,True,,"[0.666967283996066, 0.1307512581319975, 0.15235190724155928, 0.049929550630377205]","[0.5880085169119373, 0.13623090093484463, 0.19401165632360323, 0.08174892582961492]","{""candidates"": 0, ""reasons"": [], ""state"": ""no_forecast_record"", ""zero_basis"": null}","{""candidates"": 0, ""reasons"": [], ""state"": ""no_forecast_record"", ""zero_basis"": null}",False,False,False,0,0,upstream_goal_with_paid_return_reserve,upstream_goal_with_paid_return_reserve,,
dev_LOOP_B_b160_n92801__vs__dev_LOOP_NBV_b160_n92801,5,instance_0000,0.05064784968759406,True,,"[0.8251585251466257, 0.06631880389919563, 0.09615749122692353, 0.01236517972725518]","[0.7745106754590316, 0.07356603835918689, 0.13036889488408676, 0.02155439129769477]","{""candidates"": 0, ""reasons"": [], ""state"": ""no_forecast_record"", ""zero_basis"": null}","{""candidates"": 0, ""reasons"": [], ""state"": ""no_forecast_record"", ""zero_basis"": null}",False,False,False,0,0,upstream_goal_with_paid_return_reserve,upstream_goal_with_paid_return_reserve,,
dev_LOOP_B_b160_n92801__vs__dev_LOOP_NBV_b160_n92801,6,instance_0000,0.04281802391960965,True,,"[0.8493480944759533, 0.05874880351917961, 0.08811883498174922, 0.0037842670231179715]","[0.8065300705563436, 0.06593022240155702, 0.12086607999008991, 0.006673627052009475]","{""candidates"": 0, ""reasons"": [], ""state"": ""no_forecast_record"", ""zero_basis"": null}","{""candidates"": 0, ""reasons"": [], ""state"": ""no_forecast_record"", ""zero_basis"": null}",False,False,False,0,0,upstream_goal_with_paid_return_reserve,upstream_goal_with_paid_return_reserve,,
dev_LOOP_B_b160_n92801__vs__dev_LOOP_NBV_b160_n92801,7,instance_0000,0.04120231733569579,True,,"[0.8517304077250752, 0.058913586431985396, 0.08836599709283124, 0.0009900087501081801]","[0.8105280903893795, 0.06625704262361778, 0.12146522068252356, 0.0017496463044792507]","{""candidates"": 0, ""reasons"": [], ""state"": ""no_forecast_record"", ""zero_basis"": null}","{""candidates"": 0, ""reasons"": [], ""state"": ""no_forecast_record"", ""zero_basis"": null}",False,False,False,0,0,upstream_goal_with_paid_return_reserve,upstream_goal_with_paid_return_reserve,,
dev_LOOP_B_b160_n92801__vs__dev_LOOP_NBV_b160_n92801,8,instance_0000,0.04089026108863725,True,,"[0.8521876304014477, 0.05894521219926906, 0.0884134333911302, 0.0004537240081530188]","[0.8112973693128105, 0.06631992773151665, 0.1215805043294556, 0.0008021986262172964]","{""candidates"": 0, ""reasons"": [], ""state"": ""no_forecast_record"", ""zero_basis"": null}","{""candidates"": 0, ""reasons"": [], ""state"": ""no_forecast_record"", ""zero_basis"": null}",False,False,False,0,0,upstream_goal_with_paid_return_reserve,upstream_goal_with_paid_return_reserve,,
dev_LOOP_B_b160_n92801__vs__dev_LOOP_NBV_b160_n92801,9,instance_0000,0.04089026108863725,True,,"[0.8521876304014477, 0.05894521219926906, 0.0884134333911302, 0.0004537240081530188]","[0.8112973693128105, 0.06631992773151665, 0.1215805043294556, 0.0008021986262172964]","{""candidates"": 0, ""reasons"": [], ""state"": ""no_forecast_record"", ""zero_basis"": null}","{""candidates"": 0, ""reasons"": [], ""state"": ""no_forecast_record"", ""zero_basis"": null}",False,False,False,0,0,upstream_goal_with_paid_return_reserve,upstream_goal_with_paid_return_reserve,,
dev_LOOP_B_b160_n92801__vs__dev_LOOP_NBV_b160_n92801,10,instance_0000,0.04089026108863725,True,,"[0.8521876304014477, 0.05894521219926906, 0.0884134333911302, 0.0004537240081530188]","[0.8112973693128105, 0.06631992773151665, 0.1215805043294556, 0.0008021986262172964]","{""candidates"": 0, ""reasons"": [], ""state"": ""no_forecast_record"", ""zero_basis"": null}","{""candidates"": 0, ""reasons"": [], ""state"": ""no_forecast_record"", ""zero_basis"": null}",False,False,False,0,0,upstream_goal_with_paid_return_reserve,upstream_goal_with_paid_return_reserve,,
dev_LOOP_B_b160_n92801__vs__dev_LOOP_NBV_b160_n92801,10,instance_0001,0.07500000000000001,True,,"[0.225, 0.25, 0.325, 0.19999999999999996]","[0.25, 0.25, 0.25, 0.25]","{""candidates"": 0, ""reasons"": [], ""state"": ""no_forecast_record"", ""zero_basis"": null}","{""candidates"": 0, ""reasons"": [], ""state"": ""no_forecast_record"", ""zero_basis"": null}",False,False,False,0,0,upstream_goal_with_paid_return_reserve,upstream_goal_with_paid_return_reserve,,
dev_LOOP_B_b160_n92801__vs__dev_LOOP_NBV_b160_n92801,11,instance_0000,0.04089026108863725,True,,"[0.8521876304014477, 0.05894521219926906, 0.0884134333911302, 0.0004537240081530188]","[0.8112973693128105, 0.06631992773151665, 0.1215805043294556, 0.0008021986262172964]","{""candidates"": 0, ""reasons"": [], ""state"": ""no_forecast_record"", ""zero_basis"": null}","{""candidates"": 0, ""reasons"": [], ""state"": ""no_forecast_record"", ""zero_basis"": null}",False,False,False,0,0,upstream_goal_with_paid_return_reserve,upstream_goal_with_paid_return_reserve,,
dev_LOOP_B_b160_n92801__vs__dev_LOOP_NBV_b160_n92801,12,instance_0000,0.04089026108863725,True,,"[0.8521876304014477, 0.05894521219926906, 0.0884134333911302, 0.0004537240081530188]","[0.8112973693128105, 0.06631992773151665, 0.1215805043294556, 0.0008021986262172964]","{""candidates"": 0, ""reasons"": [], ""state"": ""no_forecast_record"", ""zero_basis"": null}","{""candidates"": 0, ""reasons"": [], ""state"": ""no_forecast_record"", ""zero_basis"": null}",False,False,False,0,0,upstream_goal_with_paid_return_reserve,upstream_goal_with_paid_return_reserve,,
dev_LOOP_B_b160_n92801__vs__dev_LOOP_NBV_b160_n92801,14,instance_0000,0.04089026108863725,True,,"[0.8521876304014477, 0.05894521219926906, 0.0884134333911302, 0.0004537240081530188]","[0.8112973693128105, 0.06631992773151665, 0.1215805043294556, 0.0008021986262172964]","{""candidates"": 0, ""reasons"": [], ""state"": ""no_forecast_record"", ""zero_basis"": null}","{""candidates"": 0, ""reasons"": [], ""state"": ""no_forecast_record"", ""zero_basis"": null}",False,False,False,0,0,upstream_goal_with_paid_return_reserve,upstream_goal_with_paid_return_reserve,,
dev_LOOP_B_b160_n92801__vs__dev_LOOP_NBV_b160_n92801,14,instance_0001,0.07500000000000001,True,,"[0.225, 0.25, 0.325, 0.19999999999999996]","[0.25, 0.25, 0.25, 0.25]","{""candidates"": 0, ""reasons"": [], ""state"": ""no_forecast_record"", ""zero_basis"": null}","{""candidates"": 0, ""reasons"": [], ""state"": ""no_forecast_record"", ""zero_basis"": null}",False,False,False,0,0,upstream_goal_with_paid_return_reserve,upstream_goal_with_paid_return_reserve,,
dev_LOOP_B_b160_n92801__vs__dev_LOOP_NBV_b160_n92801,19,instance_0000,0.04066241328043463,True,,"[0.8525208859955835, 0.05896826325165721, 0.08844800825495502, 6.284249780430435e-05]","[0.8118584727151489, 0.06636579542257612, 0.12166459092608178, 0.000111140936193277]","{""candidates"": 0, ""reasons"": [], ""state"": ""no_forecast_record"", ""zero_basis"": null}","{""candidates"": 0, ""reasons"": [], ""state"": ""no_forecast_record"", ""zero_basis"": null}",False,False,False,0,0,upstream_goal_with_paid_return_reserve,upstream_goal_with_paid_return_reserve,,
dev_LOOP_B_b160_n92801__vs__dev_LOOP_NBV_b160_n92801,20,instance_0000,0.04063157792994043,True,,"[0.8525659486587659, 0.058971380204014656, 0.08845268345162251, 9.987685597033084e-06]","[0.8119343707288255, 0.06637199974539582, 0.12167596495381738, 1.766457196139716e-05]","{""candidates"": 0, ""reasons"": [], ""state"": ""no_forecast_record"", ""zero_basis"": null}","{""candidates"": 0, ""reasons"": [], ""state"": ""no_forecast_record"", ""zero_basis"": null}",False,False,False,0,0,upstream_goal_with_paid_return_reserve,upstream_goal_with_paid_return_reserve,,
dev_LOOP_B_b160_n92801__vs__dev_LOOP_NBV_b160_n92801,21,instance_0000,0.04063157792994043,True,,"[0.8525659486587659, 0.058971380204014656, 0.08845268345162251, 9.987685597033084e-06]","[0.8119343707288255, 0.06637199974539582, 0.12167596495381738, 1.766457196139716e-05]","{""candidates"": 0, ""reasons"": [], ""state"": ""no_forecast_record"", ""zero_basis"": null}","{""candidates"": 0, ""reasons"": [], ""state"": ""no_forecast_record"", ""zero_basis"": null}",False,False,False,0,0,upstream_goal_with_paid_return_reserve,upstream_goal_with_paid_return_reserve,,
dev_LOOP_B_b160_n92801__vs__dev_LOOP_NBV_b160_n92801,22,instance_0000,0.04063157792994043,True,,"[0.8525659486587659, 0.058971380204014656, 0.08845268345162251, 9.987685597033084e-06]","[0.8119343707288255, 0.06637199974539582, 0.12167596495381738, 1.766457196139716e-05]","{""candidates"": 0, ""reasons"": [], ""state"": ""no_forecast_record"", ""zero_basis"": null}","{""candidates"": 0, ""reasons"": [], ""state"": ""no_forecast_record"", ""zero_basis"": null}",False,False,False,0,0,upstream_goal_with_paid_return_reserve,upstream_goal_with_paid_return_reserve,,
dev_LOOP_B_b160_n92801__vs__dev_LOOP_NBV_b160_n92801,23,instance_0000,0.04063157792994043,True,,"[0.8525659486587659, 0.058971380204014656, 0.08845268345162251, 9.987685597033084e-06]","[0.8119343707288255, 0.06637199974539582, 0.12167596495381738, 1.766457196139716e-05]","{""candidates"": 0, ""reasons"": [], ""state"": ""no_forecast_record"", ""zero_basis"": null}","{""candidates"": 0, ""reasons"": [], ""state"": ""no_forecast_record"", ""zero_basis"": null}",False,False,False,0,0,upstream_goal_with_paid_return_reserve,upstream_goal_with_paid_return_reserve,,
dev_LOOP_B_b160_n92801__vs__dev_LOOP_NBV_b160_n92801,24,instance_0000,0.04063157792994043,True,,"[0.8525659486587659, 0.058971380204014656, 0.08845268345162251, 9.987685597033084e-06]","[0.8119343707288255, 0.06637199974539582, 0.12167596495381738, 1.766457196139716e-05]","{""candidates"": 0, ""reasons"": [], ""state"": ""no_forecast_record"", ""zero_basis"": null}","{""candidates"": 0, ""reasons"": [], ""state"": ""no_forecast_record"", ""zero_basis"": null}",False,False,False,0,0,upstream_goal_with_paid_return_reserve,upstream_goal_with_paid_return_reserve,,
dev_LOOP_B_b160_n92801__vs__dev_LOOP_NBV_b160_n92801,25,instance_0000,0.04063157792994043,True,,"[0.8525659486587659, 0.058971380204014656, 0.08845268345162251, 9.987685597033084e-06]","[0.8119343707288255, 0.06637199974539582, 0.12167596495381738, 1.766457196139716e-05]","{""candidates"": 0, ""reasons"": [], ""state"": ""no_forecast_record"", ""zero_basis"": null}","{""candidates"": 0, ""reasons"": [], ""state"": ""no_forecast_record"", ""zero_basis"": null}",False,False,False,0,0,upstream_goal_with_paid_return_reserve,upstream_goal_with_paid_return_reserve,,
dev_LOOP_B_b160_n92801__vs__dev_LOOP_NBV_b160_n92801,26,instance_0000,0.04063157792994043,True,,"[0.8525659486587659, 0.058971380204014656, 0.08845268345162251, 9.987685597033084e-06]","[0.8119343707288255, 0.06637199974539582, 0.12167596495381738, 1.766457196139716e-05]","{""candidates"": 0, ""reasons"": [], ""state"": ""no_forecast_record"", ""zero_basis"": null}","{""candidates"": 0, ""reasons"": [], ""state"": ""no_forecast_record"", ""zero_basis"": null}",False,False,False,0,0,upstream_goal_with_paid_return_reserve,upstream_goal_with_paid_return_reserve,,
dev_LOOP_B_b160_n92801__vs__dev_LOOP_NBV_b160_n92801,27,instance_0000,0.04063157792994043,True,,"[0.8525659486587659, 0.058971380204014656, 0.08845268345162251, 9.987685597033084e-06]","[0.8119343707288255, 0.06637199974539582, 0.12167596495381738, 1.766457196139716e-05]","{""candidates"": 0, ""reasons"": [], ""state"": ""no_forecast_record"", ""zero_basis"": null}","{""candidates"": 0, ""reasons"": [], ""state"": ""no_forecast_record"", ""zero_basis"": null}",False,False,False,0,0,upstream_goal_with_paid_return_reserve,upstream_goal_with_paid_return_reserve,,
dev_LOOP_B_b160_n92801__vs__dev_LOOP_NBV_b160_n92801,28,instance_0000,0.04063157792994043,True,,"[0.8525659486587659, 0.058971380204014656, 0.08845268345162251, 9.987685597033084e-06]","[0.8119343707288255, 0.06637199974539582, 0.12167596495381738, 1.766457196139716e-05]","{""candidates"": 8, ""positive"": 4, ""reasons"": [], ""repeated"": 0, ""state"": ""nonzero_structure_gain_available"", ""zero_basis"": false}","{""candidates"": 8, ""positive"": 4, ""reasons"": [], ""repeated"": 0, ""state"": ""nonzero_structure_gain_available"", ""zero_basis"": false}",False,True,True,34,32,upstream_goal_with_paid_return_reserve,upstream_goal_with_paid_return_reserve,132,132
dev_LOOP_B_b160_n92801__vs__dev_LOOP_NBV_b160_n92801,29,instance_0000,0.04063157792994043,True,,"[0.8525659486587659, 0.058971380204014656, 0.08845268345162251, 9.987685597033084e-06]","[0.8119343707288255, 0.06637199974539582, 0.12167596495381738, 1.766457196139716e-05]","{""candidates"": 0, ""reasons"": [], ""state"": ""no_forecast_record"", ""zero_basis"": null}","{""candidates"": 0, ""reasons"": [], ""state"": ""no_forecast_record"", ""zero_basis"": null}",False,False,False,0,0,upstream_goal_with_paid_return_reserve,upstream_goal_with_paid_return_reserve,,
dev_LOOP_B_b160_n92801__vs__dev_LOOP_NBV_b160_n92801,30,instance_0000,0.04063157792994043,True,,"[0.8525659486587659, 0.058971380204014656, 0.08845268345162251, 9.987685597033084e-06]","[0.8119343707288255, 0.06637199974539582, 0.12167596495381738, 1.766457196139716e-05]","{""candidates"": 0, ""reasons"": [], ""state"": ""no_forecast_record"", ""zero_basis"": null}","{""candidates"": 0, ""reasons"": [], ""state"": ""no_forecast_record"", ""zero_basis"": null}",False,False,False,0,0,upstream_goal_with_paid_return_reserve,upstream_goal_with_paid_return_reserve,,
dev_LOOP_B_b160_n92801__vs__dev_LOOP_NBV_b160_n92801,31,instance_0000,0.04063157792994043,True,,"[0.8525659486587659, 0.058971380204014656, 0.08845268345162251, 9.987685597033084e-06]","[0.8119343707288255, 0.06637199974539582, 0.12167596495381738, 1.766457196139716e-05]","{""candidates"": 0, ""reasons"": [], ""state"": ""no_forecast_record"", ""zero_basis"": null}","{""candidates"": 0, ""reasons"": [], ""state"": ""no_forecast_record"", ""zero_basis"": null}",False,False,False,0,0,upstream_goal_with_paid_return_reserve,upstream_goal_with_paid_return_reserve,,
dev_LOOP_B_b160_n92801__vs__dev_LOOP_NBV_b160_n92801,32,instance_0000,0.04063157792994043,True,,"[0.8525659486587659, 0.058971380204014656, 0.08845268345162251, 9.987685597033084e-06]","[0.8119343707288255, 0.06637199974539582, 0.12167596495381738, 1.766457196139716e-05]","{""candidates"": 0, ""reasons"": [], ""state"": ""no_forecast_record"", ""zero_basis"": null}","{""candidates"": 0, ""reasons"": [], ""state"": ""no_forecast_record"", ""zero_basis"": null}",False,False,False,0,0,upstream_goal_with_paid_return_reserve,upstream_goal_with_paid_return_reserve,,
dev_LOOP_B_b160_n92801__vs__dev_LOOP_NBV_b160_n92801,33,instance_0000,0.04063157792994043,True,,"[0.8525659486587659, 0.058971380204014656, 0.08845268345162251, 9.987685597033084e-06]","[0.8119343707288255, 0.06637199974539582, 0.12167596495381738, 1.766457196139716e-05]","{""candidates"": 0, ""reasons"": [], ""state"": ""no_forecast_record"", ""zero_basis"": null}","{""candidates"": 0, ""reasons"": [], ""state"": ""no_forecast_record"", ""zero_basis"": null}",False,False,False,0,0,upstream_goal_with_paid_return_reserve,upstream_goal_with_paid_return_reserve,,
dev_LOOP_B_b160_n92801__vs__dev_LOOP_NBV_b160_n92801,34,instance_0000,0.04063157792994043,True,,"[0.8525659486587659, 0.058971380204014656, 0.08845268345162251, 9.987685597033084e-06]","[0.8119343707288255, 0.06637199974539582, 0.12167596495381738, 1.766457196139716e-05]","{""candidates"": 0, ""reasons"": [], ""state"": ""no_forecast_record"", ""zero_basis"": null}","{""candidates"": 0, ""reasons"": [], ""state"": ""no_forecast_record"", ""zero_basis"": null}",False,False,False,0,0,upstream_goal_with_paid_return_reserve,upstream_goal_with_paid_return_reserve,,
dev_LOOP_B_b160_n92801__vs__dev_LOOP_NBV_b160_n92801,35,instance_0000,0.04063157792994043,True,,"[0.8525659486587659, 0.058971380204014656, 0.08845268345162251, 9.987685597033084e-06]","[0.8119343707288255, 0.06637199974539582, 0.12167596495381738, 1.766457196139716e-05]","{""candidates"": 0, ""reasons"": [], ""state"": ""no_forecast_record"", ""zero_basis"": null}","{""candidates"": 0, ""reasons"": [], ""state"": ""no_forecast_record"", ""zero_basis"": null}",False,False,False,0,0,upstream_goal_with_paid_return_reserve,upstream_goal_with_paid_return_reserve,,
dev_LOOP_B_b160_n92801__vs__dev_LOOP_NBV_b160_n92801,36,instance_0000,0.04063157792994043,True,,"[0.8525659486587659, 0.058971380204014656, 0.08845268345162251, 9.987685597033084e-06]","[0.8119343707288255, 0.06637199974539582, 0.12167596495381738, 1.766457196139716e-05]","{""candidates"": 0, ""reasons"": [], ""state"": ""no_forecast_record"", ""zero_basis"": null}","{""candidates"": 0, ""reasons"": [], ""state"": ""no_forecast_record"", ""zero_basis"": null}",False,False,False,0,0,upstream_goal_with_paid_return_reserve,upstream_goal_with_paid_return_reserve,,
dev_LOOP_B_b160_n92801__vs__dev_LOOP_NBV_b160_n92801,37,instance_0000,0.04063157792994043,True,,"[0.8525659486587659, 0.058971380204014656, 0.08845268345162251, 9.987685597033084e-06]","[0.8119343707288255, 0.06637199974539582, 0.12167596495381738, 1.766457196139716e-05]","{""candidates"": 0, ""reasons"": [], ""state"": ""no_forecast_record"", ""zero_basis"": null}","{""candidates"": 0, ""reasons"": [], ""state"": ""no_forecast_record"", ""zero_basis"": null}",False,False,False,0,0,upstream_goal_with_paid_return_reserve,upstream_goal_with_paid_return_reserve,,
dev_LOOP_B_b160_n92801__vs__dev_LOOP_NBV_b160_n92801,38,instance_0000,0.04063157792994043,True,,"[0.8525659486587659, 0.058971380204014656, 0.08845268345162251, 9.987685597033084e-06]","[0.8119343707288255, 0.06637199974539582, 0.12167596495381738, 1.766457196139716e-05]","{""candidates"": 8, ""positive"": 7, ""reasons"": [], ""repeated"": 0, ""state"": ""nonzero_structure_gain_available"", ""zero_basis"": false}","{""candidates"": 8, ""positive"": 7, ""reasons"": [], ""repeated"": 0, ""state"": ""nonzero_structure_gain_available"", ""zero_basis"": false}",False,True,True,38,32,upstream_goal_with_paid_return_reserve,upstream_goal_with_paid_return_reserve,122,122
dev_LOOP_B_b160_n92801__vs__dev_LOOP_NBV_b160_n92801,39,instance_0000,0.04063157792994043,True,,"[0.8525659486587659, 0.058971380204014656, 0.08845268345162251, 9.987685597033084e-06]","[0.8119343707288255, 0.06637199974539582, 0.12167596495381738, 1.766457196139716e-05]","{""candidates"": 0, ""reasons"": [], ""state"": ""no_forecast_record"", ""zero_basis"": null}","{""candidates"": 0, ""reasons"": [], ""state"": ""no_forecast_record"", ""zero_basis"": null}",False,False,False,0,0,upstream_goal_with_paid_return_reserve,upstream_goal_with_paid_return_reserve,,
dev_LOOP_B_b160_n92801__vs__dev_LOOP_NBV_b160_n92801,40,instance_0000,0.04063157792994043,True,,"[0.8525659486587659, 0.058971380204014656, 0.08845268345162251, 9.987685597033084e-06]","[0.8119343707288255, 0.06637199974539582, 0.12167596495381738, 1.766457196139716e-05]","{""candidates"": 0, ""reasons"": [], ""state"": ""no_forecast_record"", ""zero_basis"": null}","{""candidates"": 0, ""reasons"": [], ""state"": ""no_forecast_record"", ""zero_basis"": null}",False,False,False,0,0,upstream_goal_with_paid_return_reserve,upstream_goal_with_paid_return_reserve,,
dev_LOOP_B_b160_n92801__vs__dev_LOOP_NBV_b160_n92801,41,instance_0000,0.04063157792994043,True,,"[0.8525659486587659, 0.058971380204014656, 0.08845268345162251, 9.987685597033084e-06]","[0.8119343707288255, 0.06637199974539582, 0.12167596495381738, 1.766457196139716e-05]","{""candidates"": 0, ""reasons"": [], ""state"": ""no_forecast_record"", ""zero_basis"": null}","{""candidates"": 0, ""reasons"": [], ""state"": ""no_forecast_record"", ""zero_basis"": null}",False,False,False,0,0,upstream_goal_with_paid_return_reserve,upstream_goal_with_paid_return_reserve,,
dev_LOOP_B_b160_n92801__vs__dev_LOOP_NBV_b160_n92801,42,instance_0000,0.04063157792994043,True,,"[0.8525659486587659, 0.058971380204014656, 0.08845268345162251, 9.987685597033084e-06]","[0.8119343707288255, 0.06637199974539582, 0.12167596495381738, 1.766457196139716e-05]","{""candidates"": 0, ""reasons"": [], ""state"": ""no_forecast_record"", ""zero_basis"": null}","{""candidates"": 0, ""reasons"": [], ""state"": ""no_forecast_record"", ""zero_basis"": null}",False,False,False,0,0,upstream_goal_with_paid_return_reserve,upstream_goal_with_paid_return_reserve,,
dev_LOOP_B_b160_n92801__vs__dev_LOOP_NBV_b160_n92801,43,instance_0000,0.04063157792994043,True,,"[0.8525659486587659, 0.058971380204014656, 0.08845268345162251, 9.987685597033084e-06]","[0.8119343707288255, 0.06637199974539582, 0.12167596495381738, 1.766457196139716e-05]","{""candidates"": 8, ""positive"": 7, ""reasons"": [], ""repeated"": 0, ""state"": ""nonzero_structure_gain_available"", ""zero_basis"": false}","{""candidates"": 8, ""positive"": 7, ""reasons"": [], ""repeated"": 0, ""state"": ""nonzero_structure_gain_available"", ""zero_basis"": false}",False,True,True,38,32,upstream_goal_with_paid_return_reserve,upstream_goal_with_paid_return_reserve,117,117
dev_LOOP_B_b160_n92801__vs__dev_LOOP_NBV_b160_n92801,44,instance_0000,0.04063157792994043,True,,"[0.8525659486587659, 0.058971380204014656, 0.08845268345162251, 9.987685597033084e-06]","[0.8119343707288255, 0.06637199974539582, 0.12167596495381738, 1.766457196139716e-05]","{""candidates"": 0, ""reasons"": [], ""state"": ""no_forecast_record"", ""zero_basis"": null}","{""candidates"": 0, ""reasons"": [], ""state"": ""no_forecast_record"", ""zero_basis"": null}",False,False,False,0,0,upstream_goal_with_paid_return_reserve,upstream_goal_with_paid_return_reserve,,
dev_LOOP_B_b160_n92801__vs__dev_LOOP_NBV_b160_n92801,45,instance_0000,0.04063157792994043,True,,"[0.8525659486587659, 0.058971380204014656, 0.08845268345162251, 9.987685597033084e-06]","[0.8119343707288255, 0.06637199974539582, 0.12167596495381738, 1.766457196139716e-05]","{""candidates"": 8, ""positive"": 7, ""reasons"": [], ""repeated"": 0, ""state"": ""nonzero_structure_gain_available"", ""zero_basis"": false}","{""candidates"": 8, ""positive"": 7, ""reasons"": [], ""repeated"": 0, ""state"": ""nonzero_structure_gain_available"", ""zero_basis"": false}",False,True,True,38,32,upstream_goal_with_paid_return_reserve,upstream_goal_with_paid_return_reserve,115,115
dev_LOOP_B_b160_n92801__vs__dev_LOOP_NBV_b160_n92801,46,instance_0000,0.04063157792994043,True,,"[0.8525659486587659, 0.058971380204014656, 0.08845268345162251, 9.987685597033084e-06]","[0.8119343707288255, 0.06637199974539582, 0.12167596495381738, 1.766457196139716e-05]","{""candidates"": 0, ""reasons"": [], ""state"": ""no_forecast_record"", ""zero_basis"": null}","{""candidates"": 0, ""reasons"": [], ""state"": ""no_forecast_record"", ""zero_basis"": null}",False,False,False,0,0,upstream_goal_with_paid_return_reserve,upstream_goal_with_paid_return_reserve,,
dev_LOOP_B_b160_n92801__vs__dev_LOOP_NBV_b160_n92801,47,instance_0000,0.04062640205084844,True,,"[0.8525735117854232, 0.05897190334010559, 0.08845346811684304, 1.1167576282035497e-06]","[0.8119471097345747, 0.06637304110208284, 0.12167787401306285, 1.975150279456421e-06]","{""candidates"": 0, ""reasons"": [], ""state"": ""no_forecast_record"", ""zero_basis"": null}","{""candidates"": 0, ""reasons"": [], ""state"": ""no_forecast_record"", ""zero_basis"": null}",False,False,False,0,0,upstream_goal_with_paid_return_reserve,upstream_goal_with_paid_return_reserve,,
dev_LOOP_B_b160_n92801__vs__dev_LOOP_NBV_b160_n92801,48,instance_0000,0.04062640205084844,True,,"[0.8525735117854232, 0.05897190334010559, 0.08845346811684304, 1.1167576282035497e-06]","[0.8119471097345747, 0.06637304110208284, 0.12167787401306285, 1.975150279456421e-06]","{""candidates"": 0, ""reasons"": [], ""state"": ""no_forecast_record"", ""zero_basis"": null}","{""candidates"": 0, ""reasons"": [], ""state"": ""no_forecast_record"", ""zero_basis"": null}",False,False,False,0,0,upstream_goal_with_paid_return_reserve,upstream_goal_with_paid_return_reserve,,
dev_LOOP_B_b160_n92801__vs__dev_LOOP_NBV_b160_n92801,49,instance_0000,0.04062640205084844,True,,"[0.8525735117854232, 0.05897190334010559, 0.08845346811684304, 1.1167576282035497e-06]","[0.8119471097345747, 0.06637304110208284, 0.12167787401306285, 1.975150279456421e-06]","{""candidates"": 0, ""reasons"": [], ""state"": ""no_forecast_record"", ""zero_basis"": null}","{""candidates"": 0, ""reasons"": [], ""state"": ""no_forecast_record"", ""zero_basis"": null}",False,False,False,0,0,upstream_goal_with_paid_return_reserve,upstream_goal_with_paid_return_reserve,,
dev_LOOP_B_b160_n92801__vs__dev_LOOP_NBV_b160_n92801,50,instance_0000,0.04062640205084844,True,,"[0.8525735117854232, 0.05897190334010559, 0.08845346811684304, 1.1167576282035497e-06]","[0.8119471097345747, 0.06637304110208284, 0.12167787401306285, 1.975150279456421e-06]","{""candidates"": 0, ""reasons"": [], ""state"": ""no_forecast_record"", ""zero_basis"": null}","{""candidates"": 0, ""reasons"": [], ""state"": ""no_forecast_record"", ""zero_basis"": null}",False,False,False,0,0,upstream_goal_with_paid_return_reserve,upstream_goal_with_paid_return_reserve,,
dev_LOOP_B_b160_n92801__vs__dev_LOOP_NBV_b160_n92801,51,instance_0000,0.040626414372527786,True,,"[0.8525734937809719, 0.058971902094750506, 0.08845346624890306, 1.1378753745366282e-06]","[0.8119470794084441, 0.06637303862305739, 0.12167786946840826, 2.012500090226995e-06]","{""candidates"": 0, ""reasons"": [], ""state"": ""no_forecast_record"", ""zero_basis"": null}","{""candidates"": 0, ""reasons"": [], ""state"": ""no_forecast_record"", ""zero_basis"": null}",False,False,False,0,0,upstream_goal_with_paid_return_reserve,upstream_goal_with_paid_return_reserve,,
dev_LOOP_B_b160_n92801__vs__dev_LOOP_NBV_b160_n92801,52,instance_0000,0.040626414372527786,True,,"[0.8525734937809719, 0.058971902094750506, 0.08845346624890306, 1.1378753745366282e-06]","[0.8119470794084441, 0.06637303862305739, 0.12167786946840826, 2.012500090226995e-06]","{""candidates"": 8, ""positive"": 6, ""reasons"": [], ""repeated"": 0, ""state"": ""nonzero_structure_gain_available"", ""zero_basis"": false}","{""candidates"": 8, ""positive"": 6, ""reasons"": [], ""repeated"": 0, ""state"": ""nonzero_structure_gain_available"", ""zero_basis"": false}",False,True,True,37,32,upstream_goal_with_paid_return_reserve,upstream_goal_with_paid_return_reserve,108,108
dev_LOOP_B_b160_n92801__vs__dev_LOOP_NBV_b160_n92801,53,instance_0000,0.04062611030888286,True,,"[0.8525739380786731, 0.05897193282650644, 0.08845351234425083, 6.167505696174834e-07]","[0.8119478277697902, 0.066373099798247, 0.12167798161736047, 1.090814602336966e-06]","{""candidates"": 0, ""reasons"": [], ""state"": ""no_forecast_record"", ""zero_basis"": null}","{""candidates"": 0, ""reasons"": [], ""state"": ""no_forecast_record"", ""zero_basis"": null}",False,False,False,0,0,upstream_goal_with_paid_return_reserve,upstream_goal_with_paid_return_reserve,,
dev_LOOP_B_b160_n92801__vs__dev_LOOP_NBV_b160_n92801,54,instance_0000,0.04062611030888286,True,,"[0.8525739380786731, 0.05897193282650644, 0.08845351234425083, 6.167505696174834e-07]","[0.8119478277697902, 0.066373099798247, 0.12167798161736047, 1.090814602336966e-06]","{""candidates"": 8, ""positive"": 6, ""reasons"": [], ""repeated"": 0, ""state"": ""nonzero_structure_gain_available"", ""zero_basis"": false}","{""candidates"": 8, ""positive"": 6, ""reasons"": [], ""repeated"": 0, ""state"": ""nonzero_structure_gain_available"", ""zero_basis"": false}",False,True,True,37,32,upstream_goal_with_paid_return_reserve,upstream_goal_with_paid_return_reserve,106,106
dev_LOOP_B_b160_n92801__vs__dev_LOOP_NBV_b160_n92801,55,instance_0000,0.04062592608688864,True,,"[0.8525742072633665, 0.05897195144582021, 0.08845354027183641, 3.0101897684837525e-07]","[0.8119482811764779, 0.06637313686221381, 0.12167804956459642, 5.323967117176383e-07]","{""candidates"": 0, ""reasons"": [], ""state"": ""no_forecast_record"", ""zero_basis"": null}","{""candidates"": 0, ""reasons"": [], ""state"": ""no_forecast_record"", ""zero_basis"": null}",False,False,False,0,0,upstream_goal_with_paid_return_reserve,upstream_goal_with_paid_return_reserve,,
dev_LOOP_B_b160_n92801__vs__dev_LOOP_NBV_b160_n92801,56,instance_0000,0.04062592608688864,True,,"[0.8525742072633665, 0.05897195144582021, 0.08845354027183641, 3.0101897684837525e-07]","[0.8119482811764779, 0.06637313686221381, 0.12167804956459642, 5.323967117176383e-07]","{""candidates"": 8, ""positive"": 5, ""reasons"": [], ""repeated"": 0, ""state"": ""nonzero_structure_gain_available"", ""zero_basis"": false}","{""candidates"": 8, ""positive"": 5, ""reasons"": [], ""repeated"": 0, ""state"": ""nonzero_structure_gain_available"", ""zero_basis"": false}",False,True,True,36,32,upstream_goal_with_paid_return_reserve,upstream_goal_with_paid_return_reserve,104,104
dev_LOOP_B_b160_n92801__vs__dev_LOOP_NBV_b160_n92801,57,instance_0000,0.04062592608688864,True,,"[0.8525742072633665, 0.05897195144582021, 0.08845354027183641, 3.0101897684837525e-07]","[0.8119482811764779, 0.06637313686221381, 0.12167804956459642, 5.323967117176383e-07]","{""candidates"": 0, ""reasons"": [], ""state"": ""no_forecast_record"", ""zero_basis"": null}","{""candidates"": 0, ""reasons"": [], ""state"": ""no_forecast_record"", ""zero_basis"": null}",False,False,False,0,0,upstream_goal_with_paid_return_reserve,upstream_goal_with_paid_return_reserve,,
dev_LOOP_B_b160_n92801__vs__dev_LOOP_NBV_b160_n92801,58,instance_0000,0.04062592608688864,True,,"[0.8525742072633665, 0.05897195144582021, 0.08845354027183641, 3.0101897684837525e-07]","[0.8119482811764779, 0.06637313686221381, 0.12167804956459642, 5.323967117176383e-07]","{""candidates"": 0, ""reasons"": [], ""state"": ""no_forecast_record"", ""zero_basis"": null}","{""candidates"": 0, ""reasons"": [], ""state"": ""no_forecast_record"", ""zero_basis"": null}",False,False,False,0,0,upstream_goal_with_paid_return_reserve,upstream_goal_with_paid_return_reserve,,
dev_LOOP_B_b160_n92801__vs__dev_LOOP_NBV_b160_n92801,59,instance_0000,0.04062592608688864,True,,"[0.8525742072633665, 0.05897195144582021, 0.08845354027183641, 3.0101897684837525e-07]","[0.8119482811764779, 0.06637313686221381, 0.12167804956459642, 5.323967117176383e-07]","{""candidates"": 0, ""reasons"": [], ""state"": ""no_forecast_record"", ""zero_basis"": null}","{""candidates"": 0, ""reasons"": [], ""state"": ""no_forecast_record"", ""zero_basis"": null}",False,False,False,0,0,upstream_goal_with_paid_return_reserve,upstream_goal_with_paid_return_reserve,,
dev_LOOP_B_b160_n92801__vs__dev_LOOP_NBV_b160_n92801,60,instance_0000,0.04062592608688864,True,,"[0.8525742072633665, 0.05897195144582021, 0.08845354027183641, 3.0101897684837525e-07]","[0.8119482811764779, 0.06637313686221381, 0.12167804956459642, 5.323967117176383e-07]","{""candidates"": 0, ""reasons"": [], ""state"": ""no_forecast_record"", ""zero_basis"": null}","{""candidates"": 0, ""reasons"": [], ""state"": ""no_forecast_record"", ""zero_basis"": null}",False,False,False,0,0,upstream_goal_with_paid_return_reserve,upstream_goal_with_paid_return_reserve,,
dev_LOOP_B_b160_n92801__vs__dev_LOOP_NBV_b160_n92801,61,instance_0000,0.04062592608688864,True,,"[0.8525742072633665, 0.05897195144582021, 0.08845354027183641, 3.0101897684837525e-07]","[0.8119482811764779, 0.06637313686221381, 0.12167804956459642, 5.323967117176383e-07]","{""candidates"": 0, ""reasons"": [], ""state"": ""no_forecast_record"", ""zero_basis"": null}","{""candidates"": 0, ""reasons"": [], ""state"": ""no_forecast_record"", ""zero_basis"": null}",False,False,False,0,0,upstream_goal_with_paid_return_reserve,upstream_goal_with_paid_return_reserve,,
dev_LOOP_B_b160_n92801__vs__dev_LOOP_NBV_b160_n92801,62,instance_0000,0.04062592608688864,True,,"[0.8525742072633665, 0.05897195144582021, 0.08845354027183641, 3.0101897684837525e-07]","[0.8119482811764779, 0.06637313686221381, 0.12167804956459642, 5.323967117176383e-07]","{""candidates"": 0, ""reasons"": [], ""state"": ""no_forecast_record"", ""zero_basis"": null}","{""candidates"": 0, ""reasons"": [], ""state"": ""no_forecast_record"", ""zero_basis"": null}",False,False,False,0,0,upstream_goal_with_paid_return_reserve,upstream_goal_with_paid_return_reserve,,
dev_LOOP_B_b160_n92801__vs__dev_LOOP_NBV_b160_n92801,63,instance_0000,0.04062592608688864,True,,"[0.8525742072633665, 0.05897195144582021, 0.08845354027183641, 3.0101897684837525e-07]","[0.8119482811764779, 0.06637313686221381, 0.12167804956459642, 5.323967117176383e-07]","{""candidates"": 0, ""reasons"": [], ""state"": ""no_forecast_record"", ""zero_basis"": null}","{""candidates"": 0, ""reasons"": [], ""state"": ""no_forecast_record"", ""zero_basis"": null}",False,False,False,0,0,upstream_goal_with_paid_return_reserve,upstream_goal_with_paid_return_reserve,,
dev_LOOP_B_b160_n92801__vs__dev_LOOP_NBV_b160_n92801,64,instance_0000,0.04062592608688864,True,,"[0.8525742072633665, 0.05897195144582021, 0.08845354027183641, 3.0101897684837525e-07]","[0.8119482811764779, 0.06637313686221381, 0.12167804956459642, 5.323967117176383e-07]","{""candidates"": 0, ""reasons"": [], ""state"": ""no_forecast_record"", ""zero_basis"": null}","{""candidates"": 0, ""reasons"": [], ""state"": ""no_forecast_record"", ""zero_basis"": null}",False,False,False,0,0,upstream_goal_with_paid_return_reserve,upstream_goal_with_paid_return_reserve,,
dev_LOOP_B_b160_n92801__vs__dev_LOOP_NBV_b160_n92801,65,instance_0000,0.04062592608688864,True,,"[0.8525742072633665, 0.05897195144582021, 0.08845354027183641, 3.0101897684837525e-07]","[0.8119482811764779, 0.06637313686221381, 0.12167804956459642, 5.323967117176383e-07]","{""candidates"": 0, ""reasons"": [], ""state"": ""no_forecast_record"", ""zero_basis"": null}","{""candidates"": 0, ""reasons"": [], ""state"": ""no_forecast_record"", ""zero_basis"": null}",False,False,False,0,0,upstream_goal_with_paid_return_reserve,upstream_goal_with_paid_return_reserve,,
dev_LOOP_B_b160_n92801__vs__dev_LOOP_NBV_b160_n92801,66,instance_0000,0.04062592608688864,True,,"[0.8525742072633665, 0.05897195144582021, 0.08845354027183641, 3.0101897684837525e-07]","[0.8119482811764779, 0.06637313686221381, 0.12167804956459642, 5.323967117176383e-07]","{""candidates"": 0, ""reasons"": [], ""state"": ""no_forecast_record"", ""zero_basis"": null}","{""candidates"": 0, ""reasons"": [], ""state"": ""no_forecast_record"", ""zero_basis"": null}",False,False,False,0,0,upstream_goal_with_paid_return_reserve,upstream_goal_with_paid_return_reserve,,
dev_LOOP_B_b160_n92801__vs__dev_LOOP_NBV_b160_n92801,67,instance_0000,0.04062592608688864,True,,"[0.8525742072633665, 0.05897195144582021, 0.08845354027183641, 3.0101897684837525e-07]","[0.8119482811764779, 0.06637313686221381, 0.12167804956459642, 5.323967117176383e-07]","{""candidates"": 0, ""reasons"": [], ""state"": ""no_forecast_record"", ""zero_basis"": null}","{""candidates"": 0, ""reasons"": [], ""state"": ""no_forecast_record"", ""zero_basis"": null}",False,False,False,0,0,upstream_goal_with_paid_return_reserve,upstream_goal_with_paid_return_reserve,,
dev_LOOP_B_b160_n92801__vs__dev_LOOP_NBV_b160_n92801,68,instance_0000,0.04062592608688864,True,,"[0.8525742072633665, 0.05897195144582021, 0.08845354027183641, 3.0101897684837525e-07]","[0.8119482811764779, 0.06637313686221381, 0.12167804956459642, 5.323967117176383e-07]","{""candidates"": 8, ""positive"": 4, ""reasons"": [], ""repeated"": 0, ""state"": ""nonzero_structure_gain_available"", ""zero_basis"": false}","{""candidates"": 8, ""positive"": 4, ""reasons"": [], ""repeated"": 0, ""state"": ""nonzero_structure_gain_available"", ""zero_basis"": false}",False,True,True,35,32,upstream_goal_with_paid_return_reserve,upstream_goal_with_paid_return_reserve,92,92
dev_LOOP_B_b160_n92801__vs__dev_LOOP_NBV_b160_n92801,69,instance_0000,0.04062592608688864,True,,"[0.8525742072633665, 0.05897195144582021, 0.08845354027183641, 3.0101897684837525e-07]","[0.8119482811764779, 0.06637313686221381, 0.12167804956459642, 5.323967117176383e-07]","{""candidates"": 0, ""reasons"": [], ""state"": ""no_forecast_record"", ""zero_basis"": null}","{""candidates"": 0, ""reasons"": [], ""state"": ""no_forecast_record"", ""zero_basis"": null}",False,False,False,0,0,upstream_goal_with_paid_return_reserve,upstream_goal_with_paid_return_reserve,,
dev_LOOP_B_b160_n92801__vs__dev_LOOP_NBV_b160_n92801,70,instance_0000,0.04062592608688864,True,,"[0.8525742072633665, 0.05897195144582021, 0.08845354027183641, 3.0101897684837525e-07]","[0.8119482811764779, 0.06637313686221381, 0.12167804956459642, 5.323967117176383e-07]","{""candidates"": 0, ""reasons"": [], ""state"": ""no_forecast_record"", ""zero_basis"": null}","{""candidates"": 0, ""reasons"": [], ""state"": ""no_forecast_record"", ""zero_basis"": null}",False,False,False,0,0,upstream_goal_with_paid_return_reserve,upstream_goal_with_paid_return_reserve,,
dev_LOOP_B_b160_n92801__vs__dev_LOOP_NBV_b160_n92801,71,instance_0000,0.04062592608688864,True,,"[0.8525742072633665, 0.05897195144582021, 0.08845354027183641, 3.0101897684837525e-07]","[0.8119482811764779, 0.06637313686221381, 0.12167804956459642, 5.323967117176383e-07]","{""candidates"": 0, ""reasons"": [], ""state"": ""no_forecast_record"", ""zero_basis"": null}","{""candidates"": 0, ""reasons"": [], ""state"": ""no_forecast_record"", ""zero_basis"": null}",False,False,False,0,0,upstream_goal_with_paid_return_reserve,upstream_goal_with_paid_return_reserve,,
dev_LOOP_B_b160_n92801__vs__dev_LOOP_NBV_b160_n92801,72,instance_0000,0.04062592608688864,True,,"[0.8525742072633665, 0.05897195144582021, 0.08845354027183641, 3.0101897684837525e-07]","[0.8119482811764779, 0.06637313686221381, 0.12167804956459642, 5.323967117176383e-07]","{""candidates"": 0, ""reasons"": [], ""state"": ""no_forecast_record"", ""zero_basis"": null}","{""candidates"": 0, ""reasons"": [], ""state"": ""no_forecast_record"", ""zero_basis"": null}",False,False,False,0,0,upstream_goal_with_paid_return_reserve,upstream_goal_with_paid_return_reserve,,
dev_LOOP_B_b160_n92801__vs__dev_LOOP_NBV_b160_n92801,73,instance_0000,0.04062592608688864,True,,"[0.8525742072633665, 0.05897195144582021, 0.08845354027183641, 3.0101897684837525e-07]","[0.8119482811764779, 0.06637313686221381, 0.12167804956459642, 5.323967117176383e-07]","{""candidates"": 0, ""reasons"": [], ""state"": ""no_forecast_record"", ""zero_basis"": null}","{""candidates"": 0, ""reasons"": [], ""state"": ""no_forecast_record"", ""zero_basis"": null}",False,False,False,0,0,upstream_goal_with_paid_return_reserve,upstream_goal_with_paid_return_reserve,,
dev_LOOP_B_b160_n92801__vs__dev_LOOP_NBV_b160_n92801,74,instance_0000,0.04062592608688864,True,,"[0.8525742072633665, 0.05897195144582021, 0.08845354027183641, 3.0101897684837525e-07]","[0.8119482811764779, 0.06637313686221381, 0.12167804956459642, 5.323967117176383e-07]","{""candidates"": 0, ""reasons"": [], ""state"": ""no_forecast_record"", ""zero_basis"": null}","{""candidates"": 0, ""reasons"": [], ""state"": ""no_forecast_record"", ""zero_basis"": null}",False,False,False,0,0,upstream_goal_with_paid_return_reserve,upstream_goal_with_paid_return_reserve,,
dev_LOOP_B_b160_n92801__vs__dev_LOOP_NBV_b160_n92801,75,instance_0000,0.04062592608688864,True,,"[0.8525742072633665, 0.05897195144582021, 0.08845354027183641, 3.0101897684837525e-07]","[0.8119482811764779, 0.06637313686221381, 0.12167804956459642, 5.323967117176383e-07]","{""candidates"": 0, ""reasons"": [], ""state"": ""no_forecast_record"", ""zero_basis"": null}","{""candidates"": 0, ""reasons"": [], ""state"": ""no_forecast_record"", ""zero_basis"": null}",False,False,False,0,0,upstream_goal_with_paid_return_reserve,upstream_goal_with_paid_return_reserve,,
dev_LOOP_B_b160_n92801__vs__dev_LOOP_NBV_b160_n92801,76,instance_0000,0.04062592608688864,True,,"[0.8525742072633665, 0.05897195144582021, 0.08845354027183641, 3.0101897684837525e-07]","[0.8119482811764779, 0.06637313686221381, 0.12167804956459642, 5.323967117176383e-07]","{""candidates"": 0, ""reasons"": [], ""state"": ""no_forecast_record"", ""zero_basis"": null}","{""candidates"": 0, ""reasons"": [], ""state"": ""no_forecast_record"", ""zero_basis"": null}",False,False,False,0,0,upstream_goal_with_paid_return_reserve,upstream_goal_with_paid_return_reserve,,
dev_LOOP_B_b160_n92801__vs__dev_LOOP_NBV_b160_n92801,77,instance_0000,0.04062592608688864,True,,"[0.8525742072633665, 0.05897195144582021, 0.08845354027183641, 3.0101897684837525e-07]","[0.8119482811764779, 0.06637313686221381, 0.12167804956459642, 5.323967117176383e-07]","{""candidates"": 0, ""reasons"": [], ""state"": ""no_forecast_record"", ""zero_basis"": null}","{""candidates"": 0, ""reasons"": [], ""state"": ""no_forecast_record"", ""zero_basis"": null}",False,False,False,0,0,upstream_goal_with_paid_return_reserve,upstream_goal_with_paid_return_reserve,,
dev_LOOP_B_b160_n92801__vs__dev_LOOP_NBV_b160_n92801,78,instance_0000,0.04062592608688864,True,,"[0.8525742072633665, 0.05897195144582021, 0.08845354027183641, 3.0101897684837525e-07]","[0.8119482811764779, 0.06637313686221381, 0.12167804956459642, 5.323967117176383e-07]","{""candidates"": 0, ""reasons"": [], ""state"": ""no_forecast_record"", ""zero_basis"": null}","{""candidates"": 0, ""reasons"": [], ""state"": ""no_forecast_record"", ""zero_basis"": null}",False,False,False,0,0,upstream_goal_with_paid_return_reserve,upstream_goal_with_paid_return_reserve,,
dev_LOOP_B_b160_n92801__vs__dev_LOOP_NBV_b160_n92801,79,instance_0000,0.04062592608688864,True,,"[0.8525742072633665, 0.05897195144582021, 0.08845354027183641, 3.0101897684837525e-07]","[0.8119482811764779, 0.06637313686221381, 0.12167804956459642, 5.323967117176383e-07]","{""candidates"": 0, ""reasons"": [], ""state"": ""no_forecast_record"", ""zero_basis"": null}","{""candidates"": 0, ""reasons"": [], ""state"": ""no_forecast_record"", ""zero_basis"": null}",False,False,False,0,0,upstream_goal_with_paid_return_reserve,upstream_goal_with_paid_return_reserve,,
dev_LOOP_B_b160_n92801__vs__dev_LOOP_NBV_b160_n92801,80,instance_0000,0.04062592608688864,True,,"[0.8525742072633665, 0.05897195144582021, 0.08845354027183641, 3.0101897684837525e-07]","[0.8119482811764779, 0.06637313686221381, 0.12167804956459642, 5.323967117176383e-07]","{""candidates"": 0, ""reasons"": [], ""state"": ""no_forecast_record"", ""zero_basis"": null}","{""candidates"": 0, ""reasons"": [], ""state"": ""no_forecast_record"", ""zero_basis"": null}",False,False,False,0,0,upstream_goal_with_paid_return_reserve,upstream_goal_with_paid_return_reserve,,
dev_LOOP_B_b160_n92801__vs__dev_LOOP_NBV_b160_n92801,81,instance_0000,0.04062592608688864,True,,"[0.8525742072633665, 0.05897195144582021, 0.08845354027183641, 3.0101897684837525e-07]","[0.8119482811764779, 0.06637313686221381, 0.12167804956459642, 5.323967117176383e-07]","{""candidates"": 0, ""reasons"": [], ""state"": ""no_forecast_record"", ""zero_basis"": null}","{""candidates"": 0, ""reasons"": [], ""state"": ""no_forecast_record"", ""zero_basis"": null}",False,False,False,0,0,upstream_goal_with_paid_return_reserve,upstream_goal_with_paid_return_reserve,,
dev_LOOP_B_b160_n92801__vs__dev_LOOP_NBV_b160_n92801,82,instance_0000,0.04062592608688864,True,,"[0.8525742072633665, 0.05897195144582021, 0.08845354027183641, 3.0101897684837525e-07]","[0.8119482811764779, 0.06637313686221381, 0.12167804956459642, 5.323967117176383e-07]","{""candidates"": 0, ""reasons"": [], ""state"": ""no_forecast_record"", ""zero_basis"": null}","{""candidates"": 0, ""reasons"": [], ""state"": ""no_forecast_record"", ""zero_basis"": null}",False,False,False,0,0,upstream_goal_with_paid_return_reserve,upstream_goal_with_paid_return_reserve,,
dev_LOOP_B_b160_n92801__vs__dev_LOOP_NBV_b160_n92801,83,instance_0000,0.04062592608688864,True,,"[0.8525742072633665, 0.05897195144582021, 0.08845354027183641, 3.0101897684837525e-07]","[0.8119482811764779, 0.06637313686221381, 0.12167804956459642, 5.323967117176383e-07]","{""candidates"": 0, ""reasons"": [], ""state"": ""no_forecast_record"", ""zero_basis"": null}","{""candidates"": 0, ""reasons"": [], ""state"": ""no_forecast_record"", ""zero_basis"": null}",False,False,False,0,0,upstream_goal_with_paid_return_reserve,upstream_goal_with_paid_return_reserve,,
dev_LOOP_B_b160_n92801__vs__dev_LOOP_NBV_b160_n92801,84,instance_0000,0.04062592608688864,True,,"[0.8525742072633665, 0.05897195144582021, 0.08845354027183641, 3.0101897684837525e-07]","[0.8119482811764779, 0.06637313686221381, 0.12167804956459642, 5.323967117176383e-07]","{""candidates"": 8, ""positive"": 5, ""reasons"": [], ""repeated"": 0, ""state"": ""nonzero_structure_gain_available"", ""zero_basis"": false}","{""candidates"": 8, ""positive"": 5, ""reasons"": [], ""repeated"": 0, ""state"": ""nonzero_structure_gain_available"", ""zero_basis"": false}",False,True,True,34,31,upstream_goal_with_paid_return_reserve,upstream_goal_with_paid_return_reserve,76,76
dev_LOOP_B_b160_n92801__vs__dev_LOOP_NBV_b160_n92801,85,instance_0000,0.04062592608688864,True,,"[0.8525742072633665, 0.05897195144582021, 0.08845354027183641, 3.0101897684837525e-07]","[0.8119482811764779, 0.06637313686221381, 0.12167804956459642, 5.323967117176383e-07]","{""candidates"": 0, ""reasons"": [], ""state"": ""no_forecast_record"", ""zero_basis"": null}","{""candidates"": 0, ""reasons"": [], ""state"": ""no_forecast_record"", ""zero_basis"": null}",False,False,False,0,0,upstream_goal_with_paid_return_reserve,upstream_goal_with_paid_return_reserve,,
dev_LOOP_B_b160_n92801__vs__dev_LOOP_NBV_b160_n92801,86,instance_0000,0.04062592608688864,True,,"[0.8525742072633665, 0.05897195144582021, 0.08845354027183641, 3.0101897684837525e-07]","[0.8119482811764779, 0.06637313686221381, 0.12167804956459642, 5.323967117176383e-07]","{""candidates"": 0, ""reasons"": [], ""state"": ""no_forecast_record"", ""zero_basis"": null}","{""candidates"": 0, ""reasons"": [], ""state"": ""no_forecast_record"", ""zero_basis"": null}",False,False,False,0,0,upstream_goal_with_paid_return_reserve,upstream_goal_with_paid_return_reserve,,
dev_LOOP_B_b160_n92801__vs__dev_LOOP_NBV_b160_n92801,87,instance_0000,0.04062592608688864,True,,"[0.8525742072633665, 0.05897195144582021, 0.08845354027183641, 3.0101897684837525e-07]","[0.8119482811764779, 0.06637313686221381, 0.12167804956459642, 5.323967117176383e-07]","{""candidates"": 0, ""reasons"": [], ""state"": ""no_forecast_record"", ""zero_basis"": null}","{""candidates"": 0, ""reasons"": [], ""state"": ""no_forecast_record"", ""zero_basis"": null}",False,False,False,0,0,upstream_goal_with_paid_return_reserve,upstream_goal_with_paid_return_reserve,,
dev_LOOP_B_b160_n92801__vs__dev_LOOP_NBV_b160_n92801,89,instance_0000,0.040625848507402695,True,,"[0.8525743206222112, 0.058971959286770834, 0.08845355203267906, 1.6805833903378128e-07]","[0.8119484721148085, 0.0663731524705675, 0.1216780781784924, 2.972361316196873e-07]","{""candidates"": 0, ""reasons"": [], ""state"": ""no_forecast_record"", ""zero_basis"": null}","{""candidates"": 0, ""reasons"": [], ""state"": ""no_forecast_record"", ""zero_basis"": null}",False,False,False,0,0,upstream_goal_with_paid_return_reserve,upstream_goal_with_paid_return_reserve,,
dev_LOOP_B_b160_n92801__vs__dev_LOOP_NBV_b160_n92801,90,instance_0000,0.040625848507402695,True,,"[0.8525743206222112, 0.058971959286770834, 0.08845355203267906, 1.6805833903378128e-07]","[0.8119484721148085, 0.0663731524705675, 0.1216780781784924, 2.972361316196873e-07]","{""candidates"": 8, ""positive"": 4, ""reasons"": [], ""repeated"": 0, ""state"": ""nonzero_structure_gain_available"", ""zero_basis"": false}","{""candidates"": 8, ""positive"": 4, ""reasons"": [], ""repeated"": 0, ""state"": ""nonzero_structure_gain_available"", ""zero_basis"": false}",False,True,True,31,28,upstream_goal_with_paid_return_reserve,upstream_goal_with_paid_return_reserve,70,70
dev_LOOP_B_b160_n92801__vs__dev_LOOP_NBV_b160_n92801,96,instance_0000,0.04062576785680072,True,,"[0.8525744384684978, 0.05897196743811465, 0.08845356425908842, 2.98342991363974e-08]","[0.8119486706116971, 0.06637316869679943, 0.12167810792510898, 5.276639444397983e-08]","{""candidates"": 0, ""reasons"": [], ""state"": ""no_forecast_record"", ""zero_basis"": null}","{""candidates"": 0, ""reasons"": [], ""state"": ""no_forecast_record"", ""zero_basis"": null}",False,False,False,0,0,upstream_goal_with_paid_return_reserve,upstream_goal_with_paid_return_reserve,,
dev_LOOP_B_b160_n92801__vs__dev_LOOP_NBV_b160_n92801,97,instance_0000,0.04062576785680072,True,,"[0.8525744384684978, 0.05897196743811465, 0.08845356425908842, 2.98342991363974e-08]","[0.8119486706116971, 0.06637316869679943, 0.12167810792510898, 5.276639444397983e-08]","{""candidates"": 8, ""positive"": 5, ""reasons"": [], ""repeated"": 0, ""state"": ""nonzero_structure_gain_available"", ""zero_basis"": false}","{""candidates"": 8, ""positive"": 5, ""reasons"": [], ""repeated"": 0, ""state"": ""nonzero_structure_gain_available"", ""zero_basis"": false}",False,True,True,30,27,upstream_goal_with_paid_return_reserve,upstream_goal_with_paid_return_reserve,63,63
dev_LOOP_B_b160_n92801__vs__dev_LOOP_NBV_b160_n92801,98,instance_0000,0.04062576785680072,True,,"[0.8525744384684978, 0.05897196743811465, 0.08845356425908842, 2.98342991363974e-08]","[0.8119486706116971, 0.06637316869679943, 0.12167810792510898, 5.276639444397983e-08]","{""candidates"": 0, ""reasons"": [], ""state"": ""no_forecast_record"", ""zero_basis"": null}","{""candidates"": 0, ""reasons"": [], ""state"": ""no_forecast_record"", ""zero_basis"": null}",False,False,False,0,0,upstream_goal_with_paid_return_reserve,upstream_goal_with_paid_return_reserve,,
dev_LOOP_B_b160_n92801__vs__dev_LOOP_NBV_b160_n92801,99,instance_0000,0.04062576785680072,True,,"[0.8525744384684978, 0.05897196743811465, 0.08845356425908842, 2.98342991363974e-08]","[0.8119486706116971, 0.06637316869679943, 0.12167810792510898, 5.276639444397983e-08]","{""candidates"": 8, ""positive"": 6, ""reasons"": [], ""repeated"": 0, ""state"": ""nonzero_structure_gain_available"", ""zero_basis"": false}","{""candidates"": 8, ""positive"": 6, ""reasons"": [], ""repeated"": 0, ""state"": ""nonzero_structure_gain_available"", ""zero_basis"": false}",False,True,True,34,29,upstream_goal_with_paid_return_reserve,upstream_goal_with_paid_return_reserve,61,61
dev_LOOP_B_b160_n92801__vs__dev_LOOP_NBV_b160_n92801,100,instance_0000,0.04062576785680072,True,,"[0.8525744384684978, 0.05897196743811465, 0.08845356425908842, 2.98342991363974e-08]","[0.8119486706116971, 0.06637316869679943, 0.12167810792510898, 5.276639444397983e-08]","{""candidates"": 0, ""reasons"": [], ""state"": ""no_forecast_record"", ""zero_basis"": null}","{""candidates"": 0, ""reasons"": [], ""state"": ""no_forecast_record"", ""zero_basis"": null}",False,False,False,0,0,upstream_goal_with_paid_return_reserve,upstream_goal_with_paid_return_reserve,,
dev_LOOP_B_b160_n92801__vs__dev_LOOP_NBV_b160_n92801,101,instance_0000,0.04062576785680072,True,,"[0.8525744384684978, 0.05897196743811465, 0.08845356425908842, 2.98342991363974e-08]","[0.8119486706116971, 0.06637316869679943, 0.12167810792510898, 5.276639444397983e-08]","{""candidates"": 8, ""positive"": 5, ""reasons"": [], ""repeated"": 0, ""state"": ""nonzero_structure_gain_available"", ""zero_basis"": false}","{""candidates"": 8, ""positive"": 5, ""reasons"": [], ""repeated"": 0, ""state"": ""nonzero_structure_gain_available"", ""zero_basis"": false}",False,True,True,32,28,upstream_goal_with_paid_return_reserve,upstream_goal_with_paid_return_reserve,59,59
dev_LOOP_B_b160_n92801__vs__dev_LOOP_NBV_b160_n92801,102,instance_0000,0.04062576785680072,True,,"[0.8525744384684978, 0.05897196743811465, 0.08845356425908842, 2.98342991363974e-08]","[0.8119486706116971, 0.06637316869679943, 0.12167810792510898, 5.276639444397983e-08]","{""candidates"": 0, ""reasons"": [], ""state"": ""no_forecast_record"", ""zero_basis"": null}","{""candidates"": 0, ""reasons"": [], ""state"": ""no_forecast_record"", ""zero_basis"": null}",False,False,False,0,0,upstream_goal_with_paid_return_reserve,upstream_goal_with_paid_return_reserve,,
dev_LOOP_B_b160_n92801__vs__dev_LOOP_NBV_b160_n92801,103,instance_0000,0.04062576785680072,True,,"[0.8525744384684978, 0.05897196743811465, 0.08845356425908842, 2.98342991363974e-08]","[0.8119486706116971, 0.06637316869679943, 0.12167810792510898, 5.276639444397983e-08]","{""candidates"": 8, ""positive"": 4, ""reasons"": [], ""repeated"": 0, ""state"": ""nonzero_structure_gain_available"", ""zero_basis"": false}","{""candidates"": 8, ""positive"": 4, ""reasons"": [], ""repeated"": 0, ""state"": ""nonzero_structure_gain_available"", ""zero_basis"": false}",False,True,True,29,27,upstream_goal_with_paid_return_reserve,upstream_goal_with_paid_return_reserve,57,57
dev_LOOP_B_b160_n92801__vs__dev_LOOP_NBV_b160_n92801,104,instance_0000,0.04062576785680072,True,,"[0.8525744384684978, 0.05897196743811465, 0.08845356425908842, 2.98342991363974e-08]","[0.8119486706116971, 0.06637316869679943, 0.12167810792510898, 5.276639444397983e-08]","{""candidates"": 0, ""reasons"": [], ""state"": ""no_forecast_record"", ""zero_basis"": null}","{""candidates"": 0, ""reasons"": [], ""state"": ""no_forecast_record"", ""zero_basis"": null}",False,False,False,0,0,upstream_goal_with_paid_return_reserve,upstream_goal_with_paid_return_reserve,,
dev_LOOP_B_b160_n92801__vs__dev_LOOP_NBV_b160_n92801,105,instance_0000,0.04062575662887591,True,,"[0.8525744548746845, 0.05897196857291893, 0.08845356596121041, 1.0591186061555984e-08]","[0.8119486982458086, 0.06637317095576435, 0.12167811206633924, 1.8732087757946783e-08]","{""candidates"": 0, ""reasons"": [], ""state"": ""no_forecast_record"", ""zero_basis"": null}","{""candidates"": 0, ""reasons"": [], ""state"": ""no_forecast_record"", ""zero_basis"": null}",False,False,False,0,0,upstream_goal_with_paid_return_reserve,upstream_goal_with_paid_return_reserve,,
dev_LOOP_B_b160_n92801__vs__dev_LOOP_NBV_b160_n92801,106,instance_0000,0.04062575662887591,True,,"[0.8525744548746845, 0.05897196857291893, 0.08845356596121041, 1.0591186061555984e-08]","[0.8119486982458086, 0.06637317095576435, 0.12167811206633924, 1.8732087757946783e-08]","{""candidates"": 0, ""reasons"": [], ""state"": ""no_forecast_record"", ""zero_basis"": null}","{""candidates"": 0, ""reasons"": [], ""state"": ""no_forecast_record"", ""zero_basis"": null}",False,False,False,0,0,upstream_goal_with_paid_return_reserve,upstream_goal_with_paid_return_reserve,,
dev_LOOP_B_b160_n92801__vs__dev_LOOP_NBV_b160_n92801,107,instance_0000,0.04062575662887591,True,,"[0.8525744548746845, 0.05897196857291893, 0.08845356596121041, 1.0591186061555984e-08]","[0.8119486982458086, 0.06637317095576435, 0.12167811206633924, 1.8732087757946783e-08]","{""candidates"": 0, ""reasons"": [], ""state"": ""no_forecast_record"", ""zero_basis"": null}","{""candidates"": 0, ""reasons"": [], ""state"": ""no_forecast_record"", ""zero_basis"": null}",False,False,False,0,0,upstream_goal_with_paid_return_reserve,upstream_goal_with_paid_return_reserve,,
dev_LOOP_B_b160_n92801__vs__dev_LOOP_NBV_b160_n92801,108,instance_0000,0.04062575662887591,True,,"[0.8525744548746845, 0.05897196857291893, 0.08845356596121041, 1.0591186061555984e-08]","[0.8119486982458086, 0.06637317095576435, 0.12167811206633924, 1.8732087757946783e-08]","{""candidates"": 0, ""reasons"": [], ""state"": ""no_forecast_record"", ""zero_basis"": null}","{""candidates"": 0, ""reasons"": [], ""state"": ""no_forecast_record"", ""zero_basis"": null}",False,False,False,0,0,upstream_goal_with_paid_return_reserve,upstream_goal_with_paid_return_reserve,,
dev_LOOP_B_b160_n92801__vs__dev_LOOP_NBV_b160_n92801,109,instance_0000,0.04062575662887591,True,,"[0.8525744548746845, 0.05897196857291893, 0.08845356596121041, 1.0591186061555984e-08]","[0.8119486982458086, 0.06637317095576435, 0.12167811206633924, 1.8732087757946783e-08]","{""candidates"": 0, ""reasons"": [], ""state"": ""no_forecast_record"", ""zero_basis"": null}","{""candidates"": 0, ""reasons"": [], ""state"": ""no_forecast_record"", ""zero_basis"": null}",False,False,False,0,0,upstream_goal_with_paid_return_reserve,upstream_goal_with_paid_return_reserve,,
dev_LOOP_B_b160_n92801__vs__dev_LOOP_NBV_b160_n92801,110,instance_0000,0.04062575662887591,True,,"[0.8525744548746845, 0.05897196857291893, 0.08845356596121041, 1.0591186061555984e-08]","[0.8119486982458086, 0.06637317095576435, 0.12167811206633924, 1.8732087757946783e-08]","{""candidates"": 0, ""reasons"": [], ""state"": ""no_forecast_record"", ""zero_basis"": null}","{""candidates"": 0, ""reasons"": [], ""state"": ""no_forecast_record"", ""zero_basis"": null}",False,False,False,0,0,upstream_goal_with_paid_return_reserve,upstream_goal_with_paid_return_reserve,,
dev_LOOP_B_b160_n92801__vs__dev_LOOP_NBV_b160_n92801,111,instance_0000,0.04062575662887591,True,,"[0.8525744548746845, 0.05897196857291893, 0.08845356596121041, 1.0591186061555984e-08]","[0.8119486982458086, 0.06637317095576435, 0.12167811206633924, 1.8732087757946783e-08]","{""candidates"": 0, ""reasons"": [], ""state"": ""no_forecast_record"", ""zero_basis"": null}","{""candidates"": 0, ""reasons"": [], ""state"": ""no_forecast_record"", ""zero_basis"": null}",False,False,False,0,0,upstream_goal_with_paid_return_reserve,upstream_goal_with_paid_return_reserve,,
dev_LOOP_B_b160_n92801__vs__dev_LOOP_NBV_b160_n92801,112,instance_0000,0.04062575662887591,True,,"[0.8525744548746845, 0.05897196857291893, 0.08845356596121041, 1.0591186061555984e-08]","[0.8119486982458086, 0.06637317095576435, 0.12167811206633924, 1.8732087757946783e-08]","{""candidates"": 0, ""reasons"": [], ""state"": ""no_forecast_record"", ""zero_basis"": null}","{""candidates"": 0, ""reasons"": [], ""state"": ""no_forecast_record"", ""zero_basis"": null}",False,False,False,0,0,upstream_goal_with_paid_return_reserve,upstream_goal_with_paid_return_reserve,,
dev_LOOP_B_b160_n92801__vs__dev_LOOP_NBV_b160_n92801,113,instance_0000,0.04062575662887591,True,,"[0.8525744548746845, 0.05897196857291893, 0.08845356596121041, 1.0591186061555984e-08]","[0.8119486982458086, 0.06637317095576435, 0.12167811206633924, 1.8732087757946783e-08]","{""candidates"": 0, ""reasons"": [], ""state"": ""no_forecast_record"", ""zero_basis"": null}","{""candidates"": 0, ""reasons"": [], ""state"": ""no_forecast_record"", ""zero_basis"": null}",False,False,False,0,0,upstream_goal_with_paid_return_reserve,upstream_goal_with_paid_return_reserve,,
dev_LOOP_B_b160_n92801__vs__dev_LOOP_NBV_b160_n92801,114,instance_0000,0.04062575662887591,True,,"[0.8525744548746845, 0.05897196857291893, 0.08845356596121041, 1.0591186061555984e-08]","[0.8119486982458086, 0.06637317095576435, 0.12167811206633924, 1.8732087757946783e-08]","{""candidates"": 8, ""positive"": 3, ""reasons"": [], ""repeated"": 0, ""state"": ""nonzero_structure_gain_available"", ""zero_basis"": false}","{""candidates"": 8, ""positive"": 3, ""reasons"": [], ""repeated"": 0, ""state"": ""nonzero_structure_gain_available"", ""zero_basis"": false}",False,True,True,22,20,upstream_goal_with_paid_return_reserve,upstream_goal_with_paid_return_reserve,46,46
dev_LOOP_B_b160_n92801__vs__dev_LOOP_NBV_b160_n92801,115,instance_0000,0.04062575662887591,True,,"[0.8525744548746845, 0.05897196857291893, 0.08845356596121041, 1.0591186061555984e-08]","[0.8119486982458086, 0.06637317095576435, 0.12167811206633924, 1.8732087757946783e-08]","{""candidates"": 0, ""reasons"": [], ""state"": ""no_forecast_record"", ""zero_basis"": null}","{""candidates"": 0, ""reasons"": [], ""state"": ""no_forecast_record"", ""zero_basis"": null}",False,False,False,0,0,upstream_goal_with_paid_return_reserve,upstream_goal_with_paid_return_reserve,,
dev_LOOP_B_b160_n92801__vs__dev_LOOP_NBV_b160_n92801,116,instance_0000,0.04062575662887591,True,,"[0.8525744548746845, 0.05897196857291893, 0.08845356596121041, 1.0591186061555984e-08]","[0.8119486982458086, 0.06637317095576435, 0.12167811206633924, 1.8732087757946783e-08]","{""candidates"": 0, ""reasons"": [], ""state"": ""no_forecast_record"", ""zero_basis"": null}","{""candidates"": 0, ""reasons"": [], ""state"": ""no_forecast_record"", ""zero_basis"": null}",False,False,False,0,0,upstream_goal_with_paid_return_reserve,upstream_goal_with_paid_return_reserve,,
dev_LOOP_B_b160_n92801__vs__dev_LOOP_NBV_b160_n92801,117,instance_0000,0.04062575662887591,True,,"[0.8525744548746845, 0.05897196857291893, 0.08845356596121041, 1.0591186061555984e-08]","[0.8119486982458086, 0.06637317095576435, 0.12167811206633924, 1.8732087757946783e-08]","{""candidates"": 0, ""reasons"": [], ""state"": ""no_forecast_record"", ""zero_basis"": null}","{""candidates"": 0, ""reasons"": [], ""state"": ""no_forecast_record"", ""zero_basis"": null}",False,False,False,0,0,upstream_goal_with_paid_return_reserve,upstream_goal_with_paid_return_reserve,,
dev_LOOP_B_b160_n92801__vs__dev_LOOP_NBV_b160_n92801,118,instance_0000,0.04062575662887591,True,,"[0.8525744548746845, 0.05897196857291893, 0.08845356596121041, 1.0591186061555984e-08]","[0.8119486982458086, 0.06637317095576435, 0.12167811206633924, 1.8732087757946783e-08]","{""candidates"": 0, ""reasons"": [], ""state"": ""no_forecast_record"", ""zero_basis"": null}","{""candidates"": 0, ""reasons"": [], ""state"": ""no_forecast_record"", ""zero_basis"": null}",False,False,False,0,0,upstream_goal_with_paid_return_reserve,upstream_goal_with_paid_return_reserve,,
dev_LOOP_B_b160_n92801__vs__dev_LOOP_NBV_b160_n92801,120,instance_0000,0.04062575513194144,True,,"[0.8525744570619976, 0.05897196872421382, 0.0884535661881415, 8.025647071751658e-09]","[0.8119487019300562, 0.06637317125693508, 0.12167811261845822, 1.4194550514462321e-08]","{""candidates"": 0, ""reasons"": [], ""state"": ""no_forecast_record"", ""zero_basis"": null}","{""candidates"": 0, ""reasons"": [], ""state"": ""no_forecast_record"", ""zero_basis"": null}",False,False,False,0,0,upstream_goal_with_paid_return_reserve,upstream_goal_with_paid_return_reserve,,
dev_LOOP_B_b160_n92801__vs__dev_LOOP_NBV_b160_n92801,121,instance_0000,0.04062575513194144,True,,"[0.8525744570619976, 0.05897196872421382, 0.0884535661881415, 8.025647071751658e-09]","[0.8119487019300562, 0.06637317125693508, 0.12167811261845822, 1.4194550514462321e-08]","{""candidates"": 0, ""reasons"": [], ""state"": ""no_forecast_record"", ""zero_basis"": null}","{""candidates"": 0, ""reasons"": [], ""state"": ""no_forecast_record"", ""zero_basis"": null}",False,False,False,0,0,upstream_goal_with_paid_return_reserve,upstream_goal_with_paid_return_reserve,,
dev_LOOP_B_b160_n92801__vs__dev_LOOP_NBV_b160_n92801,122,instance_0000,0.04062575513194144,True,,"[0.8525744570619976, 0.05897196872421382, 0.0884535661881415, 8.025647071751658e-09]","[0.8119487019300562, 0.06637317125693508, 0.12167811261845822, 1.4194550514462321e-08]","{""candidates"": 0, ""reasons"": [], ""state"": ""no_forecast_record"", ""zero_basis"": null}","{""candidates"": 0, ""reasons"": [], ""state"": ""no_forecast_record"", ""zero_basis"": null}",False,False,False,0,0,upstream_goal_with_paid_return_reserve,upstream_goal_with_paid_return_reserve,,
dev_LOOP_B_b160_n92801__vs__dev_LOOP_NBV_b160_n92801,123,instance_0000,0.04062575513194144,True,,"[0.8525744570619976, 0.05897196872421382, 0.0884535661881415, 8.025647071751658e-09]","[0.8119487019300562, 0.06637317125693508, 0.12167811261845822, 1.4194550514462321e-08]","{""candidates"": 0, ""reasons"": [], ""state"": ""no_forecast_record"", ""zero_basis"": null}","{""candidates"": 0, ""reasons"": [], ""state"": ""no_forecast_record"", ""zero_basis"": null}",False,False,False,0,0,upstream_goal_with_paid_return_reserve,upstream_goal_with_paid_return_reserve,,
dev_LOOP_B_b160_n92801__vs__dev_LOOP_NBV_b160_n92801,124,instance_0000,0.04062575513194144,True,,"[0.8525744570619976, 0.05897196872421382, 0.0884535661881415, 8.025647071751658e-09]","[0.8119487019300562, 0.06637317125693508, 0.12167811261845822, 1.4194550514462321e-08]","{""candidates"": 0, ""reasons"": [], ""state"": ""no_forecast_record"", ""zero_basis"": null}","{""candidates"": 0, ""reasons"": [], ""state"": ""no_forecast_record"", ""zero_basis"": null}",False,False,False,0,0,upstream_goal_with_paid_return_reserve,upstream_goal_with_paid_return_reserve,,
dev_LOOP_B_b160_n92801__vs__dev_LOOP_NBV_b160_n92801,125,instance_0000,0.04062575513194144,True,,"[0.8525744570619976, 0.05897196872421382, 0.0884535661881415, 8.025647071751658e-09]","[0.8119487019300562, 0.06637317125693508, 0.12167811261845822, 1.4194550514462321e-08]","{""candidates"": 0, ""reasons"": [], ""state"": ""no_forecast_record"", ""zero_basis"": null}","{""candidates"": 0, ""reasons"": [], ""state"": ""no_forecast_record"", ""zero_basis"": null}",False,False,False,0,0,upstream_goal_with_paid_return_reserve,upstream_goal_with_paid_return_reserve,,
dev_LOOP_B_b160_n92801__vs__dev_LOOP_NBV_b160_n92801,126,instance_0000,0.04062575513194144,True,,"[0.8525744570619976, 0.05897196872421382, 0.0884535661881415, 8.025647071751658e-09]","[0.8119487019300562, 0.06637317125693508, 0.12167811261845822, 1.4194550514462321e-08]","{""candidates"": 0, ""reasons"": [], ""state"": ""no_forecast_record"", ""zero_basis"": null}","{""candidates"": 0, ""reasons"": [], ""state"": ""no_forecast_record"", ""zero_basis"": null}",False,False,False,0,0,upstream_goal_with_paid_return_reserve,upstream_goal_with_paid_return_reserve,,
dev_LOOP_B_b160_n92801__vs__dev_LOOP_NBV_b160_n92801,127,instance_0000,0.04062575513194144,True,,"[0.8525744570619976, 0.05897196872421382, 0.0884535661881415, 8.025647071751658e-09]","[0.8119487019300562, 0.06637317125693508, 0.12167811261845822, 1.4194550514462321e-08]","{""candidates"": 0, ""reasons"": [], ""state"": ""no_forecast_record"", ""zero_basis"": null}","{""candidates"": 0, ""reasons"": [], ""state"": ""no_forecast_record"", ""zero_basis"": null}",False,False,False,0,0,upstream_goal_with_paid_return_reserve,upstream_goal_with_paid_return_reserve,,
dev_LOOP_B_b160_n92801__vs__dev_LOOP_NBV_b160_n92801,128,instance_0000,0.04062575513194144,True,,"[0.8525744570619976, 0.05897196872421382, 0.0884535661881415, 8.025647071751658e-09]","[0.8119487019300562, 0.06637317125693508, 0.12167811261845822, 1.4194550514462321e-08]","{""candidates"": 0, ""reasons"": [], ""state"": ""no_forecast_record"", ""zero_basis"": null}","{""candidates"": 0, ""reasons"": [], ""state"": ""no_forecast_record"", ""zero_basis"": null}",False,False,False,0,0,upstream_goal_with_paid_return_reserve,upstream_goal_with_paid_return_reserve,,
dev_LOOP_B_b160_n92801__vs__dev_LOOP_NBV_b160_n92801,128,instance_0001,0.07500000000000001,True,,"[0.225, 0.25, 0.325, 0.19999999999999996]","[0.25, 0.25, 0.25, 0.25]","{""candidates"": 0, ""reasons"": [], ""state"": ""no_forecast_record"", ""zero_basis"": null}","{""candidates"": 0, ""reasons"": [], ""state"": ""no_forecast_record"", ""zero_basis"": null}",False,False,False,0,0,upstream_goal_with_paid_return_reserve,upstream_goal_with_paid_return_reserve,,
dev_LOOP_B_b160_n92801__vs__dev_LOOP_NBV_b160_n92801,131,instance_0001,0.07500000000000001,True,,"[0.225, 0.25, 0.325, 0.19999999999999996]","[0.25, 0.25, 0.25, 0.25]","{""candidates"": 0, ""reasons"": [], ""state"": ""no_forecast_record"", ""zero_basis"": null}","{""candidates"": 0, ""reasons"": [], ""state"": ""no_forecast_record"", ""zero_basis"": null}",False,False,False,0,0,upstream_goal_with_paid_return_reserve,upstream_goal_with_paid_return_reserve,,
dev_LOOP_B_b160_n92801__vs__dev_LOOP_NBV_b160_n92801,132,instance_0001,0.07500000000000001,True,,"[0.225, 0.25, 0.325, 0.19999999999999996]","[0.25, 0.25, 0.25, 0.25]","{""candidates"": 0, ""reasons"": [], ""state"": ""no_forecast_record"", ""zero_basis"": null}","{""candidates"": 0, ""reasons"": [], ""state"": ""no_forecast_record"", ""zero_basis"": null}",False,False,False,0,0,upstream_goal_with_paid_return_reserve,upstream_goal_with_paid_return_reserve,,
dev_LOOP_B_b160_n92801__vs__dev_LOOP_NBV_b160_n92801,133,instance_0001,0.08496413056694646,True,,"[0.14558349934570172, 0.235968562504621, 0.5292784262332902, 0.0891695119163871]","[0.17653023184497413, 0.2575156299364382, 0.4443142956663438, 0.12163984255224403]","{""candidates"": 0, ""reasons"": [], ""state"": ""no_forecast_record"", ""zero_basis"": null}","{""candidates"": 0, ""reasons"": [], ""state"": ""no_forecast_record"", ""zero_basis"": null}",False,False,False,0,0,upstream_goal_with_paid_return_reserve,upstream_goal_with_paid_return_reserve,,
dev_LOOP_B_b160_n92801__vs__dev_LOOP_NBV_b160_n92801,134,instance_0001,0.08496413056694646,True,,"[0.14558349934570172, 0.235968562504621, 0.5292784262332902, 0.0891695119163871]","[0.17653023184497413, 0.2575156299364382, 0.4443142956663438, 0.12163984255224403]","{""candidates"": 0, ""reasons"": [], ""state"": ""no_forecast_record"", ""zero_basis"": null}","{""candidates"": 0, ""reasons"": [], ""state"": ""no_forecast_record"", ""zero_basis"": null}",False,False,False,0,0,upstream_goal_with_paid_return_reserve,upstream_goal_with_paid_return_reserve,,
dev_LOOP_B_b160_n92801__vs__dev_LOOP_NBV_b160_n92801,135,instance_0001,0.08496413056694646,True,,"[0.14558349934570172, 0.235968562504621, 0.5292784262332902, 0.0891695119163871]","[0.17653023184497413, 0.2575156299364382, 0.4443142956663438, 0.12163984255224403]","{""candidates"": 0, ""reasons"": [], ""state"": ""no_forecast_record"", ""zero_basis"": null}","{""candidates"": 0, ""reasons"": [], ""state"": ""no_forecast_record"", ""zero_basis"": null}",False,False,False,0,0,upstream_goal_with_paid_return_reserve,upstream_goal_with_paid_return_reserve,,
dev_LOOP_B_b160_n92801__vs__dev_LOOP_NBV_b160_n92801,136,instance_0001,0.08496413056694646,True,,"[0.14558349934570172, 0.235968562504621, 0.5292784262332902, 0.0891695119163871]","[0.17653023184497413, 0.2575156299364382, 0.4443142956663438, 0.12163984255224403]","{""candidates"": 8, ""positive"": 6, ""reasons"": [], ""repeated"": 0, ""state"": ""nonzero_structure_gain_available"", ""zero_basis"": false}","{""candidates"": 8, ""positive"": 6, ""reasons"": [], ""repeated"": 0, ""state"": ""nonzero_structure_gain_available"", ""zero_basis"": false}",False,True,True,6,6,upstream_goal_with_paid_return_reserve,upstream_goal_with_paid_return_reserve,24,24
dev_LOOP_B_b160_n92801__vs__dev_LOOP_NBV_b160_n92801,139,instance_0001,0.07813043956671784,True,,"[0.16647715780354538, 0.07611861729997633, 0.7164999173640547, 0.040904307532423516]","[0.21424537972216307, 0.08816378207239507, 0.6383694777973369, 0.05922136040810505]","{""candidates"": 8, ""positive"": 4, ""reasons"": [], ""repeated"": 0, ""state"": ""nonzero_structure_gain_available"", ""zero_basis"": false}","{""candidates"": 8, ""positive"": 4, ""reasons"": [], ""repeated"": 0, ""state"": ""nonzero_structure_gain_available"", ""zero_basis"": false}",False,True,True,0,0,return,return,21,21
dev_LOOP_B_b160_n92801__vs__dev_LOOP_NBV_b160_n92801,140,instance_0001,0.07813043956671784,True,,"[0.16647715780354538, 0.07611861729997633, 0.7164999173640547, 0.040904307532423516]","[0.21424537972216307, 0.08816378207239507, 0.6383694777973369, 0.05922136040810505]","{""candidates"": 8, ""positive"": 3, ""reasons"": [], ""repeated"": 0, ""state"": ""nonzero_structure_gain_available"", ""zero_basis"": false}","{""candidates"": 8, ""positive"": 3, ""reasons"": [], ""repeated"": 0, ""state"": ""nonzero_structure_gain_available"", ""zero_basis"": false}",False,True,True,0,0,return,return,20,20
dev_LOOP_B_b160_n92801__vs__dev_LOOP_NBV_b160_n92801,141,instance_0001,0.07813043956671784,True,,"[0.16647715780354538, 0.07611861729997633, 0.7164999173640547, 0.040904307532423516]","[0.21424537972216307, 0.08816378207239507, 0.6383694777973369, 0.05922136040810505]","{""candidates"": 8, ""positive"": 3, ""reasons"": [], ""repeated"": 0, ""state"": ""nonzero_structure_gain_available"", ""zero_basis"": false}","{""candidates"": 8, ""positive"": 3, ""reasons"": [], ""repeated"": 0, ""state"": ""nonzero_structure_gain_available"", ""zero_basis"": false}",False,True,True,0,0,return,return,19,19
dev_LOOP_B_b160_n92801__vs__dev_LOOP_NBV_b160_n92801,142,instance_0000,0.040625752070254206,True,,"[0.8525744615357191, 0.058971969033657964, 0.0884535666522847, 2.7783381731750427e-09]","[0.8119487094654649, 0.06637317187292102, 0.12167811374770977, 4.9139043060173265e-09]","{""candidates"": 8, ""positive"": 6, ""reasons"": [], ""repeated"": 0, ""state"": ""nonzero_structure_gain_available"", ""zero_basis"": false}","{""candidates"": 8, ""positive"": 6, ""reasons"": [], ""repeated"": 0, ""state"": ""nonzero_structure_gain_available"", ""zero_basis"": false}",False,True,True,0,0,return,return,18,18
dev_LOOP_B_b160_n92801__vs__dev_LOOP_NBV_b160_n92801,142,instance_0001,0.07813043956671784,True,,"[0.16647715780354538, 0.07611861729997633, 0.7164999173640547, 0.040904307532423516]","[0.21424537972216307, 0.08816378207239507, 0.6383694777973369, 0.05922136040810505]","{""candidates"": 8, ""positive"": 4, ""reasons"": [], ""repeated"": 0, ""state"": ""nonzero_structure_gain_available"", ""zero_basis"": false}","{""candidates"": 8, ""positive"": 4, ""reasons"": [], ""repeated"": 0, ""state"": ""nonzero_structure_gain_available"", ""zero_basis"": false}",False,True,True,0,0,return,return,18,18
dev_LOOP_B_b160_n92801__vs__dev_LOOP_NBV_b160_n92801,143,instance_0000,0.04062575103528976,True,,"[0.8525744630480041, 0.05897196913826164, 0.08845356680918241, 1.0045519007059962e-09]","[0.8119487120127143, 0.06637317208114728, 0.12167811412943898, 1.7766994546910053e-09]","{""candidates"": 8, ""positive"": 6, ""reasons"": [], ""repeated"": 0, ""state"": ""nonzero_structure_gain_available"", ""zero_basis"": false}","{""candidates"": 8, ""positive"": 6, ""reasons"": [], ""repeated"": 0, ""state"": ""nonzero_structure_gain_available"", ""zero_basis"": false}",False,True,True,0,0,return,return,17,17
dev_LOOP_B_b160_n92801__vs__dev_LOOP_NBV_b160_n92801,143,instance_0001,0.07813043956671784,True,,"[0.16647715780354538, 0.07611861729997633, 0.7164999173640547, 0.040904307532423516]","[0.21424537972216307, 0.08816378207239507, 0.6383694777973369, 0.05922136040810505]","{""candidates"": 8, ""positive"": 4, ""reasons"": [], ""repeated"": 0, ""state"": ""nonzero_structure_gain_available"", ""zero_basis"": false}","{""candidates"": 8, ""positive"": 4, ""reasons"": [], ""repeated"": 0, ""state"": ""nonzero_structure_gain_available"", ""zero_basis"": false}",False,True,True,0,0,return,return,17,17
dev_LOOP_B_b160_n92801__vs__dev_LOOP_NBV_b160_n92801,144,instance_0000,0.0406257506851011,True,,"[0.852574463559698, 0.05897196917365514, 0.08845356686227003, 4.0437689897847914e-10]","[0.8119487128745969, 0.0663731721516023, 0.1216781142586001, 7.15200693693589e-10]","{""candidates"": 8, ""positive"": 6, ""reasons"": [], ""repeated"": 0, ""state"": ""nonzero_structure_gain_available"", ""zero_basis"": false}","{""candidates"": 8, ""positive"": 6, ""reasons"": [], ""repeated"": 0, ""state"": ""nonzero_structure_gain_available"", ""zero_basis"": false}",False,True,True,0,0,return,return,16,16
dev_LOOP_B_b160_n92801__vs__dev_LOOP_NBV_b160_n92801,144,instance_0001,0.07813043956671784,True,,"[0.16647715780354538, 0.07611861729997633, 0.7164999173640547, 0.040904307532423516]","[0.21424537972216307, 0.08816378207239507, 0.6383694777973369, 0.05922136040810505]","{""candidates"": 8, ""positive"": 2, ""reasons"": [], ""repeated"": 0, ""state"": ""nonzero_structure_gain_available"", ""zero_basis"": false}","{""candidates"": 8, ""positive"": 2, ""reasons"": [], ""repeated"": 0, ""state"": ""nonzero_structure_gain_available"", ""zero_basis"": false}",False,True,True,0,0,return,return,16,16
dev_LOOP_B_b160_n92801__vs__dev_LOOP_NBV_b160_n92801,145,instance_0000,0.04062575052940942,True,,"[0.8525744637871937, 0.05897196918939086, 0.08845356688587246, 1.3754301665155048e-10]","[0.8119487132577843, 0.06637317218292615, 0.12167811431602434, 2.432652834288367e-10]","{""candidates"": 8, ""positive"": 5, ""reasons"": [], ""repeated"": 0, ""state"": ""nonzero_structure_gain_available"", ""zero_basis"": false}","{""candidates"": 8, ""positive"": 5, ""reasons"": [], ""repeated"": 0, ""state"": ""nonzero_structure_gain_available"", ""zero_basis"": false}",False,True,True,0,0,return,return,15,15
dev_LOOP_B_b160_n92801__vs__dev_LOOP_NBV_b160_n92801,145,instance_0001,0.07813043956671784,True,,"[0.16647715780354538, 0.07611861729997633, 0.7164999173640547, 0.040904307532423516]","[0.21424537972216307, 0.08816378207239507, 0.6383694777973369, 0.05922136040810505]","{""candidates"": 8, ""positive"": 3, ""reasons"": [], ""repeated"": 0, ""state"": ""nonzero_structure_gain_available"", ""zero_basis"": false}","{""candidates"": 8, ""positive"": 3, ""reasons"": [], ""repeated"": 0, ""state"": ""nonzero_structure_gain_available"", ""zero_basis"": false}",False,True,True,0,0,return,return,15,15
dev_LOOP_B_b160_n92801__vs__dev_LOOP_NBV_b160_n92801,146,instance_0001,0.07813043956671784,True,,"[0.16647715780354538, 0.07611861729997633, 0.7164999173640547, 0.040904307532423516]","[0.21424537972216307, 0.08816378207239507, 0.6383694777973369, 0.05922136040810505]","{""candidates"": 8, ""positive"": 1, ""reasons"": [], ""repeated"": 0, ""state"": ""nonzero_structure_gain_available"", ""zero_basis"": false}","{""candidates"": 8, ""positive"": 1, ""reasons"": [], ""repeated"": 0, ""state"": ""nonzero_structure_gain_available"", ""zero_basis"": false}",False,True,True,0,0,return,return,14,14
dev_LOOP_B_b160_n92801__vs__dev_LOOP_NBV_b160_n92801,147,instance_0001,0.07813043956671784,True,,"[0.16647715780354538, 0.07611861729997633, 0.7164999173640547, 0.040904307532423516]","[0.21424537972216307, 0.08816378207239507, 0.6383694777973369, 0.05922136040810505]","{""candidates"": 8, ""positive"": 2, ""reasons"": [], ""repeated"": 0, ""state"": ""nonzero_structure_gain_available"", ""zero_basis"": false}","{""candidates"": 8, ""positive"": 2, ""reasons"": [], ""repeated"": 0, ""state"": ""nonzero_structure_gain_available"", ""zero_basis"": false}",False,True,True,0,0,return,return,13,13
dev_LOOP_B_b160_n92801__vs__dev_LOOP_NBV_b160_n92801,148,instance_0000,0.04062575052940942,True,,"[0.8525744637871937, 0.05897196918939086, 0.08845356688587246, 1.3754301665155048e-10]","[0.8119487132577843, 0.06637317218292615, 0.12167811431602434, 2.432652834288367e-10]","{""candidates"": 8, ""positive"": 7, ""reasons"": [], ""repeated"": 0, ""state"": ""nonzero_structure_gain_available"", ""zero_basis"": false}","{""candidates"": 8, ""positive"": 7, ""reasons"": [], ""repeated"": 0, ""state"": ""nonzero_structure_gain_available"", ""zero_basis"": false}",False,True,True,0,0,return,return,12,12
dev_LOOP_B_b160_n92801__vs__dev_LOOP_NBV_b160_n92801,148,instance_0001,0.07813043956671784,True,,"[0.16647715780354538, 0.07611861729997633, 0.7164999173640547, 0.040904307532423516]","[0.21424537972216307, 0.08816378207239507, 0.6383694777973369, 0.05922136040810505]","{""candidates"": 8, ""positive"": 1, ""reasons"": [], ""repeated"": 0, ""state"": ""nonzero_structure_gain_available"", ""zero_basis"": false}","{""candidates"": 8, ""positive"": 1, ""reasons"": [], ""repeated"": 0, ""state"": ""nonzero_structure_gain_available"", ""zero_basis"": false}",False,True,True,0,0,return,return,12,12
dev_LOOP_B_b160_n92801__vs__dev_LOOP_NBV_b160_n92801,149,instance_0000,0.04062575052940942,True,,"[0.8525744637871937, 0.05897196918939086, 0.08845356688587246, 1.3754301665155048e-10]","[0.8119487132577843, 0.06637317218292615, 0.12167811431602434, 2.432652834288367e-10]","{""candidates"": 8, ""positive"": 7, ""reasons"": [], ""repeated"": 0, ""state"": ""nonzero_structure_gain_available"", ""zero_basis"": false}","{""candidates"": 8, ""positive"": 7, ""reasons"": [], ""repeated"": 0, ""state"": ""nonzero_structure_gain_available"", ""zero_basis"": false}",False,True,True,0,0,return,return,11,11
dev_LOOP_B_b160_n92801__vs__dev_LOOP_NBV_b160_n92801,149,instance_0001,0.07813043956671784,True,,"[0.16647715780354538, 0.07611861729997633, 0.7164999173640547, 0.040904307532423516]","[0.21424537972216307, 0.08816378207239507, 0.6383694777973369, 0.05922136040810505]","{""candidates"": 8, ""positive"": 3, ""reasons"": [], ""repeated"": 0, ""state"": ""nonzero_structure_gain_available"", ""zero_basis"": false}","{""candidates"": 8, ""positive"": 3, ""reasons"": [], ""repeated"": 0, ""state"": ""nonzero_structure_gain_available"", ""zero_basis"": false}",False,True,True,0,0,return,return,11,11
dev_LOOP_B_b160_n92801__vs__dev_LOOP_NBV_b160_n92801,150,instance_0000,0.04062575052940942,True,,"[0.8525744637871937, 0.05897196918939086, 0.08845356688587246, 1.3754301665155048e-10]","[0.8119487132577843, 0.06637317218292615, 0.12167811431602434, 2.432652834288367e-10]","{""candidates"": 8, ""positive"": 7, ""reasons"": [], ""repeated"": 0, ""state"": ""nonzero_structure_gain_available"", ""zero_basis"": false}","{""candidates"": 8, ""positive"": 7, ""reasons"": [], ""repeated"": 0, ""state"": ""nonzero_structure_gain_available"", ""zero_basis"": false}",False,True,True,0,0,return,return,10,10
dev_LOOP_B_b160_n92801__vs__dev_LOOP_NBV_b160_n92801,150,instance_0001,0.07813043956671784,True,,"[0.16647715780354538, 0.07611861729997633, 0.7164999173640547, 0.040904307532423516]","[0.21424537972216307, 0.08816378207239507, 0.6383694777973369, 0.05922136040810505]","{""candidates"": 8, ""positive"": 5, ""reasons"": [], ""repeated"": 0, ""state"": ""nonzero_structure_gain_available"", ""zero_basis"": false}","{""candidates"": 8, ""positive"": 5, ""reasons"": [], ""repeated"": 0, ""state"": ""nonzero_structure_gain_available"", ""zero_basis"": false}",False,True,True,0,0,return,return,10,10
dev_LOOP_B_b160_n92801__vs__dev_LOOP_NBV_b160_n92801,151,instance_0000,0.04062575052940942,True,,"[0.8525744637871937, 0.05897196918939086, 0.08845356688587246, 1.3754301665155048e-10]","[0.8119487132577843, 0.06637317218292615, 0.12167811431602434, 2.432652834288367e-10]","{""candidates"": 8, ""positive"": 8, ""reasons"": [], ""repeated"": 0, ""state"": ""nonzero_structure_gain_available"", ""zero_basis"": false}","{""candidates"": 8, ""positive"": 8, ""reasons"": [], ""repeated"": 0, ""state"": ""nonzero_structure_gain_available"", ""zero_basis"": false}",False,True,True,0,0,return,return,9,9
dev_LOOP_B_b160_n92801__vs__dev_LOOP_NBV_b160_n92801,151,instance_0001,0.07813043956671784,True,,"[0.16647715780354538, 0.07611861729997633, 0.7164999173640547, 0.040904307532423516]","[0.21424537972216307, 0.08816378207239507, 0.6383694777973369, 0.05922136040810505]","{""candidates"": 8, ""positive"": 6, ""reasons"": [], ""repeated"": 0, ""state"": ""nonzero_structure_gain_available"", ""zero_basis"": false}","{""candidates"": 8, ""positive"": 6, ""reasons"": [], ""repeated"": 0, ""state"": ""nonzero_structure_gain_available"", ""zero_basis"": false}",False,True,True,0,0,return,return,9,9
dev_LOOP_B_b160_n92801__vs__dev_LOOP_NBV_b160_n92801,152,instance_0000,0.04062575052940942,True,,"[0.8525744637871937, 0.05897196918939086, 0.08845356688587246, 1.3754301665155048e-10]","[0.8119487132577843, 0.06637317218292615, 0.12167811431602434, 2.432652834288367e-10]","{""candidates"": 8, ""positive"": 8, ""reasons"": [], ""repeated"": 0, ""state"": ""nonzero_structure_gain_available"", ""zero_basis"": false}","{""candidates"": 8, ""positive"": 8, ""reasons"": [], ""repeated"": 0, ""state"": ""nonzero_structure_gain_available"", ""zero_basis"": false}",False,True,True,0,0,return,return,8,8
dev_LOOP_B_b160_n92801__vs__dev_LOOP_NBV_b160_n92801,152,instance_0001,0.07813043956671784,True,,"[0.16647715780354538, 0.07611861729997633, 0.7164999173640547, 0.040904307532423516]","[0.21424537972216307, 0.08816378207239507, 0.6383694777973369, 0.05922136040810505]","{""candidates"": 8, ""positive"": 6, ""reasons"": [], ""repeated"": 0, ""state"": ""nonzero_structure_gain_available"", ""zero_basis"": false}","{""candidates"": 8, ""positive"": 6, ""reasons"": [], ""repeated"": 0, ""state"": ""nonzero_structure_gain_available"", ""zero_basis"": false}",False,True,True,0,0,return,return,8,8
dev_LOOP_B_b160_n92801__vs__dev_LOOP_NBV_b160_n92801,153,instance_0000,0.04062575052940942,True,,"[0.8525744637871937, 0.05897196918939086, 0.08845356688587246, 1.3754301665155048e-10]","[0.8119487132577843, 0.06637317218292615, 0.12167811431602434, 2.432652834288367e-10]","{""candidates"": 8, ""positive"": 7, ""reasons"": [], ""repeated"": 0, ""state"": ""nonzero_structure_gain_available"", ""zero_basis"": false}","{""candidates"": 8, ""positive"": 7, ""reasons"": [], ""repeated"": 0, ""state"": ""nonzero_structure_gain_available"", ""zero_basis"": false}",False,True,True,0,0,return,return,7,7
dev_LOOP_B_b160_n92801__vs__dev_LOOP_NBV_b160_n92801,153,instance_0001,0.07813043956671784,True,,"[0.16647715780354538, 0.07611861729997633, 0.7164999173640547, 0.040904307532423516]","[0.21424537972216307, 0.08816378207239507, 0.6383694777973369, 0.05922136040810505]","{""candidates"": 8, ""positive"": 7, ""reasons"": [], ""repeated"": 0, ""state"": ""nonzero_structure_gain_available"", ""zero_basis"": false}","{""candidates"": 8, ""positive"": 7, ""reasons"": [], ""repeated"": 0, ""state"": ""nonzero_structure_gain_available"", ""zero_basis"": false}",False,True,True,0,0,return,return,7,7
dev_LOOP_B_b160_n92801__vs__dev_LOOP_NBV_b160_n92801,154,instance_0000,0.04062575052940942,True,,"[0.8525744637871937, 0.05897196918939086, 0.08845356688587246, 1.3754301665155048e-10]","[0.8119487132577843, 0.06637317218292615, 0.12167811431602434, 2.432652834288367e-10]","{""candidates"": 8, ""positive"": 8, ""reasons"": [], ""repeated"": 0, ""state"": ""nonzero_structure_gain_available"", ""zero_basis"": false}","{""candidates"": 8, ""positive"": 8, ""reasons"": [], ""repeated"": 0, ""state"": ""nonzero_structure_gain_available"", ""zero_basis"": false}",False,True,True,0,0,return,return,6,6
dev_LOOP_B_b160_n92801__vs__dev_LOOP_NBV_b160_n92801,154,instance_0001,0.07813043956671784,True,,"[0.16647715780354538, 0.07611861729997633, 0.7164999173640547, 0.040904307532423516]","[0.21424537972216307, 0.08816378207239507, 0.6383694777973369, 0.05922136040810505]","{""candidates"": 8, ""positive"": 8, ""reasons"": [], ""repeated"": 0, ""state"": ""nonzero_structure_gain_available"", ""zero_basis"": false}","{""candidates"": 8, ""positive"": 8, ""reasons"": [], ""repeated"": 0, ""state"": ""nonzero_structure_gain_available"", ""zero_basis"": false}",False,True,True,0,0,return,return,6,6
dev_LOOP_B_b160_n92801__vs__dev_LOOP_NBV_b160_n92801,155,instance_0000,0.04062575052940942,True,,"[0.8525744637871937, 0.05897196918939086, 0.08845356688587246, 1.3754301665155048e-10]","[0.8119487132577843, 0.06637317218292615, 0.12167811431602434, 2.432652834288367e-10]","{""candidates"": 8, ""positive"": 8, ""reasons"": [], ""repeated"": 0, ""state"": ""nonzero_structure_gain_available"", ""zero_basis"": false}","{""candidates"": 8, ""positive"": 8, ""reasons"": [], ""repeated"": 0, ""state"": ""nonzero_structure_gain_available"", ""zero_basis"": false}",False,True,True,0,0,return,return,5,5
dev_LOOP_B_b160_n92801__vs__dev_LOOP_NBV_b160_n92801,155,instance_0001,0.07813043956671784,True,,"[0.16647715780354538, 0.07611861729997633, 0.7164999173640547, 0.040904307532423516]","[0.21424537972216307, 0.08816378207239507, 0.6383694777973369, 0.05922136040810505]","{""candidates"": 8, ""positive"": 8, ""reasons"": [], ""repeated"": 0, ""state"": ""nonzero_structure_gain_available"", ""zero_basis"": false}","{""candidates"": 8, ""positive"": 8, ""reasons"": [], ""repeated"": 0, ""state"": ""nonzero_structure_gain_available"", ""zero_basis"": false}",False,True,True,0,0,return,return,5,5
dev_LOOP_B_b160_n92801__vs__dev_LOOP_NBV_b160_n92801,156,instance_0000,0.04062575052940942,True,,"[0.8525744637871937, 0.05897196918939086, 0.08845356688587246, 1.3754301665155048e-10]","[0.8119487132577843, 0.06637317218292615, 0.12167811431602434, 2.432652834288367e-10]","{""candidates"": 8, ""positive"": 8, ""reasons"": [], ""repeated"": 0, ""state"": ""nonzero_structure_gain_available"", ""zero_basis"": false}","{""candidates"": 8, ""positive"": 8, ""reasons"": [], ""repeated"": 0, ""state"": ""nonzero_structure_gain_available"", ""zero_basis"": false}",False,True,True,0,0,return,return,4,4
dev_LOOP_B_b160_n92801__vs__dev_LOOP_NBV_b160_n92801,156,instance_0001,0.07813043956671784,True,,"[0.16647715780354538, 0.07611861729997633, 0.7164999173640547, 0.040904307532423516]","[0.21424537972216307, 0.08816378207239507, 0.6383694777973369, 0.05922136040810505]","{""candidates"": 8, ""positive"": 8, ""reasons"": [], ""repeated"": 0, ""state"": ""nonzero_structure_gain_available"", ""zero_basis"": false}","{""candidates"": 8, ""positive"": 8, ""reasons"": [], ""repeated"": 0, ""state"": ""nonzero_structure_gain_available"", ""zero_basis"": false}",False,True,True,0,0,return,return,4,4
dev_LOOP_B_b160_n92801__vs__dev_LOOP_NBV_b160_n92801,157,instance_0000,0.04062575052940942,True,,"[0.8525744637871937, 0.05897196918939086, 0.08845356688587246, 1.3754301665155048e-10]","[0.8119487132577843, 0.06637317218292615, 0.12167811431602434, 2.432652834288367e-10]","{""candidates"": 8, ""positive"": 8, ""reasons"": [], ""repeated"": 0, ""state"": ""nonzero_structure_gain_available"", ""zero_basis"": false}","{""candidates"": 8, ""positive"": 8, ""reasons"": [], ""repeated"": 0, ""state"": ""nonzero_structure_gain_available"", ""zero_basis"": false}",False,True,True,0,0,return,return,3,3
dev_LOOP_B_b160_n92801__vs__dev_LOOP_NBV_b160_n92801,157,instance_0001,0.07813043956671784,True,,"[0.16647715780354538, 0.07611861729997633, 0.7164999173640547, 0.040904307532423516]","[0.21424537972216307, 0.08816378207239507, 0.6383694777973369, 0.05922136040810505]","{""candidates"": 8, ""positive"": 8, ""reasons"": [], ""repeated"": 0, ""state"": ""nonzero_structure_gain_available"", ""zero_basis"": false}","{""candidates"": 8, ""positive"": 8, ""reasons"": [], ""repeated"": 0, ""state"": ""nonzero_structure_gain_available"", ""zero_basis"": false}",False,True,True,0,0,return,return,3,3
dev_LOOP_B_b160_n92801__vs__dev_LOOP_NBV_b160_n92801,158,instance_0000,0.04062575052940942,True,,"[0.8525744637871937, 0.05897196918939086, 0.08845356688587246, 1.3754301665155048e-10]","[0.8119487132577843, 0.06637317218292615, 0.12167811431602434, 2.432652834288367e-10]","{""candidates"": 8, ""positive"": 8, ""reasons"": [], ""repeated"": 0, ""state"": ""nonzero_structure_gain_available"", ""zero_basis"": false}","{""candidates"": 8, ""positive"": 8, ""reasons"": [], ""repeated"": 0, ""state"": ""nonzero_structure_gain_available"", ""zero_basis"": false}",False,True,True,0,0,return,return,2,2
dev_LOOP_B_b160_n92801__vs__dev_LOOP_NBV_b160_n92801,158,instance_0001,0.07813043956671784,True,,"[0.16647715780354538, 0.07611861729997633, 0.7164999173640547, 0.040904307532423516]","[0.21424537972216307, 0.08816378207239507, 0.6383694777973369, 0.05922136040810505]","{""candidates"": 8, ""positive"": 8, ""reasons"": [], ""repeated"": 0, ""state"": ""nonzero_structure_gain_available"", ""zero_basis"": false}","{""candidates"": 8, ""positive"": 8, ""reasons"": [], ""repeated"": 0, ""state"": ""nonzero_structure_gain_available"", ""zero_basis"": false}",False,True,True,0,0,return,return,2,2
dev_LOOP_B_b160_n92801__vs__dev_LOOP_NBV_b160_n92801,159,instance_0000,0.04062575052940942,True,,"[0.8525744637871937, 0.05897196918939086, 0.08845356688587246, 1.3754301665155048e-10]","[0.8119487132577843, 0.06637317218292615, 0.12167811431602434, 2.432652834288367e-10]","{""candidates"": 8, ""positive"": 8, ""reasons"": [], ""repeated"": 0, ""state"": ""nonzero_structure_gain_available"", ""zero_basis"": false}","{""candidates"": 8, ""positive"": 8, ""reasons"": [], ""repeated"": 0, ""state"": ""nonzero_structure_gain_available"", ""zero_basis"": false}",False,True,True,0,0,return,return,1,1
dev_LOOP_B_b160_n92801__vs__dev_LOOP_NBV_b160_n92801,159,instance_0001,0.07813043956671784,True,,"[0.16647715780354538, 0.07611861729997633, 0.7164999173640547, 0.040904307532423516]","[0.21424537972216307, 0.08816378207239507, 0.6383694777973369, 0.05922136040810505]","{""candidates"": 8, ""positive"": 8, ""reasons"": [], ""repeated"": 0, ""state"": ""nonzero_structure_gain_available"", ""zero_basis"": false}","{""candidates"": 8, ""positive"": 8, ""reasons"": [], ""repeated"": 0, ""state"": ""nonzero_structure_gain_available"", ""zero_basis"": false}",False,True,True,0,0,return,return,1,1
dev_LOOP_B_b160_n92801__vs__dev_LOOP_NBV_b160_n92801,160,instance_0000,0.0200667832445105,True,,"[0.937237069120559, 0.022905630333119098, 0.039857300508048685, 3.8273167210633e-11]","[0.9171702858760485, 0.026490699948970037, 0.05633901410542453, 6.955690253079316e-11]","{""candidates"": 8, ""positive"": 8, ""reasons"": [], ""repeated"": 0, ""state"": ""nonzero_structure_gain_available"", ""zero_basis"": false}","{""candidates"": 8, ""positive"": 8, ""reasons"": [], ""repeated"": 0, ""state"": ""nonzero_structure_gain_available"", ""zero_basis"": false}",False,True,True,0,0,home_xy_and_yaw_reached,home_xy_and_yaw_reached,0,0
dev_LOOP_B_b160_n92801__vs__dev_LOOP_NBV_b160_n92801,160,instance_0001,0.07813043956671784,True,,"[0.16647715780354538, 0.07611861729997633, 0.7164999173640547, 0.040904307532423516]","[0.21424537972216307, 0.08816378207239507, 0.6383694777973369, 0.05922136040810505]","{""candidates"": 8, ""positive"": 8, ""reasons"": [], ""repeated"": 0, ""state"": ""nonzero_structure_gain_available"", ""zero_basis"": false}","{""candidates"": 8, ""positive"": 8, ""reasons"": [], ""repeated"": 0, ""state"": ""nonzero_structure_gain_available"", ""zero_basis"": false}",False,True,True,0,0,home_xy_and_yaw_reached,home_xy_and_yaw_reached,0,0
