cohort,parent,configuration,method,run_id,paid_step,action,source_x_m,source_y_m,display_x_m,display_y_m,heading_dx,heading_dy,return_slack_actions,source_file,cumulative_translation_m
V36_local_confirmation,P00,h0,G,V36_case00,0,initial,0.0,0.0,0.0,0.0,0.0,1.0,42,audit_results/v36_online_confirmation_20260918/case00/trace.json,0.0
V36_local_confirmation,P00,h0,G,V36_case00,1,left,0.0,0.0,0.0,0.0,-1.0,0.0,40,audit_results/v36_online_confirmation_20260918/case00/trace.json,0.0
V36_local_confirmation,P00,h0,G,V36_case00,2,forward,-1.0,0.0,-1.0,0.0,-1.0,0.0,36,audit_results/v36_online_confirmation_20260918/case00/trace.json,1.0
V36_local_confirmation,P00,h0,G,V36_case00,3,forward,-2.0,0.0,-2.0,0.0,-1.0,0.0,34,audit_results/v36_online_confirmation_20260918/case00/trace.json,2.0
V36_local_confirmation,P00,h0,G,V36_case00,4,forward,-3.0,0.0,-3.0,0.0,-1.0,0.0,32,audit_results/v36_online_confirmation_20260918/case00/trace.json,3.0
V36_local_confirmation,P00,h0,G,V36_case00,5,right,-3.0,0.0,-3.0,0.0,0.0,1.0,32,audit_results/v36_online_confirmation_20260918/case00/trace.json,3.0
V36_local_confirmation,P00,h0,G,V36_case00,6,right,-3.0,0.0,-3.0,0.0,1.0,0.0,32,audit_results/v36_online_confirmation_20260918/case00/trace.json,3.0
V36_local_confirmation,P00,h0,G,V36_case00,7,forward,-2.0,0.0,-2.0,0.0,1.0,0.0,32,audit_results/v36_online_confirmation_20260918/case00/trace.json,4.0
V36_local_confirmation,P00,h0,G,V36_case00,8,forward,-1.0,0.0,-1.0,0.0,1.0,0.0,32,audit_results/v36_online_confirmation_20260918/case00/trace.json,5.0
V36_local_confirmation,P00,h0,G,V36_case00,9,forward,0.0,0.0,0.0,0.0,1.0,0.0,32,audit_results/v36_online_confirmation_20260918/case00/trace.json,6.0
V36_local_confirmation,P00,h0,G,V36_case00,10,forward,1.0,0.0,1.0,0.0,1.0,0.0,28,audit_results/v36_online_confirmation_20260918/case00/trace.json,7.0
V36_local_confirmation,P00,h0,G,V36_case00,11,forward,2.0,0.0,2.0,0.0,1.0,0.0,26,audit_results/v36_online_confirmation_20260918/case00/trace.json,8.0
V36_local_confirmation,P00,h0,G,V36_case00,12,forward,3.0,0.0,3.0,0.0,1.0,0.0,24,audit_results/v36_online_confirmation_20260918/case00/trace.json,9.0
V36_local_confirmation,P00,h0,G,V36_case00,13,left,3.0,0.0,3.0,0.0,0.0,1.0,24,audit_results/v36_online_confirmation_20260918/case00/trace.json,9.0
V36_local_confirmation,P00,h0,G,V36_case00,14,left,3.0,0.0,3.0,0.0,-1.0,0.0,24,audit_results/v36_online_confirmation_20260918/case00/trace.json,9.0
V36_local_confirmation,P00,h0,G,V36_case00,15,forward,2.0,0.0,2.0,0.0,-1.0,0.0,24,audit_results/v36_online_confirmation_20260918/case00/trace.json,10.0
V36_local_confirmation,P00,h0,G,V36_case00,16,forward,1.0,0.0,1.0,0.0,-1.0,0.0,24,audit_results/v36_online_confirmation_20260918/case00/trace.json,11.0
V36_local_confirmation,P00,h0,G,V36_case00,17,forward,0.0,0.0,0.0,0.0,-1.0,0.0,24,audit_results/v36_online_confirmation_20260918/case00/trace.json,12.0
V36_local_confirmation,P00,h0,G,V36_case00,18,right,0.0,0.0,0.0,0.0,0.0,1.0,24,audit_results/v36_online_confirmation_20260918/case00/trace.json,12.0
V36_local_confirmation,P00,h0,G,V36_case00,19,left,0.0,0.0,0.0,0.0,-1.0,0.0,22,audit_results/v36_online_confirmation_20260918/case00/trace.json,12.0
V36_local_confirmation,P00,h0,G,V36_case00,20,forward,-1.0,0.0,-1.0,0.0,-1.0,0.0,18,audit_results/v36_online_confirmation_20260918/case00/trace.json,13.0
V36_local_confirmation,P00,h0,G,V36_case00,21,forward,-2.0,0.0,-2.0,0.0,-1.0,0.0,16,audit_results/v36_online_confirmation_20260918/case00/trace.json,14.0
V36_local_confirmation,P00,h0,G,V36_case00,22,forward,-3.0,0.0,-3.0,0.0,-1.0,0.0,14,audit_results/v36_online_confirmation_20260918/case00/trace.json,15.0
V36_local_confirmation,P00,h0,G,V36_case00,23,right,-3.0,0.0,-3.0,0.0,0.0,1.0,14,audit_results/v36_online_confirmation_20260918/case00/trace.json,15.0
V36_local_confirmation,P00,h0,G,V36_case00,24,forward,-3.0,1.0,-3.0,1.0,0.0,1.0,10,audit_results/v36_online_confirmation_20260918/case00/trace.json,16.0
V36_local_confirmation,P00,h0,G,V36_case00,25,forward,-3.0,2.0,-3.0,2.0,0.0,1.0,8,audit_results/v36_online_confirmation_20260918/case00/trace.json,17.0
V36_local_confirmation,P00,h0,G,V36_case00,26,forward,-3.0,3.0,-3.0,3.0,0.0,1.0,6,audit_results/v36_online_confirmation_20260918/case00/trace.json,18.0
V36_local_confirmation,P00,h0,G,V36_case00,27,forward,-3.0,4.0,-3.0,4.0,0.0,1.0,4,audit_results/v36_online_confirmation_20260918/case00/trace.json,19.0
V36_local_confirmation,P00,h0,G,V36_case00,28,right,-3.0,4.0,-3.0,4.0,1.0,0.0,4,audit_results/v36_online_confirmation_20260918/case00/trace.json,19.0
V36_local_confirmation,P00,h0,G,V36_case00,29,right,-3.0,4.0,-3.0,4.0,0.0,-1.0,4,audit_results/v36_online_confirmation_20260918/case00/trace.json,19.0
V36_local_confirmation,P00,h0,G,V36_case00,30,forward,-3.0,3.0,-3.0,3.0,0.0,-1.0,4,audit_results/v36_online_confirmation_20260918/case00/trace.json,20.0
V36_local_confirmation,P00,h0,G,V36_case00,31,left,-3.0,3.0,-3.0,3.0,1.0,0.0,2,audit_results/v36_online_confirmation_20260918/case00/trace.json,20.0
V36_local_confirmation,P00,h0,G,V36_case00,32,right,-3.0,3.0,-3.0,3.0,0.0,-1.0,2,audit_results/v36_online_confirmation_20260918/case00/trace.json,20.0
V36_local_confirmation,P00,h0,G,V36_case00,33,forward,-3.0,2.0,-3.0,2.0,0.0,-1.0,2,audit_results/v36_online_confirmation_20260918/case00/trace.json,21.0
V36_local_confirmation,P00,h0,G,V36_case00,34,left,-3.0,2.0,-3.0,2.0,1.0,0.0,0,audit_results/v36_online_confirmation_20260918/case00/trace.json,21.0
V36_local_confirmation,P00,h0,G,V36_case00,35,right,-3.0,2.0,-3.0,2.0,0.0,-1.0,0,audit_results/v36_online_confirmation_20260918/case00/trace.json,21.0
V36_local_confirmation,P00,h0,G,V36_case00,36,forward,-3.0,1.0,-3.0,1.0,0.0,-1.0,0,audit_results/v36_online_confirmation_20260918/case00/trace.json,22.0
V36_local_confirmation,P00,h0,G,V36_case00,37,forward,-3.0,0.0,-3.0,0.0,0.0,-1.0,0,audit_results/v36_online_confirmation_20260918/case00/trace.json,23.0
V36_local_confirmation,P00,h0,G,V36_case00,38,left,-3.0,0.0,-3.0,0.0,1.0,0.0,0,audit_results/v36_online_confirmation_20260918/case00/trace.json,23.0
V36_local_confirmation,P00,h0,G,V36_case00,39,forward,-2.0,0.0,-2.0,0.0,1.0,0.0,0,audit_results/v36_online_confirmation_20260918/case00/trace.json,24.0
V36_local_confirmation,P00,h0,G,V36_case00,40,forward,-1.0,0.0,-1.0,0.0,1.0,0.0,0,audit_results/v36_online_confirmation_20260918/case00/trace.json,25.0
V36_local_confirmation,P00,h0,G,V36_case00,41,forward,0.0,0.0,0.0,0.0,1.0,0.0,0,audit_results/v36_online_confirmation_20260918/case00/trace.json,26.0
V36_local_confirmation,P00,h0,G,V36_case00,42,left,0.0,0.0,0.0,0.0,0.0,1.0,0,audit_results/v36_online_confirmation_20260918/case00/trace.json,26.0
V36_local_confirmation,P00,h0,S,V36_case01,0,initial,0.0,0.0,0.0,0.0,0.0,1.0,42,audit_results/v36_online_confirmation_20260918/case01/trace.json,0.0
V36_local_confirmation,P00,h0,S,V36_case01,1,left,0.0,0.0,0.0,0.0,-1.0,0.0,40,audit_results/v36_online_confirmation_20260918/case01/trace.json,0.0
V36_local_confirmation,P00,h0,S,V36_case01,2,forward,-1.0,0.0,-1.0,0.0,-1.0,0.0,36,audit_results/v36_online_confirmation_20260918/case01/trace.json,1.0
V36_local_confirmation,P00,h0,S,V36_case01,3,forward,-2.0,0.0,-2.0,0.0,-1.0,0.0,34,audit_results/v36_online_confirmation_20260918/case01/trace.json,2.0
V36_local_confirmation,P00,h0,S,V36_case01,4,forward,-3.0,0.0,-3.0,0.0,-1.0,0.0,32,audit_results/v36_online_confirmation_20260918/case01/trace.json,3.0
V36_local_confirmation,P00,h0,S,V36_case01,5,right,-3.0,0.0,-3.0,0.0,0.0,1.0,32,audit_results/v36_online_confirmation_20260918/case01/trace.json,3.0
V36_local_confirmation,P00,h0,S,V36_case01,6,right,-3.0,0.0,-3.0,0.0,1.0,0.0,32,audit_results/v36_online_confirmation_20260918/case01/trace.json,3.0
V36_local_confirmation,P00,h0,S,V36_case01,7,forward,-2.0,0.0,-2.0,0.0,1.0,0.0,32,audit_results/v36_online_confirmation_20260918/case01/trace.json,4.0
V36_local_confirmation,P00,h0,S,V36_case01,8,forward,-1.0,0.0,-1.0,0.0,1.0,0.0,32,audit_results/v36_online_confirmation_20260918/case01/trace.json,5.0
V36_local_confirmation,P00,h0,S,V36_case01,9,forward,0.0,0.0,0.0,0.0,1.0,0.0,32,audit_results/v36_online_confirmation_20260918/case01/trace.json,6.0
V36_local_confirmation,P00,h0,S,V36_case01,10,forward,1.0,0.0,1.0,0.0,1.0,0.0,28,audit_results/v36_online_confirmation_20260918/case01/trace.json,7.0
V36_local_confirmation,P00,h0,S,V36_case01,11,forward,2.0,0.0,2.0,0.0,1.0,0.0,26,audit_results/v36_online_confirmation_20260918/case01/trace.json,8.0
V36_local_confirmation,P00,h0,S,V36_case01,12,forward,3.0,0.0,3.0,0.0,1.0,0.0,24,audit_results/v36_online_confirmation_20260918/case01/trace.json,9.0
V36_local_confirmation,P00,h0,S,V36_case01,13,left,3.0,0.0,3.0,0.0,0.0,1.0,24,audit_results/v36_online_confirmation_20260918/case01/trace.json,9.0
V36_local_confirmation,P00,h0,S,V36_case01,14,left,3.0,0.0,3.0,0.0,-1.0,0.0,24,audit_results/v36_online_confirmation_20260918/case01/trace.json,9.0
V36_local_confirmation,P00,h0,S,V36_case01,15,forward,2.0,0.0,2.0,0.0,-1.0,0.0,24,audit_results/v36_online_confirmation_20260918/case01/trace.json,10.0
V36_local_confirmation,P00,h0,S,V36_case01,16,forward,1.0,0.0,1.0,0.0,-1.0,0.0,24,audit_results/v36_online_confirmation_20260918/case01/trace.json,11.0
V36_local_confirmation,P00,h0,S,V36_case01,17,forward,0.0,0.0,0.0,0.0,-1.0,0.0,24,audit_results/v36_online_confirmation_20260918/case01/trace.json,12.0
V36_local_confirmation,P00,h0,S,V36_case01,18,right,0.0,0.0,0.0,0.0,0.0,1.0,24,audit_results/v36_online_confirmation_20260918/case01/trace.json,12.0
V36_local_confirmation,P00,h0,S,V36_case01,19,left,0.0,0.0,0.0,0.0,-1.0,0.0,22,audit_results/v36_online_confirmation_20260918/case01/trace.json,12.0
V36_local_confirmation,P00,h0,S,V36_case01,20,forward,-1.0,0.0,-1.0,0.0,-1.0,0.0,18,audit_results/v36_online_confirmation_20260918/case01/trace.json,13.0
V36_local_confirmation,P00,h0,S,V36_case01,21,forward,-2.0,0.0,-2.0,0.0,-1.0,0.0,16,audit_results/v36_online_confirmation_20260918/case01/trace.json,14.0
V36_local_confirmation,P00,h0,S,V36_case01,22,forward,-3.0,0.0,-3.0,0.0,-1.0,0.0,14,audit_results/v36_online_confirmation_20260918/case01/trace.json,15.0
V36_local_confirmation,P00,h0,S,V36_case01,23,right,-3.0,0.0,-3.0,0.0,0.0,1.0,14,audit_results/v36_online_confirmation_20260918/case01/trace.json,15.0
V36_local_confirmation,P00,h0,S,V36_case01,24,forward,-3.0,1.0,-3.0,1.0,0.0,1.0,10,audit_results/v36_online_confirmation_20260918/case01/trace.json,16.0
V36_local_confirmation,P00,h0,S,V36_case01,25,forward,-3.0,2.0,-3.0,2.0,0.0,1.0,8,audit_results/v36_online_confirmation_20260918/case01/trace.json,17.0
V36_local_confirmation,P00,h0,S,V36_case01,26,forward,-3.0,3.0,-3.0,3.0,0.0,1.0,6,audit_results/v36_online_confirmation_20260918/case01/trace.json,18.0
V36_local_confirmation,P00,h0,S,V36_case01,27,forward,-3.0,4.0,-3.0,4.0,0.0,1.0,4,audit_results/v36_online_confirmation_20260918/case01/trace.json,19.0
V36_local_confirmation,P00,h0,S,V36_case01,28,right,-3.0,4.0,-3.0,4.0,1.0,0.0,4,audit_results/v36_online_confirmation_20260918/case01/trace.json,19.0
V36_local_confirmation,P00,h0,S,V36_case01,29,right,-3.0,4.0,-3.0,4.0,0.0,-1.0,4,audit_results/v36_online_confirmation_20260918/case01/trace.json,19.0
V36_local_confirmation,P00,h0,S,V36_case01,30,forward,-3.0,3.0,-3.0,3.0,0.0,-1.0,4,audit_results/v36_online_confirmation_20260918/case01/trace.json,20.0
V36_local_confirmation,P00,h0,S,V36_case01,31,left,-3.0,3.0,-3.0,3.0,1.0,0.0,2,audit_results/v36_online_confirmation_20260918/case01/trace.json,20.0
V36_local_confirmation,P00,h0,S,V36_case01,32,right,-3.0,3.0,-3.0,3.0,0.0,-1.0,2,audit_results/v36_online_confirmation_20260918/case01/trace.json,20.0
V36_local_confirmation,P00,h0,S,V36_case01,33,forward,-3.0,2.0,-3.0,2.0,0.0,-1.0,2,audit_results/v36_online_confirmation_20260918/case01/trace.json,21.0
V36_local_confirmation,P00,h0,S,V36_case01,34,left,-3.0,2.0,-3.0,2.0,1.0,0.0,0,audit_results/v36_online_confirmation_20260918/case01/trace.json,21.0
V36_local_confirmation,P00,h0,S,V36_case01,35,right,-3.0,2.0,-3.0,2.0,0.0,-1.0,0,audit_results/v36_online_confirmation_20260918/case01/trace.json,21.0
V36_local_confirmation,P00,h0,S,V36_case01,36,forward,-3.0,1.0,-3.0,1.0,0.0,-1.0,0,audit_results/v36_online_confirmation_20260918/case01/trace.json,22.0
V36_local_confirmation,P00,h0,S,V36_case01,37,forward,-3.0,0.0,-3.0,0.0,0.0,-1.0,0,audit_results/v36_online_confirmation_20260918/case01/trace.json,23.0
V36_local_confirmation,P00,h0,S,V36_case01,38,left,-3.0,0.0,-3.0,0.0,1.0,0.0,0,audit_results/v36_online_confirmation_20260918/case01/trace.json,23.0
V36_local_confirmation,P00,h0,S,V36_case01,39,forward,-2.0,0.0,-2.0,0.0,1.0,0.0,0,audit_results/v36_online_confirmation_20260918/case01/trace.json,24.0
V36_local_confirmation,P00,h0,S,V36_case01,40,forward,-1.0,0.0,-1.0,0.0,1.0,0.0,0,audit_results/v36_online_confirmation_20260918/case01/trace.json,25.0
V36_local_confirmation,P00,h0,S,V36_case01,41,forward,0.0,0.0,0.0,0.0,1.0,0.0,0,audit_results/v36_online_confirmation_20260918/case01/trace.json,26.0
V36_local_confirmation,P00,h0,S,V36_case01,42,left,0.0,0.0,0.0,0.0,0.0,1.0,0,audit_results/v36_online_confirmation_20260918/case01/trace.json,26.0
V36_local_confirmation,P00,h1,G,V36_case02,0,initial,0.0,0.0,0.0,0.0,0.0,1.0,42,audit_results/v36_online_confirmation_20260918/case02/trace.json,0.0
V36_local_confirmation,P00,h1,G,V36_case02,1,left,0.0,0.0,0.0,0.0,-1.0,0.0,40,audit_results/v36_online_confirmation_20260918/case02/trace.json,0.0
V36_local_confirmation,P00,h1,G,V36_case02,2,forward,-1.0,0.0,-1.0,0.0,-1.0,0.0,36,audit_results/v36_online_confirmation_20260918/case02/trace.json,1.0
V36_local_confirmation,P00,h1,G,V36_case02,3,forward,-2.0,0.0,-2.0,0.0,-1.0,0.0,34,audit_results/v36_online_confirmation_20260918/case02/trace.json,2.0
V36_local_confirmation,P00,h1,G,V36_case02,4,forward,-3.0,0.0,-3.0,0.0,-1.0,0.0,32,audit_results/v36_online_confirmation_20260918/case02/trace.json,3.0
V36_local_confirmation,P00,h1,G,V36_case02,5,right,-3.0,0.0,-3.0,0.0,0.0,1.0,32,audit_results/v36_online_confirmation_20260918/case02/trace.json,3.0
V36_local_confirmation,P00,h1,G,V36_case02,6,right,-3.0,0.0,-3.0,0.0,1.0,0.0,32,audit_results/v36_online_confirmation_20260918/case02/trace.json,3.0
V36_local_confirmation,P00,h1,G,V36_case02,7,forward,-2.0,0.0,-2.0,0.0,1.0,0.0,32,audit_results/v36_online_confirmation_20260918/case02/trace.json,4.0
V36_local_confirmation,P00,h1,G,V36_case02,8,forward,-1.0,0.0,-1.0,0.0,1.0,0.0,32,audit_results/v36_online_confirmation_20260918/case02/trace.json,5.0
V36_local_confirmation,P00,h1,G,V36_case02,9,forward,0.0,0.0,0.0,0.0,1.0,0.0,32,audit_results/v36_online_confirmation_20260918/case02/trace.json,6.0
V36_local_confirmation,P00,h1,G,V36_case02,10,forward,1.0,0.0,1.0,0.0,1.0,0.0,28,audit_results/v36_online_confirmation_20260918/case02/trace.json,7.0
V36_local_confirmation,P00,h1,G,V36_case02,11,forward,2.0,0.0,2.0,0.0,1.0,0.0,26,audit_results/v36_online_confirmation_20260918/case02/trace.json,8.0
V36_local_confirmation,P00,h1,G,V36_case02,12,forward,3.0,0.0,3.0,0.0,1.0,0.0,24,audit_results/v36_online_confirmation_20260918/case02/trace.json,9.0
V36_local_confirmation,P00,h1,G,V36_case02,13,left,3.0,0.0,3.0,0.0,0.0,1.0,24,audit_results/v36_online_confirmation_20260918/case02/trace.json,9.0
V36_local_confirmation,P00,h1,G,V36_case02,14,left,3.0,0.0,3.0,0.0,-1.0,0.0,24,audit_results/v36_online_confirmation_20260918/case02/trace.json,9.0
V36_local_confirmation,P00,h1,G,V36_case02,15,forward,2.0,0.0,2.0,0.0,-1.0,0.0,24,audit_results/v36_online_confirmation_20260918/case02/trace.json,10.0
V36_local_confirmation,P00,h1,G,V36_case02,16,forward,1.0,0.0,1.0,0.0,-1.0,0.0,24,audit_results/v36_online_confirmation_20260918/case02/trace.json,11.0
V36_local_confirmation,P00,h1,G,V36_case02,17,forward,0.0,0.0,0.0,0.0,-1.0,0.0,24,audit_results/v36_online_confirmation_20260918/case02/trace.json,12.0
V36_local_confirmation,P00,h1,G,V36_case02,18,right,0.0,0.0,0.0,0.0,0.0,1.0,24,audit_results/v36_online_confirmation_20260918/case02/trace.json,12.0
V36_local_confirmation,P00,h1,G,V36_case02,19,left,0.0,0.0,0.0,0.0,-1.0,0.0,22,audit_results/v36_online_confirmation_20260918/case02/trace.json,12.0
V36_local_confirmation,P00,h1,G,V36_case02,20,forward,-1.0,0.0,-1.0,0.0,-1.0,0.0,18,audit_results/v36_online_confirmation_20260918/case02/trace.json,13.0
V36_local_confirmation,P00,h1,G,V36_case02,21,forward,-2.0,0.0,-2.0,0.0,-1.0,0.0,16,audit_results/v36_online_confirmation_20260918/case02/trace.json,14.0
V36_local_confirmation,P00,h1,G,V36_case02,22,forward,-3.0,0.0,-3.0,0.0,-1.0,0.0,14,audit_results/v36_online_confirmation_20260918/case02/trace.json,15.0
V36_local_confirmation,P00,h1,G,V36_case02,23,right,-3.0,0.0,-3.0,0.0,0.0,1.0,14,audit_results/v36_online_confirmation_20260918/case02/trace.json,15.0
V36_local_confirmation,P00,h1,G,V36_case02,24,forward,-3.0,1.0,-3.0,1.0,0.0,1.0,10,audit_results/v36_online_confirmation_20260918/case02/trace.json,16.0
V36_local_confirmation,P00,h1,G,V36_case02,25,forward,-3.0,2.0,-3.0,2.0,0.0,1.0,8,audit_results/v36_online_confirmation_20260918/case02/trace.json,17.0
V36_local_confirmation,P00,h1,G,V36_case02,26,forward,-3.0,3.0,-3.0,3.0,0.0,1.0,6,audit_results/v36_online_confirmation_20260918/case02/trace.json,18.0
V36_local_confirmation,P00,h1,G,V36_case02,27,forward,-3.0,4.0,-3.0,4.0,0.0,1.0,4,audit_results/v36_online_confirmation_20260918/case02/trace.json,19.0
V36_local_confirmation,P00,h1,G,V36_case02,28,right,-3.0,4.0,-3.0,4.0,1.0,0.0,4,audit_results/v36_online_confirmation_20260918/case02/trace.json,19.0
V36_local_confirmation,P00,h1,G,V36_case02,29,forward,-2.0,4.0,-2.0,4.0,1.0,0.0,0,audit_results/v36_online_confirmation_20260918/case02/trace.json,20.0
V36_local_confirmation,P00,h1,G,V36_case02,30,left,-2.0,4.0,-2.0,4.0,0.0,1.0,0,audit_results/v36_online_confirmation_20260918/case02/trace.json,20.0
V36_local_confirmation,P00,h1,G,V36_case02,31,left,-2.0,4.0,-2.0,4.0,-1.0,0.0,0,audit_results/v36_online_confirmation_20260918/case02/trace.json,20.0
V36_local_confirmation,P00,h1,G,V36_case02,32,forward,-3.0,4.0,-3.0,4.0,-1.0,0.0,0,audit_results/v36_online_confirmation_20260918/case02/trace.json,21.0
V36_local_confirmation,P00,h1,G,V36_case02,33,left,-3.0,4.0,-3.0,4.0,0.0,-1.0,0,audit_results/v36_online_confirmation_20260918/case02/trace.json,21.0
V36_local_confirmation,P00,h1,G,V36_case02,34,forward,-3.0,3.0,-3.0,3.0,0.0,-1.0,0,audit_results/v36_online_confirmation_20260918/case02/trace.json,22.0
V36_local_confirmation,P00,h1,G,V36_case02,35,forward,-3.0,2.0,-3.0,2.0,0.0,-1.0,0,audit_results/v36_online_confirmation_20260918/case02/trace.json,23.0
V36_local_confirmation,P00,h1,G,V36_case02,36,forward,-3.0,1.0,-3.0,1.0,0.0,-1.0,0,audit_results/v36_online_confirmation_20260918/case02/trace.json,24.0
V36_local_confirmation,P00,h1,G,V36_case02,37,forward,-3.0,0.0,-3.0,0.0,0.0,-1.0,0,audit_results/v36_online_confirmation_20260918/case02/trace.json,25.0
V36_local_confirmation,P00,h1,G,V36_case02,38,left,-3.0,0.0,-3.0,0.0,1.0,0.0,0,audit_results/v36_online_confirmation_20260918/case02/trace.json,25.0
V36_local_confirmation,P00,h1,G,V36_case02,39,forward,-2.0,0.0,-2.0,0.0,1.0,0.0,0,audit_results/v36_online_confirmation_20260918/case02/trace.json,26.0
V36_local_confirmation,P00,h1,G,V36_case02,40,forward,-1.0,0.0,-1.0,0.0,1.0,0.0,0,audit_results/v36_online_confirmation_20260918/case02/trace.json,27.0
V36_local_confirmation,P00,h1,G,V36_case02,41,forward,0.0,0.0,0.0,0.0,1.0,0.0,0,audit_results/v36_online_confirmation_20260918/case02/trace.json,28.0
V36_local_confirmation,P00,h1,G,V36_case02,42,left,0.0,0.0,0.0,0.0,0.0,1.0,0,audit_results/v36_online_confirmation_20260918/case02/trace.json,28.0
V36_local_confirmation,P00,h1,S,V36_case03,0,initial,0.0,0.0,0.0,0.0,0.0,1.0,42,audit_results/v36_online_confirmation_20260918/case03/trace.json,0.0
V36_local_confirmation,P00,h1,S,V36_case03,1,left,0.0,0.0,0.0,0.0,-1.0,0.0,40,audit_results/v36_online_confirmation_20260918/case03/trace.json,0.0
V36_local_confirmation,P00,h1,S,V36_case03,2,forward,-1.0,0.0,-1.0,0.0,-1.0,0.0,36,audit_results/v36_online_confirmation_20260918/case03/trace.json,1.0
V36_local_confirmation,P00,h1,S,V36_case03,3,forward,-2.0,0.0,-2.0,0.0,-1.0,0.0,34,audit_results/v36_online_confirmation_20260918/case03/trace.json,2.0
V36_local_confirmation,P00,h1,S,V36_case03,4,forward,-3.0,0.0,-3.0,0.0,-1.0,0.0,32,audit_results/v36_online_confirmation_20260918/case03/trace.json,3.0
V36_local_confirmation,P00,h1,S,V36_case03,5,right,-3.0,0.0,-3.0,0.0,0.0,1.0,32,audit_results/v36_online_confirmation_20260918/case03/trace.json,3.0
V36_local_confirmation,P00,h1,S,V36_case03,6,right,-3.0,0.0,-3.0,0.0,1.0,0.0,32,audit_results/v36_online_confirmation_20260918/case03/trace.json,3.0
V36_local_confirmation,P00,h1,S,V36_case03,7,forward,-2.0,0.0,-2.0,0.0,1.0,0.0,32,audit_results/v36_online_confirmation_20260918/case03/trace.json,4.0
V36_local_confirmation,P00,h1,S,V36_case03,8,forward,-1.0,0.0,-1.0,0.0,1.0,0.0,32,audit_results/v36_online_confirmation_20260918/case03/trace.json,5.0
V36_local_confirmation,P00,h1,S,V36_case03,9,forward,0.0,0.0,0.0,0.0,1.0,0.0,32,audit_results/v36_online_confirmation_20260918/case03/trace.json,6.0
V36_local_confirmation,P00,h1,S,V36_case03,10,forward,1.0,0.0,1.0,0.0,1.0,0.0,28,audit_results/v36_online_confirmation_20260918/case03/trace.json,7.0
V36_local_confirmation,P00,h1,S,V36_case03,11,forward,2.0,0.0,2.0,0.0,1.0,0.0,26,audit_results/v36_online_confirmation_20260918/case03/trace.json,8.0
V36_local_confirmation,P00,h1,S,V36_case03,12,forward,3.0,0.0,3.0,0.0,1.0,0.0,24,audit_results/v36_online_confirmation_20260918/case03/trace.json,9.0
V36_local_confirmation,P00,h1,S,V36_case03,13,left,3.0,0.0,3.0,0.0,0.0,1.0,24,audit_results/v36_online_confirmation_20260918/case03/trace.json,9.0
V36_local_confirmation,P00,h1,S,V36_case03,14,left,3.0,0.0,3.0,0.0,-1.0,0.0,24,audit_results/v36_online_confirmation_20260918/case03/trace.json,9.0
V36_local_confirmation,P00,h1,S,V36_case03,15,forward,2.0,0.0,2.0,0.0,-1.0,0.0,24,audit_results/v36_online_confirmation_20260918/case03/trace.json,10.0
V36_local_confirmation,P00,h1,S,V36_case03,16,forward,1.0,0.0,1.0,0.0,-1.0,0.0,24,audit_results/v36_online_confirmation_20260918/case03/trace.json,11.0
V36_local_confirmation,P00,h1,S,V36_case03,17,forward,0.0,0.0,0.0,0.0,-1.0,0.0,24,audit_results/v36_online_confirmation_20260918/case03/trace.json,12.0
V36_local_confirmation,P00,h1,S,V36_case03,18,right,0.0,0.0,0.0,0.0,0.0,1.0,24,audit_results/v36_online_confirmation_20260918/case03/trace.json,12.0
V36_local_confirmation,P00,h1,S,V36_case03,19,right,0.0,0.0,0.0,0.0,1.0,0.0,22,audit_results/v36_online_confirmation_20260918/case03/trace.json,12.0
V36_local_confirmation,P00,h1,S,V36_case03,20,forward,1.0,0.0,1.0,0.0,1.0,0.0,18,audit_results/v36_online_confirmation_20260918/case03/trace.json,13.0
V36_local_confirmation,P00,h1,S,V36_case03,21,forward,2.0,0.0,2.0,0.0,1.0,0.0,16,audit_results/v36_online_confirmation_20260918/case03/trace.json,14.0
V36_local_confirmation,P00,h1,S,V36_case03,22,forward,3.0,0.0,3.0,0.0,1.0,0.0,14,audit_results/v36_online_confirmation_20260918/case03/trace.json,15.0
V36_local_confirmation,P00,h1,S,V36_case03,23,left,3.0,0.0,3.0,0.0,0.0,1.0,14,audit_results/v36_online_confirmation_20260918/case03/trace.json,15.0
V36_local_confirmation,P00,h1,S,V36_case03,24,forward,3.0,1.0,3.0,1.0,0.0,1.0,10,audit_results/v36_online_confirmation_20260918/case03/trace.json,16.0
V36_local_confirmation,P00,h1,S,V36_case03,25,forward,3.0,2.0,3.0,2.0,0.0,1.0,8,audit_results/v36_online_confirmation_20260918/case03/trace.json,17.0
V36_local_confirmation,P00,h1,S,V36_case03,26,forward,3.0,3.0,3.0,3.0,0.0,1.0,6,audit_results/v36_online_confirmation_20260918/case03/trace.json,18.0
V36_local_confirmation,P00,h1,S,V36_case03,27,forward,3.0,4.0,3.0,4.0,0.0,1.0,4,audit_results/v36_online_confirmation_20260918/case03/trace.json,19.0
V36_local_confirmation,P00,h1,S,V36_case03,28,left,3.0,4.0,3.0,4.0,-1.0,0.0,4,audit_results/v36_online_confirmation_20260918/case03/trace.json,19.0
V36_local_confirmation,P00,h1,S,V36_case03,29,left,3.0,4.0,3.0,4.0,0.0,-1.0,4,audit_results/v36_online_confirmation_20260918/case03/trace.json,19.0
V36_local_confirmation,P00,h1,S,V36_case03,30,forward,3.0,3.0,3.0,3.0,0.0,-1.0,4,audit_results/v36_online_confirmation_20260918/case03/trace.json,20.0
V36_local_confirmation,P00,h1,S,V36_case03,31,right,3.0,3.0,3.0,3.0,-1.0,0.0,2,audit_results/v36_online_confirmation_20260918/case03/trace.json,20.0
V36_local_confirmation,P00,h1,S,V36_case03,32,left,3.0,3.0,3.0,3.0,0.0,-1.0,2,audit_results/v36_online_confirmation_20260918/case03/trace.json,20.0
V36_local_confirmation,P00,h1,S,V36_case03,33,forward,3.0,2.0,3.0,2.0,0.0,-1.0,2,audit_results/v36_online_confirmation_20260918/case03/trace.json,21.0
V36_local_confirmation,P00,h1,S,V36_case03,34,right,3.0,2.0,3.0,2.0,-1.0,0.0,0,audit_results/v36_online_confirmation_20260918/case03/trace.json,21.0
V36_local_confirmation,P00,h1,S,V36_case03,35,left,3.0,2.0,3.0,2.0,0.0,-1.0,0,audit_results/v36_online_confirmation_20260918/case03/trace.json,21.0
V36_local_confirmation,P00,h1,S,V36_case03,36,forward,3.0,1.0,3.0,1.0,0.0,-1.0,0,audit_results/v36_online_confirmation_20260918/case03/trace.json,22.0
V36_local_confirmation,P00,h1,S,V36_case03,37,forward,3.0,0.0,3.0,0.0,0.0,-1.0,0,audit_results/v36_online_confirmation_20260918/case03/trace.json,23.0
V36_local_confirmation,P00,h1,S,V36_case03,38,right,3.0,0.0,3.0,0.0,-1.0,0.0,0,audit_results/v36_online_confirmation_20260918/case03/trace.json,23.0
V36_local_confirmation,P00,h1,S,V36_case03,39,forward,2.0,0.0,2.0,0.0,-1.0,0.0,0,audit_results/v36_online_confirmation_20260918/case03/trace.json,24.0
V36_local_confirmation,P00,h1,S,V36_case03,40,forward,1.0,0.0,1.0,0.0,-1.0,0.0,0,audit_results/v36_online_confirmation_20260918/case03/trace.json,25.0
V36_local_confirmation,P00,h1,S,V36_case03,41,forward,0.0,0.0,0.0,0.0,-1.0,0.0,0,audit_results/v36_online_confirmation_20260918/case03/trace.json,26.0
V36_local_confirmation,P00,h1,S,V36_case03,42,right,0.0,0.0,0.0,0.0,0.0,1.0,0,audit_results/v36_online_confirmation_20260918/case03/trace.json,26.0
V36_local_confirmation,P01,h0,G,V36_case04,0,initial,0.0,0.0,0.0,-0.0,0.0,1.0,42,audit_results/v36_online_confirmation_20260918/case04/trace.json,0.0
V36_local_confirmation,P01,h0,G,V36_case04,1,left,0.0,0.0,0.0,-0.0,-1.0,-0.0,40,audit_results/v36_online_confirmation_20260918/case04/trace.json,0.0
V36_local_confirmation,P01,h0,G,V36_case04,2,forward,0.0,-1.0,-1.0,-0.0,-1.0,-0.0,36,audit_results/v36_online_confirmation_20260918/case04/trace.json,1.0
V36_local_confirmation,P01,h0,G,V36_case04,3,forward,0.0,-2.0,-2.0,-0.0,-1.0,-0.0,34,audit_results/v36_online_confirmation_20260918/case04/trace.json,2.0
V36_local_confirmation,P01,h0,G,V36_case04,4,forward,0.0,-3.0,-3.0,-0.0,-1.0,-0.0,32,audit_results/v36_online_confirmation_20260918/case04/trace.json,3.0
V36_local_confirmation,P01,h0,G,V36_case04,5,right,0.0,-3.0,-3.0,-0.0,0.0,1.0,32,audit_results/v36_online_confirmation_20260918/case04/trace.json,3.0
V36_local_confirmation,P01,h0,G,V36_case04,6,right,0.0,-3.0,-3.0,-0.0,1.0,-0.0,32,audit_results/v36_online_confirmation_20260918/case04/trace.json,3.0
V36_local_confirmation,P01,h0,G,V36_case04,7,forward,0.0,-2.0,-2.0,-0.0,1.0,-0.0,32,audit_results/v36_online_confirmation_20260918/case04/trace.json,4.0
V36_local_confirmation,P01,h0,G,V36_case04,8,forward,0.0,-1.0,-1.0,-0.0,1.0,-0.0,32,audit_results/v36_online_confirmation_20260918/case04/trace.json,5.0
V36_local_confirmation,P01,h0,G,V36_case04,9,forward,0.0,0.0,0.0,-0.0,1.0,-0.0,32,audit_results/v36_online_confirmation_20260918/case04/trace.json,6.0
V36_local_confirmation,P01,h0,G,V36_case04,10,forward,0.0,1.0,1.0,-0.0,1.0,-0.0,28,audit_results/v36_online_confirmation_20260918/case04/trace.json,7.0
V36_local_confirmation,P01,h0,G,V36_case04,11,forward,0.0,2.0,2.0,-0.0,1.0,-0.0,26,audit_results/v36_online_confirmation_20260918/case04/trace.json,8.0
V36_local_confirmation,P01,h0,G,V36_case04,12,forward,0.0,3.0,3.0,-0.0,1.0,-0.0,24,audit_results/v36_online_confirmation_20260918/case04/trace.json,9.0
V36_local_confirmation,P01,h0,G,V36_case04,13,left,0.0,3.0,3.0,-0.0,0.0,1.0,24,audit_results/v36_online_confirmation_20260918/case04/trace.json,9.0
V36_local_confirmation,P01,h0,G,V36_case04,14,left,0.0,3.0,3.0,-0.0,-1.0,-0.0,24,audit_results/v36_online_confirmation_20260918/case04/trace.json,9.0
V36_local_confirmation,P01,h0,G,V36_case04,15,forward,0.0,2.0,2.0,-0.0,-1.0,-0.0,24,audit_results/v36_online_confirmation_20260918/case04/trace.json,10.0
V36_local_confirmation,P01,h0,G,V36_case04,16,forward,0.0,1.0,1.0,-0.0,-1.0,-0.0,24,audit_results/v36_online_confirmation_20260918/case04/trace.json,11.0
V36_local_confirmation,P01,h0,G,V36_case04,17,forward,0.0,0.0,0.0,-0.0,-1.0,-0.0,24,audit_results/v36_online_confirmation_20260918/case04/trace.json,12.0
V36_local_confirmation,P01,h0,G,V36_case04,18,right,0.0,0.0,0.0,-0.0,0.0,1.0,24,audit_results/v36_online_confirmation_20260918/case04/trace.json,12.0
V36_local_confirmation,P01,h0,G,V36_case04,19,left,0.0,0.0,0.0,-0.0,-1.0,-0.0,22,audit_results/v36_online_confirmation_20260918/case04/trace.json,12.0
V36_local_confirmation,P01,h0,G,V36_case04,20,forward,0.0,-1.0,-1.0,-0.0,-1.0,-0.0,18,audit_results/v36_online_confirmation_20260918/case04/trace.json,13.0
V36_local_confirmation,P01,h0,G,V36_case04,21,forward,0.0,-2.0,-2.0,-0.0,-1.0,-0.0,16,audit_results/v36_online_confirmation_20260918/case04/trace.json,14.0
V36_local_confirmation,P01,h0,G,V36_case04,22,forward,0.0,-3.0,-3.0,-0.0,-1.0,-0.0,14,audit_results/v36_online_confirmation_20260918/case04/trace.json,15.0
V36_local_confirmation,P01,h0,G,V36_case04,23,right,0.0,-3.0,-3.0,-0.0,0.0,1.0,14,audit_results/v36_online_confirmation_20260918/case04/trace.json,15.0
V36_local_confirmation,P01,h0,G,V36_case04,24,forward,-1.0,-3.0,-3.0,1.0,0.0,1.0,10,audit_results/v36_online_confirmation_20260918/case04/trace.json,16.0
V36_local_confirmation,P01,h0,G,V36_case04,25,forward,-2.0,-3.0,-3.0,2.0,0.0,1.0,8,audit_results/v36_online_confirmation_20260918/case04/trace.json,17.0
V36_local_confirmation,P01,h0,G,V36_case04,26,forward,-3.0,-3.0,-3.0,3.0,0.0,1.0,6,audit_results/v36_online_confirmation_20260918/case04/trace.json,18.0
V36_local_confirmation,P01,h0,G,V36_case04,27,forward,-4.0,-3.0,-3.0,4.0,0.0,1.0,4,audit_results/v36_online_confirmation_20260918/case04/trace.json,19.0
V36_local_confirmation,P01,h0,G,V36_case04,28,forward,-5.0,-3.0,-3.0,5.0,0.0,1.0,2,audit_results/v36_online_confirmation_20260918/case04/trace.json,20.0
V36_local_confirmation,P01,h0,G,V36_case04,29,right,-5.0,-3.0,-3.0,5.0,1.0,-0.0,2,audit_results/v36_online_confirmation_20260918/case04/trace.json,20.0
V36_local_confirmation,P01,h0,G,V36_case04,30,right,-5.0,-3.0,-3.0,5.0,0.0,-1.0,2,audit_results/v36_online_confirmation_20260918/case04/trace.json,20.0
V36_local_confirmation,P01,h0,G,V36_case04,31,forward,-4.0,-3.0,-3.0,4.0,0.0,-1.0,2,audit_results/v36_online_confirmation_20260918/case04/trace.json,21.0
V36_local_confirmation,P01,h0,G,V36_case04,32,forward,-3.0,-3.0,-3.0,3.0,0.0,-1.0,2,audit_results/v36_online_confirmation_20260918/case04/trace.json,22.0
V36_local_confirmation,P01,h0,G,V36_case04,33,forward,-2.0,-3.0,-3.0,2.0,0.0,-1.0,2,audit_results/v36_online_confirmation_20260918/case04/trace.json,23.0
V36_local_confirmation,P01,h0,G,V36_case04,34,left,-2.0,-3.0,-3.0,2.0,1.0,-0.0,0,audit_results/v36_online_confirmation_20260918/case04/trace.json,23.0
V36_local_confirmation,P01,h0,G,V36_case04,35,right,-2.0,-3.0,-3.0,2.0,0.0,-1.0,0,audit_results/v36_online_confirmation_20260918/case04/trace.json,23.0
V36_local_confirmation,P01,h0,G,V36_case04,36,forward,-1.0,-3.0,-3.0,1.0,0.0,-1.0,0,audit_results/v36_online_confirmation_20260918/case04/trace.json,24.0
V36_local_confirmation,P01,h0,G,V36_case04,37,forward,0.0,-3.0,-3.0,-0.0,0.0,-1.0,0,audit_results/v36_online_confirmation_20260918/case04/trace.json,25.0
V36_local_confirmation,P01,h0,G,V36_case04,38,left,0.0,-3.0,-3.0,-0.0,1.0,-0.0,0,audit_results/v36_online_confirmation_20260918/case04/trace.json,25.0
V36_local_confirmation,P01,h0,G,V36_case04,39,forward,0.0,-2.0,-2.0,-0.0,1.0,-0.0,0,audit_results/v36_online_confirmation_20260918/case04/trace.json,26.0
V36_local_confirmation,P01,h0,G,V36_case04,40,forward,0.0,-1.0,-1.0,-0.0,1.0,-0.0,0,audit_results/v36_online_confirmation_20260918/case04/trace.json,27.0
V36_local_confirmation,P01,h0,G,V36_case04,41,forward,0.0,0.0,0.0,-0.0,1.0,-0.0,0,audit_results/v36_online_confirmation_20260918/case04/trace.json,28.0
V36_local_confirmation,P01,h0,G,V36_case04,42,left,0.0,0.0,0.0,-0.0,0.0,1.0,0,audit_results/v36_online_confirmation_20260918/case04/trace.json,28.0
V36_local_confirmation,P01,h0,S,V36_case05,0,initial,0.0,0.0,0.0,-0.0,0.0,1.0,42,audit_results/v36_online_confirmation_20260918/case05/trace.json,0.0
V36_local_confirmation,P01,h0,S,V36_case05,1,left,0.0,0.0,0.0,-0.0,-1.0,-0.0,40,audit_results/v36_online_confirmation_20260918/case05/trace.json,0.0
V36_local_confirmation,P01,h0,S,V36_case05,2,forward,0.0,-1.0,-1.0,-0.0,-1.0,-0.0,36,audit_results/v36_online_confirmation_20260918/case05/trace.json,1.0
V36_local_confirmation,P01,h0,S,V36_case05,3,forward,0.0,-2.0,-2.0,-0.0,-1.0,-0.0,34,audit_results/v36_online_confirmation_20260918/case05/trace.json,2.0
V36_local_confirmation,P01,h0,S,V36_case05,4,forward,0.0,-3.0,-3.0,-0.0,-1.0,-0.0,32,audit_results/v36_online_confirmation_20260918/case05/trace.json,3.0
V36_local_confirmation,P01,h0,S,V36_case05,5,right,0.0,-3.0,-3.0,-0.0,0.0,1.0,32,audit_results/v36_online_confirmation_20260918/case05/trace.json,3.0
V36_local_confirmation,P01,h0,S,V36_case05,6,right,0.0,-3.0,-3.0,-0.0,1.0,-0.0,32,audit_results/v36_online_confirmation_20260918/case05/trace.json,3.0
V36_local_confirmation,P01,h0,S,V36_case05,7,forward,0.0,-2.0,-2.0,-0.0,1.0,-0.0,32,audit_results/v36_online_confirmation_20260918/case05/trace.json,4.0
V36_local_confirmation,P01,h0,S,V36_case05,8,forward,0.0,-1.0,-1.0,-0.0,1.0,-0.0,32,audit_results/v36_online_confirmation_20260918/case05/trace.json,5.0
V36_local_confirmation,P01,h0,S,V36_case05,9,forward,0.0,0.0,0.0,-0.0,1.0,-0.0,32,audit_results/v36_online_confirmation_20260918/case05/trace.json,6.0
V36_local_confirmation,P01,h0,S,V36_case05,10,forward,0.0,1.0,1.0,-0.0,1.0,-0.0,28,audit_results/v36_online_confirmation_20260918/case05/trace.json,7.0
V36_local_confirmation,P01,h0,S,V36_case05,11,forward,0.0,2.0,2.0,-0.0,1.0,-0.0,26,audit_results/v36_online_confirmation_20260918/case05/trace.json,8.0
V36_local_confirmation,P01,h0,S,V36_case05,12,forward,0.0,3.0,3.0,-0.0,1.0,-0.0,24,audit_results/v36_online_confirmation_20260918/case05/trace.json,9.0
V36_local_confirmation,P01,h0,S,V36_case05,13,left,0.0,3.0,3.0,-0.0,0.0,1.0,24,audit_results/v36_online_confirmation_20260918/case05/trace.json,9.0
V36_local_confirmation,P01,h0,S,V36_case05,14,left,0.0,3.0,3.0,-0.0,-1.0,-0.0,24,audit_results/v36_online_confirmation_20260918/case05/trace.json,9.0
V36_local_confirmation,P01,h0,S,V36_case05,15,forward,0.0,2.0,2.0,-0.0,-1.0,-0.0,24,audit_results/v36_online_confirmation_20260918/case05/trace.json,10.0
V36_local_confirmation,P01,h0,S,V36_case05,16,forward,0.0,1.0,1.0,-0.0,-1.0,-0.0,24,audit_results/v36_online_confirmation_20260918/case05/trace.json,11.0
V36_local_confirmation,P01,h0,S,V36_case05,17,forward,0.0,0.0,0.0,-0.0,-1.0,-0.0,24,audit_results/v36_online_confirmation_20260918/case05/trace.json,12.0
V36_local_confirmation,P01,h0,S,V36_case05,18,right,0.0,0.0,0.0,-0.0,0.0,1.0,24,audit_results/v36_online_confirmation_20260918/case05/trace.json,12.0
V36_local_confirmation,P01,h0,S,V36_case05,19,left,0.0,0.0,0.0,-0.0,-1.0,-0.0,22,audit_results/v36_online_confirmation_20260918/case05/trace.json,12.0
V36_local_confirmation,P01,h0,S,V36_case05,20,forward,0.0,-1.0,-1.0,-0.0,-1.0,-0.0,18,audit_results/v36_online_confirmation_20260918/case05/trace.json,13.0
V36_local_confirmation,P01,h0,S,V36_case05,21,forward,0.0,-2.0,-2.0,-0.0,-1.0,-0.0,16,audit_results/v36_online_confirmation_20260918/case05/trace.json,14.0
V36_local_confirmation,P01,h0,S,V36_case05,22,forward,0.0,-3.0,-3.0,-0.0,-1.0,-0.0,14,audit_results/v36_online_confirmation_20260918/case05/trace.json,15.0
V36_local_confirmation,P01,h0,S,V36_case05,23,right,0.0,-3.0,-3.0,-0.0,0.0,1.0,14,audit_results/v36_online_confirmation_20260918/case05/trace.json,15.0
V36_local_confirmation,P01,h0,S,V36_case05,24,forward,-1.0,-3.0,-3.0,1.0,0.0,1.0,10,audit_results/v36_online_confirmation_20260918/case05/trace.json,16.0
V36_local_confirmation,P01,h0,S,V36_case05,25,forward,-2.0,-3.0,-3.0,2.0,0.0,1.0,8,audit_results/v36_online_confirmation_20260918/case05/trace.json,17.0
V36_local_confirmation,P01,h0,S,V36_case05,26,forward,-3.0,-3.0,-3.0,3.0,0.0,1.0,6,audit_results/v36_online_confirmation_20260918/case05/trace.json,18.0
V36_local_confirmation,P01,h0,S,V36_case05,27,forward,-4.0,-3.0,-3.0,4.0,0.0,1.0,4,audit_results/v36_online_confirmation_20260918/case05/trace.json,19.0
V36_local_confirmation,P01,h0,S,V36_case05,28,forward,-5.0,-3.0,-3.0,5.0,0.0,1.0,2,audit_results/v36_online_confirmation_20260918/case05/trace.json,20.0
V36_local_confirmation,P01,h0,S,V36_case05,29,right,-5.0,-3.0,-3.0,5.0,1.0,-0.0,2,audit_results/v36_online_confirmation_20260918/case05/trace.json,20.0
V36_local_confirmation,P01,h0,S,V36_case05,30,right,-5.0,-3.0,-3.0,5.0,0.0,-1.0,2,audit_results/v36_online_confirmation_20260918/case05/trace.json,20.0
V36_local_confirmation,P01,h0,S,V36_case05,31,forward,-4.0,-3.0,-3.0,4.0,0.0,-1.0,2,audit_results/v36_online_confirmation_20260918/case05/trace.json,21.0
V36_local_confirmation,P01,h0,S,V36_case05,32,forward,-3.0,-3.0,-3.0,3.0,0.0,-1.0,2,audit_results/v36_online_confirmation_20260918/case05/trace.json,22.0
V36_local_confirmation,P01,h0,S,V36_case05,33,forward,-2.0,-3.0,-3.0,2.0,0.0,-1.0,2,audit_results/v36_online_confirmation_20260918/case05/trace.json,23.0
V36_local_confirmation,P01,h0,S,V36_case05,34,left,-2.0,-3.0,-3.0,2.0,1.0,-0.0,0,audit_results/v36_online_confirmation_20260918/case05/trace.json,23.0
V36_local_confirmation,P01,h0,S,V36_case05,35,right,-2.0,-3.0,-3.0,2.0,0.0,-1.0,0,audit_results/v36_online_confirmation_20260918/case05/trace.json,23.0
V36_local_confirmation,P01,h0,S,V36_case05,36,forward,-1.0,-3.0,-3.0,1.0,0.0,-1.0,0,audit_results/v36_online_confirmation_20260918/case05/trace.json,24.0
V36_local_confirmation,P01,h0,S,V36_case05,37,forward,0.0,-3.0,-3.0,-0.0,0.0,-1.0,0,audit_results/v36_online_confirmation_20260918/case05/trace.json,25.0
V36_local_confirmation,P01,h0,S,V36_case05,38,left,0.0,-3.0,-3.0,-0.0,1.0,-0.0,0,audit_results/v36_online_confirmation_20260918/case05/trace.json,25.0
V36_local_confirmation,P01,h0,S,V36_case05,39,forward,0.0,-2.0,-2.0,-0.0,1.0,-0.0,0,audit_results/v36_online_confirmation_20260918/case05/trace.json,26.0
V36_local_confirmation,P01,h0,S,V36_case05,40,forward,0.0,-1.0,-1.0,-0.0,1.0,-0.0,0,audit_results/v36_online_confirmation_20260918/case05/trace.json,27.0
V36_local_confirmation,P01,h0,S,V36_case05,41,forward,0.0,0.0,0.0,-0.0,1.0,-0.0,0,audit_results/v36_online_confirmation_20260918/case05/trace.json,28.0
V36_local_confirmation,P01,h0,S,V36_case05,42,left,0.0,0.0,0.0,-0.0,0.0,1.0,0,audit_results/v36_online_confirmation_20260918/case05/trace.json,28.0
V36_local_confirmation,P01,h1,G,V36_case06,0,initial,0.0,0.0,0.0,-0.0,0.0,1.0,42,audit_results/v36_online_confirmation_20260918/case06/trace.json,0.0
V36_local_confirmation,P01,h1,G,V36_case06,1,left,0.0,0.0,0.0,-0.0,-1.0,-0.0,40,audit_results/v36_online_confirmation_20260918/case06/trace.json,0.0
V36_local_confirmation,P01,h1,G,V36_case06,2,forward,0.0,-1.0,-1.0,-0.0,-1.0,-0.0,36,audit_results/v36_online_confirmation_20260918/case06/trace.json,1.0
V36_local_confirmation,P01,h1,G,V36_case06,3,forward,0.0,-2.0,-2.0,-0.0,-1.0,-0.0,34,audit_results/v36_online_confirmation_20260918/case06/trace.json,2.0
V36_local_confirmation,P01,h1,G,V36_case06,4,forward,0.0,-3.0,-3.0,-0.0,-1.0,-0.0,32,audit_results/v36_online_confirmation_20260918/case06/trace.json,3.0
V36_local_confirmation,P01,h1,G,V36_case06,5,right,0.0,-3.0,-3.0,-0.0,0.0,1.0,32,audit_results/v36_online_confirmation_20260918/case06/trace.json,3.0
V36_local_confirmation,P01,h1,G,V36_case06,6,right,0.0,-3.0,-3.0,-0.0,1.0,-0.0,32,audit_results/v36_online_confirmation_20260918/case06/trace.json,3.0
V36_local_confirmation,P01,h1,G,V36_case06,7,forward,0.0,-2.0,-2.0,-0.0,1.0,-0.0,32,audit_results/v36_online_confirmation_20260918/case06/trace.json,4.0
V36_local_confirmation,P01,h1,G,V36_case06,8,forward,0.0,-1.0,-1.0,-0.0,1.0,-0.0,32,audit_results/v36_online_confirmation_20260918/case06/trace.json,5.0
V36_local_confirmation,P01,h1,G,V36_case06,9,forward,0.0,0.0,0.0,-0.0,1.0,-0.0,32,audit_results/v36_online_confirmation_20260918/case06/trace.json,6.0
V36_local_confirmation,P01,h1,G,V36_case06,10,forward,0.0,1.0,1.0,-0.0,1.0,-0.0,28,audit_results/v36_online_confirmation_20260918/case06/trace.json,7.0
V36_local_confirmation,P01,h1,G,V36_case06,11,forward,0.0,2.0,2.0,-0.0,1.0,-0.0,26,audit_results/v36_online_confirmation_20260918/case06/trace.json,8.0
V36_local_confirmation,P01,h1,G,V36_case06,12,forward,0.0,3.0,3.0,-0.0,1.0,-0.0,24,audit_results/v36_online_confirmation_20260918/case06/trace.json,9.0
V36_local_confirmation,P01,h1,G,V36_case06,13,left,0.0,3.0,3.0,-0.0,0.0,1.0,24,audit_results/v36_online_confirmation_20260918/case06/trace.json,9.0
V36_local_confirmation,P01,h1,G,V36_case06,14,left,0.0,3.0,3.0,-0.0,-1.0,-0.0,24,audit_results/v36_online_confirmation_20260918/case06/trace.json,9.0
V36_local_confirmation,P01,h1,G,V36_case06,15,forward,0.0,2.0,2.0,-0.0,-1.0,-0.0,24,audit_results/v36_online_confirmation_20260918/case06/trace.json,10.0
V36_local_confirmation,P01,h1,G,V36_case06,16,forward,0.0,1.0,1.0,-0.0,-1.0,-0.0,24,audit_results/v36_online_confirmation_20260918/case06/trace.json,11.0
V36_local_confirmation,P01,h1,G,V36_case06,17,forward,0.0,0.0,0.0,-0.0,-1.0,-0.0,24,audit_results/v36_online_confirmation_20260918/case06/trace.json,12.0
V36_local_confirmation,P01,h1,G,V36_case06,18,right,0.0,0.0,0.0,-0.0,0.0,1.0,24,audit_results/v36_online_confirmation_20260918/case06/trace.json,12.0
V36_local_confirmation,P01,h1,G,V36_case06,19,left,0.0,0.0,0.0,-0.0,-1.0,-0.0,22,audit_results/v36_online_confirmation_20260918/case06/trace.json,12.0
V36_local_confirmation,P01,h1,G,V36_case06,20,forward,0.0,-1.0,-1.0,-0.0,-1.0,-0.0,18,audit_results/v36_online_confirmation_20260918/case06/trace.json,13.0
V36_local_confirmation,P01,h1,G,V36_case06,21,forward,0.0,-2.0,-2.0,-0.0,-1.0,-0.0,16,audit_results/v36_online_confirmation_20260918/case06/trace.json,14.0
V36_local_confirmation,P01,h1,G,V36_case06,22,forward,0.0,-3.0,-3.0,-0.0,-1.0,-0.0,14,audit_results/v36_online_confirmation_20260918/case06/trace.json,15.0
V36_local_confirmation,P01,h1,G,V36_case06,23,right,0.0,-3.0,-3.0,-0.0,0.0,1.0,14,audit_results/v36_online_confirmation_20260918/case06/trace.json,15.0
V36_local_confirmation,P01,h1,G,V36_case06,24,forward,-1.0,-3.0,-3.0,1.0,0.0,1.0,10,audit_results/v36_online_confirmation_20260918/case06/trace.json,16.0
V36_local_confirmation,P01,h1,G,V36_case06,25,forward,-2.0,-3.0,-3.0,2.0,0.0,1.0,8,audit_results/v36_online_confirmation_20260918/case06/trace.json,17.0
V36_local_confirmation,P01,h1,G,V36_case06,26,forward,-3.0,-3.0,-3.0,3.0,0.0,1.0,6,audit_results/v36_online_confirmation_20260918/case06/trace.json,18.0
V36_local_confirmation,P01,h1,G,V36_case06,27,forward,-4.0,-3.0,-3.0,4.0,0.0,1.0,4,audit_results/v36_online_confirmation_20260918/case06/trace.json,19.0
V36_local_confirmation,P01,h1,G,V36_case06,28,forward,-5.0,-3.0,-3.0,5.0,0.0,1.0,2,audit_results/v36_online_confirmation_20260918/case06/trace.json,20.0
V36_local_confirmation,P01,h1,G,V36_case06,29,right,-5.0,-3.0,-3.0,5.0,1.0,-0.0,2,audit_results/v36_online_confirmation_20260918/case06/trace.json,20.0
V36_local_confirmation,P01,h1,G,V36_case06,30,right,-5.0,-3.0,-3.0,5.0,0.0,-1.0,2,audit_results/v36_online_confirmation_20260918/case06/trace.json,20.0
V36_local_confirmation,P01,h1,G,V36_case06,31,forward,-4.0,-3.0,-3.0,4.0,0.0,-1.0,2,audit_results/v36_online_confirmation_20260918/case06/trace.json,21.0
V36_local_confirmation,P01,h1,G,V36_case06,32,forward,-3.0,-3.0,-3.0,3.0,0.0,-1.0,2,audit_results/v36_online_confirmation_20260918/case06/trace.json,22.0
V36_local_confirmation,P01,h1,G,V36_case06,33,forward,-2.0,-3.0,-3.0,2.0,0.0,-1.0,2,audit_results/v36_online_confirmation_20260918/case06/trace.json,23.0
V36_local_confirmation,P01,h1,G,V36_case06,34,left,-2.0,-3.0,-3.0,2.0,1.0,-0.0,0,audit_results/v36_online_confirmation_20260918/case06/trace.json,23.0
V36_local_confirmation,P01,h1,G,V36_case06,35,right,-2.0,-3.0,-3.0,2.0,0.0,-1.0,0,audit_results/v36_online_confirmation_20260918/case06/trace.json,23.0
V36_local_confirmation,P01,h1,G,V36_case06,36,forward,-1.0,-3.0,-3.0,1.0,0.0,-1.0,0,audit_results/v36_online_confirmation_20260918/case06/trace.json,24.0
V36_local_confirmation,P01,h1,G,V36_case06,37,forward,0.0,-3.0,-3.0,-0.0,0.0,-1.0,0,audit_results/v36_online_confirmation_20260918/case06/trace.json,25.0
V36_local_confirmation,P01,h1,G,V36_case06,38,left,0.0,-3.0,-3.0,-0.0,1.0,-0.0,0,audit_results/v36_online_confirmation_20260918/case06/trace.json,25.0
V36_local_confirmation,P01,h1,G,V36_case06,39,forward,0.0,-2.0,-2.0,-0.0,1.0,-0.0,0,audit_results/v36_online_confirmation_20260918/case06/trace.json,26.0
V36_local_confirmation,P01,h1,G,V36_case06,40,forward,0.0,-1.0,-1.0,-0.0,1.0,-0.0,0,audit_results/v36_online_confirmation_20260918/case06/trace.json,27.0
V36_local_confirmation,P01,h1,G,V36_case06,41,forward,0.0,0.0,0.0,-0.0,1.0,-0.0,0,audit_results/v36_online_confirmation_20260918/case06/trace.json,28.0
V36_local_confirmation,P01,h1,G,V36_case06,42,left,0.0,0.0,0.0,-0.0,0.0,1.0,0,audit_results/v36_online_confirmation_20260918/case06/trace.json,28.0
V36_local_confirmation,P01,h1,S,V36_case07,0,initial,0.0,0.0,0.0,-0.0,0.0,1.0,42,audit_results/v36_online_confirmation_20260918/case07/trace.json,0.0
V36_local_confirmation,P01,h1,S,V36_case07,1,left,0.0,0.0,0.0,-0.0,-1.0,-0.0,40,audit_results/v36_online_confirmation_20260918/case07/trace.json,0.0
V36_local_confirmation,P01,h1,S,V36_case07,2,forward,0.0,-1.0,-1.0,-0.0,-1.0,-0.0,36,audit_results/v36_online_confirmation_20260918/case07/trace.json,1.0
V36_local_confirmation,P01,h1,S,V36_case07,3,forward,0.0,-2.0,-2.0,-0.0,-1.0,-0.0,34,audit_results/v36_online_confirmation_20260918/case07/trace.json,2.0
V36_local_confirmation,P01,h1,S,V36_case07,4,forward,0.0,-3.0,-3.0,-0.0,-1.0,-0.0,32,audit_results/v36_online_confirmation_20260918/case07/trace.json,3.0
V36_local_confirmation,P01,h1,S,V36_case07,5,right,0.0,-3.0,-3.0,-0.0,0.0,1.0,32,audit_results/v36_online_confirmation_20260918/case07/trace.json,3.0
V36_local_confirmation,P01,h1,S,V36_case07,6,right,0.0,-3.0,-3.0,-0.0,1.0,-0.0,32,audit_results/v36_online_confirmation_20260918/case07/trace.json,3.0
V36_local_confirmation,P01,h1,S,V36_case07,7,forward,0.0,-2.0,-2.0,-0.0,1.0,-0.0,32,audit_results/v36_online_confirmation_20260918/case07/trace.json,4.0
V36_local_confirmation,P01,h1,S,V36_case07,8,forward,0.0,-1.0,-1.0,-0.0,1.0,-0.0,32,audit_results/v36_online_confirmation_20260918/case07/trace.json,5.0
V36_local_confirmation,P01,h1,S,V36_case07,9,forward,0.0,0.0,0.0,-0.0,1.0,-0.0,32,audit_results/v36_online_confirmation_20260918/case07/trace.json,6.0
V36_local_confirmation,P01,h1,S,V36_case07,10,forward,0.0,1.0,1.0,-0.0,1.0,-0.0,28,audit_results/v36_online_confirmation_20260918/case07/trace.json,7.0
V36_local_confirmation,P01,h1,S,V36_case07,11,forward,0.0,2.0,2.0,-0.0,1.0,-0.0,26,audit_results/v36_online_confirmation_20260918/case07/trace.json,8.0
V36_local_confirmation,P01,h1,S,V36_case07,12,forward,0.0,3.0,3.0,-0.0,1.0,-0.0,24,audit_results/v36_online_confirmation_20260918/case07/trace.json,9.0
V36_local_confirmation,P01,h1,S,V36_case07,13,left,0.0,3.0,3.0,-0.0,0.0,1.0,24,audit_results/v36_online_confirmation_20260918/case07/trace.json,9.0
V36_local_confirmation,P01,h1,S,V36_case07,14,left,0.0,3.0,3.0,-0.0,-1.0,-0.0,24,audit_results/v36_online_confirmation_20260918/case07/trace.json,9.0
V36_local_confirmation,P01,h1,S,V36_case07,15,forward,0.0,2.0,2.0,-0.0,-1.0,-0.0,24,audit_results/v36_online_confirmation_20260918/case07/trace.json,10.0
V36_local_confirmation,P01,h1,S,V36_case07,16,forward,0.0,1.0,1.0,-0.0,-1.0,-0.0,24,audit_results/v36_online_confirmation_20260918/case07/trace.json,11.0
V36_local_confirmation,P01,h1,S,V36_case07,17,forward,0.0,0.0,0.0,-0.0,-1.0,-0.0,24,audit_results/v36_online_confirmation_20260918/case07/trace.json,12.0
V36_local_confirmation,P01,h1,S,V36_case07,18,right,0.0,0.0,0.0,-0.0,0.0,1.0,24,audit_results/v36_online_confirmation_20260918/case07/trace.json,12.0
V36_local_confirmation,P01,h1,S,V36_case07,19,right,0.0,0.0,0.0,-0.0,1.0,-0.0,22,audit_results/v36_online_confirmation_20260918/case07/trace.json,12.0
V36_local_confirmation,P01,h1,S,V36_case07,20,forward,0.0,1.0,1.0,-0.0,1.0,-0.0,18,audit_results/v36_online_confirmation_20260918/case07/trace.json,13.0
V36_local_confirmation,P01,h1,S,V36_case07,21,forward,0.0,2.0,2.0,-0.0,1.0,-0.0,16,audit_results/v36_online_confirmation_20260918/case07/trace.json,14.0
V36_local_confirmation,P01,h1,S,V36_case07,22,forward,0.0,3.0,3.0,-0.0,1.0,-0.0,14,audit_results/v36_online_confirmation_20260918/case07/trace.json,15.0
V36_local_confirmation,P01,h1,S,V36_case07,23,left,0.0,3.0,3.0,-0.0,0.0,1.0,14,audit_results/v36_online_confirmation_20260918/case07/trace.json,15.0
V36_local_confirmation,P01,h1,S,V36_case07,24,forward,-1.0,3.0,3.0,1.0,0.0,1.0,10,audit_results/v36_online_confirmation_20260918/case07/trace.json,16.0
V36_local_confirmation,P01,h1,S,V36_case07,25,forward,-2.0,3.0,3.0,2.0,0.0,1.0,8,audit_results/v36_online_confirmation_20260918/case07/trace.json,17.0
V36_local_confirmation,P01,h1,S,V36_case07,26,forward,-3.0,3.0,3.0,3.0,0.0,1.0,6,audit_results/v36_online_confirmation_20260918/case07/trace.json,18.0
V36_local_confirmation,P01,h1,S,V36_case07,27,forward,-4.0,3.0,3.0,4.0,0.0,1.0,4,audit_results/v36_online_confirmation_20260918/case07/trace.json,19.0
V36_local_confirmation,P01,h1,S,V36_case07,28,forward,-5.0,3.0,3.0,5.0,0.0,1.0,2,audit_results/v36_online_confirmation_20260918/case07/trace.json,20.0
V36_local_confirmation,P01,h1,S,V36_case07,29,left,-5.0,3.0,3.0,5.0,-1.0,-0.0,2,audit_results/v36_online_confirmation_20260918/case07/trace.json,20.0
V36_local_confirmation,P01,h1,S,V36_case07,30,left,-5.0,3.0,3.0,5.0,0.0,-1.0,2,audit_results/v36_online_confirmation_20260918/case07/trace.json,20.0
V36_local_confirmation,P01,h1,S,V36_case07,31,forward,-4.0,3.0,3.0,4.0,0.0,-1.0,2,audit_results/v36_online_confirmation_20260918/case07/trace.json,21.0
V36_local_confirmation,P01,h1,S,V36_case07,32,forward,-3.0,3.0,3.0,3.0,0.0,-1.0,2,audit_results/v36_online_confirmation_20260918/case07/trace.json,22.0
V36_local_confirmation,P01,h1,S,V36_case07,33,forward,-2.0,3.0,3.0,2.0,0.0,-1.0,2,audit_results/v36_online_confirmation_20260918/case07/trace.json,23.0
V36_local_confirmation,P01,h1,S,V36_case07,34,right,-2.0,3.0,3.0,2.0,-1.0,-0.0,0,audit_results/v36_online_confirmation_20260918/case07/trace.json,23.0
V36_local_confirmation,P01,h1,S,V36_case07,35,left,-2.0,3.0,3.0,2.0,0.0,-1.0,0,audit_results/v36_online_confirmation_20260918/case07/trace.json,23.0
V36_local_confirmation,P01,h1,S,V36_case07,36,forward,-1.0,3.0,3.0,1.0,0.0,-1.0,0,audit_results/v36_online_confirmation_20260918/case07/trace.json,24.0
V36_local_confirmation,P01,h1,S,V36_case07,37,forward,0.0,3.0,3.0,-0.0,0.0,-1.0,0,audit_results/v36_online_confirmation_20260918/case07/trace.json,25.0
V36_local_confirmation,P01,h1,S,V36_case07,38,right,0.0,3.0,3.0,-0.0,-1.0,-0.0,0,audit_results/v36_online_confirmation_20260918/case07/trace.json,25.0
V36_local_confirmation,P01,h1,S,V36_case07,39,forward,0.0,2.0,2.0,-0.0,-1.0,-0.0,0,audit_results/v36_online_confirmation_20260918/case07/trace.json,26.0
V36_local_confirmation,P01,h1,S,V36_case07,40,forward,0.0,1.0,1.0,-0.0,-1.0,-0.0,0,audit_results/v36_online_confirmation_20260918/case07/trace.json,27.0
V36_local_confirmation,P01,h1,S,V36_case07,41,forward,0.0,0.0,0.0,-0.0,-1.0,-0.0,0,audit_results/v36_online_confirmation_20260918/case07/trace.json,28.0
V36_local_confirmation,P01,h1,S,V36_case07,42,right,0.0,0.0,0.0,-0.0,0.0,1.0,0,audit_results/v36_online_confirmation_20260918/case07/trace.json,28.0
six_parent_nominal_development,SEM_P00,nominal,G,core_P00_nom_G_b120_lexicographic,0,initial,0.75,0.75,0.75,0.75,1.0,0.0,106,audit_results/semantic_development_acquisition_20260923/episodes/core_P00_nom_G_b120_lexicographic/steps/000.json.gz,0.0
six_parent_nominal_development,SEM_P00,nominal,G,core_P00_nom_G_b120_lexicographic,1,forward,1.0,0.75,1.0,0.75,1.0,0.0,104,audit_results/semantic_development_acquisition_20260923/episodes/core_P00_nom_G_b120_lexicographic/steps/001.json.gz,0.25
six_parent_nominal_development,SEM_P00,nominal,G,core_P00_nom_G_b120_lexicographic,2,forward,1.25,0.75,1.25,0.75,1.0,0.0,102,audit_results/semantic_development_acquisition_20260923/episodes/core_P00_nom_G_b120_lexicographic/steps/002.json.gz,0.5
six_parent_nominal_development,SEM_P00,nominal,G,core_P00_nom_G_b120_lexicographic,3,forward,1.5,0.75,1.5,0.75,1.0,0.0,100,audit_results/semantic_development_acquisition_20260923/episodes/core_P00_nom_G_b120_lexicographic/steps/003.json.gz,0.75
six_parent_nominal_development,SEM_P00,nominal,G,core_P00_nom_G_b120_lexicographic,4,forward,1.75,0.75,1.75,0.75,1.0,0.0,98,audit_results/semantic_development_acquisition_20260923/episodes/core_P00_nom_G_b120_lexicographic/steps/004.json.gz,1.0
six_parent_nominal_development,SEM_P00,nominal,G,core_P00_nom_G_b120_lexicographic,5,forward,2.0,0.75,2.0,0.75,1.0,0.0,96,audit_results/semantic_development_acquisition_20260923/episodes/core_P00_nom_G_b120_lexicographic/steps/005.json.gz,1.25
six_parent_nominal_development,SEM_P00,nominal,G,core_P00_nom_G_b120_lexicographic,6,forward,2.25,0.75,2.25,0.75,1.0,0.0,94,audit_results/semantic_development_acquisition_20260923/episodes/core_P00_nom_G_b120_lexicographic/steps/006.json.gz,1.5
six_parent_nominal_development,SEM_P00,nominal,G,core_P00_nom_G_b120_lexicographic,7,forward,2.5,0.75,2.5,0.75,1.0,0.0,92,audit_results/semantic_development_acquisition_20260923/episodes/core_P00_nom_G_b120_lexicographic/steps/007.json.gz,1.75
six_parent_nominal_development,SEM_P00,nominal,G,core_P00_nom_G_b120_lexicographic,8,forward,2.75,0.75,2.75,0.75,1.0,0.0,90,audit_results/semantic_development_acquisition_20260923/episodes/core_P00_nom_G_b120_lexicographic/steps/008.json.gz,2.0
six_parent_nominal_development,SEM_P00,nominal,G,core_P00_nom_G_b120_lexicographic,9,forward,3.0,0.75,3.0,0.75,1.0,0.0,88,audit_results/semantic_development_acquisition_20260923/episodes/core_P00_nom_G_b120_lexicographic/steps/009.json.gz,2.25
six_parent_nominal_development,SEM_P00,nominal,G,core_P00_nom_G_b120_lexicographic,10,forward,3.25,0.75,3.25,0.75,1.0,0.0,86,audit_results/semantic_development_acquisition_20260923/episodes/core_P00_nom_G_b120_lexicographic/steps/010.json.gz,2.5
six_parent_nominal_development,SEM_P00,nominal,G,core_P00_nom_G_b120_lexicographic,11,forward,3.5,0.75,3.5,0.75,1.0,0.0,84,audit_results/semantic_development_acquisition_20260923/episodes/core_P00_nom_G_b120_lexicographic/steps/011.json.gz,2.75
six_parent_nominal_development,SEM_P00,nominal,G,core_P00_nom_G_b120_lexicographic,12,forward,3.75,0.75,3.75,0.75,1.0,0.0,84,audit_results/semantic_development_acquisition_20260923/episodes/core_P00_nom_G_b120_lexicographic/steps/012.json.gz,3.0
six_parent_nominal_development,SEM_P00,nominal,G,core_P00_nom_G_b120_lexicographic,13,left,3.75,0.75,3.75,0.75,0.8660254037844387,0.49999999999999983,84,audit_results/semantic_development_acquisition_20260923/episodes/core_P00_nom_G_b120_lexicographic/steps/013.json.gz,3.0
six_parent_nominal_development,SEM_P00,nominal,G,core_P00_nom_G_b120_lexicographic,14,left,3.75,0.75,3.75,0.75,0.5000000000000003,0.8660254037844385,84,audit_results/semantic_development_acquisition_20260923/episodes/core_P00_nom_G_b120_lexicographic/steps/014.json.gz,3.0
six_parent_nominal_development,SEM_P00,nominal,G,core_P00_nom_G_b120_lexicographic,15,left,3.75,0.75,3.75,0.75,6.123233995736766e-17,1.0,76,audit_results/semantic_development_acquisition_20260923/episodes/core_P00_nom_G_b120_lexicographic/steps/015.json.gz,3.0
six_parent_nominal_development,SEM_P00,nominal,G,core_P00_nom_G_b120_lexicographic,16,forward,3.75,1.0,3.75,1.0,6.123233995736766e-17,1.0,74,audit_results/semantic_development_acquisition_20260923/episodes/core_P00_nom_G_b120_lexicographic/steps/016.json.gz,3.25
six_parent_nominal_development,SEM_P00,nominal,G,core_P00_nom_G_b120_lexicographic,17,forward,3.75,1.25,3.75,1.25,6.123233995736766e-17,1.0,72,audit_results/semantic_development_acquisition_20260923/episodes/core_P00_nom_G_b120_lexicographic/steps/017.json.gz,3.5
six_parent_nominal_development,SEM_P00,nominal,G,core_P00_nom_G_b120_lexicographic,18,forward,3.75,1.5,3.75,1.5,6.123233995736766e-17,1.0,70,audit_results/semantic_development_acquisition_20260923/episodes/core_P00_nom_G_b120_lexicographic/steps/018.json.gz,3.75
six_parent_nominal_development,SEM_P00,nominal,G,core_P00_nom_G_b120_lexicographic,19,forward,3.75,1.75,3.75,1.75,6.123233995736766e-17,1.0,69,audit_results/semantic_development_acquisition_20260923/episodes/core_P00_nom_G_b120_lexicographic/steps/019.json.gz,4.0
six_parent_nominal_development,SEM_P00,nominal,G,core_P00_nom_G_b120_lexicographic,20,observe,3.75,1.75,3.75,1.75,6.123233995736766e-17,1.0,67,audit_results/semantic_development_acquisition_20260923/episodes/core_P00_nom_G_b120_lexicographic/steps/020.json.gz,4.0
six_parent_nominal_development,SEM_P00,nominal,G,core_P00_nom_G_b120_lexicographic,21,forward,3.75,2.0,3.75,2.0,6.123233995736766e-17,1.0,65,audit_results/semantic_development_acquisition_20260923/episodes/core_P00_nom_G_b120_lexicographic/steps/021.json.gz,4.25
six_parent_nominal_development,SEM_P00,nominal,G,core_P00_nom_G_b120_lexicographic,22,forward,3.75,2.25,3.75,2.25,6.123233995736766e-17,1.0,63,audit_results/semantic_development_acquisition_20260923/episodes/core_P00_nom_G_b120_lexicographic/steps/022.json.gz,4.5
six_parent_nominal_development,SEM_P00,nominal,G,core_P00_nom_G_b120_lexicographic,23,forward,3.75,2.5,3.75,2.5,6.123233995736766e-17,1.0,61,audit_results/semantic_development_acquisition_20260923/episodes/core_P00_nom_G_b120_lexicographic/steps/023.json.gz,4.75
six_parent_nominal_development,SEM_P00,nominal,G,core_P00_nom_G_b120_lexicographic,24,forward,3.75,2.75,3.75,2.75,6.123233995736766e-17,1.0,59,audit_results/semantic_development_acquisition_20260923/episodes/core_P00_nom_G_b120_lexicographic/steps/024.json.gz,5.0
six_parent_nominal_development,SEM_P00,nominal,G,core_P00_nom_G_b120_lexicographic,25,forward,3.75,3.0,3.75,3.0,6.123233995736766e-17,1.0,59,audit_results/semantic_development_acquisition_20260923/episodes/core_P00_nom_G_b120_lexicographic/steps/025.json.gz,5.25
six_parent_nominal_development,SEM_P00,nominal,G,core_P00_nom_G_b120_lexicographic,26,forward,3.75,3.25,3.75,3.25,6.123233995736766e-17,1.0,59,audit_results/semantic_development_acquisition_20260923/episodes/core_P00_nom_G_b120_lexicographic/steps/026.json.gz,5.5
six_parent_nominal_development,SEM_P00,nominal,G,core_P00_nom_G_b120_lexicographic,27,forward,3.75,3.5,3.75,3.5,6.123233995736766e-17,1.0,59,audit_results/semantic_development_acquisition_20260923/episodes/core_P00_nom_G_b120_lexicographic/steps/027.json.gz,5.75
six_parent_nominal_development,SEM_P00,nominal,G,core_P00_nom_G_b120_lexicographic,28,forward,3.75,3.75,3.75,3.75,6.123233995736766e-17,1.0,51,audit_results/semantic_development_acquisition_20260923/episodes/core_P00_nom_G_b120_lexicographic/steps/028.json.gz,6.0
six_parent_nominal_development,SEM_P00,nominal,G,core_P00_nom_G_b120_lexicographic,29,forward,3.75,4.0,3.75,4.0,6.123233995736766e-17,1.0,51,audit_results/semantic_development_acquisition_20260923/episodes/core_P00_nom_G_b120_lexicographic/steps/029.json.gz,6.25
six_parent_nominal_development,SEM_P00,nominal,G,core_P00_nom_G_b120_lexicographic,30,forward,3.75,4.25,3.75,4.25,6.123233995736766e-17,1.0,51,audit_results/semantic_development_acquisition_20260923/episodes/core_P00_nom_G_b120_lexicographic/steps/030.json.gz,6.5
six_parent_nominal_development,SEM_P00,nominal,G,core_P00_nom_G_b120_lexicographic,31,forward,3.75,4.5,3.75,4.5,6.123233995736766e-17,1.0,51,audit_results/semantic_development_acquisition_20260923/episodes/core_P00_nom_G_b120_lexicographic/steps/031.json.gz,6.75
six_parent_nominal_development,SEM_P00,nominal,G,core_P00_nom_G_b120_lexicographic,32,forward,3.75,4.75,3.75,4.75,6.123233995736766e-17,1.0,51,audit_results/semantic_development_acquisition_20260923/episodes/core_P00_nom_G_b120_lexicographic/steps/032.json.gz,7.0
six_parent_nominal_development,SEM_P00,nominal,G,core_P00_nom_G_b120_lexicographic,33,left,3.75,4.75,3.75,4.75,-0.4999999999999994,0.8660254037844389,51,audit_results/semantic_development_acquisition_20260923/episodes/core_P00_nom_G_b120_lexicographic/steps/033.json.gz,7.0
six_parent_nominal_development,SEM_P00,nominal,G,core_P00_nom_G_b120_lexicographic,34,left,3.75,4.75,3.75,4.75,-0.866025403784438,0.5000000000000011,51,audit_results/semantic_development_acquisition_20260923/episodes/core_P00_nom_G_b120_lexicographic/steps/034.json.gz,7.0
six_parent_nominal_development,SEM_P00,nominal,G,core_P00_nom_G_b120_lexicographic,35,left,3.75,4.75,3.75,4.75,-1.0,1.8988215193149856e-15,51,audit_results/semantic_development_acquisition_20260923/episodes/core_P00_nom_G_b120_lexicographic/steps/035.json.gz,7.0
six_parent_nominal_development,SEM_P00,nominal,G,core_P00_nom_G_b120_lexicographic,36,forward,3.5,4.750000000000001,3.5,4.750000000000001,-1.0,1.8988215193149856e-15,51,audit_results/semantic_development_acquisition_20260923/episodes/core_P00_nom_G_b120_lexicographic/steps/036.json.gz,7.25
six_parent_nominal_development,SEM_P00,nominal,G,core_P00_nom_G_b120_lexicographic,37,forward,3.25,4.750000000000002,3.25,4.750000000000002,-1.0,1.8988215193149856e-15,51,audit_results/semantic_development_acquisition_20260923/episodes/core_P00_nom_G_b120_lexicographic/steps/037.json.gz,7.5
six_parent_nominal_development,SEM_P00,nominal,G,core_P00_nom_G_b120_lexicographic,38,forward,3.0,4.750000000000003,3.0,4.750000000000003,-1.0,1.8988215193149856e-15,49,audit_results/semantic_development_acquisition_20260923/episodes/core_P00_nom_G_b120_lexicographic/steps/038.json.gz,7.75
six_parent_nominal_development,SEM_P00,nominal,G,core_P00_nom_G_b120_lexicographic,39,right,3.0,4.750000000000003,3.0,4.750000000000003,-0.866025403784438,0.5000000000000011,47,audit_results/semantic_development_acquisition_20260923/episodes/core_P00_nom_G_b120_lexicographic/steps/039.json.gz,7.75
six_parent_nominal_development,SEM_P00,nominal,G,core_P00_nom_G_b120_lexicographic,40,right,3.0,4.750000000000003,3.0,4.750000000000003,-0.4999999999999994,0.8660254037844389,45,audit_results/semantic_development_acquisition_20260923/episodes/core_P00_nom_G_b120_lexicographic/steps/040.json.gz,7.75
six_parent_nominal_development,SEM_P00,nominal,G,core_P00_nom_G_b120_lexicographic,41,right,3.0,4.750000000000003,3.0,4.750000000000003,6.123233995736766e-17,1.0,43,audit_results/semantic_development_acquisition_20260923/episodes/core_P00_nom_G_b120_lexicographic/steps/041.json.gz,7.75
six_parent_nominal_development,SEM_P00,nominal,G,core_P00_nom_G_b120_lexicographic,42,right,3.0,4.750000000000003,3.0,4.750000000000003,0.4999999999999995,0.8660254037844389,41,audit_results/semantic_development_acquisition_20260923/episodes/core_P00_nom_G_b120_lexicographic/steps/042.json.gz,7.75
six_parent_nominal_development,SEM_P00,nominal,G,core_P00_nom_G_b120_lexicographic,43,right,3.0,4.750000000000003,3.0,4.750000000000003,0.8660254037844383,0.5000000000000007,40,audit_results/semantic_development_acquisition_20260923/episodes/core_P00_nom_G_b120_lexicographic/steps/043.json.gz,7.75
six_parent_nominal_development,SEM_P00,nominal,G,core_P00_nom_G_b120_lexicographic,44,observe,3.0,4.750000000000003,3.0,4.750000000000003,0.8660254037844383,0.5000000000000007,40,audit_results/semantic_development_acquisition_20260923/episodes/core_P00_nom_G_b120_lexicographic/steps/044.json.gz,7.75
six_parent_nominal_development,SEM_P00,nominal,G,core_P00_nom_G_b120_lexicographic,45,left,3.0,4.750000000000003,3.0,4.750000000000003,0.4999999999999995,0.8660254037844389,40,audit_results/semantic_development_acquisition_20260923/episodes/core_P00_nom_G_b120_lexicographic/steps/045.json.gz,7.75
six_parent_nominal_development,SEM_P00,nominal,G,core_P00_nom_G_b120_lexicographic,46,left,3.0,4.750000000000003,3.0,4.750000000000003,6.123233995736766e-17,1.0,40,audit_results/semantic_development_acquisition_20260923/episodes/core_P00_nom_G_b120_lexicographic/steps/046.json.gz,7.75
six_parent_nominal_development,SEM_P00,nominal,G,core_P00_nom_G_b120_lexicographic,47,left,3.0,4.750000000000003,3.0,4.750000000000003,-0.4999999999999994,0.8660254037844389,40,audit_results/semantic_development_acquisition_20260923/episodes/core_P00_nom_G_b120_lexicographic/steps/047.json.gz,7.75
six_parent_nominal_development,SEM_P00,nominal,G,core_P00_nom_G_b120_lexicographic,48,left,3.0,4.750000000000003,3.0,4.750000000000003,-0.866025403784438,0.5000000000000011,40,audit_results/semantic_development_acquisition_20260923/episodes/core_P00_nom_G_b120_lexicographic/steps/048.json.gz,7.75
six_parent_nominal_development,SEM_P00,nominal,G,core_P00_nom_G_b120_lexicographic,49,left,3.0,4.750000000000003,3.0,4.750000000000003,-1.0,1.8988215193149856e-15,40,audit_results/semantic_development_acquisition_20260923/episodes/core_P00_nom_G_b120_lexicographic/steps/049.json.gz,7.75
six_parent_nominal_development,SEM_P00,nominal,G,core_P00_nom_G_b120_lexicographic,50,forward,2.75,4.7500000000000036,2.75,4.7500000000000036,-1.0,1.8988215193149856e-15,38,audit_results/semantic_development_acquisition_20260923/episodes/core_P00_nom_G_b120_lexicographic/steps/050.json.gz,8.0
six_parent_nominal_development,SEM_P00,nominal,G,core_P00_nom_G_b120_lexicographic,51,right,2.75,4.7500000000000036,2.75,4.7500000000000036,-0.866025403784438,0.5000000000000011,36,audit_results/semantic_development_acquisition_20260923/episodes/core_P00_nom_G_b120_lexicographic/steps/051.json.gz,8.0
six_parent_nominal_development,SEM_P00,nominal,G,core_P00_nom_G_b120_lexicographic,52,right,2.75,4.7500000000000036,2.75,4.7500000000000036,-0.4999999999999994,0.8660254037844389,35,audit_results/semantic_development_acquisition_20260923/episodes/core_P00_nom_G_b120_lexicographic/steps/052.json.gz,8.0
six_parent_nominal_development,SEM_P00,nominal,G,core_P00_nom_G_b120_lexicographic,53,observe,2.75,4.7500000000000036,2.75,4.7500000000000036,-0.4999999999999994,0.8660254037844389,33,audit_results/semantic_development_acquisition_20260923/episodes/core_P00_nom_G_b120_lexicographic/steps/053.json.gz,8.0
six_parent_nominal_development,SEM_P00,nominal,G,core_P00_nom_G_b120_lexicographic,54,right,2.75,4.7500000000000036,2.75,4.7500000000000036,6.123233995736766e-17,1.0,31,audit_results/semantic_development_acquisition_20260923/episodes/core_P00_nom_G_b120_lexicographic/steps/054.json.gz,8.0
six_parent_nominal_development,SEM_P00,nominal,G,core_P00_nom_G_b120_lexicographic,55,right,2.75,4.7500000000000036,2.75,4.7500000000000036,0.4999999999999995,0.8660254037844389,29,audit_results/semantic_development_acquisition_20260923/episodes/core_P00_nom_G_b120_lexicographic/steps/055.json.gz,8.0
six_parent_nominal_development,SEM_P00,nominal,G,core_P00_nom_G_b120_lexicographic,56,right,2.75,4.7500000000000036,2.75,4.7500000000000036,0.8660254037844383,0.5000000000000007,27,audit_results/semantic_development_acquisition_20260923/episodes/core_P00_nom_G_b120_lexicographic/steps/056.json.gz,8.0
six_parent_nominal_development,SEM_P00,nominal,G,core_P00_nom_G_b120_lexicographic,57,right,2.75,4.7500000000000036,2.75,4.7500000000000036,1.0,8.881784197001252e-16,25,audit_results/semantic_development_acquisition_20260923/episodes/core_P00_nom_G_b120_lexicographic/steps/057.json.gz,8.0
six_parent_nominal_development,SEM_P00,nominal,G,core_P00_nom_G_b120_lexicographic,58,forward,3.0,4.7500000000000036,3.0,4.7500000000000036,1.0,8.881784197001252e-16,23,audit_results/semantic_development_acquisition_20260923/episodes/core_P00_nom_G_b120_lexicographic/steps/058.json.gz,8.25
six_parent_nominal_development,SEM_P00,nominal,G,core_P00_nom_G_b120_lexicographic,59,forward,3.25,4.7500000000000036,3.25,4.7500000000000036,1.0,8.881784197001252e-16,21,audit_results/semantic_development_acquisition_20260923/episodes/core_P00_nom_G_b120_lexicographic/steps/059.json.gz,8.5
six_parent_nominal_development,SEM_P00,nominal,G,core_P00_nom_G_b120_lexicographic,60,forward,3.5,4.7500000000000036,3.5,4.7500000000000036,1.0,8.881784197001252e-16,19,audit_results/semantic_development_acquisition_20260923/episodes/core_P00_nom_G_b120_lexicographic/steps/060.json.gz,8.75
six_parent_nominal_development,SEM_P00,nominal,G,core_P00_nom_G_b120_lexicographic,61,forward,3.75,4.7500000000000036,3.75,4.7500000000000036,1.0,8.881784197001252e-16,19,audit_results/semantic_development_acquisition_20260923/episodes/core_P00_nom_G_b120_lexicographic/steps/061.json.gz,9.0
six_parent_nominal_development,SEM_P00,nominal,G,core_P00_nom_G_b120_lexicographic,62,left,3.75,4.7500000000000036,3.75,4.7500000000000036,0.8660254037844383,0.5000000000000007,19,audit_results/semantic_development_acquisition_20260923/episodes/core_P00_nom_G_b120_lexicographic/steps/062.json.gz,9.0
six_parent_nominal_development,SEM_P00,nominal,G,core_P00_nom_G_b120_lexicographic,63,left,3.75,4.7500000000000036,3.75,4.7500000000000036,0.4999999999999995,0.8660254037844389,19,audit_results/semantic_development_acquisition_20260923/episodes/core_P00_nom_G_b120_lexicographic/steps/063.json.gz,9.0
six_parent_nominal_development,SEM_P00,nominal,G,core_P00_nom_G_b120_lexicographic,64,left,3.75,4.7500000000000036,3.75,4.7500000000000036,6.123233995736766e-17,1.0,11,audit_results/semantic_development_acquisition_20260923/episodes/core_P00_nom_G_b120_lexicographic/steps/064.json.gz,9.0
six_parent_nominal_development,SEM_P00,nominal,G,core_P00_nom_G_b120_lexicographic,65,forward,3.75,5.0000000000000036,3.75,5.0000000000000036,6.123233995736766e-17,1.0,9,audit_results/semantic_development_acquisition_20260923/episodes/core_P00_nom_G_b120_lexicographic/steps/065.json.gz,9.25
six_parent_nominal_development,SEM_P00,nominal,G,core_P00_nom_G_b120_lexicographic,66,forward,3.75,5.2500000000000036,3.75,5.2500000000000036,6.123233995736766e-17,1.0,7,audit_results/semantic_development_acquisition_20260923/episodes/core_P00_nom_G_b120_lexicographic/steps/066.json.gz,9.5
six_parent_nominal_development,SEM_P00,nominal,G,core_P00_nom_G_b120_lexicographic,67,forward,3.75,5.5000000000000036,3.75,5.5000000000000036,6.123233995736766e-17,1.0,5,audit_results/semantic_development_acquisition_20260923/episodes/core_P00_nom_G_b120_lexicographic/steps/067.json.gz,9.75
six_parent_nominal_development,SEM_P00,nominal,G,core_P00_nom_G_b120_lexicographic,68,forward,3.75,5.7500000000000036,3.75,5.7500000000000036,6.123233995736766e-17,1.0,5,audit_results/semantic_development_acquisition_20260923/episodes/core_P00_nom_G_b120_lexicographic/steps/068.json.gz,10.0
six_parent_nominal_development,SEM_P00,nominal,G,core_P00_nom_G_b120_lexicographic,69,right,3.75,5.7500000000000036,3.75,5.7500000000000036,0.4999999999999995,0.8660254037844389,4,audit_results/semantic_development_acquisition_20260923/episodes/core_P00_nom_G_b120_lexicographic/steps/069.json.gz,10.0
six_parent_nominal_development,SEM_P00,nominal,G,core_P00_nom_G_b120_lexicographic,70,observe,3.75,5.7500000000000036,3.75,5.7500000000000036,0.4999999999999995,0.8660254037844389,4,audit_results/semantic_development_acquisition_20260923/episodes/core_P00_nom_G_b120_lexicographic/steps/070.json.gz,10.0
six_parent_nominal_development,SEM_P00,nominal,G,core_P00_nom_G_b120_lexicographic,71,right,3.75,5.7500000000000036,3.75,5.7500000000000036,0.8660254037844383,0.5000000000000007,4,audit_results/semantic_development_acquisition_20260923/episodes/core_P00_nom_G_b120_lexicographic/steps/071.json.gz,10.0
six_parent_nominal_development,SEM_P00,nominal,G,core_P00_nom_G_b120_lexicographic,72,right,3.75,5.7500000000000036,3.75,5.7500000000000036,1.0,8.881784197001252e-16,4,audit_results/semantic_development_acquisition_20260923/episodes/core_P00_nom_G_b120_lexicographic/steps/072.json.gz,10.0
six_parent_nominal_development,SEM_P00,nominal,G,core_P00_nom_G_b120_lexicographic,73,right,3.75,5.7500000000000036,3.75,5.7500000000000036,0.8660254037844392,-0.4999999999999991,4,audit_results/semantic_development_acquisition_20260923/episodes/core_P00_nom_G_b120_lexicographic/steps/073.json.gz,10.0
six_parent_nominal_development,SEM_P00,nominal,G,core_P00_nom_G_b120_lexicographic,74,right,3.75,5.7500000000000036,3.75,5.7500000000000036,0.5000000000000011,-0.866025403784438,4,audit_results/semantic_development_acquisition_20260923/episodes/core_P00_nom_G_b120_lexicographic/steps/074.json.gz,10.0
six_parent_nominal_development,SEM_P00,nominal,G,core_P00_nom_G_b120_lexicographic,75,right,3.75,5.7500000000000036,3.75,5.7500000000000036,1.3934999695075554e-15,-1.0,4,audit_results/semantic_development_acquisition_20260923/episodes/core_P00_nom_G_b120_lexicographic/steps/075.json.gz,10.0
six_parent_nominal_development,SEM_P00,nominal,G,core_P00_nom_G_b120_lexicographic,76,forward,3.7500000000000004,5.5000000000000036,3.7500000000000004,5.5000000000000036,1.3934999695075554e-15,-1.0,4,audit_results/semantic_development_acquisition_20260923/episodes/core_P00_nom_G_b120_lexicographic/steps/076.json.gz,10.25
six_parent_nominal_development,SEM_P00,nominal,G,core_P00_nom_G_b120_lexicographic,77,forward,3.750000000000001,5.2500000000000036,3.750000000000001,5.2500000000000036,1.3934999695075554e-15,-1.0,4,audit_results/semantic_development_acquisition_20260923/episodes/core_P00_nom_G_b120_lexicographic/steps/077.json.gz,10.5
six_parent_nominal_development,SEM_P00,nominal,G,core_P00_nom_G_b120_lexicographic,78,forward,3.7500000000000013,5.0000000000000036,3.7500000000000013,5.0000000000000036,1.3934999695075554e-15,-1.0,4,audit_results/semantic_development_acquisition_20260923/episodes/core_P00_nom_G_b120_lexicographic/steps/078.json.gz,10.75
six_parent_nominal_development,SEM_P00,nominal,G,core_P00_nom_G_b120_lexicographic,79,forward,3.7500000000000018,4.7500000000000036,3.7500000000000018,4.7500000000000036,1.3934999695075554e-15,-1.0,4,audit_results/semantic_development_acquisition_20260923/episodes/core_P00_nom_G_b120_lexicographic/steps/079.json.gz,11.0
six_parent_nominal_development,SEM_P00,nominal,G,core_P00_nom_G_b120_lexicographic,80,forward,3.750000000000002,4.5000000000000036,3.750000000000002,4.5000000000000036,1.3934999695075554e-15,-1.0,4,audit_results/semantic_development_acquisition_20260923/episodes/core_P00_nom_G_b120_lexicographic/steps/080.json.gz,11.25
six_parent_nominal_development,SEM_P00,nominal,G,core_P00_nom_G_b120_lexicographic,81,forward,3.7500000000000027,4.2500000000000036,3.7500000000000027,4.2500000000000036,1.3934999695075554e-15,-1.0,4,audit_results/semantic_development_acquisition_20260923/episodes/core_P00_nom_G_b120_lexicographic/steps/081.json.gz,11.5
six_parent_nominal_development,SEM_P00,nominal,G,core_P00_nom_G_b120_lexicographic,82,forward,3.750000000000003,4.0000000000000036,3.750000000000003,4.0000000000000036,1.3934999695075554e-15,-1.0,4,audit_results/semantic_development_acquisition_20260923/episodes/core_P00_nom_G_b120_lexicographic/steps/082.json.gz,11.75
six_parent_nominal_development,SEM_P00,nominal,G,core_P00_nom_G_b120_lexicographic,83,forward,3.7500000000000036,3.7500000000000036,3.7500000000000036,3.7500000000000036,1.3934999695075554e-15,-1.0,4,audit_results/semantic_development_acquisition_20260923/episodes/core_P00_nom_G_b120_lexicographic/steps/083.json.gz,12.0
six_parent_nominal_development,SEM_P00,nominal,G,core_P00_nom_G_b120_lexicographic,84,right,3.7500000000000036,3.7500000000000036,3.7500000000000036,3.7500000000000036,-0.49999999999999867,-0.8660254037844394,4,audit_results/semantic_development_acquisition_20260923/episodes/core_P00_nom_G_b120_lexicographic/steps/084.json.gz,12.0
six_parent_nominal_development,SEM_P00,nominal,G,core_P00_nom_G_b120_lexicographic,85,right,3.7500000000000036,3.7500000000000036,3.7500000000000036,3.7500000000000036,-0.8660254037844378,-0.5000000000000014,4,audit_results/semantic_development_acquisition_20260923/episodes/core_P00_nom_G_b120_lexicographic/steps/085.json.gz,12.0
six_parent_nominal_development,SEM_P00,nominal,G,core_P00_nom_G_b120_lexicographic,86,right,3.7500000000000036,3.7500000000000036,3.7500000000000036,3.7500000000000036,-1.0,-1.8988215193149856e-15,2,audit_results/semantic_development_acquisition_20260923/episodes/core_P00_nom_G_b120_lexicographic/steps/086.json.gz,12.0
six_parent_nominal_development,SEM_P00,nominal,G,core_P00_nom_G_b120_lexicographic,87,right,3.7500000000000036,3.7500000000000036,3.7500000000000036,3.7500000000000036,-0.8660254037844398,0.49999999999999806,1,audit_results/semantic_development_acquisition_20260923/episodes/core_P00_nom_G_b120_lexicographic/steps/087.json.gz,12.0
six_parent_nominal_development,SEM_P00,nominal,G,core_P00_nom_G_b120_lexicographic,88,observe,3.7500000000000036,3.7500000000000036,3.7500000000000036,3.7500000000000036,-0.8660254037844398,0.49999999999999806,1,audit_results/semantic_development_acquisition_20260923/episodes/core_P00_nom_G_b120_lexicographic/steps/088.json.gz,12.0
six_parent_nominal_development,SEM_P00,nominal,G,core_P00_nom_G_b120_lexicographic,89,left,3.7500000000000036,3.7500000000000036,3.7500000000000036,3.7500000000000036,-1.0,-1.8988215193149856e-15,1,audit_results/semantic_development_acquisition_20260923/episodes/core_P00_nom_G_b120_lexicographic/steps/089.json.gz,12.0
six_parent_nominal_development,SEM_P00,nominal,G,core_P00_nom_G_b120_lexicographic,90,forward,3.5000000000000036,3.750000000000003,3.5000000000000036,3.750000000000003,-1.0,-1.8988215193149856e-15,1,audit_results/semantic_development_acquisition_20260923/episodes/core_P00_nom_G_b120_lexicographic/steps/090.json.gz,12.25
six_parent_nominal_development,SEM_P00,nominal,G,core_P00_nom_G_b120_lexicographic,91,forward,3.2500000000000036,3.7500000000000027,3.2500000000000036,3.7500000000000027,-1.0,-1.8988215193149856e-15,1,audit_results/semantic_development_acquisition_20260923/episodes/core_P00_nom_G_b120_lexicographic/steps/091.json.gz,12.5
six_parent_nominal_development,SEM_P00,nominal,G,core_P00_nom_G_b120_lexicographic,92,forward,3.0000000000000036,3.750000000000002,3.0000000000000036,3.750000000000002,-1.0,-1.8988215193149856e-15,1,audit_results/semantic_development_acquisition_20260923/episodes/core_P00_nom_G_b120_lexicographic/steps/092.json.gz,12.75
six_parent_nominal_development,SEM_P00,nominal,G,core_P00_nom_G_b120_lexicographic,93,forward,2.7500000000000036,3.7500000000000018,2.7500000000000036,3.7500000000000018,-1.0,-1.8988215193149856e-15,0,audit_results/semantic_development_acquisition_20260923/episodes/core_P00_nom_G_b120_lexicographic/steps/093.json.gz,13.0
six_parent_nominal_development,SEM_P00,nominal,G,core_P00_nom_G_b120_lexicographic,94,observe,2.7500000000000036,3.7500000000000018,2.7500000000000036,3.7500000000000018,-1.0,-1.8988215193149856e-15,0,audit_results/semantic_development_acquisition_20260923/episodes/core_P00_nom_G_b120_lexicographic/steps/094.json.gz,13.0
six_parent_nominal_development,SEM_P00,nominal,G,core_P00_nom_G_b120_lexicographic,95,forward,2.5000000000000036,3.7500000000000013,2.5000000000000036,3.7500000000000013,-1.0,-1.8988215193149856e-15,0,audit_results/semantic_development_acquisition_20260923/episodes/core_P00_nom_G_b120_lexicographic/steps/095.json.gz,13.25
six_parent_nominal_development,SEM_P00,nominal,G,core_P00_nom_G_b120_lexicographic,96,forward,2.2500000000000036,3.750000000000001,2.2500000000000036,3.750000000000001,-1.0,-1.8988215193149856e-15,0,audit_results/semantic_development_acquisition_20260923/episodes/core_P00_nom_G_b120_lexicographic/steps/096.json.gz,13.5
six_parent_nominal_development,SEM_P00,nominal,G,core_P00_nom_G_b120_lexicographic,97,forward,2.0000000000000036,3.7500000000000004,2.0000000000000036,3.7500000000000004,-1.0,-1.8988215193149856e-15,0,audit_results/semantic_development_acquisition_20260923/episodes/core_P00_nom_G_b120_lexicographic/steps/097.json.gz,13.75
six_parent_nominal_development,SEM_P00,nominal,G,core_P00_nom_G_b120_lexicographic,98,forward,1.7500000000000036,3.75,1.7500000000000036,3.75,-1.0,-1.8988215193149856e-15,0,audit_results/semantic_development_acquisition_20260923/episodes/core_P00_nom_G_b120_lexicographic/steps/098.json.gz,14.0
six_parent_nominal_development,SEM_P00,nominal,G,core_P00_nom_G_b120_lexicographic,99,forward,1.5000000000000036,3.7499999999999996,1.5000000000000036,3.7499999999999996,-1.0,-1.8988215193149856e-15,0,audit_results/semantic_development_acquisition_20260923/episodes/core_P00_nom_G_b120_lexicographic/steps/099.json.gz,14.25
six_parent_nominal_development,SEM_P00,nominal,G,core_P00_nom_G_b120_lexicographic,100,forward,1.2500000000000036,3.749999999999999,1.2500000000000036,3.749999999999999,-1.0,-1.8988215193149856e-15,0,audit_results/semantic_development_acquisition_20260923/episodes/core_P00_nom_G_b120_lexicographic/steps/100.json.gz,14.5
six_parent_nominal_development,SEM_P00,nominal,G,core_P00_nom_G_b120_lexicographic,101,forward,1.0000000000000036,3.7499999999999987,1.0000000000000036,3.7499999999999987,-1.0,-1.8988215193149856e-15,0,audit_results/semantic_development_acquisition_20260923/episodes/core_P00_nom_G_b120_lexicographic/steps/101.json.gz,14.75
six_parent_nominal_development,SEM_P00,nominal,G,core_P00_nom_G_b120_lexicographic,102,forward,0.7500000000000036,3.7499999999999982,0.7500000000000036,3.7499999999999982,-1.0,-1.8988215193149856e-15,0,audit_results/semantic_development_acquisition_20260923/episodes/core_P00_nom_G_b120_lexicographic/steps/102.json.gz,15.0
six_parent_nominal_development,SEM_P00,nominal,G,core_P00_nom_G_b120_lexicographic,103,left,0.7500000000000036,3.7499999999999982,0.7500000000000036,3.7499999999999982,-0.8660254037844378,-0.5000000000000014,0,audit_results/semantic_development_acquisition_20260923/episodes/core_P00_nom_G_b120_lexicographic/steps/103.json.gz,15.0
six_parent_nominal_development,SEM_P00,nominal,G,core_P00_nom_G_b120_lexicographic,104,left,0.7500000000000036,3.7499999999999982,0.7500000000000036,3.7499999999999982,-0.49999999999999867,-0.8660254037844394,0,audit_results/semantic_development_acquisition_20260923/episodes/core_P00_nom_G_b120_lexicographic/steps/104.json.gz,15.0
six_parent_nominal_development,SEM_P00,nominal,G,core_P00_nom_G_b120_lexicographic,105,left,0.7500000000000036,3.7499999999999982,0.7500000000000036,3.7499999999999982,1.3934999695075554e-15,-1.0,0,audit_results/semantic_development_acquisition_20260923/episodes/core_P00_nom_G_b120_lexicographic/steps/105.json.gz,15.0
six_parent_nominal_development,SEM_P00,nominal,G,core_P00_nom_G_b120_lexicographic,106,forward,0.7500000000000039,3.4999999999999982,0.7500000000000039,3.4999999999999982,1.3934999695075554e-15,-1.0,0,audit_results/semantic_development_acquisition_20260923/episodes/core_P00_nom_G_b120_lexicographic/steps/106.json.gz,15.25
six_parent_nominal_development,SEM_P00,nominal,G,core_P00_nom_G_b120_lexicographic,107,forward,0.7500000000000042,3.2499999999999982,0.7500000000000042,3.2499999999999982,1.3934999695075554e-15,-1.0,0,audit_results/semantic_development_acquisition_20260923/episodes/core_P00_nom_G_b120_lexicographic/steps/107.json.gz,15.5
six_parent_nominal_development,SEM_P00,nominal,G,core_P00_nom_G_b120_lexicographic,108,forward,0.7500000000000046,2.9999999999999982,0.7500000000000046,2.9999999999999982,1.3934999695075554e-15,-1.0,0,audit_results/semantic_development_acquisition_20260923/episodes/core_P00_nom_G_b120_lexicographic/steps/108.json.gz,15.75
six_parent_nominal_development,SEM_P00,nominal,G,core_P00_nom_G_b120_lexicographic,109,forward,0.7500000000000049,2.7499999999999982,0.7500000000000049,2.7499999999999982,1.3934999695075554e-15,-1.0,0,audit_results/semantic_development_acquisition_20260923/episodes/core_P00_nom_G_b120_lexicographic/steps/109.json.gz,16.0
six_parent_nominal_development,SEM_P00,nominal,G,core_P00_nom_G_b120_lexicographic,110,forward,0.7500000000000052,2.4999999999999982,0.7500000000000052,2.4999999999999982,1.3934999695075554e-15,-1.0,0,audit_results/semantic_development_acquisition_20260923/episodes/core_P00_nom_G_b120_lexicographic/steps/110.json.gz,16.25
six_parent_nominal_development,SEM_P00,nominal,G,core_P00_nom_G_b120_lexicographic,111,forward,0.7500000000000056,2.2499999999999982,0.7500000000000056,2.2499999999999982,1.3934999695075554e-15,-1.0,0,audit_results/semantic_development_acquisition_20260923/episodes/core_P00_nom_G_b120_lexicographic/steps/111.json.gz,16.5
six_parent_nominal_development,SEM_P00,nominal,G,core_P00_nom_G_b120_lexicographic,112,forward,0.7500000000000059,1.9999999999999982,0.7500000000000059,1.9999999999999982,1.3934999695075554e-15,-1.0,0,audit_results/semantic_development_acquisition_20260923/episodes/core_P00_nom_G_b120_lexicographic/steps/112.json.gz,16.75
six_parent_nominal_development,SEM_P00,nominal,G,core_P00_nom_G_b120_lexicographic,113,forward,0.7500000000000062,1.7499999999999982,0.7500000000000062,1.7499999999999982,1.3934999695075554e-15,-1.0,0,audit_results/semantic_development_acquisition_20260923/episodes/core_P00_nom_G_b120_lexicographic/steps/113.json.gz,17.0
six_parent_nominal_development,SEM_P00,nominal,G,core_P00_nom_G_b120_lexicographic,114,forward,0.7500000000000066,1.4999999999999982,0.7500000000000066,1.4999999999999982,1.3934999695075554e-15,-1.0,0,audit_results/semantic_development_acquisition_20260923/episodes/core_P00_nom_G_b120_lexicographic/steps/114.json.gz,17.25
six_parent_nominal_development,SEM_P00,nominal,G,core_P00_nom_G_b120_lexicographic,115,forward,0.7500000000000069,1.2499999999999982,0.7500000000000069,1.2499999999999982,1.3934999695075554e-15,-1.0,0,audit_results/semantic_development_acquisition_20260923/episodes/core_P00_nom_G_b120_lexicographic/steps/115.json.gz,17.5
six_parent_nominal_development,SEM_P00,nominal,G,core_P00_nom_G_b120_lexicographic,116,forward,0.7500000000000072,0.9999999999999982,0.7500000000000072,0.9999999999999982,1.3934999695075554e-15,-1.0,0,audit_results/semantic_development_acquisition_20260923/episodes/core_P00_nom_G_b120_lexicographic/steps/116.json.gz,17.75
six_parent_nominal_development,SEM_P00,nominal,G,core_P00_nom_G_b120_lexicographic,117,forward,0.7500000000000075,0.7499999999999982,0.7500000000000075,0.7499999999999982,1.3934999695075554e-15,-1.0,0,audit_results/semantic_development_acquisition_20260923/episodes/core_P00_nom_G_b120_lexicographic/steps/117.json.gz,18.0
six_parent_nominal_development,SEM_P00,nominal,G,core_P00_nom_G_b120_lexicographic,118,left,0.7500000000000075,0.7499999999999982,0.7500000000000075,0.7499999999999982,0.5000000000000011,-0.866025403784438,0,audit_results/semantic_development_acquisition_20260923/episodes/core_P00_nom_G_b120_lexicographic/steps/118.json.gz,18.0
six_parent_nominal_development,SEM_P00,nominal,G,core_P00_nom_G_b120_lexicographic,119,left,0.7500000000000075,0.7499999999999982,0.7500000000000075,0.7499999999999982,0.8660254037844392,-0.4999999999999991,0,audit_results/semantic_development_acquisition_20260923/episodes/core_P00_nom_G_b120_lexicographic/steps/119.json.gz,18.0
six_parent_nominal_development,SEM_P00,nominal,G,core_P00_nom_G_b120_lexicographic,120,left,0.7500000000000075,0.7499999999999982,0.7500000000000075,0.7499999999999982,1.0,8.881784197001252e-16,,audit_results/semantic_development_acquisition_20260923/episodes/core_P00_nom_G_b120_lexicographic/steps/120.json.gz,18.0
six_parent_nominal_development,SEM_P00,nominal,S,core_P00_nom_S_b120_lexicographic,0,initial,0.75,0.75,0.75,0.75,1.0,0.0,106,audit_results/semantic_development_acquisition_20260923/episodes/core_P00_nom_S_b120_lexicographic/steps/000.json.gz,0.0
six_parent_nominal_development,SEM_P00,nominal,S,core_P00_nom_S_b120_lexicographic,1,forward,1.0,0.75,1.0,0.75,1.0,0.0,104,audit_results/semantic_development_acquisition_20260923/episodes/core_P00_nom_S_b120_lexicographic/steps/001.json.gz,0.25
six_parent_nominal_development,SEM_P00,nominal,S,core_P00_nom_S_b120_lexicographic,2,forward,1.25,0.75,1.25,0.75,1.0,0.0,102,audit_results/semantic_development_acquisition_20260923/episodes/core_P00_nom_S_b120_lexicographic/steps/002.json.gz,0.5
six_parent_nominal_development,SEM_P00,nominal,S,core_P00_nom_S_b120_lexicographic,3,forward,1.5,0.75,1.5,0.75,1.0,0.0,100,audit_results/semantic_development_acquisition_20260923/episodes/core_P00_nom_S_b120_lexicographic/steps/003.json.gz,0.75
six_parent_nominal_development,SEM_P00,nominal,S,core_P00_nom_S_b120_lexicographic,4,forward,1.75,0.75,1.75,0.75,1.0,0.0,98,audit_results/semantic_development_acquisition_20260923/episodes/core_P00_nom_S_b120_lexicographic/steps/004.json.gz,1.0
six_parent_nominal_development,SEM_P00,nominal,S,core_P00_nom_S_b120_lexicographic,5,forward,2.0,0.75,2.0,0.75,1.0,0.0,96,audit_results/semantic_development_acquisition_20260923/episodes/core_P00_nom_S_b120_lexicographic/steps/005.json.gz,1.25
six_parent_nominal_development,SEM_P00,nominal,S,core_P00_nom_S_b120_lexicographic,6,forward,2.25,0.75,2.25,0.75,1.0,0.0,94,audit_results/semantic_development_acquisition_20260923/episodes/core_P00_nom_S_b120_lexicographic/steps/006.json.gz,1.5
six_parent_nominal_development,SEM_P00,nominal,S,core_P00_nom_S_b120_lexicographic,7,forward,2.5,0.75,2.5,0.75,1.0,0.0,92,audit_results/semantic_development_acquisition_20260923/episodes/core_P00_nom_S_b120_lexicographic/steps/007.json.gz,1.75
six_parent_nominal_development,SEM_P00,nominal,S,core_P00_nom_S_b120_lexicographic,8,forward,2.75,0.75,2.75,0.75,1.0,0.0,90,audit_results/semantic_development_acquisition_20260923/episodes/core_P00_nom_S_b120_lexicographic/steps/008.json.gz,2.0
six_parent_nominal_development,SEM_P00,nominal,S,core_P00_nom_S_b120_lexicographic,9,forward,3.0,0.75,3.0,0.75,1.0,0.0,88,audit_results/semantic_development_acquisition_20260923/episodes/core_P00_nom_S_b120_lexicographic/steps/009.json.gz,2.25
six_parent_nominal_development,SEM_P00,nominal,S,core_P00_nom_S_b120_lexicographic,10,forward,3.25,0.75,3.25,0.75,1.0,0.0,86,audit_results/semantic_development_acquisition_20260923/episodes/core_P00_nom_S_b120_lexicographic/steps/010.json.gz,2.5
six_parent_nominal_development,SEM_P00,nominal,S,core_P00_nom_S_b120_lexicographic,11,forward,3.5,0.75,3.5,0.75,1.0,0.0,84,audit_results/semantic_development_acquisition_20260923/episodes/core_P00_nom_S_b120_lexicographic/steps/011.json.gz,2.75
six_parent_nominal_development,SEM_P00,nominal,S,core_P00_nom_S_b120_lexicographic,12,forward,3.75,0.75,3.75,0.75,1.0,0.0,84,audit_results/semantic_development_acquisition_20260923/episodes/core_P00_nom_S_b120_lexicographic/steps/012.json.gz,3.0
six_parent_nominal_development,SEM_P00,nominal,S,core_P00_nom_S_b120_lexicographic,13,left,3.75,0.75,3.75,0.75,0.8660254037844387,0.49999999999999983,84,audit_results/semantic_development_acquisition_20260923/episodes/core_P00_nom_S_b120_lexicographic/steps/013.json.gz,3.0
six_parent_nominal_development,SEM_P00,nominal,S,core_P00_nom_S_b120_lexicographic,14,left,3.75,0.75,3.75,0.75,0.5000000000000003,0.8660254037844385,84,audit_results/semantic_development_acquisition_20260923/episodes/core_P00_nom_S_b120_lexicographic/steps/014.json.gz,3.0
six_parent_nominal_development,SEM_P00,nominal,S,core_P00_nom_S_b120_lexicographic,15,left,3.75,0.75,3.75,0.75,6.123233995736766e-17,1.0,76,audit_results/semantic_development_acquisition_20260923/episodes/core_P00_nom_S_b120_lexicographic/steps/015.json.gz,3.0
six_parent_nominal_development,SEM_P00,nominal,S,core_P00_nom_S_b120_lexicographic,16,forward,3.75,1.0,3.75,1.0,6.123233995736766e-17,1.0,74,audit_results/semantic_development_acquisition_20260923/episodes/core_P00_nom_S_b120_lexicographic/steps/016.json.gz,3.25
six_parent_nominal_development,SEM_P00,nominal,S,core_P00_nom_S_b120_lexicographic,17,forward,3.75,1.25,3.75,1.25,6.123233995736766e-17,1.0,72,audit_results/semantic_development_acquisition_20260923/episodes/core_P00_nom_S_b120_lexicographic/steps/017.json.gz,3.5
six_parent_nominal_development,SEM_P00,nominal,S,core_P00_nom_S_b120_lexicographic,18,forward,3.75,1.5,3.75,1.5,6.123233995736766e-17,1.0,70,audit_results/semantic_development_acquisition_20260923/episodes/core_P00_nom_S_b120_lexicographic/steps/018.json.gz,3.75
six_parent_nominal_development,SEM_P00,nominal,S,core_P00_nom_S_b120_lexicographic,19,forward,3.75,1.75,3.75,1.75,6.123233995736766e-17,1.0,69,audit_results/semantic_development_acquisition_20260923/episodes/core_P00_nom_S_b120_lexicographic/steps/019.json.gz,4.0
six_parent_nominal_development,SEM_P00,nominal,S,core_P00_nom_S_b120_lexicographic,20,observe,3.75,1.75,3.75,1.75,6.123233995736766e-17,1.0,67,audit_results/semantic_development_acquisition_20260923/episodes/core_P00_nom_S_b120_lexicographic/steps/020.json.gz,4.0
six_parent_nominal_development,SEM_P00,nominal,S,core_P00_nom_S_b120_lexicographic,21,forward,3.75,2.0,3.75,2.0,6.123233995736766e-17,1.0,65,audit_results/semantic_development_acquisition_20260923/episodes/core_P00_nom_S_b120_lexicographic/steps/021.json.gz,4.25
six_parent_nominal_development,SEM_P00,nominal,S,core_P00_nom_S_b120_lexicographic,22,forward,3.75,2.25,3.75,2.25,6.123233995736766e-17,1.0,63,audit_results/semantic_development_acquisition_20260923/episodes/core_P00_nom_S_b120_lexicographic/steps/022.json.gz,4.5
six_parent_nominal_development,SEM_P00,nominal,S,core_P00_nom_S_b120_lexicographic,23,forward,3.75,2.5,3.75,2.5,6.123233995736766e-17,1.0,61,audit_results/semantic_development_acquisition_20260923/episodes/core_P00_nom_S_b120_lexicographic/steps/023.json.gz,4.75
six_parent_nominal_development,SEM_P00,nominal,S,core_P00_nom_S_b120_lexicographic,24,forward,3.75,2.75,3.75,2.75,6.123233995736766e-17,1.0,59,audit_results/semantic_development_acquisition_20260923/episodes/core_P00_nom_S_b120_lexicographic/steps/024.json.gz,5.0
six_parent_nominal_development,SEM_P00,nominal,S,core_P00_nom_S_b120_lexicographic,25,forward,3.75,3.0,3.75,3.0,6.123233995736766e-17,1.0,59,audit_results/semantic_development_acquisition_20260923/episodes/core_P00_nom_S_b120_lexicographic/steps/025.json.gz,5.25
six_parent_nominal_development,SEM_P00,nominal,S,core_P00_nom_S_b120_lexicographic,26,forward,3.75,3.25,3.75,3.25,6.123233995736766e-17,1.0,59,audit_results/semantic_development_acquisition_20260923/episodes/core_P00_nom_S_b120_lexicographic/steps/026.json.gz,5.5
six_parent_nominal_development,SEM_P00,nominal,S,core_P00_nom_S_b120_lexicographic,27,forward,3.75,3.5,3.75,3.5,6.123233995736766e-17,1.0,59,audit_results/semantic_development_acquisition_20260923/episodes/core_P00_nom_S_b120_lexicographic/steps/027.json.gz,5.75
six_parent_nominal_development,SEM_P00,nominal,S,core_P00_nom_S_b120_lexicographic,28,forward,3.75,3.75,3.75,3.75,6.123233995736766e-17,1.0,51,audit_results/semantic_development_acquisition_20260923/episodes/core_P00_nom_S_b120_lexicographic/steps/028.json.gz,6.0
six_parent_nominal_development,SEM_P00,nominal,S,core_P00_nom_S_b120_lexicographic,29,forward,3.75,4.0,3.75,4.0,6.123233995736766e-17,1.0,51,audit_results/semantic_development_acquisition_20260923/episodes/core_P00_nom_S_b120_lexicographic/steps/029.json.gz,6.25
six_parent_nominal_development,SEM_P00,nominal,S,core_P00_nom_S_b120_lexicographic,30,forward,3.75,4.25,3.75,4.25,6.123233995736766e-17,1.0,51,audit_results/semantic_development_acquisition_20260923/episodes/core_P00_nom_S_b120_lexicographic/steps/030.json.gz,6.5
six_parent_nominal_development,SEM_P00,nominal,S,core_P00_nom_S_b120_lexicographic,31,forward,3.75,4.5,3.75,4.5,6.123233995736766e-17,1.0,51,audit_results/semantic_development_acquisition_20260923/episodes/core_P00_nom_S_b120_lexicographic/steps/031.json.gz,6.75
six_parent_nominal_development,SEM_P00,nominal,S,core_P00_nom_S_b120_lexicographic,32,forward,3.75,4.75,3.75,4.75,6.123233995736766e-17,1.0,51,audit_results/semantic_development_acquisition_20260923/episodes/core_P00_nom_S_b120_lexicographic/steps/032.json.gz,7.0
six_parent_nominal_development,SEM_P00,nominal,S,core_P00_nom_S_b120_lexicographic,33,left,3.75,4.75,3.75,4.75,-0.4999999999999994,0.8660254037844389,51,audit_results/semantic_development_acquisition_20260923/episodes/core_P00_nom_S_b120_lexicographic/steps/033.json.gz,7.0
six_parent_nominal_development,SEM_P00,nominal,S,core_P00_nom_S_b120_lexicographic,34,left,3.75,4.75,3.75,4.75,-0.866025403784438,0.5000000000000011,51,audit_results/semantic_development_acquisition_20260923/episodes/core_P00_nom_S_b120_lexicographic/steps/034.json.gz,7.0
six_parent_nominal_development,SEM_P00,nominal,S,core_P00_nom_S_b120_lexicographic,35,left,3.75,4.75,3.75,4.75,-1.0,1.8988215193149856e-15,51,audit_results/semantic_development_acquisition_20260923/episodes/core_P00_nom_S_b120_lexicographic/steps/035.json.gz,7.0
six_parent_nominal_development,SEM_P00,nominal,S,core_P00_nom_S_b120_lexicographic,36,forward,3.5,4.750000000000001,3.5,4.750000000000001,-1.0,1.8988215193149856e-15,51,audit_results/semantic_development_acquisition_20260923/episodes/core_P00_nom_S_b120_lexicographic/steps/036.json.gz,7.25
six_parent_nominal_development,SEM_P00,nominal,S,core_P00_nom_S_b120_lexicographic,37,forward,3.25,4.750000000000002,3.25,4.750000000000002,-1.0,1.8988215193149856e-15,51,audit_results/semantic_development_acquisition_20260923/episodes/core_P00_nom_S_b120_lexicographic/steps/037.json.gz,7.5
six_parent_nominal_development,SEM_P00,nominal,S,core_P00_nom_S_b120_lexicographic,38,forward,3.0,4.750000000000003,3.0,4.750000000000003,-1.0,1.8988215193149856e-15,49,audit_results/semantic_development_acquisition_20260923/episodes/core_P00_nom_S_b120_lexicographic/steps/038.json.gz,7.75
six_parent_nominal_development,SEM_P00,nominal,S,core_P00_nom_S_b120_lexicographic,39,right,3.0,4.750000000000003,3.0,4.750000000000003,-0.866025403784438,0.5000000000000011,47,audit_results/semantic_development_acquisition_20260923/episodes/core_P00_nom_S_b120_lexicographic/steps/039.json.gz,7.75
six_parent_nominal_development,SEM_P00,nominal,S,core_P00_nom_S_b120_lexicographic,40,right,3.0,4.750000000000003,3.0,4.750000000000003,-0.4999999999999994,0.8660254037844389,45,audit_results/semantic_development_acquisition_20260923/episodes/core_P00_nom_S_b120_lexicographic/steps/040.json.gz,7.75
six_parent_nominal_development,SEM_P00,nominal,S,core_P00_nom_S_b120_lexicographic,41,right,3.0,4.750000000000003,3.0,4.750000000000003,6.123233995736766e-17,1.0,43,audit_results/semantic_development_acquisition_20260923/episodes/core_P00_nom_S_b120_lexicographic/steps/041.json.gz,7.75
six_parent_nominal_development,SEM_P00,nominal,S,core_P00_nom_S_b120_lexicographic,42,right,3.0,4.750000000000003,3.0,4.750000000000003,0.4999999999999995,0.8660254037844389,41,audit_results/semantic_development_acquisition_20260923/episodes/core_P00_nom_S_b120_lexicographic/steps/042.json.gz,7.75
six_parent_nominal_development,SEM_P00,nominal,S,core_P00_nom_S_b120_lexicographic,43,right,3.0,4.750000000000003,3.0,4.750000000000003,0.8660254037844383,0.5000000000000007,40,audit_results/semantic_development_acquisition_20260923/episodes/core_P00_nom_S_b120_lexicographic/steps/043.json.gz,7.75
six_parent_nominal_development,SEM_P00,nominal,S,core_P00_nom_S_b120_lexicographic,44,observe,3.0,4.750000000000003,3.0,4.750000000000003,0.8660254037844383,0.5000000000000007,40,audit_results/semantic_development_acquisition_20260923/episodes/core_P00_nom_S_b120_lexicographic/steps/044.json.gz,7.75
six_parent_nominal_development,SEM_P00,nominal,S,core_P00_nom_S_b120_lexicographic,45,left,3.0,4.750000000000003,3.0,4.750000000000003,0.4999999999999995,0.8660254037844389,40,audit_results/semantic_development_acquisition_20260923/episodes/core_P00_nom_S_b120_lexicographic/steps/045.json.gz,7.75
six_parent_nominal_development,SEM_P00,nominal,S,core_P00_nom_S_b120_lexicographic,46,left,3.0,4.750000000000003,3.0,4.750000000000003,6.123233995736766e-17,1.0,40,audit_results/semantic_development_acquisition_20260923/episodes/core_P00_nom_S_b120_lexicographic/steps/046.json.gz,7.75
six_parent_nominal_development,SEM_P00,nominal,S,core_P00_nom_S_b120_lexicographic,47,left,3.0,4.750000000000003,3.0,4.750000000000003,-0.4999999999999994,0.8660254037844389,40,audit_results/semantic_development_acquisition_20260923/episodes/core_P00_nom_S_b120_lexicographic/steps/047.json.gz,7.75
six_parent_nominal_development,SEM_P00,nominal,S,core_P00_nom_S_b120_lexicographic,48,left,3.0,4.750000000000003,3.0,4.750000000000003,-0.866025403784438,0.5000000000000011,40,audit_results/semantic_development_acquisition_20260923/episodes/core_P00_nom_S_b120_lexicographic/steps/048.json.gz,7.75
six_parent_nominal_development,SEM_P00,nominal,S,core_P00_nom_S_b120_lexicographic,49,left,3.0,4.750000000000003,3.0,4.750000000000003,-1.0,1.8988215193149856e-15,40,audit_results/semantic_development_acquisition_20260923/episodes/core_P00_nom_S_b120_lexicographic/steps/049.json.gz,7.75
six_parent_nominal_development,SEM_P00,nominal,S,core_P00_nom_S_b120_lexicographic,50,forward,2.75,4.7500000000000036,2.75,4.7500000000000036,-1.0,1.8988215193149856e-15,38,audit_results/semantic_development_acquisition_20260923/episodes/core_P00_nom_S_b120_lexicographic/steps/050.json.gz,8.0
six_parent_nominal_development,SEM_P00,nominal,S,core_P00_nom_S_b120_lexicographic,51,right,2.75,4.7500000000000036,2.75,4.7500000000000036,-0.866025403784438,0.5000000000000011,36,audit_results/semantic_development_acquisition_20260923/episodes/core_P00_nom_S_b120_lexicographic/steps/051.json.gz,8.0
six_parent_nominal_development,SEM_P00,nominal,S,core_P00_nom_S_b120_lexicographic,52,right,2.75,4.7500000000000036,2.75,4.7500000000000036,-0.4999999999999994,0.8660254037844389,35,audit_results/semantic_development_acquisition_20260923/episodes/core_P00_nom_S_b120_lexicographic/steps/052.json.gz,8.0
six_parent_nominal_development,SEM_P00,nominal,S,core_P00_nom_S_b120_lexicographic,53,observe,2.75,4.7500000000000036,2.75,4.7500000000000036,-0.4999999999999994,0.8660254037844389,33,audit_results/semantic_development_acquisition_20260923/episodes/core_P00_nom_S_b120_lexicographic/steps/053.json.gz,8.0
six_parent_nominal_development,SEM_P00,nominal,S,core_P00_nom_S_b120_lexicographic,54,right,2.75,4.7500000000000036,2.75,4.7500000000000036,6.123233995736766e-17,1.0,31,audit_results/semantic_development_acquisition_20260923/episodes/core_P00_nom_S_b120_lexicographic/steps/054.json.gz,8.0
six_parent_nominal_development,SEM_P00,nominal,S,core_P00_nom_S_b120_lexicographic,55,right,2.75,4.7500000000000036,2.75,4.7500000000000036,0.4999999999999995,0.8660254037844389,29,audit_results/semantic_development_acquisition_20260923/episodes/core_P00_nom_S_b120_lexicographic/steps/055.json.gz,8.0
six_parent_nominal_development,SEM_P00,nominal,S,core_P00_nom_S_b120_lexicographic,56,right,2.75,4.7500000000000036,2.75,4.7500000000000036,0.8660254037844383,0.5000000000000007,27,audit_results/semantic_development_acquisition_20260923/episodes/core_P00_nom_S_b120_lexicographic/steps/056.json.gz,8.0
six_parent_nominal_development,SEM_P00,nominal,S,core_P00_nom_S_b120_lexicographic,57,right,2.75,4.7500000000000036,2.75,4.7500000000000036,1.0,8.881784197001252e-16,25,audit_results/semantic_development_acquisition_20260923/episodes/core_P00_nom_S_b120_lexicographic/steps/057.json.gz,8.0
six_parent_nominal_development,SEM_P00,nominal,S,core_P00_nom_S_b120_lexicographic,58,forward,3.0,4.7500000000000036,3.0,4.7500000000000036,1.0,8.881784197001252e-16,23,audit_results/semantic_development_acquisition_20260923/episodes/core_P00_nom_S_b120_lexicographic/steps/058.json.gz,8.25
six_parent_nominal_development,SEM_P00,nominal,S,core_P00_nom_S_b120_lexicographic,59,forward,3.25,4.7500000000000036,3.25,4.7500000000000036,1.0,8.881784197001252e-16,21,audit_results/semantic_development_acquisition_20260923/episodes/core_P00_nom_S_b120_lexicographic/steps/059.json.gz,8.5
six_parent_nominal_development,SEM_P00,nominal,S,core_P00_nom_S_b120_lexicographic,60,forward,3.5,4.7500000000000036,3.5,4.7500000000000036,1.0,8.881784197001252e-16,19,audit_results/semantic_development_acquisition_20260923/episodes/core_P00_nom_S_b120_lexicographic/steps/060.json.gz,8.75
six_parent_nominal_development,SEM_P00,nominal,S,core_P00_nom_S_b120_lexicographic,61,forward,3.75,4.7500000000000036,3.75,4.7500000000000036,1.0,8.881784197001252e-16,19,audit_results/semantic_development_acquisition_20260923/episodes/core_P00_nom_S_b120_lexicographic/steps/061.json.gz,9.0
six_parent_nominal_development,SEM_P00,nominal,S,core_P00_nom_S_b120_lexicographic,62,left,3.75,4.7500000000000036,3.75,4.7500000000000036,0.8660254037844383,0.5000000000000007,19,audit_results/semantic_development_acquisition_20260923/episodes/core_P00_nom_S_b120_lexicographic/steps/062.json.gz,9.0
six_parent_nominal_development,SEM_P00,nominal,S,core_P00_nom_S_b120_lexicographic,63,left,3.75,4.7500000000000036,3.75,4.7500000000000036,0.4999999999999995,0.8660254037844389,19,audit_results/semantic_development_acquisition_20260923/episodes/core_P00_nom_S_b120_lexicographic/steps/063.json.gz,9.0
six_parent_nominal_development,SEM_P00,nominal,S,core_P00_nom_S_b120_lexicographic,64,left,3.75,4.7500000000000036,3.75,4.7500000000000036,6.123233995736766e-17,1.0,11,audit_results/semantic_development_acquisition_20260923/episodes/core_P00_nom_S_b120_lexicographic/steps/064.json.gz,9.0
six_parent_nominal_development,SEM_P00,nominal,S,core_P00_nom_S_b120_lexicographic,65,forward,3.75,5.0000000000000036,3.75,5.0000000000000036,6.123233995736766e-17,1.0,9,audit_results/semantic_development_acquisition_20260923/episodes/core_P00_nom_S_b120_lexicographic/steps/065.json.gz,9.25
six_parent_nominal_development,SEM_P00,nominal,S,core_P00_nom_S_b120_lexicographic,66,forward,3.75,5.2500000000000036,3.75,5.2500000000000036,6.123233995736766e-17,1.0,7,audit_results/semantic_development_acquisition_20260923/episodes/core_P00_nom_S_b120_lexicographic/steps/066.json.gz,9.5
six_parent_nominal_development,SEM_P00,nominal,S,core_P00_nom_S_b120_lexicographic,67,forward,3.75,5.5000000000000036,3.75,5.5000000000000036,6.123233995736766e-17,1.0,5,audit_results/semantic_development_acquisition_20260923/episodes/core_P00_nom_S_b120_lexicographic/steps/067.json.gz,9.75
six_parent_nominal_development,SEM_P00,nominal,S,core_P00_nom_S_b120_lexicographic,68,forward,3.75,5.7500000000000036,3.75,5.7500000000000036,6.123233995736766e-17,1.0,5,audit_results/semantic_development_acquisition_20260923/episodes/core_P00_nom_S_b120_lexicographic/steps/068.json.gz,10.0
six_parent_nominal_development,SEM_P00,nominal,S,core_P00_nom_S_b120_lexicographic,69,right,3.75,5.7500000000000036,3.75,5.7500000000000036,0.4999999999999995,0.8660254037844389,4,audit_results/semantic_development_acquisition_20260923/episodes/core_P00_nom_S_b120_lexicographic/steps/069.json.gz,10.0
six_parent_nominal_development,SEM_P00,nominal,S,core_P00_nom_S_b120_lexicographic,70,observe,3.75,5.7500000000000036,3.75,5.7500000000000036,0.4999999999999995,0.8660254037844389,4,audit_results/semantic_development_acquisition_20260923/episodes/core_P00_nom_S_b120_lexicographic/steps/070.json.gz,10.0
six_parent_nominal_development,SEM_P00,nominal,S,core_P00_nom_S_b120_lexicographic,71,right,3.75,5.7500000000000036,3.75,5.7500000000000036,0.8660254037844383,0.5000000000000007,4,audit_results/semantic_development_acquisition_20260923/episodes/core_P00_nom_S_b120_lexicographic/steps/071.json.gz,10.0
six_parent_nominal_development,SEM_P00,nominal,S,core_P00_nom_S_b120_lexicographic,72,right,3.75,5.7500000000000036,3.75,5.7500000000000036,1.0,8.881784197001252e-16,4,audit_results/semantic_development_acquisition_20260923/episodes/core_P00_nom_S_b120_lexicographic/steps/072.json.gz,10.0
six_parent_nominal_development,SEM_P00,nominal,S,core_P00_nom_S_b120_lexicographic,73,right,3.75,5.7500000000000036,3.75,5.7500000000000036,0.8660254037844392,-0.4999999999999991,4,audit_results/semantic_development_acquisition_20260923/episodes/core_P00_nom_S_b120_lexicographic/steps/073.json.gz,10.0
six_parent_nominal_development,SEM_P00,nominal,S,core_P00_nom_S_b120_lexicographic,74,right,3.75,5.7500000000000036,3.75,5.7500000000000036,0.5000000000000011,-0.866025403784438,4,audit_results/semantic_development_acquisition_20260923/episodes/core_P00_nom_S_b120_lexicographic/steps/074.json.gz,10.0
six_parent_nominal_development,SEM_P00,nominal,S,core_P00_nom_S_b120_lexicographic,75,right,3.75,5.7500000000000036,3.75,5.7500000000000036,1.3934999695075554e-15,-1.0,4,audit_results/semantic_development_acquisition_20260923/episodes/core_P00_nom_S_b120_lexicographic/steps/075.json.gz,10.0
six_parent_nominal_development,SEM_P00,nominal,S,core_P00_nom_S_b120_lexicographic,76,forward,3.7500000000000004,5.5000000000000036,3.7500000000000004,5.5000000000000036,1.3934999695075554e-15,-1.0,4,audit_results/semantic_development_acquisition_20260923/episodes/core_P00_nom_S_b120_lexicographic/steps/076.json.gz,10.25
six_parent_nominal_development,SEM_P00,nominal,S,core_P00_nom_S_b120_lexicographic,77,forward,3.750000000000001,5.2500000000000036,3.750000000000001,5.2500000000000036,1.3934999695075554e-15,-1.0,4,audit_results/semantic_development_acquisition_20260923/episodes/core_P00_nom_S_b120_lexicographic/steps/077.json.gz,10.5
six_parent_nominal_development,SEM_P00,nominal,S,core_P00_nom_S_b120_lexicographic,78,forward,3.7500000000000013,5.0000000000000036,3.7500000000000013,5.0000000000000036,1.3934999695075554e-15,-1.0,4,audit_results/semantic_development_acquisition_20260923/episodes/core_P00_nom_S_b120_lexicographic/steps/078.json.gz,10.75
six_parent_nominal_development,SEM_P00,nominal,S,core_P00_nom_S_b120_lexicographic,79,forward,3.7500000000000018,4.7500000000000036,3.7500000000000018,4.7500000000000036,1.3934999695075554e-15,-1.0,4,audit_results/semantic_development_acquisition_20260923/episodes/core_P00_nom_S_b120_lexicographic/steps/079.json.gz,11.0
six_parent_nominal_development,SEM_P00,nominal,S,core_P00_nom_S_b120_lexicographic,80,forward,3.750000000000002,4.5000000000000036,3.750000000000002,4.5000000000000036,1.3934999695075554e-15,-1.0,4,audit_results/semantic_development_acquisition_20260923/episodes/core_P00_nom_S_b120_lexicographic/steps/080.json.gz,11.25
six_parent_nominal_development,SEM_P00,nominal,S,core_P00_nom_S_b120_lexicographic,81,forward,3.7500000000000027,4.2500000000000036,3.7500000000000027,4.2500000000000036,1.3934999695075554e-15,-1.0,4,audit_results/semantic_development_acquisition_20260923/episodes/core_P00_nom_S_b120_lexicographic/steps/081.json.gz,11.5
six_parent_nominal_development,SEM_P00,nominal,S,core_P00_nom_S_b120_lexicographic,82,forward,3.750000000000003,4.0000000000000036,3.750000000000003,4.0000000000000036,1.3934999695075554e-15,-1.0,4,audit_results/semantic_development_acquisition_20260923/episodes/core_P00_nom_S_b120_lexicographic/steps/082.json.gz,11.75
six_parent_nominal_development,SEM_P00,nominal,S,core_P00_nom_S_b120_lexicographic,83,forward,3.7500000000000036,3.7500000000000036,3.7500000000000036,3.7500000000000036,1.3934999695075554e-15,-1.0,4,audit_results/semantic_development_acquisition_20260923/episodes/core_P00_nom_S_b120_lexicographic/steps/083.json.gz,12.0
six_parent_nominal_development,SEM_P00,nominal,S,core_P00_nom_S_b120_lexicographic,84,right,3.7500000000000036,3.7500000000000036,3.7500000000000036,3.7500000000000036,-0.49999999999999867,-0.8660254037844394,4,audit_results/semantic_development_acquisition_20260923/episodes/core_P00_nom_S_b120_lexicographic/steps/084.json.gz,12.0
six_parent_nominal_development,SEM_P00,nominal,S,core_P00_nom_S_b120_lexicographic,85,right,3.7500000000000036,3.7500000000000036,3.7500000000000036,3.7500000000000036,-0.8660254037844378,-0.5000000000000014,4,audit_results/semantic_development_acquisition_20260923/episodes/core_P00_nom_S_b120_lexicographic/steps/085.json.gz,12.0
six_parent_nominal_development,SEM_P00,nominal,S,core_P00_nom_S_b120_lexicographic,86,right,3.7500000000000036,3.7500000000000036,3.7500000000000036,3.7500000000000036,-1.0,-1.8988215193149856e-15,2,audit_results/semantic_development_acquisition_20260923/episodes/core_P00_nom_S_b120_lexicographic/steps/086.json.gz,12.0
six_parent_nominal_development,SEM_P00,nominal,S,core_P00_nom_S_b120_lexicographic,87,right,3.7500000000000036,3.7500000000000036,3.7500000000000036,3.7500000000000036,-0.8660254037844398,0.49999999999999806,1,audit_results/semantic_development_acquisition_20260923/episodes/core_P00_nom_S_b120_lexicographic/steps/087.json.gz,12.0
six_parent_nominal_development,SEM_P00,nominal,S,core_P00_nom_S_b120_lexicographic,88,observe,3.7500000000000036,3.7500000000000036,3.7500000000000036,3.7500000000000036,-0.8660254037844398,0.49999999999999806,1,audit_results/semantic_development_acquisition_20260923/episodes/core_P00_nom_S_b120_lexicographic/steps/088.json.gz,12.0
six_parent_nominal_development,SEM_P00,nominal,S,core_P00_nom_S_b120_lexicographic,89,left,3.7500000000000036,3.7500000000000036,3.7500000000000036,3.7500000000000036,-1.0,-1.8988215193149856e-15,1,audit_results/semantic_development_acquisition_20260923/episodes/core_P00_nom_S_b120_lexicographic/steps/089.json.gz,12.0
six_parent_nominal_development,SEM_P00,nominal,S,core_P00_nom_S_b120_lexicographic,90,forward,3.5000000000000036,3.750000000000003,3.5000000000000036,3.750000000000003,-1.0,-1.8988215193149856e-15,1,audit_results/semantic_development_acquisition_20260923/episodes/core_P00_nom_S_b120_lexicographic/steps/090.json.gz,12.25
six_parent_nominal_development,SEM_P00,nominal,S,core_P00_nom_S_b120_lexicographic,91,forward,3.2500000000000036,3.7500000000000027,3.2500000000000036,3.7500000000000027,-1.0,-1.8988215193149856e-15,1,audit_results/semantic_development_acquisition_20260923/episodes/core_P00_nom_S_b120_lexicographic/steps/091.json.gz,12.5
six_parent_nominal_development,SEM_P00,nominal,S,core_P00_nom_S_b120_lexicographic,92,forward,3.0000000000000036,3.750000000000002,3.0000000000000036,3.750000000000002,-1.0,-1.8988215193149856e-15,1,audit_results/semantic_development_acquisition_20260923/episodes/core_P00_nom_S_b120_lexicographic/steps/092.json.gz,12.75
six_parent_nominal_development,SEM_P00,nominal,S,core_P00_nom_S_b120_lexicographic,93,forward,2.7500000000000036,3.7500000000000018,2.7500000000000036,3.7500000000000018,-1.0,-1.8988215193149856e-15,0,audit_results/semantic_development_acquisition_20260923/episodes/core_P00_nom_S_b120_lexicographic/steps/093.json.gz,13.0
six_parent_nominal_development,SEM_P00,nominal,S,core_P00_nom_S_b120_lexicographic,94,observe,2.7500000000000036,3.7500000000000018,2.7500000000000036,3.7500000000000018,-1.0,-1.8988215193149856e-15,0,audit_results/semantic_development_acquisition_20260923/episodes/core_P00_nom_S_b120_lexicographic/steps/094.json.gz,13.0
six_parent_nominal_development,SEM_P00,nominal,S,core_P00_nom_S_b120_lexicographic,95,forward,2.5000000000000036,3.7500000000000013,2.5000000000000036,3.7500000000000013,-1.0,-1.8988215193149856e-15,0,audit_results/semantic_development_acquisition_20260923/episodes/core_P00_nom_S_b120_lexicographic/steps/095.json.gz,13.25
six_parent_nominal_development,SEM_P00,nominal,S,core_P00_nom_S_b120_lexicographic,96,forward,2.2500000000000036,3.750000000000001,2.2500000000000036,3.750000000000001,-1.0,-1.8988215193149856e-15,0,audit_results/semantic_development_acquisition_20260923/episodes/core_P00_nom_S_b120_lexicographic/steps/096.json.gz,13.5
six_parent_nominal_development,SEM_P00,nominal,S,core_P00_nom_S_b120_lexicographic,97,forward,2.0000000000000036,3.7500000000000004,2.0000000000000036,3.7500000000000004,-1.0,-1.8988215193149856e-15,0,audit_results/semantic_development_acquisition_20260923/episodes/core_P00_nom_S_b120_lexicographic/steps/097.json.gz,13.75
six_parent_nominal_development,SEM_P00,nominal,S,core_P00_nom_S_b120_lexicographic,98,forward,1.7500000000000036,3.75,1.7500000000000036,3.75,-1.0,-1.8988215193149856e-15,0,audit_results/semantic_development_acquisition_20260923/episodes/core_P00_nom_S_b120_lexicographic/steps/098.json.gz,14.0
six_parent_nominal_development,SEM_P00,nominal,S,core_P00_nom_S_b120_lexicographic,99,forward,1.5000000000000036,3.7499999999999996,1.5000000000000036,3.7499999999999996,-1.0,-1.8988215193149856e-15,0,audit_results/semantic_development_acquisition_20260923/episodes/core_P00_nom_S_b120_lexicographic/steps/099.json.gz,14.25
six_parent_nominal_development,SEM_P00,nominal,S,core_P00_nom_S_b120_lexicographic,100,forward,1.2500000000000036,3.749999999999999,1.2500000000000036,3.749999999999999,-1.0,-1.8988215193149856e-15,0,audit_results/semantic_development_acquisition_20260923/episodes/core_P00_nom_S_b120_lexicographic/steps/100.json.gz,14.5
six_parent_nominal_development,SEM_P00,nominal,S,core_P00_nom_S_b120_lexicographic,101,forward,1.0000000000000036,3.7499999999999987,1.0000000000000036,3.7499999999999987,-1.0,-1.8988215193149856e-15,0,audit_results/semantic_development_acquisition_20260923/episodes/core_P00_nom_S_b120_lexicographic/steps/101.json.gz,14.75
six_parent_nominal_development,SEM_P00,nominal,S,core_P00_nom_S_b120_lexicographic,102,forward,0.7500000000000036,3.7499999999999982,0.7500000000000036,3.7499999999999982,-1.0,-1.8988215193149856e-15,0,audit_results/semantic_development_acquisition_20260923/episodes/core_P00_nom_S_b120_lexicographic/steps/102.json.gz,15.0
six_parent_nominal_development,SEM_P00,nominal,S,core_P00_nom_S_b120_lexicographic,103,left,0.7500000000000036,3.7499999999999982,0.7500000000000036,3.7499999999999982,-0.8660254037844378,-0.5000000000000014,0,audit_results/semantic_development_acquisition_20260923/episodes/core_P00_nom_S_b120_lexicographic/steps/103.json.gz,15.0
six_parent_nominal_development,SEM_P00,nominal,S,core_P00_nom_S_b120_lexicographic,104,left,0.7500000000000036,3.7499999999999982,0.7500000000000036,3.7499999999999982,-0.49999999999999867,-0.8660254037844394,0,audit_results/semantic_development_acquisition_20260923/episodes/core_P00_nom_S_b120_lexicographic/steps/104.json.gz,15.0
six_parent_nominal_development,SEM_P00,nominal,S,core_P00_nom_S_b120_lexicographic,105,left,0.7500000000000036,3.7499999999999982,0.7500000000000036,3.7499999999999982,1.3934999695075554e-15,-1.0,0,audit_results/semantic_development_acquisition_20260923/episodes/core_P00_nom_S_b120_lexicographic/steps/105.json.gz,15.0
six_parent_nominal_development,SEM_P00,nominal,S,core_P00_nom_S_b120_lexicographic,106,forward,0.7500000000000039,3.4999999999999982,0.7500000000000039,3.4999999999999982,1.3934999695075554e-15,-1.0,0,audit_results/semantic_development_acquisition_20260923/episodes/core_P00_nom_S_b120_lexicographic/steps/106.json.gz,15.25
six_parent_nominal_development,SEM_P00,nominal,S,core_P00_nom_S_b120_lexicographic,107,forward,0.7500000000000042,3.2499999999999982,0.7500000000000042,3.2499999999999982,1.3934999695075554e-15,-1.0,0,audit_results/semantic_development_acquisition_20260923/episodes/core_P00_nom_S_b120_lexicographic/steps/107.json.gz,15.5
six_parent_nominal_development,SEM_P00,nominal,S,core_P00_nom_S_b120_lexicographic,108,forward,0.7500000000000046,2.9999999999999982,0.7500000000000046,2.9999999999999982,1.3934999695075554e-15,-1.0,0,audit_results/semantic_development_acquisition_20260923/episodes/core_P00_nom_S_b120_lexicographic/steps/108.json.gz,15.75
six_parent_nominal_development,SEM_P00,nominal,S,core_P00_nom_S_b120_lexicographic,109,forward,0.7500000000000049,2.7499999999999982,0.7500000000000049,2.7499999999999982,1.3934999695075554e-15,-1.0,0,audit_results/semantic_development_acquisition_20260923/episodes/core_P00_nom_S_b120_lexicographic/steps/109.json.gz,16.0
six_parent_nominal_development,SEM_P00,nominal,S,core_P00_nom_S_b120_lexicographic,110,forward,0.7500000000000052,2.4999999999999982,0.7500000000000052,2.4999999999999982,1.3934999695075554e-15,-1.0,0,audit_results/semantic_development_acquisition_20260923/episodes/core_P00_nom_S_b120_lexicographic/steps/110.json.gz,16.25
six_parent_nominal_development,SEM_P00,nominal,S,core_P00_nom_S_b120_lexicographic,111,forward,0.7500000000000056,2.2499999999999982,0.7500000000000056,2.2499999999999982,1.3934999695075554e-15,-1.0,0,audit_results/semantic_development_acquisition_20260923/episodes/core_P00_nom_S_b120_lexicographic/steps/111.json.gz,16.5
six_parent_nominal_development,SEM_P00,nominal,S,core_P00_nom_S_b120_lexicographic,112,forward,0.7500000000000059,1.9999999999999982,0.7500000000000059,1.9999999999999982,1.3934999695075554e-15,-1.0,0,audit_results/semantic_development_acquisition_20260923/episodes/core_P00_nom_S_b120_lexicographic/steps/112.json.gz,16.75
six_parent_nominal_development,SEM_P00,nominal,S,core_P00_nom_S_b120_lexicographic,113,forward,0.7500000000000062,1.7499999999999982,0.7500000000000062,1.7499999999999982,1.3934999695075554e-15,-1.0,0,audit_results/semantic_development_acquisition_20260923/episodes/core_P00_nom_S_b120_lexicographic/steps/113.json.gz,17.0
six_parent_nominal_development,SEM_P00,nominal,S,core_P00_nom_S_b120_lexicographic,114,forward,0.7500000000000066,1.4999999999999982,0.7500000000000066,1.4999999999999982,1.3934999695075554e-15,-1.0,0,audit_results/semantic_development_acquisition_20260923/episodes/core_P00_nom_S_b120_lexicographic/steps/114.json.gz,17.25
six_parent_nominal_development,SEM_P00,nominal,S,core_P00_nom_S_b120_lexicographic,115,forward,0.7500000000000069,1.2499999999999982,0.7500000000000069,1.2499999999999982,1.3934999695075554e-15,-1.0,0,audit_results/semantic_development_acquisition_20260923/episodes/core_P00_nom_S_b120_lexicographic/steps/115.json.gz,17.5
six_parent_nominal_development,SEM_P00,nominal,S,core_P00_nom_S_b120_lexicographic,116,forward,0.7500000000000072,0.9999999999999982,0.7500000000000072,0.9999999999999982,1.3934999695075554e-15,-1.0,0,audit_results/semantic_development_acquisition_20260923/episodes/core_P00_nom_S_b120_lexicographic/steps/116.json.gz,17.75
six_parent_nominal_development,SEM_P00,nominal,S,core_P00_nom_S_b120_lexicographic,117,forward,0.7500000000000075,0.7499999999999982,0.7500000000000075,0.7499999999999982,1.3934999695075554e-15,-1.0,0,audit_results/semantic_development_acquisition_20260923/episodes/core_P00_nom_S_b120_lexicographic/steps/117.json.gz,18.0
six_parent_nominal_development,SEM_P00,nominal,S,core_P00_nom_S_b120_lexicographic,118,left,0.7500000000000075,0.7499999999999982,0.7500000000000075,0.7499999999999982,0.5000000000000011,-0.866025403784438,0,audit_results/semantic_development_acquisition_20260923/episodes/core_P00_nom_S_b120_lexicographic/steps/118.json.gz,18.0
six_parent_nominal_development,SEM_P00,nominal,S,core_P00_nom_S_b120_lexicographic,119,left,0.7500000000000075,0.7499999999999982,0.7500000000000075,0.7499999999999982,0.8660254037844392,-0.4999999999999991,0,audit_results/semantic_development_acquisition_20260923/episodes/core_P00_nom_S_b120_lexicographic/steps/119.json.gz,18.0
six_parent_nominal_development,SEM_P00,nominal,S,core_P00_nom_S_b120_lexicographic,120,left,0.7500000000000075,0.7499999999999982,0.7500000000000075,0.7499999999999982,1.0,8.881784197001252e-16,,audit_results/semantic_development_acquisition_20260923/episodes/core_P00_nom_S_b120_lexicographic/steps/120.json.gz,18.0
six_parent_nominal_development,SEM_P01,nominal,G,core_P01_nom_G_b120_lexicographic,0,initial,0.75,0.75,0.75,0.75,1.0,0.0,118,audit_results/semantic_development_acquisition_20260923/episodes/core_P01_nom_G_b120_lexicographic/steps/000.json.gz,0.0
six_parent_nominal_development,SEM_P01,nominal,G,core_P01_nom_G_b120_lexicographic,1,left,0.75,0.75,0.75,0.75,0.8660254037844387,0.49999999999999983,117,audit_results/semantic_development_acquisition_20260923/episodes/core_P01_nom_G_b120_lexicographic/steps/001.json.gz,0.0
six_parent_nominal_development,SEM_P01,nominal,G,core_P01_nom_G_b120_lexicographic,2,observe,0.75,0.75,0.75,0.75,0.8660254037844387,0.49999999999999983,115,audit_results/semantic_development_acquisition_20260923/episodes/core_P01_nom_G_b120_lexicographic/steps/002.json.gz,0.0
six_parent_nominal_development,SEM_P01,nominal,G,core_P01_nom_G_b120_lexicographic,3,left,0.75,0.75,0.75,0.75,0.5000000000000003,0.8660254037844385,114,audit_results/semantic_development_acquisition_20260923/episodes/core_P01_nom_G_b120_lexicographic/steps/003.json.gz,0.0
six_parent_nominal_development,SEM_P01,nominal,G,core_P01_nom_G_b120_lexicographic,4,observe,0.75,0.75,0.75,0.75,0.5000000000000003,0.8660254037844385,112,audit_results/semantic_development_acquisition_20260923/episodes/core_P01_nom_G_b120_lexicographic/steps/004.json.gz,0.0
six_parent_nominal_development,SEM_P01,nominal,G,core_P01_nom_G_b120_lexicographic,5,left,0.75,0.75,0.75,0.75,6.123233995736766e-17,1.0,104,audit_results/semantic_development_acquisition_20260923/episodes/core_P01_nom_G_b120_lexicographic/steps/005.json.gz,0.0
six_parent_nominal_development,SEM_P01,nominal,G,core_P01_nom_G_b120_lexicographic,6,forward,0.75,1.0,0.75,1.0,6.123233995736766e-17,1.0,102,audit_results/semantic_development_acquisition_20260923/episodes/core_P01_nom_G_b120_lexicographic/steps/006.json.gz,0.25
six_parent_nominal_development,SEM_P01,nominal,G,core_P01_nom_G_b120_lexicographic,7,forward,0.75,1.25,0.75,1.25,6.123233995736766e-17,1.0,100,audit_results/semantic_development_acquisition_20260923/episodes/core_P01_nom_G_b120_lexicographic/steps/007.json.gz,0.5
six_parent_nominal_development,SEM_P01,nominal,G,core_P01_nom_G_b120_lexicographic,8,forward,0.75,1.5,0.75,1.5,6.123233995736766e-17,1.0,98,audit_results/semantic_development_acquisition_20260923/episodes/core_P01_nom_G_b120_lexicographic/steps/008.json.gz,0.75
six_parent_nominal_development,SEM_P01,nominal,G,core_P01_nom_G_b120_lexicographic,9,forward,0.75,1.75,0.75,1.75,6.123233995736766e-17,1.0,98,audit_results/semantic_development_acquisition_20260923/episodes/core_P01_nom_G_b120_lexicographic/steps/009.json.gz,1.0
six_parent_nominal_development,SEM_P01,nominal,G,core_P01_nom_G_b120_lexicographic,10,right,0.75,1.75,0.75,1.75,0.4999999999999995,0.8660254037844389,98,audit_results/semantic_development_acquisition_20260923/episodes/core_P01_nom_G_b120_lexicographic/steps/010.json.gz,1.0
six_parent_nominal_development,SEM_P01,nominal,G,core_P01_nom_G_b120_lexicographic,11,right,0.75,1.75,0.75,1.75,0.8660254037844383,0.5000000000000007,98,audit_results/semantic_development_acquisition_20260923/episodes/core_P01_nom_G_b120_lexicographic/steps/011.json.gz,1.0
six_parent_nominal_development,SEM_P01,nominal,G,core_P01_nom_G_b120_lexicographic,12,right,0.75,1.75,0.75,1.75,1.0,8.881784197001252e-16,97,audit_results/semantic_development_acquisition_20260923/episodes/core_P01_nom_G_b120_lexicographic/steps/012.json.gz,1.0
six_parent_nominal_development,SEM_P01,nominal,G,core_P01_nom_G_b120_lexicographic,13,observe,0.75,1.75,0.75,1.75,1.0,8.881784197001252e-16,97,audit_results/semantic_development_acquisition_20260923/episodes/core_P01_nom_G_b120_lexicographic/steps/013.json.gz,1.0
six_parent_nominal_development,SEM_P01,nominal,G,core_P01_nom_G_b120_lexicographic,14,right,0.75,1.75,0.75,1.75,0.8660254037844392,-0.4999999999999991,97,audit_results/semantic_development_acquisition_20260923/episodes/core_P01_nom_G_b120_lexicographic/steps/014.json.gz,1.0
six_parent_nominal_development,SEM_P01,nominal,G,core_P01_nom_G_b120_lexicographic,15,right,0.75,1.75,0.75,1.75,0.5000000000000011,-0.866025403784438,97,audit_results/semantic_development_acquisition_20260923/episodes/core_P01_nom_G_b120_lexicographic/steps/015.json.gz,1.0
six_parent_nominal_development,SEM_P01,nominal,G,core_P01_nom_G_b120_lexicographic,16,right,0.75,1.75,0.75,1.75,1.3934999695075554e-15,-1.0,97,audit_results/semantic_development_acquisition_20260923/episodes/core_P01_nom_G_b120_lexicographic/steps/016.json.gz,1.0
six_parent_nominal_development,SEM_P01,nominal,G,core_P01_nom_G_b120_lexicographic,17,forward,0.7500000000000003,1.5,0.7500000000000003,1.5,1.3934999695075554e-15,-1.0,97,audit_results/semantic_development_acquisition_20260923/episodes/core_P01_nom_G_b120_lexicographic/steps/017.json.gz,1.25
six_parent_nominal_development,SEM_P01,nominal,G,core_P01_nom_G_b120_lexicographic,18,forward,0.7500000000000007,1.25,0.7500000000000007,1.25,1.3934999695075554e-15,-1.0,97,audit_results/semantic_development_acquisition_20260923/episodes/core_P01_nom_G_b120_lexicographic/steps/018.json.gz,1.5
six_parent_nominal_development,SEM_P01,nominal,G,core_P01_nom_G_b120_lexicographic,19,forward,0.750000000000001,1.0,0.750000000000001,1.0,1.3934999695075554e-15,-1.0,97,audit_results/semantic_development_acquisition_20260923/episodes/core_P01_nom_G_b120_lexicographic/steps/019.json.gz,1.75
six_parent_nominal_development,SEM_P01,nominal,G,core_P01_nom_G_b120_lexicographic,20,forward,0.7500000000000013,0.75,0.7500000000000013,0.75,1.3934999695075554e-15,-1.0,97,audit_results/semantic_development_acquisition_20260923/episodes/core_P01_nom_G_b120_lexicographic/steps/020.json.gz,2.0
six_parent_nominal_development,SEM_P01,nominal,G,core_P01_nom_G_b120_lexicographic,21,left,0.7500000000000013,0.75,0.7500000000000013,0.75,0.5000000000000011,-0.866025403784438,97,audit_results/semantic_development_acquisition_20260923/episodes/core_P01_nom_G_b120_lexicographic/steps/021.json.gz,2.0
six_parent_nominal_development,SEM_P01,nominal,G,core_P01_nom_G_b120_lexicographic,22,left,0.7500000000000013,0.75,0.7500000000000013,0.75,0.8660254037844392,-0.4999999999999991,97,audit_results/semantic_development_acquisition_20260923/episodes/core_P01_nom_G_b120_lexicographic/steps/022.json.gz,2.0
six_parent_nominal_development,SEM_P01,nominal,G,core_P01_nom_G_b120_lexicographic,23,left,0.7500000000000013,0.75,0.7500000000000013,0.75,1.0,8.881784197001252e-16,83,audit_results/semantic_development_acquisition_20260923/episodes/core_P01_nom_G_b120_lexicographic/steps/023.json.gz,2.0
six_parent_nominal_development,SEM_P01,nominal,G,core_P01_nom_G_b120_lexicographic,24,forward,1.0000000000000013,0.7500000000000002,1.0000000000000013,0.7500000000000002,1.0,8.881784197001252e-16,81,audit_results/semantic_development_acquisition_20260923/episodes/core_P01_nom_G_b120_lexicographic/steps/024.json.gz,2.25
six_parent_nominal_development,SEM_P01,nominal,G,core_P01_nom_G_b120_lexicographic,25,forward,1.2500000000000013,0.7500000000000004,1.2500000000000013,0.7500000000000004,1.0,8.881784197001252e-16,79,audit_results/semantic_development_acquisition_20260923/episodes/core_P01_nom_G_b120_lexicographic/steps/025.json.gz,2.5
six_parent_nominal_development,SEM_P01,nominal,G,core_P01_nom_G_b120_lexicographic,26,forward,1.5000000000000013,0.7500000000000007,1.5000000000000013,0.7500000000000007,1.0,8.881784197001252e-16,77,audit_results/semantic_development_acquisition_20260923/episodes/core_P01_nom_G_b120_lexicographic/steps/026.json.gz,2.75
six_parent_nominal_development,SEM_P01,nominal,G,core_P01_nom_G_b120_lexicographic,27,forward,1.7500000000000013,0.7500000000000009,1.7500000000000013,0.7500000000000009,1.0,8.881784197001252e-16,75,audit_results/semantic_development_acquisition_20260923/episodes/core_P01_nom_G_b120_lexicographic/steps/027.json.gz,3.0
six_parent_nominal_development,SEM_P01,nominal,G,core_P01_nom_G_b120_lexicographic,28,forward,2.0000000000000013,0.7500000000000011,2.0000000000000013,0.7500000000000011,1.0,8.881784197001252e-16,73,audit_results/semantic_development_acquisition_20260923/episodes/core_P01_nom_G_b120_lexicographic/steps/028.json.gz,3.25
six_parent_nominal_development,SEM_P01,nominal,G,core_P01_nom_G_b120_lexicographic,29,forward,2.2500000000000013,0.7500000000000013,2.2500000000000013,0.7500000000000013,1.0,8.881784197001252e-16,71,audit_results/semantic_development_acquisition_20260923/episodes/core_P01_nom_G_b120_lexicographic/steps/029.json.gz,3.5
six_parent_nominal_development,SEM_P01,nominal,G,core_P01_nom_G_b120_lexicographic,30,forward,2.5000000000000013,0.7500000000000016,2.5000000000000013,0.7500000000000016,1.0,8.881784197001252e-16,69,audit_results/semantic_development_acquisition_20260923/episodes/core_P01_nom_G_b120_lexicographic/steps/030.json.gz,3.75
six_parent_nominal_development,SEM_P01,nominal,G,core_P01_nom_G_b120_lexicographic,31,forward,2.7500000000000013,0.7500000000000018,2.7500000000000013,0.7500000000000018,1.0,8.881784197001252e-16,67,audit_results/semantic_development_acquisition_20260923/episodes/core_P01_nom_G_b120_lexicographic/steps/031.json.gz,4.0
six_parent_nominal_development,SEM_P01,nominal,G,core_P01_nom_G_b120_lexicographic,32,forward,3.0000000000000013,0.750000000000002,3.0000000000000013,0.750000000000002,1.0,8.881784197001252e-16,65,audit_results/semantic_development_acquisition_20260923/episodes/core_P01_nom_G_b120_lexicographic/steps/032.json.gz,4.25
six_parent_nominal_development,SEM_P01,nominal,G,core_P01_nom_G_b120_lexicographic,33,forward,3.2500000000000013,0.7500000000000022,3.2500000000000013,0.7500000000000022,1.0,8.881784197001252e-16,63,audit_results/semantic_development_acquisition_20260923/episodes/core_P01_nom_G_b120_lexicographic/steps/033.json.gz,4.5
six_parent_nominal_development,SEM_P01,nominal,G,core_P01_nom_G_b120_lexicographic,34,forward,3.5000000000000013,0.7500000000000024,3.5000000000000013,0.7500000000000024,1.0,8.881784197001252e-16,61,audit_results/semantic_development_acquisition_20260923/episodes/core_P01_nom_G_b120_lexicographic/steps/034.json.gz,4.75
six_parent_nominal_development,SEM_P01,nominal,G,core_P01_nom_G_b120_lexicographic,35,forward,3.7500000000000013,0.7500000000000027,3.7500000000000013,0.7500000000000027,1.0,8.881784197001252e-16,61,audit_results/semantic_development_acquisition_20260923/episodes/core_P01_nom_G_b120_lexicographic/steps/035.json.gz,5.0
six_parent_nominal_development,SEM_P01,nominal,G,core_P01_nom_G_b120_lexicographic,36,left,3.7500000000000013,0.7500000000000027,3.7500000000000013,0.7500000000000027,0.8660254037844383,0.5000000000000007,61,audit_results/semantic_development_acquisition_20260923/episodes/core_P01_nom_G_b120_lexicographic/steps/036.json.gz,5.0
six_parent_nominal_development,SEM_P01,nominal,G,core_P01_nom_G_b120_lexicographic,37,left,3.7500000000000013,0.7500000000000027,3.7500000000000013,0.7500000000000027,0.4999999999999995,0.8660254037844389,61,audit_results/semantic_development_acquisition_20260923/episodes/core_P01_nom_G_b120_lexicographic/steps/037.json.gz,5.0
six_parent_nominal_development,SEM_P01,nominal,G,core_P01_nom_G_b120_lexicographic,38,left,3.7500000000000013,0.7500000000000027,3.7500000000000013,0.7500000000000027,6.123233995736766e-17,1.0,53,audit_results/semantic_development_acquisition_20260923/episodes/core_P01_nom_G_b120_lexicographic/steps/038.json.gz,5.0
six_parent_nominal_development,SEM_P01,nominal,G,core_P01_nom_G_b120_lexicographic,39,forward,3.7500000000000013,1.0000000000000027,3.7500000000000013,1.0000000000000027,6.123233995736766e-17,1.0,51,audit_results/semantic_development_acquisition_20260923/episodes/core_P01_nom_G_b120_lexicographic/steps/039.json.gz,5.25
six_parent_nominal_development,SEM_P01,nominal,G,core_P01_nom_G_b120_lexicographic,40,forward,3.7500000000000013,1.2500000000000027,3.7500000000000013,1.2500000000000027,6.123233995736766e-17,1.0,49,audit_results/semantic_development_acquisition_20260923/episodes/core_P01_nom_G_b120_lexicographic/steps/040.json.gz,5.5
six_parent_nominal_development,SEM_P01,nominal,G,core_P01_nom_G_b120_lexicographic,41,forward,3.7500000000000013,1.5000000000000027,3.7500000000000013,1.5000000000000027,6.123233995736766e-17,1.0,47,audit_results/semantic_development_acquisition_20260923/episodes/core_P01_nom_G_b120_lexicographic/steps/041.json.gz,5.75
six_parent_nominal_development,SEM_P01,nominal,G,core_P01_nom_G_b120_lexicographic,42,forward,3.7500000000000013,1.7500000000000027,3.7500000000000013,1.7500000000000027,6.123233995736766e-17,1.0,47,audit_results/semantic_development_acquisition_20260923/episodes/core_P01_nom_G_b120_lexicographic/steps/042.json.gz,6.0
six_parent_nominal_development,SEM_P01,nominal,G,core_P01_nom_G_b120_lexicographic,43,right,3.7500000000000013,1.7500000000000027,3.7500000000000013,1.7500000000000027,0.4999999999999995,0.8660254037844389,47,audit_results/semantic_development_acquisition_20260923/episodes/core_P01_nom_G_b120_lexicographic/steps/043.json.gz,6.0
six_parent_nominal_development,SEM_P01,nominal,G,core_P01_nom_G_b120_lexicographic,44,right,3.7500000000000013,1.7500000000000027,3.7500000000000013,1.7500000000000027,0.8660254037844383,0.5000000000000007,46,audit_results/semantic_development_acquisition_20260923/episodes/core_P01_nom_G_b120_lexicographic/steps/044.json.gz,6.0
six_parent_nominal_development,SEM_P01,nominal,G,core_P01_nom_G_b120_lexicographic,45,observe,3.7500000000000013,1.7500000000000027,3.7500000000000013,1.7500000000000027,0.8660254037844383,0.5000000000000007,46,audit_results/semantic_development_acquisition_20260923/episodes/core_P01_nom_G_b120_lexicographic/steps/045.json.gz,6.0
six_parent_nominal_development,SEM_P01,nominal,G,core_P01_nom_G_b120_lexicographic,46,right,3.7500000000000013,1.7500000000000027,3.7500000000000013,1.7500000000000027,1.0,8.881784197001252e-16,45,audit_results/semantic_development_acquisition_20260923/episodes/core_P01_nom_G_b120_lexicographic/steps/046.json.gz,6.0
six_parent_nominal_development,SEM_P01,nominal,G,core_P01_nom_G_b120_lexicographic,47,observe,3.7500000000000013,1.7500000000000027,3.7500000000000013,1.7500000000000027,1.0,8.881784197001252e-16,37,audit_results/semantic_development_acquisition_20260923/episodes/core_P01_nom_G_b120_lexicographic/steps/047.json.gz,6.0
six_parent_nominal_development,SEM_P01,nominal,G,core_P01_nom_G_b120_lexicographic,48,forward,4.000000000000002,1.7500000000000029,4.000000000000002,1.7500000000000029,1.0,8.881784197001252e-16,37,audit_results/semantic_development_acquisition_20260923/episodes/core_P01_nom_G_b120_lexicographic/steps/048.json.gz,6.25
six_parent_nominal_development,SEM_P01,nominal,G,core_P01_nom_G_b120_lexicographic,49,forward,4.250000000000002,1.750000000000003,4.250000000000002,1.750000000000003,1.0,8.881784197001252e-16,37,audit_results/semantic_development_acquisition_20260923/episodes/core_P01_nom_G_b120_lexicographic/steps/049.json.gz,6.5
six_parent_nominal_development,SEM_P01,nominal,G,core_P01_nom_G_b120_lexicographic,50,forward,4.500000000000002,1.7500000000000033,4.500000000000002,1.7500000000000033,1.0,8.881784197001252e-16,37,audit_results/semantic_development_acquisition_20260923/episodes/core_P01_nom_G_b120_lexicographic/steps/050.json.gz,6.75
six_parent_nominal_development,SEM_P01,nominal,G,core_P01_nom_G_b120_lexicographic,51,forward,4.750000000000002,1.7500000000000036,4.750000000000002,1.7500000000000036,1.0,8.881784197001252e-16,35,audit_results/semantic_development_acquisition_20260923/episodes/core_P01_nom_G_b120_lexicographic/steps/051.json.gz,7.0
six_parent_nominal_development,SEM_P01,nominal,G,core_P01_nom_G_b120_lexicographic,52,left,4.750000000000002,1.7500000000000036,4.750000000000002,1.7500000000000036,0.8660254037844383,0.5000000000000007,33,audit_results/semantic_development_acquisition_20260923/episodes/core_P01_nom_G_b120_lexicographic/steps/052.json.gz,7.0
six_parent_nominal_development,SEM_P01,nominal,G,core_P01_nom_G_b120_lexicographic,53,left,4.750000000000002,1.7500000000000036,4.750000000000002,1.7500000000000036,0.4999999999999995,0.8660254037844389,31,audit_results/semantic_development_acquisition_20260923/episodes/core_P01_nom_G_b120_lexicographic/steps/053.json.gz,7.0
six_parent_nominal_development,SEM_P01,nominal,G,core_P01_nom_G_b120_lexicographic,54,left,4.750000000000002,1.7500000000000036,4.750000000000002,1.7500000000000036,6.123233995736766e-17,1.0,29,audit_results/semantic_development_acquisition_20260923/episodes/core_P01_nom_G_b120_lexicographic/steps/054.json.gz,7.0
six_parent_nominal_development,SEM_P01,nominal,G,core_P01_nom_G_b120_lexicographic,55,forward,4.750000000000002,2.0000000000000036,4.750000000000002,2.0000000000000036,6.123233995736766e-17,1.0,27,audit_results/semantic_development_acquisition_20260923/episodes/core_P01_nom_G_b120_lexicographic/steps/055.json.gz,7.25
six_parent_nominal_development,SEM_P01,nominal,G,core_P01_nom_G_b120_lexicographic,56,forward,4.750000000000002,2.2500000000000036,4.750000000000002,2.2500000000000036,6.123233995736766e-17,1.0,25,audit_results/semantic_development_acquisition_20260923/episodes/core_P01_nom_G_b120_lexicographic/steps/056.json.gz,7.5
six_parent_nominal_development,SEM_P01,nominal,G,core_P01_nom_G_b120_lexicographic,57,forward,4.750000000000002,2.5000000000000036,4.750000000000002,2.5000000000000036,6.123233995736766e-17,1.0,23,audit_results/semantic_development_acquisition_20260923/episodes/core_P01_nom_G_b120_lexicographic/steps/057.json.gz,7.75
six_parent_nominal_development,SEM_P01,nominal,G,core_P01_nom_G_b120_lexicographic,58,forward,4.750000000000002,2.7500000000000036,4.750000000000002,2.7500000000000036,6.123233995736766e-17,1.0,21,audit_results/semantic_development_acquisition_20260923/episodes/core_P01_nom_G_b120_lexicographic/steps/058.json.gz,8.0
six_parent_nominal_development,SEM_P01,nominal,G,core_P01_nom_G_b120_lexicographic,59,forward,4.750000000000002,3.0000000000000036,4.750000000000002,3.0000000000000036,6.123233995736766e-17,1.0,19,audit_results/semantic_development_acquisition_20260923/episodes/core_P01_nom_G_b120_lexicographic/steps/059.json.gz,8.25
six_parent_nominal_development,SEM_P01,nominal,G,core_P01_nom_G_b120_lexicographic,60,forward,4.750000000000002,3.2500000000000036,4.750000000000002,3.2500000000000036,6.123233995736766e-17,1.0,17,audit_results/semantic_development_acquisition_20260923/episodes/core_P01_nom_G_b120_lexicographic/steps/060.json.gz,8.5
six_parent_nominal_development,SEM_P01,nominal,G,core_P01_nom_G_b120_lexicographic,61,forward,4.750000000000002,3.5000000000000036,4.750000000000002,3.5000000000000036,6.123233995736766e-17,1.0,15,audit_results/semantic_development_acquisition_20260923/episodes/core_P01_nom_G_b120_lexicographic/steps/061.json.gz,8.75
six_parent_nominal_development,SEM_P01,nominal,G,core_P01_nom_G_b120_lexicographic,62,forward,4.750000000000002,3.7500000000000036,4.750000000000002,3.7500000000000036,6.123233995736766e-17,1.0,15,audit_results/semantic_development_acquisition_20260923/episodes/core_P01_nom_G_b120_lexicographic/steps/062.json.gz,9.0
six_parent_nominal_development,SEM_P01,nominal,G,core_P01_nom_G_b120_lexicographic,63,right,4.750000000000002,3.7500000000000036,4.750000000000002,3.7500000000000036,0.4999999999999995,0.8660254037844389,15,audit_results/semantic_development_acquisition_20260923/episodes/core_P01_nom_G_b120_lexicographic/steps/063.json.gz,9.0
six_parent_nominal_development,SEM_P01,nominal,G,core_P01_nom_G_b120_lexicographic,64,right,4.750000000000002,3.7500000000000036,4.750000000000002,3.7500000000000036,0.8660254037844383,0.5000000000000007,14,audit_results/semantic_development_acquisition_20260923/episodes/core_P01_nom_G_b120_lexicographic/steps/064.json.gz,9.0
six_parent_nominal_development,SEM_P01,nominal,G,core_P01_nom_G_b120_lexicographic,65,observe,4.750000000000002,3.7500000000000036,4.750000000000002,3.7500000000000036,0.8660254037844383,0.5000000000000007,12,audit_results/semantic_development_acquisition_20260923/episodes/core_P01_nom_G_b120_lexicographic/steps/065.json.gz,9.0
six_parent_nominal_development,SEM_P01,nominal,G,core_P01_nom_G_b120_lexicographic,66,left,4.750000000000002,3.7500000000000036,4.750000000000002,3.7500000000000036,0.4999999999999995,0.8660254037844389,10,audit_results/semantic_development_acquisition_20260923/episodes/core_P01_nom_G_b120_lexicographic/steps/066.json.gz,9.0
six_parent_nominal_development,SEM_P01,nominal,G,core_P01_nom_G_b120_lexicographic,67,left,4.750000000000002,3.7500000000000036,4.750000000000002,3.7500000000000036,6.123233995736766e-17,1.0,10,audit_results/semantic_development_acquisition_20260923/episodes/core_P01_nom_G_b120_lexicographic/steps/067.json.gz,9.0
six_parent_nominal_development,SEM_P01,nominal,G,core_P01_nom_G_b120_lexicographic,68,left,4.750000000000002,3.7500000000000036,4.750000000000002,3.7500000000000036,-0.4999999999999994,0.8660254037844389,9,audit_results/semantic_development_acquisition_20260923/episodes/core_P01_nom_G_b120_lexicographic/steps/068.json.gz,9.0
six_parent_nominal_development,SEM_P01,nominal,G,core_P01_nom_G_b120_lexicographic,69,observe,4.750000000000002,3.7500000000000036,4.750000000000002,3.7500000000000036,-0.4999999999999994,0.8660254037844389,9,audit_results/semantic_development_acquisition_20260923/episodes/core_P01_nom_G_b120_lexicographic/steps/069.json.gz,9.0
six_parent_nominal_development,SEM_P01,nominal,G,core_P01_nom_G_b120_lexicographic,70,left,4.750000000000002,3.7500000000000036,4.750000000000002,3.7500000000000036,-0.866025403784438,0.5000000000000011,8,audit_results/semantic_development_acquisition_20260923/episodes/core_P01_nom_G_b120_lexicographic/steps/070.json.gz,9.0
six_parent_nominal_development,SEM_P01,nominal,G,core_P01_nom_G_b120_lexicographic,71,observe,4.750000000000002,3.7500000000000036,4.750000000000002,3.7500000000000036,-0.866025403784438,0.5000000000000011,8,audit_results/semantic_development_acquisition_20260923/episodes/core_P01_nom_G_b120_lexicographic/steps/071.json.gz,9.0
six_parent_nominal_development,SEM_P01,nominal,G,core_P01_nom_G_b120_lexicographic,72,left,4.750000000000002,3.7500000000000036,4.750000000000002,3.7500000000000036,-1.0,1.8988215193149856e-15,8,audit_results/semantic_development_acquisition_20260923/episodes/core_P01_nom_G_b120_lexicographic/steps/072.json.gz,9.0
six_parent_nominal_development,SEM_P01,nominal,G,core_P01_nom_G_b120_lexicographic,73,left,4.750000000000002,3.7500000000000036,4.750000000000002,3.7500000000000036,-0.8660254037844398,-0.49999999999999806,7,audit_results/semantic_development_acquisition_20260923/episodes/core_P01_nom_G_b120_lexicographic/steps/073.json.gz,9.0
six_parent_nominal_development,SEM_P01,nominal,G,core_P01_nom_G_b120_lexicographic,74,observe,4.750000000000002,3.7500000000000036,4.750000000000002,3.7500000000000036,-0.8660254037844398,-0.49999999999999806,7,audit_results/semantic_development_acquisition_20260923/episodes/core_P01_nom_G_b120_lexicographic/steps/074.json.gz,9.0
six_parent_nominal_development,SEM_P01,nominal,G,core_P01_nom_G_b120_lexicographic,75,left,4.750000000000002,3.7500000000000036,4.750000000000002,3.7500000000000036,-0.5000000000000021,-0.8660254037844374,6,audit_results/semantic_development_acquisition_20260923/episodes/core_P01_nom_G_b120_lexicographic/steps/075.json.gz,9.0
six_parent_nominal_development,SEM_P01,nominal,G,core_P01_nom_G_b120_lexicographic,76,observe,4.750000000000002,3.7500000000000036,4.750000000000002,3.7500000000000036,-0.5000000000000021,-0.8660254037844374,6,audit_results/semantic_development_acquisition_20260923/episodes/core_P01_nom_G_b120_lexicographic/steps/076.json.gz,9.0
six_parent_nominal_development,SEM_P01,nominal,G,core_P01_nom_G_b120_lexicographic,77,left,4.750000000000002,3.7500000000000036,4.750000000000002,3.7500000000000036,-2.603302919143008e-15,-1.0,6,audit_results/semantic_development_acquisition_20260923/episodes/core_P01_nom_G_b120_lexicographic/steps/077.json.gz,9.0
six_parent_nominal_development,SEM_P01,nominal,G,core_P01_nom_G_b120_lexicographic,78,forward,4.750000000000001,3.5000000000000036,4.750000000000001,3.5000000000000036,-2.603302919143008e-15,-1.0,6,audit_results/semantic_development_acquisition_20260923/episodes/core_P01_nom_G_b120_lexicographic/steps/078.json.gz,9.25
six_parent_nominal_development,SEM_P01,nominal,G,core_P01_nom_G_b120_lexicographic,79,forward,4.75,3.2500000000000036,4.75,3.2500000000000036,-2.603302919143008e-15,-1.0,6,audit_results/semantic_development_acquisition_20260923/episodes/core_P01_nom_G_b120_lexicographic/steps/079.json.gz,9.5
six_parent_nominal_development,SEM_P01,nominal,G,core_P01_nom_G_b120_lexicographic,80,forward,4.749999999999999,3.0000000000000036,4.749999999999999,3.0000000000000036,-2.603302919143008e-15,-1.0,6,audit_results/semantic_development_acquisition_20260923/episodes/core_P01_nom_G_b120_lexicographic/steps/080.json.gz,9.75
six_parent_nominal_development,SEM_P01,nominal,G,core_P01_nom_G_b120_lexicographic,81,forward,4.749999999999998,2.7500000000000036,4.749999999999998,2.7500000000000036,-2.603302919143008e-15,-1.0,6,audit_results/semantic_development_acquisition_20260923/episodes/core_P01_nom_G_b120_lexicographic/steps/081.json.gz,10.0
six_parent_nominal_development,SEM_P01,nominal,G,core_P01_nom_G_b120_lexicographic,82,forward,4.749999999999997,2.5000000000000036,4.749999999999997,2.5000000000000036,-2.603302919143008e-15,-1.0,6,audit_results/semantic_development_acquisition_20260923/episodes/core_P01_nom_G_b120_lexicographic/steps/082.json.gz,10.25
six_parent_nominal_development,SEM_P01,nominal,G,core_P01_nom_G_b120_lexicographic,83,forward,4.7499999999999964,2.2500000000000036,4.7499999999999964,2.2500000000000036,-2.603302919143008e-15,-1.0,6,audit_results/semantic_development_acquisition_20260923/episodes/core_P01_nom_G_b120_lexicographic/steps/083.json.gz,10.5
six_parent_nominal_development,SEM_P01,nominal,G,core_P01_nom_G_b120_lexicographic,84,forward,4.749999999999996,2.0000000000000036,4.749999999999996,2.0000000000000036,-2.603302919143008e-15,-1.0,6,audit_results/semantic_development_acquisition_20260923/episodes/core_P01_nom_G_b120_lexicographic/steps/084.json.gz,10.75
six_parent_nominal_development,SEM_P01,nominal,G,core_P01_nom_G_b120_lexicographic,85,forward,4.749999999999995,1.7500000000000036,4.749999999999995,1.7500000000000036,-2.603302919143008e-15,-1.0,6,audit_results/semantic_development_acquisition_20260923/episodes/core_P01_nom_G_b120_lexicographic/steps/085.json.gz,11.0
six_parent_nominal_development,SEM_P01,nominal,G,core_P01_nom_G_b120_lexicographic,86,forward,4.749999999999994,1.5000000000000036,4.749999999999994,1.5000000000000036,-2.603302919143008e-15,-1.0,6,audit_results/semantic_development_acquisition_20260923/episodes/core_P01_nom_G_b120_lexicographic/steps/086.json.gz,11.25
six_parent_nominal_development,SEM_P01,nominal,G,core_P01_nom_G_b120_lexicographic,87,forward,4.749999999999993,1.2500000000000036,4.749999999999993,1.2500000000000036,-2.603302919143008e-15,-1.0,6,audit_results/semantic_development_acquisition_20260923/episodes/core_P01_nom_G_b120_lexicographic/steps/087.json.gz,11.5
six_parent_nominal_development,SEM_P01,nominal,G,core_P01_nom_G_b120_lexicographic,88,forward,4.749999999999992,1.0000000000000036,4.749999999999992,1.0000000000000036,-2.603302919143008e-15,-1.0,6,audit_results/semantic_development_acquisition_20260923/episodes/core_P01_nom_G_b120_lexicographic/steps/088.json.gz,11.75
six_parent_nominal_development,SEM_P01,nominal,G,core_P01_nom_G_b120_lexicographic,89,forward,4.749999999999991,0.7500000000000036,4.749999999999991,0.7500000000000036,-2.603302919143008e-15,-1.0,6,audit_results/semantic_development_acquisition_20260923/episodes/core_P01_nom_G_b120_lexicographic/steps/089.json.gz,12.0
six_parent_nominal_development,SEM_P01,nominal,G,core_P01_nom_G_b120_lexicographic,90,right,4.749999999999991,0.7500000000000036,4.749999999999991,0.7500000000000036,-0.5000000000000021,-0.8660254037844374,6,audit_results/semantic_development_acquisition_20260923/episodes/core_P01_nom_G_b120_lexicographic/steps/090.json.gz,12.0
six_parent_nominal_development,SEM_P01,nominal,G,core_P01_nom_G_b120_lexicographic,91,right,4.749999999999991,0.7500000000000036,4.749999999999991,0.7500000000000036,-0.8660254037844398,-0.49999999999999806,6,audit_results/semantic_development_acquisition_20260923/episodes/core_P01_nom_G_b120_lexicographic/steps/091.json.gz,12.0
six_parent_nominal_development,SEM_P01,nominal,G,core_P01_nom_G_b120_lexicographic,92,right,4.749999999999991,0.7500000000000036,4.749999999999991,0.7500000000000036,-1.0,1.8988215193149856e-15,5,audit_results/semantic_development_acquisition_20260923/episodes/core_P01_nom_G_b120_lexicographic/steps/092.json.gz,12.0
six_parent_nominal_development,SEM_P01,nominal,G,core_P01_nom_G_b120_lexicographic,93,observe,4.749999999999991,0.7500000000000036,4.749999999999991,0.7500000000000036,-1.0,1.8988215193149856e-15,5,audit_results/semantic_development_acquisition_20260923/episodes/core_P01_nom_G_b120_lexicographic/steps/093.json.gz,12.0
six_parent_nominal_development,SEM_P01,nominal,G,core_P01_nom_G_b120_lexicographic,94,forward,4.499999999999991,0.750000000000004,4.499999999999991,0.750000000000004,-1.0,1.8988215193149856e-15,5,audit_results/semantic_development_acquisition_20260923/episodes/core_P01_nom_G_b120_lexicographic/steps/094.json.gz,12.25
six_parent_nominal_development,SEM_P01,nominal,G,core_P01_nom_G_b120_lexicographic,95,forward,4.249999999999991,0.7500000000000044,4.249999999999991,0.7500000000000044,-1.0,1.8988215193149856e-15,5,audit_results/semantic_development_acquisition_20260923/episodes/core_P01_nom_G_b120_lexicographic/steps/095.json.gz,12.5
six_parent_nominal_development,SEM_P01,nominal,G,core_P01_nom_G_b120_lexicographic,96,forward,3.999999999999991,0.7500000000000049,3.999999999999991,0.7500000000000049,-1.0,1.8988215193149856e-15,5,audit_results/semantic_development_acquisition_20260923/episodes/core_P01_nom_G_b120_lexicographic/steps/096.json.gz,12.75
six_parent_nominal_development,SEM_P01,nominal,G,core_P01_nom_G_b120_lexicographic,97,forward,3.749999999999991,0.7500000000000053,3.749999999999991,0.7500000000000053,-1.0,1.8988215193149856e-15,5,audit_results/semantic_development_acquisition_20260923/episodes/core_P01_nom_G_b120_lexicographic/steps/097.json.gz,13.0
six_parent_nominal_development,SEM_P01,nominal,G,core_P01_nom_G_b120_lexicographic,98,forward,3.499999999999991,0.7500000000000058,3.499999999999991,0.7500000000000058,-1.0,1.8988215193149856e-15,5,audit_results/semantic_development_acquisition_20260923/episodes/core_P01_nom_G_b120_lexicographic/steps/098.json.gz,13.25
six_parent_nominal_development,SEM_P01,nominal,G,core_P01_nom_G_b120_lexicographic,99,forward,3.249999999999991,0.7500000000000062,3.249999999999991,0.7500000000000062,-1.0,1.8988215193149856e-15,5,audit_results/semantic_development_acquisition_20260923/episodes/core_P01_nom_G_b120_lexicographic/steps/099.json.gz,13.5
six_parent_nominal_development,SEM_P01,nominal,G,core_P01_nom_G_b120_lexicographic,100,forward,2.999999999999991,0.7500000000000067,2.999999999999991,0.7500000000000067,-1.0,1.8988215193149856e-15,5,audit_results/semantic_development_acquisition_20260923/episodes/core_P01_nom_G_b120_lexicographic/steps/100.json.gz,13.75
six_parent_nominal_development,SEM_P01,nominal,G,core_P01_nom_G_b120_lexicographic,101,forward,2.749999999999991,0.7500000000000071,2.749999999999991,0.7500000000000071,-1.0,1.8988215193149856e-15,5,audit_results/semantic_development_acquisition_20260923/episodes/core_P01_nom_G_b120_lexicographic/steps/101.json.gz,14.0
six_parent_nominal_development,SEM_P01,nominal,G,core_P01_nom_G_b120_lexicographic,102,forward,2.499999999999991,0.7500000000000075,2.499999999999991,0.7500000000000075,-1.0,1.8988215193149856e-15,5,audit_results/semantic_development_acquisition_20260923/episodes/core_P01_nom_G_b120_lexicographic/steps/102.json.gz,14.25
six_parent_nominal_development,SEM_P01,nominal,G,core_P01_nom_G_b120_lexicographic,103,forward,2.249999999999991,0.750000000000008,2.249999999999991,0.750000000000008,-1.0,1.8988215193149856e-15,3,audit_results/semantic_development_acquisition_20260923/episodes/core_P01_nom_G_b120_lexicographic/steps/103.json.gz,14.5
six_parent_nominal_development,SEM_P01,nominal,G,core_P01_nom_G_b120_lexicographic,104,right,2.249999999999991,0.750000000000008,2.249999999999991,0.750000000000008,-0.866025403784438,0.5000000000000011,1,audit_results/semantic_development_acquisition_20260923/episodes/core_P01_nom_G_b120_lexicographic/steps/104.json.gz,14.5
six_parent_nominal_development,SEM_P01,nominal,G,core_P01_nom_G_b120_lexicographic,105,right,2.249999999999991,0.750000000000008,2.249999999999991,0.750000000000008,-0.4999999999999994,0.8660254037844389,0,audit_results/semantic_development_acquisition_20260923/episodes/core_P01_nom_G_b120_lexicographic/steps/105.json.gz,14.5
six_parent_nominal_development,SEM_P01,nominal,G,core_P01_nom_G_b120_lexicographic,106,observe,2.249999999999991,0.750000000000008,2.249999999999991,0.750000000000008,-0.4999999999999994,0.8660254037844389,0,audit_results/semantic_development_acquisition_20260923/episodes/core_P01_nom_G_b120_lexicographic/steps/106.json.gz,14.5
six_parent_nominal_development,SEM_P01,nominal,G,core_P01_nom_G_b120_lexicographic,107,left,2.249999999999991,0.750000000000008,2.249999999999991,0.750000000000008,-0.866025403784438,0.5000000000000011,0,audit_results/semantic_development_acquisition_20260923/episodes/core_P01_nom_G_b120_lexicographic/steps/107.json.gz,14.5
six_parent_nominal_development,SEM_P01,nominal,G,core_P01_nom_G_b120_lexicographic,108,left,2.249999999999991,0.750000000000008,2.249999999999991,0.750000000000008,-1.0,1.8988215193149856e-15,0,audit_results/semantic_development_acquisition_20260923/episodes/core_P01_nom_G_b120_lexicographic/steps/108.json.gz,14.5
six_parent_nominal_development,SEM_P01,nominal,G,core_P01_nom_G_b120_lexicographic,109,forward,1.9999999999999911,0.7500000000000084,1.9999999999999911,0.7500000000000084,-1.0,1.8988215193149856e-15,0,audit_results/semantic_development_acquisition_20260923/episodes/core_P01_nom_G_b120_lexicographic/steps/109.json.gz,14.75
six_parent_nominal_development,SEM_P01,nominal,G,core_P01_nom_G_b120_lexicographic,110,forward,1.7499999999999911,0.7500000000000089,1.7499999999999911,0.7500000000000089,-1.0,1.8988215193149856e-15,0,audit_results/semantic_development_acquisition_20260923/episodes/core_P01_nom_G_b120_lexicographic/steps/110.json.gz,15.0
six_parent_nominal_development,SEM_P01,nominal,G,core_P01_nom_G_b120_lexicographic,111,forward,1.4999999999999911,0.7500000000000093,1.4999999999999911,0.7500000000000093,-1.0,1.8988215193149856e-15,0,audit_results/semantic_development_acquisition_20260923/episodes/core_P01_nom_G_b120_lexicographic/steps/111.json.gz,15.25
six_parent_nominal_development,SEM_P01,nominal,G,core_P01_nom_G_b120_lexicographic,112,forward,1.2499999999999911,0.7500000000000098,1.2499999999999911,0.7500000000000098,-1.0,1.8988215193149856e-15,0,audit_results/semantic_development_acquisition_20260923/episodes/core_P01_nom_G_b120_lexicographic/steps/112.json.gz,15.5
six_parent_nominal_development,SEM_P01,nominal,G,core_P01_nom_G_b120_lexicographic,113,forward,0.9999999999999911,0.7500000000000102,0.9999999999999911,0.7500000000000102,-1.0,1.8988215193149856e-15,0,audit_results/semantic_development_acquisition_20260923/episodes/core_P01_nom_G_b120_lexicographic/steps/113.json.gz,15.75
six_parent_nominal_development,SEM_P01,nominal,G,core_P01_nom_G_b120_lexicographic,114,forward,0.7499999999999911,0.7500000000000107,0.7499999999999911,0.7500000000000107,-1.0,1.8988215193149856e-15,0,audit_results/semantic_development_acquisition_20260923/episodes/core_P01_nom_G_b120_lexicographic/steps/114.json.gz,16.0
six_parent_nominal_development,SEM_P01,nominal,G,core_P01_nom_G_b120_lexicographic,115,right,0.7499999999999911,0.7500000000000107,0.7499999999999911,0.7500000000000107,-0.866025403784438,0.5000000000000011,0,audit_results/semantic_development_acquisition_20260923/episodes/core_P01_nom_G_b120_lexicographic/steps/115.json.gz,16.0
six_parent_nominal_development,SEM_P01,nominal,G,core_P01_nom_G_b120_lexicographic,116,right,0.7499999999999911,0.7500000000000107,0.7499999999999911,0.7500000000000107,-0.4999999999999994,0.8660254037844389,0,audit_results/semantic_development_acquisition_20260923/episodes/core_P01_nom_G_b120_lexicographic/steps/116.json.gz,16.0
six_parent_nominal_development,SEM_P01,nominal,G,core_P01_nom_G_b120_lexicographic,117,right,0.7499999999999911,0.7500000000000107,0.7499999999999911,0.7500000000000107,6.123233995736766e-17,1.0,0,audit_results/semantic_development_acquisition_20260923/episodes/core_P01_nom_G_b120_lexicographic/steps/117.json.gz,16.0
six_parent_nominal_development,SEM_P01,nominal,G,core_P01_nom_G_b120_lexicographic,118,right,0.7499999999999911,0.7500000000000107,0.7499999999999911,0.7500000000000107,0.4999999999999995,0.8660254037844389,0,audit_results/semantic_development_acquisition_20260923/episodes/core_P01_nom_G_b120_lexicographic/steps/118.json.gz,16.0
six_parent_nominal_development,SEM_P01,nominal,G,core_P01_nom_G_b120_lexicographic,119,right,0.7499999999999911,0.7500000000000107,0.7499999999999911,0.7500000000000107,0.8660254037844383,0.5000000000000007,0,audit_results/semantic_development_acquisition_20260923/episodes/core_P01_nom_G_b120_lexicographic/steps/119.json.gz,16.0
six_parent_nominal_development,SEM_P01,nominal,G,core_P01_nom_G_b120_lexicographic,120,right,0.7499999999999911,0.7500000000000107,0.7499999999999911,0.7500000000000107,1.0,8.881784197001252e-16,,audit_results/semantic_development_acquisition_20260923/episodes/core_P01_nom_G_b120_lexicographic/steps/120.json.gz,16.0
six_parent_nominal_development,SEM_P01,nominal,S,core_P01_nom_S_b120_lexicographic,0,initial,0.75,0.75,0.75,0.75,1.0,0.0,118,audit_results/semantic_development_acquisition_20260923/episodes/core_P01_nom_S_b120_lexicographic/steps/000.json.gz,0.0
six_parent_nominal_development,SEM_P01,nominal,S,core_P01_nom_S_b120_lexicographic,1,left,0.75,0.75,0.75,0.75,0.8660254037844387,0.49999999999999983,117,audit_results/semantic_development_acquisition_20260923/episodes/core_P01_nom_S_b120_lexicographic/steps/001.json.gz,0.0
six_parent_nominal_development,SEM_P01,nominal,S,core_P01_nom_S_b120_lexicographic,2,observe,0.75,0.75,0.75,0.75,0.8660254037844387,0.49999999999999983,115,audit_results/semantic_development_acquisition_20260923/episodes/core_P01_nom_S_b120_lexicographic/steps/002.json.gz,0.0
six_parent_nominal_development,SEM_P01,nominal,S,core_P01_nom_S_b120_lexicographic,3,left,0.75,0.75,0.75,0.75,0.5000000000000003,0.8660254037844385,114,audit_results/semantic_development_acquisition_20260923/episodes/core_P01_nom_S_b120_lexicographic/steps/003.json.gz,0.0
six_parent_nominal_development,SEM_P01,nominal,S,core_P01_nom_S_b120_lexicographic,4,observe,0.75,0.75,0.75,0.75,0.5000000000000003,0.8660254037844385,112,audit_results/semantic_development_acquisition_20260923/episodes/core_P01_nom_S_b120_lexicographic/steps/004.json.gz,0.0
six_parent_nominal_development,SEM_P01,nominal,S,core_P01_nom_S_b120_lexicographic,5,left,0.75,0.75,0.75,0.75,6.123233995736766e-17,1.0,104,audit_results/semantic_development_acquisition_20260923/episodes/core_P01_nom_S_b120_lexicographic/steps/005.json.gz,0.0
six_parent_nominal_development,SEM_P01,nominal,S,core_P01_nom_S_b120_lexicographic,6,forward,0.75,1.0,0.75,1.0,6.123233995736766e-17,1.0,102,audit_results/semantic_development_acquisition_20260923/episodes/core_P01_nom_S_b120_lexicographic/steps/006.json.gz,0.25
six_parent_nominal_development,SEM_P01,nominal,S,core_P01_nom_S_b120_lexicographic,7,forward,0.75,1.25,0.75,1.25,6.123233995736766e-17,1.0,100,audit_results/semantic_development_acquisition_20260923/episodes/core_P01_nom_S_b120_lexicographic/steps/007.json.gz,0.5
six_parent_nominal_development,SEM_P01,nominal,S,core_P01_nom_S_b120_lexicographic,8,forward,0.75,1.5,0.75,1.5,6.123233995736766e-17,1.0,98,audit_results/semantic_development_acquisition_20260923/episodes/core_P01_nom_S_b120_lexicographic/steps/008.json.gz,0.75
six_parent_nominal_development,SEM_P01,nominal,S,core_P01_nom_S_b120_lexicographic,9,forward,0.75,1.75,0.75,1.75,6.123233995736766e-17,1.0,98,audit_results/semantic_development_acquisition_20260923/episodes/core_P01_nom_S_b120_lexicographic/steps/009.json.gz,1.0
six_parent_nominal_development,SEM_P01,nominal,S,core_P01_nom_S_b120_lexicographic,10,right,0.75,1.75,0.75,1.75,0.4999999999999995,0.8660254037844389,98,audit_results/semantic_development_acquisition_20260923/episodes/core_P01_nom_S_b120_lexicographic/steps/010.json.gz,1.0
six_parent_nominal_development,SEM_P01,nominal,S,core_P01_nom_S_b120_lexicographic,11,right,0.75,1.75,0.75,1.75,0.8660254037844383,0.5000000000000007,98,audit_results/semantic_development_acquisition_20260923/episodes/core_P01_nom_S_b120_lexicographic/steps/011.json.gz,1.0
six_parent_nominal_development,SEM_P01,nominal,S,core_P01_nom_S_b120_lexicographic,12,right,0.75,1.75,0.75,1.75,1.0,8.881784197001252e-16,97,audit_results/semantic_development_acquisition_20260923/episodes/core_P01_nom_S_b120_lexicographic/steps/012.json.gz,1.0
six_parent_nominal_development,SEM_P01,nominal,S,core_P01_nom_S_b120_lexicographic,13,observe,0.75,1.75,0.75,1.75,1.0,8.881784197001252e-16,97,audit_results/semantic_development_acquisition_20260923/episodes/core_P01_nom_S_b120_lexicographic/steps/013.json.gz,1.0
six_parent_nominal_development,SEM_P01,nominal,S,core_P01_nom_S_b120_lexicographic,14,right,0.75,1.75,0.75,1.75,0.8660254037844392,-0.4999999999999991,97,audit_results/semantic_development_acquisition_20260923/episodes/core_P01_nom_S_b120_lexicographic/steps/014.json.gz,1.0
six_parent_nominal_development,SEM_P01,nominal,S,core_P01_nom_S_b120_lexicographic,15,right,0.75,1.75,0.75,1.75,0.5000000000000011,-0.866025403784438,97,audit_results/semantic_development_acquisition_20260923/episodes/core_P01_nom_S_b120_lexicographic/steps/015.json.gz,1.0
six_parent_nominal_development,SEM_P01,nominal,S,core_P01_nom_S_b120_lexicographic,16,right,0.75,1.75,0.75,1.75,1.3934999695075554e-15,-1.0,97,audit_results/semantic_development_acquisition_20260923/episodes/core_P01_nom_S_b120_lexicographic/steps/016.json.gz,1.0
six_parent_nominal_development,SEM_P01,nominal,S,core_P01_nom_S_b120_lexicographic,17,forward,0.7500000000000003,1.5,0.7500000000000003,1.5,1.3934999695075554e-15,-1.0,97,audit_results/semantic_development_acquisition_20260923/episodes/core_P01_nom_S_b120_lexicographic/steps/017.json.gz,1.25
six_parent_nominal_development,SEM_P01,nominal,S,core_P01_nom_S_b120_lexicographic,18,forward,0.7500000000000007,1.25,0.7500000000000007,1.25,1.3934999695075554e-15,-1.0,97,audit_results/semantic_development_acquisition_20260923/episodes/core_P01_nom_S_b120_lexicographic/steps/018.json.gz,1.5
six_parent_nominal_development,SEM_P01,nominal,S,core_P01_nom_S_b120_lexicographic,19,forward,0.750000000000001,1.0,0.750000000000001,1.0,1.3934999695075554e-15,-1.0,97,audit_results/semantic_development_acquisition_20260923/episodes/core_P01_nom_S_b120_lexicographic/steps/019.json.gz,1.75
six_parent_nominal_development,SEM_P01,nominal,S,core_P01_nom_S_b120_lexicographic,20,forward,0.7500000000000013,0.75,0.7500000000000013,0.75,1.3934999695075554e-15,-1.0,97,audit_results/semantic_development_acquisition_20260923/episodes/core_P01_nom_S_b120_lexicographic/steps/020.json.gz,2.0
six_parent_nominal_development,SEM_P01,nominal,S,core_P01_nom_S_b120_lexicographic,21,left,0.7500000000000013,0.75,0.7500000000000013,0.75,0.5000000000000011,-0.866025403784438,97,audit_results/semantic_development_acquisition_20260923/episodes/core_P01_nom_S_b120_lexicographic/steps/021.json.gz,2.0
six_parent_nominal_development,SEM_P01,nominal,S,core_P01_nom_S_b120_lexicographic,22,left,0.7500000000000013,0.75,0.7500000000000013,0.75,0.8660254037844392,-0.4999999999999991,97,audit_results/semantic_development_acquisition_20260923/episodes/core_P01_nom_S_b120_lexicographic/steps/022.json.gz,2.0
six_parent_nominal_development,SEM_P01,nominal,S,core_P01_nom_S_b120_lexicographic,23,left,0.7500000000000013,0.75,0.7500000000000013,0.75,1.0,8.881784197001252e-16,83,audit_results/semantic_development_acquisition_20260923/episodes/core_P01_nom_S_b120_lexicographic/steps/023.json.gz,2.0
six_parent_nominal_development,SEM_P01,nominal,S,core_P01_nom_S_b120_lexicographic,24,forward,1.0000000000000013,0.7500000000000002,1.0000000000000013,0.7500000000000002,1.0,8.881784197001252e-16,81,audit_results/semantic_development_acquisition_20260923/episodes/core_P01_nom_S_b120_lexicographic/steps/024.json.gz,2.25
six_parent_nominal_development,SEM_P01,nominal,S,core_P01_nom_S_b120_lexicographic,25,forward,1.2500000000000013,0.7500000000000004,1.2500000000000013,0.7500000000000004,1.0,8.881784197001252e-16,79,audit_results/semantic_development_acquisition_20260923/episodes/core_P01_nom_S_b120_lexicographic/steps/025.json.gz,2.5
six_parent_nominal_development,SEM_P01,nominal,S,core_P01_nom_S_b120_lexicographic,26,forward,1.5000000000000013,0.7500000000000007,1.5000000000000013,0.7500000000000007,1.0,8.881784197001252e-16,77,audit_results/semantic_development_acquisition_20260923/episodes/core_P01_nom_S_b120_lexicographic/steps/026.json.gz,2.75
six_parent_nominal_development,SEM_P01,nominal,S,core_P01_nom_S_b120_lexicographic,27,forward,1.7500000000000013,0.7500000000000009,1.7500000000000013,0.7500000000000009,1.0,8.881784197001252e-16,75,audit_results/semantic_development_acquisition_20260923/episodes/core_P01_nom_S_b120_lexicographic/steps/027.json.gz,3.0
six_parent_nominal_development,SEM_P01,nominal,S,core_P01_nom_S_b120_lexicographic,28,forward,2.0000000000000013,0.7500000000000011,2.0000000000000013,0.7500000000000011,1.0,8.881784197001252e-16,73,audit_results/semantic_development_acquisition_20260923/episodes/core_P01_nom_S_b120_lexicographic/steps/028.json.gz,3.25
six_parent_nominal_development,SEM_P01,nominal,S,core_P01_nom_S_b120_lexicographic,29,forward,2.2500000000000013,0.7500000000000013,2.2500000000000013,0.7500000000000013,1.0,8.881784197001252e-16,71,audit_results/semantic_development_acquisition_20260923/episodes/core_P01_nom_S_b120_lexicographic/steps/029.json.gz,3.5
six_parent_nominal_development,SEM_P01,nominal,S,core_P01_nom_S_b120_lexicographic,30,forward,2.5000000000000013,0.7500000000000016,2.5000000000000013,0.7500000000000016,1.0,8.881784197001252e-16,69,audit_results/semantic_development_acquisition_20260923/episodes/core_P01_nom_S_b120_lexicographic/steps/030.json.gz,3.75
six_parent_nominal_development,SEM_P01,nominal,S,core_P01_nom_S_b120_lexicographic,31,forward,2.7500000000000013,0.7500000000000018,2.7500000000000013,0.7500000000000018,1.0,8.881784197001252e-16,67,audit_results/semantic_development_acquisition_20260923/episodes/core_P01_nom_S_b120_lexicographic/steps/031.json.gz,4.0
six_parent_nominal_development,SEM_P01,nominal,S,core_P01_nom_S_b120_lexicographic,32,forward,3.0000000000000013,0.750000000000002,3.0000000000000013,0.750000000000002,1.0,8.881784197001252e-16,65,audit_results/semantic_development_acquisition_20260923/episodes/core_P01_nom_S_b120_lexicographic/steps/032.json.gz,4.25
six_parent_nominal_development,SEM_P01,nominal,S,core_P01_nom_S_b120_lexicographic,33,forward,3.2500000000000013,0.7500000000000022,3.2500000000000013,0.7500000000000022,1.0,8.881784197001252e-16,63,audit_results/semantic_development_acquisition_20260923/episodes/core_P01_nom_S_b120_lexicographic/steps/033.json.gz,4.5
six_parent_nominal_development,SEM_P01,nominal,S,core_P01_nom_S_b120_lexicographic,34,forward,3.5000000000000013,0.7500000000000024,3.5000000000000013,0.7500000000000024,1.0,8.881784197001252e-16,61,audit_results/semantic_development_acquisition_20260923/episodes/core_P01_nom_S_b120_lexicographic/steps/034.json.gz,4.75
six_parent_nominal_development,SEM_P01,nominal,S,core_P01_nom_S_b120_lexicographic,35,forward,3.7500000000000013,0.7500000000000027,3.7500000000000013,0.7500000000000027,1.0,8.881784197001252e-16,61,audit_results/semantic_development_acquisition_20260923/episodes/core_P01_nom_S_b120_lexicographic/steps/035.json.gz,5.0
six_parent_nominal_development,SEM_P01,nominal,S,core_P01_nom_S_b120_lexicographic,36,left,3.7500000000000013,0.7500000000000027,3.7500000000000013,0.7500000000000027,0.8660254037844383,0.5000000000000007,61,audit_results/semantic_development_acquisition_20260923/episodes/core_P01_nom_S_b120_lexicographic/steps/036.json.gz,5.0
six_parent_nominal_development,SEM_P01,nominal,S,core_P01_nom_S_b120_lexicographic,37,left,3.7500000000000013,0.7500000000000027,3.7500000000000013,0.7500000000000027,0.4999999999999995,0.8660254037844389,61,audit_results/semantic_development_acquisition_20260923/episodes/core_P01_nom_S_b120_lexicographic/steps/037.json.gz,5.0
six_parent_nominal_development,SEM_P01,nominal,S,core_P01_nom_S_b120_lexicographic,38,left,3.7500000000000013,0.7500000000000027,3.7500000000000013,0.7500000000000027,6.123233995736766e-17,1.0,53,audit_results/semantic_development_acquisition_20260923/episodes/core_P01_nom_S_b120_lexicographic/steps/038.json.gz,5.0
six_parent_nominal_development,SEM_P01,nominal,S,core_P01_nom_S_b120_lexicographic,39,forward,3.7500000000000013,1.0000000000000027,3.7500000000000013,1.0000000000000027,6.123233995736766e-17,1.0,51,audit_results/semantic_development_acquisition_20260923/episodes/core_P01_nom_S_b120_lexicographic/steps/039.json.gz,5.25
six_parent_nominal_development,SEM_P01,nominal,S,core_P01_nom_S_b120_lexicographic,40,forward,3.7500000000000013,1.2500000000000027,3.7500000000000013,1.2500000000000027,6.123233995736766e-17,1.0,49,audit_results/semantic_development_acquisition_20260923/episodes/core_P01_nom_S_b120_lexicographic/steps/040.json.gz,5.5
six_parent_nominal_development,SEM_P01,nominal,S,core_P01_nom_S_b120_lexicographic,41,forward,3.7500000000000013,1.5000000000000027,3.7500000000000013,1.5000000000000027,6.123233995736766e-17,1.0,47,audit_results/semantic_development_acquisition_20260923/episodes/core_P01_nom_S_b120_lexicographic/steps/041.json.gz,5.75
six_parent_nominal_development,SEM_P01,nominal,S,core_P01_nom_S_b120_lexicographic,42,forward,3.7500000000000013,1.7500000000000027,3.7500000000000013,1.7500000000000027,6.123233995736766e-17,1.0,47,audit_results/semantic_development_acquisition_20260923/episodes/core_P01_nom_S_b120_lexicographic/steps/042.json.gz,6.0
six_parent_nominal_development,SEM_P01,nominal,S,core_P01_nom_S_b120_lexicographic,43,right,3.7500000000000013,1.7500000000000027,3.7500000000000013,1.7500000000000027,0.4999999999999995,0.8660254037844389,47,audit_results/semantic_development_acquisition_20260923/episodes/core_P01_nom_S_b120_lexicographic/steps/043.json.gz,6.0
six_parent_nominal_development,SEM_P01,nominal,S,core_P01_nom_S_b120_lexicographic,44,right,3.7500000000000013,1.7500000000000027,3.7500000000000013,1.7500000000000027,0.8660254037844383,0.5000000000000007,46,audit_results/semantic_development_acquisition_20260923/episodes/core_P01_nom_S_b120_lexicographic/steps/044.json.gz,6.0
six_parent_nominal_development,SEM_P01,nominal,S,core_P01_nom_S_b120_lexicographic,45,observe,3.7500000000000013,1.7500000000000027,3.7500000000000013,1.7500000000000027,0.8660254037844383,0.5000000000000007,46,audit_results/semantic_development_acquisition_20260923/episodes/core_P01_nom_S_b120_lexicographic/steps/045.json.gz,6.0
six_parent_nominal_development,SEM_P01,nominal,S,core_P01_nom_S_b120_lexicographic,46,right,3.7500000000000013,1.7500000000000027,3.7500000000000013,1.7500000000000027,1.0,8.881784197001252e-16,45,audit_results/semantic_development_acquisition_20260923/episodes/core_P01_nom_S_b120_lexicographic/steps/046.json.gz,6.0
six_parent_nominal_development,SEM_P01,nominal,S,core_P01_nom_S_b120_lexicographic,47,observe,3.7500000000000013,1.7500000000000027,3.7500000000000013,1.7500000000000027,1.0,8.881784197001252e-16,37,audit_results/semantic_development_acquisition_20260923/episodes/core_P01_nom_S_b120_lexicographic/steps/047.json.gz,6.0
six_parent_nominal_development,SEM_P01,nominal,S,core_P01_nom_S_b120_lexicographic,48,forward,4.000000000000002,1.7500000000000029,4.000000000000002,1.7500000000000029,1.0,8.881784197001252e-16,37,audit_results/semantic_development_acquisition_20260923/episodes/core_P01_nom_S_b120_lexicographic/steps/048.json.gz,6.25
six_parent_nominal_development,SEM_P01,nominal,S,core_P01_nom_S_b120_lexicographic,49,forward,4.250000000000002,1.750000000000003,4.250000000000002,1.750000000000003,1.0,8.881784197001252e-16,37,audit_results/semantic_development_acquisition_20260923/episodes/core_P01_nom_S_b120_lexicographic/steps/049.json.gz,6.5
six_parent_nominal_development,SEM_P01,nominal,S,core_P01_nom_S_b120_lexicographic,50,forward,4.500000000000002,1.7500000000000033,4.500000000000002,1.7500000000000033,1.0,8.881784197001252e-16,37,audit_results/semantic_development_acquisition_20260923/episodes/core_P01_nom_S_b120_lexicographic/steps/050.json.gz,6.75
six_parent_nominal_development,SEM_P01,nominal,S,core_P01_nom_S_b120_lexicographic,51,forward,4.750000000000002,1.7500000000000036,4.750000000000002,1.7500000000000036,1.0,8.881784197001252e-16,35,audit_results/semantic_development_acquisition_20260923/episodes/core_P01_nom_S_b120_lexicographic/steps/051.json.gz,7.0
six_parent_nominal_development,SEM_P01,nominal,S,core_P01_nom_S_b120_lexicographic,52,left,4.750000000000002,1.7500000000000036,4.750000000000002,1.7500000000000036,0.8660254037844383,0.5000000000000007,33,audit_results/semantic_development_acquisition_20260923/episodes/core_P01_nom_S_b120_lexicographic/steps/052.json.gz,7.0
six_parent_nominal_development,SEM_P01,nominal,S,core_P01_nom_S_b120_lexicographic,53,left,4.750000000000002,1.7500000000000036,4.750000000000002,1.7500000000000036,0.4999999999999995,0.8660254037844389,31,audit_results/semantic_development_acquisition_20260923/episodes/core_P01_nom_S_b120_lexicographic/steps/053.json.gz,7.0
six_parent_nominal_development,SEM_P01,nominal,S,core_P01_nom_S_b120_lexicographic,54,left,4.750000000000002,1.7500000000000036,4.750000000000002,1.7500000000000036,6.123233995736766e-17,1.0,29,audit_results/semantic_development_acquisition_20260923/episodes/core_P01_nom_S_b120_lexicographic/steps/054.json.gz,7.0
six_parent_nominal_development,SEM_P01,nominal,S,core_P01_nom_S_b120_lexicographic,55,forward,4.750000000000002,2.0000000000000036,4.750000000000002,2.0000000000000036,6.123233995736766e-17,1.0,27,audit_results/semantic_development_acquisition_20260923/episodes/core_P01_nom_S_b120_lexicographic/steps/055.json.gz,7.25
six_parent_nominal_development,SEM_P01,nominal,S,core_P01_nom_S_b120_lexicographic,56,forward,4.750000000000002,2.2500000000000036,4.750000000000002,2.2500000000000036,6.123233995736766e-17,1.0,25,audit_results/semantic_development_acquisition_20260923/episodes/core_P01_nom_S_b120_lexicographic/steps/056.json.gz,7.5
six_parent_nominal_development,SEM_P01,nominal,S,core_P01_nom_S_b120_lexicographic,57,forward,4.750000000000002,2.5000000000000036,4.750000000000002,2.5000000000000036,6.123233995736766e-17,1.0,23,audit_results/semantic_development_acquisition_20260923/episodes/core_P01_nom_S_b120_lexicographic/steps/057.json.gz,7.75
six_parent_nominal_development,SEM_P01,nominal,S,core_P01_nom_S_b120_lexicographic,58,forward,4.750000000000002,2.7500000000000036,4.750000000000002,2.7500000000000036,6.123233995736766e-17,1.0,21,audit_results/semantic_development_acquisition_20260923/episodes/core_P01_nom_S_b120_lexicographic/steps/058.json.gz,8.0
six_parent_nominal_development,SEM_P01,nominal,S,core_P01_nom_S_b120_lexicographic,59,forward,4.750000000000002,3.0000000000000036,4.750000000000002,3.0000000000000036,6.123233995736766e-17,1.0,19,audit_results/semantic_development_acquisition_20260923/episodes/core_P01_nom_S_b120_lexicographic/steps/059.json.gz,8.25
six_parent_nominal_development,SEM_P01,nominal,S,core_P01_nom_S_b120_lexicographic,60,forward,4.750000000000002,3.2500000000000036,4.750000000000002,3.2500000000000036,6.123233995736766e-17,1.0,17,audit_results/semantic_development_acquisition_20260923/episodes/core_P01_nom_S_b120_lexicographic/steps/060.json.gz,8.5
six_parent_nominal_development,SEM_P01,nominal,S,core_P01_nom_S_b120_lexicographic,61,forward,4.750000000000002,3.5000000000000036,4.750000000000002,3.5000000000000036,6.123233995736766e-17,1.0,15,audit_results/semantic_development_acquisition_20260923/episodes/core_P01_nom_S_b120_lexicographic/steps/061.json.gz,8.75
six_parent_nominal_development,SEM_P01,nominal,S,core_P01_nom_S_b120_lexicographic,62,forward,4.750000000000002,3.7500000000000036,4.750000000000002,3.7500000000000036,6.123233995736766e-17,1.0,15,audit_results/semantic_development_acquisition_20260923/episodes/core_P01_nom_S_b120_lexicographic/steps/062.json.gz,9.0
six_parent_nominal_development,SEM_P01,nominal,S,core_P01_nom_S_b120_lexicographic,63,right,4.750000000000002,3.7500000000000036,4.750000000000002,3.7500000000000036,0.4999999999999995,0.8660254037844389,15,audit_results/semantic_development_acquisition_20260923/episodes/core_P01_nom_S_b120_lexicographic/steps/063.json.gz,9.0
six_parent_nominal_development,SEM_P01,nominal,S,core_P01_nom_S_b120_lexicographic,64,right,4.750000000000002,3.7500000000000036,4.750000000000002,3.7500000000000036,0.8660254037844383,0.5000000000000007,14,audit_results/semantic_development_acquisition_20260923/episodes/core_P01_nom_S_b120_lexicographic/steps/064.json.gz,9.0
six_parent_nominal_development,SEM_P01,nominal,S,core_P01_nom_S_b120_lexicographic,65,observe,4.750000000000002,3.7500000000000036,4.750000000000002,3.7500000000000036,0.8660254037844383,0.5000000000000007,12,audit_results/semantic_development_acquisition_20260923/episodes/core_P01_nom_S_b120_lexicographic/steps/065.json.gz,9.0
six_parent_nominal_development,SEM_P01,nominal,S,core_P01_nom_S_b120_lexicographic,66,left,4.750000000000002,3.7500000000000036,4.750000000000002,3.7500000000000036,0.4999999999999995,0.8660254037844389,10,audit_results/semantic_development_acquisition_20260923/episodes/core_P01_nom_S_b120_lexicographic/steps/066.json.gz,9.0
six_parent_nominal_development,SEM_P01,nominal,S,core_P01_nom_S_b120_lexicographic,67,left,4.750000000000002,3.7500000000000036,4.750000000000002,3.7500000000000036,6.123233995736766e-17,1.0,10,audit_results/semantic_development_acquisition_20260923/episodes/core_P01_nom_S_b120_lexicographic/steps/067.json.gz,9.0
six_parent_nominal_development,SEM_P01,nominal,S,core_P01_nom_S_b120_lexicographic,68,left,4.750000000000002,3.7500000000000036,4.750000000000002,3.7500000000000036,-0.4999999999999994,0.8660254037844389,9,audit_results/semantic_development_acquisition_20260923/episodes/core_P01_nom_S_b120_lexicographic/steps/068.json.gz,9.0
six_parent_nominal_development,SEM_P01,nominal,S,core_P01_nom_S_b120_lexicographic,69,observe,4.750000000000002,3.7500000000000036,4.750000000000002,3.7500000000000036,-0.4999999999999994,0.8660254037844389,9,audit_results/semantic_development_acquisition_20260923/episodes/core_P01_nom_S_b120_lexicographic/steps/069.json.gz,9.0
six_parent_nominal_development,SEM_P01,nominal,S,core_P01_nom_S_b120_lexicographic,70,left,4.750000000000002,3.7500000000000036,4.750000000000002,3.7500000000000036,-0.866025403784438,0.5000000000000011,8,audit_results/semantic_development_acquisition_20260923/episodes/core_P01_nom_S_b120_lexicographic/steps/070.json.gz,9.0
six_parent_nominal_development,SEM_P01,nominal,S,core_P01_nom_S_b120_lexicographic,71,observe,4.750000000000002,3.7500000000000036,4.750000000000002,3.7500000000000036,-0.866025403784438,0.5000000000000011,8,audit_results/semantic_development_acquisition_20260923/episodes/core_P01_nom_S_b120_lexicographic/steps/071.json.gz,9.0
six_parent_nominal_development,SEM_P01,nominal,S,core_P01_nom_S_b120_lexicographic,72,left,4.750000000000002,3.7500000000000036,4.750000000000002,3.7500000000000036,-1.0,1.8988215193149856e-15,8,audit_results/semantic_development_acquisition_20260923/episodes/core_P01_nom_S_b120_lexicographic/steps/072.json.gz,9.0
six_parent_nominal_development,SEM_P01,nominal,S,core_P01_nom_S_b120_lexicographic,73,left,4.750000000000002,3.7500000000000036,4.750000000000002,3.7500000000000036,-0.8660254037844398,-0.49999999999999806,7,audit_results/semantic_development_acquisition_20260923/episodes/core_P01_nom_S_b120_lexicographic/steps/073.json.gz,9.0
six_parent_nominal_development,SEM_P01,nominal,S,core_P01_nom_S_b120_lexicographic,74,observe,4.750000000000002,3.7500000000000036,4.750000000000002,3.7500000000000036,-0.8660254037844398,-0.49999999999999806,7,audit_results/semantic_development_acquisition_20260923/episodes/core_P01_nom_S_b120_lexicographic/steps/074.json.gz,9.0
six_parent_nominal_development,SEM_P01,nominal,S,core_P01_nom_S_b120_lexicographic,75,left,4.750000000000002,3.7500000000000036,4.750000000000002,3.7500000000000036,-0.5000000000000021,-0.8660254037844374,6,audit_results/semantic_development_acquisition_20260923/episodes/core_P01_nom_S_b120_lexicographic/steps/075.json.gz,9.0
six_parent_nominal_development,SEM_P01,nominal,S,core_P01_nom_S_b120_lexicographic,76,observe,4.750000000000002,3.7500000000000036,4.750000000000002,3.7500000000000036,-0.5000000000000021,-0.8660254037844374,6,audit_results/semantic_development_acquisition_20260923/episodes/core_P01_nom_S_b120_lexicographic/steps/076.json.gz,9.0
six_parent_nominal_development,SEM_P01,nominal,S,core_P01_nom_S_b120_lexicographic,77,left,4.750000000000002,3.7500000000000036,4.750000000000002,3.7500000000000036,-2.603302919143008e-15,-1.0,6,audit_results/semantic_development_acquisition_20260923/episodes/core_P01_nom_S_b120_lexicographic/steps/077.json.gz,9.0
six_parent_nominal_development,SEM_P01,nominal,S,core_P01_nom_S_b120_lexicographic,78,forward,4.750000000000001,3.5000000000000036,4.750000000000001,3.5000000000000036,-2.603302919143008e-15,-1.0,6,audit_results/semantic_development_acquisition_20260923/episodes/core_P01_nom_S_b120_lexicographic/steps/078.json.gz,9.25
six_parent_nominal_development,SEM_P01,nominal,S,core_P01_nom_S_b120_lexicographic,79,forward,4.75,3.2500000000000036,4.75,3.2500000000000036,-2.603302919143008e-15,-1.0,6,audit_results/semantic_development_acquisition_20260923/episodes/core_P01_nom_S_b120_lexicographic/steps/079.json.gz,9.5
six_parent_nominal_development,SEM_P01,nominal,S,core_P01_nom_S_b120_lexicographic,80,forward,4.749999999999999,3.0000000000000036,4.749999999999999,3.0000000000000036,-2.603302919143008e-15,-1.0,6,audit_results/semantic_development_acquisition_20260923/episodes/core_P01_nom_S_b120_lexicographic/steps/080.json.gz,9.75
six_parent_nominal_development,SEM_P01,nominal,S,core_P01_nom_S_b120_lexicographic,81,forward,4.749999999999998,2.7500000000000036,4.749999999999998,2.7500000000000036,-2.603302919143008e-15,-1.0,6,audit_results/semantic_development_acquisition_20260923/episodes/core_P01_nom_S_b120_lexicographic/steps/081.json.gz,10.0
six_parent_nominal_development,SEM_P01,nominal,S,core_P01_nom_S_b120_lexicographic,82,forward,4.749999999999997,2.5000000000000036,4.749999999999997,2.5000000000000036,-2.603302919143008e-15,-1.0,6,audit_results/semantic_development_acquisition_20260923/episodes/core_P01_nom_S_b120_lexicographic/steps/082.json.gz,10.25
six_parent_nominal_development,SEM_P01,nominal,S,core_P01_nom_S_b120_lexicographic,83,forward,4.7499999999999964,2.2500000000000036,4.7499999999999964,2.2500000000000036,-2.603302919143008e-15,-1.0,6,audit_results/semantic_development_acquisition_20260923/episodes/core_P01_nom_S_b120_lexicographic/steps/083.json.gz,10.5
six_parent_nominal_development,SEM_P01,nominal,S,core_P01_nom_S_b120_lexicographic,84,forward,4.749999999999996,2.0000000000000036,4.749999999999996,2.0000000000000036,-2.603302919143008e-15,-1.0,6,audit_results/semantic_development_acquisition_20260923/episodes/core_P01_nom_S_b120_lexicographic/steps/084.json.gz,10.75
six_parent_nominal_development,SEM_P01,nominal,S,core_P01_nom_S_b120_lexicographic,85,forward,4.749999999999995,1.7500000000000036,4.749999999999995,1.7500000000000036,-2.603302919143008e-15,-1.0,6,audit_results/semantic_development_acquisition_20260923/episodes/core_P01_nom_S_b120_lexicographic/steps/085.json.gz,11.0
six_parent_nominal_development,SEM_P01,nominal,S,core_P01_nom_S_b120_lexicographic,86,forward,4.749999999999994,1.5000000000000036,4.749999999999994,1.5000000000000036,-2.603302919143008e-15,-1.0,6,audit_results/semantic_development_acquisition_20260923/episodes/core_P01_nom_S_b120_lexicographic/steps/086.json.gz,11.25
six_parent_nominal_development,SEM_P01,nominal,S,core_P01_nom_S_b120_lexicographic,87,forward,4.749999999999993,1.2500000000000036,4.749999999999993,1.2500000000000036,-2.603302919143008e-15,-1.0,6,audit_results/semantic_development_acquisition_20260923/episodes/core_P01_nom_S_b120_lexicographic/steps/087.json.gz,11.5
six_parent_nominal_development,SEM_P01,nominal,S,core_P01_nom_S_b120_lexicographic,88,forward,4.749999999999992,1.0000000000000036,4.749999999999992,1.0000000000000036,-2.603302919143008e-15,-1.0,6,audit_results/semantic_development_acquisition_20260923/episodes/core_P01_nom_S_b120_lexicographic/steps/088.json.gz,11.75
six_parent_nominal_development,SEM_P01,nominal,S,core_P01_nom_S_b120_lexicographic,89,forward,4.749999999999991,0.7500000000000036,4.749999999999991,0.7500000000000036,-2.603302919143008e-15,-1.0,6,audit_results/semantic_development_acquisition_20260923/episodes/core_P01_nom_S_b120_lexicographic/steps/089.json.gz,12.0
six_parent_nominal_development,SEM_P01,nominal,S,core_P01_nom_S_b120_lexicographic,90,right,4.749999999999991,0.7500000000000036,4.749999999999991,0.7500000000000036,-0.5000000000000021,-0.8660254037844374,6,audit_results/semantic_development_acquisition_20260923/episodes/core_P01_nom_S_b120_lexicographic/steps/090.json.gz,12.0
six_parent_nominal_development,SEM_P01,nominal,S,core_P01_nom_S_b120_lexicographic,91,right,4.749999999999991,0.7500000000000036,4.749999999999991,0.7500000000000036,-0.8660254037844398,-0.49999999999999806,6,audit_results/semantic_development_acquisition_20260923/episodes/core_P01_nom_S_b120_lexicographic/steps/091.json.gz,12.0
six_parent_nominal_development,SEM_P01,nominal,S,core_P01_nom_S_b120_lexicographic,92,right,4.749999999999991,0.7500000000000036,4.749999999999991,0.7500000000000036,-1.0,1.8988215193149856e-15,5,audit_results/semantic_development_acquisition_20260923/episodes/core_P01_nom_S_b120_lexicographic/steps/092.json.gz,12.0
six_parent_nominal_development,SEM_P01,nominal,S,core_P01_nom_S_b120_lexicographic,93,observe,4.749999999999991,0.7500000000000036,4.749999999999991,0.7500000000000036,-1.0,1.8988215193149856e-15,5,audit_results/semantic_development_acquisition_20260923/episodes/core_P01_nom_S_b120_lexicographic/steps/093.json.gz,12.0
six_parent_nominal_development,SEM_P01,nominal,S,core_P01_nom_S_b120_lexicographic,94,forward,4.499999999999991,0.750000000000004,4.499999999999991,0.750000000000004,-1.0,1.8988215193149856e-15,5,audit_results/semantic_development_acquisition_20260923/episodes/core_P01_nom_S_b120_lexicographic/steps/094.json.gz,12.25
six_parent_nominal_development,SEM_P01,nominal,S,core_P01_nom_S_b120_lexicographic,95,forward,4.249999999999991,0.7500000000000044,4.249999999999991,0.7500000000000044,-1.0,1.8988215193149856e-15,5,audit_results/semantic_development_acquisition_20260923/episodes/core_P01_nom_S_b120_lexicographic/steps/095.json.gz,12.5
six_parent_nominal_development,SEM_P01,nominal,S,core_P01_nom_S_b120_lexicographic,96,forward,3.999999999999991,0.7500000000000049,3.999999999999991,0.7500000000000049,-1.0,1.8988215193149856e-15,5,audit_results/semantic_development_acquisition_20260923/episodes/core_P01_nom_S_b120_lexicographic/steps/096.json.gz,12.75
six_parent_nominal_development,SEM_P01,nominal,S,core_P01_nom_S_b120_lexicographic,97,forward,3.749999999999991,0.7500000000000053,3.749999999999991,0.7500000000000053,-1.0,1.8988215193149856e-15,5,audit_results/semantic_development_acquisition_20260923/episodes/core_P01_nom_S_b120_lexicographic/steps/097.json.gz,13.0
six_parent_nominal_development,SEM_P01,nominal,S,core_P01_nom_S_b120_lexicographic,98,forward,3.499999999999991,0.7500000000000058,3.499999999999991,0.7500000000000058,-1.0,1.8988215193149856e-15,5,audit_results/semantic_development_acquisition_20260923/episodes/core_P01_nom_S_b120_lexicographic/steps/098.json.gz,13.25
six_parent_nominal_development,SEM_P01,nominal,S,core_P01_nom_S_b120_lexicographic,99,forward,3.249999999999991,0.7500000000000062,3.249999999999991,0.7500000000000062,-1.0,1.8988215193149856e-15,5,audit_results/semantic_development_acquisition_20260923/episodes/core_P01_nom_S_b120_lexicographic/steps/099.json.gz,13.5
six_parent_nominal_development,SEM_P01,nominal,S,core_P01_nom_S_b120_lexicographic,100,forward,2.999999999999991,0.7500000000000067,2.999999999999991,0.7500000000000067,-1.0,1.8988215193149856e-15,5,audit_results/semantic_development_acquisition_20260923/episodes/core_P01_nom_S_b120_lexicographic/steps/100.json.gz,13.75
six_parent_nominal_development,SEM_P01,nominal,S,core_P01_nom_S_b120_lexicographic,101,forward,2.749999999999991,0.7500000000000071,2.749999999999991,0.7500000000000071,-1.0,1.8988215193149856e-15,5,audit_results/semantic_development_acquisition_20260923/episodes/core_P01_nom_S_b120_lexicographic/steps/101.json.gz,14.0
six_parent_nominal_development,SEM_P01,nominal,S,core_P01_nom_S_b120_lexicographic,102,forward,2.499999999999991,0.7500000000000075,2.499999999999991,0.7500000000000075,-1.0,1.8988215193149856e-15,5,audit_results/semantic_development_acquisition_20260923/episodes/core_P01_nom_S_b120_lexicographic/steps/102.json.gz,14.25
six_parent_nominal_development,SEM_P01,nominal,S,core_P01_nom_S_b120_lexicographic,103,forward,2.249999999999991,0.750000000000008,2.249999999999991,0.750000000000008,-1.0,1.8988215193149856e-15,3,audit_results/semantic_development_acquisition_20260923/episodes/core_P01_nom_S_b120_lexicographic/steps/103.json.gz,14.5
six_parent_nominal_development,SEM_P01,nominal,S,core_P01_nom_S_b120_lexicographic,104,right,2.249999999999991,0.750000000000008,2.249999999999991,0.750000000000008,-0.866025403784438,0.5000000000000011,1,audit_results/semantic_development_acquisition_20260923/episodes/core_P01_nom_S_b120_lexicographic/steps/104.json.gz,14.5
six_parent_nominal_development,SEM_P01,nominal,S,core_P01_nom_S_b120_lexicographic,105,right,2.249999999999991,0.750000000000008,2.249999999999991,0.750000000000008,-0.4999999999999994,0.8660254037844389,0,audit_results/semantic_development_acquisition_20260923/episodes/core_P01_nom_S_b120_lexicographic/steps/105.json.gz,14.5
six_parent_nominal_development,SEM_P01,nominal,S,core_P01_nom_S_b120_lexicographic,106,observe,2.249999999999991,0.750000000000008,2.249999999999991,0.750000000000008,-0.4999999999999994,0.8660254037844389,0,audit_results/semantic_development_acquisition_20260923/episodes/core_P01_nom_S_b120_lexicographic/steps/106.json.gz,14.5
six_parent_nominal_development,SEM_P01,nominal,S,core_P01_nom_S_b120_lexicographic,107,left,2.249999999999991,0.750000000000008,2.249999999999991,0.750000000000008,-0.866025403784438,0.5000000000000011,0,audit_results/semantic_development_acquisition_20260923/episodes/core_P01_nom_S_b120_lexicographic/steps/107.json.gz,14.5
six_parent_nominal_development,SEM_P01,nominal,S,core_P01_nom_S_b120_lexicographic,108,left,2.249999999999991,0.750000000000008,2.249999999999991,0.750000000000008,-1.0,1.8988215193149856e-15,0,audit_results/semantic_development_acquisition_20260923/episodes/core_P01_nom_S_b120_lexicographic/steps/108.json.gz,14.5
six_parent_nominal_development,SEM_P01,nominal,S,core_P01_nom_S_b120_lexicographic,109,forward,1.9999999999999911,0.7500000000000084,1.9999999999999911,0.7500000000000084,-1.0,1.8988215193149856e-15,0,audit_results/semantic_development_acquisition_20260923/episodes/core_P01_nom_S_b120_lexicographic/steps/109.json.gz,14.75
six_parent_nominal_development,SEM_P01,nominal,S,core_P01_nom_S_b120_lexicographic,110,forward,1.7499999999999911,0.7500000000000089,1.7499999999999911,0.7500000000000089,-1.0,1.8988215193149856e-15,0,audit_results/semantic_development_acquisition_20260923/episodes/core_P01_nom_S_b120_lexicographic/steps/110.json.gz,15.0
six_parent_nominal_development,SEM_P01,nominal,S,core_P01_nom_S_b120_lexicographic,111,forward,1.4999999999999911,0.7500000000000093,1.4999999999999911,0.7500000000000093,-1.0,1.8988215193149856e-15,0,audit_results/semantic_development_acquisition_20260923/episodes/core_P01_nom_S_b120_lexicographic/steps/111.json.gz,15.25
six_parent_nominal_development,SEM_P01,nominal,S,core_P01_nom_S_b120_lexicographic,112,forward,1.2499999999999911,0.7500000000000098,1.2499999999999911,0.7500000000000098,-1.0,1.8988215193149856e-15,0,audit_results/semantic_development_acquisition_20260923/episodes/core_P01_nom_S_b120_lexicographic/steps/112.json.gz,15.5
six_parent_nominal_development,SEM_P01,nominal,S,core_P01_nom_S_b120_lexicographic,113,forward,0.9999999999999911,0.7500000000000102,0.9999999999999911,0.7500000000000102,-1.0,1.8988215193149856e-15,0,audit_results/semantic_development_acquisition_20260923/episodes/core_P01_nom_S_b120_lexicographic/steps/113.json.gz,15.75
six_parent_nominal_development,SEM_P01,nominal,S,core_P01_nom_S_b120_lexicographic,114,forward,0.7499999999999911,0.7500000000000107,0.7499999999999911,0.7500000000000107,-1.0,1.8988215193149856e-15,0,audit_results/semantic_development_acquisition_20260923/episodes/core_P01_nom_S_b120_lexicographic/steps/114.json.gz,16.0
six_parent_nominal_development,SEM_P01,nominal,S,core_P01_nom_S_b120_lexicographic,115,right,0.7499999999999911,0.7500000000000107,0.7499999999999911,0.7500000000000107,-0.866025403784438,0.5000000000000011,0,audit_results/semantic_development_acquisition_20260923/episodes/core_P01_nom_S_b120_lexicographic/steps/115.json.gz,16.0
six_parent_nominal_development,SEM_P01,nominal,S,core_P01_nom_S_b120_lexicographic,116,right,0.7499999999999911,0.7500000000000107,0.7499999999999911,0.7500000000000107,-0.4999999999999994,0.8660254037844389,0,audit_results/semantic_development_acquisition_20260923/episodes/core_P01_nom_S_b120_lexicographic/steps/116.json.gz,16.0
six_parent_nominal_development,SEM_P01,nominal,S,core_P01_nom_S_b120_lexicographic,117,right,0.7499999999999911,0.7500000000000107,0.7499999999999911,0.7500000000000107,6.123233995736766e-17,1.0,0,audit_results/semantic_development_acquisition_20260923/episodes/core_P01_nom_S_b120_lexicographic/steps/117.json.gz,16.0
six_parent_nominal_development,SEM_P01,nominal,S,core_P01_nom_S_b120_lexicographic,118,right,0.7499999999999911,0.7500000000000107,0.7499999999999911,0.7500000000000107,0.4999999999999995,0.8660254037844389,0,audit_results/semantic_development_acquisition_20260923/episodes/core_P01_nom_S_b120_lexicographic/steps/118.json.gz,16.0
six_parent_nominal_development,SEM_P01,nominal,S,core_P01_nom_S_b120_lexicographic,119,right,0.7499999999999911,0.7500000000000107,0.7499999999999911,0.7500000000000107,0.8660254037844383,0.5000000000000007,0,audit_results/semantic_development_acquisition_20260923/episodes/core_P01_nom_S_b120_lexicographic/steps/119.json.gz,16.0
six_parent_nominal_development,SEM_P01,nominal,S,core_P01_nom_S_b120_lexicographic,120,right,0.7499999999999911,0.7500000000000107,0.7499999999999911,0.7500000000000107,1.0,8.881784197001252e-16,,audit_results/semantic_development_acquisition_20260923/episodes/core_P01_nom_S_b120_lexicographic/steps/120.json.gz,16.0
six_parent_nominal_development,SEM_P02,nominal,G,core_P02_nom_G_b120_lexicographic,0,initial,0.75,0.75,0.75,0.75,1.0,0.0,118,audit_results/semantic_development_acquisition_20260923/episodes/core_P02_nom_G_b120_lexicographic/steps/000.json.gz,0.0
six_parent_nominal_development,SEM_P02,nominal,G,core_P02_nom_G_b120_lexicographic,1,left,0.75,0.75,0.75,0.75,0.8660254037844387,0.49999999999999983,116,audit_results/semantic_development_acquisition_20260923/episodes/core_P02_nom_G_b120_lexicographic/steps/001.json.gz,0.0
six_parent_nominal_development,SEM_P02,nominal,G,core_P02_nom_G_b120_lexicographic,2,left,0.75,0.75,0.75,0.75,0.5000000000000003,0.8660254037844385,114,audit_results/semantic_development_acquisition_20260923/episodes/core_P02_nom_G_b120_lexicographic/steps/002.json.gz,0.0
six_parent_nominal_development,SEM_P02,nominal,G,core_P02_nom_G_b120_lexicographic,3,left,0.75,0.75,0.75,0.75,6.123233995736766e-17,1.0,106,audit_results/semantic_development_acquisition_20260923/episodes/core_P02_nom_G_b120_lexicographic/steps/003.json.gz,0.0
six_parent_nominal_development,SEM_P02,nominal,G,core_P02_nom_G_b120_lexicographic,4,forward,0.75,1.0,0.75,1.0,6.123233995736766e-17,1.0,104,audit_results/semantic_development_acquisition_20260923/episodes/core_P02_nom_G_b120_lexicographic/steps/004.json.gz,0.25
six_parent_nominal_development,SEM_P02,nominal,G,core_P02_nom_G_b120_lexicographic,5,forward,0.75,1.25,0.75,1.25,6.123233995736766e-17,1.0,102,audit_results/semantic_development_acquisition_20260923/episodes/core_P02_nom_G_b120_lexicographic/steps/005.json.gz,0.5
six_parent_nominal_development,SEM_P02,nominal,G,core_P02_nom_G_b120_lexicographic,6,forward,0.75,1.5,0.75,1.5,6.123233995736766e-17,1.0,100,audit_results/semantic_development_acquisition_20260923/episodes/core_P02_nom_G_b120_lexicographic/steps/006.json.gz,0.75
six_parent_nominal_development,SEM_P02,nominal,G,core_P02_nom_G_b120_lexicographic,7,forward,0.75,1.75,0.75,1.75,6.123233995736766e-17,1.0,100,audit_results/semantic_development_acquisition_20260923/episodes/core_P02_nom_G_b120_lexicographic/steps/007.json.gz,1.0
six_parent_nominal_development,SEM_P02,nominal,G,core_P02_nom_G_b120_lexicographic,8,right,0.75,1.75,0.75,1.75,0.4999999999999995,0.8660254037844389,100,audit_results/semantic_development_acquisition_20260923/episodes/core_P02_nom_G_b120_lexicographic/steps/008.json.gz,1.0
six_parent_nominal_development,SEM_P02,nominal,G,core_P02_nom_G_b120_lexicographic,9,right,0.75,1.75,0.75,1.75,0.8660254037844383,0.5000000000000007,99,audit_results/semantic_development_acquisition_20260923/episodes/core_P02_nom_G_b120_lexicographic/steps/009.json.gz,1.0
six_parent_nominal_development,SEM_P02,nominal,G,core_P02_nom_G_b120_lexicographic,10,observe,0.75,1.75,0.75,1.75,0.8660254037844383,0.5000000000000007,97,audit_results/semantic_development_acquisition_20260923/episodes/core_P02_nom_G_b120_lexicographic/steps/010.json.gz,1.0
six_parent_nominal_development,SEM_P02,nominal,G,core_P02_nom_G_b120_lexicographic,11,left,0.75,1.75,0.75,1.75,0.4999999999999995,0.8660254037844389,95,audit_results/semantic_development_acquisition_20260923/episodes/core_P02_nom_G_b120_lexicographic/steps/011.json.gz,1.0
six_parent_nominal_development,SEM_P02,nominal,G,core_P02_nom_G_b120_lexicographic,12,left,0.75,1.75,0.75,1.75,6.123233995736766e-17,1.0,93,audit_results/semantic_development_acquisition_20260923/episodes/core_P02_nom_G_b120_lexicographic/steps/012.json.gz,1.0
six_parent_nominal_development,SEM_P02,nominal,G,core_P02_nom_G_b120_lexicographic,13,forward,0.75,2.0,0.75,2.0,6.123233995736766e-17,1.0,91,audit_results/semantic_development_acquisition_20260923/episodes/core_P02_nom_G_b120_lexicographic/steps/013.json.gz,1.25
six_parent_nominal_development,SEM_P02,nominal,G,core_P02_nom_G_b120_lexicographic,14,forward,0.75,2.25,0.75,2.25,6.123233995736766e-17,1.0,89,audit_results/semantic_development_acquisition_20260923/episodes/core_P02_nom_G_b120_lexicographic/steps/014.json.gz,1.5
six_parent_nominal_development,SEM_P02,nominal,G,core_P02_nom_G_b120_lexicographic,15,forward,0.75,2.5,0.75,2.5,6.123233995736766e-17,1.0,87,audit_results/semantic_development_acquisition_20260923/episodes/core_P02_nom_G_b120_lexicographic/steps/015.json.gz,1.75
six_parent_nominal_development,SEM_P02,nominal,G,core_P02_nom_G_b120_lexicographic,16,forward,0.75,2.75,0.75,2.75,6.123233995736766e-17,1.0,87,audit_results/semantic_development_acquisition_20260923/episodes/core_P02_nom_G_b120_lexicographic/steps/016.json.gz,2.0
six_parent_nominal_development,SEM_P02,nominal,G,core_P02_nom_G_b120_lexicographic,17,right,0.75,2.75,0.75,2.75,0.4999999999999995,0.8660254037844389,87,audit_results/semantic_development_acquisition_20260923/episodes/core_P02_nom_G_b120_lexicographic/steps/017.json.gz,2.0
six_parent_nominal_development,SEM_P02,nominal,G,core_P02_nom_G_b120_lexicographic,18,right,0.75,2.75,0.75,2.75,0.8660254037844383,0.5000000000000007,86,audit_results/semantic_development_acquisition_20260923/episodes/core_P02_nom_G_b120_lexicographic/steps/018.json.gz,2.0
six_parent_nominal_development,SEM_P02,nominal,G,core_P02_nom_G_b120_lexicographic,19,observe,0.75,2.75,0.75,2.75,0.8660254037844383,0.5000000000000007,84,audit_results/semantic_development_acquisition_20260923/episodes/core_P02_nom_G_b120_lexicographic/steps/019.json.gz,2.0
six_parent_nominal_development,SEM_P02,nominal,G,core_P02_nom_G_b120_lexicographic,20,left,0.75,2.75,0.75,2.75,0.4999999999999995,0.8660254037844389,82,audit_results/semantic_development_acquisition_20260923/episodes/core_P02_nom_G_b120_lexicographic/steps/020.json.gz,2.0
six_parent_nominal_development,SEM_P02,nominal,G,core_P02_nom_G_b120_lexicographic,21,left,0.75,2.75,0.75,2.75,6.123233995736766e-17,1.0,80,audit_results/semantic_development_acquisition_20260923/episodes/core_P02_nom_G_b120_lexicographic/steps/021.json.gz,2.0
six_parent_nominal_development,SEM_P02,nominal,G,core_P02_nom_G_b120_lexicographic,22,forward,0.75,3.0,0.75,3.0,6.123233995736766e-17,1.0,78,audit_results/semantic_development_acquisition_20260923/episodes/core_P02_nom_G_b120_lexicographic/steps/022.json.gz,2.25
six_parent_nominal_development,SEM_P02,nominal,G,core_P02_nom_G_b120_lexicographic,23,forward,0.75,3.25,0.75,3.25,6.123233995736766e-17,1.0,76,audit_results/semantic_development_acquisition_20260923/episodes/core_P02_nom_G_b120_lexicographic/steps/023.json.gz,2.5
six_parent_nominal_development,SEM_P02,nominal,G,core_P02_nom_G_b120_lexicographic,24,forward,0.75,3.5,0.75,3.5,6.123233995736766e-17,1.0,74,audit_results/semantic_development_acquisition_20260923/episodes/core_P02_nom_G_b120_lexicographic/steps/024.json.gz,2.75
six_parent_nominal_development,SEM_P02,nominal,G,core_P02_nom_G_b120_lexicographic,25,forward,0.75,3.75,0.75,3.75,6.123233995736766e-17,1.0,74,audit_results/semantic_development_acquisition_20260923/episodes/core_P02_nom_G_b120_lexicographic/steps/025.json.gz,3.0
six_parent_nominal_development,SEM_P02,nominal,G,core_P02_nom_G_b120_lexicographic,26,right,0.75,3.75,0.75,3.75,0.4999999999999995,0.8660254037844389,74,audit_results/semantic_development_acquisition_20260923/episodes/core_P02_nom_G_b120_lexicographic/steps/026.json.gz,3.0
six_parent_nominal_development,SEM_P02,nominal,G,core_P02_nom_G_b120_lexicographic,27,right,0.75,3.75,0.75,3.75,0.8660254037844383,0.5000000000000007,74,audit_results/semantic_development_acquisition_20260923/episodes/core_P02_nom_G_b120_lexicographic/steps/027.json.gz,3.0
six_parent_nominal_development,SEM_P02,nominal,G,core_P02_nom_G_b120_lexicographic,28,right,0.75,3.75,0.75,3.75,1.0,8.881784197001252e-16,66,audit_results/semantic_development_acquisition_20260923/episodes/core_P02_nom_G_b120_lexicographic/steps/028.json.gz,3.0
six_parent_nominal_development,SEM_P02,nominal,G,core_P02_nom_G_b120_lexicographic,29,forward,1.0,3.75,1.0,3.75,1.0,8.881784197001252e-16,64,audit_results/semantic_development_acquisition_20260923/episodes/core_P02_nom_G_b120_lexicographic/steps/029.json.gz,3.25
six_parent_nominal_development,SEM_P02,nominal,G,core_P02_nom_G_b120_lexicographic,30,forward,1.25,3.75,1.25,3.75,1.0,8.881784197001252e-16,62,audit_results/semantic_development_acquisition_20260923/episodes/core_P02_nom_G_b120_lexicographic/steps/030.json.gz,3.5
six_parent_nominal_development,SEM_P02,nominal,G,core_P02_nom_G_b120_lexicographic,31,forward,1.5,3.75,1.5,3.75,1.0,8.881784197001252e-16,60,audit_results/semantic_development_acquisition_20260923/episodes/core_P02_nom_G_b120_lexicographic/steps/031.json.gz,3.75
six_parent_nominal_development,SEM_P02,nominal,G,core_P02_nom_G_b120_lexicographic,32,forward,1.75,3.75,1.75,3.75,1.0,8.881784197001252e-16,58,audit_results/semantic_development_acquisition_20260923/episodes/core_P02_nom_G_b120_lexicographic/steps/032.json.gz,4.0
six_parent_nominal_development,SEM_P02,nominal,G,core_P02_nom_G_b120_lexicographic,33,forward,2.0,3.75,2.0,3.75,1.0,8.881784197001252e-16,56,audit_results/semantic_development_acquisition_20260923/episodes/core_P02_nom_G_b120_lexicographic/steps/033.json.gz,4.25
six_parent_nominal_development,SEM_P02,nominal,G,core_P02_nom_G_b120_lexicographic,34,forward,2.25,3.75,2.25,3.75,1.0,8.881784197001252e-16,54,audit_results/semantic_development_acquisition_20260923/episodes/core_P02_nom_G_b120_lexicographic/steps/034.json.gz,4.5
six_parent_nominal_development,SEM_P02,nominal,G,core_P02_nom_G_b120_lexicographic,35,forward,2.5,3.75,2.5,3.75,1.0,8.881784197001252e-16,52,audit_results/semantic_development_acquisition_20260923/episodes/core_P02_nom_G_b120_lexicographic/steps/035.json.gz,4.75
six_parent_nominal_development,SEM_P02,nominal,G,core_P02_nom_G_b120_lexicographic,36,forward,2.75,3.75,2.75,3.75,1.0,8.881784197001252e-16,51,audit_results/semantic_development_acquisition_20260923/episodes/core_P02_nom_G_b120_lexicographic/steps/036.json.gz,5.0
six_parent_nominal_development,SEM_P02,nominal,G,core_P02_nom_G_b120_lexicographic,37,observe,2.75,3.75,2.75,3.75,1.0,8.881784197001252e-16,51,audit_results/semantic_development_acquisition_20260923/episodes/core_P02_nom_G_b120_lexicographic/steps/037.json.gz,5.0
six_parent_nominal_development,SEM_P02,nominal,G,core_P02_nom_G_b120_lexicographic,38,left,2.75,3.75,2.75,3.75,0.8660254037844383,0.5000000000000007,51,audit_results/semantic_development_acquisition_20260923/episodes/core_P02_nom_G_b120_lexicographic/steps/038.json.gz,5.0
six_parent_nominal_development,SEM_P02,nominal,G,core_P02_nom_G_b120_lexicographic,39,left,2.75,3.75,2.75,3.75,0.4999999999999995,0.8660254037844389,51,audit_results/semantic_development_acquisition_20260923/episodes/core_P02_nom_G_b120_lexicographic/steps/039.json.gz,5.0
six_parent_nominal_development,SEM_P02,nominal,G,core_P02_nom_G_b120_lexicographic,40,left,2.75,3.75,2.75,3.75,6.123233995736766e-17,1.0,43,audit_results/semantic_development_acquisition_20260923/episodes/core_P02_nom_G_b120_lexicographic/steps/040.json.gz,5.0
six_parent_nominal_development,SEM_P02,nominal,G,core_P02_nom_G_b120_lexicographic,41,forward,2.75,4.0,2.75,4.0,6.123233995736766e-17,1.0,43,audit_results/semantic_development_acquisition_20260923/episodes/core_P02_nom_G_b120_lexicographic/steps/041.json.gz,5.25
six_parent_nominal_development,SEM_P02,nominal,G,core_P02_nom_G_b120_lexicographic,42,forward,2.75,4.25,2.75,4.25,6.123233995736766e-17,1.0,43,audit_results/semantic_development_acquisition_20260923/episodes/core_P02_nom_G_b120_lexicographic/steps/042.json.gz,5.5
six_parent_nominal_development,SEM_P02,nominal,G,core_P02_nom_G_b120_lexicographic,43,forward,2.75,4.5,2.75,4.5,6.123233995736766e-17,1.0,43,audit_results/semantic_development_acquisition_20260923/episodes/core_P02_nom_G_b120_lexicographic/steps/043.json.gz,5.75
six_parent_nominal_development,SEM_P02,nominal,G,core_P02_nom_G_b120_lexicographic,44,forward,2.75,4.75,2.75,4.75,6.123233995736766e-17,1.0,42,audit_results/semantic_development_acquisition_20260923/episodes/core_P02_nom_G_b120_lexicographic/steps/044.json.gz,6.0
six_parent_nominal_development,SEM_P02,nominal,G,core_P02_nom_G_b120_lexicographic,45,observe,2.75,4.75,2.75,4.75,6.123233995736766e-17,1.0,34,audit_results/semantic_development_acquisition_20260923/episodes/core_P02_nom_G_b120_lexicographic/steps/045.json.gz,6.0
six_parent_nominal_development,SEM_P02,nominal,G,core_P02_nom_G_b120_lexicographic,46,forward,2.75,5.0,2.75,5.0,6.123233995736766e-17,1.0,32,audit_results/semantic_development_acquisition_20260923/episodes/core_P02_nom_G_b120_lexicographic/steps/046.json.gz,6.25
six_parent_nominal_development,SEM_P02,nominal,G,core_P02_nom_G_b120_lexicographic,47,forward,2.75,5.25,2.75,5.25,6.123233995736766e-17,1.0,30,audit_results/semantic_development_acquisition_20260923/episodes/core_P02_nom_G_b120_lexicographic/steps/047.json.gz,6.5
six_parent_nominal_development,SEM_P02,nominal,G,core_P02_nom_G_b120_lexicographic,48,forward,2.75,5.5,2.75,5.5,6.123233995736766e-17,1.0,28,audit_results/semantic_development_acquisition_20260923/episodes/core_P02_nom_G_b120_lexicographic/steps/048.json.gz,6.75
six_parent_nominal_development,SEM_P02,nominal,G,core_P02_nom_G_b120_lexicographic,49,forward,2.75,5.75,2.75,5.75,6.123233995736766e-17,1.0,28,audit_results/semantic_development_acquisition_20260923/episodes/core_P02_nom_G_b120_lexicographic/steps/049.json.gz,7.0
six_parent_nominal_development,SEM_P02,nominal,G,core_P02_nom_G_b120_lexicographic,50,left,2.75,5.75,2.75,5.75,-0.4999999999999994,0.8660254037844389,27,audit_results/semantic_development_acquisition_20260923/episodes/core_P02_nom_G_b120_lexicographic/steps/050.json.gz,7.0
six_parent_nominal_development,SEM_P02,nominal,G,core_P02_nom_G_b120_lexicographic,51,observe,2.75,5.75,2.75,5.75,-0.4999999999999994,0.8660254037844389,27,audit_results/semantic_development_acquisition_20260923/episodes/core_P02_nom_G_b120_lexicographic/steps/051.json.gz,7.0
six_parent_nominal_development,SEM_P02,nominal,G,core_P02_nom_G_b120_lexicographic,52,left,2.75,5.75,2.75,5.75,-0.866025403784438,0.5000000000000011,27,audit_results/semantic_development_acquisition_20260923/episodes/core_P02_nom_G_b120_lexicographic/steps/052.json.gz,7.0
six_parent_nominal_development,SEM_P02,nominal,G,core_P02_nom_G_b120_lexicographic,53,left,2.75,5.75,2.75,5.75,-1.0,1.8988215193149856e-15,27,audit_results/semantic_development_acquisition_20260923/episodes/core_P02_nom_G_b120_lexicographic/steps/053.json.gz,7.0
six_parent_nominal_development,SEM_P02,nominal,G,core_P02_nom_G_b120_lexicographic,54,left,2.75,5.75,2.75,5.75,-0.8660254037844398,-0.49999999999999806,27,audit_results/semantic_development_acquisition_20260923/episodes/core_P02_nom_G_b120_lexicographic/steps/054.json.gz,7.0
six_parent_nominal_development,SEM_P02,nominal,G,core_P02_nom_G_b120_lexicographic,55,left,2.75,5.75,2.75,5.75,-0.5000000000000021,-0.8660254037844374,27,audit_results/semantic_development_acquisition_20260923/episodes/core_P02_nom_G_b120_lexicographic/steps/055.json.gz,7.0
six_parent_nominal_development,SEM_P02,nominal,G,core_P02_nom_G_b120_lexicographic,56,left,2.75,5.75,2.75,5.75,-2.603302919143008e-15,-1.0,27,audit_results/semantic_development_acquisition_20260923/episodes/core_P02_nom_G_b120_lexicographic/steps/056.json.gz,7.0
six_parent_nominal_development,SEM_P02,nominal,G,core_P02_nom_G_b120_lexicographic,57,forward,2.7499999999999996,5.5,2.7499999999999996,5.5,-2.603302919143008e-15,-1.0,27,audit_results/semantic_development_acquisition_20260923/episodes/core_P02_nom_G_b120_lexicographic/steps/057.json.gz,7.25
six_parent_nominal_development,SEM_P02,nominal,G,core_P02_nom_G_b120_lexicographic,58,forward,2.749999999999999,5.25,2.749999999999999,5.25,-2.603302919143008e-15,-1.0,27,audit_results/semantic_development_acquisition_20260923/episodes/core_P02_nom_G_b120_lexicographic/steps/058.json.gz,7.5
six_parent_nominal_development,SEM_P02,nominal,G,core_P02_nom_G_b120_lexicographic,59,forward,2.7499999999999987,5.0,2.7499999999999987,5.0,-2.603302919143008e-15,-1.0,27,audit_results/semantic_development_acquisition_20260923/episodes/core_P02_nom_G_b120_lexicographic/steps/059.json.gz,7.75
six_parent_nominal_development,SEM_P02,nominal,G,core_P02_nom_G_b120_lexicographic,60,forward,2.7499999999999982,4.75,2.7499999999999982,4.75,-2.603302919143008e-15,-1.0,27,audit_results/semantic_development_acquisition_20260923/episodes/core_P02_nom_G_b120_lexicographic/steps/060.json.gz,8.0
six_parent_nominal_development,SEM_P02,nominal,G,core_P02_nom_G_b120_lexicographic,61,forward,2.749999999999998,4.5,2.749999999999998,4.5,-2.603302919143008e-15,-1.0,27,audit_results/semantic_development_acquisition_20260923/episodes/core_P02_nom_G_b120_lexicographic/steps/061.json.gz,8.25
six_parent_nominal_development,SEM_P02,nominal,G,core_P02_nom_G_b120_lexicographic,62,forward,2.7499999999999973,4.25,2.7499999999999973,4.25,-2.603302919143008e-15,-1.0,27,audit_results/semantic_development_acquisition_20260923/episodes/core_P02_nom_G_b120_lexicographic/steps/062.json.gz,8.5
six_parent_nominal_development,SEM_P02,nominal,G,core_P02_nom_G_b120_lexicographic,63,forward,2.749999999999997,4.0,2.749999999999997,4.0,-2.603302919143008e-15,-1.0,27,audit_results/semantic_development_acquisition_20260923/episodes/core_P02_nom_G_b120_lexicographic/steps/063.json.gz,8.75
six_parent_nominal_development,SEM_P02,nominal,G,core_P02_nom_G_b120_lexicographic,64,forward,2.7499999999999964,3.75,2.7499999999999964,3.75,-2.603302919143008e-15,-1.0,27,audit_results/semantic_development_acquisition_20260923/episodes/core_P02_nom_G_b120_lexicographic/steps/064.json.gz,9.0
six_parent_nominal_development,SEM_P02,nominal,G,core_P02_nom_G_b120_lexicographic,65,forward,2.749999999999996,3.5,2.749999999999996,3.5,-2.603302919143008e-15,-1.0,27,audit_results/semantic_development_acquisition_20260923/episodes/core_P02_nom_G_b120_lexicographic/steps/065.json.gz,9.25
six_parent_nominal_development,SEM_P02,nominal,G,core_P02_nom_G_b120_lexicographic,66,forward,2.7499999999999956,3.25,2.7499999999999956,3.25,-2.603302919143008e-15,-1.0,27,audit_results/semantic_development_acquisition_20260923/episodes/core_P02_nom_G_b120_lexicographic/steps/066.json.gz,9.5
six_parent_nominal_development,SEM_P02,nominal,G,core_P02_nom_G_b120_lexicographic,67,forward,2.749999999999995,3.0,2.749999999999995,3.0,-2.603302919143008e-15,-1.0,27,audit_results/semantic_development_acquisition_20260923/episodes/core_P02_nom_G_b120_lexicographic/steps/067.json.gz,9.75
six_parent_nominal_development,SEM_P02,nominal,G,core_P02_nom_G_b120_lexicographic,68,forward,2.7499999999999947,2.75,2.7499999999999947,2.75,-2.603302919143008e-15,-1.0,26,audit_results/semantic_development_acquisition_20260923/episodes/core_P02_nom_G_b120_lexicographic/steps/068.json.gz,10.0
six_parent_nominal_development,SEM_P02,nominal,G,core_P02_nom_G_b120_lexicographic,69,observe,2.7499999999999947,2.75,2.7499999999999947,2.75,-2.603302919143008e-15,-1.0,26,audit_results/semantic_development_acquisition_20260923/episodes/core_P02_nom_G_b120_lexicographic/steps/069.json.gz,10.0
six_parent_nominal_development,SEM_P02,nominal,G,core_P02_nom_G_b120_lexicographic,70,forward,2.7499999999999942,2.5,2.7499999999999942,2.5,-2.603302919143008e-15,-1.0,26,audit_results/semantic_development_acquisition_20260923/episodes/core_P02_nom_G_b120_lexicographic/steps/070.json.gz,10.25
six_parent_nominal_development,SEM_P02,nominal,G,core_P02_nom_G_b120_lexicographic,71,forward,2.749999999999994,2.25,2.749999999999994,2.25,-2.603302919143008e-15,-1.0,26,audit_results/semantic_development_acquisition_20260923/episodes/core_P02_nom_G_b120_lexicographic/steps/071.json.gz,10.5
six_parent_nominal_development,SEM_P02,nominal,G,core_P02_nom_G_b120_lexicographic,72,forward,2.7499999999999933,2.0,2.7499999999999933,2.0,-2.603302919143008e-15,-1.0,26,audit_results/semantic_development_acquisition_20260923/episodes/core_P02_nom_G_b120_lexicographic/steps/072.json.gz,10.75
six_parent_nominal_development,SEM_P02,nominal,G,core_P02_nom_G_b120_lexicographic,73,forward,2.749999999999993,1.75,2.749999999999993,1.75,-2.603302919143008e-15,-1.0,26,audit_results/semantic_development_acquisition_20260923/episodes/core_P02_nom_G_b120_lexicographic/steps/073.json.gz,11.0
six_parent_nominal_development,SEM_P02,nominal,G,core_P02_nom_G_b120_lexicographic,74,forward,2.7499999999999925,1.5,2.7499999999999925,1.5,-2.603302919143008e-15,-1.0,26,audit_results/semantic_development_acquisition_20260923/episodes/core_P02_nom_G_b120_lexicographic/steps/074.json.gz,11.25
six_parent_nominal_development,SEM_P02,nominal,G,core_P02_nom_G_b120_lexicographic,75,forward,2.749999999999992,1.25,2.749999999999992,1.25,-2.603302919143008e-15,-1.0,26,audit_results/semantic_development_acquisition_20260923/episodes/core_P02_nom_G_b120_lexicographic/steps/075.json.gz,11.5
six_parent_nominal_development,SEM_P02,nominal,G,core_P02_nom_G_b120_lexicographic,76,forward,2.7499999999999916,1.0,2.7499999999999916,1.0,-2.603302919143008e-15,-1.0,26,audit_results/semantic_development_acquisition_20260923/episodes/core_P02_nom_G_b120_lexicographic/steps/076.json.gz,11.75
six_parent_nominal_development,SEM_P02,nominal,G,core_P02_nom_G_b120_lexicographic,77,forward,2.749999999999991,0.75,2.749999999999991,0.75,-2.603302919143008e-15,-1.0,26,audit_results/semantic_development_acquisition_20260923/episodes/core_P02_nom_G_b120_lexicographic/steps/077.json.gz,12.0
six_parent_nominal_development,SEM_P02,nominal,G,core_P02_nom_G_b120_lexicographic,78,right,2.749999999999991,0.75,2.749999999999991,0.75,-0.5000000000000021,-0.8660254037844374,26,audit_results/semantic_development_acquisition_20260923/episodes/core_P02_nom_G_b120_lexicographic/steps/078.json.gz,12.0
six_parent_nominal_development,SEM_P02,nominal,G,core_P02_nom_G_b120_lexicographic,79,right,2.749999999999991,0.75,2.749999999999991,0.75,-0.8660254037844398,-0.49999999999999806,26,audit_results/semantic_development_acquisition_20260923/episodes/core_P02_nom_G_b120_lexicographic/steps/079.json.gz,12.0
six_parent_nominal_development,SEM_P02,nominal,G,core_P02_nom_G_b120_lexicographic,80,right,2.749999999999991,0.75,2.749999999999991,0.75,-1.0,1.8988215193149856e-15,24,audit_results/semantic_development_acquisition_20260923/episodes/core_P02_nom_G_b120_lexicographic/steps/080.json.gz,12.0
six_parent_nominal_development,SEM_P02,nominal,G,core_P02_nom_G_b120_lexicographic,81,right,2.749999999999991,0.75,2.749999999999991,0.75,-0.866025403784438,0.5000000000000011,23,audit_results/semantic_development_acquisition_20260923/episodes/core_P02_nom_G_b120_lexicographic/steps/081.json.gz,12.0
six_parent_nominal_development,SEM_P02,nominal,G,core_P02_nom_G_b120_lexicographic,82,observe,2.749999999999991,0.75,2.749999999999991,0.75,-0.866025403784438,0.5000000000000011,21,audit_results/semantic_development_acquisition_20260923/episodes/core_P02_nom_G_b120_lexicographic/steps/082.json.gz,12.0
six_parent_nominal_development,SEM_P02,nominal,G,core_P02_nom_G_b120_lexicographic,83,right,2.749999999999991,0.75,2.749999999999991,0.75,-0.4999999999999994,0.8660254037844389,20,audit_results/semantic_development_acquisition_20260923/episodes/core_P02_nom_G_b120_lexicographic/steps/083.json.gz,12.0
six_parent_nominal_development,SEM_P02,nominal,G,core_P02_nom_G_b120_lexicographic,84,observe,2.749999999999991,0.75,2.749999999999991,0.75,-0.4999999999999994,0.8660254037844389,18,audit_results/semantic_development_acquisition_20260923/episodes/core_P02_nom_G_b120_lexicographic/steps/084.json.gz,12.0
six_parent_nominal_development,SEM_P02,nominal,G,core_P02_nom_G_b120_lexicographic,85,right,2.749999999999991,0.75,2.749999999999991,0.75,6.123233995736766e-17,1.0,17,audit_results/semantic_development_acquisition_20260923/episodes/core_P02_nom_G_b120_lexicographic/steps/085.json.gz,12.0
six_parent_nominal_development,SEM_P02,nominal,G,core_P02_nom_G_b120_lexicographic,86,observe,2.749999999999991,0.75,2.749999999999991,0.75,6.123233995736766e-17,1.0,15,audit_results/semantic_development_acquisition_20260923/episodes/core_P02_nom_G_b120_lexicographic/steps/086.json.gz,12.0
six_parent_nominal_development,SEM_P02,nominal,G,core_P02_nom_G_b120_lexicographic,87,right,2.749999999999991,0.75,2.749999999999991,0.75,0.4999999999999995,0.8660254037844389,13,audit_results/semantic_development_acquisition_20260923/episodes/core_P02_nom_G_b120_lexicographic/steps/087.json.gz,12.0
six_parent_nominal_development,SEM_P02,nominal,G,core_P02_nom_G_b120_lexicographic,88,right,2.749999999999991,0.75,2.749999999999991,0.75,0.8660254037844383,0.5000000000000007,11,audit_results/semantic_development_acquisition_20260923/episodes/core_P02_nom_G_b120_lexicographic/steps/088.json.gz,12.0
six_parent_nominal_development,SEM_P02,nominal,G,core_P02_nom_G_b120_lexicographic,89,right,2.749999999999991,0.75,2.749999999999991,0.75,1.0,8.881784197001252e-16,9,audit_results/semantic_development_acquisition_20260923/episodes/core_P02_nom_G_b120_lexicographic/steps/089.json.gz,12.0
six_parent_nominal_development,SEM_P02,nominal,G,core_P02_nom_G_b120_lexicographic,90,forward,2.999999999999991,0.7500000000000002,2.999999999999991,0.7500000000000002,1.0,8.881784197001252e-16,7,audit_results/semantic_development_acquisition_20260923/episodes/core_P02_nom_G_b120_lexicographic/steps/090.json.gz,12.25
six_parent_nominal_development,SEM_P02,nominal,G,core_P02_nom_G_b120_lexicographic,91,forward,3.249999999999991,0.7500000000000004,3.249999999999991,0.7500000000000004,1.0,8.881784197001252e-16,5,audit_results/semantic_development_acquisition_20260923/episodes/core_P02_nom_G_b120_lexicographic/steps/091.json.gz,12.5
six_parent_nominal_development,SEM_P02,nominal,G,core_P02_nom_G_b120_lexicographic,92,forward,3.499999999999991,0.7500000000000007,3.499999999999991,0.7500000000000007,1.0,8.881784197001252e-16,3,audit_results/semantic_development_acquisition_20260923/episodes/core_P02_nom_G_b120_lexicographic/steps/092.json.gz,12.75
six_parent_nominal_development,SEM_P02,nominal,G,core_P02_nom_G_b120_lexicographic,93,forward,3.749999999999991,0.7500000000000009,3.749999999999991,0.7500000000000009,1.0,8.881784197001252e-16,2,audit_results/semantic_development_acquisition_20260923/episodes/core_P02_nom_G_b120_lexicographic/steps/093.json.gz,13.0
six_parent_nominal_development,SEM_P02,nominal,G,core_P02_nom_G_b120_lexicographic,94,observe,3.749999999999991,0.7500000000000009,3.749999999999991,0.7500000000000009,1.0,8.881784197001252e-16,2,audit_results/semantic_development_acquisition_20260923/episodes/core_P02_nom_G_b120_lexicographic/steps/094.json.gz,13.0
six_parent_nominal_development,SEM_P02,nominal,G,core_P02_nom_G_b120_lexicographic,95,left,3.749999999999991,0.7500000000000009,3.749999999999991,0.7500000000000009,0.8660254037844383,0.5000000000000007,1,audit_results/semantic_development_acquisition_20260923/episodes/core_P02_nom_G_b120_lexicographic/steps/095.json.gz,13.0
six_parent_nominal_development,SEM_P02,nominal,G,core_P02_nom_G_b120_lexicographic,96,observe,3.749999999999991,0.7500000000000009,3.749999999999991,0.7500000000000009,0.8660254037844383,0.5000000000000007,1,audit_results/semantic_development_acquisition_20260923/episodes/core_P02_nom_G_b120_lexicographic/steps/096.json.gz,13.0
six_parent_nominal_development,SEM_P02,nominal,G,core_P02_nom_G_b120_lexicographic,97,left,3.749999999999991,0.7500000000000009,3.749999999999991,0.7500000000000009,0.4999999999999995,0.8660254037844389,1,audit_results/semantic_development_acquisition_20260923/episodes/core_P02_nom_G_b120_lexicographic/steps/097.json.gz,13.0
six_parent_nominal_development,SEM_P02,nominal,G,core_P02_nom_G_b120_lexicographic,98,left,3.749999999999991,0.7500000000000009,3.749999999999991,0.7500000000000009,6.123233995736766e-17,1.0,1,audit_results/semantic_development_acquisition_20260923/episodes/core_P02_nom_G_b120_lexicographic/steps/098.json.gz,13.0
six_parent_nominal_development,SEM_P02,nominal,G,core_P02_nom_G_b120_lexicographic,99,left,3.749999999999991,0.7500000000000009,3.749999999999991,0.7500000000000009,-0.4999999999999994,0.8660254037844389,1,audit_results/semantic_development_acquisition_20260923/episodes/core_P02_nom_G_b120_lexicographic/steps/099.json.gz,13.0
six_parent_nominal_development,SEM_P02,nominal,G,core_P02_nom_G_b120_lexicographic,100,left,3.749999999999991,0.7500000000000009,3.749999999999991,0.7500000000000009,-0.866025403784438,0.5000000000000011,0,audit_results/semantic_development_acquisition_20260923/episodes/core_P02_nom_G_b120_lexicographic/steps/100.json.gz,13.0
six_parent_nominal_development,SEM_P02,nominal,G,core_P02_nom_G_b120_lexicographic,101,observe,3.749999999999991,0.7500000000000009,3.749999999999991,0.7500000000000009,-0.866025403784438,0.5000000000000011,0,audit_results/semantic_development_acquisition_20260923/episodes/core_P02_nom_G_b120_lexicographic/steps/101.json.gz,13.0
six_parent_nominal_development,SEM_P02,nominal,G,core_P02_nom_G_b120_lexicographic,102,left,3.749999999999991,0.7500000000000009,3.749999999999991,0.7500000000000009,-1.0,1.8988215193149856e-15,0,audit_results/semantic_development_acquisition_20260923/episodes/core_P02_nom_G_b120_lexicographic/steps/102.json.gz,13.0
six_parent_nominal_development,SEM_P02,nominal,G,core_P02_nom_G_b120_lexicographic,103,forward,3.499999999999991,0.7500000000000013,3.499999999999991,0.7500000000000013,-1.0,1.8988215193149856e-15,0,audit_results/semantic_development_acquisition_20260923/episodes/core_P02_nom_G_b120_lexicographic/steps/103.json.gz,13.25
six_parent_nominal_development,SEM_P02,nominal,G,core_P02_nom_G_b120_lexicographic,104,forward,3.249999999999991,0.7500000000000018,3.249999999999991,0.7500000000000018,-1.0,1.8988215193149856e-15,0,audit_results/semantic_development_acquisition_20260923/episodes/core_P02_nom_G_b120_lexicographic/steps/104.json.gz,13.5
six_parent_nominal_development,SEM_P02,nominal,G,core_P02_nom_G_b120_lexicographic,105,forward,2.999999999999991,0.7500000000000022,2.999999999999991,0.7500000000000022,-1.0,1.8988215193149856e-15,0,audit_results/semantic_development_acquisition_20260923/episodes/core_P02_nom_G_b120_lexicographic/steps/105.json.gz,13.75
six_parent_nominal_development,SEM_P02,nominal,G,core_P02_nom_G_b120_lexicographic,106,forward,2.749999999999991,0.7500000000000027,2.749999999999991,0.7500000000000027,-1.0,1.8988215193149856e-15,0,audit_results/semantic_development_acquisition_20260923/episodes/core_P02_nom_G_b120_lexicographic/steps/106.json.gz,14.0
six_parent_nominal_development,SEM_P02,nominal,G,core_P02_nom_G_b120_lexicographic,107,forward,2.499999999999991,0.7500000000000031,2.499999999999991,0.7500000000000031,-1.0,1.8988215193149856e-15,0,audit_results/semantic_development_acquisition_20260923/episodes/core_P02_nom_G_b120_lexicographic/steps/107.json.gz,14.25
six_parent_nominal_development,SEM_P02,nominal,G,core_P02_nom_G_b120_lexicographic,108,forward,2.249999999999991,0.7500000000000036,2.249999999999991,0.7500000000000036,-1.0,1.8988215193149856e-15,0,audit_results/semantic_development_acquisition_20260923/episodes/core_P02_nom_G_b120_lexicographic/steps/108.json.gz,14.5
six_parent_nominal_development,SEM_P02,nominal,G,core_P02_nom_G_b120_lexicographic,109,forward,1.9999999999999911,0.750000000000004,1.9999999999999911,0.750000000000004,-1.0,1.8988215193149856e-15,0,audit_results/semantic_development_acquisition_20260923/episodes/core_P02_nom_G_b120_lexicographic/steps/109.json.gz,14.75
six_parent_nominal_development,SEM_P02,nominal,G,core_P02_nom_G_b120_lexicographic,110,forward,1.7499999999999911,0.7500000000000044,1.7499999999999911,0.7500000000000044,-1.0,1.8988215193149856e-15,0,audit_results/semantic_development_acquisition_20260923/episodes/core_P02_nom_G_b120_lexicographic/steps/110.json.gz,15.0
six_parent_nominal_development,SEM_P02,nominal,G,core_P02_nom_G_b120_lexicographic,111,forward,1.4999999999999911,0.7500000000000049,1.4999999999999911,0.7500000000000049,-1.0,1.8988215193149856e-15,0,audit_results/semantic_development_acquisition_20260923/episodes/core_P02_nom_G_b120_lexicographic/steps/111.json.gz,15.25
six_parent_nominal_development,SEM_P02,nominal,G,core_P02_nom_G_b120_lexicographic,112,forward,1.2499999999999911,0.7500000000000053,1.2499999999999911,0.7500000000000053,-1.0,1.8988215193149856e-15,0,audit_results/semantic_development_acquisition_20260923/episodes/core_P02_nom_G_b120_lexicographic/steps/112.json.gz,15.5
six_parent_nominal_development,SEM_P02,nominal,G,core_P02_nom_G_b120_lexicographic,113,forward,0.9999999999999911,0.7500000000000058,0.9999999999999911,0.7500000000000058,-1.0,1.8988215193149856e-15,0,audit_results/semantic_development_acquisition_20260923/episodes/core_P02_nom_G_b120_lexicographic/steps/113.json.gz,15.75
six_parent_nominal_development,SEM_P02,nominal,G,core_P02_nom_G_b120_lexicographic,114,forward,0.7499999999999911,0.7500000000000062,0.7499999999999911,0.7500000000000062,-1.0,1.8988215193149856e-15,0,audit_results/semantic_development_acquisition_20260923/episodes/core_P02_nom_G_b120_lexicographic/steps/114.json.gz,16.0
six_parent_nominal_development,SEM_P02,nominal,G,core_P02_nom_G_b120_lexicographic,115,right,0.7499999999999911,0.7500000000000062,0.7499999999999911,0.7500000000000062,-0.866025403784438,0.5000000000000011,0,audit_results/semantic_development_acquisition_20260923/episodes/core_P02_nom_G_b120_lexicographic/steps/115.json.gz,16.0
six_parent_nominal_development,SEM_P02,nominal,G,core_P02_nom_G_b120_lexicographic,116,right,0.7499999999999911,0.7500000000000062,0.7499999999999911,0.7500000000000062,-0.4999999999999994,0.8660254037844389,0,audit_results/semantic_development_acquisition_20260923/episodes/core_P02_nom_G_b120_lexicographic/steps/116.json.gz,16.0
six_parent_nominal_development,SEM_P02,nominal,G,core_P02_nom_G_b120_lexicographic,117,right,0.7499999999999911,0.7500000000000062,0.7499999999999911,0.7500000000000062,6.123233995736766e-17,1.0,0,audit_results/semantic_development_acquisition_20260923/episodes/core_P02_nom_G_b120_lexicographic/steps/117.json.gz,16.0
six_parent_nominal_development,SEM_P02,nominal,G,core_P02_nom_G_b120_lexicographic,118,right,0.7499999999999911,0.7500000000000062,0.7499999999999911,0.7500000000000062,0.4999999999999995,0.8660254037844389,0,audit_results/semantic_development_acquisition_20260923/episodes/core_P02_nom_G_b120_lexicographic/steps/118.json.gz,16.0
six_parent_nominal_development,SEM_P02,nominal,G,core_P02_nom_G_b120_lexicographic,119,right,0.7499999999999911,0.7500000000000062,0.7499999999999911,0.7500000000000062,0.8660254037844383,0.5000000000000007,0,audit_results/semantic_development_acquisition_20260923/episodes/core_P02_nom_G_b120_lexicographic/steps/119.json.gz,16.0
six_parent_nominal_development,SEM_P02,nominal,G,core_P02_nom_G_b120_lexicographic,120,right,0.7499999999999911,0.7500000000000062,0.7499999999999911,0.7500000000000062,1.0,8.881784197001252e-16,,audit_results/semantic_development_acquisition_20260923/episodes/core_P02_nom_G_b120_lexicographic/steps/120.json.gz,16.0
six_parent_nominal_development,SEM_P02,nominal,S,core_P02_nom_S_b120_lexicographic,0,initial,0.75,0.75,0.75,0.75,1.0,0.0,118,audit_results/semantic_development_acquisition_20260923/episodes/core_P02_nom_S_b120_lexicographic/steps/000.json.gz,0.0
six_parent_nominal_development,SEM_P02,nominal,S,core_P02_nom_S_b120_lexicographic,1,left,0.75,0.75,0.75,0.75,0.8660254037844387,0.49999999999999983,116,audit_results/semantic_development_acquisition_20260923/episodes/core_P02_nom_S_b120_lexicographic/steps/001.json.gz,0.0
six_parent_nominal_development,SEM_P02,nominal,S,core_P02_nom_S_b120_lexicographic,2,left,0.75,0.75,0.75,0.75,0.5000000000000003,0.8660254037844385,114,audit_results/semantic_development_acquisition_20260923/episodes/core_P02_nom_S_b120_lexicographic/steps/002.json.gz,0.0
six_parent_nominal_development,SEM_P02,nominal,S,core_P02_nom_S_b120_lexicographic,3,left,0.75,0.75,0.75,0.75,6.123233995736766e-17,1.0,106,audit_results/semantic_development_acquisition_20260923/episodes/core_P02_nom_S_b120_lexicographic/steps/003.json.gz,0.0
six_parent_nominal_development,SEM_P02,nominal,S,core_P02_nom_S_b120_lexicographic,4,forward,0.75,1.0,0.75,1.0,6.123233995736766e-17,1.0,104,audit_results/semantic_development_acquisition_20260923/episodes/core_P02_nom_S_b120_lexicographic/steps/004.json.gz,0.25
six_parent_nominal_development,SEM_P02,nominal,S,core_P02_nom_S_b120_lexicographic,5,forward,0.75,1.25,0.75,1.25,6.123233995736766e-17,1.0,102,audit_results/semantic_development_acquisition_20260923/episodes/core_P02_nom_S_b120_lexicographic/steps/005.json.gz,0.5
six_parent_nominal_development,SEM_P02,nominal,S,core_P02_nom_S_b120_lexicographic,6,forward,0.75,1.5,0.75,1.5,6.123233995736766e-17,1.0,100,audit_results/semantic_development_acquisition_20260923/episodes/core_P02_nom_S_b120_lexicographic/steps/006.json.gz,0.75
six_parent_nominal_development,SEM_P02,nominal,S,core_P02_nom_S_b120_lexicographic,7,forward,0.75,1.75,0.75,1.75,6.123233995736766e-17,1.0,100,audit_results/semantic_development_acquisition_20260923/episodes/core_P02_nom_S_b120_lexicographic/steps/007.json.gz,1.0
six_parent_nominal_development,SEM_P02,nominal,S,core_P02_nom_S_b120_lexicographic,8,right,0.75,1.75,0.75,1.75,0.4999999999999995,0.8660254037844389,100,audit_results/semantic_development_acquisition_20260923/episodes/core_P02_nom_S_b120_lexicographic/steps/008.json.gz,1.0
six_parent_nominal_development,SEM_P02,nominal,S,core_P02_nom_S_b120_lexicographic,9,right,0.75,1.75,0.75,1.75,0.8660254037844383,0.5000000000000007,99,audit_results/semantic_development_acquisition_20260923/episodes/core_P02_nom_S_b120_lexicographic/steps/009.json.gz,1.0
six_parent_nominal_development,SEM_P02,nominal,S,core_P02_nom_S_b120_lexicographic,10,observe,0.75,1.75,0.75,1.75,0.8660254037844383,0.5000000000000007,97,audit_results/semantic_development_acquisition_20260923/episodes/core_P02_nom_S_b120_lexicographic/steps/010.json.gz,1.0
six_parent_nominal_development,SEM_P02,nominal,S,core_P02_nom_S_b120_lexicographic,11,left,0.75,1.75,0.75,1.75,0.4999999999999995,0.8660254037844389,95,audit_results/semantic_development_acquisition_20260923/episodes/core_P02_nom_S_b120_lexicographic/steps/011.json.gz,1.0
six_parent_nominal_development,SEM_P02,nominal,S,core_P02_nom_S_b120_lexicographic,12,left,0.75,1.75,0.75,1.75,6.123233995736766e-17,1.0,93,audit_results/semantic_development_acquisition_20260923/episodes/core_P02_nom_S_b120_lexicographic/steps/012.json.gz,1.0
six_parent_nominal_development,SEM_P02,nominal,S,core_P02_nom_S_b120_lexicographic,13,forward,0.75,2.0,0.75,2.0,6.123233995736766e-17,1.0,91,audit_results/semantic_development_acquisition_20260923/episodes/core_P02_nom_S_b120_lexicographic/steps/013.json.gz,1.25
six_parent_nominal_development,SEM_P02,nominal,S,core_P02_nom_S_b120_lexicographic,14,forward,0.75,2.25,0.75,2.25,6.123233995736766e-17,1.0,89,audit_results/semantic_development_acquisition_20260923/episodes/core_P02_nom_S_b120_lexicographic/steps/014.json.gz,1.5
six_parent_nominal_development,SEM_P02,nominal,S,core_P02_nom_S_b120_lexicographic,15,forward,0.75,2.5,0.75,2.5,6.123233995736766e-17,1.0,87,audit_results/semantic_development_acquisition_20260923/episodes/core_P02_nom_S_b120_lexicographic/steps/015.json.gz,1.75
six_parent_nominal_development,SEM_P02,nominal,S,core_P02_nom_S_b120_lexicographic,16,forward,0.75,2.75,0.75,2.75,6.123233995736766e-17,1.0,87,audit_results/semantic_development_acquisition_20260923/episodes/core_P02_nom_S_b120_lexicographic/steps/016.json.gz,2.0
six_parent_nominal_development,SEM_P02,nominal,S,core_P02_nom_S_b120_lexicographic,17,right,0.75,2.75,0.75,2.75,0.4999999999999995,0.8660254037844389,87,audit_results/semantic_development_acquisition_20260923/episodes/core_P02_nom_S_b120_lexicographic/steps/017.json.gz,2.0
six_parent_nominal_development,SEM_P02,nominal,S,core_P02_nom_S_b120_lexicographic,18,right,0.75,2.75,0.75,2.75,0.8660254037844383,0.5000000000000007,86,audit_results/semantic_development_acquisition_20260923/episodes/core_P02_nom_S_b120_lexicographic/steps/018.json.gz,2.0
six_parent_nominal_development,SEM_P02,nominal,S,core_P02_nom_S_b120_lexicographic,19,observe,0.75,2.75,0.75,2.75,0.8660254037844383,0.5000000000000007,84,audit_results/semantic_development_acquisition_20260923/episodes/core_P02_nom_S_b120_lexicographic/steps/019.json.gz,2.0
six_parent_nominal_development,SEM_P02,nominal,S,core_P02_nom_S_b120_lexicographic,20,left,0.75,2.75,0.75,2.75,0.4999999999999995,0.8660254037844389,82,audit_results/semantic_development_acquisition_20260923/episodes/core_P02_nom_S_b120_lexicographic/steps/020.json.gz,2.0
six_parent_nominal_development,SEM_P02,nominal,S,core_P02_nom_S_b120_lexicographic,21,left,0.75,2.75,0.75,2.75,6.123233995736766e-17,1.0,80,audit_results/semantic_development_acquisition_20260923/episodes/core_P02_nom_S_b120_lexicographic/steps/021.json.gz,2.0
six_parent_nominal_development,SEM_P02,nominal,S,core_P02_nom_S_b120_lexicographic,22,forward,0.75,3.0,0.75,3.0,6.123233995736766e-17,1.0,78,audit_results/semantic_development_acquisition_20260923/episodes/core_P02_nom_S_b120_lexicographic/steps/022.json.gz,2.25
six_parent_nominal_development,SEM_P02,nominal,S,core_P02_nom_S_b120_lexicographic,23,forward,0.75,3.25,0.75,3.25,6.123233995736766e-17,1.0,76,audit_results/semantic_development_acquisition_20260923/episodes/core_P02_nom_S_b120_lexicographic/steps/023.json.gz,2.5
six_parent_nominal_development,SEM_P02,nominal,S,core_P02_nom_S_b120_lexicographic,24,forward,0.75,3.5,0.75,3.5,6.123233995736766e-17,1.0,74,audit_results/semantic_development_acquisition_20260923/episodes/core_P02_nom_S_b120_lexicographic/steps/024.json.gz,2.75
six_parent_nominal_development,SEM_P02,nominal,S,core_P02_nom_S_b120_lexicographic,25,forward,0.75,3.75,0.75,3.75,6.123233995736766e-17,1.0,74,audit_results/semantic_development_acquisition_20260923/episodes/core_P02_nom_S_b120_lexicographic/steps/025.json.gz,3.0
six_parent_nominal_development,SEM_P02,nominal,S,core_P02_nom_S_b120_lexicographic,26,right,0.75,3.75,0.75,3.75,0.4999999999999995,0.8660254037844389,74,audit_results/semantic_development_acquisition_20260923/episodes/core_P02_nom_S_b120_lexicographic/steps/026.json.gz,3.0
six_parent_nominal_development,SEM_P02,nominal,S,core_P02_nom_S_b120_lexicographic,27,right,0.75,3.75,0.75,3.75,0.8660254037844383,0.5000000000000007,74,audit_results/semantic_development_acquisition_20260923/episodes/core_P02_nom_S_b120_lexicographic/steps/027.json.gz,3.0
six_parent_nominal_development,SEM_P02,nominal,S,core_P02_nom_S_b120_lexicographic,28,right,0.75,3.75,0.75,3.75,1.0,8.881784197001252e-16,66,audit_results/semantic_development_acquisition_20260923/episodes/core_P02_nom_S_b120_lexicographic/steps/028.json.gz,3.0
six_parent_nominal_development,SEM_P02,nominal,S,core_P02_nom_S_b120_lexicographic,29,forward,1.0,3.75,1.0,3.75,1.0,8.881784197001252e-16,64,audit_results/semantic_development_acquisition_20260923/episodes/core_P02_nom_S_b120_lexicographic/steps/029.json.gz,3.25
six_parent_nominal_development,SEM_P02,nominal,S,core_P02_nom_S_b120_lexicographic,30,forward,1.25,3.75,1.25,3.75,1.0,8.881784197001252e-16,62,audit_results/semantic_development_acquisition_20260923/episodes/core_P02_nom_S_b120_lexicographic/steps/030.json.gz,3.5
six_parent_nominal_development,SEM_P02,nominal,S,core_P02_nom_S_b120_lexicographic,31,forward,1.5,3.75,1.5,3.75,1.0,8.881784197001252e-16,60,audit_results/semantic_development_acquisition_20260923/episodes/core_P02_nom_S_b120_lexicographic/steps/031.json.gz,3.75
six_parent_nominal_development,SEM_P02,nominal,S,core_P02_nom_S_b120_lexicographic,32,forward,1.75,3.75,1.75,3.75,1.0,8.881784197001252e-16,58,audit_results/semantic_development_acquisition_20260923/episodes/core_P02_nom_S_b120_lexicographic/steps/032.json.gz,4.0
six_parent_nominal_development,SEM_P02,nominal,S,core_P02_nom_S_b120_lexicographic,33,forward,2.0,3.75,2.0,3.75,1.0,8.881784197001252e-16,56,audit_results/semantic_development_acquisition_20260923/episodes/core_P02_nom_S_b120_lexicographic/steps/033.json.gz,4.25
six_parent_nominal_development,SEM_P02,nominal,S,core_P02_nom_S_b120_lexicographic,34,forward,2.25,3.75,2.25,3.75,1.0,8.881784197001252e-16,54,audit_results/semantic_development_acquisition_20260923/episodes/core_P02_nom_S_b120_lexicographic/steps/034.json.gz,4.5
six_parent_nominal_development,SEM_P02,nominal,S,core_P02_nom_S_b120_lexicographic,35,forward,2.5,3.75,2.5,3.75,1.0,8.881784197001252e-16,52,audit_results/semantic_development_acquisition_20260923/episodes/core_P02_nom_S_b120_lexicographic/steps/035.json.gz,4.75
six_parent_nominal_development,SEM_P02,nominal,S,core_P02_nom_S_b120_lexicographic,36,forward,2.75,3.75,2.75,3.75,1.0,8.881784197001252e-16,51,audit_results/semantic_development_acquisition_20260923/episodes/core_P02_nom_S_b120_lexicographic/steps/036.json.gz,5.0
six_parent_nominal_development,SEM_P02,nominal,S,core_P02_nom_S_b120_lexicographic,37,observe,2.75,3.75,2.75,3.75,1.0,8.881784197001252e-16,51,audit_results/semantic_development_acquisition_20260923/episodes/core_P02_nom_S_b120_lexicographic/steps/037.json.gz,5.0
six_parent_nominal_development,SEM_P02,nominal,S,core_P02_nom_S_b120_lexicographic,38,left,2.75,3.75,2.75,3.75,0.8660254037844383,0.5000000000000007,51,audit_results/semantic_development_acquisition_20260923/episodes/core_P02_nom_S_b120_lexicographic/steps/038.json.gz,5.0
six_parent_nominal_development,SEM_P02,nominal,S,core_P02_nom_S_b120_lexicographic,39,left,2.75,3.75,2.75,3.75,0.4999999999999995,0.8660254037844389,51,audit_results/semantic_development_acquisition_20260923/episodes/core_P02_nom_S_b120_lexicographic/steps/039.json.gz,5.0
six_parent_nominal_development,SEM_P02,nominal,S,core_P02_nom_S_b120_lexicographic,40,left,2.75,3.75,2.75,3.75,6.123233995736766e-17,1.0,43,audit_results/semantic_development_acquisition_20260923/episodes/core_P02_nom_S_b120_lexicographic/steps/040.json.gz,5.0
six_parent_nominal_development,SEM_P02,nominal,S,core_P02_nom_S_b120_lexicographic,41,forward,2.75,4.0,2.75,4.0,6.123233995736766e-17,1.0,43,audit_results/semantic_development_acquisition_20260923/episodes/core_P02_nom_S_b120_lexicographic/steps/041.json.gz,5.25
six_parent_nominal_development,SEM_P02,nominal,S,core_P02_nom_S_b120_lexicographic,42,forward,2.75,4.25,2.75,4.25,6.123233995736766e-17,1.0,43,audit_results/semantic_development_acquisition_20260923/episodes/core_P02_nom_S_b120_lexicographic/steps/042.json.gz,5.5
six_parent_nominal_development,SEM_P02,nominal,S,core_P02_nom_S_b120_lexicographic,43,forward,2.75,4.5,2.75,4.5,6.123233995736766e-17,1.0,43,audit_results/semantic_development_acquisition_20260923/episodes/core_P02_nom_S_b120_lexicographic/steps/043.json.gz,5.75
six_parent_nominal_development,SEM_P02,nominal,S,core_P02_nom_S_b120_lexicographic,44,forward,2.75,4.75,2.75,4.75,6.123233995736766e-17,1.0,42,audit_results/semantic_development_acquisition_20260923/episodes/core_P02_nom_S_b120_lexicographic/steps/044.json.gz,6.0
six_parent_nominal_development,SEM_P02,nominal,S,core_P02_nom_S_b120_lexicographic,45,observe,2.75,4.75,2.75,4.75,6.123233995736766e-17,1.0,34,audit_results/semantic_development_acquisition_20260923/episodes/core_P02_nom_S_b120_lexicographic/steps/045.json.gz,6.0
six_parent_nominal_development,SEM_P02,nominal,S,core_P02_nom_S_b120_lexicographic,46,forward,2.75,5.0,2.75,5.0,6.123233995736766e-17,1.0,32,audit_results/semantic_development_acquisition_20260923/episodes/core_P02_nom_S_b120_lexicographic/steps/046.json.gz,6.25
six_parent_nominal_development,SEM_P02,nominal,S,core_P02_nom_S_b120_lexicographic,47,forward,2.75,5.25,2.75,5.25,6.123233995736766e-17,1.0,30,audit_results/semantic_development_acquisition_20260923/episodes/core_P02_nom_S_b120_lexicographic/steps/047.json.gz,6.5
six_parent_nominal_development,SEM_P02,nominal,S,core_P02_nom_S_b120_lexicographic,48,forward,2.75,5.5,2.75,5.5,6.123233995736766e-17,1.0,28,audit_results/semantic_development_acquisition_20260923/episodes/core_P02_nom_S_b120_lexicographic/steps/048.json.gz,6.75
six_parent_nominal_development,SEM_P02,nominal,S,core_P02_nom_S_b120_lexicographic,49,forward,2.75,5.75,2.75,5.75,6.123233995736766e-17,1.0,28,audit_results/semantic_development_acquisition_20260923/episodes/core_P02_nom_S_b120_lexicographic/steps/049.json.gz,7.0
six_parent_nominal_development,SEM_P02,nominal,S,core_P02_nom_S_b120_lexicographic,50,left,2.75,5.75,2.75,5.75,-0.4999999999999994,0.8660254037844389,27,audit_results/semantic_development_acquisition_20260923/episodes/core_P02_nom_S_b120_lexicographic/steps/050.json.gz,7.0
six_parent_nominal_development,SEM_P02,nominal,S,core_P02_nom_S_b120_lexicographic,51,observe,2.75,5.75,2.75,5.75,-0.4999999999999994,0.8660254037844389,27,audit_results/semantic_development_acquisition_20260923/episodes/core_P02_nom_S_b120_lexicographic/steps/051.json.gz,7.0
six_parent_nominal_development,SEM_P02,nominal,S,core_P02_nom_S_b120_lexicographic,52,left,2.75,5.75,2.75,5.75,-0.866025403784438,0.5000000000000011,27,audit_results/semantic_development_acquisition_20260923/episodes/core_P02_nom_S_b120_lexicographic/steps/052.json.gz,7.0
six_parent_nominal_development,SEM_P02,nominal,S,core_P02_nom_S_b120_lexicographic,53,left,2.75,5.75,2.75,5.75,-1.0,1.8988215193149856e-15,27,audit_results/semantic_development_acquisition_20260923/episodes/core_P02_nom_S_b120_lexicographic/steps/053.json.gz,7.0
six_parent_nominal_development,SEM_P02,nominal,S,core_P02_nom_S_b120_lexicographic,54,left,2.75,5.75,2.75,5.75,-0.8660254037844398,-0.49999999999999806,27,audit_results/semantic_development_acquisition_20260923/episodes/core_P02_nom_S_b120_lexicographic/steps/054.json.gz,7.0
six_parent_nominal_development,SEM_P02,nominal,S,core_P02_nom_S_b120_lexicographic,55,left,2.75,5.75,2.75,5.75,-0.5000000000000021,-0.8660254037844374,27,audit_results/semantic_development_acquisition_20260923/episodes/core_P02_nom_S_b120_lexicographic/steps/055.json.gz,7.0
six_parent_nominal_development,SEM_P02,nominal,S,core_P02_nom_S_b120_lexicographic,56,left,2.75,5.75,2.75,5.75,-2.603302919143008e-15,-1.0,27,audit_results/semantic_development_acquisition_20260923/episodes/core_P02_nom_S_b120_lexicographic/steps/056.json.gz,7.0
six_parent_nominal_development,SEM_P02,nominal,S,core_P02_nom_S_b120_lexicographic,57,forward,2.7499999999999996,5.5,2.7499999999999996,5.5,-2.603302919143008e-15,-1.0,27,audit_results/semantic_development_acquisition_20260923/episodes/core_P02_nom_S_b120_lexicographic/steps/057.json.gz,7.25
six_parent_nominal_development,SEM_P02,nominal,S,core_P02_nom_S_b120_lexicographic,58,forward,2.749999999999999,5.25,2.749999999999999,5.25,-2.603302919143008e-15,-1.0,27,audit_results/semantic_development_acquisition_20260923/episodes/core_P02_nom_S_b120_lexicographic/steps/058.json.gz,7.5
six_parent_nominal_development,SEM_P02,nominal,S,core_P02_nom_S_b120_lexicographic,59,forward,2.7499999999999987,5.0,2.7499999999999987,5.0,-2.603302919143008e-15,-1.0,27,audit_results/semantic_development_acquisition_20260923/episodes/core_P02_nom_S_b120_lexicographic/steps/059.json.gz,7.75
six_parent_nominal_development,SEM_P02,nominal,S,core_P02_nom_S_b120_lexicographic,60,forward,2.7499999999999982,4.75,2.7499999999999982,4.75,-2.603302919143008e-15,-1.0,27,audit_results/semantic_development_acquisition_20260923/episodes/core_P02_nom_S_b120_lexicographic/steps/060.json.gz,8.0
six_parent_nominal_development,SEM_P02,nominal,S,core_P02_nom_S_b120_lexicographic,61,forward,2.749999999999998,4.5,2.749999999999998,4.5,-2.603302919143008e-15,-1.0,27,audit_results/semantic_development_acquisition_20260923/episodes/core_P02_nom_S_b120_lexicographic/steps/061.json.gz,8.25
six_parent_nominal_development,SEM_P02,nominal,S,core_P02_nom_S_b120_lexicographic,62,forward,2.7499999999999973,4.25,2.7499999999999973,4.25,-2.603302919143008e-15,-1.0,27,audit_results/semantic_development_acquisition_20260923/episodes/core_P02_nom_S_b120_lexicographic/steps/062.json.gz,8.5
six_parent_nominal_development,SEM_P02,nominal,S,core_P02_nom_S_b120_lexicographic,63,forward,2.749999999999997,4.0,2.749999999999997,4.0,-2.603302919143008e-15,-1.0,27,audit_results/semantic_development_acquisition_20260923/episodes/core_P02_nom_S_b120_lexicographic/steps/063.json.gz,8.75
six_parent_nominal_development,SEM_P02,nominal,S,core_P02_nom_S_b120_lexicographic,64,forward,2.7499999999999964,3.75,2.7499999999999964,3.75,-2.603302919143008e-15,-1.0,27,audit_results/semantic_development_acquisition_20260923/episodes/core_P02_nom_S_b120_lexicographic/steps/064.json.gz,9.0
six_parent_nominal_development,SEM_P02,nominal,S,core_P02_nom_S_b120_lexicographic,65,forward,2.749999999999996,3.5,2.749999999999996,3.5,-2.603302919143008e-15,-1.0,27,audit_results/semantic_development_acquisition_20260923/episodes/core_P02_nom_S_b120_lexicographic/steps/065.json.gz,9.25
six_parent_nominal_development,SEM_P02,nominal,S,core_P02_nom_S_b120_lexicographic,66,forward,2.7499999999999956,3.25,2.7499999999999956,3.25,-2.603302919143008e-15,-1.0,27,audit_results/semantic_development_acquisition_20260923/episodes/core_P02_nom_S_b120_lexicographic/steps/066.json.gz,9.5
six_parent_nominal_development,SEM_P02,nominal,S,core_P02_nom_S_b120_lexicographic,67,forward,2.749999999999995,3.0,2.749999999999995,3.0,-2.603302919143008e-15,-1.0,27,audit_results/semantic_development_acquisition_20260923/episodes/core_P02_nom_S_b120_lexicographic/steps/067.json.gz,9.75
six_parent_nominal_development,SEM_P02,nominal,S,core_P02_nom_S_b120_lexicographic,68,forward,2.7499999999999947,2.75,2.7499999999999947,2.75,-2.603302919143008e-15,-1.0,26,audit_results/semantic_development_acquisition_20260923/episodes/core_P02_nom_S_b120_lexicographic/steps/068.json.gz,10.0
six_parent_nominal_development,SEM_P02,nominal,S,core_P02_nom_S_b120_lexicographic,69,observe,2.7499999999999947,2.75,2.7499999999999947,2.75,-2.603302919143008e-15,-1.0,26,audit_results/semantic_development_acquisition_20260923/episodes/core_P02_nom_S_b120_lexicographic/steps/069.json.gz,10.0
six_parent_nominal_development,SEM_P02,nominal,S,core_P02_nom_S_b120_lexicographic,70,forward,2.7499999999999942,2.5,2.7499999999999942,2.5,-2.603302919143008e-15,-1.0,24,audit_results/semantic_development_acquisition_20260923/episodes/core_P02_nom_S_b120_lexicographic/steps/070.json.gz,10.25
six_parent_nominal_development,SEM_P02,nominal,S,core_P02_nom_S_b120_lexicographic,71,right,2.7499999999999942,2.5,2.7499999999999942,2.5,-0.5000000000000021,-0.8660254037844374,23,audit_results/semantic_development_acquisition_20260923/episodes/core_P02_nom_S_b120_lexicographic/steps/071.json.gz,10.25
six_parent_nominal_development,SEM_P02,nominal,S,core_P02_nom_S_b120_lexicographic,72,observe,2.7499999999999942,2.5,2.7499999999999942,2.5,-0.5000000000000021,-0.8660254037844374,21,audit_results/semantic_development_acquisition_20260923/episodes/core_P02_nom_S_b120_lexicographic/steps/072.json.gz,10.25
six_parent_nominal_development,SEM_P02,nominal,S,core_P02_nom_S_b120_lexicographic,73,right,2.7499999999999942,2.5,2.7499999999999942,2.5,-0.8660254037844398,-0.49999999999999806,20,audit_results/semantic_development_acquisition_20260923/episodes/core_P02_nom_S_b120_lexicographic/steps/073.json.gz,10.25
six_parent_nominal_development,SEM_P02,nominal,S,core_P02_nom_S_b120_lexicographic,74,observe,2.7499999999999942,2.5,2.7499999999999942,2.5,-0.8660254037844398,-0.49999999999999806,20,audit_results/semantic_development_acquisition_20260923/episodes/core_P02_nom_S_b120_lexicographic/steps/074.json.gz,10.25
six_parent_nominal_development,SEM_P02,nominal,S,core_P02_nom_S_b120_lexicographic,75,left,2.7499999999999942,2.5,2.7499999999999942,2.5,-0.5000000000000021,-0.8660254037844374,20,audit_results/semantic_development_acquisition_20260923/episodes/core_P02_nom_S_b120_lexicographic/steps/075.json.gz,10.25
six_parent_nominal_development,SEM_P02,nominal,S,core_P02_nom_S_b120_lexicographic,76,left,2.7499999999999942,2.5,2.7499999999999942,2.5,-2.603302919143008e-15,-1.0,20,audit_results/semantic_development_acquisition_20260923/episodes/core_P02_nom_S_b120_lexicographic/steps/076.json.gz,10.25
six_parent_nominal_development,SEM_P02,nominal,S,core_P02_nom_S_b120_lexicographic,77,forward,2.749999999999994,2.25,2.749999999999994,2.25,-2.603302919143008e-15,-1.0,20,audit_results/semantic_development_acquisition_20260923/episodes/core_P02_nom_S_b120_lexicographic/steps/077.json.gz,10.5
six_parent_nominal_development,SEM_P02,nominal,S,core_P02_nom_S_b120_lexicographic,78,forward,2.7499999999999933,2.0,2.7499999999999933,2.0,-2.603302919143008e-15,-1.0,20,audit_results/semantic_development_acquisition_20260923/episodes/core_P02_nom_S_b120_lexicographic/steps/078.json.gz,10.75
six_parent_nominal_development,SEM_P02,nominal,S,core_P02_nom_S_b120_lexicographic,79,forward,2.749999999999993,1.75,2.749999999999993,1.75,-2.603302919143008e-15,-1.0,18,audit_results/semantic_development_acquisition_20260923/episodes/core_P02_nom_S_b120_lexicographic/steps/079.json.gz,11.0
six_parent_nominal_development,SEM_P02,nominal,S,core_P02_nom_S_b120_lexicographic,80,left,2.749999999999993,1.75,2.749999999999993,1.75,0.4999999999999976,-0.86602540378444,16,audit_results/semantic_development_acquisition_20260923/episodes/core_P02_nom_S_b120_lexicographic/steps/080.json.gz,11.0
six_parent_nominal_development,SEM_P02,nominal,S,core_P02_nom_S_b120_lexicographic,81,left,2.749999999999993,1.75,2.749999999999993,1.75,0.8660254037844372,-0.5000000000000026,14,audit_results/semantic_development_acquisition_20260923/episodes/core_P02_nom_S_b120_lexicographic/steps/081.json.gz,11.0
six_parent_nominal_development,SEM_P02,nominal,S,core_P02_nom_S_b120_lexicographic,82,left,2.749999999999993,1.75,2.749999999999993,1.75,1.0,-3.1086244689504383e-15,6,audit_results/semantic_development_acquisition_20260923/episodes/core_P02_nom_S_b120_lexicographic/steps/082.json.gz,11.0
six_parent_nominal_development,SEM_P02,nominal,S,core_P02_nom_S_b120_lexicographic,83,forward,2.999999999999993,1.7499999999999991,2.999999999999993,1.7499999999999991,1.0,-3.1086244689504383e-15,6,audit_results/semantic_development_acquisition_20260923/episodes/core_P02_nom_S_b120_lexicographic/steps/083.json.gz,11.25
six_parent_nominal_development,SEM_P02,nominal,S,core_P02_nom_S_b120_lexicographic,84,forward,3.249999999999993,1.7499999999999982,3.249999999999993,1.7499999999999982,1.0,-3.1086244689504383e-15,6,audit_results/semantic_development_acquisition_20260923/episodes/core_P02_nom_S_b120_lexicographic/steps/084.json.gz,11.5
six_parent_nominal_development,SEM_P02,nominal,S,core_P02_nom_S_b120_lexicographic,85,forward,3.499999999999993,1.7499999999999973,3.499999999999993,1.7499999999999973,1.0,-3.1086244689504383e-15,6,audit_results/semantic_development_acquisition_20260923/episodes/core_P02_nom_S_b120_lexicographic/steps/085.json.gz,11.75
six_parent_nominal_development,SEM_P02,nominal,S,core_P02_nom_S_b120_lexicographic,86,forward,3.749999999999993,1.7499999999999964,3.749999999999993,1.7499999999999964,1.0,-3.1086244689504383e-15,5,audit_results/semantic_development_acquisition_20260923/episodes/core_P02_nom_S_b120_lexicographic/steps/086.json.gz,12.0
six_parent_nominal_development,SEM_P02,nominal,S,core_P02_nom_S_b120_lexicographic,87,observe,3.749999999999993,1.7499999999999964,3.749999999999993,1.7499999999999964,1.0,-3.1086244689504383e-15,3,audit_results/semantic_development_acquisition_20260923/episodes/core_P02_nom_S_b120_lexicographic/steps/087.json.gz,12.0
six_parent_nominal_development,SEM_P02,nominal,S,core_P02_nom_S_b120_lexicographic,88,left,3.749999999999993,1.7499999999999964,3.749999999999993,1.7499999999999964,0.8660254037844403,0.49999999999999717,2,audit_results/semantic_development_acquisition_20260923/episodes/core_P02_nom_S_b120_lexicographic/steps/088.json.gz,12.0
six_parent_nominal_development,SEM_P02,nominal,S,core_P02_nom_S_b120_lexicographic,89,observe,3.749999999999993,1.7499999999999964,3.749999999999993,1.7499999999999964,0.8660254037844403,0.49999999999999717,2,audit_results/semantic_development_acquisition_20260923/episodes/core_P02_nom_S_b120_lexicographic/steps/089.json.gz,12.0
six_parent_nominal_development,SEM_P02,nominal,S,core_P02_nom_S_b120_lexicographic,90,right,3.749999999999993,1.7499999999999964,3.749999999999993,1.7499999999999964,1.0,-3.1086244689504383e-15,2,audit_results/semantic_development_acquisition_20260923/episodes/core_P02_nom_S_b120_lexicographic/steps/090.json.gz,12.0
six_parent_nominal_development,SEM_P02,nominal,S,core_P02_nom_S_b120_lexicographic,91,right,3.749999999999993,1.7499999999999964,3.749999999999993,1.7499999999999964,0.8660254037844372,-0.5000000000000026,2,audit_results/semantic_development_acquisition_20260923/episodes/core_P02_nom_S_b120_lexicographic/steps/091.json.gz,12.0
six_parent_nominal_development,SEM_P02,nominal,S,core_P02_nom_S_b120_lexicographic,92,right,3.749999999999993,1.7499999999999964,3.749999999999993,1.7499999999999964,0.4999999999999976,-0.86602540378444,2,audit_results/semantic_development_acquisition_20260923/episodes/core_P02_nom_S_b120_lexicographic/steps/092.json.gz,12.0
six_parent_nominal_development,SEM_P02,nominal,S,core_P02_nom_S_b120_lexicographic,93,right,3.749999999999993,1.7499999999999964,3.749999999999993,1.7499999999999964,-2.603302919143008e-15,-1.0,2,audit_results/semantic_development_acquisition_20260923/episodes/core_P02_nom_S_b120_lexicographic/steps/093.json.gz,12.0
six_parent_nominal_development,SEM_P02,nominal,S,core_P02_nom_S_b120_lexicographic,94,forward,3.7499999999999925,1.4999999999999964,3.7499999999999925,1.4999999999999964,-2.603302919143008e-15,-1.0,2,audit_results/semantic_development_acquisition_20260923/episodes/core_P02_nom_S_b120_lexicographic/steps/094.json.gz,12.25
six_parent_nominal_development,SEM_P02,nominal,S,core_P02_nom_S_b120_lexicographic,95,forward,3.749999999999992,1.2499999999999964,3.749999999999992,1.2499999999999964,-2.603302919143008e-15,-1.0,2,audit_results/semantic_development_acquisition_20260923/episodes/core_P02_nom_S_b120_lexicographic/steps/095.json.gz,12.5
six_parent_nominal_development,SEM_P02,nominal,S,core_P02_nom_S_b120_lexicographic,96,forward,3.7499999999999916,0.9999999999999964,3.7499999999999916,0.9999999999999964,-2.603302919143008e-15,-1.0,2,audit_results/semantic_development_acquisition_20260923/episodes/core_P02_nom_S_b120_lexicographic/steps/096.json.gz,12.75
six_parent_nominal_development,SEM_P02,nominal,S,core_P02_nom_S_b120_lexicographic,97,forward,3.749999999999991,0.7499999999999964,3.749999999999991,0.7499999999999964,-2.603302919143008e-15,-1.0,2,audit_results/semantic_development_acquisition_20260923/episodes/core_P02_nom_S_b120_lexicographic/steps/097.json.gz,13.0
six_parent_nominal_development,SEM_P02,nominal,S,core_P02_nom_S_b120_lexicographic,98,right,3.749999999999991,0.7499999999999964,3.749999999999991,0.7499999999999964,-0.5000000000000021,-0.8660254037844374,2,audit_results/semantic_development_acquisition_20260923/episodes/core_P02_nom_S_b120_lexicographic/steps/098.json.gz,13.0
six_parent_nominal_development,SEM_P02,nominal,S,core_P02_nom_S_b120_lexicographic,99,right,3.749999999999991,0.7499999999999964,3.749999999999991,0.7499999999999964,-0.8660254037844398,-0.49999999999999806,2,audit_results/semantic_development_acquisition_20260923/episodes/core_P02_nom_S_b120_lexicographic/steps/099.json.gz,13.0
six_parent_nominal_development,SEM_P02,nominal,S,core_P02_nom_S_b120_lexicographic,100,right,3.749999999999991,0.7499999999999964,3.749999999999991,0.7499999999999964,-1.0,1.8988215193149856e-15,1,audit_results/semantic_development_acquisition_20260923/episodes/core_P02_nom_S_b120_lexicographic/steps/100.json.gz,13.0
six_parent_nominal_development,SEM_P02,nominal,S,core_P02_nom_S_b120_lexicographic,101,observe,3.749999999999991,0.7499999999999964,3.749999999999991,0.7499999999999964,-1.0,1.8988215193149856e-15,1,audit_results/semantic_development_acquisition_20260923/episodes/core_P02_nom_S_b120_lexicographic/steps/101.json.gz,13.0
six_parent_nominal_development,SEM_P02,nominal,S,core_P02_nom_S_b120_lexicographic,102,forward,3.499999999999991,0.7499999999999969,3.499999999999991,0.7499999999999969,-1.0,1.8988215193149856e-15,1,audit_results/semantic_development_acquisition_20260923/episodes/core_P02_nom_S_b120_lexicographic/steps/102.json.gz,13.25
six_parent_nominal_development,SEM_P02,nominal,S,core_P02_nom_S_b120_lexicographic,103,forward,3.249999999999991,0.7499999999999973,3.249999999999991,0.7499999999999973,-1.0,1.8988215193149856e-15,1,audit_results/semantic_development_acquisition_20260923/episodes/core_P02_nom_S_b120_lexicographic/steps/103.json.gz,13.5
six_parent_nominal_development,SEM_P02,nominal,S,core_P02_nom_S_b120_lexicographic,104,forward,2.999999999999991,0.7499999999999978,2.999999999999991,0.7499999999999978,-1.0,1.8988215193149856e-15,1,audit_results/semantic_development_acquisition_20260923/episodes/core_P02_nom_S_b120_lexicographic/steps/104.json.gz,13.75
six_parent_nominal_development,SEM_P02,nominal,S,core_P02_nom_S_b120_lexicographic,105,forward,2.749999999999991,0.7499999999999982,2.749999999999991,0.7499999999999982,-1.0,1.8988215193149856e-15,0,audit_results/semantic_development_acquisition_20260923/episodes/core_P02_nom_S_b120_lexicographic/steps/105.json.gz,14.0
six_parent_nominal_development,SEM_P02,nominal,S,core_P02_nom_S_b120_lexicographic,106,observe,2.749999999999991,0.7499999999999982,2.749999999999991,0.7499999999999982,-1.0,1.8988215193149856e-15,0,audit_results/semantic_development_acquisition_20260923/episodes/core_P02_nom_S_b120_lexicographic/steps/106.json.gz,14.0
six_parent_nominal_development,SEM_P02,nominal,S,core_P02_nom_S_b120_lexicographic,107,forward,2.499999999999991,0.7499999999999987,2.499999999999991,0.7499999999999987,-1.0,1.8988215193149856e-15,0,audit_results/semantic_development_acquisition_20260923/episodes/core_P02_nom_S_b120_lexicographic/steps/107.json.gz,14.25
six_parent_nominal_development,SEM_P02,nominal,S,core_P02_nom_S_b120_lexicographic,108,forward,2.249999999999991,0.7499999999999991,2.249999999999991,0.7499999999999991,-1.0,1.8988215193149856e-15,0,audit_results/semantic_development_acquisition_20260923/episodes/core_P02_nom_S_b120_lexicographic/steps/108.json.gz,14.5
six_parent_nominal_development,SEM_P02,nominal,S,core_P02_nom_S_b120_lexicographic,109,forward,1.9999999999999911,0.7499999999999996,1.9999999999999911,0.7499999999999996,-1.0,1.8988215193149856e-15,0,audit_results/semantic_development_acquisition_20260923/episodes/core_P02_nom_S_b120_lexicographic/steps/109.json.gz,14.75
six_parent_nominal_development,SEM_P02,nominal,S,core_P02_nom_S_b120_lexicographic,110,forward,1.7499999999999911,0.75,1.7499999999999911,0.75,-1.0,1.8988215193149856e-15,0,audit_results/semantic_development_acquisition_20260923/episodes/core_P02_nom_S_b120_lexicographic/steps/110.json.gz,15.0
six_parent_nominal_development,SEM_P02,nominal,S,core_P02_nom_S_b120_lexicographic,111,forward,1.4999999999999911,0.7500000000000004,1.4999999999999911,0.7500000000000004,-1.0,1.8988215193149856e-15,0,audit_results/semantic_development_acquisition_20260923/episodes/core_P02_nom_S_b120_lexicographic/steps/111.json.gz,15.25
six_parent_nominal_development,SEM_P02,nominal,S,core_P02_nom_S_b120_lexicographic,112,forward,1.2499999999999911,0.7500000000000009,1.2499999999999911,0.7500000000000009,-1.0,1.8988215193149856e-15,0,audit_results/semantic_development_acquisition_20260923/episodes/core_P02_nom_S_b120_lexicographic/steps/112.json.gz,15.5
six_parent_nominal_development,SEM_P02,nominal,S,core_P02_nom_S_b120_lexicographic,113,forward,0.9999999999999911,0.7500000000000013,0.9999999999999911,0.7500000000000013,-1.0,1.8988215193149856e-15,0,audit_results/semantic_development_acquisition_20260923/episodes/core_P02_nom_S_b120_lexicographic/steps/113.json.gz,15.75
six_parent_nominal_development,SEM_P02,nominal,S,core_P02_nom_S_b120_lexicographic,114,forward,0.7499999999999911,0.7500000000000018,0.7499999999999911,0.7500000000000018,-1.0,1.8988215193149856e-15,0,audit_results/semantic_development_acquisition_20260923/episodes/core_P02_nom_S_b120_lexicographic/steps/114.json.gz,16.0
six_parent_nominal_development,SEM_P02,nominal,S,core_P02_nom_S_b120_lexicographic,115,right,0.7499999999999911,0.7500000000000018,0.7499999999999911,0.7500000000000018,-0.866025403784438,0.5000000000000011,0,audit_results/semantic_development_acquisition_20260923/episodes/core_P02_nom_S_b120_lexicographic/steps/115.json.gz,16.0
six_parent_nominal_development,SEM_P02,nominal,S,core_P02_nom_S_b120_lexicographic,116,right,0.7499999999999911,0.7500000000000018,0.7499999999999911,0.7500000000000018,-0.4999999999999994,0.8660254037844389,0,audit_results/semantic_development_acquisition_20260923/episodes/core_P02_nom_S_b120_lexicographic/steps/116.json.gz,16.0
six_parent_nominal_development,SEM_P02,nominal,S,core_P02_nom_S_b120_lexicographic,117,right,0.7499999999999911,0.7500000000000018,0.7499999999999911,0.7500000000000018,6.123233995736766e-17,1.0,0,audit_results/semantic_development_acquisition_20260923/episodes/core_P02_nom_S_b120_lexicographic/steps/117.json.gz,16.0
six_parent_nominal_development,SEM_P02,nominal,S,core_P02_nom_S_b120_lexicographic,118,right,0.7499999999999911,0.7500000000000018,0.7499999999999911,0.7500000000000018,0.4999999999999995,0.8660254037844389,0,audit_results/semantic_development_acquisition_20260923/episodes/core_P02_nom_S_b120_lexicographic/steps/118.json.gz,16.0
six_parent_nominal_development,SEM_P02,nominal,S,core_P02_nom_S_b120_lexicographic,119,right,0.7499999999999911,0.7500000000000018,0.7499999999999911,0.7500000000000018,0.8660254037844383,0.5000000000000007,0,audit_results/semantic_development_acquisition_20260923/episodes/core_P02_nom_S_b120_lexicographic/steps/119.json.gz,16.0
six_parent_nominal_development,SEM_P02,nominal,S,core_P02_nom_S_b120_lexicographic,120,right,0.7499999999999911,0.7500000000000018,0.7499999999999911,0.7500000000000018,1.0,8.881784197001252e-16,,audit_results/semantic_development_acquisition_20260923/episodes/core_P02_nom_S_b120_lexicographic/steps/120.json.gz,16.0
six_parent_nominal_development,SEM_P03,nominal,G,core_P03_nom_G_b120_lexicographic,0,initial,0.75,0.75,0.75,0.75,1.0,0.0,118,audit_results/semantic_development_acquisition_20260923/episodes/core_P03_nom_G_b120_lexicographic/steps/000.json.gz,0.0
six_parent_nominal_development,SEM_P03,nominal,G,core_P03_nom_G_b120_lexicographic,1,left,0.75,0.75,0.75,0.75,0.8660254037844387,0.49999999999999983,116,audit_results/semantic_development_acquisition_20260923/episodes/core_P03_nom_G_b120_lexicographic/steps/001.json.gz,0.0
six_parent_nominal_development,SEM_P03,nominal,G,core_P03_nom_G_b120_lexicographic,2,left,0.75,0.75,0.75,0.75,0.5000000000000003,0.8660254037844385,114,audit_results/semantic_development_acquisition_20260923/episodes/core_P03_nom_G_b120_lexicographic/steps/002.json.gz,0.0
six_parent_nominal_development,SEM_P03,nominal,G,core_P03_nom_G_b120_lexicographic,3,left,0.75,0.75,0.75,0.75,6.123233995736766e-17,1.0,106,audit_results/semantic_development_acquisition_20260923/episodes/core_P03_nom_G_b120_lexicographic/steps/003.json.gz,0.0
six_parent_nominal_development,SEM_P03,nominal,G,core_P03_nom_G_b120_lexicographic,4,forward,0.75,1.0,0.75,1.0,6.123233995736766e-17,1.0,104,audit_results/semantic_development_acquisition_20260923/episodes/core_P03_nom_G_b120_lexicographic/steps/004.json.gz,0.25
six_parent_nominal_development,SEM_P03,nominal,G,core_P03_nom_G_b120_lexicographic,5,forward,0.75,1.25,0.75,1.25,6.123233995736766e-17,1.0,102,audit_results/semantic_development_acquisition_20260923/episodes/core_P03_nom_G_b120_lexicographic/steps/005.json.gz,0.5
six_parent_nominal_development,SEM_P03,nominal,G,core_P03_nom_G_b120_lexicographic,6,forward,0.75,1.5,0.75,1.5,6.123233995736766e-17,1.0,100,audit_results/semantic_development_acquisition_20260923/episodes/core_P03_nom_G_b120_lexicographic/steps/006.json.gz,0.75
six_parent_nominal_development,SEM_P03,nominal,G,core_P03_nom_G_b120_lexicographic,7,forward,0.75,1.75,0.75,1.75,6.123233995736766e-17,1.0,98,audit_results/semantic_development_acquisition_20260923/episodes/core_P03_nom_G_b120_lexicographic/steps/007.json.gz,1.0
six_parent_nominal_development,SEM_P03,nominal,G,core_P03_nom_G_b120_lexicographic,8,forward,0.75,2.0,0.75,2.0,6.123233995736766e-17,1.0,96,audit_results/semantic_development_acquisition_20260923/episodes/core_P03_nom_G_b120_lexicographic/steps/008.json.gz,1.25
six_parent_nominal_development,SEM_P03,nominal,G,core_P03_nom_G_b120_lexicographic,9,forward,0.75,2.25,0.75,2.25,6.123233995736766e-17,1.0,94,audit_results/semantic_development_acquisition_20260923/episodes/core_P03_nom_G_b120_lexicographic/steps/009.json.gz,1.5
six_parent_nominal_development,SEM_P03,nominal,G,core_P03_nom_G_b120_lexicographic,10,forward,0.75,2.5,0.75,2.5,6.123233995736766e-17,1.0,92,audit_results/semantic_development_acquisition_20260923/episodes/core_P03_nom_G_b120_lexicographic/steps/010.json.gz,1.75
six_parent_nominal_development,SEM_P03,nominal,G,core_P03_nom_G_b120_lexicographic,11,forward,0.75,2.75,0.75,2.75,6.123233995736766e-17,1.0,92,audit_results/semantic_development_acquisition_20260923/episodes/core_P03_nom_G_b120_lexicographic/steps/011.json.gz,2.0
six_parent_nominal_development,SEM_P03,nominal,G,core_P03_nom_G_b120_lexicographic,12,right,0.75,2.75,0.75,2.75,0.4999999999999995,0.8660254037844389,92,audit_results/semantic_development_acquisition_20260923/episodes/core_P03_nom_G_b120_lexicographic/steps/012.json.gz,2.0
six_parent_nominal_development,SEM_P03,nominal,G,core_P03_nom_G_b120_lexicographic,13,right,0.75,2.75,0.75,2.75,0.8660254037844383,0.5000000000000007,91,audit_results/semantic_development_acquisition_20260923/episodes/core_P03_nom_G_b120_lexicographic/steps/013.json.gz,2.0
six_parent_nominal_development,SEM_P03,nominal,G,core_P03_nom_G_b120_lexicographic,14,observe,0.75,2.75,0.75,2.75,0.8660254037844383,0.5000000000000007,91,audit_results/semantic_development_acquisition_20260923/episodes/core_P03_nom_G_b120_lexicographic/steps/014.json.gz,2.0
six_parent_nominal_development,SEM_P03,nominal,G,core_P03_nom_G_b120_lexicographic,15,right,0.75,2.75,0.75,2.75,1.0,8.881784197001252e-16,83,audit_results/semantic_development_acquisition_20260923/episodes/core_P03_nom_G_b120_lexicographic/steps/015.json.gz,2.0
six_parent_nominal_development,SEM_P03,nominal,G,core_P03_nom_G_b120_lexicographic,16,forward,1.0,2.75,1.0,2.75,1.0,8.881784197001252e-16,81,audit_results/semantic_development_acquisition_20260923/episodes/core_P03_nom_G_b120_lexicographic/steps/016.json.gz,2.25
six_parent_nominal_development,SEM_P03,nominal,G,core_P03_nom_G_b120_lexicographic,17,forward,1.25,2.75,1.25,2.75,1.0,8.881784197001252e-16,79,audit_results/semantic_development_acquisition_20260923/episodes/core_P03_nom_G_b120_lexicographic/steps/017.json.gz,2.5
six_parent_nominal_development,SEM_P03,nominal,G,core_P03_nom_G_b120_lexicographic,18,forward,1.5,2.75,1.5,2.75,1.0,8.881784197001252e-16,77,audit_results/semantic_development_acquisition_20260923/episodes/core_P03_nom_G_b120_lexicographic/steps/018.json.gz,2.75
six_parent_nominal_development,SEM_P03,nominal,G,core_P03_nom_G_b120_lexicographic,19,forward,1.75,2.75,1.75,2.75,1.0,8.881784197001252e-16,76,audit_results/semantic_development_acquisition_20260923/episodes/core_P03_nom_G_b120_lexicographic/steps/019.json.gz,3.0
six_parent_nominal_development,SEM_P03,nominal,G,core_P03_nom_G_b120_lexicographic,20,observe,1.75,2.75,1.75,2.75,1.0,8.881784197001252e-16,74,audit_results/semantic_development_acquisition_20260923/episodes/core_P03_nom_G_b120_lexicographic/steps/020.json.gz,3.0
six_parent_nominal_development,SEM_P03,nominal,G,core_P03_nom_G_b120_lexicographic,21,forward,2.0,2.75,2.0,2.75,1.0,8.881784197001252e-16,72,audit_results/semantic_development_acquisition_20260923/episodes/core_P03_nom_G_b120_lexicographic/steps/021.json.gz,3.25
six_parent_nominal_development,SEM_P03,nominal,G,core_P03_nom_G_b120_lexicographic,22,forward,2.25,2.75,2.25,2.75,1.0,8.881784197001252e-16,70,audit_results/semantic_development_acquisition_20260923/episodes/core_P03_nom_G_b120_lexicographic/steps/022.json.gz,3.5
six_parent_nominal_development,SEM_P03,nominal,G,core_P03_nom_G_b120_lexicographic,23,forward,2.5,2.75,2.5,2.75,1.0,8.881784197001252e-16,68,audit_results/semantic_development_acquisition_20260923/episodes/core_P03_nom_G_b120_lexicographic/steps/023.json.gz,3.75
six_parent_nominal_development,SEM_P03,nominal,G,core_P03_nom_G_b120_lexicographic,24,forward,2.75,2.75,2.75,2.75,1.0,8.881784197001252e-16,67,audit_results/semantic_development_acquisition_20260923/episodes/core_P03_nom_G_b120_lexicographic/steps/024.json.gz,4.0
six_parent_nominal_development,SEM_P03,nominal,G,core_P03_nom_G_b120_lexicographic,25,observe,2.75,2.75,2.75,2.75,1.0,8.881784197001252e-16,65,audit_results/semantic_development_acquisition_20260923/episodes/core_P03_nom_G_b120_lexicographic/steps/025.json.gz,4.0
six_parent_nominal_development,SEM_P03,nominal,G,core_P03_nom_G_b120_lexicographic,26,forward,3.0,2.75,3.0,2.75,1.0,8.881784197001252e-16,63,audit_results/semantic_development_acquisition_20260923/episodes/core_P03_nom_G_b120_lexicographic/steps/026.json.gz,4.25
six_parent_nominal_development,SEM_P03,nominal,G,core_P03_nom_G_b120_lexicographic,27,forward,3.25,2.75,3.25,2.75,1.0,8.881784197001252e-16,61,audit_results/semantic_development_acquisition_20260923/episodes/core_P03_nom_G_b120_lexicographic/steps/027.json.gz,4.5
six_parent_nominal_development,SEM_P03,nominal,G,core_P03_nom_G_b120_lexicographic,28,forward,3.5,2.75,3.5,2.75,1.0,8.881784197001252e-16,59,audit_results/semantic_development_acquisition_20260923/episodes/core_P03_nom_G_b120_lexicographic/steps/028.json.gz,4.75
six_parent_nominal_development,SEM_P03,nominal,G,core_P03_nom_G_b120_lexicographic,29,forward,3.75,2.75,3.75,2.75,1.0,8.881784197001252e-16,59,audit_results/semantic_development_acquisition_20260923/episodes/core_P03_nom_G_b120_lexicographic/steps/029.json.gz,5.0
six_parent_nominal_development,SEM_P03,nominal,G,core_P03_nom_G_b120_lexicographic,30,left,3.75,2.75,3.75,2.75,0.8660254037844383,0.5000000000000007,59,audit_results/semantic_development_acquisition_20260923/episodes/core_P03_nom_G_b120_lexicographic/steps/030.json.gz,5.0
six_parent_nominal_development,SEM_P03,nominal,G,core_P03_nom_G_b120_lexicographic,31,left,3.75,2.75,3.75,2.75,0.4999999999999995,0.8660254037844389,59,audit_results/semantic_development_acquisition_20260923/episodes/core_P03_nom_G_b120_lexicographic/steps/031.json.gz,5.0
six_parent_nominal_development,SEM_P03,nominal,G,core_P03_nom_G_b120_lexicographic,32,left,3.75,2.75,3.75,2.75,6.123233995736766e-17,1.0,51,audit_results/semantic_development_acquisition_20260923/episodes/core_P03_nom_G_b120_lexicographic/steps/032.json.gz,5.0
six_parent_nominal_development,SEM_P03,nominal,G,core_P03_nom_G_b120_lexicographic,33,forward,3.75,3.0,3.75,3.0,6.123233995736766e-17,1.0,49,audit_results/semantic_development_acquisition_20260923/episodes/core_P03_nom_G_b120_lexicographic/steps/033.json.gz,5.25
six_parent_nominal_development,SEM_P03,nominal,G,core_P03_nom_G_b120_lexicographic,34,forward,3.75,3.25,3.75,3.25,6.123233995736766e-17,1.0,47,audit_results/semantic_development_acquisition_20260923/episodes/core_P03_nom_G_b120_lexicographic/steps/034.json.gz,5.5
six_parent_nominal_development,SEM_P03,nominal,G,core_P03_nom_G_b120_lexicographic,35,forward,3.75,3.5,3.75,3.5,6.123233995736766e-17,1.0,45,audit_results/semantic_development_acquisition_20260923/episodes/core_P03_nom_G_b120_lexicographic/steps/035.json.gz,5.75
six_parent_nominal_development,SEM_P03,nominal,G,core_P03_nom_G_b120_lexicographic,36,forward,3.75,3.75,3.75,3.75,6.123233995736766e-17,1.0,45,audit_results/semantic_development_acquisition_20260923/episodes/core_P03_nom_G_b120_lexicographic/steps/036.json.gz,6.0
six_parent_nominal_development,SEM_P03,nominal,G,core_P03_nom_G_b120_lexicographic,37,right,3.75,3.75,3.75,3.75,0.4999999999999995,0.8660254037844389,44,audit_results/semantic_development_acquisition_20260923/episodes/core_P03_nom_G_b120_lexicographic/steps/037.json.gz,6.0
six_parent_nominal_development,SEM_P03,nominal,G,core_P03_nom_G_b120_lexicographic,38,observe,3.75,3.75,3.75,3.75,0.4999999999999995,0.8660254037844389,42,audit_results/semantic_development_acquisition_20260923/episodes/core_P03_nom_G_b120_lexicographic/steps/038.json.gz,6.0
six_parent_nominal_development,SEM_P03,nominal,G,core_P03_nom_G_b120_lexicographic,39,left,3.75,3.75,3.75,3.75,6.123233995736766e-17,1.0,42,audit_results/semantic_development_acquisition_20260923/episodes/core_P03_nom_G_b120_lexicographic/steps/039.json.gz,6.0
six_parent_nominal_development,SEM_P03,nominal,G,core_P03_nom_G_b120_lexicographic,40,left,3.75,3.75,3.75,3.75,-0.4999999999999994,0.8660254037844389,41,audit_results/semantic_development_acquisition_20260923/episodes/core_P03_nom_G_b120_lexicographic/steps/040.json.gz,6.0
six_parent_nominal_development,SEM_P03,nominal,G,core_P03_nom_G_b120_lexicographic,41,observe,3.75,3.75,3.75,3.75,-0.4999999999999994,0.8660254037844389,39,audit_results/semantic_development_acquisition_20260923/episodes/core_P03_nom_G_b120_lexicographic/steps/041.json.gz,6.0
six_parent_nominal_development,SEM_P03,nominal,G,core_P03_nom_G_b120_lexicographic,42,right,3.75,3.75,3.75,3.75,6.123233995736766e-17,1.0,37,audit_results/semantic_development_acquisition_20260923/episodes/core_P03_nom_G_b120_lexicographic/steps/042.json.gz,6.0
six_parent_nominal_development,SEM_P03,nominal,G,core_P03_nom_G_b120_lexicographic,43,forward,3.75,4.0,3.75,4.0,6.123233995736766e-17,1.0,35,audit_results/semantic_development_acquisition_20260923/episodes/core_P03_nom_G_b120_lexicographic/steps/043.json.gz,6.25
six_parent_nominal_development,SEM_P03,nominal,G,core_P03_nom_G_b120_lexicographic,44,forward,3.75,4.25,3.75,4.25,6.123233995736766e-17,1.0,33,audit_results/semantic_development_acquisition_20260923/episodes/core_P03_nom_G_b120_lexicographic/steps/044.json.gz,6.5
six_parent_nominal_development,SEM_P03,nominal,G,core_P03_nom_G_b120_lexicographic,45,forward,3.75,4.5,3.75,4.5,6.123233995736766e-17,1.0,31,audit_results/semantic_development_acquisition_20260923/episodes/core_P03_nom_G_b120_lexicographic/steps/045.json.gz,6.75
six_parent_nominal_development,SEM_P03,nominal,G,core_P03_nom_G_b120_lexicographic,46,forward,3.75,4.75,3.75,4.75,6.123233995736766e-17,1.0,29,audit_results/semantic_development_acquisition_20260923/episodes/core_P03_nom_G_b120_lexicographic/steps/046.json.gz,7.0
six_parent_nominal_development,SEM_P03,nominal,G,core_P03_nom_G_b120_lexicographic,47,forward,3.75,5.0,3.75,5.0,6.123233995736766e-17,1.0,27,audit_results/semantic_development_acquisition_20260923/episodes/core_P03_nom_G_b120_lexicographic/steps/047.json.gz,7.25
six_parent_nominal_development,SEM_P03,nominal,G,core_P03_nom_G_b120_lexicographic,48,forward,3.75,5.25,3.75,5.25,6.123233995736766e-17,1.0,25,audit_results/semantic_development_acquisition_20260923/episodes/core_P03_nom_G_b120_lexicographic/steps/048.json.gz,7.5
six_parent_nominal_development,SEM_P03,nominal,G,core_P03_nom_G_b120_lexicographic,49,forward,3.75,5.5,3.75,5.5,6.123233995736766e-17,1.0,23,audit_results/semantic_development_acquisition_20260923/episodes/core_P03_nom_G_b120_lexicographic/steps/049.json.gz,7.75
six_parent_nominal_development,SEM_P03,nominal,G,core_P03_nom_G_b120_lexicographic,50,forward,3.75,5.75,3.75,5.75,6.123233995736766e-17,1.0,23,audit_results/semantic_development_acquisition_20260923/episodes/core_P03_nom_G_b120_lexicographic/steps/050.json.gz,8.0
six_parent_nominal_development,SEM_P03,nominal,G,core_P03_nom_G_b120_lexicographic,51,right,3.75,5.75,3.75,5.75,0.4999999999999995,0.8660254037844389,23,audit_results/semantic_development_acquisition_20260923/episodes/core_P03_nom_G_b120_lexicographic/steps/051.json.gz,8.0
six_parent_nominal_development,SEM_P03,nominal,G,core_P03_nom_G_b120_lexicographic,52,right,3.75,5.75,3.75,5.75,0.8660254037844383,0.5000000000000007,22,audit_results/semantic_development_acquisition_20260923/episodes/core_P03_nom_G_b120_lexicographic/steps/052.json.gz,8.0
six_parent_nominal_development,SEM_P03,nominal,G,core_P03_nom_G_b120_lexicographic,53,observe,3.75,5.75,3.75,5.75,0.8660254037844383,0.5000000000000007,20,audit_results/semantic_development_acquisition_20260923/episodes/core_P03_nom_G_b120_lexicographic/steps/053.json.gz,8.0
six_parent_nominal_development,SEM_P03,nominal,G,core_P03_nom_G_b120_lexicographic,54,left,3.75,5.75,3.75,5.75,0.4999999999999995,0.8660254037844389,18,audit_results/semantic_development_acquisition_20260923/episodes/core_P03_nom_G_b120_lexicographic/steps/054.json.gz,8.0
six_parent_nominal_development,SEM_P03,nominal,G,core_P03_nom_G_b120_lexicographic,55,left,3.75,5.75,3.75,5.75,6.123233995736766e-17,1.0,18,audit_results/semantic_development_acquisition_20260923/episodes/core_P03_nom_G_b120_lexicographic/steps/055.json.gz,8.0
six_parent_nominal_development,SEM_P03,nominal,G,core_P03_nom_G_b120_lexicographic,56,left,3.75,5.75,3.75,5.75,-0.4999999999999994,0.8660254037844389,17,audit_results/semantic_development_acquisition_20260923/episodes/core_P03_nom_G_b120_lexicographic/steps/056.json.gz,8.0
six_parent_nominal_development,SEM_P03,nominal,G,core_P03_nom_G_b120_lexicographic,57,observe,3.75,5.75,3.75,5.75,-0.4999999999999994,0.8660254037844389,15,audit_results/semantic_development_acquisition_20260923/episodes/core_P03_nom_G_b120_lexicographic/steps/057.json.gz,8.0
six_parent_nominal_development,SEM_P03,nominal,G,core_P03_nom_G_b120_lexicographic,58,right,3.75,5.75,3.75,5.75,6.123233995736766e-17,1.0,13,audit_results/semantic_development_acquisition_20260923/episodes/core_P03_nom_G_b120_lexicographic/steps/058.json.gz,8.0
six_parent_nominal_development,SEM_P03,nominal,G,core_P03_nom_G_b120_lexicographic,59,forward,3.75,6.0,3.75,6.0,6.123233995736766e-17,1.0,11,audit_results/semantic_development_acquisition_20260923/episodes/core_P03_nom_G_b120_lexicographic/steps/059.json.gz,8.25
six_parent_nominal_development,SEM_P03,nominal,G,core_P03_nom_G_b120_lexicographic,60,forward,3.75,6.25,3.75,6.25,6.123233995736766e-17,1.0,9,audit_results/semantic_development_acquisition_20260923/episodes/core_P03_nom_G_b120_lexicographic/steps/060.json.gz,8.5
six_parent_nominal_development,SEM_P03,nominal,G,core_P03_nom_G_b120_lexicographic,61,forward,3.75,6.5,3.75,6.5,6.123233995736766e-17,1.0,7,audit_results/semantic_development_acquisition_20260923/episodes/core_P03_nom_G_b120_lexicographic/steps/061.json.gz,8.75
six_parent_nominal_development,SEM_P03,nominal,G,core_P03_nom_G_b120_lexicographic,62,forward,3.75,6.75,3.75,6.75,6.123233995736766e-17,1.0,7,audit_results/semantic_development_acquisition_20260923/episodes/core_P03_nom_G_b120_lexicographic/steps/062.json.gz,9.0
six_parent_nominal_development,SEM_P03,nominal,G,core_P03_nom_G_b120_lexicographic,63,right,3.75,6.75,3.75,6.75,0.4999999999999995,0.8660254037844389,6,audit_results/semantic_development_acquisition_20260923/episodes/core_P03_nom_G_b120_lexicographic/steps/063.json.gz,9.0
six_parent_nominal_development,SEM_P03,nominal,G,core_P03_nom_G_b120_lexicographic,64,observe,3.75,6.75,3.75,6.75,0.4999999999999995,0.8660254037844389,6,audit_results/semantic_development_acquisition_20260923/episodes/core_P03_nom_G_b120_lexicographic/steps/064.json.gz,9.0
six_parent_nominal_development,SEM_P03,nominal,G,core_P03_nom_G_b120_lexicographic,65,right,3.75,6.75,3.75,6.75,0.8660254037844383,0.5000000000000007,6,audit_results/semantic_development_acquisition_20260923/episodes/core_P03_nom_G_b120_lexicographic/steps/065.json.gz,9.0
six_parent_nominal_development,SEM_P03,nominal,G,core_P03_nom_G_b120_lexicographic,66,right,3.75,6.75,3.75,6.75,1.0,8.881784197001252e-16,6,audit_results/semantic_development_acquisition_20260923/episodes/core_P03_nom_G_b120_lexicographic/steps/066.json.gz,9.0
six_parent_nominal_development,SEM_P03,nominal,G,core_P03_nom_G_b120_lexicographic,67,right,3.75,6.75,3.75,6.75,0.8660254037844392,-0.4999999999999991,6,audit_results/semantic_development_acquisition_20260923/episodes/core_P03_nom_G_b120_lexicographic/steps/067.json.gz,9.0
six_parent_nominal_development,SEM_P03,nominal,G,core_P03_nom_G_b120_lexicographic,68,right,3.75,6.75,3.75,6.75,0.5000000000000011,-0.866025403784438,6,audit_results/semantic_development_acquisition_20260923/episodes/core_P03_nom_G_b120_lexicographic/steps/068.json.gz,9.0
six_parent_nominal_development,SEM_P03,nominal,G,core_P03_nom_G_b120_lexicographic,69,right,3.75,6.75,3.75,6.75,1.3934999695075554e-15,-1.0,6,audit_results/semantic_development_acquisition_20260923/episodes/core_P03_nom_G_b120_lexicographic/steps/069.json.gz,9.0
six_parent_nominal_development,SEM_P03,nominal,G,core_P03_nom_G_b120_lexicographic,70,forward,3.7500000000000004,6.5,3.7500000000000004,6.5,1.3934999695075554e-15,-1.0,6,audit_results/semantic_development_acquisition_20260923/episodes/core_P03_nom_G_b120_lexicographic/steps/070.json.gz,9.25
six_parent_nominal_development,SEM_P03,nominal,G,core_P03_nom_G_b120_lexicographic,71,forward,3.750000000000001,6.25,3.750000000000001,6.25,1.3934999695075554e-15,-1.0,6,audit_results/semantic_development_acquisition_20260923/episodes/core_P03_nom_G_b120_lexicographic/steps/071.json.gz,9.5
six_parent_nominal_development,SEM_P03,nominal,G,core_P03_nom_G_b120_lexicographic,72,forward,3.7500000000000013,6.0,3.7500000000000013,6.0,1.3934999695075554e-15,-1.0,6,audit_results/semantic_development_acquisition_20260923/episodes/core_P03_nom_G_b120_lexicographic/steps/072.json.gz,9.75
six_parent_nominal_development,SEM_P03,nominal,G,core_P03_nom_G_b120_lexicographic,73,forward,3.7500000000000018,5.75,3.7500000000000018,5.75,1.3934999695075554e-15,-1.0,6,audit_results/semantic_development_acquisition_20260923/episodes/core_P03_nom_G_b120_lexicographic/steps/073.json.gz,10.0
six_parent_nominal_development,SEM_P03,nominal,G,core_P03_nom_G_b120_lexicographic,74,forward,3.750000000000002,5.5,3.750000000000002,5.5,1.3934999695075554e-15,-1.0,6,audit_results/semantic_development_acquisition_20260923/episodes/core_P03_nom_G_b120_lexicographic/steps/074.json.gz,10.25
six_parent_nominal_development,SEM_P03,nominal,G,core_P03_nom_G_b120_lexicographic,75,forward,3.7500000000000027,5.25,3.7500000000000027,5.25,1.3934999695075554e-15,-1.0,6,audit_results/semantic_development_acquisition_20260923/episodes/core_P03_nom_G_b120_lexicographic/steps/075.json.gz,10.5
six_parent_nominal_development,SEM_P03,nominal,G,core_P03_nom_G_b120_lexicographic,76,forward,3.750000000000003,5.0,3.750000000000003,5.0,1.3934999695075554e-15,-1.0,6,audit_results/semantic_development_acquisition_20260923/episodes/core_P03_nom_G_b120_lexicographic/steps/076.json.gz,10.75
six_parent_nominal_development,SEM_P03,nominal,G,core_P03_nom_G_b120_lexicographic,77,forward,3.7500000000000036,4.75,3.7500000000000036,4.75,1.3934999695075554e-15,-1.0,4,audit_results/semantic_development_acquisition_20260923/episodes/core_P03_nom_G_b120_lexicographic/steps/077.json.gz,11.0
six_parent_nominal_development,SEM_P03,nominal,G,core_P03_nom_G_b120_lexicographic,78,right,3.7500000000000036,4.75,3.7500000000000036,4.75,-0.49999999999999867,-0.8660254037844394,2,audit_results/semantic_development_acquisition_20260923/episodes/core_P03_nom_G_b120_lexicographic/steps/078.json.gz,11.0
six_parent_nominal_development,SEM_P03,nominal,G,core_P03_nom_G_b120_lexicographic,79,right,3.7500000000000036,4.75,3.7500000000000036,4.75,-0.8660254037844378,-0.5000000000000014,1,audit_results/semantic_development_acquisition_20260923/episodes/core_P03_nom_G_b120_lexicographic/steps/079.json.gz,11.0
six_parent_nominal_development,SEM_P03,nominal,G,core_P03_nom_G_b120_lexicographic,80,observe,3.7500000000000036,4.75,3.7500000000000036,4.75,-0.8660254037844378,-0.5000000000000014,1,audit_results/semantic_development_acquisition_20260923/episodes/core_P03_nom_G_b120_lexicographic/steps/080.json.gz,11.0
six_parent_nominal_development,SEM_P03,nominal,G,core_P03_nom_G_b120_lexicographic,81,left,3.7500000000000036,4.75,3.7500000000000036,4.75,-0.49999999999999867,-0.8660254037844394,1,audit_results/semantic_development_acquisition_20260923/episodes/core_P03_nom_G_b120_lexicographic/steps/081.json.gz,11.0
six_parent_nominal_development,SEM_P03,nominal,G,core_P03_nom_G_b120_lexicographic,82,left,3.7500000000000036,4.75,3.7500000000000036,4.75,1.3934999695075554e-15,-1.0,1,audit_results/semantic_development_acquisition_20260923/episodes/core_P03_nom_G_b120_lexicographic/steps/082.json.gz,11.0
six_parent_nominal_development,SEM_P03,nominal,G,core_P03_nom_G_b120_lexicographic,83,forward,3.750000000000004,4.5,3.750000000000004,4.5,1.3934999695075554e-15,-1.0,1,audit_results/semantic_development_acquisition_20260923/episodes/core_P03_nom_G_b120_lexicographic/steps/083.json.gz,11.25
six_parent_nominal_development,SEM_P03,nominal,G,core_P03_nom_G_b120_lexicographic,84,forward,3.7500000000000044,4.25,3.7500000000000044,4.25,1.3934999695075554e-15,-1.0,1,audit_results/semantic_development_acquisition_20260923/episodes/core_P03_nom_G_b120_lexicographic/steps/084.json.gz,11.5
six_parent_nominal_development,SEM_P03,nominal,G,core_P03_nom_G_b120_lexicographic,85,forward,3.750000000000005,4.0,3.750000000000005,4.0,1.3934999695075554e-15,-1.0,1,audit_results/semantic_development_acquisition_20260923/episodes/core_P03_nom_G_b120_lexicographic/steps/085.json.gz,11.75
six_parent_nominal_development,SEM_P03,nominal,G,core_P03_nom_G_b120_lexicographic,86,forward,3.7500000000000053,3.75,3.7500000000000053,3.75,1.3934999695075554e-15,-1.0,1,audit_results/semantic_development_acquisition_20260923/episodes/core_P03_nom_G_b120_lexicographic/steps/086.json.gz,12.0
six_parent_nominal_development,SEM_P03,nominal,G,core_P03_nom_G_b120_lexicographic,87,forward,3.7500000000000058,3.5,3.7500000000000058,3.5,1.3934999695075554e-15,-1.0,1,audit_results/semantic_development_acquisition_20260923/episodes/core_P03_nom_G_b120_lexicographic/steps/087.json.gz,12.25
six_parent_nominal_development,SEM_P03,nominal,G,core_P03_nom_G_b120_lexicographic,88,forward,3.750000000000006,3.25,3.750000000000006,3.25,1.3934999695075554e-15,-1.0,1,audit_results/semantic_development_acquisition_20260923/episodes/core_P03_nom_G_b120_lexicographic/steps/088.json.gz,12.5
six_parent_nominal_development,SEM_P03,nominal,G,core_P03_nom_G_b120_lexicographic,89,forward,3.7500000000000067,3.0,3.7500000000000067,3.0,1.3934999695075554e-15,-1.0,1,audit_results/semantic_development_acquisition_20260923/episodes/core_P03_nom_G_b120_lexicographic/steps/089.json.gz,12.75
six_parent_nominal_development,SEM_P03,nominal,G,core_P03_nom_G_b120_lexicographic,90,forward,3.750000000000007,2.75,3.750000000000007,2.75,1.3934999695075554e-15,-1.0,1,audit_results/semantic_development_acquisition_20260923/episodes/core_P03_nom_G_b120_lexicographic/steps/090.json.gz,13.0
six_parent_nominal_development,SEM_P03,nominal,G,core_P03_nom_G_b120_lexicographic,91,forward,3.7500000000000075,2.5,3.7500000000000075,2.5,1.3934999695075554e-15,-1.0,1,audit_results/semantic_development_acquisition_20260923/episodes/core_P03_nom_G_b120_lexicographic/steps/091.json.gz,13.25
six_parent_nominal_development,SEM_P03,nominal,G,core_P03_nom_G_b120_lexicographic,92,forward,3.750000000000008,2.25,3.750000000000008,2.25,1.3934999695075554e-15,-1.0,1,audit_results/semantic_development_acquisition_20260923/episodes/core_P03_nom_G_b120_lexicographic/steps/092.json.gz,13.5
six_parent_nominal_development,SEM_P03,nominal,G,core_P03_nom_G_b120_lexicographic,93,forward,3.7500000000000084,2.0,3.7500000000000084,2.0,1.3934999695075554e-15,-1.0,1,audit_results/semantic_development_acquisition_20260923/episodes/core_P03_nom_G_b120_lexicographic/steps/093.json.gz,13.75
six_parent_nominal_development,SEM_P03,nominal,G,core_P03_nom_G_b120_lexicographic,94,forward,3.750000000000009,1.75,3.750000000000009,1.75,1.3934999695075554e-15,-1.0,1,audit_results/semantic_development_acquisition_20260923/episodes/core_P03_nom_G_b120_lexicographic/steps/094.json.gz,14.0
six_parent_nominal_development,SEM_P03,nominal,G,core_P03_nom_G_b120_lexicographic,95,right,3.750000000000009,1.75,3.750000000000009,1.75,-0.49999999999999867,-0.8660254037844394,0,audit_results/semantic_development_acquisition_20260923/episodes/core_P03_nom_G_b120_lexicographic/steps/095.json.gz,14.0
six_parent_nominal_development,SEM_P03,nominal,G,core_P03_nom_G_b120_lexicographic,96,observe,3.750000000000009,1.75,3.750000000000009,1.75,-0.49999999999999867,-0.8660254037844394,0,audit_results/semantic_development_acquisition_20260923/episodes/core_P03_nom_G_b120_lexicographic/steps/096.json.gz,14.0
six_parent_nominal_development,SEM_P03,nominal,G,core_P03_nom_G_b120_lexicographic,97,right,3.750000000000009,1.75,3.750000000000009,1.75,-0.8660254037844378,-0.5000000000000014,0,audit_results/semantic_development_acquisition_20260923/episodes/core_P03_nom_G_b120_lexicographic/steps/097.json.gz,14.0
six_parent_nominal_development,SEM_P03,nominal,G,core_P03_nom_G_b120_lexicographic,98,right,3.750000000000009,1.75,3.750000000000009,1.75,-1.0,-1.8988215193149856e-15,0,audit_results/semantic_development_acquisition_20260923/episodes/core_P03_nom_G_b120_lexicographic/steps/098.json.gz,14.0
six_parent_nominal_development,SEM_P03,nominal,G,core_P03_nom_G_b120_lexicographic,99,forward,3.500000000000009,1.7499999999999996,3.500000000000009,1.7499999999999996,-1.0,-1.8988215193149856e-15,0,audit_results/semantic_development_acquisition_20260923/episodes/core_P03_nom_G_b120_lexicographic/steps/099.json.gz,14.25
six_parent_nominal_development,SEM_P03,nominal,G,core_P03_nom_G_b120_lexicographic,100,forward,3.250000000000009,1.7499999999999991,3.250000000000009,1.7499999999999991,-1.0,-1.8988215193149856e-15,0,audit_results/semantic_development_acquisition_20260923/episodes/core_P03_nom_G_b120_lexicographic/steps/100.json.gz,14.5
six_parent_nominal_development,SEM_P03,nominal,G,core_P03_nom_G_b120_lexicographic,101,forward,3.000000000000009,1.7499999999999987,3.000000000000009,1.7499999999999987,-1.0,-1.8988215193149856e-15,0,audit_results/semantic_development_acquisition_20260923/episodes/core_P03_nom_G_b120_lexicographic/steps/101.json.gz,14.75
six_parent_nominal_development,SEM_P03,nominal,G,core_P03_nom_G_b120_lexicographic,102,forward,2.750000000000009,1.7499999999999982,2.750000000000009,1.7499999999999982,-1.0,-1.8988215193149856e-15,0,audit_results/semantic_development_acquisition_20260923/episodes/core_P03_nom_G_b120_lexicographic/steps/102.json.gz,15.0
six_parent_nominal_development,SEM_P03,nominal,G,core_P03_nom_G_b120_lexicographic,103,forward,2.500000000000009,1.7499999999999978,2.500000000000009,1.7499999999999978,-1.0,-1.8988215193149856e-15,0,audit_results/semantic_development_acquisition_20260923/episodes/core_P03_nom_G_b120_lexicographic/steps/103.json.gz,15.25
six_parent_nominal_development,SEM_P03,nominal,G,core_P03_nom_G_b120_lexicographic,104,forward,2.250000000000009,1.7499999999999973,2.250000000000009,1.7499999999999973,-1.0,-1.8988215193149856e-15,0,audit_results/semantic_development_acquisition_20260923/episodes/core_P03_nom_G_b120_lexicographic/steps/104.json.gz,15.5
six_parent_nominal_development,SEM_P03,nominal,G,core_P03_nom_G_b120_lexicographic,105,forward,2.000000000000009,1.749999999999997,2.000000000000009,1.749999999999997,-1.0,-1.8988215193149856e-15,0,audit_results/semantic_development_acquisition_20260923/episodes/core_P03_nom_G_b120_lexicographic/steps/105.json.gz,15.75
six_parent_nominal_development,SEM_P03,nominal,G,core_P03_nom_G_b120_lexicographic,106,forward,1.7500000000000089,1.7499999999999964,1.7500000000000089,1.7499999999999964,-1.0,-1.8988215193149856e-15,0,audit_results/semantic_development_acquisition_20260923/episodes/core_P03_nom_G_b120_lexicographic/steps/106.json.gz,16.0
six_parent_nominal_development,SEM_P03,nominal,G,core_P03_nom_G_b120_lexicographic,107,forward,1.5000000000000089,1.749999999999996,1.5000000000000089,1.749999999999996,-1.0,-1.8988215193149856e-15,0,audit_results/semantic_development_acquisition_20260923/episodes/core_P03_nom_G_b120_lexicographic/steps/107.json.gz,16.25
six_parent_nominal_development,SEM_P03,nominal,G,core_P03_nom_G_b120_lexicographic,108,forward,1.2500000000000089,1.7499999999999956,1.2500000000000089,1.7499999999999956,-1.0,-1.8988215193149856e-15,0,audit_results/semantic_development_acquisition_20260923/episodes/core_P03_nom_G_b120_lexicographic/steps/108.json.gz,16.5
six_parent_nominal_development,SEM_P03,nominal,G,core_P03_nom_G_b120_lexicographic,109,forward,1.0000000000000089,1.7499999999999951,1.0000000000000089,1.7499999999999951,-1.0,-1.8988215193149856e-15,0,audit_results/semantic_development_acquisition_20260923/episodes/core_P03_nom_G_b120_lexicographic/steps/109.json.gz,16.75
six_parent_nominal_development,SEM_P03,nominal,G,core_P03_nom_G_b120_lexicographic,110,forward,0.7500000000000089,1.7499999999999947,0.7500000000000089,1.7499999999999947,-1.0,-1.8988215193149856e-15,0,audit_results/semantic_development_acquisition_20260923/episodes/core_P03_nom_G_b120_lexicographic/steps/110.json.gz,17.0
six_parent_nominal_development,SEM_P03,nominal,G,core_P03_nom_G_b120_lexicographic,111,left,0.7500000000000089,1.7499999999999947,0.7500000000000089,1.7499999999999947,-0.8660254037844378,-0.5000000000000014,0,audit_results/semantic_development_acquisition_20260923/episodes/core_P03_nom_G_b120_lexicographic/steps/111.json.gz,17.0
six_parent_nominal_development,SEM_P03,nominal,G,core_P03_nom_G_b120_lexicographic,112,left,0.7500000000000089,1.7499999999999947,0.7500000000000089,1.7499999999999947,-0.49999999999999867,-0.8660254037844394,0,audit_results/semantic_development_acquisition_20260923/episodes/core_P03_nom_G_b120_lexicographic/steps/112.json.gz,17.0
six_parent_nominal_development,SEM_P03,nominal,G,core_P03_nom_G_b120_lexicographic,113,left,0.7500000000000089,1.7499999999999947,0.7500000000000089,1.7499999999999947,1.3934999695075554e-15,-1.0,0,audit_results/semantic_development_acquisition_20260923/episodes/core_P03_nom_G_b120_lexicographic/steps/113.json.gz,17.0
six_parent_nominal_development,SEM_P03,nominal,G,core_P03_nom_G_b120_lexicographic,114,forward,0.7500000000000092,1.4999999999999947,0.7500000000000092,1.4999999999999947,1.3934999695075554e-15,-1.0,0,audit_results/semantic_development_acquisition_20260923/episodes/core_P03_nom_G_b120_lexicographic/steps/114.json.gz,17.25
six_parent_nominal_development,SEM_P03,nominal,G,core_P03_nom_G_b120_lexicographic,115,forward,0.7500000000000095,1.2499999999999947,0.7500000000000095,1.2499999999999947,1.3934999695075554e-15,-1.0,0,audit_results/semantic_development_acquisition_20260923/episodes/core_P03_nom_G_b120_lexicographic/steps/115.json.gz,17.5
six_parent_nominal_development,SEM_P03,nominal,G,core_P03_nom_G_b120_lexicographic,116,forward,0.7500000000000099,0.9999999999999947,0.7500000000000099,0.9999999999999947,1.3934999695075554e-15,-1.0,0,audit_results/semantic_development_acquisition_20260923/episodes/core_P03_nom_G_b120_lexicographic/steps/116.json.gz,17.75
six_parent_nominal_development,SEM_P03,nominal,G,core_P03_nom_G_b120_lexicographic,117,forward,0.7500000000000102,0.7499999999999947,0.7500000000000102,0.7499999999999947,1.3934999695075554e-15,-1.0,0,audit_results/semantic_development_acquisition_20260923/episodes/core_P03_nom_G_b120_lexicographic/steps/117.json.gz,18.0
six_parent_nominal_development,SEM_P03,nominal,G,core_P03_nom_G_b120_lexicographic,118,left,0.7500000000000102,0.7499999999999947,0.7500000000000102,0.7499999999999947,0.5000000000000011,-0.866025403784438,0,audit_results/semantic_development_acquisition_20260923/episodes/core_P03_nom_G_b120_lexicographic/steps/118.json.gz,18.0
six_parent_nominal_development,SEM_P03,nominal,G,core_P03_nom_G_b120_lexicographic,119,left,0.7500000000000102,0.7499999999999947,0.7500000000000102,0.7499999999999947,0.8660254037844392,-0.4999999999999991,0,audit_results/semantic_development_acquisition_20260923/episodes/core_P03_nom_G_b120_lexicographic/steps/119.json.gz,18.0
six_parent_nominal_development,SEM_P03,nominal,G,core_P03_nom_G_b120_lexicographic,120,left,0.7500000000000102,0.7499999999999947,0.7500000000000102,0.7499999999999947,1.0,8.881784197001252e-16,,audit_results/semantic_development_acquisition_20260923/episodes/core_P03_nom_G_b120_lexicographic/steps/120.json.gz,18.0
six_parent_nominal_development,SEM_P03,nominal,S,core_P03_nom_S_b120_lexicographic,0,initial,0.75,0.75,0.75,0.75,1.0,0.0,118,audit_results/semantic_development_acquisition_20260923/episodes/core_P03_nom_S_b120_lexicographic/steps/000.json.gz,0.0
six_parent_nominal_development,SEM_P03,nominal,S,core_P03_nom_S_b120_lexicographic,1,left,0.75,0.75,0.75,0.75,0.8660254037844387,0.49999999999999983,116,audit_results/semantic_development_acquisition_20260923/episodes/core_P03_nom_S_b120_lexicographic/steps/001.json.gz,0.0
six_parent_nominal_development,SEM_P03,nominal,S,core_P03_nom_S_b120_lexicographic,2,left,0.75,0.75,0.75,0.75,0.5000000000000003,0.8660254037844385,114,audit_results/semantic_development_acquisition_20260923/episodes/core_P03_nom_S_b120_lexicographic/steps/002.json.gz,0.0
six_parent_nominal_development,SEM_P03,nominal,S,core_P03_nom_S_b120_lexicographic,3,left,0.75,0.75,0.75,0.75,6.123233995736766e-17,1.0,106,audit_results/semantic_development_acquisition_20260923/episodes/core_P03_nom_S_b120_lexicographic/steps/003.json.gz,0.0
six_parent_nominal_development,SEM_P03,nominal,S,core_P03_nom_S_b120_lexicographic,4,forward,0.75,1.0,0.75,1.0,6.123233995736766e-17,1.0,104,audit_results/semantic_development_acquisition_20260923/episodes/core_P03_nom_S_b120_lexicographic/steps/004.json.gz,0.25
six_parent_nominal_development,SEM_P03,nominal,S,core_P03_nom_S_b120_lexicographic,5,forward,0.75,1.25,0.75,1.25,6.123233995736766e-17,1.0,102,audit_results/semantic_development_acquisition_20260923/episodes/core_P03_nom_S_b120_lexicographic/steps/005.json.gz,0.5
six_parent_nominal_development,SEM_P03,nominal,S,core_P03_nom_S_b120_lexicographic,6,forward,0.75,1.5,0.75,1.5,6.123233995736766e-17,1.0,100,audit_results/semantic_development_acquisition_20260923/episodes/core_P03_nom_S_b120_lexicographic/steps/006.json.gz,0.75
six_parent_nominal_development,SEM_P03,nominal,S,core_P03_nom_S_b120_lexicographic,7,forward,0.75,1.75,0.75,1.75,6.123233995736766e-17,1.0,98,audit_results/semantic_development_acquisition_20260923/episodes/core_P03_nom_S_b120_lexicographic/steps/007.json.gz,1.0
six_parent_nominal_development,SEM_P03,nominal,S,core_P03_nom_S_b120_lexicographic,8,forward,0.75,2.0,0.75,2.0,6.123233995736766e-17,1.0,96,audit_results/semantic_development_acquisition_20260923/episodes/core_P03_nom_S_b120_lexicographic/steps/008.json.gz,1.25
six_parent_nominal_development,SEM_P03,nominal,S,core_P03_nom_S_b120_lexicographic,9,forward,0.75,2.25,0.75,2.25,6.123233995736766e-17,1.0,94,audit_results/semantic_development_acquisition_20260923/episodes/core_P03_nom_S_b120_lexicographic/steps/009.json.gz,1.5
six_parent_nominal_development,SEM_P03,nominal,S,core_P03_nom_S_b120_lexicographic,10,forward,0.75,2.5,0.75,2.5,6.123233995736766e-17,1.0,92,audit_results/semantic_development_acquisition_20260923/episodes/core_P03_nom_S_b120_lexicographic/steps/010.json.gz,1.75
six_parent_nominal_development,SEM_P03,nominal,S,core_P03_nom_S_b120_lexicographic,11,forward,0.75,2.75,0.75,2.75,6.123233995736766e-17,1.0,92,audit_results/semantic_development_acquisition_20260923/episodes/core_P03_nom_S_b120_lexicographic/steps/011.json.gz,2.0
six_parent_nominal_development,SEM_P03,nominal,S,core_P03_nom_S_b120_lexicographic,12,right,0.75,2.75,0.75,2.75,0.4999999999999995,0.8660254037844389,92,audit_results/semantic_development_acquisition_20260923/episodes/core_P03_nom_S_b120_lexicographic/steps/012.json.gz,2.0
six_parent_nominal_development,SEM_P03,nominal,S,core_P03_nom_S_b120_lexicographic,13,right,0.75,2.75,0.75,2.75,0.8660254037844383,0.5000000000000007,91,audit_results/semantic_development_acquisition_20260923/episodes/core_P03_nom_S_b120_lexicographic/steps/013.json.gz,2.0
six_parent_nominal_development,SEM_P03,nominal,S,core_P03_nom_S_b120_lexicographic,14,observe,0.75,2.75,0.75,2.75,0.8660254037844383,0.5000000000000007,91,audit_results/semantic_development_acquisition_20260923/episodes/core_P03_nom_S_b120_lexicographic/steps/014.json.gz,2.0
six_parent_nominal_development,SEM_P03,nominal,S,core_P03_nom_S_b120_lexicographic,15,right,0.75,2.75,0.75,2.75,1.0,8.881784197001252e-16,83,audit_results/semantic_development_acquisition_20260923/episodes/core_P03_nom_S_b120_lexicographic/steps/015.json.gz,2.0
six_parent_nominal_development,SEM_P03,nominal,S,core_P03_nom_S_b120_lexicographic,16,forward,1.0,2.75,1.0,2.75,1.0,8.881784197001252e-16,81,audit_results/semantic_development_acquisition_20260923/episodes/core_P03_nom_S_b120_lexicographic/steps/016.json.gz,2.25
six_parent_nominal_development,SEM_P03,nominal,S,core_P03_nom_S_b120_lexicographic,17,forward,1.25,2.75,1.25,2.75,1.0,8.881784197001252e-16,79,audit_results/semantic_development_acquisition_20260923/episodes/core_P03_nom_S_b120_lexicographic/steps/017.json.gz,2.5
six_parent_nominal_development,SEM_P03,nominal,S,core_P03_nom_S_b120_lexicographic,18,forward,1.5,2.75,1.5,2.75,1.0,8.881784197001252e-16,77,audit_results/semantic_development_acquisition_20260923/episodes/core_P03_nom_S_b120_lexicographic/steps/018.json.gz,2.75
six_parent_nominal_development,SEM_P03,nominal,S,core_P03_nom_S_b120_lexicographic,19,forward,1.75,2.75,1.75,2.75,1.0,8.881784197001252e-16,76,audit_results/semantic_development_acquisition_20260923/episodes/core_P03_nom_S_b120_lexicographic/steps/019.json.gz,3.0
six_parent_nominal_development,SEM_P03,nominal,S,core_P03_nom_S_b120_lexicographic,20,observe,1.75,2.75,1.75,2.75,1.0,8.881784197001252e-16,74,audit_results/semantic_development_acquisition_20260923/episodes/core_P03_nom_S_b120_lexicographic/steps/020.json.gz,3.0
six_parent_nominal_development,SEM_P03,nominal,S,core_P03_nom_S_b120_lexicographic,21,forward,2.0,2.75,2.0,2.75,1.0,8.881784197001252e-16,72,audit_results/semantic_development_acquisition_20260923/episodes/core_P03_nom_S_b120_lexicographic/steps/021.json.gz,3.25
six_parent_nominal_development,SEM_P03,nominal,S,core_P03_nom_S_b120_lexicographic,22,forward,2.25,2.75,2.25,2.75,1.0,8.881784197001252e-16,70,audit_results/semantic_development_acquisition_20260923/episodes/core_P03_nom_S_b120_lexicographic/steps/022.json.gz,3.5
six_parent_nominal_development,SEM_P03,nominal,S,core_P03_nom_S_b120_lexicographic,23,forward,2.5,2.75,2.5,2.75,1.0,8.881784197001252e-16,68,audit_results/semantic_development_acquisition_20260923/episodes/core_P03_nom_S_b120_lexicographic/steps/023.json.gz,3.75
six_parent_nominal_development,SEM_P03,nominal,S,core_P03_nom_S_b120_lexicographic,24,forward,2.75,2.75,2.75,2.75,1.0,8.881784197001252e-16,67,audit_results/semantic_development_acquisition_20260923/episodes/core_P03_nom_S_b120_lexicographic/steps/024.json.gz,4.0
six_parent_nominal_development,SEM_P03,nominal,S,core_P03_nom_S_b120_lexicographic,25,observe,2.75,2.75,2.75,2.75,1.0,8.881784197001252e-16,65,audit_results/semantic_development_acquisition_20260923/episodes/core_P03_nom_S_b120_lexicographic/steps/025.json.gz,4.0
six_parent_nominal_development,SEM_P03,nominal,S,core_P03_nom_S_b120_lexicographic,26,forward,3.0,2.75,3.0,2.75,1.0,8.881784197001252e-16,63,audit_results/semantic_development_acquisition_20260923/episodes/core_P03_nom_S_b120_lexicographic/steps/026.json.gz,4.25
six_parent_nominal_development,SEM_P03,nominal,S,core_P03_nom_S_b120_lexicographic,27,forward,3.25,2.75,3.25,2.75,1.0,8.881784197001252e-16,61,audit_results/semantic_development_acquisition_20260923/episodes/core_P03_nom_S_b120_lexicographic/steps/027.json.gz,4.5
six_parent_nominal_development,SEM_P03,nominal,S,core_P03_nom_S_b120_lexicographic,28,forward,3.5,2.75,3.5,2.75,1.0,8.881784197001252e-16,59,audit_results/semantic_development_acquisition_20260923/episodes/core_P03_nom_S_b120_lexicographic/steps/028.json.gz,4.75
six_parent_nominal_development,SEM_P03,nominal,S,core_P03_nom_S_b120_lexicographic,29,forward,3.75,2.75,3.75,2.75,1.0,8.881784197001252e-16,59,audit_results/semantic_development_acquisition_20260923/episodes/core_P03_nom_S_b120_lexicographic/steps/029.json.gz,5.0
six_parent_nominal_development,SEM_P03,nominal,S,core_P03_nom_S_b120_lexicographic,30,left,3.75,2.75,3.75,2.75,0.8660254037844383,0.5000000000000007,59,audit_results/semantic_development_acquisition_20260923/episodes/core_P03_nom_S_b120_lexicographic/steps/030.json.gz,5.0
six_parent_nominal_development,SEM_P03,nominal,S,core_P03_nom_S_b120_lexicographic,31,left,3.75,2.75,3.75,2.75,0.4999999999999995,0.8660254037844389,59,audit_results/semantic_development_acquisition_20260923/episodes/core_P03_nom_S_b120_lexicographic/steps/031.json.gz,5.0
six_parent_nominal_development,SEM_P03,nominal,S,core_P03_nom_S_b120_lexicographic,32,left,3.75,2.75,3.75,2.75,6.123233995736766e-17,1.0,51,audit_results/semantic_development_acquisition_20260923/episodes/core_P03_nom_S_b120_lexicographic/steps/032.json.gz,5.0
six_parent_nominal_development,SEM_P03,nominal,S,core_P03_nom_S_b120_lexicographic,33,forward,3.75,3.0,3.75,3.0,6.123233995736766e-17,1.0,49,audit_results/semantic_development_acquisition_20260923/episodes/core_P03_nom_S_b120_lexicographic/steps/033.json.gz,5.25
six_parent_nominal_development,SEM_P03,nominal,S,core_P03_nom_S_b120_lexicographic,34,forward,3.75,3.25,3.75,3.25,6.123233995736766e-17,1.0,47,audit_results/semantic_development_acquisition_20260923/episodes/core_P03_nom_S_b120_lexicographic/steps/034.json.gz,5.5
six_parent_nominal_development,SEM_P03,nominal,S,core_P03_nom_S_b120_lexicographic,35,forward,3.75,3.5,3.75,3.5,6.123233995736766e-17,1.0,45,audit_results/semantic_development_acquisition_20260923/episodes/core_P03_nom_S_b120_lexicographic/steps/035.json.gz,5.75
six_parent_nominal_development,SEM_P03,nominal,S,core_P03_nom_S_b120_lexicographic,36,forward,3.75,3.75,3.75,3.75,6.123233995736766e-17,1.0,45,audit_results/semantic_development_acquisition_20260923/episodes/core_P03_nom_S_b120_lexicographic/steps/036.json.gz,6.0
six_parent_nominal_development,SEM_P03,nominal,S,core_P03_nom_S_b120_lexicographic,37,right,3.75,3.75,3.75,3.75,0.4999999999999995,0.8660254037844389,44,audit_results/semantic_development_acquisition_20260923/episodes/core_P03_nom_S_b120_lexicographic/steps/037.json.gz,6.0
six_parent_nominal_development,SEM_P03,nominal,S,core_P03_nom_S_b120_lexicographic,38,observe,3.75,3.75,3.75,3.75,0.4999999999999995,0.8660254037844389,42,audit_results/semantic_development_acquisition_20260923/episodes/core_P03_nom_S_b120_lexicographic/steps/038.json.gz,6.0
six_parent_nominal_development,SEM_P03,nominal,S,core_P03_nom_S_b120_lexicographic,39,left,3.75,3.75,3.75,3.75,6.123233995736766e-17,1.0,42,audit_results/semantic_development_acquisition_20260923/episodes/core_P03_nom_S_b120_lexicographic/steps/039.json.gz,6.0
six_parent_nominal_development,SEM_P03,nominal,S,core_P03_nom_S_b120_lexicographic,40,left,3.75,3.75,3.75,3.75,-0.4999999999999994,0.8660254037844389,41,audit_results/semantic_development_acquisition_20260923/episodes/core_P03_nom_S_b120_lexicographic/steps/040.json.gz,6.0
six_parent_nominal_development,SEM_P03,nominal,S,core_P03_nom_S_b120_lexicographic,41,observe,3.75,3.75,3.75,3.75,-0.4999999999999994,0.8660254037844389,39,audit_results/semantic_development_acquisition_20260923/episodes/core_P03_nom_S_b120_lexicographic/steps/041.json.gz,6.0
six_parent_nominal_development,SEM_P03,nominal,S,core_P03_nom_S_b120_lexicographic,42,right,3.75,3.75,3.75,3.75,6.123233995736766e-17,1.0,37,audit_results/semantic_development_acquisition_20260923/episodes/core_P03_nom_S_b120_lexicographic/steps/042.json.gz,6.0
six_parent_nominal_development,SEM_P03,nominal,S,core_P03_nom_S_b120_lexicographic,43,forward,3.75,4.0,3.75,4.0,6.123233995736766e-17,1.0,35,audit_results/semantic_development_acquisition_20260923/episodes/core_P03_nom_S_b120_lexicographic/steps/043.json.gz,6.25
six_parent_nominal_development,SEM_P03,nominal,S,core_P03_nom_S_b120_lexicographic,44,forward,3.75,4.25,3.75,4.25,6.123233995736766e-17,1.0,33,audit_results/semantic_development_acquisition_20260923/episodes/core_P03_nom_S_b120_lexicographic/steps/044.json.gz,6.5
six_parent_nominal_development,SEM_P03,nominal,S,core_P03_nom_S_b120_lexicographic,45,forward,3.75,4.5,3.75,4.5,6.123233995736766e-17,1.0,31,audit_results/semantic_development_acquisition_20260923/episodes/core_P03_nom_S_b120_lexicographic/steps/045.json.gz,6.75
six_parent_nominal_development,SEM_P03,nominal,S,core_P03_nom_S_b120_lexicographic,46,forward,3.75,4.75,3.75,4.75,6.123233995736766e-17,1.0,29,audit_results/semantic_development_acquisition_20260923/episodes/core_P03_nom_S_b120_lexicographic/steps/046.json.gz,7.0
six_parent_nominal_development,SEM_P03,nominal,S,core_P03_nom_S_b120_lexicographic,47,forward,3.75,5.0,3.75,5.0,6.123233995736766e-17,1.0,27,audit_results/semantic_development_acquisition_20260923/episodes/core_P03_nom_S_b120_lexicographic/steps/047.json.gz,7.25
six_parent_nominal_development,SEM_P03,nominal,S,core_P03_nom_S_b120_lexicographic,48,forward,3.75,5.25,3.75,5.25,6.123233995736766e-17,1.0,25,audit_results/semantic_development_acquisition_20260923/episodes/core_P03_nom_S_b120_lexicographic/steps/048.json.gz,7.5
six_parent_nominal_development,SEM_P03,nominal,S,core_P03_nom_S_b120_lexicographic,49,forward,3.75,5.5,3.75,5.5,6.123233995736766e-17,1.0,23,audit_results/semantic_development_acquisition_20260923/episodes/core_P03_nom_S_b120_lexicographic/steps/049.json.gz,7.75
six_parent_nominal_development,SEM_P03,nominal,S,core_P03_nom_S_b120_lexicographic,50,forward,3.75,5.75,3.75,5.75,6.123233995736766e-17,1.0,23,audit_results/semantic_development_acquisition_20260923/episodes/core_P03_nom_S_b120_lexicographic/steps/050.json.gz,8.0
six_parent_nominal_development,SEM_P03,nominal,S,core_P03_nom_S_b120_lexicographic,51,right,3.75,5.75,3.75,5.75,0.4999999999999995,0.8660254037844389,23,audit_results/semantic_development_acquisition_20260923/episodes/core_P03_nom_S_b120_lexicographic/steps/051.json.gz,8.0
six_parent_nominal_development,SEM_P03,nominal,S,core_P03_nom_S_b120_lexicographic,52,right,3.75,5.75,3.75,5.75,0.8660254037844383,0.5000000000000007,22,audit_results/semantic_development_acquisition_20260923/episodes/core_P03_nom_S_b120_lexicographic/steps/052.json.gz,8.0
six_parent_nominal_development,SEM_P03,nominal,S,core_P03_nom_S_b120_lexicographic,53,observe,3.75,5.75,3.75,5.75,0.8660254037844383,0.5000000000000007,20,audit_results/semantic_development_acquisition_20260923/episodes/core_P03_nom_S_b120_lexicographic/steps/053.json.gz,8.0
six_parent_nominal_development,SEM_P03,nominal,S,core_P03_nom_S_b120_lexicographic,54,left,3.75,5.75,3.75,5.75,0.4999999999999995,0.8660254037844389,18,audit_results/semantic_development_acquisition_20260923/episodes/core_P03_nom_S_b120_lexicographic/steps/054.json.gz,8.0
six_parent_nominal_development,SEM_P03,nominal,S,core_P03_nom_S_b120_lexicographic,55,left,3.75,5.75,3.75,5.75,6.123233995736766e-17,1.0,18,audit_results/semantic_development_acquisition_20260923/episodes/core_P03_nom_S_b120_lexicographic/steps/055.json.gz,8.0
six_parent_nominal_development,SEM_P03,nominal,S,core_P03_nom_S_b120_lexicographic,56,left,3.75,5.75,3.75,5.75,-0.4999999999999994,0.8660254037844389,17,audit_results/semantic_development_acquisition_20260923/episodes/core_P03_nom_S_b120_lexicographic/steps/056.json.gz,8.0
six_parent_nominal_development,SEM_P03,nominal,S,core_P03_nom_S_b120_lexicographic,57,observe,3.75,5.75,3.75,5.75,-0.4999999999999994,0.8660254037844389,15,audit_results/semantic_development_acquisition_20260923/episodes/core_P03_nom_S_b120_lexicographic/steps/057.json.gz,8.0
six_parent_nominal_development,SEM_P03,nominal,S,core_P03_nom_S_b120_lexicographic,58,right,3.75,5.75,3.75,5.75,6.123233995736766e-17,1.0,13,audit_results/semantic_development_acquisition_20260923/episodes/core_P03_nom_S_b120_lexicographic/steps/058.json.gz,8.0
six_parent_nominal_development,SEM_P03,nominal,S,core_P03_nom_S_b120_lexicographic,59,forward,3.75,6.0,3.75,6.0,6.123233995736766e-17,1.0,11,audit_results/semantic_development_acquisition_20260923/episodes/core_P03_nom_S_b120_lexicographic/steps/059.json.gz,8.25
six_parent_nominal_development,SEM_P03,nominal,S,core_P03_nom_S_b120_lexicographic,60,forward,3.75,6.25,3.75,6.25,6.123233995736766e-17,1.0,9,audit_results/semantic_development_acquisition_20260923/episodes/core_P03_nom_S_b120_lexicographic/steps/060.json.gz,8.5
six_parent_nominal_development,SEM_P03,nominal,S,core_P03_nom_S_b120_lexicographic,61,forward,3.75,6.5,3.75,6.5,6.123233995736766e-17,1.0,7,audit_results/semantic_development_acquisition_20260923/episodes/core_P03_nom_S_b120_lexicographic/steps/061.json.gz,8.75
six_parent_nominal_development,SEM_P03,nominal,S,core_P03_nom_S_b120_lexicographic,62,forward,3.75,6.75,3.75,6.75,6.123233995736766e-17,1.0,7,audit_results/semantic_development_acquisition_20260923/episodes/core_P03_nom_S_b120_lexicographic/steps/062.json.gz,9.0
six_parent_nominal_development,SEM_P03,nominal,S,core_P03_nom_S_b120_lexicographic,63,right,3.75,6.75,3.75,6.75,0.4999999999999995,0.8660254037844389,6,audit_results/semantic_development_acquisition_20260923/episodes/core_P03_nom_S_b120_lexicographic/steps/063.json.gz,9.0
six_parent_nominal_development,SEM_P03,nominal,S,core_P03_nom_S_b120_lexicographic,64,observe,3.75,6.75,3.75,6.75,0.4999999999999995,0.8660254037844389,6,audit_results/semantic_development_acquisition_20260923/episodes/core_P03_nom_S_b120_lexicographic/steps/064.json.gz,9.0
six_parent_nominal_development,SEM_P03,nominal,S,core_P03_nom_S_b120_lexicographic,65,right,3.75,6.75,3.75,6.75,0.8660254037844383,0.5000000000000007,6,audit_results/semantic_development_acquisition_20260923/episodes/core_P03_nom_S_b120_lexicographic/steps/065.json.gz,9.0
six_parent_nominal_development,SEM_P03,nominal,S,core_P03_nom_S_b120_lexicographic,66,right,3.75,6.75,3.75,6.75,1.0,8.881784197001252e-16,6,audit_results/semantic_development_acquisition_20260923/episodes/core_P03_nom_S_b120_lexicographic/steps/066.json.gz,9.0
six_parent_nominal_development,SEM_P03,nominal,S,core_P03_nom_S_b120_lexicographic,67,right,3.75,6.75,3.75,6.75,0.8660254037844392,-0.4999999999999991,6,audit_results/semantic_development_acquisition_20260923/episodes/core_P03_nom_S_b120_lexicographic/steps/067.json.gz,9.0
six_parent_nominal_development,SEM_P03,nominal,S,core_P03_nom_S_b120_lexicographic,68,right,3.75,6.75,3.75,6.75,0.5000000000000011,-0.866025403784438,6,audit_results/semantic_development_acquisition_20260923/episodes/core_P03_nom_S_b120_lexicographic/steps/068.json.gz,9.0
six_parent_nominal_development,SEM_P03,nominal,S,core_P03_nom_S_b120_lexicographic,69,right,3.75,6.75,3.75,6.75,1.3934999695075554e-15,-1.0,6,audit_results/semantic_development_acquisition_20260923/episodes/core_P03_nom_S_b120_lexicographic/steps/069.json.gz,9.0
six_parent_nominal_development,SEM_P03,nominal,S,core_P03_nom_S_b120_lexicographic,70,forward,3.7500000000000004,6.5,3.7500000000000004,6.5,1.3934999695075554e-15,-1.0,6,audit_results/semantic_development_acquisition_20260923/episodes/core_P03_nom_S_b120_lexicographic/steps/070.json.gz,9.25
six_parent_nominal_development,SEM_P03,nominal,S,core_P03_nom_S_b120_lexicographic,71,forward,3.750000000000001,6.25,3.750000000000001,6.25,1.3934999695075554e-15,-1.0,6,audit_results/semantic_development_acquisition_20260923/episodes/core_P03_nom_S_b120_lexicographic/steps/071.json.gz,9.5
six_parent_nominal_development,SEM_P03,nominal,S,core_P03_nom_S_b120_lexicographic,72,forward,3.7500000000000013,6.0,3.7500000000000013,6.0,1.3934999695075554e-15,-1.0,6,audit_results/semantic_development_acquisition_20260923/episodes/core_P03_nom_S_b120_lexicographic/steps/072.json.gz,9.75
six_parent_nominal_development,SEM_P03,nominal,S,core_P03_nom_S_b120_lexicographic,73,forward,3.7500000000000018,5.75,3.7500000000000018,5.75,1.3934999695075554e-15,-1.0,6,audit_results/semantic_development_acquisition_20260923/episodes/core_P03_nom_S_b120_lexicographic/steps/073.json.gz,10.0
six_parent_nominal_development,SEM_P03,nominal,S,core_P03_nom_S_b120_lexicographic,74,forward,3.750000000000002,5.5,3.750000000000002,5.5,1.3934999695075554e-15,-1.0,6,audit_results/semantic_development_acquisition_20260923/episodes/core_P03_nom_S_b120_lexicographic/steps/074.json.gz,10.25
six_parent_nominal_development,SEM_P03,nominal,S,core_P03_nom_S_b120_lexicographic,75,forward,3.7500000000000027,5.25,3.7500000000000027,5.25,1.3934999695075554e-15,-1.0,6,audit_results/semantic_development_acquisition_20260923/episodes/core_P03_nom_S_b120_lexicographic/steps/075.json.gz,10.5
six_parent_nominal_development,SEM_P03,nominal,S,core_P03_nom_S_b120_lexicographic,76,forward,3.750000000000003,5.0,3.750000000000003,5.0,1.3934999695075554e-15,-1.0,6,audit_results/semantic_development_acquisition_20260923/episodes/core_P03_nom_S_b120_lexicographic/steps/076.json.gz,10.75
six_parent_nominal_development,SEM_P03,nominal,S,core_P03_nom_S_b120_lexicographic,77,forward,3.7500000000000036,4.75,3.7500000000000036,4.75,1.3934999695075554e-15,-1.0,4,audit_results/semantic_development_acquisition_20260923/episodes/core_P03_nom_S_b120_lexicographic/steps/077.json.gz,11.0
six_parent_nominal_development,SEM_P03,nominal,S,core_P03_nom_S_b120_lexicographic,78,right,3.7500000000000036,4.75,3.7500000000000036,4.75,-0.49999999999999867,-0.8660254037844394,2,audit_results/semantic_development_acquisition_20260923/episodes/core_P03_nom_S_b120_lexicographic/steps/078.json.gz,11.0
six_parent_nominal_development,SEM_P03,nominal,S,core_P03_nom_S_b120_lexicographic,79,right,3.7500000000000036,4.75,3.7500000000000036,4.75,-0.8660254037844378,-0.5000000000000014,1,audit_results/semantic_development_acquisition_20260923/episodes/core_P03_nom_S_b120_lexicographic/steps/079.json.gz,11.0
six_parent_nominal_development,SEM_P03,nominal,S,core_P03_nom_S_b120_lexicographic,80,observe,3.7500000000000036,4.75,3.7500000000000036,4.75,-0.8660254037844378,-0.5000000000000014,1,audit_results/semantic_development_acquisition_20260923/episodes/core_P03_nom_S_b120_lexicographic/steps/080.json.gz,11.0
six_parent_nominal_development,SEM_P03,nominal,S,core_P03_nom_S_b120_lexicographic,81,left,3.7500000000000036,4.75,3.7500000000000036,4.75,-0.49999999999999867,-0.8660254037844394,1,audit_results/semantic_development_acquisition_20260923/episodes/core_P03_nom_S_b120_lexicographic/steps/081.json.gz,11.0
six_parent_nominal_development,SEM_P03,nominal,S,core_P03_nom_S_b120_lexicographic,82,left,3.7500000000000036,4.75,3.7500000000000036,4.75,1.3934999695075554e-15,-1.0,1,audit_results/semantic_development_acquisition_20260923/episodes/core_P03_nom_S_b120_lexicographic/steps/082.json.gz,11.0
six_parent_nominal_development,SEM_P03,nominal,S,core_P03_nom_S_b120_lexicographic,83,forward,3.750000000000004,4.5,3.750000000000004,4.5,1.3934999695075554e-15,-1.0,1,audit_results/semantic_development_acquisition_20260923/episodes/core_P03_nom_S_b120_lexicographic/steps/083.json.gz,11.25
six_parent_nominal_development,SEM_P03,nominal,S,core_P03_nom_S_b120_lexicographic,84,forward,3.7500000000000044,4.25,3.7500000000000044,4.25,1.3934999695075554e-15,-1.0,1,audit_results/semantic_development_acquisition_20260923/episodes/core_P03_nom_S_b120_lexicographic/steps/084.json.gz,11.5
six_parent_nominal_development,SEM_P03,nominal,S,core_P03_nom_S_b120_lexicographic,85,forward,3.750000000000005,4.0,3.750000000000005,4.0,1.3934999695075554e-15,-1.0,1,audit_results/semantic_development_acquisition_20260923/episodes/core_P03_nom_S_b120_lexicographic/steps/085.json.gz,11.75
six_parent_nominal_development,SEM_P03,nominal,S,core_P03_nom_S_b120_lexicographic,86,forward,3.7500000000000053,3.75,3.7500000000000053,3.75,1.3934999695075554e-15,-1.0,1,audit_results/semantic_development_acquisition_20260923/episodes/core_P03_nom_S_b120_lexicographic/steps/086.json.gz,12.0
six_parent_nominal_development,SEM_P03,nominal,S,core_P03_nom_S_b120_lexicographic,87,forward,3.7500000000000058,3.5,3.7500000000000058,3.5,1.3934999695075554e-15,-1.0,1,audit_results/semantic_development_acquisition_20260923/episodes/core_P03_nom_S_b120_lexicographic/steps/087.json.gz,12.25
six_parent_nominal_development,SEM_P03,nominal,S,core_P03_nom_S_b120_lexicographic,88,forward,3.750000000000006,3.25,3.750000000000006,3.25,1.3934999695075554e-15,-1.0,1,audit_results/semantic_development_acquisition_20260923/episodes/core_P03_nom_S_b120_lexicographic/steps/088.json.gz,12.5
six_parent_nominal_development,SEM_P03,nominal,S,core_P03_nom_S_b120_lexicographic,89,forward,3.7500000000000067,3.0,3.7500000000000067,3.0,1.3934999695075554e-15,-1.0,1,audit_results/semantic_development_acquisition_20260923/episodes/core_P03_nom_S_b120_lexicographic/steps/089.json.gz,12.75
six_parent_nominal_development,SEM_P03,nominal,S,core_P03_nom_S_b120_lexicographic,90,forward,3.750000000000007,2.75,3.750000000000007,2.75,1.3934999695075554e-15,-1.0,1,audit_results/semantic_development_acquisition_20260923/episodes/core_P03_nom_S_b120_lexicographic/steps/090.json.gz,13.0
six_parent_nominal_development,SEM_P03,nominal,S,core_P03_nom_S_b120_lexicographic,91,forward,3.7500000000000075,2.5,3.7500000000000075,2.5,1.3934999695075554e-15,-1.0,1,audit_results/semantic_development_acquisition_20260923/episodes/core_P03_nom_S_b120_lexicographic/steps/091.json.gz,13.25
six_parent_nominal_development,SEM_P03,nominal,S,core_P03_nom_S_b120_lexicographic,92,forward,3.750000000000008,2.25,3.750000000000008,2.25,1.3934999695075554e-15,-1.0,1,audit_results/semantic_development_acquisition_20260923/episodes/core_P03_nom_S_b120_lexicographic/steps/092.json.gz,13.5
six_parent_nominal_development,SEM_P03,nominal,S,core_P03_nom_S_b120_lexicographic,93,forward,3.7500000000000084,2.0,3.7500000000000084,2.0,1.3934999695075554e-15,-1.0,1,audit_results/semantic_development_acquisition_20260923/episodes/core_P03_nom_S_b120_lexicographic/steps/093.json.gz,13.75
six_parent_nominal_development,SEM_P03,nominal,S,core_P03_nom_S_b120_lexicographic,94,forward,3.750000000000009,1.75,3.750000000000009,1.75,1.3934999695075554e-15,-1.0,1,audit_results/semantic_development_acquisition_20260923/episodes/core_P03_nom_S_b120_lexicographic/steps/094.json.gz,14.0
six_parent_nominal_development,SEM_P03,nominal,S,core_P03_nom_S_b120_lexicographic,95,right,3.750000000000009,1.75,3.750000000000009,1.75,-0.49999999999999867,-0.8660254037844394,0,audit_results/semantic_development_acquisition_20260923/episodes/core_P03_nom_S_b120_lexicographic/steps/095.json.gz,14.0
six_parent_nominal_development,SEM_P03,nominal,S,core_P03_nom_S_b120_lexicographic,96,observe,3.750000000000009,1.75,3.750000000000009,1.75,-0.49999999999999867,-0.8660254037844394,0,audit_results/semantic_development_acquisition_20260923/episodes/core_P03_nom_S_b120_lexicographic/steps/096.json.gz,14.0
six_parent_nominal_development,SEM_P03,nominal,S,core_P03_nom_S_b120_lexicographic,97,right,3.750000000000009,1.75,3.750000000000009,1.75,-0.8660254037844378,-0.5000000000000014,0,audit_results/semantic_development_acquisition_20260923/episodes/core_P03_nom_S_b120_lexicographic/steps/097.json.gz,14.0
six_parent_nominal_development,SEM_P03,nominal,S,core_P03_nom_S_b120_lexicographic,98,right,3.750000000000009,1.75,3.750000000000009,1.75,-1.0,-1.8988215193149856e-15,0,audit_results/semantic_development_acquisition_20260923/episodes/core_P03_nom_S_b120_lexicographic/steps/098.json.gz,14.0
six_parent_nominal_development,SEM_P03,nominal,S,core_P03_nom_S_b120_lexicographic,99,forward,3.500000000000009,1.7499999999999996,3.500000000000009,1.7499999999999996,-1.0,-1.8988215193149856e-15,0,audit_results/semantic_development_acquisition_20260923/episodes/core_P03_nom_S_b120_lexicographic/steps/099.json.gz,14.25
six_parent_nominal_development,SEM_P03,nominal,S,core_P03_nom_S_b120_lexicographic,100,forward,3.250000000000009,1.7499999999999991,3.250000000000009,1.7499999999999991,-1.0,-1.8988215193149856e-15,0,audit_results/semantic_development_acquisition_20260923/episodes/core_P03_nom_S_b120_lexicographic/steps/100.json.gz,14.5
six_parent_nominal_development,SEM_P03,nominal,S,core_P03_nom_S_b120_lexicographic,101,forward,3.000000000000009,1.7499999999999987,3.000000000000009,1.7499999999999987,-1.0,-1.8988215193149856e-15,0,audit_results/semantic_development_acquisition_20260923/episodes/core_P03_nom_S_b120_lexicographic/steps/101.json.gz,14.75
six_parent_nominal_development,SEM_P03,nominal,S,core_P03_nom_S_b120_lexicographic,102,forward,2.750000000000009,1.7499999999999982,2.750000000000009,1.7499999999999982,-1.0,-1.8988215193149856e-15,0,audit_results/semantic_development_acquisition_20260923/episodes/core_P03_nom_S_b120_lexicographic/steps/102.json.gz,15.0
six_parent_nominal_development,SEM_P03,nominal,S,core_P03_nom_S_b120_lexicographic,103,forward,2.500000000000009,1.7499999999999978,2.500000000000009,1.7499999999999978,-1.0,-1.8988215193149856e-15,0,audit_results/semantic_development_acquisition_20260923/episodes/core_P03_nom_S_b120_lexicographic/steps/103.json.gz,15.25
six_parent_nominal_development,SEM_P03,nominal,S,core_P03_nom_S_b120_lexicographic,104,forward,2.250000000000009,1.7499999999999973,2.250000000000009,1.7499999999999973,-1.0,-1.8988215193149856e-15,0,audit_results/semantic_development_acquisition_20260923/episodes/core_P03_nom_S_b120_lexicographic/steps/104.json.gz,15.5
six_parent_nominal_development,SEM_P03,nominal,S,core_P03_nom_S_b120_lexicographic,105,forward,2.000000000000009,1.749999999999997,2.000000000000009,1.749999999999997,-1.0,-1.8988215193149856e-15,0,audit_results/semantic_development_acquisition_20260923/episodes/core_P03_nom_S_b120_lexicographic/steps/105.json.gz,15.75
six_parent_nominal_development,SEM_P03,nominal,S,core_P03_nom_S_b120_lexicographic,106,forward,1.7500000000000089,1.7499999999999964,1.7500000000000089,1.7499999999999964,-1.0,-1.8988215193149856e-15,0,audit_results/semantic_development_acquisition_20260923/episodes/core_P03_nom_S_b120_lexicographic/steps/106.json.gz,16.0
six_parent_nominal_development,SEM_P03,nominal,S,core_P03_nom_S_b120_lexicographic,107,forward,1.5000000000000089,1.749999999999996,1.5000000000000089,1.749999999999996,-1.0,-1.8988215193149856e-15,0,audit_results/semantic_development_acquisition_20260923/episodes/core_P03_nom_S_b120_lexicographic/steps/107.json.gz,16.25
six_parent_nominal_development,SEM_P03,nominal,S,core_P03_nom_S_b120_lexicographic,108,forward,1.2500000000000089,1.7499999999999956,1.2500000000000089,1.7499999999999956,-1.0,-1.8988215193149856e-15,0,audit_results/semantic_development_acquisition_20260923/episodes/core_P03_nom_S_b120_lexicographic/steps/108.json.gz,16.5
six_parent_nominal_development,SEM_P03,nominal,S,core_P03_nom_S_b120_lexicographic,109,forward,1.0000000000000089,1.7499999999999951,1.0000000000000089,1.7499999999999951,-1.0,-1.8988215193149856e-15,0,audit_results/semantic_development_acquisition_20260923/episodes/core_P03_nom_S_b120_lexicographic/steps/109.json.gz,16.75
six_parent_nominal_development,SEM_P03,nominal,S,core_P03_nom_S_b120_lexicographic,110,forward,0.7500000000000089,1.7499999999999947,0.7500000000000089,1.7499999999999947,-1.0,-1.8988215193149856e-15,0,audit_results/semantic_development_acquisition_20260923/episodes/core_P03_nom_S_b120_lexicographic/steps/110.json.gz,17.0
six_parent_nominal_development,SEM_P03,nominal,S,core_P03_nom_S_b120_lexicographic,111,left,0.7500000000000089,1.7499999999999947,0.7500000000000089,1.7499999999999947,-0.8660254037844378,-0.5000000000000014,0,audit_results/semantic_development_acquisition_20260923/episodes/core_P03_nom_S_b120_lexicographic/steps/111.json.gz,17.0
six_parent_nominal_development,SEM_P03,nominal,S,core_P03_nom_S_b120_lexicographic,112,left,0.7500000000000089,1.7499999999999947,0.7500000000000089,1.7499999999999947,-0.49999999999999867,-0.8660254037844394,0,audit_results/semantic_development_acquisition_20260923/episodes/core_P03_nom_S_b120_lexicographic/steps/112.json.gz,17.0
six_parent_nominal_development,SEM_P03,nominal,S,core_P03_nom_S_b120_lexicographic,113,left,0.7500000000000089,1.7499999999999947,0.7500000000000089,1.7499999999999947,1.3934999695075554e-15,-1.0,0,audit_results/semantic_development_acquisition_20260923/episodes/core_P03_nom_S_b120_lexicographic/steps/113.json.gz,17.0
six_parent_nominal_development,SEM_P03,nominal,S,core_P03_nom_S_b120_lexicographic,114,forward,0.7500000000000092,1.4999999999999947,0.7500000000000092,1.4999999999999947,1.3934999695075554e-15,-1.0,0,audit_results/semantic_development_acquisition_20260923/episodes/core_P03_nom_S_b120_lexicographic/steps/114.json.gz,17.25
six_parent_nominal_development,SEM_P03,nominal,S,core_P03_nom_S_b120_lexicographic,115,forward,0.7500000000000095,1.2499999999999947,0.7500000000000095,1.2499999999999947,1.3934999695075554e-15,-1.0,0,audit_results/semantic_development_acquisition_20260923/episodes/core_P03_nom_S_b120_lexicographic/steps/115.json.gz,17.5
six_parent_nominal_development,SEM_P03,nominal,S,core_P03_nom_S_b120_lexicographic,116,forward,0.7500000000000099,0.9999999999999947,0.7500000000000099,0.9999999999999947,1.3934999695075554e-15,-1.0,0,audit_results/semantic_development_acquisition_20260923/episodes/core_P03_nom_S_b120_lexicographic/steps/116.json.gz,17.75
six_parent_nominal_development,SEM_P03,nominal,S,core_P03_nom_S_b120_lexicographic,117,forward,0.7500000000000102,0.7499999999999947,0.7500000000000102,0.7499999999999947,1.3934999695075554e-15,-1.0,0,audit_results/semantic_development_acquisition_20260923/episodes/core_P03_nom_S_b120_lexicographic/steps/117.json.gz,18.0
six_parent_nominal_development,SEM_P03,nominal,S,core_P03_nom_S_b120_lexicographic,118,left,0.7500000000000102,0.7499999999999947,0.7500000000000102,0.7499999999999947,0.5000000000000011,-0.866025403784438,0,audit_results/semantic_development_acquisition_20260923/episodes/core_P03_nom_S_b120_lexicographic/steps/118.json.gz,18.0
six_parent_nominal_development,SEM_P03,nominal,S,core_P03_nom_S_b120_lexicographic,119,left,0.7500000000000102,0.7499999999999947,0.7500000000000102,0.7499999999999947,0.8660254037844392,-0.4999999999999991,0,audit_results/semantic_development_acquisition_20260923/episodes/core_P03_nom_S_b120_lexicographic/steps/119.json.gz,18.0
six_parent_nominal_development,SEM_P03,nominal,S,core_P03_nom_S_b120_lexicographic,120,left,0.7500000000000102,0.7499999999999947,0.7500000000000102,0.7499999999999947,1.0,8.881784197001252e-16,,audit_results/semantic_development_acquisition_20260923/episodes/core_P03_nom_S_b120_lexicographic/steps/120.json.gz,18.0
six_parent_nominal_development,SEM_P04,nominal,G,core_P04_nom_G_b120_lexicographic,0,initial,0.75,0.75,0.75,0.75,1.0,0.0,118,audit_results/semantic_development_acquisition_20260923/episodes/core_P04_nom_G_b120_lexicographic/steps/000.json.gz,0.0
six_parent_nominal_development,SEM_P04,nominal,G,core_P04_nom_G_b120_lexicographic,1,left,0.75,0.75,0.75,0.75,0.8660254037844387,0.49999999999999983,116,audit_results/semantic_development_acquisition_20260923/episodes/core_P04_nom_G_b120_lexicographic/steps/001.json.gz,0.0
six_parent_nominal_development,SEM_P04,nominal,G,core_P04_nom_G_b120_lexicographic,2,left,0.75,0.75,0.75,0.75,0.5000000000000003,0.8660254037844385,114,audit_results/semantic_development_acquisition_20260923/episodes/core_P04_nom_G_b120_lexicographic/steps/002.json.gz,0.0
six_parent_nominal_development,SEM_P04,nominal,G,core_P04_nom_G_b120_lexicographic,3,left,0.75,0.75,0.75,0.75,6.123233995736766e-17,1.0,106,audit_results/semantic_development_acquisition_20260923/episodes/core_P04_nom_G_b120_lexicographic/steps/003.json.gz,0.0
six_parent_nominal_development,SEM_P04,nominal,G,core_P04_nom_G_b120_lexicographic,4,forward,0.75,1.0,0.75,1.0,6.123233995736766e-17,1.0,104,audit_results/semantic_development_acquisition_20260923/episodes/core_P04_nom_G_b120_lexicographic/steps/004.json.gz,0.25
six_parent_nominal_development,SEM_P04,nominal,G,core_P04_nom_G_b120_lexicographic,5,forward,0.75,1.25,0.75,1.25,6.123233995736766e-17,1.0,102,audit_results/semantic_development_acquisition_20260923/episodes/core_P04_nom_G_b120_lexicographic/steps/005.json.gz,0.5
six_parent_nominal_development,SEM_P04,nominal,G,core_P04_nom_G_b120_lexicographic,6,forward,0.75,1.5,0.75,1.5,6.123233995736766e-17,1.0,100,audit_results/semantic_development_acquisition_20260923/episodes/core_P04_nom_G_b120_lexicographic/steps/006.json.gz,0.75
six_parent_nominal_development,SEM_P04,nominal,G,core_P04_nom_G_b120_lexicographic,7,forward,0.75,1.75,0.75,1.75,6.123233995736766e-17,1.0,98,audit_results/semantic_development_acquisition_20260923/episodes/core_P04_nom_G_b120_lexicographic/steps/007.json.gz,1.0
six_parent_nominal_development,SEM_P04,nominal,G,core_P04_nom_G_b120_lexicographic,8,forward,0.75,2.0,0.75,2.0,6.123233995736766e-17,1.0,96,audit_results/semantic_development_acquisition_20260923/episodes/core_P04_nom_G_b120_lexicographic/steps/008.json.gz,1.25
six_parent_nominal_development,SEM_P04,nominal,G,core_P04_nom_G_b120_lexicographic,9,forward,0.75,2.25,0.75,2.25,6.123233995736766e-17,1.0,94,audit_results/semantic_development_acquisition_20260923/episodes/core_P04_nom_G_b120_lexicographic/steps/009.json.gz,1.5
six_parent_nominal_development,SEM_P04,nominal,G,core_P04_nom_G_b120_lexicographic,10,forward,0.75,2.5,0.75,2.5,6.123233995736766e-17,1.0,92,audit_results/semantic_development_acquisition_20260923/episodes/core_P04_nom_G_b120_lexicographic/steps/010.json.gz,1.75
six_parent_nominal_development,SEM_P04,nominal,G,core_P04_nom_G_b120_lexicographic,11,forward,0.75,2.75,0.75,2.75,6.123233995736766e-17,1.0,90,audit_results/semantic_development_acquisition_20260923/episodes/core_P04_nom_G_b120_lexicographic/steps/011.json.gz,2.0
six_parent_nominal_development,SEM_P04,nominal,G,core_P04_nom_G_b120_lexicographic,12,forward,0.75,3.0,0.75,3.0,6.123233995736766e-17,1.0,88,audit_results/semantic_development_acquisition_20260923/episodes/core_P04_nom_G_b120_lexicographic/steps/012.json.gz,2.25
six_parent_nominal_development,SEM_P04,nominal,G,core_P04_nom_G_b120_lexicographic,13,forward,0.75,3.25,0.75,3.25,6.123233995736766e-17,1.0,86,audit_results/semantic_development_acquisition_20260923/episodes/core_P04_nom_G_b120_lexicographic/steps/013.json.gz,2.5
six_parent_nominal_development,SEM_P04,nominal,G,core_P04_nom_G_b120_lexicographic,14,forward,0.75,3.5,0.75,3.5,6.123233995736766e-17,1.0,84,audit_results/semantic_development_acquisition_20260923/episodes/core_P04_nom_G_b120_lexicographic/steps/014.json.gz,2.75
six_parent_nominal_development,SEM_P04,nominal,G,core_P04_nom_G_b120_lexicographic,15,forward,0.75,3.75,0.75,3.75,6.123233995736766e-17,1.0,84,audit_results/semantic_development_acquisition_20260923/episodes/core_P04_nom_G_b120_lexicographic/steps/015.json.gz,3.0
six_parent_nominal_development,SEM_P04,nominal,G,core_P04_nom_G_b120_lexicographic,16,right,0.75,3.75,0.75,3.75,0.4999999999999995,0.8660254037844389,83,audit_results/semantic_development_acquisition_20260923/episodes/core_P04_nom_G_b120_lexicographic/steps/016.json.gz,3.0
six_parent_nominal_development,SEM_P04,nominal,G,core_P04_nom_G_b120_lexicographic,17,observe,0.75,3.75,0.75,3.75,0.4999999999999995,0.8660254037844389,81,audit_results/semantic_development_acquisition_20260923/episodes/core_P04_nom_G_b120_lexicographic/steps/017.json.gz,3.0
six_parent_nominal_development,SEM_P04,nominal,G,core_P04_nom_G_b120_lexicographic,18,left,0.75,3.75,0.75,3.75,6.123233995736766e-17,1.0,79,audit_results/semantic_development_acquisition_20260923/episodes/core_P04_nom_G_b120_lexicographic/steps/018.json.gz,3.0
six_parent_nominal_development,SEM_P04,nominal,G,core_P04_nom_G_b120_lexicographic,19,forward,0.75,4.0,0.75,4.0,6.123233995736766e-17,1.0,77,audit_results/semantic_development_acquisition_20260923/episodes/core_P04_nom_G_b120_lexicographic/steps/019.json.gz,3.25
six_parent_nominal_development,SEM_P04,nominal,G,core_P04_nom_G_b120_lexicographic,20,forward,0.75,4.25,0.75,4.25,6.123233995736766e-17,1.0,75,audit_results/semantic_development_acquisition_20260923/episodes/core_P04_nom_G_b120_lexicographic/steps/020.json.gz,3.5
six_parent_nominal_development,SEM_P04,nominal,G,core_P04_nom_G_b120_lexicographic,21,forward,0.75,4.5,0.75,4.5,6.123233995736766e-17,1.0,73,audit_results/semantic_development_acquisition_20260923/episodes/core_P04_nom_G_b120_lexicographic/steps/021.json.gz,3.75
six_parent_nominal_development,SEM_P04,nominal,G,core_P04_nom_G_b120_lexicographic,22,forward,0.75,4.75,0.75,4.75,6.123233995736766e-17,1.0,73,audit_results/semantic_development_acquisition_20260923/episodes/core_P04_nom_G_b120_lexicographic/steps/022.json.gz,4.0
six_parent_nominal_development,SEM_P04,nominal,G,core_P04_nom_G_b120_lexicographic,23,right,0.75,4.75,0.75,4.75,0.4999999999999995,0.8660254037844389,73,audit_results/semantic_development_acquisition_20260923/episodes/core_P04_nom_G_b120_lexicographic/steps/023.json.gz,4.0
six_parent_nominal_development,SEM_P04,nominal,G,core_P04_nom_G_b120_lexicographic,24,right,0.75,4.75,0.75,4.75,0.8660254037844383,0.5000000000000007,73,audit_results/semantic_development_acquisition_20260923/episodes/core_P04_nom_G_b120_lexicographic/steps/024.json.gz,4.0
six_parent_nominal_development,SEM_P04,nominal,G,core_P04_nom_G_b120_lexicographic,25,right,0.75,4.75,0.75,4.75,1.0,8.881784197001252e-16,65,audit_results/semantic_development_acquisition_20260923/episodes/core_P04_nom_G_b120_lexicographic/steps/025.json.gz,4.0
six_parent_nominal_development,SEM_P04,nominal,G,core_P04_nom_G_b120_lexicographic,26,forward,1.0,4.75,1.0,4.75,1.0,8.881784197001252e-16,63,audit_results/semantic_development_acquisition_20260923/episodes/core_P04_nom_G_b120_lexicographic/steps/026.json.gz,4.25
six_parent_nominal_development,SEM_P04,nominal,G,core_P04_nom_G_b120_lexicographic,27,forward,1.25,4.75,1.25,4.75,1.0,8.881784197001252e-16,61,audit_results/semantic_development_acquisition_20260923/episodes/core_P04_nom_G_b120_lexicographic/steps/027.json.gz,4.5
six_parent_nominal_development,SEM_P04,nominal,G,core_P04_nom_G_b120_lexicographic,28,forward,1.5,4.75,1.5,4.75,1.0,8.881784197001252e-16,59,audit_results/semantic_development_acquisition_20260923/episodes/core_P04_nom_G_b120_lexicographic/steps/028.json.gz,4.75
six_parent_nominal_development,SEM_P04,nominal,G,core_P04_nom_G_b120_lexicographic,29,forward,1.75,4.75,1.75,4.75,1.0,8.881784197001252e-16,57,audit_results/semantic_development_acquisition_20260923/episodes/core_P04_nom_G_b120_lexicographic/steps/029.json.gz,5.0
six_parent_nominal_development,SEM_P04,nominal,G,core_P04_nom_G_b120_lexicographic,30,forward,2.0,4.75,2.0,4.75,1.0,8.881784197001252e-16,55,audit_results/semantic_development_acquisition_20260923/episodes/core_P04_nom_G_b120_lexicographic/steps/030.json.gz,5.25
six_parent_nominal_development,SEM_P04,nominal,G,core_P04_nom_G_b120_lexicographic,31,forward,2.25,4.75,2.25,4.75,1.0,8.881784197001252e-16,53,audit_results/semantic_development_acquisition_20260923/episodes/core_P04_nom_G_b120_lexicographic/steps/031.json.gz,5.5
six_parent_nominal_development,SEM_P04,nominal,G,core_P04_nom_G_b120_lexicographic,32,forward,2.5,4.75,2.5,4.75,1.0,8.881784197001252e-16,51,audit_results/semantic_development_acquisition_20260923/episodes/core_P04_nom_G_b120_lexicographic/steps/032.json.gz,5.75
six_parent_nominal_development,SEM_P04,nominal,G,core_P04_nom_G_b120_lexicographic,33,forward,2.75,4.75,2.75,4.75,1.0,8.881784197001252e-16,50,audit_results/semantic_development_acquisition_20260923/episodes/core_P04_nom_G_b120_lexicographic/steps/033.json.gz,6.0
six_parent_nominal_development,SEM_P04,nominal,G,core_P04_nom_G_b120_lexicographic,34,observe,2.75,4.75,2.75,4.75,1.0,8.881784197001252e-16,50,audit_results/semantic_development_acquisition_20260923/episodes/core_P04_nom_G_b120_lexicographic/steps/034.json.gz,6.0
six_parent_nominal_development,SEM_P04,nominal,G,core_P04_nom_G_b120_lexicographic,35,right,2.75,4.75,2.75,4.75,0.8660254037844392,-0.4999999999999991,50,audit_results/semantic_development_acquisition_20260923/episodes/core_P04_nom_G_b120_lexicographic/steps/035.json.gz,6.0
six_parent_nominal_development,SEM_P04,nominal,G,core_P04_nom_G_b120_lexicographic,36,right,2.75,4.75,2.75,4.75,0.5000000000000011,-0.866025403784438,50,audit_results/semantic_development_acquisition_20260923/episodes/core_P04_nom_G_b120_lexicographic/steps/036.json.gz,6.0
six_parent_nominal_development,SEM_P04,nominal,G,core_P04_nom_G_b120_lexicographic,37,right,2.75,4.75,2.75,4.75,1.3934999695075554e-15,-1.0,50,audit_results/semantic_development_acquisition_20260923/episodes/core_P04_nom_G_b120_lexicographic/steps/037.json.gz,6.0
six_parent_nominal_development,SEM_P04,nominal,G,core_P04_nom_G_b120_lexicographic,38,forward,2.7500000000000004,4.5,2.7500000000000004,4.5,1.3934999695075554e-15,-1.0,50,audit_results/semantic_development_acquisition_20260923/episodes/core_P04_nom_G_b120_lexicographic/steps/038.json.gz,6.25
six_parent_nominal_development,SEM_P04,nominal,G,core_P04_nom_G_b120_lexicographic,39,forward,2.750000000000001,4.25,2.750000000000001,4.25,1.3934999695075554e-15,-1.0,50,audit_results/semantic_development_acquisition_20260923/episodes/core_P04_nom_G_b120_lexicographic/steps/039.json.gz,6.5
six_parent_nominal_development,SEM_P04,nominal,G,core_P04_nom_G_b120_lexicographic,40,forward,2.7500000000000013,4.0,2.7500000000000013,4.0,1.3934999695075554e-15,-1.0,50,audit_results/semantic_development_acquisition_20260923/episodes/core_P04_nom_G_b120_lexicographic/steps/040.json.gz,6.75
six_parent_nominal_development,SEM_P04,nominal,G,core_P04_nom_G_b120_lexicographic,41,forward,2.7500000000000018,3.75,2.7500000000000018,3.75,1.3934999695075554e-15,-1.0,49,audit_results/semantic_development_acquisition_20260923/episodes/core_P04_nom_G_b120_lexicographic/steps/041.json.gz,7.0
six_parent_nominal_development,SEM_P04,nominal,G,core_P04_nom_G_b120_lexicographic,42,observe,2.7500000000000018,3.75,2.7500000000000018,3.75,1.3934999695075554e-15,-1.0,47,audit_results/semantic_development_acquisition_20260923/episodes/core_P04_nom_G_b120_lexicographic/steps/042.json.gz,7.0
six_parent_nominal_development,SEM_P04,nominal,G,core_P04_nom_G_b120_lexicographic,43,right,2.7500000000000018,3.75,2.7500000000000018,3.75,-0.49999999999999867,-0.8660254037844394,46,audit_results/semantic_development_acquisition_20260923/episodes/core_P04_nom_G_b120_lexicographic/steps/043.json.gz,7.0
six_parent_nominal_development,SEM_P04,nominal,G,core_P04_nom_G_b120_lexicographic,44,observe,2.7500000000000018,3.75,2.7500000000000018,3.75,-0.49999999999999867,-0.8660254037844394,46,audit_results/semantic_development_acquisition_20260923/episodes/core_P04_nom_G_b120_lexicographic/steps/044.json.gz,7.0
six_parent_nominal_development,SEM_P04,nominal,G,core_P04_nom_G_b120_lexicographic,45,left,2.7500000000000018,3.75,2.7500000000000018,3.75,1.3934999695075554e-15,-1.0,46,audit_results/semantic_development_acquisition_20260923/episodes/core_P04_nom_G_b120_lexicographic/steps/045.json.gz,7.0
six_parent_nominal_development,SEM_P04,nominal,G,core_P04_nom_G_b120_lexicographic,46,forward,2.750000000000002,3.5,2.750000000000002,3.5,1.3934999695075554e-15,-1.0,46,audit_results/semantic_development_acquisition_20260923/episodes/core_P04_nom_G_b120_lexicographic/steps/046.json.gz,7.25
six_parent_nominal_development,SEM_P04,nominal,G,core_P04_nom_G_b120_lexicographic,47,forward,2.7500000000000027,3.25,2.7500000000000027,3.25,1.3934999695075554e-15,-1.0,46,audit_results/semantic_development_acquisition_20260923/episodes/core_P04_nom_G_b120_lexicographic/steps/047.json.gz,7.5
six_parent_nominal_development,SEM_P04,nominal,G,core_P04_nom_G_b120_lexicographic,48,forward,2.750000000000003,3.0,2.750000000000003,3.0,1.3934999695075554e-15,-1.0,46,audit_results/semantic_development_acquisition_20260923/episodes/core_P04_nom_G_b120_lexicographic/steps/048.json.gz,7.75
six_parent_nominal_development,SEM_P04,nominal,G,core_P04_nom_G_b120_lexicographic,49,forward,2.7500000000000036,2.75,2.7500000000000036,2.75,1.3934999695075554e-15,-1.0,45,audit_results/semantic_development_acquisition_20260923/episodes/core_P04_nom_G_b120_lexicographic/steps/049.json.gz,8.0
six_parent_nominal_development,SEM_P04,nominal,G,core_P04_nom_G_b120_lexicographic,50,observe,2.7500000000000036,2.75,2.7500000000000036,2.75,1.3934999695075554e-15,-1.0,45,audit_results/semantic_development_acquisition_20260923/episodes/core_P04_nom_G_b120_lexicographic/steps/050.json.gz,8.0
six_parent_nominal_development,SEM_P04,nominal,G,core_P04_nom_G_b120_lexicographic,51,forward,2.750000000000004,2.5,2.750000000000004,2.5,1.3934999695075554e-15,-1.0,45,audit_results/semantic_development_acquisition_20260923/episodes/core_P04_nom_G_b120_lexicographic/steps/051.json.gz,8.25
six_parent_nominal_development,SEM_P04,nominal,G,core_P04_nom_G_b120_lexicographic,52,forward,2.7500000000000044,2.25,2.7500000000000044,2.25,1.3934999695075554e-15,-1.0,45,audit_results/semantic_development_acquisition_20260923/episodes/core_P04_nom_G_b120_lexicographic/steps/052.json.gz,8.5
six_parent_nominal_development,SEM_P04,nominal,G,core_P04_nom_G_b120_lexicographic,53,forward,2.750000000000005,2.0,2.750000000000005,2.0,1.3934999695075554e-15,-1.0,45,audit_results/semantic_development_acquisition_20260923/episodes/core_P04_nom_G_b120_lexicographic/steps/053.json.gz,8.75
six_parent_nominal_development,SEM_P04,nominal,G,core_P04_nom_G_b120_lexicographic,54,forward,2.7500000000000053,1.75,2.7500000000000053,1.75,1.3934999695075554e-15,-1.0,45,audit_results/semantic_development_acquisition_20260923/episodes/core_P04_nom_G_b120_lexicographic/steps/054.json.gz,9.0
six_parent_nominal_development,SEM_P04,nominal,G,core_P04_nom_G_b120_lexicographic,55,right,2.7500000000000053,1.75,2.7500000000000053,1.75,-0.49999999999999867,-0.8660254037844394,45,audit_results/semantic_development_acquisition_20260923/episodes/core_P04_nom_G_b120_lexicographic/steps/055.json.gz,9.0
six_parent_nominal_development,SEM_P04,nominal,G,core_P04_nom_G_b120_lexicographic,56,right,2.7500000000000053,1.75,2.7500000000000053,1.75,-0.8660254037844378,-0.5000000000000014,44,audit_results/semantic_development_acquisition_20260923/episodes/core_P04_nom_G_b120_lexicographic/steps/056.json.gz,9.0
six_parent_nominal_development,SEM_P04,nominal,G,core_P04_nom_G_b120_lexicographic,57,observe,2.7500000000000053,1.75,2.7500000000000053,1.75,-0.8660254037844378,-0.5000000000000014,44,audit_results/semantic_development_acquisition_20260923/episodes/core_P04_nom_G_b120_lexicographic/steps/057.json.gz,9.0
six_parent_nominal_development,SEM_P04,nominal,G,core_P04_nom_G_b120_lexicographic,58,right,2.7500000000000053,1.75,2.7500000000000053,1.75,-1.0,-1.8988215193149856e-15,44,audit_results/semantic_development_acquisition_20260923/episodes/core_P04_nom_G_b120_lexicographic/steps/058.json.gz,9.0
six_parent_nominal_development,SEM_P04,nominal,G,core_P04_nom_G_b120_lexicographic,59,forward,2.5000000000000053,1.7499999999999996,2.5000000000000053,1.7499999999999996,-1.0,-1.8988215193149856e-15,44,audit_results/semantic_development_acquisition_20260923/episodes/core_P04_nom_G_b120_lexicographic/steps/059.json.gz,9.25
six_parent_nominal_development,SEM_P04,nominal,G,core_P04_nom_G_b120_lexicographic,60,forward,2.2500000000000053,1.7499999999999991,2.2500000000000053,1.7499999999999991,-1.0,-1.8988215193149856e-15,44,audit_results/semantic_development_acquisition_20260923/episodes/core_P04_nom_G_b120_lexicographic/steps/060.json.gz,9.5
six_parent_nominal_development,SEM_P04,nominal,G,core_P04_nom_G_b120_lexicographic,61,forward,2.0000000000000053,1.7499999999999987,2.0000000000000053,1.7499999999999987,-1.0,-1.8988215193149856e-15,44,audit_results/semantic_development_acquisition_20260923/episodes/core_P04_nom_G_b120_lexicographic/steps/061.json.gz,9.75
six_parent_nominal_development,SEM_P04,nominal,G,core_P04_nom_G_b120_lexicographic,62,forward,1.7500000000000053,1.7499999999999982,1.7500000000000053,1.7499999999999982,-1.0,-1.8988215193149856e-15,43,audit_results/semantic_development_acquisition_20260923/episodes/core_P04_nom_G_b120_lexicographic/steps/062.json.gz,10.0
six_parent_nominal_development,SEM_P04,nominal,G,core_P04_nom_G_b120_lexicographic,63,observe,1.7500000000000053,1.7499999999999982,1.7500000000000053,1.7499999999999982,-1.0,-1.8988215193149856e-15,41,audit_results/semantic_development_acquisition_20260923/episodes/core_P04_nom_G_b120_lexicographic/steps/063.json.gz,10.0
six_parent_nominal_development,SEM_P04,nominal,G,core_P04_nom_G_b120_lexicographic,64,left,1.7500000000000053,1.7499999999999982,1.7500000000000053,1.7499999999999982,-0.8660254037844378,-0.5000000000000014,39,audit_results/semantic_development_acquisition_20260923/episodes/core_P04_nom_G_b120_lexicographic/steps/064.json.gz,10.0
six_parent_nominal_development,SEM_P04,nominal,G,core_P04_nom_G_b120_lexicographic,65,left,1.7500000000000053,1.7499999999999982,1.7500000000000053,1.7499999999999982,-0.49999999999999867,-0.8660254037844394,37,audit_results/semantic_development_acquisition_20260923/episodes/core_P04_nom_G_b120_lexicographic/steps/065.json.gz,10.0
six_parent_nominal_development,SEM_P04,nominal,G,core_P04_nom_G_b120_lexicographic,66,left,1.7500000000000053,1.7499999999999982,1.7500000000000053,1.7499999999999982,1.3934999695075554e-15,-1.0,37,audit_results/semantic_development_acquisition_20260923/episodes/core_P04_nom_G_b120_lexicographic/steps/066.json.gz,10.0
six_parent_nominal_development,SEM_P04,nominal,G,core_P04_nom_G_b120_lexicographic,67,forward,1.7500000000000058,1.4999999999999982,1.7500000000000058,1.4999999999999982,1.3934999695075554e-15,-1.0,37,audit_results/semantic_development_acquisition_20260923/episodes/core_P04_nom_G_b120_lexicographic/steps/067.json.gz,10.25
six_parent_nominal_development,SEM_P04,nominal,G,core_P04_nom_G_b120_lexicographic,68,forward,1.7500000000000062,1.2499999999999982,1.7500000000000062,1.2499999999999982,1.3934999695075554e-15,-1.0,37,audit_results/semantic_development_acquisition_20260923/episodes/core_P04_nom_G_b120_lexicographic/steps/068.json.gz,10.5
six_parent_nominal_development,SEM_P04,nominal,G,core_P04_nom_G_b120_lexicographic,69,forward,1.7500000000000067,0.9999999999999982,1.7500000000000067,0.9999999999999982,1.3934999695075554e-15,-1.0,37,audit_results/semantic_development_acquisition_20260923/episodes/core_P04_nom_G_b120_lexicographic/steps/069.json.gz,10.75
six_parent_nominal_development,SEM_P04,nominal,G,core_P04_nom_G_b120_lexicographic,70,forward,1.750000000000007,0.7499999999999982,1.750000000000007,0.7499999999999982,1.3934999695075554e-15,-1.0,35,audit_results/semantic_development_acquisition_20260923/episodes/core_P04_nom_G_b120_lexicographic/steps/070.json.gz,11.0
six_parent_nominal_development,SEM_P04,nominal,G,core_P04_nom_G_b120_lexicographic,71,left,1.750000000000007,0.7499999999999982,1.750000000000007,0.7499999999999982,0.5000000000000011,-0.866025403784438,33,audit_results/semantic_development_acquisition_20260923/episodes/core_P04_nom_G_b120_lexicographic/steps/071.json.gz,11.0
six_parent_nominal_development,SEM_P04,nominal,G,core_P04_nom_G_b120_lexicographic,72,left,1.750000000000007,0.7499999999999982,1.750000000000007,0.7499999999999982,0.8660254037844392,-0.4999999999999991,31,audit_results/semantic_development_acquisition_20260923/episodes/core_P04_nom_G_b120_lexicographic/steps/072.json.gz,11.0
six_parent_nominal_development,SEM_P04,nominal,G,core_P04_nom_G_b120_lexicographic,73,left,1.750000000000007,0.7499999999999982,1.750000000000007,0.7499999999999982,1.0,8.881784197001252e-16,29,audit_results/semantic_development_acquisition_20260923/episodes/core_P04_nom_G_b120_lexicographic/steps/073.json.gz,11.0
six_parent_nominal_development,SEM_P04,nominal,G,core_P04_nom_G_b120_lexicographic,74,forward,2.000000000000007,0.7499999999999984,2.000000000000007,0.7499999999999984,1.0,8.881784197001252e-16,27,audit_results/semantic_development_acquisition_20260923/episodes/core_P04_nom_G_b120_lexicographic/steps/074.json.gz,11.25
six_parent_nominal_development,SEM_P04,nominal,G,core_P04_nom_G_b120_lexicographic,75,forward,2.250000000000007,0.7499999999999987,2.250000000000007,0.7499999999999987,1.0,8.881784197001252e-16,25,audit_results/semantic_development_acquisition_20260923/episodes/core_P04_nom_G_b120_lexicographic/steps/075.json.gz,11.5
six_parent_nominal_development,SEM_P04,nominal,G,core_P04_nom_G_b120_lexicographic,76,forward,2.500000000000007,0.7499999999999989,2.500000000000007,0.7499999999999989,1.0,8.881784197001252e-16,23,audit_results/semantic_development_acquisition_20260923/episodes/core_P04_nom_G_b120_lexicographic/steps/076.json.gz,11.75
six_parent_nominal_development,SEM_P04,nominal,G,core_P04_nom_G_b120_lexicographic,77,forward,2.750000000000007,0.7499999999999991,2.750000000000007,0.7499999999999991,1.0,8.881784197001252e-16,22,audit_results/semantic_development_acquisition_20260923/episodes/core_P04_nom_G_b120_lexicographic/steps/077.json.gz,12.0
six_parent_nominal_development,SEM_P04,nominal,G,core_P04_nom_G_b120_lexicographic,78,observe,2.750000000000007,0.7499999999999991,2.750000000000007,0.7499999999999991,1.0,8.881784197001252e-16,20,audit_results/semantic_development_acquisition_20260923/episodes/core_P04_nom_G_b120_lexicographic/steps/078.json.gz,12.0
six_parent_nominal_development,SEM_P04,nominal,G,core_P04_nom_G_b120_lexicographic,79,forward,3.000000000000007,0.7499999999999993,3.000000000000007,0.7499999999999993,1.0,8.881784197001252e-16,18,audit_results/semantic_development_acquisition_20260923/episodes/core_P04_nom_G_b120_lexicographic/steps/079.json.gz,12.25
six_parent_nominal_development,SEM_P04,nominal,G,core_P04_nom_G_b120_lexicographic,80,forward,3.250000000000007,0.7499999999999996,3.250000000000007,0.7499999999999996,1.0,8.881784197001252e-16,16,audit_results/semantic_development_acquisition_20260923/episodes/core_P04_nom_G_b120_lexicographic/steps/080.json.gz,12.5
six_parent_nominal_development,SEM_P04,nominal,G,core_P04_nom_G_b120_lexicographic,81,forward,3.500000000000007,0.7499999999999998,3.500000000000007,0.7499999999999998,1.0,8.881784197001252e-16,14,audit_results/semantic_development_acquisition_20260923/episodes/core_P04_nom_G_b120_lexicographic/steps/081.json.gz,12.75
six_parent_nominal_development,SEM_P04,nominal,G,core_P04_nom_G_b120_lexicographic,82,forward,3.750000000000007,0.75,3.750000000000007,0.75,1.0,8.881784197001252e-16,12,audit_results/semantic_development_acquisition_20260923/episodes/core_P04_nom_G_b120_lexicographic/steps/082.json.gz,13.0
six_parent_nominal_development,SEM_P04,nominal,G,core_P04_nom_G_b120_lexicographic,83,forward,4.000000000000007,0.7500000000000002,4.000000000000007,0.7500000000000002,1.0,8.881784197001252e-16,10,audit_results/semantic_development_acquisition_20260923/episodes/core_P04_nom_G_b120_lexicographic/steps/083.json.gz,13.25
six_parent_nominal_development,SEM_P04,nominal,G,core_P04_nom_G_b120_lexicographic,84,forward,4.250000000000007,0.7500000000000004,4.250000000000007,0.7500000000000004,1.0,8.881784197001252e-16,8,audit_results/semantic_development_acquisition_20260923/episodes/core_P04_nom_G_b120_lexicographic/steps/084.json.gz,13.5
six_parent_nominal_development,SEM_P04,nominal,G,core_P04_nom_G_b120_lexicographic,85,forward,4.500000000000007,0.7500000000000007,4.500000000000007,0.7500000000000007,1.0,8.881784197001252e-16,6,audit_results/semantic_development_acquisition_20260923/episodes/core_P04_nom_G_b120_lexicographic/steps/085.json.gz,13.75
six_parent_nominal_development,SEM_P04,nominal,G,core_P04_nom_G_b120_lexicographic,86,forward,4.750000000000007,0.7500000000000009,4.750000000000007,0.7500000000000009,1.0,8.881784197001252e-16,5,audit_results/semantic_development_acquisition_20260923/episodes/core_P04_nom_G_b120_lexicographic/steps/086.json.gz,14.0
six_parent_nominal_development,SEM_P04,nominal,G,core_P04_nom_G_b120_lexicographic,87,observe,4.750000000000007,0.7500000000000009,4.750000000000007,0.7500000000000009,1.0,8.881784197001252e-16,5,audit_results/semantic_development_acquisition_20260923/episodes/core_P04_nom_G_b120_lexicographic/steps/087.json.gz,14.0
six_parent_nominal_development,SEM_P04,nominal,G,core_P04_nom_G_b120_lexicographic,88,left,4.750000000000007,0.7500000000000009,4.750000000000007,0.7500000000000009,0.8660254037844383,0.5000000000000007,5,audit_results/semantic_development_acquisition_20260923/episodes/core_P04_nom_G_b120_lexicographic/steps/088.json.gz,14.0
six_parent_nominal_development,SEM_P04,nominal,G,core_P04_nom_G_b120_lexicographic,89,left,4.750000000000007,0.7500000000000009,4.750000000000007,0.7500000000000009,0.4999999999999995,0.8660254037844389,5,audit_results/semantic_development_acquisition_20260923/episodes/core_P04_nom_G_b120_lexicographic/steps/089.json.gz,14.0
six_parent_nominal_development,SEM_P04,nominal,G,core_P04_nom_G_b120_lexicographic,90,left,4.750000000000007,0.7500000000000009,4.750000000000007,0.7500000000000009,6.123233995736766e-17,1.0,5,audit_results/semantic_development_acquisition_20260923/episodes/core_P04_nom_G_b120_lexicographic/steps/090.json.gz,14.0
six_parent_nominal_development,SEM_P04,nominal,G,core_P04_nom_G_b120_lexicographic,91,left,4.750000000000007,0.7500000000000009,4.750000000000007,0.7500000000000009,-0.4999999999999994,0.8660254037844389,5,audit_results/semantic_development_acquisition_20260923/episodes/core_P04_nom_G_b120_lexicographic/steps/091.json.gz,14.0
six_parent_nominal_development,SEM_P04,nominal,G,core_P04_nom_G_b120_lexicographic,92,left,4.750000000000007,0.7500000000000009,4.750000000000007,0.7500000000000009,-0.866025403784438,0.5000000000000011,5,audit_results/semantic_development_acquisition_20260923/episodes/core_P04_nom_G_b120_lexicographic/steps/092.json.gz,14.0
six_parent_nominal_development,SEM_P04,nominal,G,core_P04_nom_G_b120_lexicographic,93,left,4.750000000000007,0.7500000000000009,4.750000000000007,0.7500000000000009,-1.0,1.8988215193149856e-15,5,audit_results/semantic_development_acquisition_20260923/episodes/core_P04_nom_G_b120_lexicographic/steps/093.json.gz,14.0
six_parent_nominal_development,SEM_P04,nominal,G,core_P04_nom_G_b120_lexicographic,94,forward,4.500000000000007,0.7500000000000013,4.500000000000007,0.7500000000000013,-1.0,1.8988215193149856e-15,5,audit_results/semantic_development_acquisition_20260923/episodes/core_P04_nom_G_b120_lexicographic/steps/094.json.gz,14.25
six_parent_nominal_development,SEM_P04,nominal,G,core_P04_nom_G_b120_lexicographic,95,forward,4.250000000000007,0.7500000000000018,4.250000000000007,0.7500000000000018,-1.0,1.8988215193149856e-15,5,audit_results/semantic_development_acquisition_20260923/episodes/core_P04_nom_G_b120_lexicographic/steps/095.json.gz,14.5
six_parent_nominal_development,SEM_P04,nominal,G,core_P04_nom_G_b120_lexicographic,96,forward,4.000000000000007,0.7500000000000022,4.000000000000007,0.7500000000000022,-1.0,1.8988215193149856e-15,5,audit_results/semantic_development_acquisition_20260923/episodes/core_P04_nom_G_b120_lexicographic/steps/096.json.gz,14.75
six_parent_nominal_development,SEM_P04,nominal,G,core_P04_nom_G_b120_lexicographic,97,forward,3.750000000000007,0.7500000000000027,3.750000000000007,0.7500000000000027,-1.0,1.8988215193149856e-15,5,audit_results/semantic_development_acquisition_20260923/episodes/core_P04_nom_G_b120_lexicographic/steps/097.json.gz,15.0
six_parent_nominal_development,SEM_P04,nominal,G,core_P04_nom_G_b120_lexicographic,98,forward,3.500000000000007,0.7500000000000031,3.500000000000007,0.7500000000000031,-1.0,1.8988215193149856e-15,5,audit_results/semantic_development_acquisition_20260923/episodes/core_P04_nom_G_b120_lexicographic/steps/098.json.gz,15.25
six_parent_nominal_development,SEM_P04,nominal,G,core_P04_nom_G_b120_lexicographic,99,forward,3.250000000000007,0.7500000000000036,3.250000000000007,0.7500000000000036,-1.0,1.8988215193149856e-15,5,audit_results/semantic_development_acquisition_20260923/episodes/core_P04_nom_G_b120_lexicographic/steps/099.json.gz,15.5
six_parent_nominal_development,SEM_P04,nominal,G,core_P04_nom_G_b120_lexicographic,100,forward,3.000000000000007,0.750000000000004,3.000000000000007,0.750000000000004,-1.0,1.8988215193149856e-15,5,audit_results/semantic_development_acquisition_20260923/episodes/core_P04_nom_G_b120_lexicographic/steps/100.json.gz,15.75
six_parent_nominal_development,SEM_P04,nominal,G,core_P04_nom_G_b120_lexicographic,101,forward,2.750000000000007,0.7500000000000044,2.750000000000007,0.7500000000000044,-1.0,1.8988215193149856e-15,5,audit_results/semantic_development_acquisition_20260923/episodes/core_P04_nom_G_b120_lexicographic/steps/101.json.gz,16.0
six_parent_nominal_development,SEM_P04,nominal,G,core_P04_nom_G_b120_lexicographic,102,forward,2.500000000000007,0.7500000000000049,2.500000000000007,0.7500000000000049,-1.0,1.8988215193149856e-15,5,audit_results/semantic_development_acquisition_20260923/episodes/core_P04_nom_G_b120_lexicographic/steps/102.json.gz,16.25
six_parent_nominal_development,SEM_P04,nominal,G,core_P04_nom_G_b120_lexicographic,103,forward,2.250000000000007,0.7500000000000053,2.250000000000007,0.7500000000000053,-1.0,1.8988215193149856e-15,5,audit_results/semantic_development_acquisition_20260923/episodes/core_P04_nom_G_b120_lexicographic/steps/103.json.gz,16.5
six_parent_nominal_development,SEM_P04,nominal,G,core_P04_nom_G_b120_lexicographic,104,forward,2.000000000000007,0.7500000000000058,2.000000000000007,0.7500000000000058,-1.0,1.8988215193149856e-15,5,audit_results/semantic_development_acquisition_20260923/episodes/core_P04_nom_G_b120_lexicographic/steps/104.json.gz,16.75
six_parent_nominal_development,SEM_P04,nominal,G,core_P04_nom_G_b120_lexicographic,105,forward,1.750000000000007,0.7500000000000062,1.750000000000007,0.7500000000000062,-1.0,1.8988215193149856e-15,5,audit_results/semantic_development_acquisition_20260923/episodes/core_P04_nom_G_b120_lexicographic/steps/105.json.gz,17.0
six_parent_nominal_development,SEM_P04,nominal,G,core_P04_nom_G_b120_lexicographic,106,forward,1.500000000000007,0.7500000000000067,1.500000000000007,0.7500000000000067,-1.0,1.8988215193149856e-15,5,audit_results/semantic_development_acquisition_20260923/episodes/core_P04_nom_G_b120_lexicographic/steps/106.json.gz,17.25
six_parent_nominal_development,SEM_P04,nominal,G,core_P04_nom_G_b120_lexicographic,107,forward,1.250000000000007,0.7500000000000071,1.250000000000007,0.7500000000000071,-1.0,1.8988215193149856e-15,5,audit_results/semantic_development_acquisition_20260923/episodes/core_P04_nom_G_b120_lexicographic/steps/107.json.gz,17.5
six_parent_nominal_development,SEM_P04,nominal,G,core_P04_nom_G_b120_lexicographic,108,forward,1.000000000000007,0.7500000000000075,1.000000000000007,0.7500000000000075,-1.0,1.8988215193149856e-15,5,audit_results/semantic_development_acquisition_20260923/episodes/core_P04_nom_G_b120_lexicographic/steps/108.json.gz,17.75
six_parent_nominal_development,SEM_P04,nominal,G,core_P04_nom_G_b120_lexicographic,109,forward,0.7500000000000071,0.750000000000008,0.7500000000000071,0.750000000000008,-1.0,1.8988215193149856e-15,5,audit_results/semantic_development_acquisition_20260923/episodes/core_P04_nom_G_b120_lexicographic/steps/109.json.gz,18.0
six_parent_nominal_development,SEM_P04,nominal,G,core_P04_nom_G_b120_lexicographic,110,right,0.7500000000000071,0.750000000000008,0.7500000000000071,0.750000000000008,-0.866025403784438,0.5000000000000011,5,audit_results/semantic_development_acquisition_20260923/episodes/core_P04_nom_G_b120_lexicographic/steps/110.json.gz,18.0
six_parent_nominal_development,SEM_P04,nominal,G,core_P04_nom_G_b120_lexicographic,111,right,0.7500000000000071,0.750000000000008,0.7500000000000071,0.750000000000008,-0.4999999999999994,0.8660254037844389,5,audit_results/semantic_development_acquisition_20260923/episodes/core_P04_nom_G_b120_lexicographic/steps/111.json.gz,18.0
six_parent_nominal_development,SEM_P04,nominal,G,core_P04_nom_G_b120_lexicographic,112,right,0.7500000000000071,0.750000000000008,0.7500000000000071,0.750000000000008,6.123233995736766e-17,1.0,5,audit_results/semantic_development_acquisition_20260923/episodes/core_P04_nom_G_b120_lexicographic/steps/112.json.gz,18.0
six_parent_nominal_development,SEM_P04,nominal,G,core_P04_nom_G_b120_lexicographic,113,right,0.7500000000000071,0.750000000000008,0.7500000000000071,0.750000000000008,0.4999999999999995,0.8660254037844389,5,audit_results/semantic_development_acquisition_20260923/episodes/core_P04_nom_G_b120_lexicographic/steps/113.json.gz,18.0
six_parent_nominal_development,SEM_P04,nominal,G,core_P04_nom_G_b120_lexicographic,114,right,0.7500000000000071,0.750000000000008,0.7500000000000071,0.750000000000008,0.8660254037844383,0.5000000000000007,5,audit_results/semantic_development_acquisition_20260923/episodes/core_P04_nom_G_b120_lexicographic/steps/114.json.gz,18.0
six_parent_nominal_development,SEM_P04,nominal,G,core_P04_nom_G_b120_lexicographic,115,right,0.7500000000000071,0.750000000000008,0.7500000000000071,0.750000000000008,1.0,8.881784197001252e-16,,audit_results/semantic_development_acquisition_20260923/episodes/core_P04_nom_G_b120_lexicographic/steps/115.json.gz,18.0
six_parent_nominal_development,SEM_P04,nominal,S,core_P04_nom_S_b120_lexicographic,0,initial,0.75,0.75,0.75,0.75,1.0,0.0,118,audit_results/semantic_development_acquisition_20260923/episodes/core_P04_nom_S_b120_lexicographic/steps/000.json.gz,0.0
six_parent_nominal_development,SEM_P04,nominal,S,core_P04_nom_S_b120_lexicographic,1,left,0.75,0.75,0.75,0.75,0.8660254037844387,0.49999999999999983,116,audit_results/semantic_development_acquisition_20260923/episodes/core_P04_nom_S_b120_lexicographic/steps/001.json.gz,0.0
six_parent_nominal_development,SEM_P04,nominal,S,core_P04_nom_S_b120_lexicographic,2,left,0.75,0.75,0.75,0.75,0.5000000000000003,0.8660254037844385,114,audit_results/semantic_development_acquisition_20260923/episodes/core_P04_nom_S_b120_lexicographic/steps/002.json.gz,0.0
six_parent_nominal_development,SEM_P04,nominal,S,core_P04_nom_S_b120_lexicographic,3,left,0.75,0.75,0.75,0.75,6.123233995736766e-17,1.0,106,audit_results/semantic_development_acquisition_20260923/episodes/core_P04_nom_S_b120_lexicographic/steps/003.json.gz,0.0
six_parent_nominal_development,SEM_P04,nominal,S,core_P04_nom_S_b120_lexicographic,4,forward,0.75,1.0,0.75,1.0,6.123233995736766e-17,1.0,104,audit_results/semantic_development_acquisition_20260923/episodes/core_P04_nom_S_b120_lexicographic/steps/004.json.gz,0.25
six_parent_nominal_development,SEM_P04,nominal,S,core_P04_nom_S_b120_lexicographic,5,forward,0.75,1.25,0.75,1.25,6.123233995736766e-17,1.0,102,audit_results/semantic_development_acquisition_20260923/episodes/core_P04_nom_S_b120_lexicographic/steps/005.json.gz,0.5
six_parent_nominal_development,SEM_P04,nominal,S,core_P04_nom_S_b120_lexicographic,6,forward,0.75,1.5,0.75,1.5,6.123233995736766e-17,1.0,100,audit_results/semantic_development_acquisition_20260923/episodes/core_P04_nom_S_b120_lexicographic/steps/006.json.gz,0.75
six_parent_nominal_development,SEM_P04,nominal,S,core_P04_nom_S_b120_lexicographic,7,forward,0.75,1.75,0.75,1.75,6.123233995736766e-17,1.0,98,audit_results/semantic_development_acquisition_20260923/episodes/core_P04_nom_S_b120_lexicographic/steps/007.json.gz,1.0
six_parent_nominal_development,SEM_P04,nominal,S,core_P04_nom_S_b120_lexicographic,8,forward,0.75,2.0,0.75,2.0,6.123233995736766e-17,1.0,96,audit_results/semantic_development_acquisition_20260923/episodes/core_P04_nom_S_b120_lexicographic/steps/008.json.gz,1.25
six_parent_nominal_development,SEM_P04,nominal,S,core_P04_nom_S_b120_lexicographic,9,forward,0.75,2.25,0.75,2.25,6.123233995736766e-17,1.0,94,audit_results/semantic_development_acquisition_20260923/episodes/core_P04_nom_S_b120_lexicographic/steps/009.json.gz,1.5
six_parent_nominal_development,SEM_P04,nominal,S,core_P04_nom_S_b120_lexicographic,10,forward,0.75,2.5,0.75,2.5,6.123233995736766e-17,1.0,92,audit_results/semantic_development_acquisition_20260923/episodes/core_P04_nom_S_b120_lexicographic/steps/010.json.gz,1.75
six_parent_nominal_development,SEM_P04,nominal,S,core_P04_nom_S_b120_lexicographic,11,forward,0.75,2.75,0.75,2.75,6.123233995736766e-17,1.0,90,audit_results/semantic_development_acquisition_20260923/episodes/core_P04_nom_S_b120_lexicographic/steps/011.json.gz,2.0
six_parent_nominal_development,SEM_P04,nominal,S,core_P04_nom_S_b120_lexicographic,12,forward,0.75,3.0,0.75,3.0,6.123233995736766e-17,1.0,88,audit_results/semantic_development_acquisition_20260923/episodes/core_P04_nom_S_b120_lexicographic/steps/012.json.gz,2.25
six_parent_nominal_development,SEM_P04,nominal,S,core_P04_nom_S_b120_lexicographic,13,forward,0.75,3.25,0.75,3.25,6.123233995736766e-17,1.0,86,audit_results/semantic_development_acquisition_20260923/episodes/core_P04_nom_S_b120_lexicographic/steps/013.json.gz,2.5
six_parent_nominal_development,SEM_P04,nominal,S,core_P04_nom_S_b120_lexicographic,14,forward,0.75,3.5,0.75,3.5,6.123233995736766e-17,1.0,84,audit_results/semantic_development_acquisition_20260923/episodes/core_P04_nom_S_b120_lexicographic/steps/014.json.gz,2.75
six_parent_nominal_development,SEM_P04,nominal,S,core_P04_nom_S_b120_lexicographic,15,forward,0.75,3.75,0.75,3.75,6.123233995736766e-17,1.0,84,audit_results/semantic_development_acquisition_20260923/episodes/core_P04_nom_S_b120_lexicographic/steps/015.json.gz,3.0
six_parent_nominal_development,SEM_P04,nominal,S,core_P04_nom_S_b120_lexicographic,16,right,0.75,3.75,0.75,3.75,0.4999999999999995,0.8660254037844389,83,audit_results/semantic_development_acquisition_20260923/episodes/core_P04_nom_S_b120_lexicographic/steps/016.json.gz,3.0
six_parent_nominal_development,SEM_P04,nominal,S,core_P04_nom_S_b120_lexicographic,17,observe,0.75,3.75,0.75,3.75,0.4999999999999995,0.8660254037844389,81,audit_results/semantic_development_acquisition_20260923/episodes/core_P04_nom_S_b120_lexicographic/steps/017.json.gz,3.0
six_parent_nominal_development,SEM_P04,nominal,S,core_P04_nom_S_b120_lexicographic,18,left,0.75,3.75,0.75,3.75,6.123233995736766e-17,1.0,79,audit_results/semantic_development_acquisition_20260923/episodes/core_P04_nom_S_b120_lexicographic/steps/018.json.gz,3.0
six_parent_nominal_development,SEM_P04,nominal,S,core_P04_nom_S_b120_lexicographic,19,forward,0.75,4.0,0.75,4.0,6.123233995736766e-17,1.0,77,audit_results/semantic_development_acquisition_20260923/episodes/core_P04_nom_S_b120_lexicographic/steps/019.json.gz,3.25
six_parent_nominal_development,SEM_P04,nominal,S,core_P04_nom_S_b120_lexicographic,20,forward,0.75,4.25,0.75,4.25,6.123233995736766e-17,1.0,75,audit_results/semantic_development_acquisition_20260923/episodes/core_P04_nom_S_b120_lexicographic/steps/020.json.gz,3.5
six_parent_nominal_development,SEM_P04,nominal,S,core_P04_nom_S_b120_lexicographic,21,forward,0.75,4.5,0.75,4.5,6.123233995736766e-17,1.0,73,audit_results/semantic_development_acquisition_20260923/episodes/core_P04_nom_S_b120_lexicographic/steps/021.json.gz,3.75
six_parent_nominal_development,SEM_P04,nominal,S,core_P04_nom_S_b120_lexicographic,22,forward,0.75,4.75,0.75,4.75,6.123233995736766e-17,1.0,73,audit_results/semantic_development_acquisition_20260923/episodes/core_P04_nom_S_b120_lexicographic/steps/022.json.gz,4.0
six_parent_nominal_development,SEM_P04,nominal,S,core_P04_nom_S_b120_lexicographic,23,right,0.75,4.75,0.75,4.75,0.4999999999999995,0.8660254037844389,73,audit_results/semantic_development_acquisition_20260923/episodes/core_P04_nom_S_b120_lexicographic/steps/023.json.gz,4.0
six_parent_nominal_development,SEM_P04,nominal,S,core_P04_nom_S_b120_lexicographic,24,right,0.75,4.75,0.75,4.75,0.8660254037844383,0.5000000000000007,73,audit_results/semantic_development_acquisition_20260923/episodes/core_P04_nom_S_b120_lexicographic/steps/024.json.gz,4.0
six_parent_nominal_development,SEM_P04,nominal,S,core_P04_nom_S_b120_lexicographic,25,right,0.75,4.75,0.75,4.75,1.0,8.881784197001252e-16,65,audit_results/semantic_development_acquisition_20260923/episodes/core_P04_nom_S_b120_lexicographic/steps/025.json.gz,4.0
six_parent_nominal_development,SEM_P04,nominal,S,core_P04_nom_S_b120_lexicographic,26,forward,1.0,4.75,1.0,4.75,1.0,8.881784197001252e-16,63,audit_results/semantic_development_acquisition_20260923/episodes/core_P04_nom_S_b120_lexicographic/steps/026.json.gz,4.25
six_parent_nominal_development,SEM_P04,nominal,S,core_P04_nom_S_b120_lexicographic,27,forward,1.25,4.75,1.25,4.75,1.0,8.881784197001252e-16,61,audit_results/semantic_development_acquisition_20260923/episodes/core_P04_nom_S_b120_lexicographic/steps/027.json.gz,4.5
six_parent_nominal_development,SEM_P04,nominal,S,core_P04_nom_S_b120_lexicographic,28,forward,1.5,4.75,1.5,4.75,1.0,8.881784197001252e-16,59,audit_results/semantic_development_acquisition_20260923/episodes/core_P04_nom_S_b120_lexicographic/steps/028.json.gz,4.75
six_parent_nominal_development,SEM_P04,nominal,S,core_P04_nom_S_b120_lexicographic,29,forward,1.75,4.75,1.75,4.75,1.0,8.881784197001252e-16,57,audit_results/semantic_development_acquisition_20260923/episodes/core_P04_nom_S_b120_lexicographic/steps/029.json.gz,5.0
six_parent_nominal_development,SEM_P04,nominal,S,core_P04_nom_S_b120_lexicographic,30,forward,2.0,4.75,2.0,4.75,1.0,8.881784197001252e-16,55,audit_results/semantic_development_acquisition_20260923/episodes/core_P04_nom_S_b120_lexicographic/steps/030.json.gz,5.25
six_parent_nominal_development,SEM_P04,nominal,S,core_P04_nom_S_b120_lexicographic,31,forward,2.25,4.75,2.25,4.75,1.0,8.881784197001252e-16,53,audit_results/semantic_development_acquisition_20260923/episodes/core_P04_nom_S_b120_lexicographic/steps/031.json.gz,5.5
six_parent_nominal_development,SEM_P04,nominal,S,core_P04_nom_S_b120_lexicographic,32,forward,2.5,4.75,2.5,4.75,1.0,8.881784197001252e-16,51,audit_results/semantic_development_acquisition_20260923/episodes/core_P04_nom_S_b120_lexicographic/steps/032.json.gz,5.75
six_parent_nominal_development,SEM_P04,nominal,S,core_P04_nom_S_b120_lexicographic,33,forward,2.75,4.75,2.75,4.75,1.0,8.881784197001252e-16,50,audit_results/semantic_development_acquisition_20260923/episodes/core_P04_nom_S_b120_lexicographic/steps/033.json.gz,6.0
six_parent_nominal_development,SEM_P04,nominal,S,core_P04_nom_S_b120_lexicographic,34,observe,2.75,4.75,2.75,4.75,1.0,8.881784197001252e-16,50,audit_results/semantic_development_acquisition_20260923/episodes/core_P04_nom_S_b120_lexicographic/steps/034.json.gz,6.0
six_parent_nominal_development,SEM_P04,nominal,S,core_P04_nom_S_b120_lexicographic,35,right,2.75,4.75,2.75,4.75,0.8660254037844392,-0.4999999999999991,50,audit_results/semantic_development_acquisition_20260923/episodes/core_P04_nom_S_b120_lexicographic/steps/035.json.gz,6.0
six_parent_nominal_development,SEM_P04,nominal,S,core_P04_nom_S_b120_lexicographic,36,right,2.75,4.75,2.75,4.75,0.5000000000000011,-0.866025403784438,50,audit_results/semantic_development_acquisition_20260923/episodes/core_P04_nom_S_b120_lexicographic/steps/036.json.gz,6.0
six_parent_nominal_development,SEM_P04,nominal,S,core_P04_nom_S_b120_lexicographic,37,right,2.75,4.75,2.75,4.75,1.3934999695075554e-15,-1.0,50,audit_results/semantic_development_acquisition_20260923/episodes/core_P04_nom_S_b120_lexicographic/steps/037.json.gz,6.0
six_parent_nominal_development,SEM_P04,nominal,S,core_P04_nom_S_b120_lexicographic,38,forward,2.7500000000000004,4.5,2.7500000000000004,4.5,1.3934999695075554e-15,-1.0,50,audit_results/semantic_development_acquisition_20260923/episodes/core_P04_nom_S_b120_lexicographic/steps/038.json.gz,6.25
six_parent_nominal_development,SEM_P04,nominal,S,core_P04_nom_S_b120_lexicographic,39,forward,2.750000000000001,4.25,2.750000000000001,4.25,1.3934999695075554e-15,-1.0,50,audit_results/semantic_development_acquisition_20260923/episodes/core_P04_nom_S_b120_lexicographic/steps/039.json.gz,6.5
six_parent_nominal_development,SEM_P04,nominal,S,core_P04_nom_S_b120_lexicographic,40,forward,2.7500000000000013,4.0,2.7500000000000013,4.0,1.3934999695075554e-15,-1.0,50,audit_results/semantic_development_acquisition_20260923/episodes/core_P04_nom_S_b120_lexicographic/steps/040.json.gz,6.75
six_parent_nominal_development,SEM_P04,nominal,S,core_P04_nom_S_b120_lexicographic,41,forward,2.7500000000000018,3.75,2.7500000000000018,3.75,1.3934999695075554e-15,-1.0,49,audit_results/semantic_development_acquisition_20260923/episodes/core_P04_nom_S_b120_lexicographic/steps/041.json.gz,7.0
six_parent_nominal_development,SEM_P04,nominal,S,core_P04_nom_S_b120_lexicographic,42,observe,2.7500000000000018,3.75,2.7500000000000018,3.75,1.3934999695075554e-15,-1.0,47,audit_results/semantic_development_acquisition_20260923/episodes/core_P04_nom_S_b120_lexicographic/steps/042.json.gz,7.0
six_parent_nominal_development,SEM_P04,nominal,S,core_P04_nom_S_b120_lexicographic,43,right,2.7500000000000018,3.75,2.7500000000000018,3.75,-0.49999999999999867,-0.8660254037844394,46,audit_results/semantic_development_acquisition_20260923/episodes/core_P04_nom_S_b120_lexicographic/steps/043.json.gz,7.0
six_parent_nominal_development,SEM_P04,nominal,S,core_P04_nom_S_b120_lexicographic,44,observe,2.7500000000000018,3.75,2.7500000000000018,3.75,-0.49999999999999867,-0.8660254037844394,46,audit_results/semantic_development_acquisition_20260923/episodes/core_P04_nom_S_b120_lexicographic/steps/044.json.gz,7.0
six_parent_nominal_development,SEM_P04,nominal,S,core_P04_nom_S_b120_lexicographic,45,left,2.7500000000000018,3.75,2.7500000000000018,3.75,1.3934999695075554e-15,-1.0,46,audit_results/semantic_development_acquisition_20260923/episodes/core_P04_nom_S_b120_lexicographic/steps/045.json.gz,7.0
six_parent_nominal_development,SEM_P04,nominal,S,core_P04_nom_S_b120_lexicographic,46,forward,2.750000000000002,3.5,2.750000000000002,3.5,1.3934999695075554e-15,-1.0,46,audit_results/semantic_development_acquisition_20260923/episodes/core_P04_nom_S_b120_lexicographic/steps/046.json.gz,7.25
six_parent_nominal_development,SEM_P04,nominal,S,core_P04_nom_S_b120_lexicographic,47,forward,2.7500000000000027,3.25,2.7500000000000027,3.25,1.3934999695075554e-15,-1.0,46,audit_results/semantic_development_acquisition_20260923/episodes/core_P04_nom_S_b120_lexicographic/steps/047.json.gz,7.5
six_parent_nominal_development,SEM_P04,nominal,S,core_P04_nom_S_b120_lexicographic,48,forward,2.750000000000003,3.0,2.750000000000003,3.0,1.3934999695075554e-15,-1.0,46,audit_results/semantic_development_acquisition_20260923/episodes/core_P04_nom_S_b120_lexicographic/steps/048.json.gz,7.75
six_parent_nominal_development,SEM_P04,nominal,S,core_P04_nom_S_b120_lexicographic,49,forward,2.7500000000000036,2.75,2.7500000000000036,2.75,1.3934999695075554e-15,-1.0,45,audit_results/semantic_development_acquisition_20260923/episodes/core_P04_nom_S_b120_lexicographic/steps/049.json.gz,8.0
six_parent_nominal_development,SEM_P04,nominal,S,core_P04_nom_S_b120_lexicographic,50,observe,2.7500000000000036,2.75,2.7500000000000036,2.75,1.3934999695075554e-15,-1.0,45,audit_results/semantic_development_acquisition_20260923/episodes/core_P04_nom_S_b120_lexicographic/steps/050.json.gz,8.0
six_parent_nominal_development,SEM_P04,nominal,S,core_P04_nom_S_b120_lexicographic,51,forward,2.750000000000004,2.5,2.750000000000004,2.5,1.3934999695075554e-15,-1.0,45,audit_results/semantic_development_acquisition_20260923/episodes/core_P04_nom_S_b120_lexicographic/steps/051.json.gz,8.25
six_parent_nominal_development,SEM_P04,nominal,S,core_P04_nom_S_b120_lexicographic,52,forward,2.7500000000000044,2.25,2.7500000000000044,2.25,1.3934999695075554e-15,-1.0,45,audit_results/semantic_development_acquisition_20260923/episodes/core_P04_nom_S_b120_lexicographic/steps/052.json.gz,8.5
six_parent_nominal_development,SEM_P04,nominal,S,core_P04_nom_S_b120_lexicographic,53,forward,2.750000000000005,2.0,2.750000000000005,2.0,1.3934999695075554e-15,-1.0,45,audit_results/semantic_development_acquisition_20260923/episodes/core_P04_nom_S_b120_lexicographic/steps/053.json.gz,8.75
six_parent_nominal_development,SEM_P04,nominal,S,core_P04_nom_S_b120_lexicographic,54,forward,2.7500000000000053,1.75,2.7500000000000053,1.75,1.3934999695075554e-15,-1.0,45,audit_results/semantic_development_acquisition_20260923/episodes/core_P04_nom_S_b120_lexicographic/steps/054.json.gz,9.0
six_parent_nominal_development,SEM_P04,nominal,S,core_P04_nom_S_b120_lexicographic,55,right,2.7500000000000053,1.75,2.7500000000000053,1.75,-0.49999999999999867,-0.8660254037844394,45,audit_results/semantic_development_acquisition_20260923/episodes/core_P04_nom_S_b120_lexicographic/steps/055.json.gz,9.0
six_parent_nominal_development,SEM_P04,nominal,S,core_P04_nom_S_b120_lexicographic,56,right,2.7500000000000053,1.75,2.7500000000000053,1.75,-0.8660254037844378,-0.5000000000000014,44,audit_results/semantic_development_acquisition_20260923/episodes/core_P04_nom_S_b120_lexicographic/steps/056.json.gz,9.0
six_parent_nominal_development,SEM_P04,nominal,S,core_P04_nom_S_b120_lexicographic,57,observe,2.7500000000000053,1.75,2.7500000000000053,1.75,-0.8660254037844378,-0.5000000000000014,44,audit_results/semantic_development_acquisition_20260923/episodes/core_P04_nom_S_b120_lexicographic/steps/057.json.gz,9.0
six_parent_nominal_development,SEM_P04,nominal,S,core_P04_nom_S_b120_lexicographic,58,right,2.7500000000000053,1.75,2.7500000000000053,1.75,-1.0,-1.8988215193149856e-15,44,audit_results/semantic_development_acquisition_20260923/episodes/core_P04_nom_S_b120_lexicographic/steps/058.json.gz,9.0
six_parent_nominal_development,SEM_P04,nominal,S,core_P04_nom_S_b120_lexicographic,59,forward,2.5000000000000053,1.7499999999999996,2.5000000000000053,1.7499999999999996,-1.0,-1.8988215193149856e-15,44,audit_results/semantic_development_acquisition_20260923/episodes/core_P04_nom_S_b120_lexicographic/steps/059.json.gz,9.25
six_parent_nominal_development,SEM_P04,nominal,S,core_P04_nom_S_b120_lexicographic,60,forward,2.2500000000000053,1.7499999999999991,2.2500000000000053,1.7499999999999991,-1.0,-1.8988215193149856e-15,44,audit_results/semantic_development_acquisition_20260923/episodes/core_P04_nom_S_b120_lexicographic/steps/060.json.gz,9.5
six_parent_nominal_development,SEM_P04,nominal,S,core_P04_nom_S_b120_lexicographic,61,forward,2.0000000000000053,1.7499999999999987,2.0000000000000053,1.7499999999999987,-1.0,-1.8988215193149856e-15,44,audit_results/semantic_development_acquisition_20260923/episodes/core_P04_nom_S_b120_lexicographic/steps/061.json.gz,9.75
six_parent_nominal_development,SEM_P04,nominal,S,core_P04_nom_S_b120_lexicographic,62,forward,1.7500000000000053,1.7499999999999982,1.7500000000000053,1.7499999999999982,-1.0,-1.8988215193149856e-15,43,audit_results/semantic_development_acquisition_20260923/episodes/core_P04_nom_S_b120_lexicographic/steps/062.json.gz,10.0
six_parent_nominal_development,SEM_P04,nominal,S,core_P04_nom_S_b120_lexicographic,63,observe,1.7500000000000053,1.7499999999999982,1.7500000000000053,1.7499999999999982,-1.0,-1.8988215193149856e-15,41,audit_results/semantic_development_acquisition_20260923/episodes/core_P04_nom_S_b120_lexicographic/steps/063.json.gz,10.0
six_parent_nominal_development,SEM_P04,nominal,S,core_P04_nom_S_b120_lexicographic,64,left,1.7500000000000053,1.7499999999999982,1.7500000000000053,1.7499999999999982,-0.8660254037844378,-0.5000000000000014,39,audit_results/semantic_development_acquisition_20260923/episodes/core_P04_nom_S_b120_lexicographic/steps/064.json.gz,10.0
six_parent_nominal_development,SEM_P04,nominal,S,core_P04_nom_S_b120_lexicographic,65,left,1.7500000000000053,1.7499999999999982,1.7500000000000053,1.7499999999999982,-0.49999999999999867,-0.8660254037844394,37,audit_results/semantic_development_acquisition_20260923/episodes/core_P04_nom_S_b120_lexicographic/steps/065.json.gz,10.0
six_parent_nominal_development,SEM_P04,nominal,S,core_P04_nom_S_b120_lexicographic,66,left,1.7500000000000053,1.7499999999999982,1.7500000000000053,1.7499999999999982,1.3934999695075554e-15,-1.0,37,audit_results/semantic_development_acquisition_20260923/episodes/core_P04_nom_S_b120_lexicographic/steps/066.json.gz,10.0
six_parent_nominal_development,SEM_P04,nominal,S,core_P04_nom_S_b120_lexicographic,67,forward,1.7500000000000058,1.4999999999999982,1.7500000000000058,1.4999999999999982,1.3934999695075554e-15,-1.0,37,audit_results/semantic_development_acquisition_20260923/episodes/core_P04_nom_S_b120_lexicographic/steps/067.json.gz,10.25
six_parent_nominal_development,SEM_P04,nominal,S,core_P04_nom_S_b120_lexicographic,68,forward,1.7500000000000062,1.2499999999999982,1.7500000000000062,1.2499999999999982,1.3934999695075554e-15,-1.0,37,audit_results/semantic_development_acquisition_20260923/episodes/core_P04_nom_S_b120_lexicographic/steps/068.json.gz,10.5
six_parent_nominal_development,SEM_P04,nominal,S,core_P04_nom_S_b120_lexicographic,69,forward,1.7500000000000067,0.9999999999999982,1.7500000000000067,0.9999999999999982,1.3934999695075554e-15,-1.0,37,audit_results/semantic_development_acquisition_20260923/episodes/core_P04_nom_S_b120_lexicographic/steps/069.json.gz,10.75
six_parent_nominal_development,SEM_P04,nominal,S,core_P04_nom_S_b120_lexicographic,70,forward,1.750000000000007,0.7499999999999982,1.750000000000007,0.7499999999999982,1.3934999695075554e-15,-1.0,35,audit_results/semantic_development_acquisition_20260923/episodes/core_P04_nom_S_b120_lexicographic/steps/070.json.gz,11.0
six_parent_nominal_development,SEM_P04,nominal,S,core_P04_nom_S_b120_lexicographic,71,left,1.750000000000007,0.7499999999999982,1.750000000000007,0.7499999999999982,0.5000000000000011,-0.866025403784438,33,audit_results/semantic_development_acquisition_20260923/episodes/core_P04_nom_S_b120_lexicographic/steps/071.json.gz,11.0
six_parent_nominal_development,SEM_P04,nominal,S,core_P04_nom_S_b120_lexicographic,72,left,1.750000000000007,0.7499999999999982,1.750000000000007,0.7499999999999982,0.8660254037844392,-0.4999999999999991,31,audit_results/semantic_development_acquisition_20260923/episodes/core_P04_nom_S_b120_lexicographic/steps/072.json.gz,11.0
six_parent_nominal_development,SEM_P04,nominal,S,core_P04_nom_S_b120_lexicographic,73,left,1.750000000000007,0.7499999999999982,1.750000000000007,0.7499999999999982,1.0,8.881784197001252e-16,29,audit_results/semantic_development_acquisition_20260923/episodes/core_P04_nom_S_b120_lexicographic/steps/073.json.gz,11.0
six_parent_nominal_development,SEM_P04,nominal,S,core_P04_nom_S_b120_lexicographic,74,forward,2.000000000000007,0.7499999999999984,2.000000000000007,0.7499999999999984,1.0,8.881784197001252e-16,27,audit_results/semantic_development_acquisition_20260923/episodes/core_P04_nom_S_b120_lexicographic/steps/074.json.gz,11.25
six_parent_nominal_development,SEM_P04,nominal,S,core_P04_nom_S_b120_lexicographic,75,forward,2.250000000000007,0.7499999999999987,2.250000000000007,0.7499999999999987,1.0,8.881784197001252e-16,25,audit_results/semantic_development_acquisition_20260923/episodes/core_P04_nom_S_b120_lexicographic/steps/075.json.gz,11.5
six_parent_nominal_development,SEM_P04,nominal,S,core_P04_nom_S_b120_lexicographic,76,forward,2.500000000000007,0.7499999999999989,2.500000000000007,0.7499999999999989,1.0,8.881784197001252e-16,23,audit_results/semantic_development_acquisition_20260923/episodes/core_P04_nom_S_b120_lexicographic/steps/076.json.gz,11.75
six_parent_nominal_development,SEM_P04,nominal,S,core_P04_nom_S_b120_lexicographic,77,forward,2.750000000000007,0.7499999999999991,2.750000000000007,0.7499999999999991,1.0,8.881784197001252e-16,22,audit_results/semantic_development_acquisition_20260923/episodes/core_P04_nom_S_b120_lexicographic/steps/077.json.gz,12.0
six_parent_nominal_development,SEM_P04,nominal,S,core_P04_nom_S_b120_lexicographic,78,observe,2.750000000000007,0.7499999999999991,2.750000000000007,0.7499999999999991,1.0,8.881784197001252e-16,20,audit_results/semantic_development_acquisition_20260923/episodes/core_P04_nom_S_b120_lexicographic/steps/078.json.gz,12.0
six_parent_nominal_development,SEM_P04,nominal,S,core_P04_nom_S_b120_lexicographic,79,forward,3.000000000000007,0.7499999999999993,3.000000000000007,0.7499999999999993,1.0,8.881784197001252e-16,18,audit_results/semantic_development_acquisition_20260923/episodes/core_P04_nom_S_b120_lexicographic/steps/079.json.gz,12.25
six_parent_nominal_development,SEM_P04,nominal,S,core_P04_nom_S_b120_lexicographic,80,forward,3.250000000000007,0.7499999999999996,3.250000000000007,0.7499999999999996,1.0,8.881784197001252e-16,16,audit_results/semantic_development_acquisition_20260923/episodes/core_P04_nom_S_b120_lexicographic/steps/080.json.gz,12.5
six_parent_nominal_development,SEM_P04,nominal,S,core_P04_nom_S_b120_lexicographic,81,forward,3.500000000000007,0.7499999999999998,3.500000000000007,0.7499999999999998,1.0,8.881784197001252e-16,14,audit_results/semantic_development_acquisition_20260923/episodes/core_P04_nom_S_b120_lexicographic/steps/081.json.gz,12.75
six_parent_nominal_development,SEM_P04,nominal,S,core_P04_nom_S_b120_lexicographic,82,forward,3.750000000000007,0.75,3.750000000000007,0.75,1.0,8.881784197001252e-16,12,audit_results/semantic_development_acquisition_20260923/episodes/core_P04_nom_S_b120_lexicographic/steps/082.json.gz,13.0
six_parent_nominal_development,SEM_P04,nominal,S,core_P04_nom_S_b120_lexicographic,83,forward,4.000000000000007,0.7500000000000002,4.000000000000007,0.7500000000000002,1.0,8.881784197001252e-16,10,audit_results/semantic_development_acquisition_20260923/episodes/core_P04_nom_S_b120_lexicographic/steps/083.json.gz,13.25
six_parent_nominal_development,SEM_P04,nominal,S,core_P04_nom_S_b120_lexicographic,84,forward,4.250000000000007,0.7500000000000004,4.250000000000007,0.7500000000000004,1.0,8.881784197001252e-16,8,audit_results/semantic_development_acquisition_20260923/episodes/core_P04_nom_S_b120_lexicographic/steps/084.json.gz,13.5
six_parent_nominal_development,SEM_P04,nominal,S,core_P04_nom_S_b120_lexicographic,85,forward,4.500000000000007,0.7500000000000007,4.500000000000007,0.7500000000000007,1.0,8.881784197001252e-16,6,audit_results/semantic_development_acquisition_20260923/episodes/core_P04_nom_S_b120_lexicographic/steps/085.json.gz,13.75
six_parent_nominal_development,SEM_P04,nominal,S,core_P04_nom_S_b120_lexicographic,86,forward,4.750000000000007,0.7500000000000009,4.750000000000007,0.7500000000000009,1.0,8.881784197001252e-16,5,audit_results/semantic_development_acquisition_20260923/episodes/core_P04_nom_S_b120_lexicographic/steps/086.json.gz,14.0
six_parent_nominal_development,SEM_P04,nominal,S,core_P04_nom_S_b120_lexicographic,87,observe,4.750000000000007,0.7500000000000009,4.750000000000007,0.7500000000000009,1.0,8.881784197001252e-16,5,audit_results/semantic_development_acquisition_20260923/episodes/core_P04_nom_S_b120_lexicographic/steps/087.json.gz,14.0
six_parent_nominal_development,SEM_P04,nominal,S,core_P04_nom_S_b120_lexicographic,88,left,4.750000000000007,0.7500000000000009,4.750000000000007,0.7500000000000009,0.8660254037844383,0.5000000000000007,5,audit_results/semantic_development_acquisition_20260923/episodes/core_P04_nom_S_b120_lexicographic/steps/088.json.gz,14.0
six_parent_nominal_development,SEM_P04,nominal,S,core_P04_nom_S_b120_lexicographic,89,left,4.750000000000007,0.7500000000000009,4.750000000000007,0.7500000000000009,0.4999999999999995,0.8660254037844389,5,audit_results/semantic_development_acquisition_20260923/episodes/core_P04_nom_S_b120_lexicographic/steps/089.json.gz,14.0
six_parent_nominal_development,SEM_P04,nominal,S,core_P04_nom_S_b120_lexicographic,90,left,4.750000000000007,0.7500000000000009,4.750000000000007,0.7500000000000009,6.123233995736766e-17,1.0,5,audit_results/semantic_development_acquisition_20260923/episodes/core_P04_nom_S_b120_lexicographic/steps/090.json.gz,14.0
six_parent_nominal_development,SEM_P04,nominal,S,core_P04_nom_S_b120_lexicographic,91,left,4.750000000000007,0.7500000000000009,4.750000000000007,0.7500000000000009,-0.4999999999999994,0.8660254037844389,5,audit_results/semantic_development_acquisition_20260923/episodes/core_P04_nom_S_b120_lexicographic/steps/091.json.gz,14.0
six_parent_nominal_development,SEM_P04,nominal,S,core_P04_nom_S_b120_lexicographic,92,left,4.750000000000007,0.7500000000000009,4.750000000000007,0.7500000000000009,-0.866025403784438,0.5000000000000011,5,audit_results/semantic_development_acquisition_20260923/episodes/core_P04_nom_S_b120_lexicographic/steps/092.json.gz,14.0
six_parent_nominal_development,SEM_P04,nominal,S,core_P04_nom_S_b120_lexicographic,93,left,4.750000000000007,0.7500000000000009,4.750000000000007,0.7500000000000009,-1.0,1.8988215193149856e-15,5,audit_results/semantic_development_acquisition_20260923/episodes/core_P04_nom_S_b120_lexicographic/steps/093.json.gz,14.0
six_parent_nominal_development,SEM_P04,nominal,S,core_P04_nom_S_b120_lexicographic,94,forward,4.500000000000007,0.7500000000000013,4.500000000000007,0.7500000000000013,-1.0,1.8988215193149856e-15,5,audit_results/semantic_development_acquisition_20260923/episodes/core_P04_nom_S_b120_lexicographic/steps/094.json.gz,14.25
six_parent_nominal_development,SEM_P04,nominal,S,core_P04_nom_S_b120_lexicographic,95,forward,4.250000000000007,0.7500000000000018,4.250000000000007,0.7500000000000018,-1.0,1.8988215193149856e-15,5,audit_results/semantic_development_acquisition_20260923/episodes/core_P04_nom_S_b120_lexicographic/steps/095.json.gz,14.5
six_parent_nominal_development,SEM_P04,nominal,S,core_P04_nom_S_b120_lexicographic,96,forward,4.000000000000007,0.7500000000000022,4.000000000000007,0.7500000000000022,-1.0,1.8988215193149856e-15,5,audit_results/semantic_development_acquisition_20260923/episodes/core_P04_nom_S_b120_lexicographic/steps/096.json.gz,14.75
six_parent_nominal_development,SEM_P04,nominal,S,core_P04_nom_S_b120_lexicographic,97,forward,3.750000000000007,0.7500000000000027,3.750000000000007,0.7500000000000027,-1.0,1.8988215193149856e-15,5,audit_results/semantic_development_acquisition_20260923/episodes/core_P04_nom_S_b120_lexicographic/steps/097.json.gz,15.0
six_parent_nominal_development,SEM_P04,nominal,S,core_P04_nom_S_b120_lexicographic,98,forward,3.500000000000007,0.7500000000000031,3.500000000000007,0.7500000000000031,-1.0,1.8988215193149856e-15,5,audit_results/semantic_development_acquisition_20260923/episodes/core_P04_nom_S_b120_lexicographic/steps/098.json.gz,15.25
six_parent_nominal_development,SEM_P04,nominal,S,core_P04_nom_S_b120_lexicographic,99,forward,3.250000000000007,0.7500000000000036,3.250000000000007,0.7500000000000036,-1.0,1.8988215193149856e-15,5,audit_results/semantic_development_acquisition_20260923/episodes/core_P04_nom_S_b120_lexicographic/steps/099.json.gz,15.5
six_parent_nominal_development,SEM_P04,nominal,S,core_P04_nom_S_b120_lexicographic,100,forward,3.000000000000007,0.750000000000004,3.000000000000007,0.750000000000004,-1.0,1.8988215193149856e-15,5,audit_results/semantic_development_acquisition_20260923/episodes/core_P04_nom_S_b120_lexicographic/steps/100.json.gz,15.75
six_parent_nominal_development,SEM_P04,nominal,S,core_P04_nom_S_b120_lexicographic,101,forward,2.750000000000007,0.7500000000000044,2.750000000000007,0.7500000000000044,-1.0,1.8988215193149856e-15,5,audit_results/semantic_development_acquisition_20260923/episodes/core_P04_nom_S_b120_lexicographic/steps/101.json.gz,16.0
six_parent_nominal_development,SEM_P04,nominal,S,core_P04_nom_S_b120_lexicographic,102,forward,2.500000000000007,0.7500000000000049,2.500000000000007,0.7500000000000049,-1.0,1.8988215193149856e-15,5,audit_results/semantic_development_acquisition_20260923/episodes/core_P04_nom_S_b120_lexicographic/steps/102.json.gz,16.25
six_parent_nominal_development,SEM_P04,nominal,S,core_P04_nom_S_b120_lexicographic,103,forward,2.250000000000007,0.7500000000000053,2.250000000000007,0.7500000000000053,-1.0,1.8988215193149856e-15,5,audit_results/semantic_development_acquisition_20260923/episodes/core_P04_nom_S_b120_lexicographic/steps/103.json.gz,16.5
six_parent_nominal_development,SEM_P04,nominal,S,core_P04_nom_S_b120_lexicographic,104,forward,2.000000000000007,0.7500000000000058,2.000000000000007,0.7500000000000058,-1.0,1.8988215193149856e-15,5,audit_results/semantic_development_acquisition_20260923/episodes/core_P04_nom_S_b120_lexicographic/steps/104.json.gz,16.75
six_parent_nominal_development,SEM_P04,nominal,S,core_P04_nom_S_b120_lexicographic,105,forward,1.750000000000007,0.7500000000000062,1.750000000000007,0.7500000000000062,-1.0,1.8988215193149856e-15,5,audit_results/semantic_development_acquisition_20260923/episodes/core_P04_nom_S_b120_lexicographic/steps/105.json.gz,17.0
six_parent_nominal_development,SEM_P04,nominal,S,core_P04_nom_S_b120_lexicographic,106,forward,1.500000000000007,0.7500000000000067,1.500000000000007,0.7500000000000067,-1.0,1.8988215193149856e-15,5,audit_results/semantic_development_acquisition_20260923/episodes/core_P04_nom_S_b120_lexicographic/steps/106.json.gz,17.25
six_parent_nominal_development,SEM_P04,nominal,S,core_P04_nom_S_b120_lexicographic,107,forward,1.250000000000007,0.7500000000000071,1.250000000000007,0.7500000000000071,-1.0,1.8988215193149856e-15,5,audit_results/semantic_development_acquisition_20260923/episodes/core_P04_nom_S_b120_lexicographic/steps/107.json.gz,17.5
six_parent_nominal_development,SEM_P04,nominal,S,core_P04_nom_S_b120_lexicographic,108,forward,1.000000000000007,0.7500000000000075,1.000000000000007,0.7500000000000075,-1.0,1.8988215193149856e-15,5,audit_results/semantic_development_acquisition_20260923/episodes/core_P04_nom_S_b120_lexicographic/steps/108.json.gz,17.75
six_parent_nominal_development,SEM_P04,nominal,S,core_P04_nom_S_b120_lexicographic,109,forward,0.7500000000000071,0.750000000000008,0.7500000000000071,0.750000000000008,-1.0,1.8988215193149856e-15,5,audit_results/semantic_development_acquisition_20260923/episodes/core_P04_nom_S_b120_lexicographic/steps/109.json.gz,18.0
six_parent_nominal_development,SEM_P04,nominal,S,core_P04_nom_S_b120_lexicographic,110,right,0.7500000000000071,0.750000000000008,0.7500000000000071,0.750000000000008,-0.866025403784438,0.5000000000000011,5,audit_results/semantic_development_acquisition_20260923/episodes/core_P04_nom_S_b120_lexicographic/steps/110.json.gz,18.0
six_parent_nominal_development,SEM_P04,nominal,S,core_P04_nom_S_b120_lexicographic,111,right,0.7500000000000071,0.750000000000008,0.7500000000000071,0.750000000000008,-0.4999999999999994,0.8660254037844389,5,audit_results/semantic_development_acquisition_20260923/episodes/core_P04_nom_S_b120_lexicographic/steps/111.json.gz,18.0
six_parent_nominal_development,SEM_P04,nominal,S,core_P04_nom_S_b120_lexicographic,112,right,0.7500000000000071,0.750000000000008,0.7500000000000071,0.750000000000008,6.123233995736766e-17,1.0,5,audit_results/semantic_development_acquisition_20260923/episodes/core_P04_nom_S_b120_lexicographic/steps/112.json.gz,18.0
six_parent_nominal_development,SEM_P04,nominal,S,core_P04_nom_S_b120_lexicographic,113,right,0.7500000000000071,0.750000000000008,0.7500000000000071,0.750000000000008,0.4999999999999995,0.8660254037844389,5,audit_results/semantic_development_acquisition_20260923/episodes/core_P04_nom_S_b120_lexicographic/steps/113.json.gz,18.0
six_parent_nominal_development,SEM_P04,nominal,S,core_P04_nom_S_b120_lexicographic,114,right,0.7500000000000071,0.750000000000008,0.7500000000000071,0.750000000000008,0.8660254037844383,0.5000000000000007,5,audit_results/semantic_development_acquisition_20260923/episodes/core_P04_nom_S_b120_lexicographic/steps/114.json.gz,18.0
six_parent_nominal_development,SEM_P04,nominal,S,core_P04_nom_S_b120_lexicographic,115,right,0.7500000000000071,0.750000000000008,0.7500000000000071,0.750000000000008,1.0,8.881784197001252e-16,,audit_results/semantic_development_acquisition_20260923/episodes/core_P04_nom_S_b120_lexicographic/steps/115.json.gz,18.0
six_parent_nominal_development,SEM_P05,nominal,G,core_P05_nom_G_b120_lexicographic,0,initial,0.75,0.75,0.75,0.75,1.0,0.0,118,audit_results/semantic_development_acquisition_20260923/episodes/core_P05_nom_G_b120_lexicographic/steps/000.json.gz,0.0
six_parent_nominal_development,SEM_P05,nominal,G,core_P05_nom_G_b120_lexicographic,1,left,0.75,0.75,0.75,0.75,0.8660254037844387,0.49999999999999983,117,audit_results/semantic_development_acquisition_20260923/episodes/core_P05_nom_G_b120_lexicographic/steps/001.json.gz,0.0
six_parent_nominal_development,SEM_P05,nominal,G,core_P05_nom_G_b120_lexicographic,2,observe,0.75,0.75,0.75,0.75,0.8660254037844387,0.49999999999999983,115,audit_results/semantic_development_acquisition_20260923/episodes/core_P05_nom_G_b120_lexicographic/steps/002.json.gz,0.0
six_parent_nominal_development,SEM_P05,nominal,G,core_P05_nom_G_b120_lexicographic,3,left,0.75,0.75,0.75,0.75,0.5000000000000003,0.8660254037844385,113,audit_results/semantic_development_acquisition_20260923/episodes/core_P05_nom_G_b120_lexicographic/steps/003.json.gz,0.0
six_parent_nominal_development,SEM_P05,nominal,G,core_P05_nom_G_b120_lexicographic,4,left,0.75,0.75,0.75,0.75,6.123233995736766e-17,1.0,105,audit_results/semantic_development_acquisition_20260923/episodes/core_P05_nom_G_b120_lexicographic/steps/004.json.gz,0.0
six_parent_nominal_development,SEM_P05,nominal,G,core_P05_nom_G_b120_lexicographic,5,forward,0.75,1.0,0.75,1.0,6.123233995736766e-17,1.0,103,audit_results/semantic_development_acquisition_20260923/episodes/core_P05_nom_G_b120_lexicographic/steps/005.json.gz,0.25
six_parent_nominal_development,SEM_P05,nominal,G,core_P05_nom_G_b120_lexicographic,6,forward,0.75,1.25,0.75,1.25,6.123233995736766e-17,1.0,101,audit_results/semantic_development_acquisition_20260923/episodes/core_P05_nom_G_b120_lexicographic/steps/006.json.gz,0.5
six_parent_nominal_development,SEM_P05,nominal,G,core_P05_nom_G_b120_lexicographic,7,forward,0.75,1.5,0.75,1.5,6.123233995736766e-17,1.0,99,audit_results/semantic_development_acquisition_20260923/episodes/core_P05_nom_G_b120_lexicographic/steps/007.json.gz,0.75
six_parent_nominal_development,SEM_P05,nominal,G,core_P05_nom_G_b120_lexicographic,8,forward,0.75,1.75,0.75,1.75,6.123233995736766e-17,1.0,99,audit_results/semantic_development_acquisition_20260923/episodes/core_P05_nom_G_b120_lexicographic/steps/008.json.gz,1.0
six_parent_nominal_development,SEM_P05,nominal,G,core_P05_nom_G_b120_lexicographic,9,right,0.75,1.75,0.75,1.75,0.4999999999999995,0.8660254037844389,99,audit_results/semantic_development_acquisition_20260923/episodes/core_P05_nom_G_b120_lexicographic/steps/009.json.gz,1.0
six_parent_nominal_development,SEM_P05,nominal,G,core_P05_nom_G_b120_lexicographic,10,right,0.75,1.75,0.75,1.75,0.8660254037844383,0.5000000000000007,97,audit_results/semantic_development_acquisition_20260923/episodes/core_P05_nom_G_b120_lexicographic/steps/010.json.gz,1.0
six_parent_nominal_development,SEM_P05,nominal,G,core_P05_nom_G_b120_lexicographic,11,left,0.75,1.75,0.75,1.75,0.4999999999999995,0.8660254037844389,95,audit_results/semantic_development_acquisition_20260923/episodes/core_P05_nom_G_b120_lexicographic/steps/011.json.gz,1.0
six_parent_nominal_development,SEM_P05,nominal,G,core_P05_nom_G_b120_lexicographic,12,left,0.75,1.75,0.75,1.75,6.123233995736766e-17,1.0,93,audit_results/semantic_development_acquisition_20260923/episodes/core_P05_nom_G_b120_lexicographic/steps/012.json.gz,1.0
six_parent_nominal_development,SEM_P05,nominal,G,core_P05_nom_G_b120_lexicographic,13,forward,0.75,2.0,0.75,2.0,6.123233995736766e-17,1.0,91,audit_results/semantic_development_acquisition_20260923/episodes/core_P05_nom_G_b120_lexicographic/steps/013.json.gz,1.25
six_parent_nominal_development,SEM_P05,nominal,G,core_P05_nom_G_b120_lexicographic,14,forward,0.75,2.25,0.75,2.25,6.123233995736766e-17,1.0,89,audit_results/semantic_development_acquisition_20260923/episodes/core_P05_nom_G_b120_lexicographic/steps/014.json.gz,1.5
six_parent_nominal_development,SEM_P05,nominal,G,core_P05_nom_G_b120_lexicographic,15,forward,0.75,2.5,0.75,2.5,6.123233995736766e-17,1.0,87,audit_results/semantic_development_acquisition_20260923/episodes/core_P05_nom_G_b120_lexicographic/steps/015.json.gz,1.75
six_parent_nominal_development,SEM_P05,nominal,G,core_P05_nom_G_b120_lexicographic,16,forward,0.75,2.75,0.75,2.75,6.123233995736766e-17,1.0,87,audit_results/semantic_development_acquisition_20260923/episodes/core_P05_nom_G_b120_lexicographic/steps/016.json.gz,2.0
six_parent_nominal_development,SEM_P05,nominal,G,core_P05_nom_G_b120_lexicographic,17,right,0.75,2.75,0.75,2.75,0.4999999999999995,0.8660254037844389,87,audit_results/semantic_development_acquisition_20260923/episodes/core_P05_nom_G_b120_lexicographic/steps/017.json.gz,2.0
six_parent_nominal_development,SEM_P05,nominal,G,core_P05_nom_G_b120_lexicographic,18,right,0.75,2.75,0.75,2.75,0.8660254037844383,0.5000000000000007,86,audit_results/semantic_development_acquisition_20260923/episodes/core_P05_nom_G_b120_lexicographic/steps/018.json.gz,2.0
six_parent_nominal_development,SEM_P05,nominal,G,core_P05_nom_G_b120_lexicographic,19,observe,0.75,2.75,0.75,2.75,0.8660254037844383,0.5000000000000007,84,audit_results/semantic_development_acquisition_20260923/episodes/core_P05_nom_G_b120_lexicographic/steps/019.json.gz,2.0
six_parent_nominal_development,SEM_P05,nominal,G,core_P05_nom_G_b120_lexicographic,20,left,0.75,2.75,0.75,2.75,0.4999999999999995,0.8660254037844389,82,audit_results/semantic_development_acquisition_20260923/episodes/core_P05_nom_G_b120_lexicographic/steps/020.json.gz,2.0
six_parent_nominal_development,SEM_P05,nominal,G,core_P05_nom_G_b120_lexicographic,21,left,0.75,2.75,0.75,2.75,6.123233995736766e-17,1.0,80,audit_results/semantic_development_acquisition_20260923/episodes/core_P05_nom_G_b120_lexicographic/steps/021.json.gz,2.0
six_parent_nominal_development,SEM_P05,nominal,G,core_P05_nom_G_b120_lexicographic,22,forward,0.75,3.0,0.75,3.0,6.123233995736766e-17,1.0,78,audit_results/semantic_development_acquisition_20260923/episodes/core_P05_nom_G_b120_lexicographic/steps/022.json.gz,2.25
six_parent_nominal_development,SEM_P05,nominal,G,core_P05_nom_G_b120_lexicographic,23,forward,0.75,3.25,0.75,3.25,6.123233995736766e-17,1.0,76,audit_results/semantic_development_acquisition_20260923/episodes/core_P05_nom_G_b120_lexicographic/steps/023.json.gz,2.5
six_parent_nominal_development,SEM_P05,nominal,G,core_P05_nom_G_b120_lexicographic,24,forward,0.75,3.5,0.75,3.5,6.123233995736766e-17,1.0,74,audit_results/semantic_development_acquisition_20260923/episodes/core_P05_nom_G_b120_lexicographic/steps/024.json.gz,2.75
six_parent_nominal_development,SEM_P05,nominal,G,core_P05_nom_G_b120_lexicographic,25,forward,0.75,3.75,0.75,3.75,6.123233995736766e-17,1.0,74,audit_results/semantic_development_acquisition_20260923/episodes/core_P05_nom_G_b120_lexicographic/steps/025.json.gz,3.0
six_parent_nominal_development,SEM_P05,nominal,G,core_P05_nom_G_b120_lexicographic,26,right,0.75,3.75,0.75,3.75,0.4999999999999995,0.8660254037844389,74,audit_results/semantic_development_acquisition_20260923/episodes/core_P05_nom_G_b120_lexicographic/steps/026.json.gz,3.0
six_parent_nominal_development,SEM_P05,nominal,G,core_P05_nom_G_b120_lexicographic,27,right,0.75,3.75,0.75,3.75,0.8660254037844383,0.5000000000000007,74,audit_results/semantic_development_acquisition_20260923/episodes/core_P05_nom_G_b120_lexicographic/steps/027.json.gz,3.0
six_parent_nominal_development,SEM_P05,nominal,G,core_P05_nom_G_b120_lexicographic,28,right,0.75,3.75,0.75,3.75,1.0,8.881784197001252e-16,66,audit_results/semantic_development_acquisition_20260923/episodes/core_P05_nom_G_b120_lexicographic/steps/028.json.gz,3.0
six_parent_nominal_development,SEM_P05,nominal,G,core_P05_nom_G_b120_lexicographic,29,forward,1.0,3.75,1.0,3.75,1.0,8.881784197001252e-16,64,audit_results/semantic_development_acquisition_20260923/episodes/core_P05_nom_G_b120_lexicographic/steps/029.json.gz,3.25
six_parent_nominal_development,SEM_P05,nominal,G,core_P05_nom_G_b120_lexicographic,30,forward,1.25,3.75,1.25,3.75,1.0,8.881784197001252e-16,62,audit_results/semantic_development_acquisition_20260923/episodes/core_P05_nom_G_b120_lexicographic/steps/030.json.gz,3.5
six_parent_nominal_development,SEM_P05,nominal,G,core_P05_nom_G_b120_lexicographic,31,forward,1.5,3.75,1.5,3.75,1.0,8.881784197001252e-16,60,audit_results/semantic_development_acquisition_20260923/episodes/core_P05_nom_G_b120_lexicographic/steps/031.json.gz,3.75
six_parent_nominal_development,SEM_P05,nominal,G,core_P05_nom_G_b120_lexicographic,32,forward,1.75,3.75,1.75,3.75,1.0,8.881784197001252e-16,58,audit_results/semantic_development_acquisition_20260923/episodes/core_P05_nom_G_b120_lexicographic/steps/032.json.gz,4.0
six_parent_nominal_development,SEM_P05,nominal,G,core_P05_nom_G_b120_lexicographic,33,forward,2.0,3.75,2.0,3.75,1.0,8.881784197001252e-16,56,audit_results/semantic_development_acquisition_20260923/episodes/core_P05_nom_G_b120_lexicographic/steps/033.json.gz,4.25
six_parent_nominal_development,SEM_P05,nominal,G,core_P05_nom_G_b120_lexicographic,34,forward,2.25,3.75,2.25,3.75,1.0,8.881784197001252e-16,54,audit_results/semantic_development_acquisition_20260923/episodes/core_P05_nom_G_b120_lexicographic/steps/034.json.gz,4.5
six_parent_nominal_development,SEM_P05,nominal,G,core_P05_nom_G_b120_lexicographic,35,forward,2.5,3.75,2.5,3.75,1.0,8.881784197001252e-16,52,audit_results/semantic_development_acquisition_20260923/episodes/core_P05_nom_G_b120_lexicographic/steps/035.json.gz,4.75
six_parent_nominal_development,SEM_P05,nominal,G,core_P05_nom_G_b120_lexicographic,36,forward,2.75,3.75,2.75,3.75,1.0,8.881784197001252e-16,51,audit_results/semantic_development_acquisition_20260923/episodes/core_P05_nom_G_b120_lexicographic/steps/036.json.gz,5.0
six_parent_nominal_development,SEM_P05,nominal,G,core_P05_nom_G_b120_lexicographic,37,observe,2.75,3.75,2.75,3.75,1.0,8.881784197001252e-16,49,audit_results/semantic_development_acquisition_20260923/episodes/core_P05_nom_G_b120_lexicographic/steps/037.json.gz,5.0
six_parent_nominal_development,SEM_P05,nominal,G,core_P05_nom_G_b120_lexicographic,38,forward,3.0,3.75,3.0,3.75,1.0,8.881784197001252e-16,47,audit_results/semantic_development_acquisition_20260923/episodes/core_P05_nom_G_b120_lexicographic/steps/038.json.gz,5.25
six_parent_nominal_development,SEM_P05,nominal,G,core_P05_nom_G_b120_lexicographic,39,forward,3.25,3.75,3.25,3.75,1.0,8.881784197001252e-16,45,audit_results/semantic_development_acquisition_20260923/episodes/core_P05_nom_G_b120_lexicographic/steps/039.json.gz,5.5
six_parent_nominal_development,SEM_P05,nominal,G,core_P05_nom_G_b120_lexicographic,40,forward,3.5,3.75,3.5,3.75,1.0,8.881784197001252e-16,43,audit_results/semantic_development_acquisition_20260923/episodes/core_P05_nom_G_b120_lexicographic/steps/040.json.gz,5.75
six_parent_nominal_development,SEM_P05,nominal,G,core_P05_nom_G_b120_lexicographic,41,forward,3.75,3.75,3.75,3.75,1.0,8.881784197001252e-16,41,audit_results/semantic_development_acquisition_20260923/episodes/core_P05_nom_G_b120_lexicographic/steps/041.json.gz,6.0
six_parent_nominal_development,SEM_P05,nominal,G,core_P05_nom_G_b120_lexicographic,42,forward,4.0,3.75,4.0,3.75,1.0,8.881784197001252e-16,39,audit_results/semantic_development_acquisition_20260923/episodes/core_P05_nom_G_b120_lexicographic/steps/042.json.gz,6.25
six_parent_nominal_development,SEM_P05,nominal,G,core_P05_nom_G_b120_lexicographic,43,forward,4.25,3.75,4.25,3.75,1.0,8.881784197001252e-16,37,audit_results/semantic_development_acquisition_20260923/episodes/core_P05_nom_G_b120_lexicographic/steps/043.json.gz,6.5
six_parent_nominal_development,SEM_P05,nominal,G,core_P05_nom_G_b120_lexicographic,44,forward,4.5,3.75,4.5,3.75,1.0,8.881784197001252e-16,35,audit_results/semantic_development_acquisition_20260923/episodes/core_P05_nom_G_b120_lexicographic/steps/044.json.gz,6.75
six_parent_nominal_development,SEM_P05,nominal,G,core_P05_nom_G_b120_lexicographic,45,forward,4.75,3.75,4.75,3.75,1.0,8.881784197001252e-16,33,audit_results/semantic_development_acquisition_20260923/episodes/core_P05_nom_G_b120_lexicographic/steps/045.json.gz,7.0
six_parent_nominal_development,SEM_P05,nominal,G,core_P05_nom_G_b120_lexicographic,46,forward,5.0,3.75,5.0,3.75,1.0,8.881784197001252e-16,31,audit_results/semantic_development_acquisition_20260923/episodes/core_P05_nom_G_b120_lexicographic/steps/046.json.gz,7.25
six_parent_nominal_development,SEM_P05,nominal,G,core_P05_nom_G_b120_lexicographic,47,forward,5.25,3.75,5.25,3.75,1.0,8.881784197001252e-16,29,audit_results/semantic_development_acquisition_20260923/episodes/core_P05_nom_G_b120_lexicographic/steps/047.json.gz,7.5
six_parent_nominal_development,SEM_P05,nominal,G,core_P05_nom_G_b120_lexicographic,48,forward,5.5,3.75,5.5,3.75,1.0,8.881784197001252e-16,27,audit_results/semantic_development_acquisition_20260923/episodes/core_P05_nom_G_b120_lexicographic/steps/048.json.gz,7.75
six_parent_nominal_development,SEM_P05,nominal,G,core_P05_nom_G_b120_lexicographic,49,forward,5.75,3.75,5.75,3.75,1.0,8.881784197001252e-16,26,audit_results/semantic_development_acquisition_20260923/episodes/core_P05_nom_G_b120_lexicographic/steps/049.json.gz,8.0
six_parent_nominal_development,SEM_P05,nominal,G,core_P05_nom_G_b120_lexicographic,50,observe,5.75,3.75,5.75,3.75,1.0,8.881784197001252e-16,24,audit_results/semantic_development_acquisition_20260923/episodes/core_P05_nom_G_b120_lexicographic/steps/050.json.gz,8.0
six_parent_nominal_development,SEM_P05,nominal,G,core_P05_nom_G_b120_lexicographic,51,forward,6.0,3.75,6.0,3.75,1.0,8.881784197001252e-16,22,audit_results/semantic_development_acquisition_20260923/episodes/core_P05_nom_G_b120_lexicographic/steps/051.json.gz,8.25
six_parent_nominal_development,SEM_P05,nominal,G,core_P05_nom_G_b120_lexicographic,52,forward,6.25,3.75,6.25,3.75,1.0,8.881784197001252e-16,20,audit_results/semantic_development_acquisition_20260923/episodes/core_P05_nom_G_b120_lexicographic/steps/052.json.gz,8.5
six_parent_nominal_development,SEM_P05,nominal,G,core_P05_nom_G_b120_lexicographic,53,forward,6.5,3.75,6.5,3.75,1.0,8.881784197001252e-16,18,audit_results/semantic_development_acquisition_20260923/episodes/core_P05_nom_G_b120_lexicographic/steps/053.json.gz,8.75
six_parent_nominal_development,SEM_P05,nominal,G,core_P05_nom_G_b120_lexicographic,54,forward,6.75,3.75,6.75,3.75,1.0,8.881784197001252e-16,16,audit_results/semantic_development_acquisition_20260923/episodes/core_P05_nom_G_b120_lexicographic/steps/054.json.gz,9.0
six_parent_nominal_development,SEM_P05,nominal,G,core_P05_nom_G_b120_lexicographic,55,forward,7.0,3.75,7.0,3.75,1.0,8.881784197001252e-16,14,audit_results/semantic_development_acquisition_20260923/episodes/core_P05_nom_G_b120_lexicographic/steps/055.json.gz,9.25
six_parent_nominal_development,SEM_P05,nominal,G,core_P05_nom_G_b120_lexicographic,56,forward,7.25,3.75,7.25,3.75,1.0,8.881784197001252e-16,12,audit_results/semantic_development_acquisition_20260923/episodes/core_P05_nom_G_b120_lexicographic/steps/056.json.gz,9.5
six_parent_nominal_development,SEM_P05,nominal,G,core_P05_nom_G_b120_lexicographic,57,forward,7.5,3.75,7.5,3.75,1.0,8.881784197001252e-16,10,audit_results/semantic_development_acquisition_20260923/episodes/core_P05_nom_G_b120_lexicographic/steps/057.json.gz,9.75
six_parent_nominal_development,SEM_P05,nominal,G,core_P05_nom_G_b120_lexicographic,58,forward,7.75,3.75,7.75,3.75,1.0,8.881784197001252e-16,9,audit_results/semantic_development_acquisition_20260923/episodes/core_P05_nom_G_b120_lexicographic/steps/058.json.gz,10.0
six_parent_nominal_development,SEM_P05,nominal,G,core_P05_nom_G_b120_lexicographic,59,observe,7.75,3.75,7.75,3.75,1.0,8.881784197001252e-16,9,audit_results/semantic_development_acquisition_20260923/episodes/core_P05_nom_G_b120_lexicographic/steps/059.json.gz,10.0
six_parent_nominal_development,SEM_P05,nominal,G,core_P05_nom_G_b120_lexicographic,60,right,7.75,3.75,7.75,3.75,0.8660254037844392,-0.4999999999999991,9,audit_results/semantic_development_acquisition_20260923/episodes/core_P05_nom_G_b120_lexicographic/steps/060.json.gz,10.0
six_parent_nominal_development,SEM_P05,nominal,G,core_P05_nom_G_b120_lexicographic,61,right,7.75,3.75,7.75,3.75,0.5000000000000011,-0.866025403784438,9,audit_results/semantic_development_acquisition_20260923/episodes/core_P05_nom_G_b120_lexicographic/steps/061.json.gz,10.0
six_parent_nominal_development,SEM_P05,nominal,G,core_P05_nom_G_b120_lexicographic,62,right,7.75,3.75,7.75,3.75,1.3934999695075554e-15,-1.0,9,audit_results/semantic_development_acquisition_20260923/episodes/core_P05_nom_G_b120_lexicographic/steps/062.json.gz,10.0
six_parent_nominal_development,SEM_P05,nominal,G,core_P05_nom_G_b120_lexicographic,63,forward,7.75,3.5,7.75,3.5,1.3934999695075554e-15,-1.0,9,audit_results/semantic_development_acquisition_20260923/episodes/core_P05_nom_G_b120_lexicographic/steps/063.json.gz,10.25
six_parent_nominal_development,SEM_P05,nominal,G,core_P05_nom_G_b120_lexicographic,64,forward,7.75,3.25,7.75,3.25,1.3934999695075554e-15,-1.0,9,audit_results/semantic_development_acquisition_20260923/episodes/core_P05_nom_G_b120_lexicographic/steps/064.json.gz,10.5
six_parent_nominal_development,SEM_P05,nominal,G,core_P05_nom_G_b120_lexicographic,65,forward,7.75,3.0,7.75,3.0,1.3934999695075554e-15,-1.0,9,audit_results/semantic_development_acquisition_20260923/episodes/core_P05_nom_G_b120_lexicographic/steps/065.json.gz,10.75
six_parent_nominal_development,SEM_P05,nominal,G,core_P05_nom_G_b120_lexicographic,66,forward,7.75,2.75,7.75,2.75,1.3934999695075554e-15,-1.0,7,audit_results/semantic_development_acquisition_20260923/episodes/core_P05_nom_G_b120_lexicographic/steps/066.json.gz,11.0
six_parent_nominal_development,SEM_P05,nominal,G,core_P05_nom_G_b120_lexicographic,67,right,7.75,2.75,7.75,2.75,-0.49999999999999867,-0.8660254037844394,5,audit_results/semantic_development_acquisition_20260923/episodes/core_P05_nom_G_b120_lexicographic/steps/067.json.gz,11.0
six_parent_nominal_development,SEM_P05,nominal,G,core_P05_nom_G_b120_lexicographic,68,right,7.75,2.75,7.75,2.75,-0.8660254037844378,-0.5000000000000014,3,audit_results/semantic_development_acquisition_20260923/episodes/core_P05_nom_G_b120_lexicographic/steps/068.json.gz,11.0
six_parent_nominal_development,SEM_P05,nominal,G,core_P05_nom_G_b120_lexicographic,69,right,7.75,2.75,7.75,2.75,-1.0,-1.8988215193149856e-15,3,audit_results/semantic_development_acquisition_20260923/episodes/core_P05_nom_G_b120_lexicographic/steps/069.json.gz,11.0
six_parent_nominal_development,SEM_P05,nominal,G,core_P05_nom_G_b120_lexicographic,70,forward,7.5,2.7499999999999996,7.5,2.7499999999999996,-1.0,-1.8988215193149856e-15,3,audit_results/semantic_development_acquisition_20260923/episodes/core_P05_nom_G_b120_lexicographic/steps/070.json.gz,11.25
six_parent_nominal_development,SEM_P05,nominal,G,core_P05_nom_G_b120_lexicographic,71,forward,7.25,2.749999999999999,7.25,2.749999999999999,-1.0,-1.8988215193149856e-15,3,audit_results/semantic_development_acquisition_20260923/episodes/core_P05_nom_G_b120_lexicographic/steps/071.json.gz,11.5
six_parent_nominal_development,SEM_P05,nominal,G,core_P05_nom_G_b120_lexicographic,72,forward,7.0,2.7499999999999987,7.0,2.7499999999999987,-1.0,-1.8988215193149856e-15,3,audit_results/semantic_development_acquisition_20260923/episodes/core_P05_nom_G_b120_lexicographic/steps/072.json.gz,11.75
six_parent_nominal_development,SEM_P05,nominal,G,core_P05_nom_G_b120_lexicographic,73,forward,6.75,2.7499999999999982,6.75,2.7499999999999982,-1.0,-1.8988215193149856e-15,2,audit_results/semantic_development_acquisition_20260923/episodes/core_P05_nom_G_b120_lexicographic/steps/073.json.gz,12.0
six_parent_nominal_development,SEM_P05,nominal,G,core_P05_nom_G_b120_lexicographic,74,observe,6.75,2.7499999999999982,6.75,2.7499999999999982,-1.0,-1.8988215193149856e-15,2,audit_results/semantic_development_acquisition_20260923/episodes/core_P05_nom_G_b120_lexicographic/steps/074.json.gz,12.0
six_parent_nominal_development,SEM_P05,nominal,G,core_P05_nom_G_b120_lexicographic,75,left,6.75,2.7499999999999982,6.75,2.7499999999999982,-0.8660254037844378,-0.5000000000000014,2,audit_results/semantic_development_acquisition_20260923/episodes/core_P05_nom_G_b120_lexicographic/steps/075.json.gz,12.0
six_parent_nominal_development,SEM_P05,nominal,G,core_P05_nom_G_b120_lexicographic,76,left,6.75,2.7499999999999982,6.75,2.7499999999999982,-0.49999999999999867,-0.8660254037844394,2,audit_results/semantic_development_acquisition_20260923/episodes/core_P05_nom_G_b120_lexicographic/steps/076.json.gz,12.0
six_parent_nominal_development,SEM_P05,nominal,G,core_P05_nom_G_b120_lexicographic,77,left,6.75,2.7499999999999982,6.75,2.7499999999999982,1.3934999695075554e-15,-1.0,2,audit_results/semantic_development_acquisition_20260923/episodes/core_P05_nom_G_b120_lexicographic/steps/077.json.gz,12.0
six_parent_nominal_development,SEM_P05,nominal,G,core_P05_nom_G_b120_lexicographic,78,forward,6.75,2.4999999999999982,6.75,2.4999999999999982,1.3934999695075554e-15,-1.0,2,audit_results/semantic_development_acquisition_20260923/episodes/core_P05_nom_G_b120_lexicographic/steps/078.json.gz,12.25
six_parent_nominal_development,SEM_P05,nominal,G,core_P05_nom_G_b120_lexicographic,79,forward,6.75,2.2499999999999982,6.75,2.2499999999999982,1.3934999695075554e-15,-1.0,2,audit_results/semantic_development_acquisition_20260923/episodes/core_P05_nom_G_b120_lexicographic/steps/079.json.gz,12.5
six_parent_nominal_development,SEM_P05,nominal,G,core_P05_nom_G_b120_lexicographic,80,forward,6.75,1.9999999999999982,6.75,1.9999999999999982,1.3934999695075554e-15,-1.0,2,audit_results/semantic_development_acquisition_20260923/episodes/core_P05_nom_G_b120_lexicographic/steps/080.json.gz,12.75
six_parent_nominal_development,SEM_P05,nominal,G,core_P05_nom_G_b120_lexicographic,81,forward,6.75,1.7499999999999982,6.75,1.7499999999999982,1.3934999695075554e-15,-1.0,1,audit_results/semantic_development_acquisition_20260923/episodes/core_P05_nom_G_b120_lexicographic/steps/081.json.gz,13.0
six_parent_nominal_development,SEM_P05,nominal,G,core_P05_nom_G_b120_lexicographic,82,observe,6.75,1.7499999999999982,6.75,1.7499999999999982,1.3934999695075554e-15,-1.0,1,audit_results/semantic_development_acquisition_20260923/episodes/core_P05_nom_G_b120_lexicographic/steps/082.json.gz,13.0
six_parent_nominal_development,SEM_P05,nominal,G,core_P05_nom_G_b120_lexicographic,83,forward,6.75,1.4999999999999982,6.75,1.4999999999999982,1.3934999695075554e-15,-1.0,1,audit_results/semantic_development_acquisition_20260923/episodes/core_P05_nom_G_b120_lexicographic/steps/083.json.gz,13.25
six_parent_nominal_development,SEM_P05,nominal,G,core_P05_nom_G_b120_lexicographic,84,forward,6.75,1.2499999999999982,6.75,1.2499999999999982,1.3934999695075554e-15,-1.0,1,audit_results/semantic_development_acquisition_20260923/episodes/core_P05_nom_G_b120_lexicographic/steps/084.json.gz,13.5
six_parent_nominal_development,SEM_P05,nominal,G,core_P05_nom_G_b120_lexicographic,85,forward,6.75,0.9999999999999982,6.75,0.9999999999999982,1.3934999695075554e-15,-1.0,1,audit_results/semantic_development_acquisition_20260923/episodes/core_P05_nom_G_b120_lexicographic/steps/085.json.gz,13.75
six_parent_nominal_development,SEM_P05,nominal,G,core_P05_nom_G_b120_lexicographic,86,forward,6.75,0.7499999999999982,6.75,0.7499999999999982,1.3934999695075554e-15,-1.0,1,audit_results/semantic_development_acquisition_20260923/episodes/core_P05_nom_G_b120_lexicographic/steps/086.json.gz,14.0
six_parent_nominal_development,SEM_P05,nominal,G,core_P05_nom_G_b120_lexicographic,87,right,6.75,0.7499999999999982,6.75,0.7499999999999982,-0.49999999999999867,-0.8660254037844394,1,audit_results/semantic_development_acquisition_20260923/episodes/core_P05_nom_G_b120_lexicographic/steps/087.json.gz,14.0
six_parent_nominal_development,SEM_P05,nominal,G,core_P05_nom_G_b120_lexicographic,88,right,6.75,0.7499999999999982,6.75,0.7499999999999982,-0.8660254037844378,-0.5000000000000014,1,audit_results/semantic_development_acquisition_20260923/episodes/core_P05_nom_G_b120_lexicographic/steps/088.json.gz,14.0
six_parent_nominal_development,SEM_P05,nominal,G,core_P05_nom_G_b120_lexicographic,89,right,6.75,0.7499999999999982,6.75,0.7499999999999982,-1.0,-1.8988215193149856e-15,1,audit_results/semantic_development_acquisition_20260923/episodes/core_P05_nom_G_b120_lexicographic/steps/089.json.gz,14.0
six_parent_nominal_development,SEM_P05,nominal,G,core_P05_nom_G_b120_lexicographic,90,forward,6.5,0.7499999999999978,6.5,0.7499999999999978,-1.0,-1.8988215193149856e-15,1,audit_results/semantic_development_acquisition_20260923/episodes/core_P05_nom_G_b120_lexicographic/steps/090.json.gz,14.25
six_parent_nominal_development,SEM_P05,nominal,G,core_P05_nom_G_b120_lexicographic,91,forward,6.25,0.7499999999999973,6.25,0.7499999999999973,-1.0,-1.8988215193149856e-15,1,audit_results/semantic_development_acquisition_20260923/episodes/core_P05_nom_G_b120_lexicographic/steps/091.json.gz,14.5
six_parent_nominal_development,SEM_P05,nominal,G,core_P05_nom_G_b120_lexicographic,92,forward,6.0,0.7499999999999969,6.0,0.7499999999999969,-1.0,-1.8988215193149856e-15,1,audit_results/semantic_development_acquisition_20260923/episodes/core_P05_nom_G_b120_lexicographic/steps/092.json.gz,14.75
six_parent_nominal_development,SEM_P05,nominal,G,core_P05_nom_G_b120_lexicographic,93,forward,5.75,0.7499999999999964,5.75,0.7499999999999964,-1.0,-1.8988215193149856e-15,1,audit_results/semantic_development_acquisition_20260923/episodes/core_P05_nom_G_b120_lexicographic/steps/093.json.gz,15.0
six_parent_nominal_development,SEM_P05,nominal,G,core_P05_nom_G_b120_lexicographic,94,forward,5.5,0.749999999999996,5.5,0.749999999999996,-1.0,-1.8988215193149856e-15,1,audit_results/semantic_development_acquisition_20260923/episodes/core_P05_nom_G_b120_lexicographic/steps/094.json.gz,15.25
six_parent_nominal_development,SEM_P05,nominal,G,core_P05_nom_G_b120_lexicographic,95,forward,5.25,0.7499999999999956,5.25,0.7499999999999956,-1.0,-1.8988215193149856e-15,1,audit_results/semantic_development_acquisition_20260923/episodes/core_P05_nom_G_b120_lexicographic/steps/095.json.gz,15.5
six_parent_nominal_development,SEM_P05,nominal,G,core_P05_nom_G_b120_lexicographic,96,forward,5.0,0.7499999999999951,5.0,0.7499999999999951,-1.0,-1.8988215193149856e-15,1,audit_results/semantic_development_acquisition_20260923/episodes/core_P05_nom_G_b120_lexicographic/steps/096.json.gz,15.75
six_parent_nominal_development,SEM_P05,nominal,G,core_P05_nom_G_b120_lexicographic,97,forward,4.75,0.7499999999999947,4.75,0.7499999999999947,-1.0,-1.8988215193149856e-15,0,audit_results/semantic_development_acquisition_20260923/episodes/core_P05_nom_G_b120_lexicographic/steps/097.json.gz,16.0
six_parent_nominal_development,SEM_P05,nominal,G,core_P05_nom_G_b120_lexicographic,98,observe,4.75,0.7499999999999947,4.75,0.7499999999999947,-1.0,-1.8988215193149856e-15,0,audit_results/semantic_development_acquisition_20260923/episodes/core_P05_nom_G_b120_lexicographic/steps/098.json.gz,16.0
six_parent_nominal_development,SEM_P05,nominal,G,core_P05_nom_G_b120_lexicographic,99,forward,4.5,0.7499999999999942,4.5,0.7499999999999942,-1.0,-1.8988215193149856e-15,0,audit_results/semantic_development_acquisition_20260923/episodes/core_P05_nom_G_b120_lexicographic/steps/099.json.gz,16.25
six_parent_nominal_development,SEM_P05,nominal,G,core_P05_nom_G_b120_lexicographic,100,forward,4.25,0.7499999999999938,4.25,0.7499999999999938,-1.0,-1.8988215193149856e-15,0,audit_results/semantic_development_acquisition_20260923/episodes/core_P05_nom_G_b120_lexicographic/steps/100.json.gz,16.5
six_parent_nominal_development,SEM_P05,nominal,G,core_P05_nom_G_b120_lexicographic,101,forward,4.0,0.7499999999999933,4.0,0.7499999999999933,-1.0,-1.8988215193149856e-15,0,audit_results/semantic_development_acquisition_20260923/episodes/core_P05_nom_G_b120_lexicographic/steps/101.json.gz,16.75
six_parent_nominal_development,SEM_P05,nominal,G,core_P05_nom_G_b120_lexicographic,102,forward,3.75,0.7499999999999929,3.75,0.7499999999999929,-1.0,-1.8988215193149856e-15,0,audit_results/semantic_development_acquisition_20260923/episodes/core_P05_nom_G_b120_lexicographic/steps/102.json.gz,17.0
six_parent_nominal_development,SEM_P05,nominal,G,core_P05_nom_G_b120_lexicographic,103,forward,3.5,0.7499999999999925,3.5,0.7499999999999925,-1.0,-1.8988215193149856e-15,0,audit_results/semantic_development_acquisition_20260923/episodes/core_P05_nom_G_b120_lexicographic/steps/103.json.gz,17.25
six_parent_nominal_development,SEM_P05,nominal,G,core_P05_nom_G_b120_lexicographic,104,forward,3.25,0.749999999999992,3.25,0.749999999999992,-1.0,-1.8988215193149856e-15,0,audit_results/semantic_development_acquisition_20260923/episodes/core_P05_nom_G_b120_lexicographic/steps/104.json.gz,17.5
six_parent_nominal_development,SEM_P05,nominal,G,core_P05_nom_G_b120_lexicographic,105,forward,3.0,0.7499999999999916,3.0,0.7499999999999916,-1.0,-1.8988215193149856e-15,0,audit_results/semantic_development_acquisition_20260923/episodes/core_P05_nom_G_b120_lexicographic/steps/105.json.gz,17.75
six_parent_nominal_development,SEM_P05,nominal,G,core_P05_nom_G_b120_lexicographic,106,forward,2.75,0.7499999999999911,2.75,0.7499999999999911,-1.0,-1.8988215193149856e-15,0,audit_results/semantic_development_acquisition_20260923/episodes/core_P05_nom_G_b120_lexicographic/steps/106.json.gz,18.0
six_parent_nominal_development,SEM_P05,nominal,G,core_P05_nom_G_b120_lexicographic,107,forward,2.5,0.7499999999999907,2.5,0.7499999999999907,-1.0,-1.8988215193149856e-15,0,audit_results/semantic_development_acquisition_20260923/episodes/core_P05_nom_G_b120_lexicographic/steps/107.json.gz,18.25
six_parent_nominal_development,SEM_P05,nominal,G,core_P05_nom_G_b120_lexicographic,108,forward,2.25,0.7499999999999902,2.25,0.7499999999999902,-1.0,-1.8988215193149856e-15,0,audit_results/semantic_development_acquisition_20260923/episodes/core_P05_nom_G_b120_lexicographic/steps/108.json.gz,18.5
six_parent_nominal_development,SEM_P05,nominal,G,core_P05_nom_G_b120_lexicographic,109,forward,2.0,0.7499999999999898,2.0,0.7499999999999898,-1.0,-1.8988215193149856e-15,0,audit_results/semantic_development_acquisition_20260923/episodes/core_P05_nom_G_b120_lexicographic/steps/109.json.gz,18.75
six_parent_nominal_development,SEM_P05,nominal,G,core_P05_nom_G_b120_lexicographic,110,forward,1.75,0.7499999999999893,1.75,0.7499999999999893,-1.0,-1.8988215193149856e-15,0,audit_results/semantic_development_acquisition_20260923/episodes/core_P05_nom_G_b120_lexicographic/steps/110.json.gz,19.0
six_parent_nominal_development,SEM_P05,nominal,G,core_P05_nom_G_b120_lexicographic,111,forward,1.5,0.7499999999999889,1.5,0.7499999999999889,-1.0,-1.8988215193149856e-15,0,audit_results/semantic_development_acquisition_20260923/episodes/core_P05_nom_G_b120_lexicographic/steps/111.json.gz,19.25
six_parent_nominal_development,SEM_P05,nominal,G,core_P05_nom_G_b120_lexicographic,112,forward,1.25,0.7499999999999885,1.25,0.7499999999999885,-1.0,-1.8988215193149856e-15,0,audit_results/semantic_development_acquisition_20260923/episodes/core_P05_nom_G_b120_lexicographic/steps/112.json.gz,19.5
six_parent_nominal_development,SEM_P05,nominal,G,core_P05_nom_G_b120_lexicographic,113,forward,1.0,0.749999999999988,1.0,0.749999999999988,-1.0,-1.8988215193149856e-15,0,audit_results/semantic_development_acquisition_20260923/episodes/core_P05_nom_G_b120_lexicographic/steps/113.json.gz,19.75
six_parent_nominal_development,SEM_P05,nominal,G,core_P05_nom_G_b120_lexicographic,114,forward,0.75,0.7499999999999876,0.75,0.7499999999999876,-1.0,-1.8988215193149856e-15,0,audit_results/semantic_development_acquisition_20260923/episodes/core_P05_nom_G_b120_lexicographic/steps/114.json.gz,20.0
six_parent_nominal_development,SEM_P05,nominal,G,core_P05_nom_G_b120_lexicographic,115,right,0.75,0.7499999999999876,0.75,0.7499999999999876,-0.8660254037844398,0.49999999999999806,0,audit_results/semantic_development_acquisition_20260923/episodes/core_P05_nom_G_b120_lexicographic/steps/115.json.gz,20.0
six_parent_nominal_development,SEM_P05,nominal,G,core_P05_nom_G_b120_lexicographic,116,right,0.75,0.7499999999999876,0.75,0.7499999999999876,-0.5000000000000024,0.8660254037844372,0,audit_results/semantic_development_acquisition_20260923/episodes/core_P05_nom_G_b120_lexicographic/steps/116.json.gz,20.0
six_parent_nominal_development,SEM_P05,nominal,G,core_P05_nom_G_b120_lexicographic,117,right,0.75,0.7499999999999876,0.75,0.7499999999999876,-3.4914813388431334e-15,1.0,0,audit_results/semantic_development_acquisition_20260923/episodes/core_P05_nom_G_b120_lexicographic/steps/117.json.gz,20.0
six_parent_nominal_development,SEM_P05,nominal,G,core_P05_nom_G_b120_lexicographic,118,right,0.75,0.7499999999999876,0.75,0.7499999999999876,0.49999999999999645,0.8660254037844407,0,audit_results/semantic_development_acquisition_20260923/episodes/core_P05_nom_G_b120_lexicographic/steps/118.json.gz,20.0
six_parent_nominal_development,SEM_P05,nominal,G,core_P05_nom_G_b120_lexicographic,119,right,0.75,0.7499999999999876,0.75,0.7499999999999876,0.8660254037844365,0.5000000000000037,0,audit_results/semantic_development_acquisition_20260923/episodes/core_P05_nom_G_b120_lexicographic/steps/119.json.gz,20.0
six_parent_nominal_development,SEM_P05,nominal,G,core_P05_nom_G_b120_lexicographic,120,right,0.75,0.7499999999999876,0.75,0.7499999999999876,1.0,4.440892098500626e-15,,audit_results/semantic_development_acquisition_20260923/episodes/core_P05_nom_G_b120_lexicographic/steps/120.json.gz,20.0
six_parent_nominal_development,SEM_P05,nominal,S,core_P05_nom_S_b120_lexicographic,0,initial,0.75,0.75,0.75,0.75,1.0,0.0,118,audit_results/semantic_development_acquisition_20260923/episodes/core_P05_nom_S_b120_lexicographic/steps/000.json.gz,0.0
six_parent_nominal_development,SEM_P05,nominal,S,core_P05_nom_S_b120_lexicographic,1,left,0.75,0.75,0.75,0.75,0.8660254037844387,0.49999999999999983,117,audit_results/semantic_development_acquisition_20260923/episodes/core_P05_nom_S_b120_lexicographic/steps/001.json.gz,0.0
six_parent_nominal_development,SEM_P05,nominal,S,core_P05_nom_S_b120_lexicographic,2,observe,0.75,0.75,0.75,0.75,0.8660254037844387,0.49999999999999983,115,audit_results/semantic_development_acquisition_20260923/episodes/core_P05_nom_S_b120_lexicographic/steps/002.json.gz,0.0
six_parent_nominal_development,SEM_P05,nominal,S,core_P05_nom_S_b120_lexicographic,3,left,0.75,0.75,0.75,0.75,0.5000000000000003,0.8660254037844385,113,audit_results/semantic_development_acquisition_20260923/episodes/core_P05_nom_S_b120_lexicographic/steps/003.json.gz,0.0
six_parent_nominal_development,SEM_P05,nominal,S,core_P05_nom_S_b120_lexicographic,4,left,0.75,0.75,0.75,0.75,6.123233995736766e-17,1.0,105,audit_results/semantic_development_acquisition_20260923/episodes/core_P05_nom_S_b120_lexicographic/steps/004.json.gz,0.0
six_parent_nominal_development,SEM_P05,nominal,S,core_P05_nom_S_b120_lexicographic,5,forward,0.75,1.0,0.75,1.0,6.123233995736766e-17,1.0,103,audit_results/semantic_development_acquisition_20260923/episodes/core_P05_nom_S_b120_lexicographic/steps/005.json.gz,0.25
six_parent_nominal_development,SEM_P05,nominal,S,core_P05_nom_S_b120_lexicographic,6,forward,0.75,1.25,0.75,1.25,6.123233995736766e-17,1.0,101,audit_results/semantic_development_acquisition_20260923/episodes/core_P05_nom_S_b120_lexicographic/steps/006.json.gz,0.5
six_parent_nominal_development,SEM_P05,nominal,S,core_P05_nom_S_b120_lexicographic,7,forward,0.75,1.5,0.75,1.5,6.123233995736766e-17,1.0,99,audit_results/semantic_development_acquisition_20260923/episodes/core_P05_nom_S_b120_lexicographic/steps/007.json.gz,0.75
six_parent_nominal_development,SEM_P05,nominal,S,core_P05_nom_S_b120_lexicographic,8,forward,0.75,1.75,0.75,1.75,6.123233995736766e-17,1.0,99,audit_results/semantic_development_acquisition_20260923/episodes/core_P05_nom_S_b120_lexicographic/steps/008.json.gz,1.0
six_parent_nominal_development,SEM_P05,nominal,S,core_P05_nom_S_b120_lexicographic,9,right,0.75,1.75,0.75,1.75,0.4999999999999995,0.8660254037844389,99,audit_results/semantic_development_acquisition_20260923/episodes/core_P05_nom_S_b120_lexicographic/steps/009.json.gz,1.0
six_parent_nominal_development,SEM_P05,nominal,S,core_P05_nom_S_b120_lexicographic,10,right,0.75,1.75,0.75,1.75,0.8660254037844383,0.5000000000000007,97,audit_results/semantic_development_acquisition_20260923/episodes/core_P05_nom_S_b120_lexicographic/steps/010.json.gz,1.0
six_parent_nominal_development,SEM_P05,nominal,S,core_P05_nom_S_b120_lexicographic,11,left,0.75,1.75,0.75,1.75,0.4999999999999995,0.8660254037844389,95,audit_results/semantic_development_acquisition_20260923/episodes/core_P05_nom_S_b120_lexicographic/steps/011.json.gz,1.0
six_parent_nominal_development,SEM_P05,nominal,S,core_P05_nom_S_b120_lexicographic,12,left,0.75,1.75,0.75,1.75,6.123233995736766e-17,1.0,93,audit_results/semantic_development_acquisition_20260923/episodes/core_P05_nom_S_b120_lexicographic/steps/012.json.gz,1.0
six_parent_nominal_development,SEM_P05,nominal,S,core_P05_nom_S_b120_lexicographic,13,forward,0.75,2.0,0.75,2.0,6.123233995736766e-17,1.0,91,audit_results/semantic_development_acquisition_20260923/episodes/core_P05_nom_S_b120_lexicographic/steps/013.json.gz,1.25
six_parent_nominal_development,SEM_P05,nominal,S,core_P05_nom_S_b120_lexicographic,14,forward,0.75,2.25,0.75,2.25,6.123233995736766e-17,1.0,89,audit_results/semantic_development_acquisition_20260923/episodes/core_P05_nom_S_b120_lexicographic/steps/014.json.gz,1.5
six_parent_nominal_development,SEM_P05,nominal,S,core_P05_nom_S_b120_lexicographic,15,forward,0.75,2.5,0.75,2.5,6.123233995736766e-17,1.0,87,audit_results/semantic_development_acquisition_20260923/episodes/core_P05_nom_S_b120_lexicographic/steps/015.json.gz,1.75
six_parent_nominal_development,SEM_P05,nominal,S,core_P05_nom_S_b120_lexicographic,16,forward,0.75,2.75,0.75,2.75,6.123233995736766e-17,1.0,87,audit_results/semantic_development_acquisition_20260923/episodes/core_P05_nom_S_b120_lexicographic/steps/016.json.gz,2.0
six_parent_nominal_development,SEM_P05,nominal,S,core_P05_nom_S_b120_lexicographic,17,right,0.75,2.75,0.75,2.75,0.4999999999999995,0.8660254037844389,87,audit_results/semantic_development_acquisition_20260923/episodes/core_P05_nom_S_b120_lexicographic/steps/017.json.gz,2.0
six_parent_nominal_development,SEM_P05,nominal,S,core_P05_nom_S_b120_lexicographic,18,right,0.75,2.75,0.75,2.75,0.8660254037844383,0.5000000000000007,86,audit_results/semantic_development_acquisition_20260923/episodes/core_P05_nom_S_b120_lexicographic/steps/018.json.gz,2.0
six_parent_nominal_development,SEM_P05,nominal,S,core_P05_nom_S_b120_lexicographic,19,observe,0.75,2.75,0.75,2.75,0.8660254037844383,0.5000000000000007,84,audit_results/semantic_development_acquisition_20260923/episodes/core_P05_nom_S_b120_lexicographic/steps/019.json.gz,2.0
six_parent_nominal_development,SEM_P05,nominal,S,core_P05_nom_S_b120_lexicographic,20,left,0.75,2.75,0.75,2.75,0.4999999999999995,0.8660254037844389,82,audit_results/semantic_development_acquisition_20260923/episodes/core_P05_nom_S_b120_lexicographic/steps/020.json.gz,2.0
six_parent_nominal_development,SEM_P05,nominal,S,core_P05_nom_S_b120_lexicographic,21,left,0.75,2.75,0.75,2.75,6.123233995736766e-17,1.0,80,audit_results/semantic_development_acquisition_20260923/episodes/core_P05_nom_S_b120_lexicographic/steps/021.json.gz,2.0
six_parent_nominal_development,SEM_P05,nominal,S,core_P05_nom_S_b120_lexicographic,22,forward,0.75,3.0,0.75,3.0,6.123233995736766e-17,1.0,78,audit_results/semantic_development_acquisition_20260923/episodes/core_P05_nom_S_b120_lexicographic/steps/022.json.gz,2.25
six_parent_nominal_development,SEM_P05,nominal,S,core_P05_nom_S_b120_lexicographic,23,forward,0.75,3.25,0.75,3.25,6.123233995736766e-17,1.0,76,audit_results/semantic_development_acquisition_20260923/episodes/core_P05_nom_S_b120_lexicographic/steps/023.json.gz,2.5
six_parent_nominal_development,SEM_P05,nominal,S,core_P05_nom_S_b120_lexicographic,24,forward,0.75,3.5,0.75,3.5,6.123233995736766e-17,1.0,74,audit_results/semantic_development_acquisition_20260923/episodes/core_P05_nom_S_b120_lexicographic/steps/024.json.gz,2.75
six_parent_nominal_development,SEM_P05,nominal,S,core_P05_nom_S_b120_lexicographic,25,forward,0.75,3.75,0.75,3.75,6.123233995736766e-17,1.0,74,audit_results/semantic_development_acquisition_20260923/episodes/core_P05_nom_S_b120_lexicographic/steps/025.json.gz,3.0
six_parent_nominal_development,SEM_P05,nominal,S,core_P05_nom_S_b120_lexicographic,26,right,0.75,3.75,0.75,3.75,0.4999999999999995,0.8660254037844389,74,audit_results/semantic_development_acquisition_20260923/episodes/core_P05_nom_S_b120_lexicographic/steps/026.json.gz,3.0
six_parent_nominal_development,SEM_P05,nominal,S,core_P05_nom_S_b120_lexicographic,27,right,0.75,3.75,0.75,3.75,0.8660254037844383,0.5000000000000007,74,audit_results/semantic_development_acquisition_20260923/episodes/core_P05_nom_S_b120_lexicographic/steps/027.json.gz,3.0
six_parent_nominal_development,SEM_P05,nominal,S,core_P05_nom_S_b120_lexicographic,28,right,0.75,3.75,0.75,3.75,1.0,8.881784197001252e-16,66,audit_results/semantic_development_acquisition_20260923/episodes/core_P05_nom_S_b120_lexicographic/steps/028.json.gz,3.0
six_parent_nominal_development,SEM_P05,nominal,S,core_P05_nom_S_b120_lexicographic,29,forward,1.0,3.75,1.0,3.75,1.0,8.881784197001252e-16,64,audit_results/semantic_development_acquisition_20260923/episodes/core_P05_nom_S_b120_lexicographic/steps/029.json.gz,3.25
six_parent_nominal_development,SEM_P05,nominal,S,core_P05_nom_S_b120_lexicographic,30,forward,1.25,3.75,1.25,3.75,1.0,8.881784197001252e-16,62,audit_results/semantic_development_acquisition_20260923/episodes/core_P05_nom_S_b120_lexicographic/steps/030.json.gz,3.5
six_parent_nominal_development,SEM_P05,nominal,S,core_P05_nom_S_b120_lexicographic,31,forward,1.5,3.75,1.5,3.75,1.0,8.881784197001252e-16,60,audit_results/semantic_development_acquisition_20260923/episodes/core_P05_nom_S_b120_lexicographic/steps/031.json.gz,3.75
six_parent_nominal_development,SEM_P05,nominal,S,core_P05_nom_S_b120_lexicographic,32,forward,1.75,3.75,1.75,3.75,1.0,8.881784197001252e-16,58,audit_results/semantic_development_acquisition_20260923/episodes/core_P05_nom_S_b120_lexicographic/steps/032.json.gz,4.0
six_parent_nominal_development,SEM_P05,nominal,S,core_P05_nom_S_b120_lexicographic,33,forward,2.0,3.75,2.0,3.75,1.0,8.881784197001252e-16,56,audit_results/semantic_development_acquisition_20260923/episodes/core_P05_nom_S_b120_lexicographic/steps/033.json.gz,4.25
six_parent_nominal_development,SEM_P05,nominal,S,core_P05_nom_S_b120_lexicographic,34,forward,2.25,3.75,2.25,3.75,1.0,8.881784197001252e-16,54,audit_results/semantic_development_acquisition_20260923/episodes/core_P05_nom_S_b120_lexicographic/steps/034.json.gz,4.5
six_parent_nominal_development,SEM_P05,nominal,S,core_P05_nom_S_b120_lexicographic,35,forward,2.5,3.75,2.5,3.75,1.0,8.881784197001252e-16,52,audit_results/semantic_development_acquisition_20260923/episodes/core_P05_nom_S_b120_lexicographic/steps/035.json.gz,4.75
six_parent_nominal_development,SEM_P05,nominal,S,core_P05_nom_S_b120_lexicographic,36,forward,2.75,3.75,2.75,3.75,1.0,8.881784197001252e-16,51,audit_results/semantic_development_acquisition_20260923/episodes/core_P05_nom_S_b120_lexicographic/steps/036.json.gz,5.0
six_parent_nominal_development,SEM_P05,nominal,S,core_P05_nom_S_b120_lexicographic,37,observe,2.75,3.75,2.75,3.75,1.0,8.881784197001252e-16,49,audit_results/semantic_development_acquisition_20260923/episodes/core_P05_nom_S_b120_lexicographic/steps/037.json.gz,5.0
six_parent_nominal_development,SEM_P05,nominal,S,core_P05_nom_S_b120_lexicographic,38,forward,3.0,3.75,3.0,3.75,1.0,8.881784197001252e-16,47,audit_results/semantic_development_acquisition_20260923/episodes/core_P05_nom_S_b120_lexicographic/steps/038.json.gz,5.25
six_parent_nominal_development,SEM_P05,nominal,S,core_P05_nom_S_b120_lexicographic,39,forward,3.25,3.75,3.25,3.75,1.0,8.881784197001252e-16,45,audit_results/semantic_development_acquisition_20260923/episodes/core_P05_nom_S_b120_lexicographic/steps/039.json.gz,5.5
six_parent_nominal_development,SEM_P05,nominal,S,core_P05_nom_S_b120_lexicographic,40,forward,3.5,3.75,3.5,3.75,1.0,8.881784197001252e-16,43,audit_results/semantic_development_acquisition_20260923/episodes/core_P05_nom_S_b120_lexicographic/steps/040.json.gz,5.75
six_parent_nominal_development,SEM_P05,nominal,S,core_P05_nom_S_b120_lexicographic,41,forward,3.75,3.75,3.75,3.75,1.0,8.881784197001252e-16,41,audit_results/semantic_development_acquisition_20260923/episodes/core_P05_nom_S_b120_lexicographic/steps/041.json.gz,6.0
six_parent_nominal_development,SEM_P05,nominal,S,core_P05_nom_S_b120_lexicographic,42,forward,4.0,3.75,4.0,3.75,1.0,8.881784197001252e-16,39,audit_results/semantic_development_acquisition_20260923/episodes/core_P05_nom_S_b120_lexicographic/steps/042.json.gz,6.25
six_parent_nominal_development,SEM_P05,nominal,S,core_P05_nom_S_b120_lexicographic,43,forward,4.25,3.75,4.25,3.75,1.0,8.881784197001252e-16,37,audit_results/semantic_development_acquisition_20260923/episodes/core_P05_nom_S_b120_lexicographic/steps/043.json.gz,6.5
six_parent_nominal_development,SEM_P05,nominal,S,core_P05_nom_S_b120_lexicographic,44,forward,4.5,3.75,4.5,3.75,1.0,8.881784197001252e-16,35,audit_results/semantic_development_acquisition_20260923/episodes/core_P05_nom_S_b120_lexicographic/steps/044.json.gz,6.75
six_parent_nominal_development,SEM_P05,nominal,S,core_P05_nom_S_b120_lexicographic,45,forward,4.75,3.75,4.75,3.75,1.0,8.881784197001252e-16,33,audit_results/semantic_development_acquisition_20260923/episodes/core_P05_nom_S_b120_lexicographic/steps/045.json.gz,7.0
six_parent_nominal_development,SEM_P05,nominal,S,core_P05_nom_S_b120_lexicographic,46,forward,5.0,3.75,5.0,3.75,1.0,8.881784197001252e-16,31,audit_results/semantic_development_acquisition_20260923/episodes/core_P05_nom_S_b120_lexicographic/steps/046.json.gz,7.25
six_parent_nominal_development,SEM_P05,nominal,S,core_P05_nom_S_b120_lexicographic,47,forward,5.25,3.75,5.25,3.75,1.0,8.881784197001252e-16,29,audit_results/semantic_development_acquisition_20260923/episodes/core_P05_nom_S_b120_lexicographic/steps/047.json.gz,7.5
six_parent_nominal_development,SEM_P05,nominal,S,core_P05_nom_S_b120_lexicographic,48,forward,5.5,3.75,5.5,3.75,1.0,8.881784197001252e-16,27,audit_results/semantic_development_acquisition_20260923/episodes/core_P05_nom_S_b120_lexicographic/steps/048.json.gz,7.75
six_parent_nominal_development,SEM_P05,nominal,S,core_P05_nom_S_b120_lexicographic,49,forward,5.75,3.75,5.75,3.75,1.0,8.881784197001252e-16,26,audit_results/semantic_development_acquisition_20260923/episodes/core_P05_nom_S_b120_lexicographic/steps/049.json.gz,8.0
six_parent_nominal_development,SEM_P05,nominal,S,core_P05_nom_S_b120_lexicographic,50,observe,5.75,3.75,5.75,3.75,1.0,8.881784197001252e-16,24,audit_results/semantic_development_acquisition_20260923/episodes/core_P05_nom_S_b120_lexicographic/steps/050.json.gz,8.0
six_parent_nominal_development,SEM_P05,nominal,S,core_P05_nom_S_b120_lexicographic,51,forward,6.0,3.75,6.0,3.75,1.0,8.881784197001252e-16,22,audit_results/semantic_development_acquisition_20260923/episodes/core_P05_nom_S_b120_lexicographic/steps/051.json.gz,8.25
six_parent_nominal_development,SEM_P05,nominal,S,core_P05_nom_S_b120_lexicographic,52,forward,6.25,3.75,6.25,3.75,1.0,8.881784197001252e-16,20,audit_results/semantic_development_acquisition_20260923/episodes/core_P05_nom_S_b120_lexicographic/steps/052.json.gz,8.5
six_parent_nominal_development,SEM_P05,nominal,S,core_P05_nom_S_b120_lexicographic,53,forward,6.5,3.75,6.5,3.75,1.0,8.881784197001252e-16,18,audit_results/semantic_development_acquisition_20260923/episodes/core_P05_nom_S_b120_lexicographic/steps/053.json.gz,8.75
six_parent_nominal_development,SEM_P05,nominal,S,core_P05_nom_S_b120_lexicographic,54,forward,6.75,3.75,6.75,3.75,1.0,8.881784197001252e-16,16,audit_results/semantic_development_acquisition_20260923/episodes/core_P05_nom_S_b120_lexicographic/steps/054.json.gz,9.0
six_parent_nominal_development,SEM_P05,nominal,S,core_P05_nom_S_b120_lexicographic,55,forward,7.0,3.75,7.0,3.75,1.0,8.881784197001252e-16,14,audit_results/semantic_development_acquisition_20260923/episodes/core_P05_nom_S_b120_lexicographic/steps/055.json.gz,9.25
six_parent_nominal_development,SEM_P05,nominal,S,core_P05_nom_S_b120_lexicographic,56,forward,7.25,3.75,7.25,3.75,1.0,8.881784197001252e-16,12,audit_results/semantic_development_acquisition_20260923/episodes/core_P05_nom_S_b120_lexicographic/steps/056.json.gz,9.5
six_parent_nominal_development,SEM_P05,nominal,S,core_P05_nom_S_b120_lexicographic,57,forward,7.5,3.75,7.5,3.75,1.0,8.881784197001252e-16,10,audit_results/semantic_development_acquisition_20260923/episodes/core_P05_nom_S_b120_lexicographic/steps/057.json.gz,9.75
six_parent_nominal_development,SEM_P05,nominal,S,core_P05_nom_S_b120_lexicographic,58,forward,7.75,3.75,7.75,3.75,1.0,8.881784197001252e-16,9,audit_results/semantic_development_acquisition_20260923/episodes/core_P05_nom_S_b120_lexicographic/steps/058.json.gz,10.0
six_parent_nominal_development,SEM_P05,nominal,S,core_P05_nom_S_b120_lexicographic,59,observe,7.75,3.75,7.75,3.75,1.0,8.881784197001252e-16,9,audit_results/semantic_development_acquisition_20260923/episodes/core_P05_nom_S_b120_lexicographic/steps/059.json.gz,10.0
six_parent_nominal_development,SEM_P05,nominal,S,core_P05_nom_S_b120_lexicographic,60,right,7.75,3.75,7.75,3.75,0.8660254037844392,-0.4999999999999991,9,audit_results/semantic_development_acquisition_20260923/episodes/core_P05_nom_S_b120_lexicographic/steps/060.json.gz,10.0
six_parent_nominal_development,SEM_P05,nominal,S,core_P05_nom_S_b120_lexicographic,61,right,7.75,3.75,7.75,3.75,0.5000000000000011,-0.866025403784438,9,audit_results/semantic_development_acquisition_20260923/episodes/core_P05_nom_S_b120_lexicographic/steps/061.json.gz,10.0
six_parent_nominal_development,SEM_P05,nominal,S,core_P05_nom_S_b120_lexicographic,62,right,7.75,3.75,7.75,3.75,1.3934999695075554e-15,-1.0,9,audit_results/semantic_development_acquisition_20260923/episodes/core_P05_nom_S_b120_lexicographic/steps/062.json.gz,10.0
six_parent_nominal_development,SEM_P05,nominal,S,core_P05_nom_S_b120_lexicographic,63,forward,7.75,3.5,7.75,3.5,1.3934999695075554e-15,-1.0,9,audit_results/semantic_development_acquisition_20260923/episodes/core_P05_nom_S_b120_lexicographic/steps/063.json.gz,10.25
six_parent_nominal_development,SEM_P05,nominal,S,core_P05_nom_S_b120_lexicographic,64,forward,7.75,3.25,7.75,3.25,1.3934999695075554e-15,-1.0,9,audit_results/semantic_development_acquisition_20260923/episodes/core_P05_nom_S_b120_lexicographic/steps/064.json.gz,10.5
six_parent_nominal_development,SEM_P05,nominal,S,core_P05_nom_S_b120_lexicographic,65,forward,7.75,3.0,7.75,3.0,1.3934999695075554e-15,-1.0,9,audit_results/semantic_development_acquisition_20260923/episodes/core_P05_nom_S_b120_lexicographic/steps/065.json.gz,10.75
six_parent_nominal_development,SEM_P05,nominal,S,core_P05_nom_S_b120_lexicographic,66,forward,7.75,2.75,7.75,2.75,1.3934999695075554e-15,-1.0,7,audit_results/semantic_development_acquisition_20260923/episodes/core_P05_nom_S_b120_lexicographic/steps/066.json.gz,11.0
six_parent_nominal_development,SEM_P05,nominal,S,core_P05_nom_S_b120_lexicographic,67,right,7.75,2.75,7.75,2.75,-0.49999999999999867,-0.8660254037844394,5,audit_results/semantic_development_acquisition_20260923/episodes/core_P05_nom_S_b120_lexicographic/steps/067.json.gz,11.0
six_parent_nominal_development,SEM_P05,nominal,S,core_P05_nom_S_b120_lexicographic,68,right,7.75,2.75,7.75,2.75,-0.8660254037844378,-0.5000000000000014,3,audit_results/semantic_development_acquisition_20260923/episodes/core_P05_nom_S_b120_lexicographic/steps/068.json.gz,11.0
six_parent_nominal_development,SEM_P05,nominal,S,core_P05_nom_S_b120_lexicographic,69,right,7.75,2.75,7.75,2.75,-1.0,-1.8988215193149856e-15,3,audit_results/semantic_development_acquisition_20260923/episodes/core_P05_nom_S_b120_lexicographic/steps/069.json.gz,11.0
six_parent_nominal_development,SEM_P05,nominal,S,core_P05_nom_S_b120_lexicographic,70,forward,7.5,2.7499999999999996,7.5,2.7499999999999996,-1.0,-1.8988215193149856e-15,3,audit_results/semantic_development_acquisition_20260923/episodes/core_P05_nom_S_b120_lexicographic/steps/070.json.gz,11.25
six_parent_nominal_development,SEM_P05,nominal,S,core_P05_nom_S_b120_lexicographic,71,forward,7.25,2.749999999999999,7.25,2.749999999999999,-1.0,-1.8988215193149856e-15,3,audit_results/semantic_development_acquisition_20260923/episodes/core_P05_nom_S_b120_lexicographic/steps/071.json.gz,11.5
six_parent_nominal_development,SEM_P05,nominal,S,core_P05_nom_S_b120_lexicographic,72,forward,7.0,2.7499999999999987,7.0,2.7499999999999987,-1.0,-1.8988215193149856e-15,3,audit_results/semantic_development_acquisition_20260923/episodes/core_P05_nom_S_b120_lexicographic/steps/072.json.gz,11.75
six_parent_nominal_development,SEM_P05,nominal,S,core_P05_nom_S_b120_lexicographic,73,forward,6.75,2.7499999999999982,6.75,2.7499999999999982,-1.0,-1.8988215193149856e-15,2,audit_results/semantic_development_acquisition_20260923/episodes/core_P05_nom_S_b120_lexicographic/steps/073.json.gz,12.0
six_parent_nominal_development,SEM_P05,nominal,S,core_P05_nom_S_b120_lexicographic,74,observe,6.75,2.7499999999999982,6.75,2.7499999999999982,-1.0,-1.8988215193149856e-15,2,audit_results/semantic_development_acquisition_20260923/episodes/core_P05_nom_S_b120_lexicographic/steps/074.json.gz,12.0
six_parent_nominal_development,SEM_P05,nominal,S,core_P05_nom_S_b120_lexicographic,75,left,6.75,2.7499999999999982,6.75,2.7499999999999982,-0.8660254037844378,-0.5000000000000014,2,audit_results/semantic_development_acquisition_20260923/episodes/core_P05_nom_S_b120_lexicographic/steps/075.json.gz,12.0
six_parent_nominal_development,SEM_P05,nominal,S,core_P05_nom_S_b120_lexicographic,76,left,6.75,2.7499999999999982,6.75,2.7499999999999982,-0.49999999999999867,-0.8660254037844394,2,audit_results/semantic_development_acquisition_20260923/episodes/core_P05_nom_S_b120_lexicographic/steps/076.json.gz,12.0
six_parent_nominal_development,SEM_P05,nominal,S,core_P05_nom_S_b120_lexicographic,77,left,6.75,2.7499999999999982,6.75,2.7499999999999982,1.3934999695075554e-15,-1.0,2,audit_results/semantic_development_acquisition_20260923/episodes/core_P05_nom_S_b120_lexicographic/steps/077.json.gz,12.0
six_parent_nominal_development,SEM_P05,nominal,S,core_P05_nom_S_b120_lexicographic,78,forward,6.75,2.4999999999999982,6.75,2.4999999999999982,1.3934999695075554e-15,-1.0,2,audit_results/semantic_development_acquisition_20260923/episodes/core_P05_nom_S_b120_lexicographic/steps/078.json.gz,12.25
six_parent_nominal_development,SEM_P05,nominal,S,core_P05_nom_S_b120_lexicographic,79,forward,6.75,2.2499999999999982,6.75,2.2499999999999982,1.3934999695075554e-15,-1.0,2,audit_results/semantic_development_acquisition_20260923/episodes/core_P05_nom_S_b120_lexicographic/steps/079.json.gz,12.5
six_parent_nominal_development,SEM_P05,nominal,S,core_P05_nom_S_b120_lexicographic,80,forward,6.75,1.9999999999999982,6.75,1.9999999999999982,1.3934999695075554e-15,-1.0,2,audit_results/semantic_development_acquisition_20260923/episodes/core_P05_nom_S_b120_lexicographic/steps/080.json.gz,12.75
six_parent_nominal_development,SEM_P05,nominal,S,core_P05_nom_S_b120_lexicographic,81,forward,6.75,1.7499999999999982,6.75,1.7499999999999982,1.3934999695075554e-15,-1.0,1,audit_results/semantic_development_acquisition_20260923/episodes/core_P05_nom_S_b120_lexicographic/steps/081.json.gz,13.0
six_parent_nominal_development,SEM_P05,nominal,S,core_P05_nom_S_b120_lexicographic,82,observe,6.75,1.7499999999999982,6.75,1.7499999999999982,1.3934999695075554e-15,-1.0,1,audit_results/semantic_development_acquisition_20260923/episodes/core_P05_nom_S_b120_lexicographic/steps/082.json.gz,13.0
six_parent_nominal_development,SEM_P05,nominal,S,core_P05_nom_S_b120_lexicographic,83,forward,6.75,1.4999999999999982,6.75,1.4999999999999982,1.3934999695075554e-15,-1.0,1,audit_results/semantic_development_acquisition_20260923/episodes/core_P05_nom_S_b120_lexicographic/steps/083.json.gz,13.25
six_parent_nominal_development,SEM_P05,nominal,S,core_P05_nom_S_b120_lexicographic,84,forward,6.75,1.2499999999999982,6.75,1.2499999999999982,1.3934999695075554e-15,-1.0,1,audit_results/semantic_development_acquisition_20260923/episodes/core_P05_nom_S_b120_lexicographic/steps/084.json.gz,13.5
six_parent_nominal_development,SEM_P05,nominal,S,core_P05_nom_S_b120_lexicographic,85,forward,6.75,0.9999999999999982,6.75,0.9999999999999982,1.3934999695075554e-15,-1.0,1,audit_results/semantic_development_acquisition_20260923/episodes/core_P05_nom_S_b120_lexicographic/steps/085.json.gz,13.75
six_parent_nominal_development,SEM_P05,nominal,S,core_P05_nom_S_b120_lexicographic,86,forward,6.75,0.7499999999999982,6.75,0.7499999999999982,1.3934999695075554e-15,-1.0,1,audit_results/semantic_development_acquisition_20260923/episodes/core_P05_nom_S_b120_lexicographic/steps/086.json.gz,14.0
six_parent_nominal_development,SEM_P05,nominal,S,core_P05_nom_S_b120_lexicographic,87,right,6.75,0.7499999999999982,6.75,0.7499999999999982,-0.49999999999999867,-0.8660254037844394,1,audit_results/semantic_development_acquisition_20260923/episodes/core_P05_nom_S_b120_lexicographic/steps/087.json.gz,14.0
six_parent_nominal_development,SEM_P05,nominal,S,core_P05_nom_S_b120_lexicographic,88,right,6.75,0.7499999999999982,6.75,0.7499999999999982,-0.8660254037844378,-0.5000000000000014,1,audit_results/semantic_development_acquisition_20260923/episodes/core_P05_nom_S_b120_lexicographic/steps/088.json.gz,14.0
six_parent_nominal_development,SEM_P05,nominal,S,core_P05_nom_S_b120_lexicographic,89,right,6.75,0.7499999999999982,6.75,0.7499999999999982,-1.0,-1.8988215193149856e-15,1,audit_results/semantic_development_acquisition_20260923/episodes/core_P05_nom_S_b120_lexicographic/steps/089.json.gz,14.0
six_parent_nominal_development,SEM_P05,nominal,S,core_P05_nom_S_b120_lexicographic,90,forward,6.5,0.7499999999999978,6.5,0.7499999999999978,-1.0,-1.8988215193149856e-15,1,audit_results/semantic_development_acquisition_20260923/episodes/core_P05_nom_S_b120_lexicographic/steps/090.json.gz,14.25
six_parent_nominal_development,SEM_P05,nominal,S,core_P05_nom_S_b120_lexicographic,91,forward,6.25,0.7499999999999973,6.25,0.7499999999999973,-1.0,-1.8988215193149856e-15,1,audit_results/semantic_development_acquisition_20260923/episodes/core_P05_nom_S_b120_lexicographic/steps/091.json.gz,14.5
six_parent_nominal_development,SEM_P05,nominal,S,core_P05_nom_S_b120_lexicographic,92,forward,6.0,0.7499999999999969,6.0,0.7499999999999969,-1.0,-1.8988215193149856e-15,1,audit_results/semantic_development_acquisition_20260923/episodes/core_P05_nom_S_b120_lexicographic/steps/092.json.gz,14.75
six_parent_nominal_development,SEM_P05,nominal,S,core_P05_nom_S_b120_lexicographic,93,forward,5.75,0.7499999999999964,5.75,0.7499999999999964,-1.0,-1.8988215193149856e-15,1,audit_results/semantic_development_acquisition_20260923/episodes/core_P05_nom_S_b120_lexicographic/steps/093.json.gz,15.0
six_parent_nominal_development,SEM_P05,nominal,S,core_P05_nom_S_b120_lexicographic,94,forward,5.5,0.749999999999996,5.5,0.749999999999996,-1.0,-1.8988215193149856e-15,1,audit_results/semantic_development_acquisition_20260923/episodes/core_P05_nom_S_b120_lexicographic/steps/094.json.gz,15.25
six_parent_nominal_development,SEM_P05,nominal,S,core_P05_nom_S_b120_lexicographic,95,forward,5.25,0.7499999999999956,5.25,0.7499999999999956,-1.0,-1.8988215193149856e-15,1,audit_results/semantic_development_acquisition_20260923/episodes/core_P05_nom_S_b120_lexicographic/steps/095.json.gz,15.5
six_parent_nominal_development,SEM_P05,nominal,S,core_P05_nom_S_b120_lexicographic,96,forward,5.0,0.7499999999999951,5.0,0.7499999999999951,-1.0,-1.8988215193149856e-15,1,audit_results/semantic_development_acquisition_20260923/episodes/core_P05_nom_S_b120_lexicographic/steps/096.json.gz,15.75
six_parent_nominal_development,SEM_P05,nominal,S,core_P05_nom_S_b120_lexicographic,97,forward,4.75,0.7499999999999947,4.75,0.7499999999999947,-1.0,-1.8988215193149856e-15,0,audit_results/semantic_development_acquisition_20260923/episodes/core_P05_nom_S_b120_lexicographic/steps/097.json.gz,16.0
six_parent_nominal_development,SEM_P05,nominal,S,core_P05_nom_S_b120_lexicographic,98,observe,4.75,0.7499999999999947,4.75,0.7499999999999947,-1.0,-1.8988215193149856e-15,0,audit_results/semantic_development_acquisition_20260923/episodes/core_P05_nom_S_b120_lexicographic/steps/098.json.gz,16.0
six_parent_nominal_development,SEM_P05,nominal,S,core_P05_nom_S_b120_lexicographic,99,forward,4.5,0.7499999999999942,4.5,0.7499999999999942,-1.0,-1.8988215193149856e-15,0,audit_results/semantic_development_acquisition_20260923/episodes/core_P05_nom_S_b120_lexicographic/steps/099.json.gz,16.25
six_parent_nominal_development,SEM_P05,nominal,S,core_P05_nom_S_b120_lexicographic,100,forward,4.25,0.7499999999999938,4.25,0.7499999999999938,-1.0,-1.8988215193149856e-15,0,audit_results/semantic_development_acquisition_20260923/episodes/core_P05_nom_S_b120_lexicographic/steps/100.json.gz,16.5
six_parent_nominal_development,SEM_P05,nominal,S,core_P05_nom_S_b120_lexicographic,101,forward,4.0,0.7499999999999933,4.0,0.7499999999999933,-1.0,-1.8988215193149856e-15,0,audit_results/semantic_development_acquisition_20260923/episodes/core_P05_nom_S_b120_lexicographic/steps/101.json.gz,16.75
six_parent_nominal_development,SEM_P05,nominal,S,core_P05_nom_S_b120_lexicographic,102,forward,3.75,0.7499999999999929,3.75,0.7499999999999929,-1.0,-1.8988215193149856e-15,0,audit_results/semantic_development_acquisition_20260923/episodes/core_P05_nom_S_b120_lexicographic/steps/102.json.gz,17.0
six_parent_nominal_development,SEM_P05,nominal,S,core_P05_nom_S_b120_lexicographic,103,forward,3.5,0.7499999999999925,3.5,0.7499999999999925,-1.0,-1.8988215193149856e-15,0,audit_results/semantic_development_acquisition_20260923/episodes/core_P05_nom_S_b120_lexicographic/steps/103.json.gz,17.25
six_parent_nominal_development,SEM_P05,nominal,S,core_P05_nom_S_b120_lexicographic,104,forward,3.25,0.749999999999992,3.25,0.749999999999992,-1.0,-1.8988215193149856e-15,0,audit_results/semantic_development_acquisition_20260923/episodes/core_P05_nom_S_b120_lexicographic/steps/104.json.gz,17.5
six_parent_nominal_development,SEM_P05,nominal,S,core_P05_nom_S_b120_lexicographic,105,forward,3.0,0.7499999999999916,3.0,0.7499999999999916,-1.0,-1.8988215193149856e-15,0,audit_results/semantic_development_acquisition_20260923/episodes/core_P05_nom_S_b120_lexicographic/steps/105.json.gz,17.75
six_parent_nominal_development,SEM_P05,nominal,S,core_P05_nom_S_b120_lexicographic,106,forward,2.75,0.7499999999999911,2.75,0.7499999999999911,-1.0,-1.8988215193149856e-15,0,audit_results/semantic_development_acquisition_20260923/episodes/core_P05_nom_S_b120_lexicographic/steps/106.json.gz,18.0
six_parent_nominal_development,SEM_P05,nominal,S,core_P05_nom_S_b120_lexicographic,107,forward,2.5,0.7499999999999907,2.5,0.7499999999999907,-1.0,-1.8988215193149856e-15,0,audit_results/semantic_development_acquisition_20260923/episodes/core_P05_nom_S_b120_lexicographic/steps/107.json.gz,18.25
six_parent_nominal_development,SEM_P05,nominal,S,core_P05_nom_S_b120_lexicographic,108,forward,2.25,0.7499999999999902,2.25,0.7499999999999902,-1.0,-1.8988215193149856e-15,0,audit_results/semantic_development_acquisition_20260923/episodes/core_P05_nom_S_b120_lexicographic/steps/108.json.gz,18.5
six_parent_nominal_development,SEM_P05,nominal,S,core_P05_nom_S_b120_lexicographic,109,forward,2.0,0.7499999999999898,2.0,0.7499999999999898,-1.0,-1.8988215193149856e-15,0,audit_results/semantic_development_acquisition_20260923/episodes/core_P05_nom_S_b120_lexicographic/steps/109.json.gz,18.75
six_parent_nominal_development,SEM_P05,nominal,S,core_P05_nom_S_b120_lexicographic,110,forward,1.75,0.7499999999999893,1.75,0.7499999999999893,-1.0,-1.8988215193149856e-15,0,audit_results/semantic_development_acquisition_20260923/episodes/core_P05_nom_S_b120_lexicographic/steps/110.json.gz,19.0
six_parent_nominal_development,SEM_P05,nominal,S,core_P05_nom_S_b120_lexicographic,111,forward,1.5,0.7499999999999889,1.5,0.7499999999999889,-1.0,-1.8988215193149856e-15,0,audit_results/semantic_development_acquisition_20260923/episodes/core_P05_nom_S_b120_lexicographic/steps/111.json.gz,19.25
six_parent_nominal_development,SEM_P05,nominal,S,core_P05_nom_S_b120_lexicographic,112,forward,1.25,0.7499999999999885,1.25,0.7499999999999885,-1.0,-1.8988215193149856e-15,0,audit_results/semantic_development_acquisition_20260923/episodes/core_P05_nom_S_b120_lexicographic/steps/112.json.gz,19.5
six_parent_nominal_development,SEM_P05,nominal,S,core_P05_nom_S_b120_lexicographic,113,forward,1.0,0.749999999999988,1.0,0.749999999999988,-1.0,-1.8988215193149856e-15,0,audit_results/semantic_development_acquisition_20260923/episodes/core_P05_nom_S_b120_lexicographic/steps/113.json.gz,19.75
six_parent_nominal_development,SEM_P05,nominal,S,core_P05_nom_S_b120_lexicographic,114,forward,0.75,0.7499999999999876,0.75,0.7499999999999876,-1.0,-1.8988215193149856e-15,0,audit_results/semantic_development_acquisition_20260923/episodes/core_P05_nom_S_b120_lexicographic/steps/114.json.gz,20.0
six_parent_nominal_development,SEM_P05,nominal,S,core_P05_nom_S_b120_lexicographic,115,right,0.75,0.7499999999999876,0.75,0.7499999999999876,-0.8660254037844398,0.49999999999999806,0,audit_results/semantic_development_acquisition_20260923/episodes/core_P05_nom_S_b120_lexicographic/steps/115.json.gz,20.0
six_parent_nominal_development,SEM_P05,nominal,S,core_P05_nom_S_b120_lexicographic,116,right,0.75,0.7499999999999876,0.75,0.7499999999999876,-0.5000000000000024,0.8660254037844372,0,audit_results/semantic_development_acquisition_20260923/episodes/core_P05_nom_S_b120_lexicographic/steps/116.json.gz,20.0
six_parent_nominal_development,SEM_P05,nominal,S,core_P05_nom_S_b120_lexicographic,117,right,0.75,0.7499999999999876,0.75,0.7499999999999876,-3.4914813388431334e-15,1.0,0,audit_results/semantic_development_acquisition_20260923/episodes/core_P05_nom_S_b120_lexicographic/steps/117.json.gz,20.0
six_parent_nominal_development,SEM_P05,nominal,S,core_P05_nom_S_b120_lexicographic,118,right,0.75,0.7499999999999876,0.75,0.7499999999999876,0.49999999999999645,0.8660254037844407,0,audit_results/semantic_development_acquisition_20260923/episodes/core_P05_nom_S_b120_lexicographic/steps/118.json.gz,20.0
six_parent_nominal_development,SEM_P05,nominal,S,core_P05_nom_S_b120_lexicographic,119,right,0.75,0.7499999999999876,0.75,0.7499999999999876,0.8660254037844365,0.5000000000000037,0,audit_results/semantic_development_acquisition_20260923/episodes/core_P05_nom_S_b120_lexicographic/steps/119.json.gz,20.0
six_parent_nominal_development,SEM_P05,nominal,S,core_P05_nom_S_b120_lexicographic,120,right,0.75,0.7499999999999876,0.75,0.7499999999999876,1.0,4.440892098500626e-15,,audit_results/semantic_development_acquisition_20260923/episodes/core_P05_nom_S_b120_lexicographic/steps/120.json.gz,20.0
