actual_selected_kind,actual_selected_target,any_positive_area,any_structure_dependent_area,baseline_is_geometry_only_by_design,current_eligibility,direct_candidates,hypothetical_one_peer,method,paid_step,phase,reason,return_timing,run_id,scene_id,status
measurement_initialization,n_001_000:1,,,,,,,B,0,development_v1,initialization_or_no_direct_pool,before_first_return,dev_AISLE_B_b160_n92801,ART1_AISLE_DEV,not_direct_comparison
direct,n_001_001:3,False,False,False,"{""all_fixed_B_direct_changes_excluded"": true, ""all_recorded_direct_changes_excluded"": true, ""individual_endpoint_top1_change"": false, ""recorded_and_fixed_B_winner_equal"": true, ""recorded_direct_winner"": ""n_001_001:3"", ""same_state_fixed_B_direct_winner"": ""n_001_001:3"", ""variable_instances"": 0}",32,"{""all_fixed_B_direct_changes_excluded"": true, ""all_recorded_direct_changes_excluded"": true, ""individual_endpoint_top1_change"": false, ""recorded_and_fixed_B_winner_equal"": true, ""recorded_direct_winner"": ""n_001_001:3"", ""same_state_fixed_B_direct_winner"": ""n_001_001:3"", ""variable_instances"": 0}",B,5,development_v1,,before_first_return,dev_AISLE_B_b160_n92801,ART1_AISLE_DEV,analyzed
direct,n_000_001:1,True,True,False,"{""all_fixed_B_direct_changes_excluded"": true, ""all_recorded_direct_changes_excluded"": true, ""individual_endpoint_top1_change"": false, ""recorded_and_fixed_B_winner_equal"": true, ""recorded_direct_winner"": ""n_000_001:1"", ""same_state_fixed_B_direct_winner"": ""n_000_001:1"", ""variable_instances"": 0}",32,"{""all_fixed_B_direct_changes_excluded"": true, ""all_recorded_direct_changes_excluded"": true, ""individual_endpoint_top1_change"": false, ""recorded_and_fixed_B_winner_equal"": true, ""recorded_direct_winner"": ""n_000_001:1"", ""same_state_fixed_B_direct_winner"": ""n_000_001:1"", ""variable_instances"": 1}",B,12,development_v1,,before_first_return,dev_AISLE_B_b160_n92801,ART1_AISLE_DEV,analyzed
direct,n_000_003:1,False,False,False,"{""all_fixed_B_direct_changes_excluded"": true, ""all_recorded_direct_changes_excluded"": true, ""individual_endpoint_top1_change"": false, ""recorded_and_fixed_B_winner_equal"": true, ""recorded_direct_winner"": ""n_000_003:1"", ""same_state_fixed_B_direct_winner"": ""n_000_003:1"", ""variable_instances"": 0}",32,"{""all_fixed_B_direct_changes_excluded"": true, ""all_recorded_direct_changes_excluded"": true, ""individual_endpoint_top1_change"": false, ""recorded_and_fixed_B_winner_equal"": true, ""recorded_direct_winner"": ""n_000_003:1"", ""same_state_fixed_B_direct_winner"": ""n_000_003:1"", ""variable_instances"": 0}",B,25,development_v1,,before_first_return,dev_AISLE_B_b160_n92801,ART1_AISLE_DEV,analyzed
direct,n_002_003:0,False,False,False,"{""all_fixed_B_direct_changes_excluded"": true, ""all_recorded_direct_changes_excluded"": true, ""individual_endpoint_top1_change"": false, ""recorded_and_fixed_B_winner_equal"": true, ""recorded_direct_winner"": ""n_002_003:0"", ""same_state_fixed_B_direct_winner"": ""n_002_003:0"", ""variable_instances"": 0}",32,"{""all_fixed_B_direct_changes_excluded"": true, ""all_recorded_direct_changes_excluded"": true, ""individual_endpoint_top1_change"": false, ""recorded_and_fixed_B_winner_equal"": true, ""recorded_direct_winner"": ""n_002_003:0"", ""same_state_fixed_B_direct_winner"": ""n_002_003:0"", ""variable_instances"": 1}",B,38,development_v1,,before_first_return,dev_AISLE_B_b160_n92801,ART1_AISLE_DEV,analyzed
direct,n_000_004:1,False,False,False,"{""all_fixed_B_direct_changes_excluded"": true, ""all_recorded_direct_changes_excluded"": true, ""individual_endpoint_top1_change"": false, ""recorded_and_fixed_B_winner_equal"": true, ""recorded_direct_winner"": ""n_000_004:1"", ""same_state_fixed_B_direct_winner"": ""n_000_004:1"", ""variable_instances"": 0}",32,"{""all_fixed_B_direct_changes_excluded"": true, ""all_recorded_direct_changes_excluded"": true, ""individual_endpoint_top1_change"": false, ""recorded_and_fixed_B_winner_equal"": true, ""recorded_direct_winner"": ""n_000_004:1"", ""same_state_fixed_B_direct_winner"": ""n_000_004:1"", ""variable_instances"": 0}",B,48,development_v1,,before_first_return,dev_AISLE_B_b160_n92801,ART1_AISLE_DEV,analyzed
direct,n_001_005:0,False,False,False,"{""all_fixed_B_direct_changes_excluded"": true, ""all_recorded_direct_changes_excluded"": true, ""individual_endpoint_top1_change"": false, ""recorded_and_fixed_B_winner_equal"": true, ""recorded_direct_winner"": ""n_001_005:0"", ""same_state_fixed_B_direct_winner"": ""n_001_005:0"", ""variable_instances"": 0}",32,"{""all_fixed_B_direct_changes_excluded"": true, ""all_recorded_direct_changes_excluded"": true, ""individual_endpoint_top1_change"": false, ""recorded_and_fixed_B_winner_equal"": true, ""recorded_direct_winner"": ""n_001_005:0"", ""same_state_fixed_B_direct_winner"": ""n_001_005:0"", ""variable_instances"": 1}",B,72,development_v1,,before_first_return,dev_AISLE_B_b160_n92801,ART1_AISLE_DEV,analyzed
direct,n_001_005:10,True,True,False,"{""all_fixed_B_direct_changes_excluded"": true, ""all_recorded_direct_changes_excluded"": true, ""individual_endpoint_top1_change"": false, ""recorded_and_fixed_B_winner_equal"": true, ""recorded_direct_winner"": ""n_001_005:10"", ""same_state_fixed_B_direct_winner"": ""n_001_005:10"", ""variable_instances"": 0}",32,"{""all_fixed_B_direct_changes_excluded"": true, ""all_recorded_direct_changes_excluded"": true, ""individual_endpoint_top1_change"": false, ""recorded_and_fixed_B_winner_equal"": true, ""recorded_direct_winner"": ""n_001_005:10"", ""same_state_fixed_B_direct_winner"": ""n_001_005:10"", ""variable_instances"": 1}",B,86,development_v1,,before_first_return,dev_AISLE_B_b160_n92801,ART1_AISLE_DEV,analyzed
direct,n_003_005:0,False,False,False,"{""all_fixed_B_direct_changes_excluded"": true, ""all_recorded_direct_changes_excluded"": true, ""individual_endpoint_top1_change"": false, ""recorded_and_fixed_B_winner_equal"": true, ""recorded_direct_winner"": ""n_003_005:0"", ""same_state_fixed_B_direct_winner"": ""n_003_005:0"", ""variable_instances"": 0}",32,"{""all_fixed_B_direct_changes_excluded"": true, ""all_recorded_direct_changes_excluded"": true, ""individual_endpoint_top1_change"": false, ""recorded_and_fixed_B_winner_equal"": true, ""recorded_direct_winner"": ""n_003_005:0"", ""same_state_fixed_B_direct_winner"": ""n_003_005:0"", ""variable_instances"": 0}",B,89,development_v1,,before_first_return,dev_AISLE_B_b160_n92801,ART1_AISLE_DEV,analyzed
direct,n_003_004:7,False,False,False,"{""all_fixed_B_direct_changes_excluded"": true, ""all_recorded_direct_changes_excluded"": true, ""individual_endpoint_top1_change"": false, ""recorded_and_fixed_B_winner_equal"": true, ""recorded_direct_winner"": ""n_003_004:7"", ""same_state_fixed_B_direct_winner"": ""n_003_004:7"", ""variable_instances"": 0}",21,"{""all_fixed_B_direct_changes_excluded"": true, ""all_recorded_direct_changes_excluded"": true, ""individual_endpoint_top1_change"": false, ""recorded_and_fixed_B_winner_equal"": true, ""recorded_direct_winner"": ""n_003_004:7"", ""same_state_fixed_B_direct_winner"": ""n_003_004:7"", ""variable_instances"": 0}",B,100,development_v1,,before_first_return,dev_AISLE_B_b160_n92801,ART1_AISLE_DEV,analyzed
direct,n_002_005:6,True,True,False,"{""all_fixed_B_direct_changes_excluded"": true, ""all_recorded_direct_changes_excluded"": true, ""individual_endpoint_top1_change"": false, ""recorded_and_fixed_B_winner_equal"": true, ""recorded_direct_winner"": ""n_002_005:6"", ""same_state_fixed_B_direct_winner"": ""n_002_005:6"", ""variable_instances"": 0}",7,"{""all_fixed_B_direct_changes_excluded"": true, ""all_recorded_direct_changes_excluded"": true, ""individual_endpoint_top1_change"": false, ""recorded_and_fixed_B_winner_equal"": true, ""recorded_direct_winner"": ""n_002_005:6"", ""same_state_fixed_B_direct_winner"": ""n_002_005:6"", ""variable_instances"": 1}",B,110,development_v1,,before_first_return,dev_AISLE_B_b160_n92801,ART1_AISLE_DEV,analyzed
none,,,,,,,,B,126,development_v1,initialization_or_no_direct_pool,at_or_after_first_return,dev_AISLE_B_b160_n92801,ART1_AISLE_DEV,not_direct_comparison
none,,,,,,,,B,127,development_v1,initialization_or_no_direct_pool,at_or_after_first_return,dev_AISLE_B_b160_n92801,ART1_AISLE_DEV,not_direct_comparison
none,,,,,,,,B,128,development_v1,initialization_or_no_direct_pool,at_or_after_first_return,dev_AISLE_B_b160_n92801,ART1_AISLE_DEV,not_direct_comparison
none,,,,,,,,B,129,development_v1,initialization_or_no_direct_pool,at_or_after_first_return,dev_AISLE_B_b160_n92801,ART1_AISLE_DEV,not_direct_comparison
none,,,,,,,,B,130,development_v1,initialization_or_no_direct_pool,at_or_after_first_return,dev_AISLE_B_b160_n92801,ART1_AISLE_DEV,not_direct_comparison
none,,,,,,,,B,131,development_v1,initialization_or_no_direct_pool,at_or_after_first_return,dev_AISLE_B_b160_n92801,ART1_AISLE_DEV,not_direct_comparison
none,,,,,,,,B,132,development_v1,initialization_or_no_direct_pool,at_or_after_first_return,dev_AISLE_B_b160_n92801,ART1_AISLE_DEV,not_direct_comparison
none,,,,,,,,B,133,development_v1,initialization_or_no_direct_pool,at_or_after_first_return,dev_AISLE_B_b160_n92801,ART1_AISLE_DEV,not_direct_comparison
none,,,,,,,,B,134,development_v1,initialization_or_no_direct_pool,at_or_after_first_return,dev_AISLE_B_b160_n92801,ART1_AISLE_DEV,not_direct_comparison
none,,,,,,,,B,135,development_v1,initialization_or_no_direct_pool,at_or_after_first_return,dev_AISLE_B_b160_n92801,ART1_AISLE_DEV,not_direct_comparison
none,,,,,,,,B,136,development_v1,initialization_or_no_direct_pool,at_or_after_first_return,dev_AISLE_B_b160_n92801,ART1_AISLE_DEV,not_direct_comparison
none,,,,,,,,B,137,development_v1,initialization_or_no_direct_pool,at_or_after_first_return,dev_AISLE_B_b160_n92801,ART1_AISLE_DEV,not_direct_comparison
none,,,,,,,,B,138,development_v1,initialization_or_no_direct_pool,at_or_after_first_return,dev_AISLE_B_b160_n92801,ART1_AISLE_DEV,not_direct_comparison
none,,,,,,,,B,139,development_v1,initialization_or_no_direct_pool,at_or_after_first_return,dev_AISLE_B_b160_n92801,ART1_AISLE_DEV,not_direct_comparison
none,,,,,,,,B,140,development_v1,initialization_or_no_direct_pool,at_or_after_first_return,dev_AISLE_B_b160_n92801,ART1_AISLE_DEV,not_direct_comparison
none,,,,,,,,B,141,development_v1,initialization_or_no_direct_pool,at_or_after_first_return,dev_AISLE_B_b160_n92801,ART1_AISLE_DEV,not_direct_comparison
none,,,,,,,,B,142,development_v1,initialization_or_no_direct_pool,at_or_after_first_return,dev_AISLE_B_b160_n92801,ART1_AISLE_DEV,not_direct_comparison
none,,,,,,,,B,143,development_v1,initialization_or_no_direct_pool,at_or_after_first_return,dev_AISLE_B_b160_n92801,ART1_AISLE_DEV,not_direct_comparison
none,,,,,,,,B,144,development_v1,initialization_or_no_direct_pool,at_or_after_first_return,dev_AISLE_B_b160_n92801,ART1_AISLE_DEV,not_direct_comparison
none,,,,,,,,B,145,development_v1,initialization_or_no_direct_pool,at_or_after_first_return,dev_AISLE_B_b160_n92801,ART1_AISLE_DEV,not_direct_comparison
none,,,,,,,,B,146,development_v1,initialization_or_no_direct_pool,at_or_after_first_return,dev_AISLE_B_b160_n92801,ART1_AISLE_DEV,not_direct_comparison
none,,,,,,,,B,147,development_v1,initialization_or_no_direct_pool,at_or_after_first_return,dev_AISLE_B_b160_n92801,ART1_AISLE_DEV,not_direct_comparison
none,,,,,,,,B,148,development_v1,initialization_or_no_direct_pool,at_or_after_first_return,dev_AISLE_B_b160_n92801,ART1_AISLE_DEV,not_direct_comparison
none,,,,,,,,B,149,development_v1,initialization_or_no_direct_pool,at_or_after_first_return,dev_AISLE_B_b160_n92801,ART1_AISLE_DEV,not_direct_comparison
none,,,,,,,,B,150,development_v1,initialization_or_no_direct_pool,at_or_after_first_return,dev_AISLE_B_b160_n92801,ART1_AISLE_DEV,not_direct_comparison
none,,,,,,,,B,151,development_v1,initialization_or_no_direct_pool,at_or_after_first_return,dev_AISLE_B_b160_n92801,ART1_AISLE_DEV,not_direct_comparison
none,,,,,,,,B,152,development_v1,initialization_or_no_direct_pool,at_or_after_first_return,dev_AISLE_B_b160_n92801,ART1_AISLE_DEV,not_direct_comparison
none,,,,,,,,B,153,development_v1,initialization_or_no_direct_pool,at_or_after_first_return,dev_AISLE_B_b160_n92801,ART1_AISLE_DEV,not_direct_comparison
none,,,,,,,,B,154,development_v1,initialization_or_no_direct_pool,at_or_after_first_return,dev_AISLE_B_b160_n92801,ART1_AISLE_DEV,not_direct_comparison
none,,,,,,,,B,155,development_v1,initialization_or_no_direct_pool,at_or_after_first_return,dev_AISLE_B_b160_n92801,ART1_AISLE_DEV,not_direct_comparison
none,,,,,,,,B,156,development_v1,initialization_or_no_direct_pool,at_or_after_first_return,dev_AISLE_B_b160_n92801,ART1_AISLE_DEV,not_direct_comparison
none,,,,,,,,B,157,development_v1,initialization_or_no_direct_pool,at_or_after_first_return,dev_AISLE_B_b160_n92801,ART1_AISLE_DEV,not_direct_comparison
none,,,,,,,,B,158,development_v1,initialization_or_no_direct_pool,at_or_after_first_return,dev_AISLE_B_b160_n92801,ART1_AISLE_DEV,not_direct_comparison
none,,,,,,,,B,159,development_v1,initialization_or_no_direct_pool,at_or_after_first_return,dev_AISLE_B_b160_n92801,ART1_AISLE_DEV,not_direct_comparison
none,,,,,,,,B,160,development_v1,initialization_or_no_direct_pool,at_or_after_first_return,dev_AISLE_B_b160_n92801,ART1_AISLE_DEV,not_direct_comparison
measurement_initialization,n_001_000:1,,,,,,,G,0,development_v1,initialization_or_no_direct_pool,before_first_return,dev_AISLE_G_b160_n92801,ART1_AISLE_DEV,not_direct_comparison
direct,n_001_001:3,False,False,True,"{""all_fixed_B_direct_changes_excluded"": true, ""all_recorded_direct_changes_excluded"": true, ""individual_endpoint_top1_change"": false, ""recorded_and_fixed_B_winner_equal"": true, ""recorded_direct_winner"": ""n_001_001:3"", ""same_state_fixed_B_direct_winner"": ""n_001_001:3"", ""variable_instances"": 0}",32,"{""all_fixed_B_direct_changes_excluded"": true, ""all_recorded_direct_changes_excluded"": true, ""individual_endpoint_top1_change"": false, ""recorded_and_fixed_B_winner_equal"": true, ""recorded_direct_winner"": ""n_001_001:3"", ""same_state_fixed_B_direct_winner"": ""n_001_001:3"", ""variable_instances"": 0}",G,5,development_v1,,before_first_return,dev_AISLE_G_b160_n92801,ART1_AISLE_DEV,analyzed
direct,n_000_001:1,True,True,True,"{""all_fixed_B_direct_changes_excluded"": true, ""all_recorded_direct_changes_excluded"": true, ""individual_endpoint_top1_change"": false, ""recorded_and_fixed_B_winner_equal"": true, ""recorded_direct_winner"": ""n_000_001:1"", ""same_state_fixed_B_direct_winner"": ""n_000_001:1"", ""variable_instances"": 0}",32,"{""all_fixed_B_direct_changes_excluded"": true, ""all_recorded_direct_changes_excluded"": true, ""individual_endpoint_top1_change"": false, ""recorded_and_fixed_B_winner_equal"": true, ""recorded_direct_winner"": ""n_000_001:1"", ""same_state_fixed_B_direct_winner"": ""n_000_001:1"", ""variable_instances"": 0}",G,12,development_v1,,before_first_return,dev_AISLE_G_b160_n92801,ART1_AISLE_DEV,analyzed
direct,n_000_003:1,False,False,True,"{""all_fixed_B_direct_changes_excluded"": true, ""all_recorded_direct_changes_excluded"": true, ""individual_endpoint_top1_change"": false, ""recorded_and_fixed_B_winner_equal"": true, ""recorded_direct_winner"": ""n_000_003:1"", ""same_state_fixed_B_direct_winner"": ""n_000_003:1"", ""variable_instances"": 0}",32,"{""all_fixed_B_direct_changes_excluded"": true, ""all_recorded_direct_changes_excluded"": true, ""individual_endpoint_top1_change"": false, ""recorded_and_fixed_B_winner_equal"": true, ""recorded_direct_winner"": ""n_000_003:1"", ""same_state_fixed_B_direct_winner"": ""n_000_003:1"", ""variable_instances"": 0}",G,25,development_v1,,before_first_return,dev_AISLE_G_b160_n92801,ART1_AISLE_DEV,analyzed
direct,n_002_003:0,False,False,True,"{""all_fixed_B_direct_changes_excluded"": true, ""all_recorded_direct_changes_excluded"": true, ""individual_endpoint_top1_change"": false, ""recorded_and_fixed_B_winner_equal"": true, ""recorded_direct_winner"": ""n_002_003:0"", ""same_state_fixed_B_direct_winner"": ""n_002_003:0"", ""variable_instances"": 0}",32,"{""all_fixed_B_direct_changes_excluded"": true, ""all_recorded_direct_changes_excluded"": true, ""individual_endpoint_top1_change"": false, ""recorded_and_fixed_B_winner_equal"": true, ""recorded_direct_winner"": ""n_002_003:0"", ""same_state_fixed_B_direct_winner"": ""n_002_003:0"", ""variable_instances"": 0}",G,38,development_v1,,before_first_return,dev_AISLE_G_b160_n92801,ART1_AISLE_DEV,analyzed
direct,n_000_004:1,False,False,True,"{""all_fixed_B_direct_changes_excluded"": true, ""all_recorded_direct_changes_excluded"": true, ""individual_endpoint_top1_change"": false, ""recorded_and_fixed_B_winner_equal"": true, ""recorded_direct_winner"": ""n_000_004:1"", ""same_state_fixed_B_direct_winner"": ""n_000_004:1"", ""variable_instances"": 0}",32,"{""all_fixed_B_direct_changes_excluded"": true, ""all_recorded_direct_changes_excluded"": true, ""individual_endpoint_top1_change"": false, ""recorded_and_fixed_B_winner_equal"": true, ""recorded_direct_winner"": ""n_000_004:1"", ""same_state_fixed_B_direct_winner"": ""n_000_004:1"", ""variable_instances"": 0}",G,48,development_v1,,before_first_return,dev_AISLE_G_b160_n92801,ART1_AISLE_DEV,analyzed
direct,n_001_005:0,False,False,True,"{""all_fixed_B_direct_changes_excluded"": true, ""all_recorded_direct_changes_excluded"": true, ""individual_endpoint_top1_change"": false, ""recorded_and_fixed_B_winner_equal"": true, ""recorded_direct_winner"": ""n_001_005:0"", ""same_state_fixed_B_direct_winner"": ""n_001_005:0"", ""variable_instances"": 0}",32,"{""all_fixed_B_direct_changes_excluded"": true, ""all_recorded_direct_changes_excluded"": true, ""individual_endpoint_top1_change"": false, ""recorded_and_fixed_B_winner_equal"": true, ""recorded_direct_winner"": ""n_001_005:0"", ""same_state_fixed_B_direct_winner"": ""n_001_005:0"", ""variable_instances"": 0}",G,72,development_v1,,before_first_return,dev_AISLE_G_b160_n92801,ART1_AISLE_DEV,analyzed
direct,n_001_005:10,True,True,True,"{""all_fixed_B_direct_changes_excluded"": true, ""all_recorded_direct_changes_excluded"": true, ""individual_endpoint_top1_change"": false, ""recorded_and_fixed_B_winner_equal"": true, ""recorded_direct_winner"": ""n_001_005:10"", ""same_state_fixed_B_direct_winner"": ""n_001_005:10"", ""variable_instances"": 0}",32,"{""all_fixed_B_direct_changes_excluded"": true, ""all_recorded_direct_changes_excluded"": true, ""individual_endpoint_top1_change"": false, ""recorded_and_fixed_B_winner_equal"": true, ""recorded_direct_winner"": ""n_001_005:10"", ""same_state_fixed_B_direct_winner"": ""n_001_005:10"", ""variable_instances"": 0}",G,86,development_v1,,before_first_return,dev_AISLE_G_b160_n92801,ART1_AISLE_DEV,analyzed
direct,n_003_005:0,False,False,True,"{""all_fixed_B_direct_changes_excluded"": true, ""all_recorded_direct_changes_excluded"": true, ""individual_endpoint_top1_change"": false, ""recorded_and_fixed_B_winner_equal"": true, ""recorded_direct_winner"": ""n_003_005:0"", ""same_state_fixed_B_direct_winner"": ""n_003_005:0"", ""variable_instances"": 0}",32,"{""all_fixed_B_direct_changes_excluded"": true, ""all_recorded_direct_changes_excluded"": true, ""individual_endpoint_top1_change"": false, ""recorded_and_fixed_B_winner_equal"": true, ""recorded_direct_winner"": ""n_003_005:0"", ""same_state_fixed_B_direct_winner"": ""n_003_005:0"", ""variable_instances"": 0}",G,89,development_v1,,before_first_return,dev_AISLE_G_b160_n92801,ART1_AISLE_DEV,analyzed
direct,n_003_004:7,False,False,True,"{""all_fixed_B_direct_changes_excluded"": true, ""all_recorded_direct_changes_excluded"": true, ""individual_endpoint_top1_change"": false, ""recorded_and_fixed_B_winner_equal"": true, ""recorded_direct_winner"": ""n_003_004:7"", ""same_state_fixed_B_direct_winner"": ""n_003_004:7"", ""variable_instances"": 0}",21,"{""all_fixed_B_direct_changes_excluded"": true, ""all_recorded_direct_changes_excluded"": true, ""individual_endpoint_top1_change"": false, ""recorded_and_fixed_B_winner_equal"": true, ""recorded_direct_winner"": ""n_003_004:7"", ""same_state_fixed_B_direct_winner"": ""n_003_004:7"", ""variable_instances"": 0}",G,100,development_v1,,before_first_return,dev_AISLE_G_b160_n92801,ART1_AISLE_DEV,analyzed
direct,n_002_005:6,True,True,True,"{""all_fixed_B_direct_changes_excluded"": true, ""all_recorded_direct_changes_excluded"": true, ""individual_endpoint_top1_change"": false, ""recorded_and_fixed_B_winner_equal"": true, ""recorded_direct_winner"": ""n_002_005:6"", ""same_state_fixed_B_direct_winner"": ""n_002_005:6"", ""variable_instances"": 0}",7,"{""all_fixed_B_direct_changes_excluded"": true, ""all_recorded_direct_changes_excluded"": true, ""individual_endpoint_top1_change"": false, ""recorded_and_fixed_B_winner_equal"": true, ""recorded_direct_winner"": ""n_002_005:6"", ""same_state_fixed_B_direct_winner"": ""n_002_005:6"", ""variable_instances"": 0}",G,110,development_v1,,before_first_return,dev_AISLE_G_b160_n92801,ART1_AISLE_DEV,analyzed
none,,,,,,,,G,126,development_v1,initialization_or_no_direct_pool,at_or_after_first_return,dev_AISLE_G_b160_n92801,ART1_AISLE_DEV,not_direct_comparison
none,,,,,,,,G,127,development_v1,initialization_or_no_direct_pool,at_or_after_first_return,dev_AISLE_G_b160_n92801,ART1_AISLE_DEV,not_direct_comparison
none,,,,,,,,G,128,development_v1,initialization_or_no_direct_pool,at_or_after_first_return,dev_AISLE_G_b160_n92801,ART1_AISLE_DEV,not_direct_comparison
none,,,,,,,,G,129,development_v1,initialization_or_no_direct_pool,at_or_after_first_return,dev_AISLE_G_b160_n92801,ART1_AISLE_DEV,not_direct_comparison
none,,,,,,,,G,130,development_v1,initialization_or_no_direct_pool,at_or_after_first_return,dev_AISLE_G_b160_n92801,ART1_AISLE_DEV,not_direct_comparison
none,,,,,,,,G,131,development_v1,initialization_or_no_direct_pool,at_or_after_first_return,dev_AISLE_G_b160_n92801,ART1_AISLE_DEV,not_direct_comparison
none,,,,,,,,G,132,development_v1,initialization_or_no_direct_pool,at_or_after_first_return,dev_AISLE_G_b160_n92801,ART1_AISLE_DEV,not_direct_comparison
none,,,,,,,,G,133,development_v1,initialization_or_no_direct_pool,at_or_after_first_return,dev_AISLE_G_b160_n92801,ART1_AISLE_DEV,not_direct_comparison
none,,,,,,,,G,134,development_v1,initialization_or_no_direct_pool,at_or_after_first_return,dev_AISLE_G_b160_n92801,ART1_AISLE_DEV,not_direct_comparison
none,,,,,,,,G,135,development_v1,initialization_or_no_direct_pool,at_or_after_first_return,dev_AISLE_G_b160_n92801,ART1_AISLE_DEV,not_direct_comparison
none,,,,,,,,G,136,development_v1,initialization_or_no_direct_pool,at_or_after_first_return,dev_AISLE_G_b160_n92801,ART1_AISLE_DEV,not_direct_comparison
none,,,,,,,,G,137,development_v1,initialization_or_no_direct_pool,at_or_after_first_return,dev_AISLE_G_b160_n92801,ART1_AISLE_DEV,not_direct_comparison
none,,,,,,,,G,138,development_v1,initialization_or_no_direct_pool,at_or_after_first_return,dev_AISLE_G_b160_n92801,ART1_AISLE_DEV,not_direct_comparison
none,,,,,,,,G,139,development_v1,initialization_or_no_direct_pool,at_or_after_first_return,dev_AISLE_G_b160_n92801,ART1_AISLE_DEV,not_direct_comparison
none,,,,,,,,G,140,development_v1,initialization_or_no_direct_pool,at_or_after_first_return,dev_AISLE_G_b160_n92801,ART1_AISLE_DEV,not_direct_comparison
none,,,,,,,,G,141,development_v1,initialization_or_no_direct_pool,at_or_after_first_return,dev_AISLE_G_b160_n92801,ART1_AISLE_DEV,not_direct_comparison
none,,,,,,,,G,142,development_v1,initialization_or_no_direct_pool,at_or_after_first_return,dev_AISLE_G_b160_n92801,ART1_AISLE_DEV,not_direct_comparison
none,,,,,,,,G,143,development_v1,initialization_or_no_direct_pool,at_or_after_first_return,dev_AISLE_G_b160_n92801,ART1_AISLE_DEV,not_direct_comparison
none,,,,,,,,G,144,development_v1,initialization_or_no_direct_pool,at_or_after_first_return,dev_AISLE_G_b160_n92801,ART1_AISLE_DEV,not_direct_comparison
none,,,,,,,,G,145,development_v1,initialization_or_no_direct_pool,at_or_after_first_return,dev_AISLE_G_b160_n92801,ART1_AISLE_DEV,not_direct_comparison
none,,,,,,,,G,146,development_v1,initialization_or_no_direct_pool,at_or_after_first_return,dev_AISLE_G_b160_n92801,ART1_AISLE_DEV,not_direct_comparison
none,,,,,,,,G,147,development_v1,initialization_or_no_direct_pool,at_or_after_first_return,dev_AISLE_G_b160_n92801,ART1_AISLE_DEV,not_direct_comparison
none,,,,,,,,G,148,development_v1,initialization_or_no_direct_pool,at_or_after_first_return,dev_AISLE_G_b160_n92801,ART1_AISLE_DEV,not_direct_comparison
none,,,,,,,,G,149,development_v1,initialization_or_no_direct_pool,at_or_after_first_return,dev_AISLE_G_b160_n92801,ART1_AISLE_DEV,not_direct_comparison
none,,,,,,,,G,150,development_v1,initialization_or_no_direct_pool,at_or_after_first_return,dev_AISLE_G_b160_n92801,ART1_AISLE_DEV,not_direct_comparison
none,,,,,,,,G,151,development_v1,initialization_or_no_direct_pool,at_or_after_first_return,dev_AISLE_G_b160_n92801,ART1_AISLE_DEV,not_direct_comparison
none,,,,,,,,G,152,development_v1,initialization_or_no_direct_pool,at_or_after_first_return,dev_AISLE_G_b160_n92801,ART1_AISLE_DEV,not_direct_comparison
none,,,,,,,,G,153,development_v1,initialization_or_no_direct_pool,at_or_after_first_return,dev_AISLE_G_b160_n92801,ART1_AISLE_DEV,not_direct_comparison
none,,,,,,,,G,154,development_v1,initialization_or_no_direct_pool,at_or_after_first_return,dev_AISLE_G_b160_n92801,ART1_AISLE_DEV,not_direct_comparison
none,,,,,,,,G,155,development_v1,initialization_or_no_direct_pool,at_or_after_first_return,dev_AISLE_G_b160_n92801,ART1_AISLE_DEV,not_direct_comparison
none,,,,,,,,G,156,development_v1,initialization_or_no_direct_pool,at_or_after_first_return,dev_AISLE_G_b160_n92801,ART1_AISLE_DEV,not_direct_comparison
none,,,,,,,,G,157,development_v1,initialization_or_no_direct_pool,at_or_after_first_return,dev_AISLE_G_b160_n92801,ART1_AISLE_DEV,not_direct_comparison
none,,,,,,,,G,158,development_v1,initialization_or_no_direct_pool,at_or_after_first_return,dev_AISLE_G_b160_n92801,ART1_AISLE_DEV,not_direct_comparison
none,,,,,,,,G,159,development_v1,initialization_or_no_direct_pool,at_or_after_first_return,dev_AISLE_G_b160_n92801,ART1_AISLE_DEV,not_direct_comparison
none,,,,,,,,G,160,development_v1,initialization_or_no_direct_pool,at_or_after_first_return,dev_AISLE_G_b160_n92801,ART1_AISLE_DEV,not_direct_comparison
measurement_initialization,n_001_000:1,,,,,,,NBV,0,development_v1,initialization_or_no_direct_pool,before_first_return,dev_AISLE_NBV_b160_n92801,ART1_AISLE_DEV,not_direct_comparison
direct,n_001_001:3,False,False,True,"{""all_fixed_B_direct_changes_excluded"": true, ""all_recorded_direct_changes_excluded"": true, ""individual_endpoint_top1_change"": false, ""recorded_and_fixed_B_winner_equal"": true, ""recorded_direct_winner"": ""n_001_001:3"", ""same_state_fixed_B_direct_winner"": ""n_001_001:3"", ""variable_instances"": 0}",32,"{""all_fixed_B_direct_changes_excluded"": true, ""all_recorded_direct_changes_excluded"": true, ""individual_endpoint_top1_change"": false, ""recorded_and_fixed_B_winner_equal"": true, ""recorded_direct_winner"": ""n_001_001:3"", ""same_state_fixed_B_direct_winner"": ""n_001_001:3"", ""variable_instances"": 0}",NBV,5,development_v1,,before_first_return,dev_AISLE_NBV_b160_n92801,ART1_AISLE_DEV,analyzed
direct,n_000_001:1,True,True,True,"{""all_fixed_B_direct_changes_excluded"": true, ""all_recorded_direct_changes_excluded"": true, ""individual_endpoint_top1_change"": false, ""recorded_and_fixed_B_winner_equal"": true, ""recorded_direct_winner"": ""n_000_001:1"", ""same_state_fixed_B_direct_winner"": ""n_000_001:1"", ""variable_instances"": 0}",32,"{""all_fixed_B_direct_changes_excluded"": true, ""all_recorded_direct_changes_excluded"": true, ""individual_endpoint_top1_change"": false, ""recorded_and_fixed_B_winner_equal"": true, ""recorded_direct_winner"": ""n_000_001:1"", ""same_state_fixed_B_direct_winner"": ""n_000_001:1"", ""variable_instances"": 0}",NBV,12,development_v1,,before_first_return,dev_AISLE_NBV_b160_n92801,ART1_AISLE_DEV,analyzed
direct,n_000_003:1,False,False,True,"{""all_fixed_B_direct_changes_excluded"": true, ""all_recorded_direct_changes_excluded"": true, ""individual_endpoint_top1_change"": false, ""recorded_and_fixed_B_winner_equal"": true, ""recorded_direct_winner"": ""n_000_003:1"", ""same_state_fixed_B_direct_winner"": ""n_000_003:1"", ""variable_instances"": 0}",32,"{""all_fixed_B_direct_changes_excluded"": true, ""all_recorded_direct_changes_excluded"": true, ""individual_endpoint_top1_change"": false, ""recorded_and_fixed_B_winner_equal"": true, ""recorded_direct_winner"": ""n_000_003:1"", ""same_state_fixed_B_direct_winner"": ""n_000_003:1"", ""variable_instances"": 0}",NBV,25,development_v1,,before_first_return,dev_AISLE_NBV_b160_n92801,ART1_AISLE_DEV,analyzed
direct,n_002_003:0,False,False,True,"{""all_fixed_B_direct_changes_excluded"": true, ""all_recorded_direct_changes_excluded"": true, ""individual_endpoint_top1_change"": false, ""recorded_and_fixed_B_winner_equal"": true, ""recorded_direct_winner"": ""n_002_003:0"", ""same_state_fixed_B_direct_winner"": ""n_002_003:0"", ""variable_instances"": 0}",32,"{""all_fixed_B_direct_changes_excluded"": true, ""all_recorded_direct_changes_excluded"": true, ""individual_endpoint_top1_change"": false, ""recorded_and_fixed_B_winner_equal"": true, ""recorded_direct_winner"": ""n_002_003:0"", ""same_state_fixed_B_direct_winner"": ""n_002_003:0"", ""variable_instances"": 0}",NBV,38,development_v1,,before_first_return,dev_AISLE_NBV_b160_n92801,ART1_AISLE_DEV,analyzed
direct,n_000_004:1,False,False,True,"{""all_fixed_B_direct_changes_excluded"": true, ""all_recorded_direct_changes_excluded"": true, ""individual_endpoint_top1_change"": false, ""recorded_and_fixed_B_winner_equal"": true, ""recorded_direct_winner"": ""n_000_004:1"", ""same_state_fixed_B_direct_winner"": ""n_000_004:1"", ""variable_instances"": 0}",32,"{""all_fixed_B_direct_changes_excluded"": true, ""all_recorded_direct_changes_excluded"": true, ""individual_endpoint_top1_change"": false, ""recorded_and_fixed_B_winner_equal"": true, ""recorded_direct_winner"": ""n_000_004:1"", ""same_state_fixed_B_direct_winner"": ""n_000_004:1"", ""variable_instances"": 0}",NBV,48,development_v1,,before_first_return,dev_AISLE_NBV_b160_n92801,ART1_AISLE_DEV,analyzed
direct,n_001_005:0,False,False,True,"{""all_fixed_B_direct_changes_excluded"": true, ""all_recorded_direct_changes_excluded"": true, ""individual_endpoint_top1_change"": false, ""recorded_and_fixed_B_winner_equal"": true, ""recorded_direct_winner"": ""n_001_005:0"", ""same_state_fixed_B_direct_winner"": ""n_001_005:0"", ""variable_instances"": 0}",32,"{""all_fixed_B_direct_changes_excluded"": true, ""all_recorded_direct_changes_excluded"": true, ""individual_endpoint_top1_change"": false, ""recorded_and_fixed_B_winner_equal"": true, ""recorded_direct_winner"": ""n_001_005:0"", ""same_state_fixed_B_direct_winner"": ""n_001_005:0"", ""variable_instances"": 0}",NBV,72,development_v1,,before_first_return,dev_AISLE_NBV_b160_n92801,ART1_AISLE_DEV,analyzed
direct,n_001_005:10,True,True,True,"{""all_fixed_B_direct_changes_excluded"": true, ""all_recorded_direct_changes_excluded"": true, ""individual_endpoint_top1_change"": false, ""recorded_and_fixed_B_winner_equal"": true, ""recorded_direct_winner"": ""n_001_005:10"", ""same_state_fixed_B_direct_winner"": ""n_001_005:10"", ""variable_instances"": 0}",32,"{""all_fixed_B_direct_changes_excluded"": true, ""all_recorded_direct_changes_excluded"": true, ""individual_endpoint_top1_change"": false, ""recorded_and_fixed_B_winner_equal"": true, ""recorded_direct_winner"": ""n_001_005:10"", ""same_state_fixed_B_direct_winner"": ""n_001_005:10"", ""variable_instances"": 0}",NBV,86,development_v1,,before_first_return,dev_AISLE_NBV_b160_n92801,ART1_AISLE_DEV,analyzed
direct,n_003_005:0,False,False,True,"{""all_fixed_B_direct_changes_excluded"": true, ""all_recorded_direct_changes_excluded"": true, ""individual_endpoint_top1_change"": false, ""recorded_and_fixed_B_winner_equal"": true, ""recorded_direct_winner"": ""n_003_005:0"", ""same_state_fixed_B_direct_winner"": ""n_003_005:0"", ""variable_instances"": 0}",32,"{""all_fixed_B_direct_changes_excluded"": true, ""all_recorded_direct_changes_excluded"": true, ""individual_endpoint_top1_change"": false, ""recorded_and_fixed_B_winner_equal"": true, ""recorded_direct_winner"": ""n_003_005:0"", ""same_state_fixed_B_direct_winner"": ""n_003_005:0"", ""variable_instances"": 0}",NBV,89,development_v1,,before_first_return,dev_AISLE_NBV_b160_n92801,ART1_AISLE_DEV,analyzed
direct,n_003_004:7,False,False,True,"{""all_fixed_B_direct_changes_excluded"": true, ""all_recorded_direct_changes_excluded"": true, ""individual_endpoint_top1_change"": false, ""recorded_and_fixed_B_winner_equal"": true, ""recorded_direct_winner"": ""n_003_004:7"", ""same_state_fixed_B_direct_winner"": ""n_003_004:7"", ""variable_instances"": 0}",21,"{""all_fixed_B_direct_changes_excluded"": true, ""all_recorded_direct_changes_excluded"": true, ""individual_endpoint_top1_change"": false, ""recorded_and_fixed_B_winner_equal"": true, ""recorded_direct_winner"": ""n_003_004:7"", ""same_state_fixed_B_direct_winner"": ""n_003_004:7"", ""variable_instances"": 0}",NBV,100,development_v1,,before_first_return,dev_AISLE_NBV_b160_n92801,ART1_AISLE_DEV,analyzed
direct,n_002_005:6,True,True,True,"{""all_fixed_B_direct_changes_excluded"": true, ""all_recorded_direct_changes_excluded"": true, ""individual_endpoint_top1_change"": false, ""recorded_and_fixed_B_winner_equal"": true, ""recorded_direct_winner"": ""n_002_005:6"", ""same_state_fixed_B_direct_winner"": ""n_002_005:6"", ""variable_instances"": 0}",7,"{""all_fixed_B_direct_changes_excluded"": true, ""all_recorded_direct_changes_excluded"": true, ""individual_endpoint_top1_change"": false, ""recorded_and_fixed_B_winner_equal"": true, ""recorded_direct_winner"": ""n_002_005:6"", ""same_state_fixed_B_direct_winner"": ""n_002_005:6"", ""variable_instances"": 0}",NBV,110,development_v1,,before_first_return,dev_AISLE_NBV_b160_n92801,ART1_AISLE_DEV,analyzed
none,,,,,,,,NBV,126,development_v1,initialization_or_no_direct_pool,at_or_after_first_return,dev_AISLE_NBV_b160_n92801,ART1_AISLE_DEV,not_direct_comparison
none,,,,,,,,NBV,127,development_v1,initialization_or_no_direct_pool,at_or_after_first_return,dev_AISLE_NBV_b160_n92801,ART1_AISLE_DEV,not_direct_comparison
none,,,,,,,,NBV,128,development_v1,initialization_or_no_direct_pool,at_or_after_first_return,dev_AISLE_NBV_b160_n92801,ART1_AISLE_DEV,not_direct_comparison
none,,,,,,,,NBV,129,development_v1,initialization_or_no_direct_pool,at_or_after_first_return,dev_AISLE_NBV_b160_n92801,ART1_AISLE_DEV,not_direct_comparison
none,,,,,,,,NBV,130,development_v1,initialization_or_no_direct_pool,at_or_after_first_return,dev_AISLE_NBV_b160_n92801,ART1_AISLE_DEV,not_direct_comparison
none,,,,,,,,NBV,131,development_v1,initialization_or_no_direct_pool,at_or_after_first_return,dev_AISLE_NBV_b160_n92801,ART1_AISLE_DEV,not_direct_comparison
none,,,,,,,,NBV,132,development_v1,initialization_or_no_direct_pool,at_or_after_first_return,dev_AISLE_NBV_b160_n92801,ART1_AISLE_DEV,not_direct_comparison
none,,,,,,,,NBV,133,development_v1,initialization_or_no_direct_pool,at_or_after_first_return,dev_AISLE_NBV_b160_n92801,ART1_AISLE_DEV,not_direct_comparison
none,,,,,,,,NBV,134,development_v1,initialization_or_no_direct_pool,at_or_after_first_return,dev_AISLE_NBV_b160_n92801,ART1_AISLE_DEV,not_direct_comparison
none,,,,,,,,NBV,135,development_v1,initialization_or_no_direct_pool,at_or_after_first_return,dev_AISLE_NBV_b160_n92801,ART1_AISLE_DEV,not_direct_comparison
none,,,,,,,,NBV,136,development_v1,initialization_or_no_direct_pool,at_or_after_first_return,dev_AISLE_NBV_b160_n92801,ART1_AISLE_DEV,not_direct_comparison
none,,,,,,,,NBV,137,development_v1,initialization_or_no_direct_pool,at_or_after_first_return,dev_AISLE_NBV_b160_n92801,ART1_AISLE_DEV,not_direct_comparison
none,,,,,,,,NBV,138,development_v1,initialization_or_no_direct_pool,at_or_after_first_return,dev_AISLE_NBV_b160_n92801,ART1_AISLE_DEV,not_direct_comparison
none,,,,,,,,NBV,139,development_v1,initialization_or_no_direct_pool,at_or_after_first_return,dev_AISLE_NBV_b160_n92801,ART1_AISLE_DEV,not_direct_comparison
none,,,,,,,,NBV,140,development_v1,initialization_or_no_direct_pool,at_or_after_first_return,dev_AISLE_NBV_b160_n92801,ART1_AISLE_DEV,not_direct_comparison
none,,,,,,,,NBV,141,development_v1,initialization_or_no_direct_pool,at_or_after_first_return,dev_AISLE_NBV_b160_n92801,ART1_AISLE_DEV,not_direct_comparison
none,,,,,,,,NBV,142,development_v1,initialization_or_no_direct_pool,at_or_after_first_return,dev_AISLE_NBV_b160_n92801,ART1_AISLE_DEV,not_direct_comparison
none,,,,,,,,NBV,143,development_v1,initialization_or_no_direct_pool,at_or_after_first_return,dev_AISLE_NBV_b160_n92801,ART1_AISLE_DEV,not_direct_comparison
none,,,,,,,,NBV,144,development_v1,initialization_or_no_direct_pool,at_or_after_first_return,dev_AISLE_NBV_b160_n92801,ART1_AISLE_DEV,not_direct_comparison
none,,,,,,,,NBV,145,development_v1,initialization_or_no_direct_pool,at_or_after_first_return,dev_AISLE_NBV_b160_n92801,ART1_AISLE_DEV,not_direct_comparison
none,,,,,,,,NBV,146,development_v1,initialization_or_no_direct_pool,at_or_after_first_return,dev_AISLE_NBV_b160_n92801,ART1_AISLE_DEV,not_direct_comparison
none,,,,,,,,NBV,147,development_v1,initialization_or_no_direct_pool,at_or_after_first_return,dev_AISLE_NBV_b160_n92801,ART1_AISLE_DEV,not_direct_comparison
none,,,,,,,,NBV,148,development_v1,initialization_or_no_direct_pool,at_or_after_first_return,dev_AISLE_NBV_b160_n92801,ART1_AISLE_DEV,not_direct_comparison
none,,,,,,,,NBV,149,development_v1,initialization_or_no_direct_pool,at_or_after_first_return,dev_AISLE_NBV_b160_n92801,ART1_AISLE_DEV,not_direct_comparison
none,,,,,,,,NBV,150,development_v1,initialization_or_no_direct_pool,at_or_after_first_return,dev_AISLE_NBV_b160_n92801,ART1_AISLE_DEV,not_direct_comparison
none,,,,,,,,NBV,151,development_v1,initialization_or_no_direct_pool,at_or_after_first_return,dev_AISLE_NBV_b160_n92801,ART1_AISLE_DEV,not_direct_comparison
none,,,,,,,,NBV,152,development_v1,initialization_or_no_direct_pool,at_or_after_first_return,dev_AISLE_NBV_b160_n92801,ART1_AISLE_DEV,not_direct_comparison
none,,,,,,,,NBV,153,development_v1,initialization_or_no_direct_pool,at_or_after_first_return,dev_AISLE_NBV_b160_n92801,ART1_AISLE_DEV,not_direct_comparison
none,,,,,,,,NBV,154,development_v1,initialization_or_no_direct_pool,at_or_after_first_return,dev_AISLE_NBV_b160_n92801,ART1_AISLE_DEV,not_direct_comparison
none,,,,,,,,NBV,155,development_v1,initialization_or_no_direct_pool,at_or_after_first_return,dev_AISLE_NBV_b160_n92801,ART1_AISLE_DEV,not_direct_comparison
none,,,,,,,,NBV,156,development_v1,initialization_or_no_direct_pool,at_or_after_first_return,dev_AISLE_NBV_b160_n92801,ART1_AISLE_DEV,not_direct_comparison
none,,,,,,,,NBV,157,development_v1,initialization_or_no_direct_pool,at_or_after_first_return,dev_AISLE_NBV_b160_n92801,ART1_AISLE_DEV,not_direct_comparison
none,,,,,,,,NBV,158,development_v1,initialization_or_no_direct_pool,at_or_after_first_return,dev_AISLE_NBV_b160_n92801,ART1_AISLE_DEV,not_direct_comparison
none,,,,,,,,NBV,159,development_v1,initialization_or_no_direct_pool,at_or_after_first_return,dev_AISLE_NBV_b160_n92801,ART1_AISLE_DEV,not_direct_comparison
none,,,,,,,,NBV,160,development_v1,initialization_or_no_direct_pool,at_or_after_first_return,dev_AISLE_NBV_b160_n92801,ART1_AISLE_DEV,not_direct_comparison
measurement_initialization,n_001_000:1,,,,,,,S,0,development_v1,initialization_or_no_direct_pool,before_first_return,dev_AISLE_S_b160_n92801,ART1_AISLE_DEV,not_direct_comparison
direct,n_001_001:3,False,False,False,"{""all_fixed_B_direct_changes_excluded"": true, ""all_recorded_direct_changes_excluded"": true, ""individual_endpoint_top1_change"": false, ""recorded_and_fixed_B_winner_equal"": true, ""recorded_direct_winner"": ""n_001_001:3"", ""same_state_fixed_B_direct_winner"": ""n_001_001:3"", ""variable_instances"": 0}",32,"{""all_fixed_B_direct_changes_excluded"": true, ""all_recorded_direct_changes_excluded"": true, ""individual_endpoint_top1_change"": false, ""recorded_and_fixed_B_winner_equal"": true, ""recorded_direct_winner"": ""n_001_001:3"", ""same_state_fixed_B_direct_winner"": ""n_001_001:3"", ""variable_instances"": 0}",S,5,development_v1,,before_first_return,dev_AISLE_S_b160_n92801,ART1_AISLE_DEV,analyzed
direct,n_000_001:1,True,True,False,"{""all_fixed_B_direct_changes_excluded"": true, ""all_recorded_direct_changes_excluded"": true, ""individual_endpoint_top1_change"": false, ""recorded_and_fixed_B_winner_equal"": true, ""recorded_direct_winner"": ""n_000_001:1"", ""same_state_fixed_B_direct_winner"": ""n_000_001:1"", ""variable_instances"": 0}",32,"{""all_fixed_B_direct_changes_excluded"": true, ""all_recorded_direct_changes_excluded"": true, ""individual_endpoint_top1_change"": false, ""recorded_and_fixed_B_winner_equal"": true, ""recorded_direct_winner"": ""n_000_001:1"", ""same_state_fixed_B_direct_winner"": ""n_000_001:1"", ""variable_instances"": 1}",S,12,development_v1,,before_first_return,dev_AISLE_S_b160_n92801,ART1_AISLE_DEV,analyzed
direct,n_000_003:1,False,False,False,"{""all_fixed_B_direct_changes_excluded"": true, ""all_recorded_direct_changes_excluded"": true, ""individual_endpoint_top1_change"": false, ""recorded_and_fixed_B_winner_equal"": true, ""recorded_direct_winner"": ""n_000_003:1"", ""same_state_fixed_B_direct_winner"": ""n_000_003:1"", ""variable_instances"": 0}",32,"{""all_fixed_B_direct_changes_excluded"": true, ""all_recorded_direct_changes_excluded"": true, ""individual_endpoint_top1_change"": false, ""recorded_and_fixed_B_winner_equal"": true, ""recorded_direct_winner"": ""n_000_003:1"", ""same_state_fixed_B_direct_winner"": ""n_000_003:1"", ""variable_instances"": 0}",S,25,development_v1,,before_first_return,dev_AISLE_S_b160_n92801,ART1_AISLE_DEV,analyzed
direct,n_002_003:0,False,False,False,"{""all_fixed_B_direct_changes_excluded"": true, ""all_recorded_direct_changes_excluded"": true, ""individual_endpoint_top1_change"": false, ""recorded_and_fixed_B_winner_equal"": true, ""recorded_direct_winner"": ""n_002_003:0"", ""same_state_fixed_B_direct_winner"": ""n_002_003:0"", ""variable_instances"": 0}",32,"{""all_fixed_B_direct_changes_excluded"": true, ""all_recorded_direct_changes_excluded"": true, ""individual_endpoint_top1_change"": false, ""recorded_and_fixed_B_winner_equal"": true, ""recorded_direct_winner"": ""n_002_003:0"", ""same_state_fixed_B_direct_winner"": ""n_002_003:0"", ""variable_instances"": 1}",S,38,development_v1,,before_first_return,dev_AISLE_S_b160_n92801,ART1_AISLE_DEV,analyzed
direct,n_000_004:1,False,False,False,"{""all_fixed_B_direct_changes_excluded"": true, ""all_recorded_direct_changes_excluded"": true, ""individual_endpoint_top1_change"": false, ""recorded_and_fixed_B_winner_equal"": true, ""recorded_direct_winner"": ""n_000_004:1"", ""same_state_fixed_B_direct_winner"": ""n_000_004:1"", ""variable_instances"": 0}",32,"{""all_fixed_B_direct_changes_excluded"": true, ""all_recorded_direct_changes_excluded"": true, ""individual_endpoint_top1_change"": false, ""recorded_and_fixed_B_winner_equal"": true, ""recorded_direct_winner"": ""n_000_004:1"", ""same_state_fixed_B_direct_winner"": ""n_000_004:1"", ""variable_instances"": 0}",S,48,development_v1,,before_first_return,dev_AISLE_S_b160_n92801,ART1_AISLE_DEV,analyzed
direct,n_001_005:0,False,False,False,"{""all_fixed_B_direct_changes_excluded"": true, ""all_recorded_direct_changes_excluded"": true, ""individual_endpoint_top1_change"": false, ""recorded_and_fixed_B_winner_equal"": true, ""recorded_direct_winner"": ""n_001_005:0"", ""same_state_fixed_B_direct_winner"": ""n_001_005:0"", ""variable_instances"": 0}",32,"{""all_fixed_B_direct_changes_excluded"": true, ""all_recorded_direct_changes_excluded"": true, ""individual_endpoint_top1_change"": false, ""recorded_and_fixed_B_winner_equal"": true, ""recorded_direct_winner"": ""n_001_005:0"", ""same_state_fixed_B_direct_winner"": ""n_001_005:0"", ""variable_instances"": 1}",S,72,development_v1,,before_first_return,dev_AISLE_S_b160_n92801,ART1_AISLE_DEV,analyzed
direct,n_001_005:10,True,True,False,"{""all_fixed_B_direct_changes_excluded"": true, ""all_recorded_direct_changes_excluded"": true, ""individual_endpoint_top1_change"": false, ""recorded_and_fixed_B_winner_equal"": true, ""recorded_direct_winner"": ""n_001_005:10"", ""same_state_fixed_B_direct_winner"": ""n_001_005:10"", ""variable_instances"": 0}",32,"{""all_fixed_B_direct_changes_excluded"": true, ""all_recorded_direct_changes_excluded"": true, ""individual_endpoint_top1_change"": false, ""recorded_and_fixed_B_winner_equal"": true, ""recorded_direct_winner"": ""n_001_005:10"", ""same_state_fixed_B_direct_winner"": ""n_001_005:10"", ""variable_instances"": 1}",S,86,development_v1,,before_first_return,dev_AISLE_S_b160_n92801,ART1_AISLE_DEV,analyzed
direct,n_003_005:0,False,False,False,"{""all_fixed_B_direct_changes_excluded"": true, ""all_recorded_direct_changes_excluded"": true, ""individual_endpoint_top1_change"": false, ""recorded_and_fixed_B_winner_equal"": true, ""recorded_direct_winner"": ""n_003_005:0"", ""same_state_fixed_B_direct_winner"": ""n_003_005:0"", ""variable_instances"": 0}",32,"{""all_fixed_B_direct_changes_excluded"": true, ""all_recorded_direct_changes_excluded"": true, ""individual_endpoint_top1_change"": false, ""recorded_and_fixed_B_winner_equal"": true, ""recorded_direct_winner"": ""n_003_005:0"", ""same_state_fixed_B_direct_winner"": ""n_003_005:0"", ""variable_instances"": 0}",S,89,development_v1,,before_first_return,dev_AISLE_S_b160_n92801,ART1_AISLE_DEV,analyzed
direct,n_003_004:7,False,False,False,"{""all_fixed_B_direct_changes_excluded"": true, ""all_recorded_direct_changes_excluded"": true, ""individual_endpoint_top1_change"": false, ""recorded_and_fixed_B_winner_equal"": true, ""recorded_direct_winner"": ""n_003_004:7"", ""same_state_fixed_B_direct_winner"": ""n_003_004:7"", ""variable_instances"": 0}",21,"{""all_fixed_B_direct_changes_excluded"": true, ""all_recorded_direct_changes_excluded"": true, ""individual_endpoint_top1_change"": false, ""recorded_and_fixed_B_winner_equal"": true, ""recorded_direct_winner"": ""n_003_004:7"", ""same_state_fixed_B_direct_winner"": ""n_003_004:7"", ""variable_instances"": 0}",S,100,development_v1,,before_first_return,dev_AISLE_S_b160_n92801,ART1_AISLE_DEV,analyzed
direct,n_002_005:6,True,True,False,"{""all_fixed_B_direct_changes_excluded"": true, ""all_recorded_direct_changes_excluded"": true, ""individual_endpoint_top1_change"": false, ""recorded_and_fixed_B_winner_equal"": true, ""recorded_direct_winner"": ""n_002_005:6"", ""same_state_fixed_B_direct_winner"": ""n_002_005:6"", ""variable_instances"": 0}",7,"{""all_fixed_B_direct_changes_excluded"": true, ""all_recorded_direct_changes_excluded"": true, ""individual_endpoint_top1_change"": false, ""recorded_and_fixed_B_winner_equal"": true, ""recorded_direct_winner"": ""n_002_005:6"", ""same_state_fixed_B_direct_winner"": ""n_002_005:6"", ""variable_instances"": 1}",S,110,development_v1,,before_first_return,dev_AISLE_S_b160_n92801,ART1_AISLE_DEV,analyzed
none,,,,,,,,S,126,development_v1,initialization_or_no_direct_pool,at_or_after_first_return,dev_AISLE_S_b160_n92801,ART1_AISLE_DEV,not_direct_comparison
none,,,,,,,,S,127,development_v1,initialization_or_no_direct_pool,at_or_after_first_return,dev_AISLE_S_b160_n92801,ART1_AISLE_DEV,not_direct_comparison
none,,,,,,,,S,128,development_v1,initialization_or_no_direct_pool,at_or_after_first_return,dev_AISLE_S_b160_n92801,ART1_AISLE_DEV,not_direct_comparison
none,,,,,,,,S,129,development_v1,initialization_or_no_direct_pool,at_or_after_first_return,dev_AISLE_S_b160_n92801,ART1_AISLE_DEV,not_direct_comparison
none,,,,,,,,S,130,development_v1,initialization_or_no_direct_pool,at_or_after_first_return,dev_AISLE_S_b160_n92801,ART1_AISLE_DEV,not_direct_comparison
none,,,,,,,,S,131,development_v1,initialization_or_no_direct_pool,at_or_after_first_return,dev_AISLE_S_b160_n92801,ART1_AISLE_DEV,not_direct_comparison
none,,,,,,,,S,132,development_v1,initialization_or_no_direct_pool,at_or_after_first_return,dev_AISLE_S_b160_n92801,ART1_AISLE_DEV,not_direct_comparison
none,,,,,,,,S,133,development_v1,initialization_or_no_direct_pool,at_or_after_first_return,dev_AISLE_S_b160_n92801,ART1_AISLE_DEV,not_direct_comparison
none,,,,,,,,S,134,development_v1,initialization_or_no_direct_pool,at_or_after_first_return,dev_AISLE_S_b160_n92801,ART1_AISLE_DEV,not_direct_comparison
none,,,,,,,,S,135,development_v1,initialization_or_no_direct_pool,at_or_after_first_return,dev_AISLE_S_b160_n92801,ART1_AISLE_DEV,not_direct_comparison
none,,,,,,,,S,136,development_v1,initialization_or_no_direct_pool,at_or_after_first_return,dev_AISLE_S_b160_n92801,ART1_AISLE_DEV,not_direct_comparison
none,,,,,,,,S,137,development_v1,initialization_or_no_direct_pool,at_or_after_first_return,dev_AISLE_S_b160_n92801,ART1_AISLE_DEV,not_direct_comparison
none,,,,,,,,S,138,development_v1,initialization_or_no_direct_pool,at_or_after_first_return,dev_AISLE_S_b160_n92801,ART1_AISLE_DEV,not_direct_comparison
none,,,,,,,,S,139,development_v1,initialization_or_no_direct_pool,at_or_after_first_return,dev_AISLE_S_b160_n92801,ART1_AISLE_DEV,not_direct_comparison
none,,,,,,,,S,140,development_v1,initialization_or_no_direct_pool,at_or_after_first_return,dev_AISLE_S_b160_n92801,ART1_AISLE_DEV,not_direct_comparison
none,,,,,,,,S,141,development_v1,initialization_or_no_direct_pool,at_or_after_first_return,dev_AISLE_S_b160_n92801,ART1_AISLE_DEV,not_direct_comparison
none,,,,,,,,S,142,development_v1,initialization_or_no_direct_pool,at_or_after_first_return,dev_AISLE_S_b160_n92801,ART1_AISLE_DEV,not_direct_comparison
none,,,,,,,,S,143,development_v1,initialization_or_no_direct_pool,at_or_after_first_return,dev_AISLE_S_b160_n92801,ART1_AISLE_DEV,not_direct_comparison
none,,,,,,,,S,144,development_v1,initialization_or_no_direct_pool,at_or_after_first_return,dev_AISLE_S_b160_n92801,ART1_AISLE_DEV,not_direct_comparison
none,,,,,,,,S,145,development_v1,initialization_or_no_direct_pool,at_or_after_first_return,dev_AISLE_S_b160_n92801,ART1_AISLE_DEV,not_direct_comparison
none,,,,,,,,S,146,development_v1,initialization_or_no_direct_pool,at_or_after_first_return,dev_AISLE_S_b160_n92801,ART1_AISLE_DEV,not_direct_comparison
none,,,,,,,,S,147,development_v1,initialization_or_no_direct_pool,at_or_after_first_return,dev_AISLE_S_b160_n92801,ART1_AISLE_DEV,not_direct_comparison
none,,,,,,,,S,148,development_v1,initialization_or_no_direct_pool,at_or_after_first_return,dev_AISLE_S_b160_n92801,ART1_AISLE_DEV,not_direct_comparison
none,,,,,,,,S,149,development_v1,initialization_or_no_direct_pool,at_or_after_first_return,dev_AISLE_S_b160_n92801,ART1_AISLE_DEV,not_direct_comparison
none,,,,,,,,S,150,development_v1,initialization_or_no_direct_pool,at_or_after_first_return,dev_AISLE_S_b160_n92801,ART1_AISLE_DEV,not_direct_comparison
none,,,,,,,,S,151,development_v1,initialization_or_no_direct_pool,at_or_after_first_return,dev_AISLE_S_b160_n92801,ART1_AISLE_DEV,not_direct_comparison
none,,,,,,,,S,152,development_v1,initialization_or_no_direct_pool,at_or_after_first_return,dev_AISLE_S_b160_n92801,ART1_AISLE_DEV,not_direct_comparison
none,,,,,,,,S,153,development_v1,initialization_or_no_direct_pool,at_or_after_first_return,dev_AISLE_S_b160_n92801,ART1_AISLE_DEV,not_direct_comparison
none,,,,,,,,S,154,development_v1,initialization_or_no_direct_pool,at_or_after_first_return,dev_AISLE_S_b160_n92801,ART1_AISLE_DEV,not_direct_comparison
none,,,,,,,,S,155,development_v1,initialization_or_no_direct_pool,at_or_after_first_return,dev_AISLE_S_b160_n92801,ART1_AISLE_DEV,not_direct_comparison
none,,,,,,,,S,156,development_v1,initialization_or_no_direct_pool,at_or_after_first_return,dev_AISLE_S_b160_n92801,ART1_AISLE_DEV,not_direct_comparison
none,,,,,,,,S,157,development_v1,initialization_or_no_direct_pool,at_or_after_first_return,dev_AISLE_S_b160_n92801,ART1_AISLE_DEV,not_direct_comparison
none,,,,,,,,S,158,development_v1,initialization_or_no_direct_pool,at_or_after_first_return,dev_AISLE_S_b160_n92801,ART1_AISLE_DEV,not_direct_comparison
none,,,,,,,,S,159,development_v1,initialization_or_no_direct_pool,at_or_after_first_return,dev_AISLE_S_b160_n92801,ART1_AISLE_DEV,not_direct_comparison
none,,,,,,,,S,160,development_v1,initialization_or_no_direct_pool,at_or_after_first_return,dev_AISLE_S_b160_n92801,ART1_AISLE_DEV,not_direct_comparison
measurement_initialization,n_003_001:2,,,,,,,B,0,development_v1,initialization_or_no_direct_pool,before_first_return,dev_CELL_B_b160_n92801,ART1_CELL_DEV,not_direct_comparison
diagnose_then_observe,@9051f00677aa0156:2,True,True,False,"{""all_fixed_B_direct_changes_excluded"": true, ""all_recorded_direct_changes_excluded"": true, ""individual_endpoint_top1_change"": false, ""recorded_and_fixed_B_winner_equal"": true, ""recorded_direct_winner"": ""n_003_002:1"", ""same_state_fixed_B_direct_winner"": ""n_003_002:1"", ""variable_instances"": 0}",32,"{""all_fixed_B_direct_changes_excluded"": true, ""all_recorded_direct_changes_excluded"": true, ""individual_endpoint_top1_change"": false, ""recorded_and_fixed_B_winner_equal"": true, ""recorded_direct_winner"": ""n_003_002:1"", ""same_state_fixed_B_direct_winner"": ""n_003_002:1"", ""variable_instances"": 1}",B,17,development_v1,,before_first_return,dev_CELL_B_b160_n92801,ART1_CELL_DEV,analyzed
diagnose_then_observe,@9051f00677aa0156:1,True,True,False,"{""all_fixed_B_direct_changes_excluded"": true, ""all_recorded_direct_changes_excluded"": true, ""individual_endpoint_top1_change"": false, ""recorded_and_fixed_B_winner_equal"": true, ""recorded_direct_winner"": ""n_003_002:1"", ""same_state_fixed_B_direct_winner"": ""n_003_002:1"", ""variable_instances"": 0}",32,"{""all_fixed_B_direct_changes_excluded"": true, ""all_recorded_direct_changes_excluded"": true, ""individual_endpoint_top1_change"": false, ""recorded_and_fixed_B_winner_equal"": true, ""recorded_direct_winner"": ""n_003_002:1"", ""same_state_fixed_B_direct_winner"": ""n_003_002:1"", ""variable_instances"": 1}",B,19,development_v1,,before_first_return,dev_CELL_B_b160_n92801,ART1_CELL_DEV,analyzed
direct,n_003_002:1,True,True,False,"{""all_fixed_B_direct_changes_excluded"": true, ""all_recorded_direct_changes_excluded"": true, ""individual_endpoint_top1_change"": false, ""recorded_and_fixed_B_winner_equal"": true, ""recorded_direct_winner"": ""n_003_002:1"", ""same_state_fixed_B_direct_winner"": ""n_003_002:1"", ""variable_instances"": 0}",32,"{""all_fixed_B_direct_changes_excluded"": true, ""all_recorded_direct_changes_excluded"": true, ""individual_endpoint_top1_change"": false, ""recorded_and_fixed_B_winner_equal"": true, ""recorded_direct_winner"": ""n_003_002:1"", ""same_state_fixed_B_direct_winner"": ""n_003_002:1"", ""variable_instances"": 1}",B,21,development_v1,,before_first_return,dev_CELL_B_b160_n92801,ART1_CELL_DEV,analyzed
diagnose_then_observe,n_004_001:1,True,True,False,"{""all_fixed_B_direct_changes_excluded"": true, ""all_recorded_direct_changes_excluded"": true, ""individual_endpoint_top1_change"": false, ""recorded_and_fixed_B_winner_equal"": true, ""recorded_direct_winner"": ""n_004_001:2"", ""same_state_fixed_B_direct_winner"": ""n_004_001:2"", ""variable_instances"": 2}",32,"{""all_fixed_B_direct_changes_excluded"": true, ""all_recorded_direct_changes_excluded"": true, ""individual_endpoint_top1_change"": false, ""recorded_and_fixed_B_winner_equal"": true, ""recorded_direct_winner"": ""n_004_001:2"", ""same_state_fixed_B_direct_winner"": ""n_004_001:2"", ""variable_instances"": 2}",B,32,development_v1,,before_first_return,dev_CELL_B_b160_n92801,ART1_CELL_DEV,analyzed
measurement_initialization,n_004_001:2,,,,,,,B,49,development_v1,initialization_or_no_direct_pool,before_first_return,dev_CELL_B_b160_n92801,ART1_CELL_DEV,not_direct_comparison
direct,n_005_001:2,True,True,False,"{""all_fixed_B_direct_changes_excluded"": true, ""all_recorded_direct_changes_excluded"": true, ""individual_endpoint_top1_change"": false, ""recorded_and_fixed_B_winner_equal"": true, ""recorded_direct_winner"": ""n_005_001:2"", ""same_state_fixed_B_direct_winner"": ""n_005_001:2"", ""variable_instances"": 2}",32,"{""all_fixed_B_direct_changes_excluded"": true, ""all_recorded_direct_changes_excluded"": true, ""individual_endpoint_top1_change"": false, ""recorded_and_fixed_B_winner_equal"": true, ""recorded_direct_winner"": ""n_005_001:2"", ""same_state_fixed_B_direct_winner"": ""n_005_001:2"", ""variable_instances"": 2}",B,51,development_v1,,before_first_return,dev_CELL_B_b160_n92801,ART1_CELL_DEV,analyzed
direct,n_006_002:4,True,True,False,"{""all_fixed_B_direct_changes_excluded"": true, ""all_recorded_direct_changes_excluded"": true, ""individual_endpoint_top1_change"": false, ""recorded_and_fixed_B_winner_equal"": true, ""recorded_direct_winner"": ""n_006_002:4"", ""same_state_fixed_B_direct_winner"": ""n_006_002:4"", ""variable_instances"": 0}",32,"{""all_fixed_B_direct_changes_excluded"": true, ""all_recorded_direct_changes_excluded"": true, ""individual_endpoint_top1_change"": false, ""recorded_and_fixed_B_winner_equal"": true, ""recorded_direct_winner"": ""n_006_002:4"", ""same_state_fixed_B_direct_winner"": ""n_006_002:4"", ""variable_instances"": 1}",B,60,development_v1,,before_first_return,dev_CELL_B_b160_n92801,ART1_CELL_DEV,analyzed
direct,n_005_003:7,True,True,False,"{""all_fixed_B_direct_changes_excluded"": true, ""all_recorded_direct_changes_excluded"": true, ""individual_endpoint_top1_change"": false, ""recorded_and_fixed_B_winner_equal"": true, ""recorded_direct_winner"": ""n_005_003:7"", ""same_state_fixed_B_direct_winner"": ""n_005_003:7"", ""variable_instances"": 0}",32,"{""all_fixed_B_direct_changes_excluded"": true, ""all_recorded_direct_changes_excluded"": true, ""individual_endpoint_top1_change"": false, ""recorded_and_fixed_B_winner_equal"": true, ""recorded_direct_winner"": ""n_005_003:7"", ""same_state_fixed_B_direct_winner"": ""n_005_003:7"", ""variable_instances"": 1}",B,75,development_v1,,before_first_return,dev_CELL_B_b160_n92801,ART1_CELL_DEV,analyzed
direct,n_005_003:8,True,True,False,"{""all_fixed_B_direct_changes_excluded"": true, ""all_recorded_direct_changes_excluded"": true, ""individual_endpoint_top1_change"": false, ""recorded_and_fixed_B_winner_equal"": true, ""recorded_direct_winner"": ""n_005_003:8"", ""same_state_fixed_B_direct_winner"": ""n_005_003:8"", ""variable_instances"": 0}",24,"{""all_fixed_B_direct_changes_excluded"": true, ""all_recorded_direct_changes_excluded"": true, ""individual_endpoint_top1_change"": false, ""recorded_and_fixed_B_winner_equal"": true, ""recorded_direct_winner"": ""n_005_003:8"", ""same_state_fixed_B_direct_winner"": ""n_005_003:8"", ""variable_instances"": 1}",B,89,development_v1,,before_first_return,dev_CELL_B_b160_n92801,ART1_CELL_DEV,analyzed
direct,n_005_003:9,True,True,False,"{""all_fixed_B_direct_changes_excluded"": true, ""all_recorded_direct_changes_excluded"": true, ""individual_endpoint_top1_change"": false, ""recorded_and_fixed_B_winner_equal"": true, ""recorded_direct_winner"": ""n_005_003:9"", ""same_state_fixed_B_direct_winner"": ""n_005_003:9"", ""variable_instances"": 0}",23,"{""all_fixed_B_direct_changes_excluded"": true, ""all_recorded_direct_changes_excluded"": true, ""individual_endpoint_top1_change"": false, ""recorded_and_fixed_B_winner_equal"": true, ""recorded_direct_winner"": ""n_005_003:9"", ""same_state_fixed_B_direct_winner"": ""n_005_003:9"", ""variable_instances"": 1}",B,91,development_v1,,before_first_return,dev_CELL_B_b160_n92801,ART1_CELL_DEV,analyzed
direct,n_006_002:7,True,True,False,"{""all_fixed_B_direct_changes_excluded"": true, ""all_recorded_direct_changes_excluded"": true, ""individual_endpoint_top1_change"": false, ""recorded_and_fixed_B_winner_equal"": true, ""recorded_direct_winner"": ""n_006_002:7"", ""same_state_fixed_B_direct_winner"": ""n_006_002:7"", ""variable_instances"": 0}",16,"{""all_fixed_B_direct_changes_excluded"": true, ""all_recorded_direct_changes_excluded"": true, ""individual_endpoint_top1_change"": false, ""recorded_and_fixed_B_winner_equal"": true, ""recorded_direct_winner"": ""n_006_002:7"", ""same_state_fixed_B_direct_winner"": ""n_006_002:7"", ""variable_instances"": 1}",B,93,development_v1,,before_first_return,dev_CELL_B_b160_n92801,ART1_CELL_DEV,analyzed
direct,n_006_002:6,True,True,False,"{""all_fixed_B_direct_changes_excluded"": true, ""all_recorded_direct_changes_excluded"": true, ""individual_endpoint_top1_change"": false, ""recorded_and_fixed_B_winner_equal"": true, ""recorded_direct_winner"": ""n_006_002:6"", ""same_state_fixed_B_direct_winner"": ""n_006_002:6"", ""variable_instances"": 0}",22,"{""all_fixed_B_direct_changes_excluded"": true, ""all_recorded_direct_changes_excluded"": true, ""individual_endpoint_top1_change"": false, ""recorded_and_fixed_B_winner_equal"": true, ""recorded_direct_winner"": ""n_006_002:6"", ""same_state_fixed_B_direct_winner"": ""n_006_002:6"", ""variable_instances"": 1}",B,110,development_v1,,before_first_return,dev_CELL_B_b160_n92801,ART1_CELL_DEV,analyzed
direct,n_005_000:6,False,False,False,"{""all_fixed_B_direct_changes_excluded"": true, ""all_recorded_direct_changes_excluded"": true, ""individual_endpoint_top1_change"": false, ""recorded_and_fixed_B_winner_equal"": true, ""recorded_direct_winner"": ""n_005_000:6"", ""same_state_fixed_B_direct_winner"": ""n_005_000:6"", ""variable_instances"": 0}",15,"{""all_fixed_B_direct_changes_excluded"": true, ""all_recorded_direct_changes_excluded"": true, ""individual_endpoint_top1_change"": false, ""recorded_and_fixed_B_winner_equal"": true, ""recorded_direct_winner"": ""n_005_000:6"", ""same_state_fixed_B_direct_winner"": ""n_005_000:6"", ""variable_instances"": 1}",B,112,development_v1,,before_first_return,dev_CELL_B_b160_n92801,ART1_CELL_DEV,analyzed
direct,n_004_000:6,True,True,False,"{""all_fixed_B_direct_changes_excluded"": true, ""all_recorded_direct_changes_excluded"": true, ""individual_endpoint_top1_change"": false, ""recorded_and_fixed_B_winner_equal"": true, ""recorded_direct_winner"": ""n_004_000:6"", ""same_state_fixed_B_direct_winner"": ""n_004_000:6"", ""variable_instances"": 2}",12,"{""all_fixed_B_direct_changes_excluded"": true, ""all_recorded_direct_changes_excluded"": true, ""individual_endpoint_top1_change"": false, ""recorded_and_fixed_B_winner_equal"": true, ""recorded_direct_winner"": ""n_004_000:6"", ""same_state_fixed_B_direct_winner"": ""n_004_000:6"", ""variable_instances"": 2}",B,131,development_v1,,before_first_return,dev_CELL_B_b160_n92801,ART1_CELL_DEV,analyzed
none,,False,False,False,"{""all_fixed_B_direct_changes_excluded"": true, ""all_recorded_direct_changes_excluded"": true, ""individual_endpoint_top1_change"": false, ""recorded_and_fixed_B_winner_equal"": true, ""recorded_direct_winner"": null, ""same_state_fixed_B_direct_winner"": null, ""variable_instances"": 2}",3,"{""all_fixed_B_direct_changes_excluded"": true, ""all_recorded_direct_changes_excluded"": true, ""individual_endpoint_top1_change"": false, ""recorded_and_fixed_B_winner_equal"": true, ""recorded_direct_winner"": null, ""same_state_fixed_B_direct_winner"": null, ""variable_instances"": 3}",B,136,development_v1,,at_or_after_first_return,dev_CELL_B_b160_n92801,ART1_CELL_DEV,analyzed
none,,False,False,False,"{""all_fixed_B_direct_changes_excluded"": true, ""all_recorded_direct_changes_excluded"": true, ""individual_endpoint_top1_change"": false, ""recorded_and_fixed_B_winner_equal"": true, ""recorded_direct_winner"": null, ""same_state_fixed_B_direct_winner"": null, ""variable_instances"": 2}",4,"{""all_fixed_B_direct_changes_excluded"": true, ""all_recorded_direct_changes_excluded"": true, ""individual_endpoint_top1_change"": false, ""recorded_and_fixed_B_winner_equal"": true, ""recorded_direct_winner"": null, ""same_state_fixed_B_direct_winner"": null, ""variable_instances"": 3}",B,137,development_v1,,at_or_after_first_return,dev_CELL_B_b160_n92801,ART1_CELL_DEV,analyzed
none,,False,False,False,"{""all_fixed_B_direct_changes_excluded"": true, ""all_recorded_direct_changes_excluded"": true, ""individual_endpoint_top1_change"": false, ""recorded_and_fixed_B_winner_equal"": true, ""recorded_direct_winner"": null, ""same_state_fixed_B_direct_winner"": null, ""variable_instances"": 2}",4,"{""all_fixed_B_direct_changes_excluded"": true, ""all_recorded_direct_changes_excluded"": true, ""individual_endpoint_top1_change"": false, ""recorded_and_fixed_B_winner_equal"": true, ""recorded_direct_winner"": null, ""same_state_fixed_B_direct_winner"": null, ""variable_instances"": 3}",B,138,development_v1,,at_or_after_first_return,dev_CELL_B_b160_n92801,ART1_CELL_DEV,analyzed
none,,False,False,False,"{""all_fixed_B_direct_changes_excluded"": true, ""all_recorded_direct_changes_excluded"": true, ""individual_endpoint_top1_change"": false, ""recorded_and_fixed_B_winner_equal"": true, ""recorded_direct_winner"": null, ""same_state_fixed_B_direct_winner"": null, ""variable_instances"": 2}",6,"{""all_fixed_B_direct_changes_excluded"": true, ""all_recorded_direct_changes_excluded"": true, ""individual_endpoint_top1_change"": false, ""recorded_and_fixed_B_winner_equal"": true, ""recorded_direct_winner"": null, ""same_state_fixed_B_direct_winner"": null, ""variable_instances"": 3}",B,139,development_v1,,at_or_after_first_return,dev_CELL_B_b160_n92801,ART1_CELL_DEV,analyzed
none,,False,False,False,"{""all_fixed_B_direct_changes_excluded"": true, ""all_recorded_direct_changes_excluded"": true, ""individual_endpoint_top1_change"": false, ""recorded_and_fixed_B_winner_equal"": true, ""recorded_direct_winner"": null, ""same_state_fixed_B_direct_winner"": null, ""variable_instances"": 2}",6,"{""all_fixed_B_direct_changes_excluded"": true, ""all_recorded_direct_changes_excluded"": true, ""individual_endpoint_top1_change"": false, ""recorded_and_fixed_B_winner_equal"": true, ""recorded_direct_winner"": null, ""same_state_fixed_B_direct_winner"": null, ""variable_instances"": 3}",B,140,development_v1,,at_or_after_first_return,dev_CELL_B_b160_n92801,ART1_CELL_DEV,analyzed
none,,False,False,False,"{""all_fixed_B_direct_changes_excluded"": true, ""all_recorded_direct_changes_excluded"": true, ""individual_endpoint_top1_change"": false, ""recorded_and_fixed_B_winner_equal"": true, ""recorded_direct_winner"": null, ""same_state_fixed_B_direct_winner"": null, ""variable_instances"": 2}",6,"{""all_fixed_B_direct_changes_excluded"": true, ""all_recorded_direct_changes_excluded"": true, ""individual_endpoint_top1_change"": false, ""recorded_and_fixed_B_winner_equal"": true, ""recorded_direct_winner"": null, ""same_state_fixed_B_direct_winner"": null, ""variable_instances"": 3}",B,141,development_v1,,at_or_after_first_return,dev_CELL_B_b160_n92801,ART1_CELL_DEV,analyzed
none,,False,False,False,"{""all_fixed_B_direct_changes_excluded"": true, ""all_recorded_direct_changes_excluded"": true, ""individual_endpoint_top1_change"": false, ""recorded_and_fixed_B_winner_equal"": true, ""recorded_direct_winner"": null, ""same_state_fixed_B_direct_winner"": null, ""variable_instances"": 2}",6,"{""all_fixed_B_direct_changes_excluded"": true, ""all_recorded_direct_changes_excluded"": true, ""individual_endpoint_top1_change"": false, ""recorded_and_fixed_B_winner_equal"": true, ""recorded_direct_winner"": null, ""same_state_fixed_B_direct_winner"": null, ""variable_instances"": 3}",B,142,development_v1,,at_or_after_first_return,dev_CELL_B_b160_n92801,ART1_CELL_DEV,analyzed
none,,False,False,False,"{""all_fixed_B_direct_changes_excluded"": true, ""all_recorded_direct_changes_excluded"": true, ""individual_endpoint_top1_change"": false, ""recorded_and_fixed_B_winner_equal"": true, ""recorded_direct_winner"": null, ""same_state_fixed_B_direct_winner"": null, ""variable_instances"": 2}",6,"{""all_fixed_B_direct_changes_excluded"": true, ""all_recorded_direct_changes_excluded"": true, ""individual_endpoint_top1_change"": false, ""recorded_and_fixed_B_winner_equal"": true, ""recorded_direct_winner"": null, ""same_state_fixed_B_direct_winner"": null, ""variable_instances"": 3}",B,143,development_v1,,at_or_after_first_return,dev_CELL_B_b160_n92801,ART1_CELL_DEV,analyzed
none,,False,False,False,"{""all_fixed_B_direct_changes_excluded"": true, ""all_recorded_direct_changes_excluded"": true, ""individual_endpoint_top1_change"": false, ""recorded_and_fixed_B_winner_equal"": true, ""recorded_direct_winner"": null, ""same_state_fixed_B_direct_winner"": null, ""variable_instances"": 2}",5,"{""all_fixed_B_direct_changes_excluded"": true, ""all_recorded_direct_changes_excluded"": true, ""individual_endpoint_top1_change"": false, ""recorded_and_fixed_B_winner_equal"": true, ""recorded_direct_winner"": null, ""same_state_fixed_B_direct_winner"": null, ""variable_instances"": 3}",B,144,development_v1,,at_or_after_first_return,dev_CELL_B_b160_n92801,ART1_CELL_DEV,analyzed
none,,False,False,False,"{""all_fixed_B_direct_changes_excluded"": true, ""all_recorded_direct_changes_excluded"": true, ""individual_endpoint_top1_change"": false, ""recorded_and_fixed_B_winner_equal"": true, ""recorded_direct_winner"": null, ""same_state_fixed_B_direct_winner"": null, ""variable_instances"": 2}",5,"{""all_fixed_B_direct_changes_excluded"": true, ""all_recorded_direct_changes_excluded"": true, ""individual_endpoint_top1_change"": false, ""recorded_and_fixed_B_winner_equal"": true, ""recorded_direct_winner"": null, ""same_state_fixed_B_direct_winner"": null, ""variable_instances"": 3}",B,145,development_v1,,at_or_after_first_return,dev_CELL_B_b160_n92801,ART1_CELL_DEV,analyzed
none,,False,False,False,"{""all_fixed_B_direct_changes_excluded"": true, ""all_recorded_direct_changes_excluded"": true, ""individual_endpoint_top1_change"": false, ""recorded_and_fixed_B_winner_equal"": true, ""recorded_direct_winner"": null, ""same_state_fixed_B_direct_winner"": null, ""variable_instances"": 2}",5,"{""all_fixed_B_direct_changes_excluded"": true, ""all_recorded_direct_changes_excluded"": true, ""individual_endpoint_top1_change"": false, ""recorded_and_fixed_B_winner_equal"": true, ""recorded_direct_winner"": null, ""same_state_fixed_B_direct_winner"": null, ""variable_instances"": 3}",B,146,development_v1,,at_or_after_first_return,dev_CELL_B_b160_n92801,ART1_CELL_DEV,analyzed
none,,False,False,False,"{""all_fixed_B_direct_changes_excluded"": true, ""all_recorded_direct_changes_excluded"": true, ""individual_endpoint_top1_change"": false, ""recorded_and_fixed_B_winner_equal"": true, ""recorded_direct_winner"": null, ""same_state_fixed_B_direct_winner"": null, ""variable_instances"": 2}",5,"{""all_fixed_B_direct_changes_excluded"": true, ""all_recorded_direct_changes_excluded"": true, ""individual_endpoint_top1_change"": false, ""recorded_and_fixed_B_winner_equal"": true, ""recorded_direct_winner"": null, ""same_state_fixed_B_direct_winner"": null, ""variable_instances"": 3}",B,147,development_v1,,at_or_after_first_return,dev_CELL_B_b160_n92801,ART1_CELL_DEV,analyzed
none,,False,False,False,"{""all_fixed_B_direct_changes_excluded"": true, ""all_recorded_direct_changes_excluded"": true, ""individual_endpoint_top1_change"": false, ""recorded_and_fixed_B_winner_equal"": true, ""recorded_direct_winner"": null, ""same_state_fixed_B_direct_winner"": null, ""variable_instances"": 2}",4,"{""all_fixed_B_direct_changes_excluded"": true, ""all_recorded_direct_changes_excluded"": true, ""individual_endpoint_top1_change"": false, ""recorded_and_fixed_B_winner_equal"": true, ""recorded_direct_winner"": null, ""same_state_fixed_B_direct_winner"": null, ""variable_instances"": 3}",B,148,development_v1,,at_or_after_first_return,dev_CELL_B_b160_n92801,ART1_CELL_DEV,analyzed
none,,False,False,False,"{""all_fixed_B_direct_changes_excluded"": true, ""all_recorded_direct_changes_excluded"": true, ""individual_endpoint_top1_change"": false, ""recorded_and_fixed_B_winner_equal"": true, ""recorded_direct_winner"": null, ""same_state_fixed_B_direct_winner"": null, ""variable_instances"": 2}",4,"{""all_fixed_B_direct_changes_excluded"": true, ""all_recorded_direct_changes_excluded"": true, ""individual_endpoint_top1_change"": false, ""recorded_and_fixed_B_winner_equal"": true, ""recorded_direct_winner"": null, ""same_state_fixed_B_direct_winner"": null, ""variable_instances"": 3}",B,149,development_v1,,at_or_after_first_return,dev_CELL_B_b160_n92801,ART1_CELL_DEV,analyzed
none,,False,False,False,"{""all_fixed_B_direct_changes_excluded"": true, ""all_recorded_direct_changes_excluded"": true, ""individual_endpoint_top1_change"": false, ""recorded_and_fixed_B_winner_equal"": true, ""recorded_direct_winner"": null, ""same_state_fixed_B_direct_winner"": null, ""variable_instances"": 2}",4,"{""all_fixed_B_direct_changes_excluded"": true, ""all_recorded_direct_changes_excluded"": true, ""individual_endpoint_top1_change"": false, ""recorded_and_fixed_B_winner_equal"": true, ""recorded_direct_winner"": null, ""same_state_fixed_B_direct_winner"": null, ""variable_instances"": 3}",B,150,development_v1,,at_or_after_first_return,dev_CELL_B_b160_n92801,ART1_CELL_DEV,analyzed
none,,False,False,False,"{""all_fixed_B_direct_changes_excluded"": true, ""all_recorded_direct_changes_excluded"": true, ""individual_endpoint_top1_change"": false, ""recorded_and_fixed_B_winner_equal"": true, ""recorded_direct_winner"": null, ""same_state_fixed_B_direct_winner"": null, ""variable_instances"": 2}",4,"{""all_fixed_B_direct_changes_excluded"": true, ""all_recorded_direct_changes_excluded"": true, ""individual_endpoint_top1_change"": false, ""recorded_and_fixed_B_winner_equal"": true, ""recorded_direct_winner"": null, ""same_state_fixed_B_direct_winner"": null, ""variable_instances"": 3}",B,151,development_v1,,at_or_after_first_return,dev_CELL_B_b160_n92801,ART1_CELL_DEV,analyzed
none,,False,False,False,"{""all_fixed_B_direct_changes_excluded"": true, ""all_recorded_direct_changes_excluded"": true, ""individual_endpoint_top1_change"": false, ""recorded_and_fixed_B_winner_equal"": true, ""recorded_direct_winner"": null, ""same_state_fixed_B_direct_winner"": null, ""variable_instances"": 2}",4,"{""all_fixed_B_direct_changes_excluded"": true, ""all_recorded_direct_changes_excluded"": true, ""individual_endpoint_top1_change"": false, ""recorded_and_fixed_B_winner_equal"": true, ""recorded_direct_winner"": null, ""same_state_fixed_B_direct_winner"": null, ""variable_instances"": 3}",B,152,development_v1,,at_or_after_first_return,dev_CELL_B_b160_n92801,ART1_CELL_DEV,analyzed
none,,False,False,False,"{""all_fixed_B_direct_changes_excluded"": true, ""all_recorded_direct_changes_excluded"": true, ""individual_endpoint_top1_change"": false, ""recorded_and_fixed_B_winner_equal"": true, ""recorded_direct_winner"": null, ""same_state_fixed_B_direct_winner"": null, ""variable_instances"": 2}",3,"{""all_fixed_B_direct_changes_excluded"": true, ""all_recorded_direct_changes_excluded"": true, ""individual_endpoint_top1_change"": false, ""recorded_and_fixed_B_winner_equal"": true, ""recorded_direct_winner"": null, ""same_state_fixed_B_direct_winner"": null, ""variable_instances"": 3}",B,153,development_v1,,at_or_after_first_return,dev_CELL_B_b160_n92801,ART1_CELL_DEV,analyzed
none,,False,False,False,"{""all_fixed_B_direct_changes_excluded"": true, ""all_recorded_direct_changes_excluded"": true, ""individual_endpoint_top1_change"": false, ""recorded_and_fixed_B_winner_equal"": true, ""recorded_direct_winner"": null, ""same_state_fixed_B_direct_winner"": null, ""variable_instances"": 2}",3,"{""all_fixed_B_direct_changes_excluded"": true, ""all_recorded_direct_changes_excluded"": true, ""individual_endpoint_top1_change"": false, ""recorded_and_fixed_B_winner_equal"": true, ""recorded_direct_winner"": null, ""same_state_fixed_B_direct_winner"": null, ""variable_instances"": 3}",B,154,development_v1,,at_or_after_first_return,dev_CELL_B_b160_n92801,ART1_CELL_DEV,analyzed
none,,False,False,False,"{""all_fixed_B_direct_changes_excluded"": true, ""all_recorded_direct_changes_excluded"": true, ""individual_endpoint_top1_change"": false, ""recorded_and_fixed_B_winner_equal"": true, ""recorded_direct_winner"": null, ""same_state_fixed_B_direct_winner"": null, ""variable_instances"": 2}",2,"{""all_fixed_B_direct_changes_excluded"": true, ""all_recorded_direct_changes_excluded"": true, ""individual_endpoint_top1_change"": false, ""recorded_and_fixed_B_winner_equal"": true, ""recorded_direct_winner"": null, ""same_state_fixed_B_direct_winner"": null, ""variable_instances"": 3}",B,155,development_v1,,at_or_after_first_return,dev_CELL_B_b160_n92801,ART1_CELL_DEV,analyzed
none,,False,False,False,"{""all_fixed_B_direct_changes_excluded"": true, ""all_recorded_direct_changes_excluded"": true, ""individual_endpoint_top1_change"": false, ""recorded_and_fixed_B_winner_equal"": true, ""recorded_direct_winner"": null, ""same_state_fixed_B_direct_winner"": null, ""variable_instances"": 2}",1,"{""all_fixed_B_direct_changes_excluded"": true, ""all_recorded_direct_changes_excluded"": true, ""individual_endpoint_top1_change"": false, ""recorded_and_fixed_B_winner_equal"": true, ""recorded_direct_winner"": null, ""same_state_fixed_B_direct_winner"": null, ""variable_instances"": 2}",B,156,development_v1,,at_or_after_first_return,dev_CELL_B_b160_n92801,ART1_CELL_DEV,analyzed
none,,,,,,,,B,157,development_v1,initialization_or_no_direct_pool,at_or_after_first_return,dev_CELL_B_b160_n92801,ART1_CELL_DEV,not_direct_comparison
none,,,,,,,,B,158,development_v1,initialization_or_no_direct_pool,at_or_after_first_return,dev_CELL_B_b160_n92801,ART1_CELL_DEV,not_direct_comparison
measurement_initialization,n_003_001:2,,,,,,,NBV,0,development_v1,initialization_or_no_direct_pool,before_first_return,dev_CELL_NBV_b160_n92801,ART1_CELL_DEV,not_direct_comparison
direct,n_004_001:2,True,True,True,"{""all_fixed_B_direct_changes_excluded"": true, ""all_recorded_direct_changes_excluded"": true, ""individual_endpoint_top1_change"": false, ""recorded_and_fixed_B_winner_equal"": true, ""recorded_direct_winner"": ""n_004_001:2"", ""same_state_fixed_B_direct_winner"": ""n_004_001:2"", ""variable_instances"": 0}",32,"{""all_fixed_B_direct_changes_excluded"": true, ""all_recorded_direct_changes_excluded"": true, ""individual_endpoint_top1_change"": false, ""recorded_and_fixed_B_winner_equal"": true, ""recorded_direct_winner"": ""n_004_001:2"", ""same_state_fixed_B_direct_winner"": ""n_004_001:2"", ""variable_instances"": 0}",NBV,17,development_v1,,before_first_return,dev_CELL_NBV_b160_n92801,ART1_CELL_DEV,analyzed
measurement_initialization,n_004_001:3,,,,,,,NBV,29,development_v1,initialization_or_no_direct_pool,before_first_return,dev_CELL_NBV_b160_n92801,ART1_CELL_DEV,not_direct_comparison
direct,n_005_001:4,True,True,True,"{""all_fixed_B_direct_changes_excluded"": true, ""all_recorded_direct_changes_excluded"": true, ""individual_endpoint_top1_change"": false, ""recorded_and_fixed_B_winner_equal"": true, ""recorded_direct_winner"": ""n_005_001:4"", ""same_state_fixed_B_direct_winner"": ""n_005_001:4"", ""variable_instances"": 0}",32,"{""all_fixed_B_direct_changes_excluded"": true, ""all_recorded_direct_changes_excluded"": true, ""individual_endpoint_top1_change"": false, ""recorded_and_fixed_B_winner_equal"": true, ""recorded_direct_winner"": ""n_005_001:4"", ""same_state_fixed_B_direct_winner"": ""n_005_001:4"", ""variable_instances"": 0}",NBV,31,development_v1,,before_first_return,dev_CELL_NBV_b160_n92801,ART1_CELL_DEV,analyzed
direct,n_003_002:0,True,True,True,"{""all_fixed_B_direct_changes_excluded"": true, ""all_recorded_direct_changes_excluded"": true, ""individual_endpoint_top1_change"": false, ""recorded_and_fixed_B_winner_equal"": true, ""recorded_direct_winner"": ""n_003_002:0"", ""same_state_fixed_B_direct_winner"": ""n_003_002:0"", ""variable_instances"": 0}",32,"{""all_fixed_B_direct_changes_excluded"": true, ""all_recorded_direct_changes_excluded"": true, ""individual_endpoint_top1_change"": false, ""recorded_and_fixed_B_winner_equal"": true, ""recorded_direct_winner"": ""n_003_002:0"", ""same_state_fixed_B_direct_winner"": ""n_003_002:0"", ""variable_instances"": 0}",NBV,43,development_v1,,before_first_return,dev_CELL_NBV_b160_n92801,ART1_CELL_DEV,analyzed
measurement_initialization,n_003_002:7,,,,,,,NBV,64,development_v1,initialization_or_no_direct_pool,before_first_return,dev_CELL_NBV_b160_n92801,ART1_CELL_DEV,not_direct_comparison
direct,n_006_002:3,False,False,True,"{""all_fixed_B_direct_changes_excluded"": true, ""all_recorded_direct_changes_excluded"": true, ""individual_endpoint_top1_change"": false, ""recorded_and_fixed_B_winner_equal"": true, ""recorded_direct_winner"": ""n_006_002:3"", ""same_state_fixed_B_direct_winner"": ""n_006_002:3"", ""variable_instances"": 0}",32,"{""all_fixed_B_direct_changes_excluded"": true, ""all_recorded_direct_changes_excluded"": true, ""individual_endpoint_top1_change"": false, ""recorded_and_fixed_B_winner_equal"": true, ""recorded_direct_winner"": ""n_006_002:3"", ""same_state_fixed_B_direct_winner"": ""n_006_002:3"", ""variable_instances"": 0}",NBV,67,development_v1,,before_first_return,dev_CELL_NBV_b160_n92801,ART1_CELL_DEV,analyzed
direct,n_006_002:6,True,True,True,"{""all_fixed_B_direct_changes_excluded"": true, ""all_recorded_direct_changes_excluded"": true, ""individual_endpoint_top1_change"": false, ""recorded_and_fixed_B_winner_equal"": true, ""recorded_direct_winner"": ""n_006_002:6"", ""same_state_fixed_B_direct_winner"": ""n_006_002:6"", ""variable_instances"": 0}",22,"{""all_fixed_B_direct_changes_excluded"": true, ""all_recorded_direct_changes_excluded"": true, ""individual_endpoint_top1_change"": false, ""recorded_and_fixed_B_winner_equal"": true, ""recorded_direct_winner"": ""n_006_002:6"", ""same_state_fixed_B_direct_winner"": ""n_006_002:6"", ""variable_instances"": 0}",NBV,94,development_v1,,before_first_return,dev_CELL_NBV_b160_n92801,ART1_CELL_DEV,analyzed
direct,n_006_003:1,False,False,True,"{""all_fixed_B_direct_changes_excluded"": true, ""all_recorded_direct_changes_excluded"": true, ""individual_endpoint_top1_change"": false, ""recorded_and_fixed_B_winner_equal"": true, ""recorded_direct_winner"": ""n_006_003:1"", ""same_state_fixed_B_direct_winner"": ""n_006_003:1"", ""variable_instances"": 0}",23,"{""all_fixed_B_direct_changes_excluded"": true, ""all_recorded_direct_changes_excluded"": true, ""individual_endpoint_top1_change"": false, ""recorded_and_fixed_B_winner_equal"": true, ""recorded_direct_winner"": ""n_006_003:1"", ""same_state_fixed_B_direct_winner"": ""n_006_003:1"", ""variable_instances"": 0}",NBV,98,development_v1,,before_first_return,dev_CELL_NBV_b160_n92801,ART1_CELL_DEV,analyzed
direct,n_006_003:8,True,True,True,"{""all_fixed_B_direct_changes_excluded"": true, ""all_recorded_direct_changes_excluded"": true, ""individual_endpoint_top1_change"": false, ""recorded_and_fixed_B_winner_equal"": true, ""recorded_direct_winner"": ""n_006_003:8"", ""same_state_fixed_B_direct_winner"": ""n_006_003:8"", ""variable_instances"": 0}",13,"{""all_fixed_B_direct_changes_excluded"": true, ""all_recorded_direct_changes_excluded"": true, ""individual_endpoint_top1_change"": false, ""recorded_and_fixed_B_winner_equal"": true, ""recorded_direct_winner"": ""n_006_003:8"", ""same_state_fixed_B_direct_winner"": ""n_006_003:8"", ""variable_instances"": 0}",NBV,108,development_v1,,before_first_return,dev_CELL_NBV_b160_n92801,ART1_CELL_DEV,analyzed
none,,,,,,,,NBV,114,development_v1,initialization_or_no_direct_pool,at_or_after_first_return,dev_CELL_NBV_b160_n92801,ART1_CELL_DEV,not_direct_comparison
none,,,,,,,,NBV,115,development_v1,initialization_or_no_direct_pool,at_or_after_first_return,dev_CELL_NBV_b160_n92801,ART1_CELL_DEV,not_direct_comparison
none,,,,,,,,NBV,116,development_v1,initialization_or_no_direct_pool,at_or_after_first_return,dev_CELL_NBV_b160_n92801,ART1_CELL_DEV,not_direct_comparison
none,,,,,,,,NBV,117,development_v1,initialization_or_no_direct_pool,at_or_after_first_return,dev_CELL_NBV_b160_n92801,ART1_CELL_DEV,not_direct_comparison
none,,,,,,,,NBV,118,development_v1,initialization_or_no_direct_pool,at_or_after_first_return,dev_CELL_NBV_b160_n92801,ART1_CELL_DEV,not_direct_comparison
none,,,,,,,,NBV,119,development_v1,initialization_or_no_direct_pool,at_or_after_first_return,dev_CELL_NBV_b160_n92801,ART1_CELL_DEV,not_direct_comparison
none,,,,,,,,NBV,120,development_v1,initialization_or_no_direct_pool,at_or_after_first_return,dev_CELL_NBV_b160_n92801,ART1_CELL_DEV,not_direct_comparison
none,,,,,,,,NBV,121,development_v1,initialization_or_no_direct_pool,at_or_after_first_return,dev_CELL_NBV_b160_n92801,ART1_CELL_DEV,not_direct_comparison
none,,,,,,,,NBV,122,development_v1,initialization_or_no_direct_pool,at_or_after_first_return,dev_CELL_NBV_b160_n92801,ART1_CELL_DEV,not_direct_comparison
none,,,,,,,,NBV,123,development_v1,initialization_or_no_direct_pool,at_or_after_first_return,dev_CELL_NBV_b160_n92801,ART1_CELL_DEV,not_direct_comparison
none,,,,,,,,NBV,124,development_v1,initialization_or_no_direct_pool,at_or_after_first_return,dev_CELL_NBV_b160_n92801,ART1_CELL_DEV,not_direct_comparison
none,,,,,,,,NBV,125,development_v1,initialization_or_no_direct_pool,at_or_after_first_return,dev_CELL_NBV_b160_n92801,ART1_CELL_DEV,not_direct_comparison
none,,,,,,,,NBV,126,development_v1,initialization_or_no_direct_pool,at_or_after_first_return,dev_CELL_NBV_b160_n92801,ART1_CELL_DEV,not_direct_comparison
none,,,,,,,,NBV,127,development_v1,initialization_or_no_direct_pool,at_or_after_first_return,dev_CELL_NBV_b160_n92801,ART1_CELL_DEV,not_direct_comparison
none,,,,,,,,NBV,128,development_v1,initialization_or_no_direct_pool,at_or_after_first_return,dev_CELL_NBV_b160_n92801,ART1_CELL_DEV,not_direct_comparison
none,,,,,,,,NBV,129,development_v1,initialization_or_no_direct_pool,at_or_after_first_return,dev_CELL_NBV_b160_n92801,ART1_CELL_DEV,not_direct_comparison
none,,,,,,,,NBV,130,development_v1,initialization_or_no_direct_pool,at_or_after_first_return,dev_CELL_NBV_b160_n92801,ART1_CELL_DEV,not_direct_comparison
none,,,,,,,,NBV,131,development_v1,initialization_or_no_direct_pool,at_or_after_first_return,dev_CELL_NBV_b160_n92801,ART1_CELL_DEV,not_direct_comparison
none,,,,,,,,NBV,132,development_v1,initialization_or_no_direct_pool,at_or_after_first_return,dev_CELL_NBV_b160_n92801,ART1_CELL_DEV,not_direct_comparison
none,,,,,,,,NBV,133,development_v1,initialization_or_no_direct_pool,at_or_after_first_return,dev_CELL_NBV_b160_n92801,ART1_CELL_DEV,not_direct_comparison
none,,,,,,,,NBV,134,development_v1,initialization_or_no_direct_pool,at_or_after_first_return,dev_CELL_NBV_b160_n92801,ART1_CELL_DEV,not_direct_comparison
none,,,,,,,,NBV,135,development_v1,initialization_or_no_direct_pool,at_or_after_first_return,dev_CELL_NBV_b160_n92801,ART1_CELL_DEV,not_direct_comparison
none,,,,,,,,NBV,136,development_v1,initialization_or_no_direct_pool,at_or_after_first_return,dev_CELL_NBV_b160_n92801,ART1_CELL_DEV,not_direct_comparison
none,,,,,,,,NBV,137,development_v1,initialization_or_no_direct_pool,at_or_after_first_return,dev_CELL_NBV_b160_n92801,ART1_CELL_DEV,not_direct_comparison
none,,,,,,,,NBV,138,development_v1,initialization_or_no_direct_pool,at_or_after_first_return,dev_CELL_NBV_b160_n92801,ART1_CELL_DEV,not_direct_comparison
none,,,,,,,,NBV,139,development_v1,initialization_or_no_direct_pool,at_or_after_first_return,dev_CELL_NBV_b160_n92801,ART1_CELL_DEV,not_direct_comparison
none,,,,,,,,NBV,140,development_v1,initialization_or_no_direct_pool,at_or_after_first_return,dev_CELL_NBV_b160_n92801,ART1_CELL_DEV,not_direct_comparison
none,,,,,,,,NBV,141,development_v1,initialization_or_no_direct_pool,at_or_after_first_return,dev_CELL_NBV_b160_n92801,ART1_CELL_DEV,not_direct_comparison
none,,,,,,,,NBV,142,development_v1,initialization_or_no_direct_pool,at_or_after_first_return,dev_CELL_NBV_b160_n92801,ART1_CELL_DEV,not_direct_comparison
none,,,,,,,,NBV,143,development_v1,initialization_or_no_direct_pool,at_or_after_first_return,dev_CELL_NBV_b160_n92801,ART1_CELL_DEV,not_direct_comparison
none,,,,,,,,NBV,144,development_v1,initialization_or_no_direct_pool,at_or_after_first_return,dev_CELL_NBV_b160_n92801,ART1_CELL_DEV,not_direct_comparison
none,,,,,,,,NBV,145,development_v1,initialization_or_no_direct_pool,at_or_after_first_return,dev_CELL_NBV_b160_n92801,ART1_CELL_DEV,not_direct_comparison
none,,,,,,,,NBV,146,development_v1,initialization_or_no_direct_pool,at_or_after_first_return,dev_CELL_NBV_b160_n92801,ART1_CELL_DEV,not_direct_comparison
none,,,,,,,,NBV,147,development_v1,initialization_or_no_direct_pool,at_or_after_first_return,dev_CELL_NBV_b160_n92801,ART1_CELL_DEV,not_direct_comparison
none,,,,,,,,NBV,148,development_v1,initialization_or_no_direct_pool,at_or_after_first_return,dev_CELL_NBV_b160_n92801,ART1_CELL_DEV,not_direct_comparison
none,,,,,,,,NBV,149,development_v1,initialization_or_no_direct_pool,at_or_after_first_return,dev_CELL_NBV_b160_n92801,ART1_CELL_DEV,not_direct_comparison
none,,,,,,,,NBV,150,development_v1,initialization_or_no_direct_pool,at_or_after_first_return,dev_CELL_NBV_b160_n92801,ART1_CELL_DEV,not_direct_comparison
none,,,,,,,,NBV,151,development_v1,initialization_or_no_direct_pool,at_or_after_first_return,dev_CELL_NBV_b160_n92801,ART1_CELL_DEV,not_direct_comparison
none,,,,,,,,NBV,152,development_v1,initialization_or_no_direct_pool,at_or_after_first_return,dev_CELL_NBV_b160_n92801,ART1_CELL_DEV,not_direct_comparison
none,,,,,,,,NBV,153,development_v1,initialization_or_no_direct_pool,at_or_after_first_return,dev_CELL_NBV_b160_n92801,ART1_CELL_DEV,not_direct_comparison
none,,,,,,,,NBV,154,development_v1,initialization_or_no_direct_pool,at_or_after_first_return,dev_CELL_NBV_b160_n92801,ART1_CELL_DEV,not_direct_comparison
none,,,,,,,,NBV,155,development_v1,initialization_or_no_direct_pool,at_or_after_first_return,dev_CELL_NBV_b160_n92801,ART1_CELL_DEV,not_direct_comparison
none,,,,,,,,NBV,156,development_v1,initialization_or_no_direct_pool,at_or_after_first_return,dev_CELL_NBV_b160_n92801,ART1_CELL_DEV,not_direct_comparison
none,,,,,,,,NBV,157,development_v1,initialization_or_no_direct_pool,at_or_after_first_return,dev_CELL_NBV_b160_n92801,ART1_CELL_DEV,not_direct_comparison
none,,,,,,,,NBV,158,development_v1,initialization_or_no_direct_pool,at_or_after_first_return,dev_CELL_NBV_b160_n92801,ART1_CELL_DEV,not_direct_comparison
none,,,,,,,,NBV,159,development_v1,initialization_or_no_direct_pool,at_or_after_first_return,dev_CELL_NBV_b160_n92801,ART1_CELL_DEV,not_direct_comparison
none,,,,,,,,NBV,160,development_v1,initialization_or_no_direct_pool,at_or_after_first_return,dev_CELL_NBV_b160_n92801,ART1_CELL_DEV,not_direct_comparison
measurement_initialization,n_003_001:2,,,,,,,S,0,development_v1,initialization_or_no_direct_pool,before_first_return,dev_CELL_S_b160_n92801,ART1_CELL_DEV,not_direct_comparison
diagnose_then_observe,@9051f00677aa0156:2,True,True,False,"{""all_fixed_B_direct_changes_excluded"": true, ""all_recorded_direct_changes_excluded"": true, ""individual_endpoint_top1_change"": false, ""recorded_and_fixed_B_winner_equal"": true, ""recorded_direct_winner"": ""n_003_002:1"", ""same_state_fixed_B_direct_winner"": ""n_003_002:1"", ""variable_instances"": 0}",32,"{""all_fixed_B_direct_changes_excluded"": true, ""all_recorded_direct_changes_excluded"": true, ""individual_endpoint_top1_change"": false, ""recorded_and_fixed_B_winner_equal"": true, ""recorded_direct_winner"": ""n_003_002:1"", ""same_state_fixed_B_direct_winner"": ""n_003_002:1"", ""variable_instances"": 1}",S,17,development_v1,,before_first_return,dev_CELL_S_b160_n92801,ART1_CELL_DEV,analyzed
diagnose_then_observe,@9051f00677aa0156:1,True,True,False,"{""all_fixed_B_direct_changes_excluded"": true, ""all_recorded_direct_changes_excluded"": true, ""individual_endpoint_top1_change"": false, ""recorded_and_fixed_B_winner_equal"": true, ""recorded_direct_winner"": ""n_003_002:1"", ""same_state_fixed_B_direct_winner"": ""n_003_002:1"", ""variable_instances"": 0}",32,"{""all_fixed_B_direct_changes_excluded"": true, ""all_recorded_direct_changes_excluded"": true, ""individual_endpoint_top1_change"": false, ""recorded_and_fixed_B_winner_equal"": true, ""recorded_direct_winner"": ""n_003_002:1"", ""same_state_fixed_B_direct_winner"": ""n_003_002:1"", ""variable_instances"": 1}",S,19,development_v1,,before_first_return,dev_CELL_S_b160_n92801,ART1_CELL_DEV,analyzed
direct,n_003_002:1,True,True,False,"{""all_fixed_B_direct_changes_excluded"": true, ""all_recorded_direct_changes_excluded"": true, ""individual_endpoint_top1_change"": false, ""recorded_and_fixed_B_winner_equal"": true, ""recorded_direct_winner"": ""n_003_002:1"", ""same_state_fixed_B_direct_winner"": ""n_003_002:1"", ""variable_instances"": 0}",32,"{""all_fixed_B_direct_changes_excluded"": true, ""all_recorded_direct_changes_excluded"": true, ""individual_endpoint_top1_change"": false, ""recorded_and_fixed_B_winner_equal"": true, ""recorded_direct_winner"": ""n_003_002:1"", ""same_state_fixed_B_direct_winner"": ""n_003_002:1"", ""variable_instances"": 1}",S,21,development_v1,,before_first_return,dev_CELL_S_b160_n92801,ART1_CELL_DEV,analyzed
diagnose_then_observe,n_004_001:1,True,True,False,"{""all_fixed_B_direct_changes_excluded"": true, ""all_recorded_direct_changes_excluded"": true, ""individual_endpoint_top1_change"": false, ""recorded_and_fixed_B_winner_equal"": true, ""recorded_direct_winner"": ""n_004_001:2"", ""same_state_fixed_B_direct_winner"": ""n_004_001:2"", ""variable_instances"": 2}",32,"{""all_fixed_B_direct_changes_excluded"": true, ""all_recorded_direct_changes_excluded"": true, ""individual_endpoint_top1_change"": false, ""recorded_and_fixed_B_winner_equal"": true, ""recorded_direct_winner"": ""n_004_001:2"", ""same_state_fixed_B_direct_winner"": ""n_004_001:2"", ""variable_instances"": 2}",S,32,development_v1,,before_first_return,dev_CELL_S_b160_n92801,ART1_CELL_DEV,analyzed
measurement_initialization,n_004_001:2,,,,,,,S,49,development_v1,initialization_or_no_direct_pool,before_first_return,dev_CELL_S_b160_n92801,ART1_CELL_DEV,not_direct_comparison
direct,n_005_001:2,True,True,False,"{""all_fixed_B_direct_changes_excluded"": true, ""all_recorded_direct_changes_excluded"": true, ""individual_endpoint_top1_change"": false, ""recorded_and_fixed_B_winner_equal"": true, ""recorded_direct_winner"": ""n_005_001:2"", ""same_state_fixed_B_direct_winner"": ""n_005_001:2"", ""variable_instances"": 2}",32,"{""all_fixed_B_direct_changes_excluded"": true, ""all_recorded_direct_changes_excluded"": true, ""individual_endpoint_top1_change"": false, ""recorded_and_fixed_B_winner_equal"": true, ""recorded_direct_winner"": ""n_005_001:2"", ""same_state_fixed_B_direct_winner"": ""n_005_001:2"", ""variable_instances"": 2}",S,51,development_v1,,before_first_return,dev_CELL_S_b160_n92801,ART1_CELL_DEV,analyzed
direct,n_006_002:4,True,True,False,"{""all_fixed_B_direct_changes_excluded"": true, ""all_recorded_direct_changes_excluded"": true, ""individual_endpoint_top1_change"": false, ""recorded_and_fixed_B_winner_equal"": true, ""recorded_direct_winner"": ""n_006_002:4"", ""same_state_fixed_B_direct_winner"": ""n_006_002:4"", ""variable_instances"": 0}",32,"{""all_fixed_B_direct_changes_excluded"": true, ""all_recorded_direct_changes_excluded"": true, ""individual_endpoint_top1_change"": false, ""recorded_and_fixed_B_winner_equal"": true, ""recorded_direct_winner"": ""n_006_002:4"", ""same_state_fixed_B_direct_winner"": ""n_006_002:4"", ""variable_instances"": 1}",S,60,development_v1,,before_first_return,dev_CELL_S_b160_n92801,ART1_CELL_DEV,analyzed
direct,n_005_003:7,True,True,False,"{""all_fixed_B_direct_changes_excluded"": true, ""all_recorded_direct_changes_excluded"": true, ""individual_endpoint_top1_change"": false, ""recorded_and_fixed_B_winner_equal"": true, ""recorded_direct_winner"": ""n_005_003:7"", ""same_state_fixed_B_direct_winner"": ""n_005_003:7"", ""variable_instances"": 0}",32,"{""all_fixed_B_direct_changes_excluded"": true, ""all_recorded_direct_changes_excluded"": true, ""individual_endpoint_top1_change"": false, ""recorded_and_fixed_B_winner_equal"": true, ""recorded_direct_winner"": ""n_005_003:7"", ""same_state_fixed_B_direct_winner"": ""n_005_003:7"", ""variable_instances"": 1}",S,75,development_v1,,before_first_return,dev_CELL_S_b160_n92801,ART1_CELL_DEV,analyzed
direct,n_005_003:8,True,True,False,"{""all_fixed_B_direct_changes_excluded"": true, ""all_recorded_direct_changes_excluded"": true, ""individual_endpoint_top1_change"": false, ""recorded_and_fixed_B_winner_equal"": true, ""recorded_direct_winner"": ""n_005_003:8"", ""same_state_fixed_B_direct_winner"": ""n_005_003:8"", ""variable_instances"": 0}",24,"{""all_fixed_B_direct_changes_excluded"": true, ""all_recorded_direct_changes_excluded"": true, ""individual_endpoint_top1_change"": false, ""recorded_and_fixed_B_winner_equal"": true, ""recorded_direct_winner"": ""n_005_003:8"", ""same_state_fixed_B_direct_winner"": ""n_005_003:8"", ""variable_instances"": 1}",S,89,development_v1,,before_first_return,dev_CELL_S_b160_n92801,ART1_CELL_DEV,analyzed
direct,n_005_003:9,True,True,False,"{""all_fixed_B_direct_changes_excluded"": true, ""all_recorded_direct_changes_excluded"": true, ""individual_endpoint_top1_change"": false, ""recorded_and_fixed_B_winner_equal"": true, ""recorded_direct_winner"": ""n_005_003:9"", ""same_state_fixed_B_direct_winner"": ""n_005_003:9"", ""variable_instances"": 0}",23,"{""all_fixed_B_direct_changes_excluded"": true, ""all_recorded_direct_changes_excluded"": true, ""individual_endpoint_top1_change"": false, ""recorded_and_fixed_B_winner_equal"": true, ""recorded_direct_winner"": ""n_005_003:9"", ""same_state_fixed_B_direct_winner"": ""n_005_003:9"", ""variable_instances"": 1}",S,91,development_v1,,before_first_return,dev_CELL_S_b160_n92801,ART1_CELL_DEV,analyzed
direct,n_006_002:7,True,True,False,"{""all_fixed_B_direct_changes_excluded"": true, ""all_recorded_direct_changes_excluded"": true, ""individual_endpoint_top1_change"": false, ""recorded_and_fixed_B_winner_equal"": true, ""recorded_direct_winner"": ""n_006_002:7"", ""same_state_fixed_B_direct_winner"": ""n_006_002:7"", ""variable_instances"": 0}",16,"{""all_fixed_B_direct_changes_excluded"": true, ""all_recorded_direct_changes_excluded"": true, ""individual_endpoint_top1_change"": false, ""recorded_and_fixed_B_winner_equal"": true, ""recorded_direct_winner"": ""n_006_002:7"", ""same_state_fixed_B_direct_winner"": ""n_006_002:7"", ""variable_instances"": 1}",S,93,development_v1,,before_first_return,dev_CELL_S_b160_n92801,ART1_CELL_DEV,analyzed
direct,n_006_002:6,True,True,False,"{""all_fixed_B_direct_changes_excluded"": true, ""all_recorded_direct_changes_excluded"": true, ""individual_endpoint_top1_change"": false, ""recorded_and_fixed_B_winner_equal"": true, ""recorded_direct_winner"": ""n_006_002:6"", ""same_state_fixed_B_direct_winner"": ""n_006_002:6"", ""variable_instances"": 0}",22,"{""all_fixed_B_direct_changes_excluded"": true, ""all_recorded_direct_changes_excluded"": true, ""individual_endpoint_top1_change"": false, ""recorded_and_fixed_B_winner_equal"": true, ""recorded_direct_winner"": ""n_006_002:6"", ""same_state_fixed_B_direct_winner"": ""n_006_002:6"", ""variable_instances"": 1}",S,110,development_v1,,before_first_return,dev_CELL_S_b160_n92801,ART1_CELL_DEV,analyzed
direct,n_005_000:6,False,False,False,"{""all_fixed_B_direct_changes_excluded"": true, ""all_recorded_direct_changes_excluded"": true, ""individual_endpoint_top1_change"": false, ""recorded_and_fixed_B_winner_equal"": true, ""recorded_direct_winner"": ""n_005_000:6"", ""same_state_fixed_B_direct_winner"": ""n_005_000:6"", ""variable_instances"": 0}",15,"{""all_fixed_B_direct_changes_excluded"": true, ""all_recorded_direct_changes_excluded"": true, ""individual_endpoint_top1_change"": false, ""recorded_and_fixed_B_winner_equal"": true, ""recorded_direct_winner"": ""n_005_000:6"", ""same_state_fixed_B_direct_winner"": ""n_005_000:6"", ""variable_instances"": 1}",S,112,development_v1,,before_first_return,dev_CELL_S_b160_n92801,ART1_CELL_DEV,analyzed
direct,n_004_000:6,True,True,False,"{""all_fixed_B_direct_changes_excluded"": true, ""all_recorded_direct_changes_excluded"": true, ""individual_endpoint_top1_change"": false, ""recorded_and_fixed_B_winner_equal"": true, ""recorded_direct_winner"": ""n_004_000:6"", ""same_state_fixed_B_direct_winner"": ""n_004_000:6"", ""variable_instances"": 2}",12,"{""all_fixed_B_direct_changes_excluded"": true, ""all_recorded_direct_changes_excluded"": true, ""individual_endpoint_top1_change"": false, ""recorded_and_fixed_B_winner_equal"": true, ""recorded_direct_winner"": ""n_004_000:6"", ""same_state_fixed_B_direct_winner"": ""n_004_000:6"", ""variable_instances"": 2}",S,131,development_v1,,before_first_return,dev_CELL_S_b160_n92801,ART1_CELL_DEV,analyzed
none,,False,False,False,"{""all_fixed_B_direct_changes_excluded"": true, ""all_recorded_direct_changes_excluded"": true, ""individual_endpoint_top1_change"": false, ""recorded_and_fixed_B_winner_equal"": true, ""recorded_direct_winner"": null, ""same_state_fixed_B_direct_winner"": null, ""variable_instances"": 2}",3,"{""all_fixed_B_direct_changes_excluded"": true, ""all_recorded_direct_changes_excluded"": true, ""individual_endpoint_top1_change"": false, ""recorded_and_fixed_B_winner_equal"": true, ""recorded_direct_winner"": null, ""same_state_fixed_B_direct_winner"": null, ""variable_instances"": 3}",S,136,development_v1,,at_or_after_first_return,dev_CELL_S_b160_n92801,ART1_CELL_DEV,analyzed
none,,False,False,False,"{""all_fixed_B_direct_changes_excluded"": true, ""all_recorded_direct_changes_excluded"": true, ""individual_endpoint_top1_change"": false, ""recorded_and_fixed_B_winner_equal"": true, ""recorded_direct_winner"": null, ""same_state_fixed_B_direct_winner"": null, ""variable_instances"": 2}",4,"{""all_fixed_B_direct_changes_excluded"": true, ""all_recorded_direct_changes_excluded"": true, ""individual_endpoint_top1_change"": false, ""recorded_and_fixed_B_winner_equal"": true, ""recorded_direct_winner"": null, ""same_state_fixed_B_direct_winner"": null, ""variable_instances"": 3}",S,137,development_v1,,at_or_after_first_return,dev_CELL_S_b160_n92801,ART1_CELL_DEV,analyzed
none,,False,False,False,"{""all_fixed_B_direct_changes_excluded"": true, ""all_recorded_direct_changes_excluded"": true, ""individual_endpoint_top1_change"": false, ""recorded_and_fixed_B_winner_equal"": true, ""recorded_direct_winner"": null, ""same_state_fixed_B_direct_winner"": null, ""variable_instances"": 2}",4,"{""all_fixed_B_direct_changes_excluded"": true, ""all_recorded_direct_changes_excluded"": true, ""individual_endpoint_top1_change"": false, ""recorded_and_fixed_B_winner_equal"": true, ""recorded_direct_winner"": null, ""same_state_fixed_B_direct_winner"": null, ""variable_instances"": 3}",S,138,development_v1,,at_or_after_first_return,dev_CELL_S_b160_n92801,ART1_CELL_DEV,analyzed
none,,False,False,False,"{""all_fixed_B_direct_changes_excluded"": true, ""all_recorded_direct_changes_excluded"": true, ""individual_endpoint_top1_change"": false, ""recorded_and_fixed_B_winner_equal"": true, ""recorded_direct_winner"": null, ""same_state_fixed_B_direct_winner"": null, ""variable_instances"": 2}",6,"{""all_fixed_B_direct_changes_excluded"": true, ""all_recorded_direct_changes_excluded"": true, ""individual_endpoint_top1_change"": false, ""recorded_and_fixed_B_winner_equal"": true, ""recorded_direct_winner"": null, ""same_state_fixed_B_direct_winner"": null, ""variable_instances"": 3}",S,139,development_v1,,at_or_after_first_return,dev_CELL_S_b160_n92801,ART1_CELL_DEV,analyzed
none,,False,False,False,"{""all_fixed_B_direct_changes_excluded"": true, ""all_recorded_direct_changes_excluded"": true, ""individual_endpoint_top1_change"": false, ""recorded_and_fixed_B_winner_equal"": true, ""recorded_direct_winner"": null, ""same_state_fixed_B_direct_winner"": null, ""variable_instances"": 2}",6,"{""all_fixed_B_direct_changes_excluded"": true, ""all_recorded_direct_changes_excluded"": true, ""individual_endpoint_top1_change"": false, ""recorded_and_fixed_B_winner_equal"": true, ""recorded_direct_winner"": null, ""same_state_fixed_B_direct_winner"": null, ""variable_instances"": 3}",S,140,development_v1,,at_or_after_first_return,dev_CELL_S_b160_n92801,ART1_CELL_DEV,analyzed
none,,False,False,False,"{""all_fixed_B_direct_changes_excluded"": true, ""all_recorded_direct_changes_excluded"": true, ""individual_endpoint_top1_change"": false, ""recorded_and_fixed_B_winner_equal"": true, ""recorded_direct_winner"": null, ""same_state_fixed_B_direct_winner"": null, ""variable_instances"": 2}",6,"{""all_fixed_B_direct_changes_excluded"": true, ""all_recorded_direct_changes_excluded"": true, ""individual_endpoint_top1_change"": false, ""recorded_and_fixed_B_winner_equal"": true, ""recorded_direct_winner"": null, ""same_state_fixed_B_direct_winner"": null, ""variable_instances"": 3}",S,141,development_v1,,at_or_after_first_return,dev_CELL_S_b160_n92801,ART1_CELL_DEV,analyzed
none,,False,False,False,"{""all_fixed_B_direct_changes_excluded"": true, ""all_recorded_direct_changes_excluded"": true, ""individual_endpoint_top1_change"": false, ""recorded_and_fixed_B_winner_equal"": true, ""recorded_direct_winner"": null, ""same_state_fixed_B_direct_winner"": null, ""variable_instances"": 2}",6,"{""all_fixed_B_direct_changes_excluded"": true, ""all_recorded_direct_changes_excluded"": true, ""individual_endpoint_top1_change"": false, ""recorded_and_fixed_B_winner_equal"": true, ""recorded_direct_winner"": null, ""same_state_fixed_B_direct_winner"": null, ""variable_instances"": 3}",S,142,development_v1,,at_or_after_first_return,dev_CELL_S_b160_n92801,ART1_CELL_DEV,analyzed
none,,False,False,False,"{""all_fixed_B_direct_changes_excluded"": true, ""all_recorded_direct_changes_excluded"": true, ""individual_endpoint_top1_change"": false, ""recorded_and_fixed_B_winner_equal"": true, ""recorded_direct_winner"": null, ""same_state_fixed_B_direct_winner"": null, ""variable_instances"": 2}",6,"{""all_fixed_B_direct_changes_excluded"": true, ""all_recorded_direct_changes_excluded"": true, ""individual_endpoint_top1_change"": false, ""recorded_and_fixed_B_winner_equal"": true, ""recorded_direct_winner"": null, ""same_state_fixed_B_direct_winner"": null, ""variable_instances"": 3}",S,143,development_v1,,at_or_after_first_return,dev_CELL_S_b160_n92801,ART1_CELL_DEV,analyzed
none,,False,False,False,"{""all_fixed_B_direct_changes_excluded"": true, ""all_recorded_direct_changes_excluded"": true, ""individual_endpoint_top1_change"": false, ""recorded_and_fixed_B_winner_equal"": true, ""recorded_direct_winner"": null, ""same_state_fixed_B_direct_winner"": null, ""variable_instances"": 2}",5,"{""all_fixed_B_direct_changes_excluded"": true, ""all_recorded_direct_changes_excluded"": true, ""individual_endpoint_top1_change"": false, ""recorded_and_fixed_B_winner_equal"": true, ""recorded_direct_winner"": null, ""same_state_fixed_B_direct_winner"": null, ""variable_instances"": 3}",S,144,development_v1,,at_or_after_first_return,dev_CELL_S_b160_n92801,ART1_CELL_DEV,analyzed
none,,False,False,False,"{""all_fixed_B_direct_changes_excluded"": true, ""all_recorded_direct_changes_excluded"": true, ""individual_endpoint_top1_change"": false, ""recorded_and_fixed_B_winner_equal"": true, ""recorded_direct_winner"": null, ""same_state_fixed_B_direct_winner"": null, ""variable_instances"": 2}",5,"{""all_fixed_B_direct_changes_excluded"": true, ""all_recorded_direct_changes_excluded"": true, ""individual_endpoint_top1_change"": false, ""recorded_and_fixed_B_winner_equal"": true, ""recorded_direct_winner"": null, ""same_state_fixed_B_direct_winner"": null, ""variable_instances"": 3}",S,145,development_v1,,at_or_after_first_return,dev_CELL_S_b160_n92801,ART1_CELL_DEV,analyzed
none,,False,False,False,"{""all_fixed_B_direct_changes_excluded"": true, ""all_recorded_direct_changes_excluded"": true, ""individual_endpoint_top1_change"": false, ""recorded_and_fixed_B_winner_equal"": true, ""recorded_direct_winner"": null, ""same_state_fixed_B_direct_winner"": null, ""variable_instances"": 2}",5,"{""all_fixed_B_direct_changes_excluded"": true, ""all_recorded_direct_changes_excluded"": true, ""individual_endpoint_top1_change"": false, ""recorded_and_fixed_B_winner_equal"": true, ""recorded_direct_winner"": null, ""same_state_fixed_B_direct_winner"": null, ""variable_instances"": 3}",S,146,development_v1,,at_or_after_first_return,dev_CELL_S_b160_n92801,ART1_CELL_DEV,analyzed
none,,False,False,False,"{""all_fixed_B_direct_changes_excluded"": true, ""all_recorded_direct_changes_excluded"": true, ""individual_endpoint_top1_change"": false, ""recorded_and_fixed_B_winner_equal"": true, ""recorded_direct_winner"": null, ""same_state_fixed_B_direct_winner"": null, ""variable_instances"": 2}",5,"{""all_fixed_B_direct_changes_excluded"": true, ""all_recorded_direct_changes_excluded"": true, ""individual_endpoint_top1_change"": false, ""recorded_and_fixed_B_winner_equal"": true, ""recorded_direct_winner"": null, ""same_state_fixed_B_direct_winner"": null, ""variable_instances"": 3}",S,147,development_v1,,at_or_after_first_return,dev_CELL_S_b160_n92801,ART1_CELL_DEV,analyzed
none,,False,False,False,"{""all_fixed_B_direct_changes_excluded"": true, ""all_recorded_direct_changes_excluded"": true, ""individual_endpoint_top1_change"": false, ""recorded_and_fixed_B_winner_equal"": true, ""recorded_direct_winner"": null, ""same_state_fixed_B_direct_winner"": null, ""variable_instances"": 2}",4,"{""all_fixed_B_direct_changes_excluded"": true, ""all_recorded_direct_changes_excluded"": true, ""individual_endpoint_top1_change"": false, ""recorded_and_fixed_B_winner_equal"": true, ""recorded_direct_winner"": null, ""same_state_fixed_B_direct_winner"": null, ""variable_instances"": 3}",S,148,development_v1,,at_or_after_first_return,dev_CELL_S_b160_n92801,ART1_CELL_DEV,analyzed
none,,False,False,False,"{""all_fixed_B_direct_changes_excluded"": true, ""all_recorded_direct_changes_excluded"": true, ""individual_endpoint_top1_change"": false, ""recorded_and_fixed_B_winner_equal"": true, ""recorded_direct_winner"": null, ""same_state_fixed_B_direct_winner"": null, ""variable_instances"": 2}",4,"{""all_fixed_B_direct_changes_excluded"": true, ""all_recorded_direct_changes_excluded"": true, ""individual_endpoint_top1_change"": false, ""recorded_and_fixed_B_winner_equal"": true, ""recorded_direct_winner"": null, ""same_state_fixed_B_direct_winner"": null, ""variable_instances"": 3}",S,149,development_v1,,at_or_after_first_return,dev_CELL_S_b160_n92801,ART1_CELL_DEV,analyzed
none,,False,False,False,"{""all_fixed_B_direct_changes_excluded"": true, ""all_recorded_direct_changes_excluded"": true, ""individual_endpoint_top1_change"": false, ""recorded_and_fixed_B_winner_equal"": true, ""recorded_direct_winner"": null, ""same_state_fixed_B_direct_winner"": null, ""variable_instances"": 2}",4,"{""all_fixed_B_direct_changes_excluded"": true, ""all_recorded_direct_changes_excluded"": true, ""individual_endpoint_top1_change"": false, ""recorded_and_fixed_B_winner_equal"": true, ""recorded_direct_winner"": null, ""same_state_fixed_B_direct_winner"": null, ""variable_instances"": 3}",S,150,development_v1,,at_or_after_first_return,dev_CELL_S_b160_n92801,ART1_CELL_DEV,analyzed
none,,False,False,False,"{""all_fixed_B_direct_changes_excluded"": true, ""all_recorded_direct_changes_excluded"": true, ""individual_endpoint_top1_change"": false, ""recorded_and_fixed_B_winner_equal"": true, ""recorded_direct_winner"": null, ""same_state_fixed_B_direct_winner"": null, ""variable_instances"": 2}",4,"{""all_fixed_B_direct_changes_excluded"": true, ""all_recorded_direct_changes_excluded"": true, ""individual_endpoint_top1_change"": false, ""recorded_and_fixed_B_winner_equal"": true, ""recorded_direct_winner"": null, ""same_state_fixed_B_direct_winner"": null, ""variable_instances"": 3}",S,151,development_v1,,at_or_after_first_return,dev_CELL_S_b160_n92801,ART1_CELL_DEV,analyzed
none,,False,False,False,"{""all_fixed_B_direct_changes_excluded"": true, ""all_recorded_direct_changes_excluded"": true, ""individual_endpoint_top1_change"": false, ""recorded_and_fixed_B_winner_equal"": true, ""recorded_direct_winner"": null, ""same_state_fixed_B_direct_winner"": null, ""variable_instances"": 2}",4,"{""all_fixed_B_direct_changes_excluded"": true, ""all_recorded_direct_changes_excluded"": true, ""individual_endpoint_top1_change"": false, ""recorded_and_fixed_B_winner_equal"": true, ""recorded_direct_winner"": null, ""same_state_fixed_B_direct_winner"": null, ""variable_instances"": 3}",S,152,development_v1,,at_or_after_first_return,dev_CELL_S_b160_n92801,ART1_CELL_DEV,analyzed
none,,False,False,False,"{""all_fixed_B_direct_changes_excluded"": true, ""all_recorded_direct_changes_excluded"": true, ""individual_endpoint_top1_change"": false, ""recorded_and_fixed_B_winner_equal"": true, ""recorded_direct_winner"": null, ""same_state_fixed_B_direct_winner"": null, ""variable_instances"": 2}",3,"{""all_fixed_B_direct_changes_excluded"": true, ""all_recorded_direct_changes_excluded"": true, ""individual_endpoint_top1_change"": false, ""recorded_and_fixed_B_winner_equal"": true, ""recorded_direct_winner"": null, ""same_state_fixed_B_direct_winner"": null, ""variable_instances"": 3}",S,153,development_v1,,at_or_after_first_return,dev_CELL_S_b160_n92801,ART1_CELL_DEV,analyzed
none,,False,False,False,"{""all_fixed_B_direct_changes_excluded"": true, ""all_recorded_direct_changes_excluded"": true, ""individual_endpoint_top1_change"": false, ""recorded_and_fixed_B_winner_equal"": true, ""recorded_direct_winner"": null, ""same_state_fixed_B_direct_winner"": null, ""variable_instances"": 2}",3,"{""all_fixed_B_direct_changes_excluded"": true, ""all_recorded_direct_changes_excluded"": true, ""individual_endpoint_top1_change"": false, ""recorded_and_fixed_B_winner_equal"": true, ""recorded_direct_winner"": null, ""same_state_fixed_B_direct_winner"": null, ""variable_instances"": 3}",S,154,development_v1,,at_or_after_first_return,dev_CELL_S_b160_n92801,ART1_CELL_DEV,analyzed
none,,False,False,False,"{""all_fixed_B_direct_changes_excluded"": true, ""all_recorded_direct_changes_excluded"": true, ""individual_endpoint_top1_change"": false, ""recorded_and_fixed_B_winner_equal"": true, ""recorded_direct_winner"": null, ""same_state_fixed_B_direct_winner"": null, ""variable_instances"": 2}",2,"{""all_fixed_B_direct_changes_excluded"": true, ""all_recorded_direct_changes_excluded"": true, ""individual_endpoint_top1_change"": false, ""recorded_and_fixed_B_winner_equal"": true, ""recorded_direct_winner"": null, ""same_state_fixed_B_direct_winner"": null, ""variable_instances"": 3}",S,155,development_v1,,at_or_after_first_return,dev_CELL_S_b160_n92801,ART1_CELL_DEV,analyzed
none,,False,False,False,"{""all_fixed_B_direct_changes_excluded"": true, ""all_recorded_direct_changes_excluded"": true, ""individual_endpoint_top1_change"": false, ""recorded_and_fixed_B_winner_equal"": true, ""recorded_direct_winner"": null, ""same_state_fixed_B_direct_winner"": null, ""variable_instances"": 2}",1,"{""all_fixed_B_direct_changes_excluded"": true, ""all_recorded_direct_changes_excluded"": true, ""individual_endpoint_top1_change"": false, ""recorded_and_fixed_B_winner_equal"": true, ""recorded_direct_winner"": null, ""same_state_fixed_B_direct_winner"": null, ""variable_instances"": 2}",S,156,development_v1,,at_or_after_first_return,dev_CELL_S_b160_n92801,ART1_CELL_DEV,analyzed
none,,,,,,,,S,157,development_v1,initialization_or_no_direct_pool,at_or_after_first_return,dev_CELL_S_b160_n92801,ART1_CELL_DEV,not_direct_comparison
none,,,,,,,,S,158,development_v1,initialization_or_no_direct_pool,at_or_after_first_return,dev_CELL_S_b160_n92801,ART1_CELL_DEV,not_direct_comparison
direct,n_000_003:2,False,False,False,"{""all_fixed_B_direct_changes_excluded"": true, ""all_recorded_direct_changes_excluded"": true, ""individual_endpoint_top1_change"": false, ""recorded_and_fixed_B_winner_equal"": true, ""recorded_direct_winner"": ""n_000_003:2"", ""same_state_fixed_B_direct_winner"": ""n_000_003:2"", ""variable_instances"": 0}",32,"{""all_fixed_B_direct_changes_excluded"": true, ""all_recorded_direct_changes_excluded"": true, ""individual_endpoint_top1_change"": false, ""recorded_and_fixed_B_winner_equal"": true, ""recorded_direct_winner"": ""n_000_003:2"", ""same_state_fixed_B_direct_winner"": ""n_000_003:2"", ""variable_instances"": 0}",B,0,development_v1,,before_first_return,dev_LOOP_B_b160_n92801,ART1_LOOP_DEV,analyzed
direct,n_002_003:0,False,False,False,"{""all_fixed_B_direct_changes_excluded"": true, ""all_recorded_direct_changes_excluded"": true, ""individual_endpoint_top1_change"": false, ""recorded_and_fixed_B_winner_equal"": true, ""recorded_direct_winner"": ""n_002_003:0"", ""same_state_fixed_B_direct_winner"": ""n_002_003:0"", ""variable_instances"": 0}",32,"{""all_fixed_B_direct_changes_excluded"": true, ""all_recorded_direct_changes_excluded"": true, ""individual_endpoint_top1_change"": false, ""recorded_and_fixed_B_winner_equal"": true, ""recorded_direct_winner"": ""n_002_003:0"", ""same_state_fixed_B_direct_winner"": ""n_002_003:0"", ""variable_instances"": 0}",B,17,development_v1,,before_first_return,dev_LOOP_B_b160_n92801,ART1_LOOP_DEV,analyzed
direct,n_002_004:1,True,True,False,"{""all_fixed_B_direct_changes_excluded"": true, ""all_recorded_direct_changes_excluded"": true, ""individual_endpoint_top1_change"": false, ""recorded_and_fixed_B_winner_equal"": true, ""recorded_direct_winner"": ""n_002_004:1"", ""same_state_fixed_B_direct_winner"": ""n_002_004:1"", ""variable_instances"": 0}",32,"{""all_fixed_B_direct_changes_excluded"": true, ""all_recorded_direct_changes_excluded"": true, ""individual_endpoint_top1_change"": false, ""recorded_and_fixed_B_winner_equal"": true, ""recorded_direct_winner"": ""n_002_004:1"", ""same_state_fixed_B_direct_winner"": ""n_002_004:1"", ""variable_instances"": 1}",B,28,development_v1,,before_first_return,dev_LOOP_B_b160_n92801,ART1_LOOP_DEV,analyzed
direct,n_002_004:9,True,True,False,"{""all_fixed_B_direct_changes_excluded"": true, ""all_recorded_direct_changes_excluded"": true, ""individual_endpoint_top1_change"": false, ""recorded_and_fixed_B_winner_equal"": true, ""recorded_direct_winner"": ""n_002_004:9"", ""same_state_fixed_B_direct_winner"": ""n_002_004:9"", ""variable_instances"": 0}",32,"{""all_fixed_B_direct_changes_excluded"": true, ""all_recorded_direct_changes_excluded"": true, ""individual_endpoint_top1_change"": false, ""recorded_and_fixed_B_winner_equal"": true, ""recorded_direct_winner"": ""n_002_004:9"", ""same_state_fixed_B_direct_winner"": ""n_002_004:9"", ""variable_instances"": 1}",B,38,development_v1,,before_first_return,dev_LOOP_B_b160_n92801,ART1_LOOP_DEV,analyzed
direct,n_002_004:8,True,True,False,"{""all_fixed_B_direct_changes_excluded"": true, ""all_recorded_direct_changes_excluded"": true, ""individual_endpoint_top1_change"": false, ""recorded_and_fixed_B_winner_equal"": true, ""recorded_direct_winner"": ""n_002_004:8"", ""same_state_fixed_B_direct_winner"": ""n_002_004:8"", ""variable_instances"": 0}",32,"{""all_fixed_B_direct_changes_excluded"": true, ""all_recorded_direct_changes_excluded"": true, ""individual_endpoint_top1_change"": false, ""recorded_and_fixed_B_winner_equal"": true, ""recorded_direct_winner"": ""n_002_004:8"", ""same_state_fixed_B_direct_winner"": ""n_002_004:8"", ""variable_instances"": 1}",B,43,development_v1,,before_first_return,dev_LOOP_B_b160_n92801,ART1_LOOP_DEV,analyzed
direct,n_002_003:8,True,True,False,"{""all_fixed_B_direct_changes_excluded"": true, ""all_recorded_direct_changes_excluded"": true, ""individual_endpoint_top1_change"": false, ""recorded_and_fixed_B_winner_equal"": true, ""recorded_direct_winner"": ""n_002_003:8"", ""same_state_fixed_B_direct_winner"": ""n_002_003:8"", ""variable_instances"": 0}",32,"{""all_fixed_B_direct_changes_excluded"": true, ""all_recorded_direct_changes_excluded"": true, ""individual_endpoint_top1_change"": false, ""recorded_and_fixed_B_winner_equal"": true, ""recorded_direct_winner"": ""n_002_003:8"", ""same_state_fixed_B_direct_winner"": ""n_002_003:8"", ""variable_instances"": 1}",B,45,development_v1,,before_first_return,dev_LOOP_B_b160_n92801,ART1_LOOP_DEV,analyzed
direct,n_002_003:7,True,True,False,"{""all_fixed_B_direct_changes_excluded"": true, ""all_recorded_direct_changes_excluded"": true, ""individual_endpoint_top1_change"": false, ""recorded_and_fixed_B_winner_equal"": true, ""recorded_direct_winner"": ""n_002_003:7"", ""same_state_fixed_B_direct_winner"": ""n_002_003:7"", ""variable_instances"": 0}",32,"{""all_fixed_B_direct_changes_excluded"": true, ""all_recorded_direct_changes_excluded"": true, ""individual_endpoint_top1_change"": false, ""recorded_and_fixed_B_winner_equal"": true, ""recorded_direct_winner"": ""n_002_003:7"", ""same_state_fixed_B_direct_winner"": ""n_002_003:7"", ""variable_instances"": 1}",B,52,development_v1,,before_first_return,dev_LOOP_B_b160_n92801,ART1_LOOP_DEV,analyzed
direct,n_002_003:6,True,True,False,"{""all_fixed_B_direct_changes_excluded"": true, ""all_recorded_direct_changes_excluded"": true, ""individual_endpoint_top1_change"": false, ""recorded_and_fixed_B_winner_equal"": true, ""recorded_direct_winner"": ""n_002_003:6"", ""same_state_fixed_B_direct_winner"": ""n_002_003:6"", ""variable_instances"": 0}",32,"{""all_fixed_B_direct_changes_excluded"": true, ""all_recorded_direct_changes_excluded"": true, ""individual_endpoint_top1_change"": false, ""recorded_and_fixed_B_winner_equal"": true, ""recorded_direct_winner"": ""n_002_003:6"", ""same_state_fixed_B_direct_winner"": ""n_002_003:6"", ""variable_instances"": 1}",B,54,development_v1,,before_first_return,dev_LOOP_B_b160_n92801,ART1_LOOP_DEV,analyzed
direct,n_002_004:7,True,True,False,"{""all_fixed_B_direct_changes_excluded"": true, ""all_recorded_direct_changes_excluded"": true, ""individual_endpoint_top1_change"": false, ""recorded_and_fixed_B_winner_equal"": true, ""recorded_direct_winner"": ""n_002_004:7"", ""same_state_fixed_B_direct_winner"": ""n_002_004:7"", ""variable_instances"": 0}",32,"{""all_fixed_B_direct_changes_excluded"": true, ""all_recorded_direct_changes_excluded"": true, ""individual_endpoint_top1_change"": false, ""recorded_and_fixed_B_winner_equal"": true, ""recorded_direct_winner"": ""n_002_004:7"", ""same_state_fixed_B_direct_winner"": ""n_002_004:7"", ""variable_instances"": 1}",B,56,development_v1,,before_first_return,dev_LOOP_B_b160_n92801,ART1_LOOP_DEV,analyzed
direct,n_003_005:0,True,True,False,"{""all_fixed_B_direct_changes_excluded"": true, ""all_recorded_direct_changes_excluded"": true, ""individual_endpoint_top1_change"": false, ""recorded_and_fixed_B_winner_equal"": true, ""recorded_direct_winner"": ""n_003_005:0"", ""same_state_fixed_B_direct_winner"": ""n_003_005:0"", ""variable_instances"": 0}",32,"{""all_fixed_B_direct_changes_excluded"": true, ""all_recorded_direct_changes_excluded"": true, ""individual_endpoint_top1_change"": false, ""recorded_and_fixed_B_winner_equal"": true, ""recorded_direct_winner"": ""n_003_005:0"", ""same_state_fixed_B_direct_winner"": ""n_003_005:0"", ""variable_instances"": 1}",B,68,development_v1,,before_first_return,dev_LOOP_B_b160_n92801,ART1_LOOP_DEV,analyzed
direct,n_003_005:7,True,True,False,"{""all_fixed_B_direct_changes_excluded"": true, ""all_recorded_direct_changes_excluded"": true, ""individual_endpoint_top1_change"": false, ""recorded_and_fixed_B_winner_equal"": true, ""recorded_direct_winner"": ""n_003_005:7"", ""same_state_fixed_B_direct_winner"": ""n_003_005:7"", ""variable_instances"": 0}",31,"{""all_fixed_B_direct_changes_excluded"": true, ""all_recorded_direct_changes_excluded"": true, ""individual_endpoint_top1_change"": false, ""recorded_and_fixed_B_winner_equal"": true, ""recorded_direct_winner"": ""n_003_005:7"", ""same_state_fixed_B_direct_winner"": ""n_003_005:7"", ""variable_instances"": 1}",B,84,development_v1,,before_first_return,dev_LOOP_B_b160_n92801,ART1_LOOP_DEV,analyzed
direct,n_002_005:7,True,True,False,"{""all_fixed_B_direct_changes_excluded"": true, ""all_recorded_direct_changes_excluded"": true, ""individual_endpoint_top1_change"": false, ""recorded_and_fixed_B_winner_equal"": true, ""recorded_direct_winner"": ""n_002_005:7"", ""same_state_fixed_B_direct_winner"": ""n_002_005:7"", ""variable_instances"": 0}",28,"{""all_fixed_B_direct_changes_excluded"": true, ""all_recorded_direct_changes_excluded"": true, ""individual_endpoint_top1_change"": false, ""recorded_and_fixed_B_winner_equal"": true, ""recorded_direct_winner"": ""n_002_005:7"", ""same_state_fixed_B_direct_winner"": ""n_002_005:7"", ""variable_instances"": 1}",B,90,development_v1,,before_first_return,dev_LOOP_B_b160_n92801,ART1_LOOP_DEV,analyzed
direct,n_002_005:8,True,True,False,"{""all_fixed_B_direct_changes_excluded"": true, ""all_recorded_direct_changes_excluded"": true, ""individual_endpoint_top1_change"": false, ""recorded_and_fixed_B_winner_equal"": true, ""recorded_direct_winner"": ""n_002_005:8"", ""same_state_fixed_B_direct_winner"": ""n_002_005:8"", ""variable_instances"": 0}",27,"{""all_fixed_B_direct_changes_excluded"": true, ""all_recorded_direct_changes_excluded"": true, ""individual_endpoint_top1_change"": false, ""recorded_and_fixed_B_winner_equal"": true, ""recorded_direct_winner"": ""n_002_005:8"", ""same_state_fixed_B_direct_winner"": ""n_002_005:8"", ""variable_instances"": 1}",B,97,development_v1,,before_first_return,dev_LOOP_B_b160_n92801,ART1_LOOP_DEV,analyzed
direct,n_002_005:9,True,True,False,"{""all_fixed_B_direct_changes_excluded"": true, ""all_recorded_direct_changes_excluded"": true, ""individual_endpoint_top1_change"": false, ""recorded_and_fixed_B_winner_equal"": true, ""recorded_direct_winner"": ""n_002_005:9"", ""same_state_fixed_B_direct_winner"": ""n_002_005:9"", ""variable_instances"": 0}",29,"{""all_fixed_B_direct_changes_excluded"": true, ""all_recorded_direct_changes_excluded"": true, ""individual_endpoint_top1_change"": false, ""recorded_and_fixed_B_winner_equal"": true, ""recorded_direct_winner"": ""n_002_005:9"", ""same_state_fixed_B_direct_winner"": ""n_002_005:9"", ""variable_instances"": 1}",B,99,development_v1,,before_first_return,dev_LOOP_B_b160_n92801,ART1_LOOP_DEV,analyzed
direct,n_002_005:10,True,True,False,"{""all_fixed_B_direct_changes_excluded"": true, ""all_recorded_direct_changes_excluded"": true, ""individual_endpoint_top1_change"": false, ""recorded_and_fixed_B_winner_equal"": true, ""recorded_direct_winner"": ""n_002_005:10"", ""same_state_fixed_B_direct_winner"": ""n_002_005:10"", ""variable_instances"": 0}",28,"{""all_fixed_B_direct_changes_excluded"": true, ""all_recorded_direct_changes_excluded"": true, ""individual_endpoint_top1_change"": false, ""recorded_and_fixed_B_winner_equal"": true, ""recorded_direct_winner"": ""n_002_005:10"", ""same_state_fixed_B_direct_winner"": ""n_002_005:10"", ""variable_instances"": 1}",B,101,development_v1,,before_first_return,dev_LOOP_B_b160_n92801,ART1_LOOP_DEV,analyzed
direct,n_002_003:10,True,True,False,"{""all_fixed_B_direct_changes_excluded"": true, ""all_recorded_direct_changes_excluded"": true, ""individual_endpoint_top1_change"": false, ""recorded_and_fixed_B_winner_equal"": true, ""recorded_direct_winner"": ""n_002_003:10"", ""same_state_fixed_B_direct_winner"": ""n_002_003:10"", ""variable_instances"": 0}",27,"{""all_fixed_B_direct_changes_excluded"": true, ""all_recorded_direct_changes_excluded"": true, ""individual_endpoint_top1_change"": false, ""recorded_and_fixed_B_winner_equal"": true, ""recorded_direct_winner"": ""n_002_003:10"", ""same_state_fixed_B_direct_winner"": ""n_002_003:10"", ""variable_instances"": 1}",B,103,development_v1,,before_first_return,dev_LOOP_B_b160_n92801,ART1_LOOP_DEV,analyzed
direct,n_000_004:1,True,True,False,"{""all_fixed_B_direct_changes_excluded"": true, ""all_recorded_direct_changes_excluded"": true, ""individual_endpoint_top1_change"": false, ""recorded_and_fixed_B_winner_equal"": true, ""recorded_direct_winner"": ""n_000_004:1"", ""same_state_fixed_B_direct_winner"": ""n_000_004:1"", ""variable_instances"": 0}",20,"{""all_fixed_B_direct_changes_excluded"": true, ""all_recorded_direct_changes_excluded"": true, ""individual_endpoint_top1_change"": false, ""recorded_and_fixed_B_winner_equal"": true, ""recorded_direct_winner"": ""n_000_004:1"", ""same_state_fixed_B_direct_winner"": ""n_000_004:1"", ""variable_instances"": 1}",B,114,development_v1,,before_first_return,dev_LOOP_B_b160_n92801,ART1_LOOP_DEV,analyzed
direct,n_000_004:0,True,True,False,"{""all_fixed_B_direct_changes_excluded"": true, ""all_recorded_direct_changes_excluded"": true, ""individual_endpoint_top1_change"": false, ""recorded_and_fixed_B_winner_equal"": true, ""recorded_direct_winner"": ""n_000_004:0"", ""same_state_fixed_B_direct_winner"": ""n_000_004:0"", ""variable_instances"": 0}",6,"{""all_fixed_B_direct_changes_excluded"": true, ""all_recorded_direct_changes_excluded"": true, ""individual_endpoint_top1_change"": false, ""recorded_and_fixed_B_winner_equal"": true, ""recorded_direct_winner"": ""n_000_004:0"", ""same_state_fixed_B_direct_winner"": ""n_000_004:0"", ""variable_instances"": 1}",B,136,development_v1,,before_first_return,dev_LOOP_B_b160_n92801,ART1_LOOP_DEV,analyzed
none,,,,,,,,B,138,development_v1,initialization_or_no_direct_pool,at_or_after_first_return,dev_LOOP_B_b160_n92801,ART1_LOOP_DEV,not_direct_comparison
none,,,,,,,,B,139,development_v1,initialization_or_no_direct_pool,at_or_after_first_return,dev_LOOP_B_b160_n92801,ART1_LOOP_DEV,not_direct_comparison
none,,,,,,,,B,140,development_v1,initialization_or_no_direct_pool,at_or_after_first_return,dev_LOOP_B_b160_n92801,ART1_LOOP_DEV,not_direct_comparison
none,,,,,,,,B,141,development_v1,initialization_or_no_direct_pool,at_or_after_first_return,dev_LOOP_B_b160_n92801,ART1_LOOP_DEV,not_direct_comparison
none,,,,,,,,B,142,development_v1,initialization_or_no_direct_pool,at_or_after_first_return,dev_LOOP_B_b160_n92801,ART1_LOOP_DEV,not_direct_comparison
none,,,,,,,,B,143,development_v1,initialization_or_no_direct_pool,at_or_after_first_return,dev_LOOP_B_b160_n92801,ART1_LOOP_DEV,not_direct_comparison
none,,,,,,,,B,144,development_v1,initialization_or_no_direct_pool,at_or_after_first_return,dev_LOOP_B_b160_n92801,ART1_LOOP_DEV,not_direct_comparison
none,,,,,,,,B,145,development_v1,initialization_or_no_direct_pool,at_or_after_first_return,dev_LOOP_B_b160_n92801,ART1_LOOP_DEV,not_direct_comparison
none,,,,,,,,B,146,development_v1,initialization_or_no_direct_pool,at_or_after_first_return,dev_LOOP_B_b160_n92801,ART1_LOOP_DEV,not_direct_comparison
none,,,,,,,,B,147,development_v1,initialization_or_no_direct_pool,at_or_after_first_return,dev_LOOP_B_b160_n92801,ART1_LOOP_DEV,not_direct_comparison
none,,,,,,,,B,148,development_v1,initialization_or_no_direct_pool,at_or_after_first_return,dev_LOOP_B_b160_n92801,ART1_LOOP_DEV,not_direct_comparison
none,,,,,,,,B,149,development_v1,initialization_or_no_direct_pool,at_or_after_first_return,dev_LOOP_B_b160_n92801,ART1_LOOP_DEV,not_direct_comparison
none,,,,,,,,B,150,development_v1,initialization_or_no_direct_pool,at_or_after_first_return,dev_LOOP_B_b160_n92801,ART1_LOOP_DEV,not_direct_comparison
none,,,,,,,,B,151,development_v1,initialization_or_no_direct_pool,at_or_after_first_return,dev_LOOP_B_b160_n92801,ART1_LOOP_DEV,not_direct_comparison
none,,,,,,,,B,152,development_v1,initialization_or_no_direct_pool,at_or_after_first_return,dev_LOOP_B_b160_n92801,ART1_LOOP_DEV,not_direct_comparison
none,,,,,,,,B,153,development_v1,initialization_or_no_direct_pool,at_or_after_first_return,dev_LOOP_B_b160_n92801,ART1_LOOP_DEV,not_direct_comparison
none,,,,,,,,B,154,development_v1,initialization_or_no_direct_pool,at_or_after_first_return,dev_LOOP_B_b160_n92801,ART1_LOOP_DEV,not_direct_comparison
none,,,,,,,,B,155,development_v1,initialization_or_no_direct_pool,at_or_after_first_return,dev_LOOP_B_b160_n92801,ART1_LOOP_DEV,not_direct_comparison
none,,,,,,,,B,156,development_v1,initialization_or_no_direct_pool,at_or_after_first_return,dev_LOOP_B_b160_n92801,ART1_LOOP_DEV,not_direct_comparison
none,,,,,,,,B,157,development_v1,initialization_or_no_direct_pool,at_or_after_first_return,dev_LOOP_B_b160_n92801,ART1_LOOP_DEV,not_direct_comparison
none,,,,,,,,B,158,development_v1,initialization_or_no_direct_pool,at_or_after_first_return,dev_LOOP_B_b160_n92801,ART1_LOOP_DEV,not_direct_comparison
none,,,,,,,,B,159,development_v1,initialization_or_no_direct_pool,at_or_after_first_return,dev_LOOP_B_b160_n92801,ART1_LOOP_DEV,not_direct_comparison
none,,,,,,,,B,160,development_v1,initialization_or_no_direct_pool,at_or_after_first_return,dev_LOOP_B_b160_n92801,ART1_LOOP_DEV,not_direct_comparison
direct,n_000_003:2,False,False,True,"{""all_fixed_B_direct_changes_excluded"": true, ""all_recorded_direct_changes_excluded"": true, ""individual_endpoint_top1_change"": false, ""recorded_and_fixed_B_winner_equal"": true, ""recorded_direct_winner"": ""n_000_003:2"", ""same_state_fixed_B_direct_winner"": ""n_000_003:2"", ""variable_instances"": 0}",32,"{""all_fixed_B_direct_changes_excluded"": true, ""all_recorded_direct_changes_excluded"": true, ""individual_endpoint_top1_change"": false, ""recorded_and_fixed_B_winner_equal"": true, ""recorded_direct_winner"": ""n_000_003:2"", ""same_state_fixed_B_direct_winner"": ""n_000_003:2"", ""variable_instances"": 0}",G,0,development_v1,,before_first_return,dev_LOOP_G_b160_n92801,ART1_LOOP_DEV,analyzed
direct,n_002_003:0,False,False,True,"{""all_fixed_B_direct_changes_excluded"": true, ""all_recorded_direct_changes_excluded"": true, ""individual_endpoint_top1_change"": false, ""recorded_and_fixed_B_winner_equal"": true, ""recorded_direct_winner"": ""n_002_003:0"", ""same_state_fixed_B_direct_winner"": ""n_002_003:0"", ""variable_instances"": 0}",32,"{""all_fixed_B_direct_changes_excluded"": true, ""all_recorded_direct_changes_excluded"": true, ""individual_endpoint_top1_change"": false, ""recorded_and_fixed_B_winner_equal"": true, ""recorded_direct_winner"": ""n_002_003:0"", ""same_state_fixed_B_direct_winner"": ""n_002_003:0"", ""variable_instances"": 0}",G,17,development_v1,,before_first_return,dev_LOOP_G_b160_n92801,ART1_LOOP_DEV,analyzed
direct,n_002_004:1,True,True,True,"{""all_fixed_B_direct_changes_excluded"": true, ""all_recorded_direct_changes_excluded"": true, ""individual_endpoint_top1_change"": false, ""recorded_and_fixed_B_winner_equal"": true, ""recorded_direct_winner"": ""n_002_004:1"", ""same_state_fixed_B_direct_winner"": ""n_002_004:1"", ""variable_instances"": 0}",32,"{""all_fixed_B_direct_changes_excluded"": true, ""all_recorded_direct_changes_excluded"": true, ""individual_endpoint_top1_change"": false, ""recorded_and_fixed_B_winner_equal"": true, ""recorded_direct_winner"": ""n_002_004:1"", ""same_state_fixed_B_direct_winner"": ""n_002_004:1"", ""variable_instances"": 0}",G,28,development_v1,,before_first_return,dev_LOOP_G_b160_n92801,ART1_LOOP_DEV,analyzed
direct,n_002_004:9,True,True,True,"{""all_fixed_B_direct_changes_excluded"": true, ""all_recorded_direct_changes_excluded"": true, ""individual_endpoint_top1_change"": false, ""recorded_and_fixed_B_winner_equal"": true, ""recorded_direct_winner"": ""n_002_004:9"", ""same_state_fixed_B_direct_winner"": ""n_002_004:9"", ""variable_instances"": 0}",32,"{""all_fixed_B_direct_changes_excluded"": true, ""all_recorded_direct_changes_excluded"": true, ""individual_endpoint_top1_change"": false, ""recorded_and_fixed_B_winner_equal"": true, ""recorded_direct_winner"": ""n_002_004:9"", ""same_state_fixed_B_direct_winner"": ""n_002_004:9"", ""variable_instances"": 0}",G,38,development_v1,,before_first_return,dev_LOOP_G_b160_n92801,ART1_LOOP_DEV,analyzed
direct,n_002_004:8,True,True,True,"{""all_fixed_B_direct_changes_excluded"": true, ""all_recorded_direct_changes_excluded"": true, ""individual_endpoint_top1_change"": false, ""recorded_and_fixed_B_winner_equal"": true, ""recorded_direct_winner"": ""n_002_004:8"", ""same_state_fixed_B_direct_winner"": ""n_002_004:8"", ""variable_instances"": 0}",32,"{""all_fixed_B_direct_changes_excluded"": true, ""all_recorded_direct_changes_excluded"": true, ""individual_endpoint_top1_change"": false, ""recorded_and_fixed_B_winner_equal"": true, ""recorded_direct_winner"": ""n_002_004:8"", ""same_state_fixed_B_direct_winner"": ""n_002_004:8"", ""variable_instances"": 0}",G,43,development_v1,,before_first_return,dev_LOOP_G_b160_n92801,ART1_LOOP_DEV,analyzed
direct,n_002_003:8,True,True,True,"{""all_fixed_B_direct_changes_excluded"": true, ""all_recorded_direct_changes_excluded"": true, ""individual_endpoint_top1_change"": false, ""recorded_and_fixed_B_winner_equal"": true, ""recorded_direct_winner"": ""n_002_003:8"", ""same_state_fixed_B_direct_winner"": ""n_002_003:8"", ""variable_instances"": 0}",32,"{""all_fixed_B_direct_changes_excluded"": true, ""all_recorded_direct_changes_excluded"": true, ""individual_endpoint_top1_change"": false, ""recorded_and_fixed_B_winner_equal"": true, ""recorded_direct_winner"": ""n_002_003:8"", ""same_state_fixed_B_direct_winner"": ""n_002_003:8"", ""variable_instances"": 0}",G,45,development_v1,,before_first_return,dev_LOOP_G_b160_n92801,ART1_LOOP_DEV,analyzed
direct,n_002_003:7,True,True,True,"{""all_fixed_B_direct_changes_excluded"": true, ""all_recorded_direct_changes_excluded"": true, ""individual_endpoint_top1_change"": false, ""recorded_and_fixed_B_winner_equal"": true, ""recorded_direct_winner"": ""n_002_003:7"", ""same_state_fixed_B_direct_winner"": ""n_002_003:7"", ""variable_instances"": 0}",32,"{""all_fixed_B_direct_changes_excluded"": true, ""all_recorded_direct_changes_excluded"": true, ""individual_endpoint_top1_change"": false, ""recorded_and_fixed_B_winner_equal"": true, ""recorded_direct_winner"": ""n_002_003:7"", ""same_state_fixed_B_direct_winner"": ""n_002_003:7"", ""variable_instances"": 0}",G,52,development_v1,,before_first_return,dev_LOOP_G_b160_n92801,ART1_LOOP_DEV,analyzed
direct,n_002_003:6,True,True,True,"{""all_fixed_B_direct_changes_excluded"": true, ""all_recorded_direct_changes_excluded"": true, ""individual_endpoint_top1_change"": false, ""recorded_and_fixed_B_winner_equal"": true, ""recorded_direct_winner"": ""n_002_003:6"", ""same_state_fixed_B_direct_winner"": ""n_002_003:6"", ""variable_instances"": 0}",32,"{""all_fixed_B_direct_changes_excluded"": true, ""all_recorded_direct_changes_excluded"": true, ""individual_endpoint_top1_change"": false, ""recorded_and_fixed_B_winner_equal"": true, ""recorded_direct_winner"": ""n_002_003:6"", ""same_state_fixed_B_direct_winner"": ""n_002_003:6"", ""variable_instances"": 0}",G,54,development_v1,,before_first_return,dev_LOOP_G_b160_n92801,ART1_LOOP_DEV,analyzed
direct,n_002_004:7,True,True,True,"{""all_fixed_B_direct_changes_excluded"": true, ""all_recorded_direct_changes_excluded"": true, ""individual_endpoint_top1_change"": false, ""recorded_and_fixed_B_winner_equal"": true, ""recorded_direct_winner"": ""n_002_004:7"", ""same_state_fixed_B_direct_winner"": ""n_002_004:7"", ""variable_instances"": 0}",32,"{""all_fixed_B_direct_changes_excluded"": true, ""all_recorded_direct_changes_excluded"": true, ""individual_endpoint_top1_change"": false, ""recorded_and_fixed_B_winner_equal"": true, ""recorded_direct_winner"": ""n_002_004:7"", ""same_state_fixed_B_direct_winner"": ""n_002_004:7"", ""variable_instances"": 0}",G,56,development_v1,,before_first_return,dev_LOOP_G_b160_n92801,ART1_LOOP_DEV,analyzed
direct,n_003_005:0,True,True,True,"{""all_fixed_B_direct_changes_excluded"": true, ""all_recorded_direct_changes_excluded"": true, ""individual_endpoint_top1_change"": false, ""recorded_and_fixed_B_winner_equal"": true, ""recorded_direct_winner"": ""n_003_005:0"", ""same_state_fixed_B_direct_winner"": ""n_003_005:0"", ""variable_instances"": 0}",32,"{""all_fixed_B_direct_changes_excluded"": true, ""all_recorded_direct_changes_excluded"": true, ""individual_endpoint_top1_change"": false, ""recorded_and_fixed_B_winner_equal"": true, ""recorded_direct_winner"": ""n_003_005:0"", ""same_state_fixed_B_direct_winner"": ""n_003_005:0"", ""variable_instances"": 0}",G,68,development_v1,,before_first_return,dev_LOOP_G_b160_n92801,ART1_LOOP_DEV,analyzed
direct,n_003_005:7,True,True,True,"{""all_fixed_B_direct_changes_excluded"": true, ""all_recorded_direct_changes_excluded"": true, ""individual_endpoint_top1_change"": false, ""recorded_and_fixed_B_winner_equal"": true, ""recorded_direct_winner"": ""n_003_005:7"", ""same_state_fixed_B_direct_winner"": ""n_003_005:7"", ""variable_instances"": 0}",31,"{""all_fixed_B_direct_changes_excluded"": true, ""all_recorded_direct_changes_excluded"": true, ""individual_endpoint_top1_change"": false, ""recorded_and_fixed_B_winner_equal"": true, ""recorded_direct_winner"": ""n_003_005:7"", ""same_state_fixed_B_direct_winner"": ""n_003_005:7"", ""variable_instances"": 0}",G,84,development_v1,,before_first_return,dev_LOOP_G_b160_n92801,ART1_LOOP_DEV,analyzed
direct,n_002_005:7,True,True,True,"{""all_fixed_B_direct_changes_excluded"": true, ""all_recorded_direct_changes_excluded"": true, ""individual_endpoint_top1_change"": false, ""recorded_and_fixed_B_winner_equal"": true, ""recorded_direct_winner"": ""n_002_005:7"", ""same_state_fixed_B_direct_winner"": ""n_002_005:7"", ""variable_instances"": 0}",28,"{""all_fixed_B_direct_changes_excluded"": true, ""all_recorded_direct_changes_excluded"": true, ""individual_endpoint_top1_change"": false, ""recorded_and_fixed_B_winner_equal"": true, ""recorded_direct_winner"": ""n_002_005:7"", ""same_state_fixed_B_direct_winner"": ""n_002_005:7"", ""variable_instances"": 0}",G,90,development_v1,,before_first_return,dev_LOOP_G_b160_n92801,ART1_LOOP_DEV,analyzed
direct,n_002_005:8,True,True,True,"{""all_fixed_B_direct_changes_excluded"": true, ""all_recorded_direct_changes_excluded"": true, ""individual_endpoint_top1_change"": false, ""recorded_and_fixed_B_winner_equal"": true, ""recorded_direct_winner"": ""n_002_005:8"", ""same_state_fixed_B_direct_winner"": ""n_002_005:8"", ""variable_instances"": 0}",27,"{""all_fixed_B_direct_changes_excluded"": true, ""all_recorded_direct_changes_excluded"": true, ""individual_endpoint_top1_change"": false, ""recorded_and_fixed_B_winner_equal"": true, ""recorded_direct_winner"": ""n_002_005:8"", ""same_state_fixed_B_direct_winner"": ""n_002_005:8"", ""variable_instances"": 0}",G,97,development_v1,,before_first_return,dev_LOOP_G_b160_n92801,ART1_LOOP_DEV,analyzed
direct,n_002_005:9,True,True,True,"{""all_fixed_B_direct_changes_excluded"": true, ""all_recorded_direct_changes_excluded"": true, ""individual_endpoint_top1_change"": false, ""recorded_and_fixed_B_winner_equal"": true, ""recorded_direct_winner"": ""n_002_005:9"", ""same_state_fixed_B_direct_winner"": ""n_002_005:9"", ""variable_instances"": 0}",29,"{""all_fixed_B_direct_changes_excluded"": true, ""all_recorded_direct_changes_excluded"": true, ""individual_endpoint_top1_change"": false, ""recorded_and_fixed_B_winner_equal"": true, ""recorded_direct_winner"": ""n_002_005:9"", ""same_state_fixed_B_direct_winner"": ""n_002_005:9"", ""variable_instances"": 0}",G,99,development_v1,,before_first_return,dev_LOOP_G_b160_n92801,ART1_LOOP_DEV,analyzed
direct,n_002_005:10,True,True,True,"{""all_fixed_B_direct_changes_excluded"": true, ""all_recorded_direct_changes_excluded"": true, ""individual_endpoint_top1_change"": false, ""recorded_and_fixed_B_winner_equal"": true, ""recorded_direct_winner"": ""n_002_005:10"", ""same_state_fixed_B_direct_winner"": ""n_002_005:10"", ""variable_instances"": 0}",28,"{""all_fixed_B_direct_changes_excluded"": true, ""all_recorded_direct_changes_excluded"": true, ""individual_endpoint_top1_change"": false, ""recorded_and_fixed_B_winner_equal"": true, ""recorded_direct_winner"": ""n_002_005:10"", ""same_state_fixed_B_direct_winner"": ""n_002_005:10"", ""variable_instances"": 0}",G,101,development_v1,,before_first_return,dev_LOOP_G_b160_n92801,ART1_LOOP_DEV,analyzed
direct,n_002_003:10,True,True,True,"{""all_fixed_B_direct_changes_excluded"": true, ""all_recorded_direct_changes_excluded"": true, ""individual_endpoint_top1_change"": false, ""recorded_and_fixed_B_winner_equal"": true, ""recorded_direct_winner"": ""n_002_003:10"", ""same_state_fixed_B_direct_winner"": ""n_002_003:10"", ""variable_instances"": 0}",27,"{""all_fixed_B_direct_changes_excluded"": true, ""all_recorded_direct_changes_excluded"": true, ""individual_endpoint_top1_change"": false, ""recorded_and_fixed_B_winner_equal"": true, ""recorded_direct_winner"": ""n_002_003:10"", ""same_state_fixed_B_direct_winner"": ""n_002_003:10"", ""variable_instances"": 0}",G,103,development_v1,,before_first_return,dev_LOOP_G_b160_n92801,ART1_LOOP_DEV,analyzed
direct,n_000_004:1,True,True,True,"{""all_fixed_B_direct_changes_excluded"": true, ""all_recorded_direct_changes_excluded"": true, ""individual_endpoint_top1_change"": false, ""recorded_and_fixed_B_winner_equal"": true, ""recorded_direct_winner"": ""n_000_004:1"", ""same_state_fixed_B_direct_winner"": ""n_000_004:1"", ""variable_instances"": 0}",20,"{""all_fixed_B_direct_changes_excluded"": true, ""all_recorded_direct_changes_excluded"": true, ""individual_endpoint_top1_change"": false, ""recorded_and_fixed_B_winner_equal"": true, ""recorded_direct_winner"": ""n_000_004:1"", ""same_state_fixed_B_direct_winner"": ""n_000_004:1"", ""variable_instances"": 0}",G,114,development_v1,,before_first_return,dev_LOOP_G_b160_n92801,ART1_LOOP_DEV,analyzed
direct,n_000_004:0,True,True,True,"{""all_fixed_B_direct_changes_excluded"": true, ""all_recorded_direct_changes_excluded"": true, ""individual_endpoint_top1_change"": false, ""recorded_and_fixed_B_winner_equal"": true, ""recorded_direct_winner"": ""n_000_004:0"", ""same_state_fixed_B_direct_winner"": ""n_000_004:0"", ""variable_instances"": 0}",6,"{""all_fixed_B_direct_changes_excluded"": true, ""all_recorded_direct_changes_excluded"": true, ""individual_endpoint_top1_change"": false, ""recorded_and_fixed_B_winner_equal"": true, ""recorded_direct_winner"": ""n_000_004:0"", ""same_state_fixed_B_direct_winner"": ""n_000_004:0"", ""variable_instances"": 0}",G,136,development_v1,,before_first_return,dev_LOOP_G_b160_n92801,ART1_LOOP_DEV,analyzed
none,,,,,,,,G,138,development_v1,initialization_or_no_direct_pool,at_or_after_first_return,dev_LOOP_G_b160_n92801,ART1_LOOP_DEV,not_direct_comparison
none,,,,,,,,G,139,development_v1,initialization_or_no_direct_pool,at_or_after_first_return,dev_LOOP_G_b160_n92801,ART1_LOOP_DEV,not_direct_comparison
none,,,,,,,,G,140,development_v1,initialization_or_no_direct_pool,at_or_after_first_return,dev_LOOP_G_b160_n92801,ART1_LOOP_DEV,not_direct_comparison
none,,,,,,,,G,141,development_v1,initialization_or_no_direct_pool,at_or_after_first_return,dev_LOOP_G_b160_n92801,ART1_LOOP_DEV,not_direct_comparison
none,,,,,,,,G,142,development_v1,initialization_or_no_direct_pool,at_or_after_first_return,dev_LOOP_G_b160_n92801,ART1_LOOP_DEV,not_direct_comparison
none,,,,,,,,G,143,development_v1,initialization_or_no_direct_pool,at_or_after_first_return,dev_LOOP_G_b160_n92801,ART1_LOOP_DEV,not_direct_comparison
none,,,,,,,,G,144,development_v1,initialization_or_no_direct_pool,at_or_after_first_return,dev_LOOP_G_b160_n92801,ART1_LOOP_DEV,not_direct_comparison
none,,,,,,,,G,145,development_v1,initialization_or_no_direct_pool,at_or_after_first_return,dev_LOOP_G_b160_n92801,ART1_LOOP_DEV,not_direct_comparison
none,,,,,,,,G,146,development_v1,initialization_or_no_direct_pool,at_or_after_first_return,dev_LOOP_G_b160_n92801,ART1_LOOP_DEV,not_direct_comparison
none,,,,,,,,G,147,development_v1,initialization_or_no_direct_pool,at_or_after_first_return,dev_LOOP_G_b160_n92801,ART1_LOOP_DEV,not_direct_comparison
none,,,,,,,,G,148,development_v1,initialization_or_no_direct_pool,at_or_after_first_return,dev_LOOP_G_b160_n92801,ART1_LOOP_DEV,not_direct_comparison
none,,,,,,,,G,149,development_v1,initialization_or_no_direct_pool,at_or_after_first_return,dev_LOOP_G_b160_n92801,ART1_LOOP_DEV,not_direct_comparison
none,,,,,,,,G,150,development_v1,initialization_or_no_direct_pool,at_or_after_first_return,dev_LOOP_G_b160_n92801,ART1_LOOP_DEV,not_direct_comparison
none,,,,,,,,G,151,development_v1,initialization_or_no_direct_pool,at_or_after_first_return,dev_LOOP_G_b160_n92801,ART1_LOOP_DEV,not_direct_comparison
none,,,,,,,,G,152,development_v1,initialization_or_no_direct_pool,at_or_after_first_return,dev_LOOP_G_b160_n92801,ART1_LOOP_DEV,not_direct_comparison
none,,,,,,,,G,153,development_v1,initialization_or_no_direct_pool,at_or_after_first_return,dev_LOOP_G_b160_n92801,ART1_LOOP_DEV,not_direct_comparison
none,,,,,,,,G,154,development_v1,initialization_or_no_direct_pool,at_or_after_first_return,dev_LOOP_G_b160_n92801,ART1_LOOP_DEV,not_direct_comparison
none,,,,,,,,G,155,development_v1,initialization_or_no_direct_pool,at_or_after_first_return,dev_LOOP_G_b160_n92801,ART1_LOOP_DEV,not_direct_comparison
none,,,,,,,,G,156,development_v1,initialization_or_no_direct_pool,at_or_after_first_return,dev_LOOP_G_b160_n92801,ART1_LOOP_DEV,not_direct_comparison
none,,,,,,,,G,157,development_v1,initialization_or_no_direct_pool,at_or_after_first_return,dev_LOOP_G_b160_n92801,ART1_LOOP_DEV,not_direct_comparison
none,,,,,,,,G,158,development_v1,initialization_or_no_direct_pool,at_or_after_first_return,dev_LOOP_G_b160_n92801,ART1_LOOP_DEV,not_direct_comparison
none,,,,,,,,G,159,development_v1,initialization_or_no_direct_pool,at_or_after_first_return,dev_LOOP_G_b160_n92801,ART1_LOOP_DEV,not_direct_comparison
none,,,,,,,,G,160,development_v1,initialization_or_no_direct_pool,at_or_after_first_return,dev_LOOP_G_b160_n92801,ART1_LOOP_DEV,not_direct_comparison
direct,n_000_003:2,False,False,True,"{""all_fixed_B_direct_changes_excluded"": true, ""all_recorded_direct_changes_excluded"": true, ""individual_endpoint_top1_change"": false, ""recorded_and_fixed_B_winner_equal"": true, ""recorded_direct_winner"": ""n_000_003:2"", ""same_state_fixed_B_direct_winner"": ""n_000_003:2"", ""variable_instances"": 0}",32,"{""all_fixed_B_direct_changes_excluded"": true, ""all_recorded_direct_changes_excluded"": true, ""individual_endpoint_top1_change"": false, ""recorded_and_fixed_B_winner_equal"": true, ""recorded_direct_winner"": ""n_000_003:2"", ""same_state_fixed_B_direct_winner"": ""n_000_003:2"", ""variable_instances"": 0}",NBV,0,development_v1,,before_first_return,dev_LOOP_NBV_b160_n92801,ART1_LOOP_DEV,analyzed
direct,n_002_003:0,False,False,True,"{""all_fixed_B_direct_changes_excluded"": true, ""all_recorded_direct_changes_excluded"": true, ""individual_endpoint_top1_change"": false, ""recorded_and_fixed_B_winner_equal"": true, ""recorded_direct_winner"": ""n_002_003:0"", ""same_state_fixed_B_direct_winner"": ""n_002_003:0"", ""variable_instances"": 0}",32,"{""all_fixed_B_direct_changes_excluded"": true, ""all_recorded_direct_changes_excluded"": true, ""individual_endpoint_top1_change"": false, ""recorded_and_fixed_B_winner_equal"": true, ""recorded_direct_winner"": ""n_002_003:0"", ""same_state_fixed_B_direct_winner"": ""n_002_003:0"", ""variable_instances"": 0}",NBV,17,development_v1,,before_first_return,dev_LOOP_NBV_b160_n92801,ART1_LOOP_DEV,analyzed
direct,n_002_004:1,True,True,True,"{""all_fixed_B_direct_changes_excluded"": true, ""all_recorded_direct_changes_excluded"": true, ""individual_endpoint_top1_change"": false, ""recorded_and_fixed_B_winner_equal"": true, ""recorded_direct_winner"": ""n_002_004:1"", ""same_state_fixed_B_direct_winner"": ""n_002_004:1"", ""variable_instances"": 0}",32,"{""all_fixed_B_direct_changes_excluded"": true, ""all_recorded_direct_changes_excluded"": true, ""individual_endpoint_top1_change"": false, ""recorded_and_fixed_B_winner_equal"": true, ""recorded_direct_winner"": ""n_002_004:1"", ""same_state_fixed_B_direct_winner"": ""n_002_004:1"", ""variable_instances"": 0}",NBV,28,development_v1,,before_first_return,dev_LOOP_NBV_b160_n92801,ART1_LOOP_DEV,analyzed
direct,n_002_004:9,True,True,True,"{""all_fixed_B_direct_changes_excluded"": true, ""all_recorded_direct_changes_excluded"": true, ""individual_endpoint_top1_change"": false, ""recorded_and_fixed_B_winner_equal"": true, ""recorded_direct_winner"": ""n_002_004:9"", ""same_state_fixed_B_direct_winner"": ""n_002_004:9"", ""variable_instances"": 0}",32,"{""all_fixed_B_direct_changes_excluded"": true, ""all_recorded_direct_changes_excluded"": true, ""individual_endpoint_top1_change"": false, ""recorded_and_fixed_B_winner_equal"": true, ""recorded_direct_winner"": ""n_002_004:9"", ""same_state_fixed_B_direct_winner"": ""n_002_004:9"", ""variable_instances"": 0}",NBV,38,development_v1,,before_first_return,dev_LOOP_NBV_b160_n92801,ART1_LOOP_DEV,analyzed
direct,n_002_004:8,True,True,True,"{""all_fixed_B_direct_changes_excluded"": true, ""all_recorded_direct_changes_excluded"": true, ""individual_endpoint_top1_change"": false, ""recorded_and_fixed_B_winner_equal"": true, ""recorded_direct_winner"": ""n_002_004:8"", ""same_state_fixed_B_direct_winner"": ""n_002_004:8"", ""variable_instances"": 0}",32,"{""all_fixed_B_direct_changes_excluded"": true, ""all_recorded_direct_changes_excluded"": true, ""individual_endpoint_top1_change"": false, ""recorded_and_fixed_B_winner_equal"": true, ""recorded_direct_winner"": ""n_002_004:8"", ""same_state_fixed_B_direct_winner"": ""n_002_004:8"", ""variable_instances"": 0}",NBV,43,development_v1,,before_first_return,dev_LOOP_NBV_b160_n92801,ART1_LOOP_DEV,analyzed
direct,n_002_003:8,True,True,True,"{""all_fixed_B_direct_changes_excluded"": true, ""all_recorded_direct_changes_excluded"": true, ""individual_endpoint_top1_change"": false, ""recorded_and_fixed_B_winner_equal"": true, ""recorded_direct_winner"": ""n_002_003:8"", ""same_state_fixed_B_direct_winner"": ""n_002_003:8"", ""variable_instances"": 0}",32,"{""all_fixed_B_direct_changes_excluded"": true, ""all_recorded_direct_changes_excluded"": true, ""individual_endpoint_top1_change"": false, ""recorded_and_fixed_B_winner_equal"": true, ""recorded_direct_winner"": ""n_002_003:8"", ""same_state_fixed_B_direct_winner"": ""n_002_003:8"", ""variable_instances"": 0}",NBV,45,development_v1,,before_first_return,dev_LOOP_NBV_b160_n92801,ART1_LOOP_DEV,analyzed
direct,n_002_003:7,True,True,True,"{""all_fixed_B_direct_changes_excluded"": true, ""all_recorded_direct_changes_excluded"": true, ""individual_endpoint_top1_change"": false, ""recorded_and_fixed_B_winner_equal"": true, ""recorded_direct_winner"": ""n_002_003:7"", ""same_state_fixed_B_direct_winner"": ""n_002_003:7"", ""variable_instances"": 0}",32,"{""all_fixed_B_direct_changes_excluded"": true, ""all_recorded_direct_changes_excluded"": true, ""individual_endpoint_top1_change"": false, ""recorded_and_fixed_B_winner_equal"": true, ""recorded_direct_winner"": ""n_002_003:7"", ""same_state_fixed_B_direct_winner"": ""n_002_003:7"", ""variable_instances"": 0}",NBV,52,development_v1,,before_first_return,dev_LOOP_NBV_b160_n92801,ART1_LOOP_DEV,analyzed
direct,n_002_003:6,True,True,True,"{""all_fixed_B_direct_changes_excluded"": true, ""all_recorded_direct_changes_excluded"": true, ""individual_endpoint_top1_change"": false, ""recorded_and_fixed_B_winner_equal"": true, ""recorded_direct_winner"": ""n_002_003:6"", ""same_state_fixed_B_direct_winner"": ""n_002_003:6"", ""variable_instances"": 0}",32,"{""all_fixed_B_direct_changes_excluded"": true, ""all_recorded_direct_changes_excluded"": true, ""individual_endpoint_top1_change"": false, ""recorded_and_fixed_B_winner_equal"": true, ""recorded_direct_winner"": ""n_002_003:6"", ""same_state_fixed_B_direct_winner"": ""n_002_003:6"", ""variable_instances"": 0}",NBV,54,development_v1,,before_first_return,dev_LOOP_NBV_b160_n92801,ART1_LOOP_DEV,analyzed
direct,n_002_004:7,True,True,True,"{""all_fixed_B_direct_changes_excluded"": true, ""all_recorded_direct_changes_excluded"": true, ""individual_endpoint_top1_change"": false, ""recorded_and_fixed_B_winner_equal"": true, ""recorded_direct_winner"": ""n_002_004:7"", ""same_state_fixed_B_direct_winner"": ""n_002_004:7"", ""variable_instances"": 0}",32,"{""all_fixed_B_direct_changes_excluded"": true, ""all_recorded_direct_changes_excluded"": true, ""individual_endpoint_top1_change"": false, ""recorded_and_fixed_B_winner_equal"": true, ""recorded_direct_winner"": ""n_002_004:7"", ""same_state_fixed_B_direct_winner"": ""n_002_004:7"", ""variable_instances"": 0}",NBV,56,development_v1,,before_first_return,dev_LOOP_NBV_b160_n92801,ART1_LOOP_DEV,analyzed
direct,n_003_005:0,True,True,True,"{""all_fixed_B_direct_changes_excluded"": true, ""all_recorded_direct_changes_excluded"": true, ""individual_endpoint_top1_change"": false, ""recorded_and_fixed_B_winner_equal"": true, ""recorded_direct_winner"": ""n_003_005:0"", ""same_state_fixed_B_direct_winner"": ""n_003_005:0"", ""variable_instances"": 0}",32,"{""all_fixed_B_direct_changes_excluded"": true, ""all_recorded_direct_changes_excluded"": true, ""individual_endpoint_top1_change"": false, ""recorded_and_fixed_B_winner_equal"": true, ""recorded_direct_winner"": ""n_003_005:0"", ""same_state_fixed_B_direct_winner"": ""n_003_005:0"", ""variable_instances"": 0}",NBV,68,development_v1,,before_first_return,dev_LOOP_NBV_b160_n92801,ART1_LOOP_DEV,analyzed
direct,n_003_005:7,True,True,True,"{""all_fixed_B_direct_changes_excluded"": true, ""all_recorded_direct_changes_excluded"": true, ""individual_endpoint_top1_change"": false, ""recorded_and_fixed_B_winner_equal"": true, ""recorded_direct_winner"": ""n_003_005:7"", ""same_state_fixed_B_direct_winner"": ""n_003_005:7"", ""variable_instances"": 0}",31,"{""all_fixed_B_direct_changes_excluded"": true, ""all_recorded_direct_changes_excluded"": true, ""individual_endpoint_top1_change"": false, ""recorded_and_fixed_B_winner_equal"": true, ""recorded_direct_winner"": ""n_003_005:7"", ""same_state_fixed_B_direct_winner"": ""n_003_005:7"", ""variable_instances"": 0}",NBV,84,development_v1,,before_first_return,dev_LOOP_NBV_b160_n92801,ART1_LOOP_DEV,analyzed
direct,n_002_005:7,True,True,True,"{""all_fixed_B_direct_changes_excluded"": true, ""all_recorded_direct_changes_excluded"": true, ""individual_endpoint_top1_change"": false, ""recorded_and_fixed_B_winner_equal"": true, ""recorded_direct_winner"": ""n_002_005:7"", ""same_state_fixed_B_direct_winner"": ""n_002_005:7"", ""variable_instances"": 0}",28,"{""all_fixed_B_direct_changes_excluded"": true, ""all_recorded_direct_changes_excluded"": true, ""individual_endpoint_top1_change"": false, ""recorded_and_fixed_B_winner_equal"": true, ""recorded_direct_winner"": ""n_002_005:7"", ""same_state_fixed_B_direct_winner"": ""n_002_005:7"", ""variable_instances"": 0}",NBV,90,development_v1,,before_first_return,dev_LOOP_NBV_b160_n92801,ART1_LOOP_DEV,analyzed
direct,n_002_005:8,True,True,True,"{""all_fixed_B_direct_changes_excluded"": true, ""all_recorded_direct_changes_excluded"": true, ""individual_endpoint_top1_change"": false, ""recorded_and_fixed_B_winner_equal"": true, ""recorded_direct_winner"": ""n_002_005:8"", ""same_state_fixed_B_direct_winner"": ""n_002_005:8"", ""variable_instances"": 0}",27,"{""all_fixed_B_direct_changes_excluded"": true, ""all_recorded_direct_changes_excluded"": true, ""individual_endpoint_top1_change"": false, ""recorded_and_fixed_B_winner_equal"": true, ""recorded_direct_winner"": ""n_002_005:8"", ""same_state_fixed_B_direct_winner"": ""n_002_005:8"", ""variable_instances"": 0}",NBV,97,development_v1,,before_first_return,dev_LOOP_NBV_b160_n92801,ART1_LOOP_DEV,analyzed
direct,n_002_005:9,True,True,True,"{""all_fixed_B_direct_changes_excluded"": true, ""all_recorded_direct_changes_excluded"": true, ""individual_endpoint_top1_change"": false, ""recorded_and_fixed_B_winner_equal"": true, ""recorded_direct_winner"": ""n_002_005:9"", ""same_state_fixed_B_direct_winner"": ""n_002_005:9"", ""variable_instances"": 0}",29,"{""all_fixed_B_direct_changes_excluded"": true, ""all_recorded_direct_changes_excluded"": true, ""individual_endpoint_top1_change"": false, ""recorded_and_fixed_B_winner_equal"": true, ""recorded_direct_winner"": ""n_002_005:9"", ""same_state_fixed_B_direct_winner"": ""n_002_005:9"", ""variable_instances"": 0}",NBV,99,development_v1,,before_first_return,dev_LOOP_NBV_b160_n92801,ART1_LOOP_DEV,analyzed
direct,n_002_005:10,True,True,True,"{""all_fixed_B_direct_changes_excluded"": true, ""all_recorded_direct_changes_excluded"": true, ""individual_endpoint_top1_change"": false, ""recorded_and_fixed_B_winner_equal"": true, ""recorded_direct_winner"": ""n_002_005:10"", ""same_state_fixed_B_direct_winner"": ""n_002_005:10"", ""variable_instances"": 0}",28,"{""all_fixed_B_direct_changes_excluded"": true, ""all_recorded_direct_changes_excluded"": true, ""individual_endpoint_top1_change"": false, ""recorded_and_fixed_B_winner_equal"": true, ""recorded_direct_winner"": ""n_002_005:10"", ""same_state_fixed_B_direct_winner"": ""n_002_005:10"", ""variable_instances"": 0}",NBV,101,development_v1,,before_first_return,dev_LOOP_NBV_b160_n92801,ART1_LOOP_DEV,analyzed
direct,n_002_003:10,True,True,True,"{""all_fixed_B_direct_changes_excluded"": true, ""all_recorded_direct_changes_excluded"": true, ""individual_endpoint_top1_change"": false, ""recorded_and_fixed_B_winner_equal"": true, ""recorded_direct_winner"": ""n_002_003:10"", ""same_state_fixed_B_direct_winner"": ""n_002_003:10"", ""variable_instances"": 0}",27,"{""all_fixed_B_direct_changes_excluded"": true, ""all_recorded_direct_changes_excluded"": true, ""individual_endpoint_top1_change"": false, ""recorded_and_fixed_B_winner_equal"": true, ""recorded_direct_winner"": ""n_002_003:10"", ""same_state_fixed_B_direct_winner"": ""n_002_003:10"", ""variable_instances"": 0}",NBV,103,development_v1,,before_first_return,dev_LOOP_NBV_b160_n92801,ART1_LOOP_DEV,analyzed
direct,n_000_004:1,True,True,True,"{""all_fixed_B_direct_changes_excluded"": true, ""all_recorded_direct_changes_excluded"": true, ""individual_endpoint_top1_change"": false, ""recorded_and_fixed_B_winner_equal"": true, ""recorded_direct_winner"": ""n_000_004:1"", ""same_state_fixed_B_direct_winner"": ""n_000_004:1"", ""variable_instances"": 0}",20,"{""all_fixed_B_direct_changes_excluded"": true, ""all_recorded_direct_changes_excluded"": true, ""individual_endpoint_top1_change"": false, ""recorded_and_fixed_B_winner_equal"": true, ""recorded_direct_winner"": ""n_000_004:1"", ""same_state_fixed_B_direct_winner"": ""n_000_004:1"", ""variable_instances"": 0}",NBV,114,development_v1,,before_first_return,dev_LOOP_NBV_b160_n92801,ART1_LOOP_DEV,analyzed
direct,n_000_004:0,True,True,True,"{""all_fixed_B_direct_changes_excluded"": true, ""all_recorded_direct_changes_excluded"": true, ""individual_endpoint_top1_change"": false, ""recorded_and_fixed_B_winner_equal"": true, ""recorded_direct_winner"": ""n_000_004:0"", ""same_state_fixed_B_direct_winner"": ""n_000_004:0"", ""variable_instances"": 0}",6,"{""all_fixed_B_direct_changes_excluded"": true, ""all_recorded_direct_changes_excluded"": true, ""individual_endpoint_top1_change"": false, ""recorded_and_fixed_B_winner_equal"": true, ""recorded_direct_winner"": ""n_000_004:0"", ""same_state_fixed_B_direct_winner"": ""n_000_004:0"", ""variable_instances"": 0}",NBV,136,development_v1,,before_first_return,dev_LOOP_NBV_b160_n92801,ART1_LOOP_DEV,analyzed
none,,,,,,,,NBV,138,development_v1,initialization_or_no_direct_pool,at_or_after_first_return,dev_LOOP_NBV_b160_n92801,ART1_LOOP_DEV,not_direct_comparison
none,,,,,,,,NBV,139,development_v1,initialization_or_no_direct_pool,at_or_after_first_return,dev_LOOP_NBV_b160_n92801,ART1_LOOP_DEV,not_direct_comparison
none,,,,,,,,NBV,140,development_v1,initialization_or_no_direct_pool,at_or_after_first_return,dev_LOOP_NBV_b160_n92801,ART1_LOOP_DEV,not_direct_comparison
none,,,,,,,,NBV,141,development_v1,initialization_or_no_direct_pool,at_or_after_first_return,dev_LOOP_NBV_b160_n92801,ART1_LOOP_DEV,not_direct_comparison
none,,,,,,,,NBV,142,development_v1,initialization_or_no_direct_pool,at_or_after_first_return,dev_LOOP_NBV_b160_n92801,ART1_LOOP_DEV,not_direct_comparison
none,,,,,,,,NBV,143,development_v1,initialization_or_no_direct_pool,at_or_after_first_return,dev_LOOP_NBV_b160_n92801,ART1_LOOP_DEV,not_direct_comparison
none,,,,,,,,NBV,144,development_v1,initialization_or_no_direct_pool,at_or_after_first_return,dev_LOOP_NBV_b160_n92801,ART1_LOOP_DEV,not_direct_comparison
none,,,,,,,,NBV,145,development_v1,initialization_or_no_direct_pool,at_or_after_first_return,dev_LOOP_NBV_b160_n92801,ART1_LOOP_DEV,not_direct_comparison
none,,,,,,,,NBV,146,development_v1,initialization_or_no_direct_pool,at_or_after_first_return,dev_LOOP_NBV_b160_n92801,ART1_LOOP_DEV,not_direct_comparison
none,,,,,,,,NBV,147,development_v1,initialization_or_no_direct_pool,at_or_after_first_return,dev_LOOP_NBV_b160_n92801,ART1_LOOP_DEV,not_direct_comparison
none,,,,,,,,NBV,148,development_v1,initialization_or_no_direct_pool,at_or_after_first_return,dev_LOOP_NBV_b160_n92801,ART1_LOOP_DEV,not_direct_comparison
none,,,,,,,,NBV,149,development_v1,initialization_or_no_direct_pool,at_or_after_first_return,dev_LOOP_NBV_b160_n92801,ART1_LOOP_DEV,not_direct_comparison
none,,,,,,,,NBV,150,development_v1,initialization_or_no_direct_pool,at_or_after_first_return,dev_LOOP_NBV_b160_n92801,ART1_LOOP_DEV,not_direct_comparison
none,,,,,,,,NBV,151,development_v1,initialization_or_no_direct_pool,at_or_after_first_return,dev_LOOP_NBV_b160_n92801,ART1_LOOP_DEV,not_direct_comparison
none,,,,,,,,NBV,152,development_v1,initialization_or_no_direct_pool,at_or_after_first_return,dev_LOOP_NBV_b160_n92801,ART1_LOOP_DEV,not_direct_comparison
none,,,,,,,,NBV,153,development_v1,initialization_or_no_direct_pool,at_or_after_first_return,dev_LOOP_NBV_b160_n92801,ART1_LOOP_DEV,not_direct_comparison
none,,,,,,,,NBV,154,development_v1,initialization_or_no_direct_pool,at_or_after_first_return,dev_LOOP_NBV_b160_n92801,ART1_LOOP_DEV,not_direct_comparison
none,,,,,,,,NBV,155,development_v1,initialization_or_no_direct_pool,at_or_after_first_return,dev_LOOP_NBV_b160_n92801,ART1_LOOP_DEV,not_direct_comparison
none,,,,,,,,NBV,156,development_v1,initialization_or_no_direct_pool,at_or_after_first_return,dev_LOOP_NBV_b160_n92801,ART1_LOOP_DEV,not_direct_comparison
none,,,,,,,,NBV,157,development_v1,initialization_or_no_direct_pool,at_or_after_first_return,dev_LOOP_NBV_b160_n92801,ART1_LOOP_DEV,not_direct_comparison
none,,,,,,,,NBV,158,development_v1,initialization_or_no_direct_pool,at_or_after_first_return,dev_LOOP_NBV_b160_n92801,ART1_LOOP_DEV,not_direct_comparison
none,,,,,,,,NBV,159,development_v1,initialization_or_no_direct_pool,at_or_after_first_return,dev_LOOP_NBV_b160_n92801,ART1_LOOP_DEV,not_direct_comparison
none,,,,,,,,NBV,160,development_v1,initialization_or_no_direct_pool,at_or_after_first_return,dev_LOOP_NBV_b160_n92801,ART1_LOOP_DEV,not_direct_comparison
direct,n_000_003:2,False,False,False,"{""all_fixed_B_direct_changes_excluded"": true, ""all_recorded_direct_changes_excluded"": true, ""individual_endpoint_top1_change"": false, ""recorded_and_fixed_B_winner_equal"": true, ""recorded_direct_winner"": ""n_000_003:2"", ""same_state_fixed_B_direct_winner"": ""n_000_003:2"", ""variable_instances"": 0}",32,"{""all_fixed_B_direct_changes_excluded"": true, ""all_recorded_direct_changes_excluded"": true, ""individual_endpoint_top1_change"": false, ""recorded_and_fixed_B_winner_equal"": true, ""recorded_direct_winner"": ""n_000_003:2"", ""same_state_fixed_B_direct_winner"": ""n_000_003:2"", ""variable_instances"": 0}",S,0,development_v1,,before_first_return,dev_LOOP_S_b160_n92801,ART1_LOOP_DEV,analyzed
direct,n_002_003:0,False,False,False,"{""all_fixed_B_direct_changes_excluded"": true, ""all_recorded_direct_changes_excluded"": true, ""individual_endpoint_top1_change"": false, ""recorded_and_fixed_B_winner_equal"": true, ""recorded_direct_winner"": ""n_002_003:0"", ""same_state_fixed_B_direct_winner"": ""n_002_003:0"", ""variable_instances"": 0}",32,"{""all_fixed_B_direct_changes_excluded"": true, ""all_recorded_direct_changes_excluded"": true, ""individual_endpoint_top1_change"": false, ""recorded_and_fixed_B_winner_equal"": true, ""recorded_direct_winner"": ""n_002_003:0"", ""same_state_fixed_B_direct_winner"": ""n_002_003:0"", ""variable_instances"": 0}",S,17,development_v1,,before_first_return,dev_LOOP_S_b160_n92801,ART1_LOOP_DEV,analyzed
direct,n_002_004:1,True,True,False,"{""all_fixed_B_direct_changes_excluded"": true, ""all_recorded_direct_changes_excluded"": true, ""individual_endpoint_top1_change"": false, ""recorded_and_fixed_B_winner_equal"": true, ""recorded_direct_winner"": ""n_002_004:1"", ""same_state_fixed_B_direct_winner"": ""n_002_004:1"", ""variable_instances"": 0}",32,"{""all_fixed_B_direct_changes_excluded"": true, ""all_recorded_direct_changes_excluded"": true, ""individual_endpoint_top1_change"": false, ""recorded_and_fixed_B_winner_equal"": true, ""recorded_direct_winner"": ""n_002_004:1"", ""same_state_fixed_B_direct_winner"": ""n_002_004:1"", ""variable_instances"": 1}",S,28,development_v1,,before_first_return,dev_LOOP_S_b160_n92801,ART1_LOOP_DEV,analyzed
direct,n_002_004:9,True,True,False,"{""all_fixed_B_direct_changes_excluded"": true, ""all_recorded_direct_changes_excluded"": true, ""individual_endpoint_top1_change"": false, ""recorded_and_fixed_B_winner_equal"": true, ""recorded_direct_winner"": ""n_002_004:9"", ""same_state_fixed_B_direct_winner"": ""n_002_004:9"", ""variable_instances"": 0}",32,"{""all_fixed_B_direct_changes_excluded"": true, ""all_recorded_direct_changes_excluded"": true, ""individual_endpoint_top1_change"": false, ""recorded_and_fixed_B_winner_equal"": true, ""recorded_direct_winner"": ""n_002_004:9"", ""same_state_fixed_B_direct_winner"": ""n_002_004:9"", ""variable_instances"": 1}",S,38,development_v1,,before_first_return,dev_LOOP_S_b160_n92801,ART1_LOOP_DEV,analyzed
direct,n_002_004:8,True,True,False,"{""all_fixed_B_direct_changes_excluded"": true, ""all_recorded_direct_changes_excluded"": true, ""individual_endpoint_top1_change"": false, ""recorded_and_fixed_B_winner_equal"": true, ""recorded_direct_winner"": ""n_002_004:8"", ""same_state_fixed_B_direct_winner"": ""n_002_004:8"", ""variable_instances"": 0}",32,"{""all_fixed_B_direct_changes_excluded"": true, ""all_recorded_direct_changes_excluded"": true, ""individual_endpoint_top1_change"": false, ""recorded_and_fixed_B_winner_equal"": true, ""recorded_direct_winner"": ""n_002_004:8"", ""same_state_fixed_B_direct_winner"": ""n_002_004:8"", ""variable_instances"": 1}",S,43,development_v1,,before_first_return,dev_LOOP_S_b160_n92801,ART1_LOOP_DEV,analyzed
direct,n_002_003:8,True,True,False,"{""all_fixed_B_direct_changes_excluded"": true, ""all_recorded_direct_changes_excluded"": true, ""individual_endpoint_top1_change"": false, ""recorded_and_fixed_B_winner_equal"": true, ""recorded_direct_winner"": ""n_002_003:8"", ""same_state_fixed_B_direct_winner"": ""n_002_003:8"", ""variable_instances"": 0}",32,"{""all_fixed_B_direct_changes_excluded"": true, ""all_recorded_direct_changes_excluded"": true, ""individual_endpoint_top1_change"": false, ""recorded_and_fixed_B_winner_equal"": true, ""recorded_direct_winner"": ""n_002_003:8"", ""same_state_fixed_B_direct_winner"": ""n_002_003:8"", ""variable_instances"": 1}",S,45,development_v1,,before_first_return,dev_LOOP_S_b160_n92801,ART1_LOOP_DEV,analyzed
direct,n_002_003:7,True,True,False,"{""all_fixed_B_direct_changes_excluded"": true, ""all_recorded_direct_changes_excluded"": true, ""individual_endpoint_top1_change"": false, ""recorded_and_fixed_B_winner_equal"": true, ""recorded_direct_winner"": ""n_002_003:7"", ""same_state_fixed_B_direct_winner"": ""n_002_003:7"", ""variable_instances"": 0}",32,"{""all_fixed_B_direct_changes_excluded"": true, ""all_recorded_direct_changes_excluded"": true, ""individual_endpoint_top1_change"": false, ""recorded_and_fixed_B_winner_equal"": true, ""recorded_direct_winner"": ""n_002_003:7"", ""same_state_fixed_B_direct_winner"": ""n_002_003:7"", ""variable_instances"": 1}",S,52,development_v1,,before_first_return,dev_LOOP_S_b160_n92801,ART1_LOOP_DEV,analyzed
direct,n_002_003:6,True,True,False,"{""all_fixed_B_direct_changes_excluded"": true, ""all_recorded_direct_changes_excluded"": true, ""individual_endpoint_top1_change"": false, ""recorded_and_fixed_B_winner_equal"": true, ""recorded_direct_winner"": ""n_002_003:6"", ""same_state_fixed_B_direct_winner"": ""n_002_003:6"", ""variable_instances"": 0}",32,"{""all_fixed_B_direct_changes_excluded"": true, ""all_recorded_direct_changes_excluded"": true, ""individual_endpoint_top1_change"": false, ""recorded_and_fixed_B_winner_equal"": true, ""recorded_direct_winner"": ""n_002_003:6"", ""same_state_fixed_B_direct_winner"": ""n_002_003:6"", ""variable_instances"": 1}",S,54,development_v1,,before_first_return,dev_LOOP_S_b160_n92801,ART1_LOOP_DEV,analyzed
direct,n_002_004:7,True,True,False,"{""all_fixed_B_direct_changes_excluded"": true, ""all_recorded_direct_changes_excluded"": true, ""individual_endpoint_top1_change"": false, ""recorded_and_fixed_B_winner_equal"": true, ""recorded_direct_winner"": ""n_002_004:7"", ""same_state_fixed_B_direct_winner"": ""n_002_004:7"", ""variable_instances"": 0}",32,"{""all_fixed_B_direct_changes_excluded"": true, ""all_recorded_direct_changes_excluded"": true, ""individual_endpoint_top1_change"": false, ""recorded_and_fixed_B_winner_equal"": true, ""recorded_direct_winner"": ""n_002_004:7"", ""same_state_fixed_B_direct_winner"": ""n_002_004:7"", ""variable_instances"": 1}",S,56,development_v1,,before_first_return,dev_LOOP_S_b160_n92801,ART1_LOOP_DEV,analyzed
direct,n_003_005:0,True,True,False,"{""all_fixed_B_direct_changes_excluded"": true, ""all_recorded_direct_changes_excluded"": true, ""individual_endpoint_top1_change"": false, ""recorded_and_fixed_B_winner_equal"": true, ""recorded_direct_winner"": ""n_003_005:0"", ""same_state_fixed_B_direct_winner"": ""n_003_005:0"", ""variable_instances"": 0}",32,"{""all_fixed_B_direct_changes_excluded"": true, ""all_recorded_direct_changes_excluded"": true, ""individual_endpoint_top1_change"": false, ""recorded_and_fixed_B_winner_equal"": true, ""recorded_direct_winner"": ""n_003_005:0"", ""same_state_fixed_B_direct_winner"": ""n_003_005:0"", ""variable_instances"": 1}",S,68,development_v1,,before_first_return,dev_LOOP_S_b160_n92801,ART1_LOOP_DEV,analyzed
direct,n_003_005:7,True,True,False,"{""all_fixed_B_direct_changes_excluded"": true, ""all_recorded_direct_changes_excluded"": true, ""individual_endpoint_top1_change"": false, ""recorded_and_fixed_B_winner_equal"": true, ""recorded_direct_winner"": ""n_003_005:7"", ""same_state_fixed_B_direct_winner"": ""n_003_005:7"", ""variable_instances"": 0}",31,"{""all_fixed_B_direct_changes_excluded"": true, ""all_recorded_direct_changes_excluded"": true, ""individual_endpoint_top1_change"": false, ""recorded_and_fixed_B_winner_equal"": true, ""recorded_direct_winner"": ""n_003_005:7"", ""same_state_fixed_B_direct_winner"": ""n_003_005:7"", ""variable_instances"": 1}",S,84,development_v1,,before_first_return,dev_LOOP_S_b160_n92801,ART1_LOOP_DEV,analyzed
direct,n_002_005:7,True,True,False,"{""all_fixed_B_direct_changes_excluded"": true, ""all_recorded_direct_changes_excluded"": true, ""individual_endpoint_top1_change"": false, ""recorded_and_fixed_B_winner_equal"": true, ""recorded_direct_winner"": ""n_002_005:7"", ""same_state_fixed_B_direct_winner"": ""n_002_005:7"", ""variable_instances"": 0}",28,"{""all_fixed_B_direct_changes_excluded"": true, ""all_recorded_direct_changes_excluded"": true, ""individual_endpoint_top1_change"": false, ""recorded_and_fixed_B_winner_equal"": true, ""recorded_direct_winner"": ""n_002_005:7"", ""same_state_fixed_B_direct_winner"": ""n_002_005:7"", ""variable_instances"": 1}",S,90,development_v1,,before_first_return,dev_LOOP_S_b160_n92801,ART1_LOOP_DEV,analyzed
direct,n_002_005:8,True,True,False,"{""all_fixed_B_direct_changes_excluded"": true, ""all_recorded_direct_changes_excluded"": true, ""individual_endpoint_top1_change"": false, ""recorded_and_fixed_B_winner_equal"": true, ""recorded_direct_winner"": ""n_002_005:8"", ""same_state_fixed_B_direct_winner"": ""n_002_005:8"", ""variable_instances"": 0}",27,"{""all_fixed_B_direct_changes_excluded"": true, ""all_recorded_direct_changes_excluded"": true, ""individual_endpoint_top1_change"": false, ""recorded_and_fixed_B_winner_equal"": true, ""recorded_direct_winner"": ""n_002_005:8"", ""same_state_fixed_B_direct_winner"": ""n_002_005:8"", ""variable_instances"": 1}",S,97,development_v1,,before_first_return,dev_LOOP_S_b160_n92801,ART1_LOOP_DEV,analyzed
direct,n_002_005:9,True,True,False,"{""all_fixed_B_direct_changes_excluded"": true, ""all_recorded_direct_changes_excluded"": true, ""individual_endpoint_top1_change"": false, ""recorded_and_fixed_B_winner_equal"": true, ""recorded_direct_winner"": ""n_002_005:9"", ""same_state_fixed_B_direct_winner"": ""n_002_005:9"", ""variable_instances"": 0}",29,"{""all_fixed_B_direct_changes_excluded"": true, ""all_recorded_direct_changes_excluded"": true, ""individual_endpoint_top1_change"": false, ""recorded_and_fixed_B_winner_equal"": true, ""recorded_direct_winner"": ""n_002_005:9"", ""same_state_fixed_B_direct_winner"": ""n_002_005:9"", ""variable_instances"": 1}",S,99,development_v1,,before_first_return,dev_LOOP_S_b160_n92801,ART1_LOOP_DEV,analyzed
direct,n_002_005:10,True,True,False,"{""all_fixed_B_direct_changes_excluded"": true, ""all_recorded_direct_changes_excluded"": true, ""individual_endpoint_top1_change"": false, ""recorded_and_fixed_B_winner_equal"": true, ""recorded_direct_winner"": ""n_002_005:10"", ""same_state_fixed_B_direct_winner"": ""n_002_005:10"", ""variable_instances"": 0}",28,"{""all_fixed_B_direct_changes_excluded"": true, ""all_recorded_direct_changes_excluded"": true, ""individual_endpoint_top1_change"": false, ""recorded_and_fixed_B_winner_equal"": true, ""recorded_direct_winner"": ""n_002_005:10"", ""same_state_fixed_B_direct_winner"": ""n_002_005:10"", ""variable_instances"": 1}",S,101,development_v1,,before_first_return,dev_LOOP_S_b160_n92801,ART1_LOOP_DEV,analyzed
direct,n_002_003:10,True,True,False,"{""all_fixed_B_direct_changes_excluded"": true, ""all_recorded_direct_changes_excluded"": true, ""individual_endpoint_top1_change"": false, ""recorded_and_fixed_B_winner_equal"": true, ""recorded_direct_winner"": ""n_002_003:10"", ""same_state_fixed_B_direct_winner"": ""n_002_003:10"", ""variable_instances"": 0}",27,"{""all_fixed_B_direct_changes_excluded"": true, ""all_recorded_direct_changes_excluded"": true, ""individual_endpoint_top1_change"": false, ""recorded_and_fixed_B_winner_equal"": true, ""recorded_direct_winner"": ""n_002_003:10"", ""same_state_fixed_B_direct_winner"": ""n_002_003:10"", ""variable_instances"": 1}",S,103,development_v1,,before_first_return,dev_LOOP_S_b160_n92801,ART1_LOOP_DEV,analyzed
direct,n_000_004:1,True,True,False,"{""all_fixed_B_direct_changes_excluded"": true, ""all_recorded_direct_changes_excluded"": true, ""individual_endpoint_top1_change"": false, ""recorded_and_fixed_B_winner_equal"": true, ""recorded_direct_winner"": ""n_000_004:1"", ""same_state_fixed_B_direct_winner"": ""n_000_004:1"", ""variable_instances"": 0}",20,"{""all_fixed_B_direct_changes_excluded"": true, ""all_recorded_direct_changes_excluded"": true, ""individual_endpoint_top1_change"": false, ""recorded_and_fixed_B_winner_equal"": true, ""recorded_direct_winner"": ""n_000_004:1"", ""same_state_fixed_B_direct_winner"": ""n_000_004:1"", ""variable_instances"": 1}",S,114,development_v1,,before_first_return,dev_LOOP_S_b160_n92801,ART1_LOOP_DEV,analyzed
direct,n_000_004:0,True,True,False,"{""all_fixed_B_direct_changes_excluded"": true, ""all_recorded_direct_changes_excluded"": true, ""individual_endpoint_top1_change"": false, ""recorded_and_fixed_B_winner_equal"": true, ""recorded_direct_winner"": ""n_000_004:0"", ""same_state_fixed_B_direct_winner"": ""n_000_004:0"", ""variable_instances"": 0}",6,"{""all_fixed_B_direct_changes_excluded"": true, ""all_recorded_direct_changes_excluded"": true, ""individual_endpoint_top1_change"": false, ""recorded_and_fixed_B_winner_equal"": true, ""recorded_direct_winner"": ""n_000_004:0"", ""same_state_fixed_B_direct_winner"": ""n_000_004:0"", ""variable_instances"": 1}",S,136,development_v1,,before_first_return,dev_LOOP_S_b160_n92801,ART1_LOOP_DEV,analyzed
none,,,,,,,,S,138,development_v1,initialization_or_no_direct_pool,at_or_after_first_return,dev_LOOP_S_b160_n92801,ART1_LOOP_DEV,not_direct_comparison
none,,,,,,,,S,139,development_v1,initialization_or_no_direct_pool,at_or_after_first_return,dev_LOOP_S_b160_n92801,ART1_LOOP_DEV,not_direct_comparison
none,,,,,,,,S,140,development_v1,initialization_or_no_direct_pool,at_or_after_first_return,dev_LOOP_S_b160_n92801,ART1_LOOP_DEV,not_direct_comparison
none,,,,,,,,S,141,development_v1,initialization_or_no_direct_pool,at_or_after_first_return,dev_LOOP_S_b160_n92801,ART1_LOOP_DEV,not_direct_comparison
none,,,,,,,,S,142,development_v1,initialization_or_no_direct_pool,at_or_after_first_return,dev_LOOP_S_b160_n92801,ART1_LOOP_DEV,not_direct_comparison
none,,,,,,,,S,143,development_v1,initialization_or_no_direct_pool,at_or_after_first_return,dev_LOOP_S_b160_n92801,ART1_LOOP_DEV,not_direct_comparison
none,,,,,,,,S,144,development_v1,initialization_or_no_direct_pool,at_or_after_first_return,dev_LOOP_S_b160_n92801,ART1_LOOP_DEV,not_direct_comparison
none,,,,,,,,S,145,development_v1,initialization_or_no_direct_pool,at_or_after_first_return,dev_LOOP_S_b160_n92801,ART1_LOOP_DEV,not_direct_comparison
none,,,,,,,,S,146,development_v1,initialization_or_no_direct_pool,at_or_after_first_return,dev_LOOP_S_b160_n92801,ART1_LOOP_DEV,not_direct_comparison
none,,,,,,,,S,147,development_v1,initialization_or_no_direct_pool,at_or_after_first_return,dev_LOOP_S_b160_n92801,ART1_LOOP_DEV,not_direct_comparison
none,,,,,,,,S,148,development_v1,initialization_or_no_direct_pool,at_or_after_first_return,dev_LOOP_S_b160_n92801,ART1_LOOP_DEV,not_direct_comparison
none,,,,,,,,S,149,development_v1,initialization_or_no_direct_pool,at_or_after_first_return,dev_LOOP_S_b160_n92801,ART1_LOOP_DEV,not_direct_comparison
none,,,,,,,,S,150,development_v1,initialization_or_no_direct_pool,at_or_after_first_return,dev_LOOP_S_b160_n92801,ART1_LOOP_DEV,not_direct_comparison
none,,,,,,,,S,151,development_v1,initialization_or_no_direct_pool,at_or_after_first_return,dev_LOOP_S_b160_n92801,ART1_LOOP_DEV,not_direct_comparison
none,,,,,,,,S,152,development_v1,initialization_or_no_direct_pool,at_or_after_first_return,dev_LOOP_S_b160_n92801,ART1_LOOP_DEV,not_direct_comparison
none,,,,,,,,S,153,development_v1,initialization_or_no_direct_pool,at_or_after_first_return,dev_LOOP_S_b160_n92801,ART1_LOOP_DEV,not_direct_comparison
none,,,,,,,,S,154,development_v1,initialization_or_no_direct_pool,at_or_after_first_return,dev_LOOP_S_b160_n92801,ART1_LOOP_DEV,not_direct_comparison
none,,,,,,,,S,155,development_v1,initialization_or_no_direct_pool,at_or_after_first_return,dev_LOOP_S_b160_n92801,ART1_LOOP_DEV,not_direct_comparison
none,,,,,,,,S,156,development_v1,initialization_or_no_direct_pool,at_or_after_first_return,dev_LOOP_S_b160_n92801,ART1_LOOP_DEV,not_direct_comparison
none,,,,,,,,S,157,development_v1,initialization_or_no_direct_pool,at_or_after_first_return,dev_LOOP_S_b160_n92801,ART1_LOOP_DEV,not_direct_comparison
none,,,,,,,,S,158,development_v1,initialization_or_no_direct_pool,at_or_after_first_return,dev_LOOP_S_b160_n92801,ART1_LOOP_DEV,not_direct_comparison
none,,,,,,,,S,159,development_v1,initialization_or_no_direct_pool,at_or_after_first_return,dev_LOOP_S_b160_n92801,ART1_LOOP_DEV,not_direct_comparison
none,,,,,,,,S,160,development_v1,initialization_or_no_direct_pool,at_or_after_first_return,dev_LOOP_S_b160_n92801,ART1_LOOP_DEV,not_direct_comparison
measurement_initialization,n_001_000:1,,,,,,,B,0,ground_ablation_v2,initialization_or_no_direct_pool,before_first_return,ground_AISLE_B_b160_n92801,ART1_AISLE_DEV,not_direct_comparison
measurement_initialization,n_002_000:1,,,,,,,B,6,ground_ablation_v2,initialization_or_no_direct_pool,before_first_return,ground_AISLE_B_b160_n92801,ART1_AISLE_DEV,not_direct_comparison
direct,n_001_001:6,False,False,False,"{""all_fixed_B_direct_changes_excluded"": true, ""all_recorded_direct_changes_excluded"": true, ""individual_endpoint_top1_change"": false, ""recorded_and_fixed_B_winner_equal"": true, ""recorded_direct_winner"": ""n_001_001:6"", ""same_state_fixed_B_direct_winner"": ""n_001_001:6"", ""variable_instances"": 0}",32,"{""all_fixed_B_direct_changes_excluded"": true, ""all_recorded_direct_changes_excluded"": true, ""individual_endpoint_top1_change"": false, ""recorded_and_fixed_B_winner_equal"": true, ""recorded_direct_winner"": ""n_001_001:6"", ""same_state_fixed_B_direct_winner"": ""n_001_001:6"", ""variable_instances"": 0}",B,13,ground_ablation_v2,,before_first_return,ground_AISLE_B_b160_n92801,ART1_AISLE_DEV,analyzed
direct,home:2,True,True,False,"{""all_fixed_B_direct_changes_excluded"": true, ""all_recorded_direct_changes_excluded"": true, ""individual_endpoint_top1_change"": false, ""recorded_and_fixed_B_winner_equal"": true, ""recorded_direct_winner"": ""home:2"", ""same_state_fixed_B_direct_winner"": ""home:2"", ""variable_instances"": 0}",32,"{""all_fixed_B_direct_changes_excluded"": true, ""all_recorded_direct_changes_excluded"": true, ""individual_endpoint_top1_change"": false, ""recorded_and_fixed_B_winner_equal"": true, ""recorded_direct_winner"": ""home:2"", ""same_state_fixed_B_direct_winner"": ""home:2"", ""variable_instances"": 2}",B,27,ground_ablation_v2,,before_first_return,ground_AISLE_B_b160_n92801,ART1_AISLE_DEV,analyzed
direct,n_000_003:1,True,True,False,"{""all_fixed_B_direct_changes_excluded"": true, ""all_recorded_direct_changes_excluded"": true, ""individual_endpoint_top1_change"": false, ""recorded_and_fixed_B_winner_equal"": true, ""recorded_direct_winner"": ""n_000_003:1"", ""same_state_fixed_B_direct_winner"": ""n_000_003:1"", ""variable_instances"": 0}",32,"{""all_fixed_B_direct_changes_excluded"": true, ""all_recorded_direct_changes_excluded"": true, ""individual_endpoint_top1_change"": false, ""recorded_and_fixed_B_winner_equal"": true, ""recorded_direct_winner"": ""n_000_003:1"", ""same_state_fixed_B_direct_winner"": ""n_000_003:1"", ""variable_instances"": 1}",B,44,ground_ablation_v2,,before_first_return,ground_AISLE_B_b160_n92801,ART1_AISLE_DEV,analyzed
direct,n_000_003:11,True,True,False,"{""all_fixed_B_direct_changes_excluded"": true, ""all_recorded_direct_changes_excluded"": true, ""individual_endpoint_top1_change"": false, ""recorded_and_fixed_B_winner_equal"": true, ""recorded_direct_winner"": ""n_000_003:11"", ""same_state_fixed_B_direct_winner"": ""n_000_003:11"", ""variable_instances"": 0}",32,"{""all_fixed_B_direct_changes_excluded"": true, ""all_recorded_direct_changes_excluded"": true, ""individual_endpoint_top1_change"": false, ""recorded_and_fixed_B_winner_equal"": true, ""recorded_direct_winner"": ""n_000_003:11"", ""same_state_fixed_B_direct_winner"": ""n_000_003:11"", ""variable_instances"": 1}",B,60,ground_ablation_v2,,before_first_return,ground_AISLE_B_b160_n92801,ART1_AISLE_DEV,analyzed
direct,n_001_003:11,True,True,False,"{""all_fixed_B_direct_changes_excluded"": true, ""all_recorded_direct_changes_excluded"": true, ""individual_endpoint_top1_change"": false, ""recorded_and_fixed_B_winner_equal"": true, ""recorded_direct_winner"": ""n_001_003:11"", ""same_state_fixed_B_direct_winner"": ""n_001_003:11"", ""variable_instances"": 0}",32,"{""all_fixed_B_direct_changes_excluded"": true, ""all_recorded_direct_changes_excluded"": true, ""individual_endpoint_top1_change"": false, ""recorded_and_fixed_B_winner_equal"": true, ""recorded_direct_winner"": ""n_001_003:11"", ""same_state_fixed_B_direct_winner"": ""n_001_003:11"", ""variable_instances"": 1}",B,63,ground_ablation_v2,,before_first_return,ground_AISLE_B_b160_n92801,ART1_AISLE_DEV,analyzed
direct,n_002_003:0,True,True,False,"{""all_fixed_B_direct_changes_excluded"": true, ""all_recorded_direct_changes_excluded"": true, ""individual_endpoint_top1_change"": false, ""recorded_and_fixed_B_winner_equal"": true, ""recorded_direct_winner"": ""n_002_003:0"", ""same_state_fixed_B_direct_winner"": ""n_002_003:0"", ""variable_instances"": 0}",32,"{""all_fixed_B_direct_changes_excluded"": true, ""all_recorded_direct_changes_excluded"": true, ""individual_endpoint_top1_change"": false, ""recorded_and_fixed_B_winner_equal"": true, ""recorded_direct_winner"": ""n_002_003:0"", ""same_state_fixed_B_direct_winner"": ""n_002_003:0"", ""variable_instances"": 2}",B,70,ground_ablation_v2,,before_first_return,ground_AISLE_B_b160_n92801,ART1_AISLE_DEV,analyzed
direct,n_000_004:1,True,True,False,"{""all_fixed_B_direct_changes_excluded"": true, ""all_recorded_direct_changes_excluded"": true, ""individual_endpoint_top1_change"": false, ""recorded_and_fixed_B_winner_equal"": true, ""recorded_direct_winner"": ""n_000_004:1"", ""same_state_fixed_B_direct_winner"": ""n_000_004:1"", ""variable_instances"": 0}",32,"{""all_fixed_B_direct_changes_excluded"": true, ""all_recorded_direct_changes_excluded"": true, ""individual_endpoint_top1_change"": false, ""recorded_and_fixed_B_winner_equal"": true, ""recorded_direct_winner"": ""n_000_004:1"", ""same_state_fixed_B_direct_winner"": ""n_000_004:1"", ""variable_instances"": 2}",B,76,ground_ablation_v2,,before_first_return,ground_AISLE_B_b160_n92801,ART1_AISLE_DEV,analyzed
direct,n_000_004:11,True,True,False,"{""all_fixed_B_direct_changes_excluded"": true, ""all_recorded_direct_changes_excluded"": true, ""individual_endpoint_top1_change"": false, ""recorded_and_fixed_B_winner_equal"": true, ""recorded_direct_winner"": ""n_000_004:11"", ""same_state_fixed_B_direct_winner"": ""n_000_004:11"", ""variable_instances"": 0}",32,"{""all_fixed_B_direct_changes_excluded"": true, ""all_recorded_direct_changes_excluded"": true, ""individual_endpoint_top1_change"": false, ""recorded_and_fixed_B_winner_equal"": true, ""recorded_direct_winner"": ""n_000_004:11"", ""same_state_fixed_B_direct_winner"": ""n_000_004:11"", ""variable_instances"": 2}",B,100,ground_ablation_v2,,before_first_return,ground_AISLE_B_b160_n92801,ART1_AISLE_DEV,analyzed
direct,n_000_004:10,True,True,False,"{""all_fixed_B_direct_changes_excluded"": true, ""all_recorded_direct_changes_excluded"": true, ""individual_endpoint_top1_change"": false, ""recorded_and_fixed_B_winner_equal"": true, ""recorded_direct_winner"": ""n_000_004:10"", ""same_state_fixed_B_direct_winner"": ""n_000_004:10"", ""variable_instances"": 0}",32,"{""all_fixed_B_direct_changes_excluded"": true, ""all_recorded_direct_changes_excluded"": true, ""individual_endpoint_top1_change"": false, ""recorded_and_fixed_B_winner_equal"": true, ""recorded_direct_winner"": ""n_000_004:10"", ""same_state_fixed_B_direct_winner"": ""n_000_004:10"", ""variable_instances"": 2}",B,103,ground_ablation_v2,,before_first_return,ground_AISLE_B_b160_n92801,ART1_AISLE_DEV,analyzed
direct,n_000_004:9,True,True,False,"{""all_fixed_B_direct_changes_excluded"": true, ""all_recorded_direct_changes_excluded"": true, ""individual_endpoint_top1_change"": false, ""recorded_and_fixed_B_winner_equal"": true, ""recorded_direct_winner"": ""n_000_004:9"", ""same_state_fixed_B_direct_winner"": ""n_000_004:9"", ""variable_instances"": 0}",32,"{""all_fixed_B_direct_changes_excluded"": true, ""all_recorded_direct_changes_excluded"": true, ""individual_endpoint_top1_change"": false, ""recorded_and_fixed_B_winner_equal"": true, ""recorded_direct_winner"": ""n_000_004:9"", ""same_state_fixed_B_direct_winner"": ""n_000_004:9"", ""variable_instances"": 2}",B,105,ground_ablation_v2,,before_first_return,ground_AISLE_B_b160_n92801,ART1_AISLE_DEV,analyzed
direct,n_000_003:10,True,True,False,"{""all_fixed_B_direct_changes_excluded"": true, ""all_recorded_direct_changes_excluded"": true, ""individual_endpoint_top1_change"": false, ""recorded_and_fixed_B_winner_equal"": true, ""recorded_direct_winner"": ""n_000_003:10"", ""same_state_fixed_B_direct_winner"": ""n_000_003:10"", ""variable_instances"": 0}",31,"{""all_fixed_B_direct_changes_excluded"": true, ""all_recorded_direct_changes_excluded"": true, ""individual_endpoint_top1_change"": false, ""recorded_and_fixed_B_winner_equal"": true, ""recorded_direct_winner"": ""n_000_003:10"", ""same_state_fixed_B_direct_winner"": ""n_000_003:10"", ""variable_instances"": 2}",B,107,ground_ablation_v2,,before_first_return,ground_AISLE_B_b160_n92801,ART1_AISLE_DEV,analyzed
direct,n_002_003:8,True,True,False,"{""all_fixed_B_direct_changes_excluded"": true, ""all_recorded_direct_changes_excluded"": true, ""individual_endpoint_top1_change"": false, ""recorded_and_fixed_B_winner_equal"": true, ""recorded_direct_winner"": ""n_002_003:8"", ""same_state_fixed_B_direct_winner"": ""n_002_003:8"", ""variable_instances"": 0}",31,"{""all_fixed_B_direct_changes_excluded"": true, ""all_recorded_direct_changes_excluded"": true, ""individual_endpoint_top1_change"": false, ""recorded_and_fixed_B_winner_equal"": true, ""recorded_direct_winner"": ""n_002_003:8"", ""same_state_fixed_B_direct_winner"": ""n_002_003:8"", ""variable_instances"": 2}",B,113,ground_ablation_v2,,before_first_return,ground_AISLE_B_b160_n92801,ART1_AISLE_DEV,analyzed
direct,n_002_003:7,True,True,False,"{""all_fixed_B_direct_changes_excluded"": true, ""all_recorded_direct_changes_excluded"": true, ""individual_endpoint_top1_change"": false, ""recorded_and_fixed_B_winner_equal"": true, ""recorded_direct_winner"": ""n_002_003:7"", ""same_state_fixed_B_direct_winner"": ""n_002_003:7"", ""variable_instances"": 0}",10,"{""all_fixed_B_direct_changes_excluded"": true, ""all_recorded_direct_changes_excluded"": true, ""individual_endpoint_top1_change"": false, ""recorded_and_fixed_B_winner_equal"": true, ""recorded_direct_winner"": ""n_002_003:7"", ""same_state_fixed_B_direct_winner"": ""n_002_003:7"", ""variable_instances"": 2}",B,128,ground_ablation_v2,,before_first_return,ground_AISLE_B_b160_n92801,ART1_AISLE_DEV,analyzed
direct,n_001_003:7,True,True,False,"{""all_fixed_B_direct_changes_excluded"": true, ""all_recorded_direct_changes_excluded"": true, ""individual_endpoint_top1_change"": false, ""recorded_and_fixed_B_winner_equal"": true, ""recorded_direct_winner"": ""n_001_003:7"", ""same_state_fixed_B_direct_winner"": ""n_001_003:7"", ""variable_instances"": 0}",9,"{""all_fixed_B_direct_changes_excluded"": true, ""all_recorded_direct_changes_excluded"": true, ""individual_endpoint_top1_change"": false, ""recorded_and_fixed_B_winner_equal"": true, ""recorded_direct_winner"": ""n_001_003:7"", ""same_state_fixed_B_direct_winner"": ""n_001_003:7"", ""variable_instances"": 2}",B,130,ground_ablation_v2,,before_first_return,ground_AISLE_B_b160_n92801,ART1_AISLE_DEV,analyzed
none,,,,,,,,B,137,ground_ablation_v2,initialization_or_no_direct_pool,at_or_after_first_return,ground_AISLE_B_b160_n92801,ART1_AISLE_DEV,not_direct_comparison
none,,,,,,,,B,138,ground_ablation_v2,initialization_or_no_direct_pool,at_or_after_first_return,ground_AISLE_B_b160_n92801,ART1_AISLE_DEV,not_direct_comparison
none,,,,,,,,B,139,ground_ablation_v2,initialization_or_no_direct_pool,at_or_after_first_return,ground_AISLE_B_b160_n92801,ART1_AISLE_DEV,not_direct_comparison
none,,,,,,,,B,140,ground_ablation_v2,initialization_or_no_direct_pool,at_or_after_first_return,ground_AISLE_B_b160_n92801,ART1_AISLE_DEV,not_direct_comparison
none,,,,,,,,B,141,ground_ablation_v2,initialization_or_no_direct_pool,at_or_after_first_return,ground_AISLE_B_b160_n92801,ART1_AISLE_DEV,not_direct_comparison
measurement_initialization,n_001_000:1,,,,,,,G,0,ground_ablation_v2,initialization_or_no_direct_pool,before_first_return,ground_AISLE_G_b160_n92801,ART1_AISLE_DEV,not_direct_comparison
measurement_initialization,n_002_000:1,,,,,,,G,6,ground_ablation_v2,initialization_or_no_direct_pool,before_first_return,ground_AISLE_G_b160_n92801,ART1_AISLE_DEV,not_direct_comparison
direct,n_001_001:6,False,False,True,"{""all_fixed_B_direct_changes_excluded"": true, ""all_recorded_direct_changes_excluded"": true, ""individual_endpoint_top1_change"": false, ""recorded_and_fixed_B_winner_equal"": true, ""recorded_direct_winner"": ""n_001_001:6"", ""same_state_fixed_B_direct_winner"": ""n_001_001:6"", ""variable_instances"": 0}",32,"{""all_fixed_B_direct_changes_excluded"": true, ""all_recorded_direct_changes_excluded"": true, ""individual_endpoint_top1_change"": false, ""recorded_and_fixed_B_winner_equal"": true, ""recorded_direct_winner"": ""n_001_001:6"", ""same_state_fixed_B_direct_winner"": ""n_001_001:6"", ""variable_instances"": 0}",G,13,ground_ablation_v2,,before_first_return,ground_AISLE_G_b160_n92801,ART1_AISLE_DEV,analyzed
direct,home:2,True,True,True,"{""all_fixed_B_direct_changes_excluded"": true, ""all_recorded_direct_changes_excluded"": true, ""individual_endpoint_top1_change"": false, ""recorded_and_fixed_B_winner_equal"": true, ""recorded_direct_winner"": ""home:2"", ""same_state_fixed_B_direct_winner"": ""home:2"", ""variable_instances"": 0}",32,"{""all_fixed_B_direct_changes_excluded"": true, ""all_recorded_direct_changes_excluded"": true, ""individual_endpoint_top1_change"": false, ""recorded_and_fixed_B_winner_equal"": true, ""recorded_direct_winner"": ""home:2"", ""same_state_fixed_B_direct_winner"": ""home:2"", ""variable_instances"": 0}",G,27,ground_ablation_v2,,before_first_return,ground_AISLE_G_b160_n92801,ART1_AISLE_DEV,analyzed
direct,n_000_003:1,True,True,True,"{""all_fixed_B_direct_changes_excluded"": true, ""all_recorded_direct_changes_excluded"": true, ""individual_endpoint_top1_change"": false, ""recorded_and_fixed_B_winner_equal"": true, ""recorded_direct_winner"": ""n_000_003:1"", ""same_state_fixed_B_direct_winner"": ""n_000_003:1"", ""variable_instances"": 0}",32,"{""all_fixed_B_direct_changes_excluded"": true, ""all_recorded_direct_changes_excluded"": true, ""individual_endpoint_top1_change"": false, ""recorded_and_fixed_B_winner_equal"": true, ""recorded_direct_winner"": ""n_000_003:1"", ""same_state_fixed_B_direct_winner"": ""n_000_003:1"", ""variable_instances"": 0}",G,44,ground_ablation_v2,,before_first_return,ground_AISLE_G_b160_n92801,ART1_AISLE_DEV,analyzed
direct,n_000_003:11,True,True,True,"{""all_fixed_B_direct_changes_excluded"": true, ""all_recorded_direct_changes_excluded"": true, ""individual_endpoint_top1_change"": false, ""recorded_and_fixed_B_winner_equal"": true, ""recorded_direct_winner"": ""n_000_003:11"", ""same_state_fixed_B_direct_winner"": ""n_000_003:11"", ""variable_instances"": 0}",32,"{""all_fixed_B_direct_changes_excluded"": true, ""all_recorded_direct_changes_excluded"": true, ""individual_endpoint_top1_change"": false, ""recorded_and_fixed_B_winner_equal"": true, ""recorded_direct_winner"": ""n_000_003:11"", ""same_state_fixed_B_direct_winner"": ""n_000_003:11"", ""variable_instances"": 0}",G,60,ground_ablation_v2,,before_first_return,ground_AISLE_G_b160_n92801,ART1_AISLE_DEV,analyzed
direct,n_001_003:11,True,True,True,"{""all_fixed_B_direct_changes_excluded"": true, ""all_recorded_direct_changes_excluded"": true, ""individual_endpoint_top1_change"": false, ""recorded_and_fixed_B_winner_equal"": true, ""recorded_direct_winner"": ""n_001_003:11"", ""same_state_fixed_B_direct_winner"": ""n_001_003:11"", ""variable_instances"": 0}",32,"{""all_fixed_B_direct_changes_excluded"": true, ""all_recorded_direct_changes_excluded"": true, ""individual_endpoint_top1_change"": false, ""recorded_and_fixed_B_winner_equal"": true, ""recorded_direct_winner"": ""n_001_003:11"", ""same_state_fixed_B_direct_winner"": ""n_001_003:11"", ""variable_instances"": 0}",G,63,ground_ablation_v2,,before_first_return,ground_AISLE_G_b160_n92801,ART1_AISLE_DEV,analyzed
direct,n_002_003:0,True,True,True,"{""all_fixed_B_direct_changes_excluded"": true, ""all_recorded_direct_changes_excluded"": true, ""individual_endpoint_top1_change"": false, ""recorded_and_fixed_B_winner_equal"": true, ""recorded_direct_winner"": ""n_002_003:0"", ""same_state_fixed_B_direct_winner"": ""n_002_003:0"", ""variable_instances"": 0}",32,"{""all_fixed_B_direct_changes_excluded"": true, ""all_recorded_direct_changes_excluded"": true, ""individual_endpoint_top1_change"": false, ""recorded_and_fixed_B_winner_equal"": true, ""recorded_direct_winner"": ""n_002_003:0"", ""same_state_fixed_B_direct_winner"": ""n_002_003:0"", ""variable_instances"": 0}",G,70,ground_ablation_v2,,before_first_return,ground_AISLE_G_b160_n92801,ART1_AISLE_DEV,analyzed
direct,n_000_004:1,True,True,True,"{""all_fixed_B_direct_changes_excluded"": true, ""all_recorded_direct_changes_excluded"": true, ""individual_endpoint_top1_change"": false, ""recorded_and_fixed_B_winner_equal"": true, ""recorded_direct_winner"": ""n_000_004:1"", ""same_state_fixed_B_direct_winner"": ""n_000_004:1"", ""variable_instances"": 0}",32,"{""all_fixed_B_direct_changes_excluded"": true, ""all_recorded_direct_changes_excluded"": true, ""individual_endpoint_top1_change"": false, ""recorded_and_fixed_B_winner_equal"": true, ""recorded_direct_winner"": ""n_000_004:1"", ""same_state_fixed_B_direct_winner"": ""n_000_004:1"", ""variable_instances"": 0}",G,76,ground_ablation_v2,,before_first_return,ground_AISLE_G_b160_n92801,ART1_AISLE_DEV,analyzed
direct,n_000_004:11,True,True,True,"{""all_fixed_B_direct_changes_excluded"": true, ""all_recorded_direct_changes_excluded"": true, ""individual_endpoint_top1_change"": false, ""recorded_and_fixed_B_winner_equal"": true, ""recorded_direct_winner"": ""n_000_004:11"", ""same_state_fixed_B_direct_winner"": ""n_000_004:11"", ""variable_instances"": 0}",32,"{""all_fixed_B_direct_changes_excluded"": true, ""all_recorded_direct_changes_excluded"": true, ""individual_endpoint_top1_change"": false, ""recorded_and_fixed_B_winner_equal"": true, ""recorded_direct_winner"": ""n_000_004:11"", ""same_state_fixed_B_direct_winner"": ""n_000_004:11"", ""variable_instances"": 0}",G,100,ground_ablation_v2,,before_first_return,ground_AISLE_G_b160_n92801,ART1_AISLE_DEV,analyzed
direct,n_000_004:10,True,True,True,"{""all_fixed_B_direct_changes_excluded"": true, ""all_recorded_direct_changes_excluded"": true, ""individual_endpoint_top1_change"": false, ""recorded_and_fixed_B_winner_equal"": true, ""recorded_direct_winner"": ""n_000_004:10"", ""same_state_fixed_B_direct_winner"": ""n_000_004:10"", ""variable_instances"": 0}",32,"{""all_fixed_B_direct_changes_excluded"": true, ""all_recorded_direct_changes_excluded"": true, ""individual_endpoint_top1_change"": false, ""recorded_and_fixed_B_winner_equal"": true, ""recorded_direct_winner"": ""n_000_004:10"", ""same_state_fixed_B_direct_winner"": ""n_000_004:10"", ""variable_instances"": 0}",G,103,ground_ablation_v2,,before_first_return,ground_AISLE_G_b160_n92801,ART1_AISLE_DEV,analyzed
direct,n_000_004:9,True,True,True,"{""all_fixed_B_direct_changes_excluded"": true, ""all_recorded_direct_changes_excluded"": true, ""individual_endpoint_top1_change"": false, ""recorded_and_fixed_B_winner_equal"": true, ""recorded_direct_winner"": ""n_000_004:9"", ""same_state_fixed_B_direct_winner"": ""n_000_004:9"", ""variable_instances"": 0}",32,"{""all_fixed_B_direct_changes_excluded"": true, ""all_recorded_direct_changes_excluded"": true, ""individual_endpoint_top1_change"": false, ""recorded_and_fixed_B_winner_equal"": true, ""recorded_direct_winner"": ""n_000_004:9"", ""same_state_fixed_B_direct_winner"": ""n_000_004:9"", ""variable_instances"": 0}",G,105,ground_ablation_v2,,before_first_return,ground_AISLE_G_b160_n92801,ART1_AISLE_DEV,analyzed
direct,n_000_003:10,True,True,True,"{""all_fixed_B_direct_changes_excluded"": true, ""all_recorded_direct_changes_excluded"": true, ""individual_endpoint_top1_change"": false, ""recorded_and_fixed_B_winner_equal"": true, ""recorded_direct_winner"": ""n_000_003:10"", ""same_state_fixed_B_direct_winner"": ""n_000_003:10"", ""variable_instances"": 0}",31,"{""all_fixed_B_direct_changes_excluded"": true, ""all_recorded_direct_changes_excluded"": true, ""individual_endpoint_top1_change"": false, ""recorded_and_fixed_B_winner_equal"": true, ""recorded_direct_winner"": ""n_000_003:10"", ""same_state_fixed_B_direct_winner"": ""n_000_003:10"", ""variable_instances"": 0}",G,107,ground_ablation_v2,,before_first_return,ground_AISLE_G_b160_n92801,ART1_AISLE_DEV,analyzed
direct,n_002_003:8,True,True,True,"{""all_fixed_B_direct_changes_excluded"": true, ""all_recorded_direct_changes_excluded"": true, ""individual_endpoint_top1_change"": false, ""recorded_and_fixed_B_winner_equal"": true, ""recorded_direct_winner"": ""n_002_003:8"", ""same_state_fixed_B_direct_winner"": ""n_002_003:8"", ""variable_instances"": 0}",31,"{""all_fixed_B_direct_changes_excluded"": true, ""all_recorded_direct_changes_excluded"": true, ""individual_endpoint_top1_change"": false, ""recorded_and_fixed_B_winner_equal"": true, ""recorded_direct_winner"": ""n_002_003:8"", ""same_state_fixed_B_direct_winner"": ""n_002_003:8"", ""variable_instances"": 0}",G,113,ground_ablation_v2,,before_first_return,ground_AISLE_G_b160_n92801,ART1_AISLE_DEV,analyzed
direct,n_002_003:7,True,True,True,"{""all_fixed_B_direct_changes_excluded"": true, ""all_recorded_direct_changes_excluded"": true, ""individual_endpoint_top1_change"": false, ""recorded_and_fixed_B_winner_equal"": true, ""recorded_direct_winner"": ""n_002_003:7"", ""same_state_fixed_B_direct_winner"": ""n_002_003:7"", ""variable_instances"": 0}",10,"{""all_fixed_B_direct_changes_excluded"": true, ""all_recorded_direct_changes_excluded"": true, ""individual_endpoint_top1_change"": false, ""recorded_and_fixed_B_winner_equal"": true, ""recorded_direct_winner"": ""n_002_003:7"", ""same_state_fixed_B_direct_winner"": ""n_002_003:7"", ""variable_instances"": 0}",G,128,ground_ablation_v2,,before_first_return,ground_AISLE_G_b160_n92801,ART1_AISLE_DEV,analyzed
direct,n_001_003:7,True,True,True,"{""all_fixed_B_direct_changes_excluded"": true, ""all_recorded_direct_changes_excluded"": true, ""individual_endpoint_top1_change"": false, ""recorded_and_fixed_B_winner_equal"": true, ""recorded_direct_winner"": ""n_001_003:7"", ""same_state_fixed_B_direct_winner"": ""n_001_003:7"", ""variable_instances"": 0}",9,"{""all_fixed_B_direct_changes_excluded"": true, ""all_recorded_direct_changes_excluded"": true, ""individual_endpoint_top1_change"": false, ""recorded_and_fixed_B_winner_equal"": true, ""recorded_direct_winner"": ""n_001_003:7"", ""same_state_fixed_B_direct_winner"": ""n_001_003:7"", ""variable_instances"": 0}",G,130,ground_ablation_v2,,before_first_return,ground_AISLE_G_b160_n92801,ART1_AISLE_DEV,analyzed
none,,,,,,,,G,137,ground_ablation_v2,initialization_or_no_direct_pool,at_or_after_first_return,ground_AISLE_G_b160_n92801,ART1_AISLE_DEV,not_direct_comparison
none,,,,,,,,G,138,ground_ablation_v2,initialization_or_no_direct_pool,at_or_after_first_return,ground_AISLE_G_b160_n92801,ART1_AISLE_DEV,not_direct_comparison
none,,,,,,,,G,139,ground_ablation_v2,initialization_or_no_direct_pool,at_or_after_first_return,ground_AISLE_G_b160_n92801,ART1_AISLE_DEV,not_direct_comparison
none,,,,,,,,G,140,ground_ablation_v2,initialization_or_no_direct_pool,at_or_after_first_return,ground_AISLE_G_b160_n92801,ART1_AISLE_DEV,not_direct_comparison
none,,,,,,,,G,141,ground_ablation_v2,initialization_or_no_direct_pool,at_or_after_first_return,ground_AISLE_G_b160_n92801,ART1_AISLE_DEV,not_direct_comparison
