stage,paid_step,instance_id,matched_old_instance_id,identity_status,observed_anchor_distance_m,qualified,uncertain,class_conflict,observed_class,support_points_before_current_feedback,near_ground_support_points_z_below_015m,geometry_feedback_applied,geometry_log_evidence_after_feedback,G_structure_probabilities,B_structure_probabilities,S_structure_probabilities,S_rho,S_peer_ids,S_B_max_absolute_posterior_difference
control,0,instance_0000,instance_0000,unique_observed_anchor,0.0,False,False,False,rack,85,0,False,"[0.0,0.0,0.0,0.0]","[0.25,0.25,0.25,0.25]","[0.25,0.25,0.25,0.25]","[0.25,0.25,0.25,0.25]",,[],0.0
control,1,instance_0000,instance_0000,unique_observed_anchor,0.0,True,False,False,rack,311,28,False,"[0.0,0.0,0.0,0.0]","[0.25,0.25,0.25,0.25]","[0.19999999999999996,0.225,0.25,0.325]","[0.19999999999999996,0.225,0.25,0.325]",0.5,[],0.0
control,2,instance_0000,instance_0000,unique_observed_anchor,0.0,True,False,False,rack,569,74,False,"[0.0,0.0,0.0,0.0]","[0.25,0.25,0.25,0.25]","[0.19999999999999996,0.225,0.25,0.325]","[0.19999999999999996,0.225,0.25,0.325]",0.5,[],0.0
control,3,instance_0000,instance_0000,unique_observed_anchor,0.0,True,False,False,rack,902,207,False,"[0.0,0.0,0.0,0.0]","[0.25,0.25,0.25,0.25]","[0.19999999999999996,0.225,0.25,0.325]","[0.19999999999999996,0.225,0.25,0.325]",0.5,[],0.0
control,4,instance_0000,instance_0000,unique_observed_anchor,0.0,True,False,False,rack,1383,504,False,"[0.0,0.0,0.0,0.0]","[0.25,0.25,0.25,0.25]","[0.19999999999999996,0.225,0.25,0.325]","[0.19999999999999996,0.225,0.25,0.325]",0.5,[],0.0
control,5,instance_0000,instance_0000,unique_observed_anchor,0.0,False,True,False,rack,1383,504,False,"[0.0,0.0,0.0,0.0]","[0.25,0.25,0.25,0.25]","[0.25,0.25,0.25,0.25]","[0.25,0.25,0.25,0.25]",,[],0.0
control,6,instance_0000,instance_0000,unique_observed_anchor,0.0,True,False,False,rack,1978,954,False,"[0.0,0.0,0.0,0.0]","[0.25,0.25,0.25,0.25]","[0.19999999999999996,0.225,0.25,0.325]","[0.19999999999999996,0.225,0.25,0.325]",0.5,[],0.0
control,6,instance_0001,instance_0001,unique_observed_anchor,0.0,False,False,False,cabinet,447,0,False,"[0.0,0.0,0.0,0.0]","[0.25,0.25,0.25,0.25]","[0.25,0.25,0.25,0.25]","[0.25,0.25,0.25,0.25]",,[],0.0
control,7,instance_0000,instance_0000,unique_observed_anchor,0.0,True,False,False,rack,2345,1185,False,"[0.0,0.0,0.0,0.0]","[0.25,0.25,0.25,0.25]","[0.19999999999999996,0.225,0.25,0.325]","[0.19999999999999996,0.225,0.25,0.325]",0.5,[],0.0
control,7,instance_0001,instance_0001,unique_observed_anchor,0.0,True,False,False,cabinet,1132,238,False,"[0.0,0.0,0.0,0.0]","[0.25,0.25,0.25,0.25]","[0.325,0.275,0.225,0.175]","[0.325,0.275,0.225,0.175]",0.5,[],0.0
control,8,instance_0000,instance_0000,unique_observed_anchor,0.0,False,True,False,rack,2345,1185,False,"[0.0,0.0,0.0,0.0]","[0.25,0.25,0.25,0.25]","[0.25,0.25,0.25,0.25]","[0.25,0.25,0.25,0.25]",,[],0.0
control,8,instance_0001,instance_0001,unique_observed_anchor,0.0,False,True,False,cabinet,1132,238,False,"[0.0,0.0,0.0,0.0]","[0.25,0.25,0.25,0.25]","[0.25,0.25,0.25,0.25]","[0.25,0.25,0.25,0.25]",,[],0.0
control,9,instance_0000,instance_0000,unique_observed_anchor,0.0,False,True,False,rack,2345,1185,False,"[0.0,0.0,0.0,0.0]","[0.25,0.25,0.25,0.25]","[0.25,0.25,0.25,0.25]","[0.25,0.25,0.25,0.25]",,[],0.0
control,9,instance_0001,instance_0001,unique_observed_anchor,0.0,False,True,False,cabinet,1132,238,False,"[0.0,0.0,0.0,0.0]","[0.25,0.25,0.25,0.25]","[0.25,0.25,0.25,0.25]","[0.25,0.25,0.25,0.25]",,[],0.0
control,10,instance_0000,instance_0000,unique_observed_anchor,0.0,False,True,False,rack,2345,1185,False,"[0.0,0.0,0.0,0.0]","[0.25,0.25,0.25,0.25]","[0.25,0.25,0.25,0.25]","[0.25,0.25,0.25,0.25]",,[],0.0
control,10,instance_0001,instance_0001,unique_observed_anchor,0.0,False,True,False,cabinet,1132,238,False,"[0.0,0.0,0.0,0.0]","[0.25,0.25,0.25,0.25]","[0.25,0.25,0.25,0.25]","[0.25,0.25,0.25,0.25]",,[],0.0
control,11,instance_0000,instance_0000,unique_observed_anchor,0.0,False,True,False,rack,2345,1185,False,"[0.0,0.0,0.0,0.0]","[0.25,0.25,0.25,0.25]","[0.25,0.25,0.25,0.25]","[0.25,0.25,0.25,0.25]",,[],0.0
control,11,instance_0001,instance_0001,unique_observed_anchor,0.0,True,False,False,cabinet,1154,238,False,"[0.0,0.0,0.0,0.0]","[0.25,0.25,0.25,0.25]","[0.325,0.275,0.225,0.175]","[0.325,0.275,0.225,0.175]",0.5,[],0.0
control,12,instance_0000,instance_0000,unique_observed_anchor,0.0,False,True,False,rack,2345,1185,False,"[0.0,0.0,0.0,0.0]","[0.25,0.25,0.25,0.25]","[0.25,0.25,0.25,0.25]","[0.25,0.25,0.25,0.25]",,[],0.0
control,12,instance_0001,instance_0001,unique_observed_anchor,0.0,True,False,False,cabinet,1159,238,False,"[0.0,0.0,0.0,0.0]","[0.25,0.25,0.25,0.25]","[0.325,0.275,0.225,0.175]","[0.325,0.275,0.225,0.175]",0.5,[],0.0
control,13,instance_0000,instance_0000,unique_observed_anchor,0.0,False,True,False,rack,2345,1185,False,"[0.0,0.0,0.0,0.0]","[0.25,0.25,0.25,0.25]","[0.25,0.25,0.25,0.25]","[0.25,0.25,0.25,0.25]",,[],0.0
control,13,instance_0001,instance_0001,unique_observed_anchor,0.0,True,False,False,cabinet,1159,238,False,"[0.0,0.0,0.0,0.0]","[0.25,0.25,0.25,0.25]","[0.325,0.275,0.225,0.175]","[0.325,0.275,0.225,0.175]",0.5,[],0.0
control,14,instance_0000,instance_0000,unique_observed_anchor,0.0,False,True,False,rack,2345,1185,False,"[0.0,0.0,0.0,0.0]","[0.25,0.25,0.25,0.25]","[0.25,0.25,0.25,0.25]","[0.25,0.25,0.25,0.25]",,[],0.0
control,14,instance_0001,instance_0001,unique_observed_anchor,0.0,True,False,False,cabinet,1159,238,False,"[0.0,0.0,0.0,0.0]","[0.25,0.25,0.25,0.25]","[0.325,0.275,0.225,0.175]","[0.325,0.275,0.225,0.175]",0.5,[],0.0
control,15,instance_0000,instance_0000,unique_observed_anchor,0.0,False,True,False,rack,2345,1185,False,"[0.0,0.0,0.0,0.0]","[0.25,0.25,0.25,0.25]","[0.25,0.25,0.25,0.25]","[0.25,0.25,0.25,0.25]",,[],0.0
control,15,instance_0001,instance_0001,unique_observed_anchor,0.0,True,False,False,cabinet,1159,238,False,"[0.0,0.0,0.0,0.0]","[0.25,0.25,0.25,0.25]","[0.325,0.275,0.225,0.175]","[0.325,0.275,0.225,0.175]",0.5,[],0.0
control,16,instance_0000,instance_0000,unique_observed_anchor,0.0,False,True,False,rack,2345,1185,False,"[0.0,0.0,0.0,0.0]","[0.25,0.25,0.25,0.25]","[0.25,0.25,0.25,0.25]","[0.25,0.25,0.25,0.25]",,[],0.0
control,16,instance_0001,instance_0001,unique_observed_anchor,0.0,True,False,False,cabinet,1159,238,False,"[0.0,0.0,0.0,0.0]","[0.25,0.25,0.25,0.25]","[0.325,0.275,0.225,0.175]","[0.325,0.275,0.225,0.175]",0.5,[],0.0
control,17,instance_0000,instance_0000,unique_observed_anchor,0.0,False,True,False,rack,2345,1185,False,"[0.0,0.0,0.0,0.0]","[0.25,0.25,0.25,0.25]","[0.25,0.25,0.25,0.25]","[0.25,0.25,0.25,0.25]",,[],0.0
control,17,instance_0001,instance_0001,unique_observed_anchor,0.0,True,False,False,cabinet,1159,238,False,"[0.0,0.0,0.0,0.0]","[0.25,0.25,0.25,0.25]","[0.325,0.275,0.225,0.175]","[0.325,0.275,0.225,0.175]",0.5,[],0.0
control,18,instance_0000,instance_0000,unique_observed_anchor,0.0,False,True,False,rack,2345,1185,False,"[0.0,0.0,0.0,0.0]","[0.25,0.25,0.25,0.25]","[0.25,0.25,0.25,0.25]","[0.25,0.25,0.25,0.25]",,[],0.0
control,18,instance_0001,instance_0001,unique_observed_anchor,0.0,True,False,False,cabinet,1159,238,False,"[0.0,0.0,0.0,0.0]","[0.25,0.25,0.25,0.25]","[0.325,0.275,0.225,0.175]","[0.325,0.275,0.225,0.175]",0.5,[],0.0
control,19,instance_0000,instance_0000,unique_observed_anchor,0.0,False,True,False,rack,2345,1185,False,"[0.0,0.0,0.0,0.0]","[0.25,0.25,0.25,0.25]","[0.25,0.25,0.25,0.25]","[0.25,0.25,0.25,0.25]",,[],0.0
control,19,instance_0001,instance_0001,unique_observed_anchor,0.0,True,False,False,cabinet,1159,238,False,"[0.0,0.0,0.0,0.0]","[0.25,0.25,0.25,0.25]","[0.325,0.275,0.225,0.175]","[0.325,0.275,0.225,0.175]",0.5,[],0.0
control,20,instance_0000,instance_0000,unique_observed_anchor,0.0,False,True,False,rack,2345,1185,False,"[0.0,0.0,0.0,0.0]","[0.25,0.25,0.25,0.25]","[0.25,0.25,0.25,0.25]","[0.25,0.25,0.25,0.25]",,[],0.0
control,20,instance_0001,instance_0001,unique_observed_anchor,0.0,True,False,False,cabinet,1159,238,False,"[0.0,0.0,0.0,0.0]","[0.25,0.25,0.25,0.25]","[0.325,0.275,0.225,0.175]","[0.325,0.275,0.225,0.175]",0.5,[],0.0
control,21,instance_0000,instance_0000,unique_observed_anchor,0.0,False,True,False,rack,2345,1185,False,"[0.0,0.0,0.0,0.0]","[0.25,0.25,0.25,0.25]","[0.25,0.25,0.25,0.25]","[0.25,0.25,0.25,0.25]",,[],0.0
control,21,instance_0001,instance_0001,unique_observed_anchor,0.0,True,False,False,cabinet,1159,238,False,"[0.0,0.0,0.0,0.0]","[0.25,0.25,0.25,0.25]","[0.325,0.275,0.225,0.175]","[0.325,0.275,0.225,0.175]",0.5,[],0.0
control,22,instance_0000,instance_0000,unique_observed_anchor,0.0,False,True,False,rack,2345,1185,False,"[0.0,0.0,0.0,0.0]","[0.25,0.25,0.25,0.25]","[0.25,0.25,0.25,0.25]","[0.25,0.25,0.25,0.25]",,[],0.0
control,22,instance_0001,instance_0001,unique_observed_anchor,0.0,True,False,False,cabinet,1159,238,False,"[0.0,0.0,0.0,0.0]","[0.25,0.25,0.25,0.25]","[0.325,0.275,0.225,0.175]","[0.325,0.275,0.225,0.175]",0.5,[],0.0
control,23,instance_0000,instance_0000,unique_observed_anchor,0.0,False,True,False,rack,2345,1185,False,"[0.0,0.0,0.0,0.0]","[0.25,0.25,0.25,0.25]","[0.25,0.25,0.25,0.25]","[0.25,0.25,0.25,0.25]",,[],0.0
control,23,instance_0001,instance_0001,unique_observed_anchor,0.0,False,True,False,cabinet,1159,238,False,"[0.0,0.0,0.0,0.0]","[0.25,0.25,0.25,0.25]","[0.25,0.25,0.25,0.25]","[0.25,0.25,0.25,0.25]",,[],0.0
control,24,instance_0000,instance_0000,unique_observed_anchor,0.0,False,True,False,rack,2345,1185,False,"[0.0,0.0,0.0,0.0]","[0.25,0.25,0.25,0.25]","[0.25,0.25,0.25,0.25]","[0.25,0.25,0.25,0.25]",,[],0.0
control,24,instance_0001,instance_0001,unique_observed_anchor,0.0,False,True,False,cabinet,1159,238,False,"[0.0,0.0,0.0,0.0]","[0.25,0.25,0.25,0.25]","[0.25,0.25,0.25,0.25]","[0.25,0.25,0.25,0.25]",,[],0.0
control,25,instance_0000,instance_0000,unique_observed_anchor,0.0,False,True,False,rack,2345,1185,False,"[0.0,0.0,0.0,0.0]","[0.25,0.25,0.25,0.25]","[0.25,0.25,0.25,0.25]","[0.25,0.25,0.25,0.25]",,[],0.0
control,25,instance_0001,instance_0001,unique_observed_anchor,0.0,False,True,False,cabinet,1159,238,False,"[0.0,0.0,0.0,0.0]","[0.25,0.25,0.25,0.25]","[0.25,0.25,0.25,0.25]","[0.25,0.25,0.25,0.25]",,[],0.0
control,26,instance_0000,instance_0000,unique_observed_anchor,0.0,True,False,False,rack,2389,1188,False,"[0.0,0.0,0.0,0.0]","[0.25,0.25,0.25,0.25]","[0.19999999999999996,0.225,0.25,0.325]","[0.19999999999999996,0.225,0.25,0.325]",0.5,[],0.0
control,26,instance_0001,instance_0001,unique_observed_anchor,0.0,False,True,False,cabinet,1159,238,False,"[0.0,0.0,0.0,0.0]","[0.25,0.25,0.25,0.25]","[0.25,0.25,0.25,0.25]","[0.25,0.25,0.25,0.25]",,[],0.0
control,27,instance_0000,instance_0000,unique_observed_anchor,0.0,True,False,False,rack,2389,1188,False,"[0.0,0.0,0.0,0.0]","[0.25,0.25,0.25,0.25]","[0.19999999999999996,0.225,0.25,0.325]","[0.19999999999999996,0.225,0.25,0.325]",0.5,[],0.0
control,27,instance_0001,instance_0001,unique_observed_anchor,0.0,False,True,False,cabinet,1159,238,False,"[0.0,0.0,0.0,0.0]","[0.25,0.25,0.25,0.25]","[0.25,0.25,0.25,0.25]","[0.25,0.25,0.25,0.25]",,[],0.0
control,28,instance_0000,instance_0000,unique_observed_anchor,0.0,True,False,False,rack,2389,1188,False,"[0.0,0.0,0.0,0.0]","[0.25,0.25,0.25,0.25]","[0.19999999999999996,0.225,0.25,0.325]","[0.19999999999999996,0.225,0.25,0.325]",0.5,[],0.0
control,28,instance_0001,instance_0001,unique_observed_anchor,0.0,False,True,False,cabinet,1159,238,False,"[0.0,0.0,0.0,0.0]","[0.25,0.25,0.25,0.25]","[0.25,0.25,0.25,0.25]","[0.25,0.25,0.25,0.25]",,[],0.0
control,29,instance_0000,instance_0000,unique_observed_anchor,0.0,True,False,False,rack,2389,1188,False,"[0.0,0.0,0.0,0.0]","[0.25,0.25,0.25,0.25]","[0.19999999999999996,0.225,0.25,0.325]","[0.19999999999999996,0.225,0.25,0.325]",0.5,[],0.0
control,29,instance_0001,instance_0001,unique_observed_anchor,0.0,False,True,False,cabinet,1159,238,False,"[0.0,0.0,0.0,0.0]","[0.25,0.25,0.25,0.25]","[0.25,0.25,0.25,0.25]","[0.25,0.25,0.25,0.25]",,[],0.0
control,30,instance_0000,instance_0000,unique_observed_anchor,0.0,True,False,False,rack,2389,1188,False,"[0.0,0.0,0.0,0.0]","[0.25,0.25,0.25,0.25]","[0.19999999999999996,0.225,0.25,0.325]","[0.19999999999999996,0.225,0.25,0.325]",0.5,[],0.0
control,30,instance_0001,instance_0001,unique_observed_anchor,0.0,False,True,False,cabinet,1159,238,False,"[0.0,0.0,0.0,0.0]","[0.25,0.25,0.25,0.25]","[0.25,0.25,0.25,0.25]","[0.25,0.25,0.25,0.25]",,[],0.0
control,31,instance_0000,instance_0000,unique_observed_anchor,0.0,True,False,False,rack,2389,1188,False,"[0.0,0.0,0.0,0.0]","[0.25,0.25,0.25,0.25]","[0.19999999999999996,0.225,0.25,0.325]","[0.19999999999999996,0.225,0.25,0.325]",0.5,[],0.0
control,31,instance_0001,instance_0001,unique_observed_anchor,0.0,False,True,False,cabinet,1159,238,False,"[0.0,0.0,0.0,0.0]","[0.25,0.25,0.25,0.25]","[0.25,0.25,0.25,0.25]","[0.25,0.25,0.25,0.25]",,[],0.0
control,32,instance_0000,instance_0000,unique_observed_anchor,0.0,True,False,False,rack,2389,1188,False,"[0.0,0.0,0.0,0.0]","[0.25,0.25,0.25,0.25]","[0.19999999999999996,0.225,0.25,0.325]","[0.19999999999999996,0.225,0.25,0.325]",0.5,[],0.0
control,32,instance_0001,instance_0001,unique_observed_anchor,0.0,False,True,False,cabinet,1159,238,False,"[0.0,0.0,0.0,0.0]","[0.25,0.25,0.25,0.25]","[0.25,0.25,0.25,0.25]","[0.25,0.25,0.25,0.25]",,[],0.0
control,33,instance_0000,instance_0000,unique_observed_anchor,0.0,True,False,False,rack,2389,1188,False,"[0.0,0.0,0.0,0.0]","[0.25,0.25,0.25,0.25]","[0.19999999999999996,0.225,0.25,0.325]","[0.19999999999999996,0.225,0.25,0.325]",0.5,[],0.0
control,33,instance_0001,instance_0001,unique_observed_anchor,0.0,False,True,False,cabinet,1159,238,False,"[0.0,0.0,0.0,0.0]","[0.25,0.25,0.25,0.25]","[0.25,0.25,0.25,0.25]","[0.25,0.25,0.25,0.25]",,[],0.0
control,34,instance_0000,instance_0000,unique_observed_anchor,0.0,True,False,False,rack,2389,1188,False,"[0.0,0.0,0.0,0.0]","[0.25,0.25,0.25,0.25]","[0.19999999999999996,0.225,0.25,0.325]","[0.19999999999999996,0.225,0.25,0.325]",0.5,[],0.0
control,34,instance_0001,instance_0001,unique_observed_anchor,0.0,False,True,False,cabinet,1159,238,False,"[0.0,0.0,0.0,0.0]","[0.25,0.25,0.25,0.25]","[0.25,0.25,0.25,0.25]","[0.25,0.25,0.25,0.25]",,[],0.0
control,35,instance_0000,instance_0000,unique_observed_anchor,0.0,True,False,False,rack,2389,1188,False,"[0.0,0.0,0.0,0.0]","[0.25,0.25,0.25,0.25]","[0.19999999999999996,0.225,0.25,0.325]","[0.19999999999999996,0.225,0.25,0.325]",0.5,[],0.0
control,35,instance_0001,instance_0001,unique_observed_anchor,0.0,False,True,False,cabinet,1159,238,False,"[0.0,0.0,0.0,0.0]","[0.25,0.25,0.25,0.25]","[0.25,0.25,0.25,0.25]","[0.25,0.25,0.25,0.25]",,[],0.0
control,36,instance_0000,instance_0000,unique_observed_anchor,0.0,True,False,False,rack,2389,1188,False,"[0.0,0.0,0.0,0.0]","[0.25,0.25,0.25,0.25]","[0.19999999999999996,0.225,0.25,0.325]","[0.19999999999999996,0.225,0.25,0.325]",0.5,[],0.0
control,36,instance_0001,instance_0001,unique_observed_anchor,0.0,False,True,False,cabinet,1159,238,False,"[0.0,0.0,0.0,0.0]","[0.25,0.25,0.25,0.25]","[0.25,0.25,0.25,0.25]","[0.25,0.25,0.25,0.25]",,[],0.0
control,37,instance_0000,instance_0000,unique_observed_anchor,0.0,True,False,False,rack,2837,1347,False,"[0.0,0.0,0.0,0.0]","[0.25,0.25,0.25,0.25]","[0.19999999999999996,0.225,0.25,0.325]","[0.19999999999999996,0.225,0.25,0.325]",0.5,[],0.0
control,37,instance_0001,instance_0001,unique_observed_anchor,0.0,False,True,False,cabinet,1159,238,False,"[0.0,0.0,0.0,0.0]","[0.25,0.25,0.25,0.25]","[0.25,0.25,0.25,0.25]","[0.25,0.25,0.25,0.25]",,[],0.0
control,38,instance_0000,instance_0000,unique_observed_anchor,0.0,True,False,False,rack,3515,1607,False,"[0.0,0.0,0.0,0.0]","[0.25,0.25,0.25,0.25]","[0.19999999999999996,0.225,0.25,0.325]","[0.19999999999999996,0.225,0.25,0.325]",0.5,[],0.0
control,38,instance_0001,instance_0001,unique_observed_anchor,0.0,False,True,False,cabinet,1159,238,False,"[0.0,0.0,0.0,0.0]","[0.25,0.25,0.25,0.25]","[0.25,0.25,0.25,0.25]","[0.25,0.25,0.25,0.25]",,[],0.0
control,39,instance_0000,instance_0000,unique_observed_anchor,0.0,True,False,False,rack,4096,1851,False,"[0.0,0.0,0.0,0.0]","[0.25,0.25,0.25,0.25]","[0.19999999999999996,0.225,0.25,0.325]","[0.19999999999999996,0.225,0.25,0.325]",0.5,[],0.0
control,39,instance_0001,instance_0001,unique_observed_anchor,0.0,False,True,False,cabinet,1159,238,False,"[0.0,0.0,0.0,0.0]","[0.25,0.25,0.25,0.25]","[0.25,0.25,0.25,0.25]","[0.25,0.25,0.25,0.25]",,[],0.0
control,40,instance_0000,instance_0000,unique_observed_anchor,0.0,True,False,False,rack,4096,1851,False,"[0.0,0.0,0.0,0.0]","[0.25,0.25,0.25,0.25]","[0.19999999999999996,0.225,0.25,0.325]","[0.19999999999999996,0.225,0.25,0.325]",0.5,[],0.0
control,40,instance_0001,instance_0001,unique_observed_anchor,0.0,False,True,False,cabinet,1159,238,False,"[0.0,0.0,0.0,0.0]","[0.25,0.25,0.25,0.25]","[0.25,0.25,0.25,0.25]","[0.25,0.25,0.25,0.25]",,[],0.0
control,41,instance_0000,instance_0000,unique_observed_anchor,0.0,True,False,False,rack,4096,1851,False,"[0.0,0.0,0.0,0.0]","[0.25,0.25,0.25,0.25]","[0.19999999999999996,0.225,0.25,0.325]","[0.19999999999999996,0.225,0.25,0.325]",0.5,[],0.0
control,41,instance_0001,instance_0001,unique_observed_anchor,0.0,False,True,False,cabinet,1159,238,False,"[0.0,0.0,0.0,0.0]","[0.25,0.25,0.25,0.25]","[0.25,0.25,0.25,0.25]","[0.25,0.25,0.25,0.25]",,[],0.0
control,42,instance_0000,instance_0000,unique_observed_anchor,0.0,False,True,False,rack,4096,1851,False,"[0.0,0.0,0.0,0.0]","[0.25,0.25,0.25,0.25]","[0.25,0.25,0.25,0.25]","[0.25,0.25,0.25,0.25]",,[],0.0
control,42,instance_0001,instance_0001,unique_observed_anchor,0.0,False,True,False,cabinet,1159,238,False,"[0.0,0.0,0.0,0.0]","[0.25,0.25,0.25,0.25]","[0.25,0.25,0.25,0.25]","[0.25,0.25,0.25,0.25]",,[],0.0
control,43,instance_0000,instance_0000,unique_observed_anchor,0.0,True,False,False,rack,4096,1851,False,"[0.0,0.0,0.0,0.0]","[0.25,0.25,0.25,0.25]","[0.19999999999999996,0.225,0.25,0.325]","[0.19999999999999996,0.225,0.25,0.325]",0.5,[],0.0
control,43,instance_0001,instance_0001,unique_observed_anchor,0.0,False,True,False,cabinet,1159,238,False,"[0.0,0.0,0.0,0.0]","[0.25,0.25,0.25,0.25]","[0.25,0.25,0.25,0.25]","[0.25,0.25,0.25,0.25]",,[],0.0
control,44,instance_0000,instance_0000,unique_observed_anchor,0.0,True,False,False,rack,4096,1851,False,"[0.0,0.0,0.0,0.0]","[0.25,0.25,0.25,0.25]","[0.19999999999999996,0.225,0.25,0.325]","[0.19999999999999996,0.225,0.25,0.325]",0.5,[],0.0
control,44,instance_0001,instance_0001,unique_observed_anchor,0.0,False,True,False,cabinet,1159,238,False,"[0.0,0.0,0.0,0.0]","[0.25,0.25,0.25,0.25]","[0.25,0.25,0.25,0.25]","[0.25,0.25,0.25,0.25]",,[],0.0
control,45,instance_0000,instance_0000,unique_observed_anchor,0.0,True,False,False,rack,4096,1851,False,"[0.0,0.0,0.0,0.0]","[0.25,0.25,0.25,0.25]","[0.19999999999999996,0.225,0.25,0.325]","[0.19999999999999996,0.225,0.25,0.325]",0.5,[],0.0
control,45,instance_0001,instance_0001,unique_observed_anchor,0.0,False,True,False,cabinet,1159,238,False,"[0.0,0.0,0.0,0.0]","[0.25,0.25,0.25,0.25]","[0.25,0.25,0.25,0.25]","[0.25,0.25,0.25,0.25]",,[],0.0
control,46,instance_0000,instance_0000,unique_observed_anchor,0.0,True,False,False,rack,4096,1851,False,"[0.0,0.0,0.0,0.0]","[0.25,0.25,0.25,0.25]","[0.19999999999999996,0.225,0.25,0.325]","[0.19999999999999996,0.225,0.25,0.325]",0.5,[],0.0
control,46,instance_0001,instance_0001,unique_observed_anchor,0.0,False,True,False,cabinet,1159,238,False,"[0.0,0.0,0.0,0.0]","[0.25,0.25,0.25,0.25]","[0.25,0.25,0.25,0.25]","[0.25,0.25,0.25,0.25]",,[],0.0
control,47,instance_0000,instance_0000,unique_observed_anchor,0.0,False,True,False,rack,4096,1851,False,"[0.0,0.0,0.0,0.0]","[0.25,0.25,0.25,0.25]","[0.25,0.25,0.25,0.25]","[0.25,0.25,0.25,0.25]",,[],0.0
control,47,instance_0001,instance_0001,unique_observed_anchor,0.0,False,True,False,cabinet,1159,238,False,"[0.0,0.0,0.0,0.0]","[0.25,0.25,0.25,0.25]","[0.25,0.25,0.25,0.25]","[0.25,0.25,0.25,0.25]",,[],0.0
control,48,instance_0000,instance_0000,unique_observed_anchor,0.0,False,True,False,rack,4096,1851,False,"[0.0,0.0,0.0,0.0]","[0.25,0.25,0.25,0.25]","[0.25,0.25,0.25,0.25]","[0.25,0.25,0.25,0.25]",,[],0.0
control,48,instance_0001,instance_0001,unique_observed_anchor,0.0,False,True,False,cabinet,1159,238,False,"[0.0,0.0,0.0,0.0]","[0.25,0.25,0.25,0.25]","[0.25,0.25,0.25,0.25]","[0.25,0.25,0.25,0.25]",,[],0.0
control,49,instance_0000,instance_0000,unique_observed_anchor,0.0,False,True,False,rack,4096,1851,False,"[0.0,0.0,0.0,0.0]","[0.25,0.25,0.25,0.25]","[0.25,0.25,0.25,0.25]","[0.25,0.25,0.25,0.25]",,[],0.0
control,49,instance_0001,instance_0001,unique_observed_anchor,0.0,False,True,False,cabinet,1159,238,False,"[0.0,0.0,0.0,0.0]","[0.25,0.25,0.25,0.25]","[0.25,0.25,0.25,0.25]","[0.25,0.25,0.25,0.25]",,[],0.0
control,50,instance_0000,instance_0000,unique_observed_anchor,0.0,True,False,False,rack,4096,1851,False,"[0.0,0.0,0.0,0.0]","[0.25,0.25,0.25,0.25]","[0.19999999999999996,0.225,0.25,0.325]","[0.19999999999999996,0.225,0.25,0.325]",0.5,[],0.0
control,50,instance_0001,instance_0001,unique_observed_anchor,0.0,False,True,False,cabinet,1159,238,False,"[0.0,0.0,0.0,0.0]","[0.25,0.25,0.25,0.25]","[0.25,0.25,0.25,0.25]","[0.25,0.25,0.25,0.25]",,[],0.0
control,51,instance_0000,instance_0000,unique_observed_anchor,0.0,True,False,False,rack,4096,1851,False,"[0.0,0.0,0.0,0.0]","[0.25,0.25,0.25,0.25]","[0.19999999999999996,0.225,0.25,0.325]","[0.19999999999999996,0.225,0.25,0.325]",0.5,[],0.0
control,51,instance_0001,instance_0001,unique_observed_anchor,0.0,False,True,False,cabinet,1159,238,False,"[0.0,0.0,0.0,0.0]","[0.25,0.25,0.25,0.25]","[0.25,0.25,0.25,0.25]","[0.25,0.25,0.25,0.25]",,[],0.0
control,52,instance_0000,instance_0000,unique_observed_anchor,0.0,True,False,False,rack,4096,1851,False,"[0.0,0.0,0.0,0.0]","[0.25,0.25,0.25,0.25]","[0.19999999999999996,0.225,0.25,0.325]","[0.19999999999999996,0.225,0.25,0.325]",0.5,[],0.0
control,52,instance_0001,instance_0001,unique_observed_anchor,0.0,False,True,False,cabinet,1159,238,False,"[0.0,0.0,0.0,0.0]","[0.25,0.25,0.25,0.25]","[0.25,0.25,0.25,0.25]","[0.25,0.25,0.25,0.25]",,[],0.0
control,53,instance_0000,instance_0000,unique_observed_anchor,0.0,True,False,False,rack,4096,1851,False,"[0.0,0.0,0.0,0.0]","[0.25,0.25,0.25,0.25]","[0.19999999999999996,0.225,0.25,0.325]","[0.19999999999999996,0.225,0.25,0.325]",0.5,[],0.0
control,53,instance_0001,instance_0001,unique_observed_anchor,0.0,False,True,False,cabinet,1159,238,False,"[0.0,0.0,0.0,0.0]","[0.25,0.25,0.25,0.25]","[0.25,0.25,0.25,0.25]","[0.25,0.25,0.25,0.25]",,[],0.0
control,54,instance_0000,instance_0000,unique_observed_anchor,0.0,True,False,False,rack,4096,1851,False,"[0.0,0.0,0.0,0.0]","[0.25,0.25,0.25,0.25]","[0.19999999999999996,0.225,0.25,0.325]","[0.19999999999999996,0.225,0.25,0.325]",0.5,[],0.0
control,54,instance_0001,instance_0001,unique_observed_anchor,0.0,False,True,False,cabinet,1159,238,False,"[0.0,0.0,0.0,0.0]","[0.25,0.25,0.25,0.25]","[0.25,0.25,0.25,0.25]","[0.25,0.25,0.25,0.25]",,[],0.0
control,55,instance_0000,instance_0000,unique_observed_anchor,0.0,True,False,False,rack,4096,1851,False,"[0.0,0.0,0.0,0.0]","[0.25,0.25,0.25,0.25]","[0.19999999999999996,0.225,0.25,0.325]","[0.19999999999999996,0.225,0.25,0.325]",0.5,[],0.0
control,55,instance_0001,instance_0001,unique_observed_anchor,0.0,False,True,False,cabinet,1159,238,False,"[0.0,0.0,0.0,0.0]","[0.25,0.25,0.25,0.25]","[0.25,0.25,0.25,0.25]","[0.25,0.25,0.25,0.25]",,[],0.0
control,56,instance_0000,instance_0000,unique_observed_anchor,0.0,True,False,False,rack,4096,1851,False,"[0.0,0.0,0.0,0.0]","[0.25,0.25,0.25,0.25]","[0.19999999999999996,0.225,0.25,0.325]","[0.19999999999999996,0.225,0.25,0.325]",0.5,[],0.0
control,56,instance_0001,instance_0001,unique_observed_anchor,0.0,False,True,False,cabinet,1159,238,False,"[0.0,0.0,0.0,0.0]","[0.25,0.25,0.25,0.25]","[0.25,0.25,0.25,0.25]","[0.25,0.25,0.25,0.25]",,[],0.0
control,57,instance_0000,instance_0000,unique_observed_anchor,0.0,True,False,False,rack,4096,1851,False,"[0.0,0.0,0.0,0.0]","[0.25,0.25,0.25,0.25]","[0.19999999999999996,0.225,0.25,0.325]","[0.19999999999999996,0.225,0.25,0.325]",0.5,[],0.0
control,57,instance_0001,instance_0001,unique_observed_anchor,0.0,False,True,False,cabinet,1159,238,False,"[0.0,0.0,0.0,0.0]","[0.25,0.25,0.25,0.25]","[0.25,0.25,0.25,0.25]","[0.25,0.25,0.25,0.25]",,[],0.0
control,58,instance_0000,instance_0000,unique_observed_anchor,0.0,True,False,False,rack,4096,1851,False,"[0.0,0.0,0.0,0.0]","[0.25,0.25,0.25,0.25]","[0.19999999999999996,0.225,0.25,0.325]","[0.19999999999999996,0.225,0.25,0.325]",0.5,[],0.0
control,58,instance_0001,instance_0001,unique_observed_anchor,0.0,False,True,False,cabinet,1159,238,False,"[0.0,0.0,0.0,0.0]","[0.25,0.25,0.25,0.25]","[0.25,0.25,0.25,0.25]","[0.25,0.25,0.25,0.25]",,[],0.0
control,59,instance_0000,instance_0000,unique_observed_anchor,0.0,True,False,False,rack,4096,1851,False,"[0.0,0.0,0.0,0.0]","[0.25,0.25,0.25,0.25]","[0.19999999999999996,0.225,0.25,0.325]","[0.19999999999999996,0.225,0.25,0.325]",0.5,[],0.0
control,59,instance_0001,instance_0001,unique_observed_anchor,0.0,False,True,False,cabinet,1159,238,False,"[0.0,0.0,0.0,0.0]","[0.25,0.25,0.25,0.25]","[0.25,0.25,0.25,0.25]","[0.25,0.25,0.25,0.25]",,[],0.0
control,60,instance_0000,instance_0000,unique_observed_anchor,0.0,True,False,False,rack,4096,1851,False,"[0.0,0.0,0.0,0.0]","[0.25,0.25,0.25,0.25]","[0.19999999999999996,0.225,0.25,0.325]","[0.19999999999999996,0.225,0.25,0.325]",0.5,[],0.0
control,60,instance_0001,instance_0001,unique_observed_anchor,0.0,False,True,False,cabinet,1159,238,False,"[0.0,0.0,0.0,0.0]","[0.25,0.25,0.25,0.25]","[0.25,0.25,0.25,0.25]","[0.25,0.25,0.25,0.25]",,[],0.0
control,61,instance_0000,instance_0000,unique_observed_anchor,0.0,True,False,False,rack,4096,1851,False,"[0.0,0.0,0.0,0.0]","[0.25,0.25,0.25,0.25]","[0.19999999999999996,0.225,0.25,0.325]","[0.19999999999999996,0.225,0.25,0.325]",0.5,[],0.0
control,61,instance_0001,instance_0001,unique_observed_anchor,0.0,False,True,False,cabinet,1159,238,False,"[0.0,0.0,0.0,0.0]","[0.25,0.25,0.25,0.25]","[0.25,0.25,0.25,0.25]","[0.25,0.25,0.25,0.25]",,[],0.0
control,62,instance_0000,instance_0000,unique_observed_anchor,0.0,True,False,False,rack,4096,1851,False,"[0.0,0.0,0.0,0.0]","[0.25,0.25,0.25,0.25]","[0.19999999999999996,0.225,0.25,0.325]","[0.19999999999999996,0.225,0.25,0.325]",0.5,[],0.0
control,62,instance_0001,instance_0001,unique_observed_anchor,0.0,False,True,False,cabinet,1159,238,False,"[0.0,0.0,0.0,0.0]","[0.25,0.25,0.25,0.25]","[0.25,0.25,0.25,0.25]","[0.25,0.25,0.25,0.25]",,[],0.0
control,63,instance_0000,instance_0000,unique_observed_anchor,0.0,True,False,False,rack,4096,1851,False,"[0.0,0.0,0.0,0.0]","[0.25,0.25,0.25,0.25]","[0.19999999999999996,0.225,0.25,0.325]","[0.19999999999999996,0.225,0.25,0.325]",0.5,[],0.0
control,63,instance_0001,instance_0001,unique_observed_anchor,0.0,False,True,False,cabinet,1159,238,False,"[0.0,0.0,0.0,0.0]","[0.25,0.25,0.25,0.25]","[0.25,0.25,0.25,0.25]","[0.25,0.25,0.25,0.25]",,[],0.0
control,64,instance_0000,instance_0000,unique_observed_anchor,0.0,True,False,False,rack,4096,1851,False,"[0.0,0.0,0.0,0.0]","[0.25,0.25,0.25,0.25]","[0.19999999999999996,0.225,0.25,0.325]","[0.19999999999999996,0.225,0.25,0.325]",0.5,[],0.0
control,64,instance_0001,instance_0001,unique_observed_anchor,0.0,False,True,False,cabinet,1159,238,False,"[0.0,0.0,0.0,0.0]","[0.25,0.25,0.25,0.25]","[0.25,0.25,0.25,0.25]","[0.25,0.25,0.25,0.25]",,[],0.0
control,65,instance_0000,instance_0000,unique_observed_anchor,0.0,True,False,False,rack,4096,1851,False,"[0.0,0.0,0.0,0.0]","[0.25,0.25,0.25,0.25]","[0.19999999999999996,0.225,0.25,0.325]","[0.19999999999999996,0.225,0.25,0.325]",0.5,[],0.0
control,65,instance_0001,instance_0001,unique_observed_anchor,0.0,False,True,False,cabinet,1159,238,False,"[0.0,0.0,0.0,0.0]","[0.25,0.25,0.25,0.25]","[0.25,0.25,0.25,0.25]","[0.25,0.25,0.25,0.25]",,[],0.0
control,66,instance_0000,instance_0000,unique_observed_anchor,0.0,True,False,False,rack,4096,1851,False,"[0.0,0.0,0.0,0.0]","[0.25,0.25,0.25,0.25]","[0.19999999999999996,0.225,0.25,0.325]","[0.19999999999999996,0.225,0.25,0.325]",0.5,[],0.0
control,66,instance_0001,instance_0001,unique_observed_anchor,0.0,False,True,False,cabinet,1159,238,False,"[0.0,0.0,0.0,0.0]","[0.25,0.25,0.25,0.25]","[0.25,0.25,0.25,0.25]","[0.25,0.25,0.25,0.25]",,[],0.0
control,67,instance_0000,instance_0000,unique_observed_anchor,0.0,True,False,False,rack,4096,1851,False,"[0.0,0.0,0.0,0.0]","[0.25,0.25,0.25,0.25]","[0.19999999999999996,0.225,0.25,0.325]","[0.19999999999999996,0.225,0.25,0.325]",0.5,[],0.0
control,67,instance_0001,instance_0001,unique_observed_anchor,0.0,False,True,False,cabinet,1159,238,False,"[0.0,0.0,0.0,0.0]","[0.25,0.25,0.25,0.25]","[0.25,0.25,0.25,0.25]","[0.25,0.25,0.25,0.25]",,[],0.0
control,68,instance_0000,instance_0000,unique_observed_anchor,0.0,True,False,False,rack,4096,1851,False,"[0.0,0.0,0.0,0.0]","[0.25,0.25,0.25,0.25]","[0.19999999999999996,0.225,0.25,0.325]","[0.19999999999999996,0.225,0.25,0.325]",0.5,[],0.0
control,68,instance_0001,instance_0001,unique_observed_anchor,0.0,False,True,False,cabinet,1159,238,False,"[0.0,0.0,0.0,0.0]","[0.25,0.25,0.25,0.25]","[0.25,0.25,0.25,0.25]","[0.25,0.25,0.25,0.25]",,[],0.0
control,69,instance_0000,instance_0000,unique_observed_anchor,0.0,True,False,False,rack,4096,1851,False,"[0.0,0.0,0.0,0.0]","[0.25,0.25,0.25,0.25]","[0.19999999999999996,0.225,0.25,0.325]","[0.19999999999999996,0.225,0.25,0.325]",0.5,[],0.0
control,69,instance_0001,instance_0001,unique_observed_anchor,0.0,False,True,False,cabinet,1159,238,False,"[0.0,0.0,0.0,0.0]","[0.25,0.25,0.25,0.25]","[0.25,0.25,0.25,0.25]","[0.25,0.25,0.25,0.25]",,[],0.0
control,70,instance_0000,instance_0000,unique_observed_anchor,0.0,True,False,False,rack,4096,1851,False,"[0.0,0.0,0.0,0.0]","[0.25,0.25,0.25,0.25]","[0.19999999999999996,0.225,0.25,0.325]","[0.19999999999999996,0.225,0.25,0.325]",0.5,[],0.0
control,70,instance_0001,instance_0001,unique_observed_anchor,0.0,False,True,False,cabinet,1159,238,False,"[0.0,0.0,0.0,0.0]","[0.25,0.25,0.25,0.25]","[0.25,0.25,0.25,0.25]","[0.25,0.25,0.25,0.25]",,[],0.0
control,71,instance_0000,instance_0000,unique_observed_anchor,0.0,True,False,False,rack,4096,1851,False,"[0.0,0.0,0.0,0.0]","[0.25,0.25,0.25,0.25]","[0.19999999999999996,0.225,0.25,0.325]","[0.19999999999999996,0.225,0.25,0.325]",0.5,[],0.0
control,71,instance_0001,instance_0001,unique_observed_anchor,0.0,False,True,False,cabinet,1159,238,False,"[0.0,0.0,0.0,0.0]","[0.25,0.25,0.25,0.25]","[0.25,0.25,0.25,0.25]","[0.25,0.25,0.25,0.25]",,[],0.0
control,72,instance_0000,instance_0000,unique_observed_anchor,0.0,True,False,False,rack,4096,1851,False,"[0.0,0.0,0.0,0.0]","[0.25,0.25,0.25,0.25]","[0.19999999999999996,0.225,0.25,0.325]","[0.19999999999999996,0.225,0.25,0.325]",0.5,[],0.0
control,72,instance_0001,instance_0001,unique_observed_anchor,0.0,False,True,False,cabinet,1159,238,False,"[0.0,0.0,0.0,0.0]","[0.25,0.25,0.25,0.25]","[0.25,0.25,0.25,0.25]","[0.25,0.25,0.25,0.25]",,[],0.0
control,73,instance_0000,instance_0000,unique_observed_anchor,0.0,True,False,False,rack,4096,1851,False,"[0.0,0.0,0.0,0.0]","[0.25,0.25,0.25,0.25]","[0.19999999999999996,0.225,0.25,0.325]","[0.19999999999999996,0.225,0.25,0.325]",0.5,[],0.0
control,73,instance_0001,instance_0001,unique_observed_anchor,0.0,False,True,False,cabinet,1159,238,False,"[0.0,0.0,0.0,0.0]","[0.25,0.25,0.25,0.25]","[0.25,0.25,0.25,0.25]","[0.25,0.25,0.25,0.25]",,[],0.0
control,74,instance_0000,instance_0000,unique_observed_anchor,0.0,True,False,False,rack,4096,1851,False,"[0.0,0.0,0.0,0.0]","[0.25,0.25,0.25,0.25]","[0.19999999999999996,0.225,0.25,0.325]","[0.19999999999999996,0.225,0.25,0.325]",0.5,[],0.0
control,74,instance_0001,instance_0001,unique_observed_anchor,0.0,False,True,False,cabinet,1159,238,False,"[0.0,0.0,0.0,0.0]","[0.25,0.25,0.25,0.25]","[0.25,0.25,0.25,0.25]","[0.25,0.25,0.25,0.25]",,[],0.0
control,75,instance_0000,instance_0000,unique_observed_anchor,0.0,True,False,False,rack,4096,1851,False,"[0.0,0.0,0.0,0.0]","[0.25,0.25,0.25,0.25]","[0.19999999999999996,0.225,0.25,0.325]","[0.19999999999999996,0.225,0.25,0.325]",0.5,[],0.0
control,75,instance_0001,instance_0001,unique_observed_anchor,0.0,False,True,False,cabinet,1159,238,False,"[0.0,0.0,0.0,0.0]","[0.25,0.25,0.25,0.25]","[0.25,0.25,0.25,0.25]","[0.25,0.25,0.25,0.25]",,[],0.0
control,76,instance_0000,instance_0000,unique_observed_anchor,0.0,True,False,False,rack,4096,1851,False,"[0.0,0.0,0.0,0.0]","[0.25,0.25,0.25,0.25]","[0.19999999999999996,0.225,0.25,0.325]","[0.19999999999999996,0.225,0.25,0.325]",0.5,[],0.0
control,76,instance_0001,instance_0001,unique_observed_anchor,0.0,False,True,False,cabinet,1159,238,False,"[0.0,0.0,0.0,0.0]","[0.25,0.25,0.25,0.25]","[0.25,0.25,0.25,0.25]","[0.25,0.25,0.25,0.25]",,[],0.0
control,77,instance_0000,instance_0000,unique_observed_anchor,0.0,True,False,False,rack,4096,1851,False,"[0.0,0.0,0.0,0.0]","[0.25,0.25,0.25,0.25]","[0.19999999999999996,0.225,0.25,0.325]","[0.19999999999999996,0.225,0.25,0.325]",0.5,[],0.0
control,77,instance_0001,instance_0001,unique_observed_anchor,0.0,False,True,False,cabinet,1159,238,False,"[0.0,0.0,0.0,0.0]","[0.25,0.25,0.25,0.25]","[0.25,0.25,0.25,0.25]","[0.25,0.25,0.25,0.25]",,[],0.0
control,78,instance_0000,instance_0000,unique_observed_anchor,0.0,True,False,False,rack,4096,1851,False,"[0.0,0.0,0.0,0.0]","[0.25,0.25,0.25,0.25]","[0.19999999999999996,0.225,0.25,0.325]","[0.19999999999999996,0.225,0.25,0.325]",0.5,[],0.0
control,78,instance_0001,instance_0001,unique_observed_anchor,0.0,False,True,False,cabinet,1159,238,False,"[0.0,0.0,0.0,0.0]","[0.25,0.25,0.25,0.25]","[0.25,0.25,0.25,0.25]","[0.25,0.25,0.25,0.25]",,[],0.0
control,79,instance_0000,instance_0000,unique_observed_anchor,0.0,True,False,False,rack,4096,1851,False,"[0.0,0.0,0.0,0.0]","[0.25,0.25,0.25,0.25]","[0.19999999999999996,0.225,0.25,0.325]","[0.19999999999999996,0.225,0.25,0.325]",0.5,[],0.0
control,79,instance_0001,instance_0001,unique_observed_anchor,0.0,False,True,False,cabinet,1159,238,False,"[0.0,0.0,0.0,0.0]","[0.25,0.25,0.25,0.25]","[0.25,0.25,0.25,0.25]","[0.25,0.25,0.25,0.25]",,[],0.0
control,80,instance_0000,instance_0000,unique_observed_anchor,0.0,True,False,False,rack,4096,1851,False,"[0.0,0.0,0.0,0.0]","[0.25,0.25,0.25,0.25]","[0.19999999999999996,0.225,0.25,0.325]","[0.19999999999999996,0.225,0.25,0.325]",0.5,[],0.0
control,80,instance_0001,instance_0001,unique_observed_anchor,0.0,False,True,False,cabinet,1159,238,False,"[0.0,0.0,0.0,0.0]","[0.25,0.25,0.25,0.25]","[0.25,0.25,0.25,0.25]","[0.25,0.25,0.25,0.25]",,[],0.0
control,81,instance_0000,instance_0000,unique_observed_anchor,0.0,True,False,False,rack,4096,1851,False,"[0.0,0.0,0.0,0.0]","[0.25,0.25,0.25,0.25]","[0.19999999999999996,0.225,0.25,0.325]","[0.19999999999999996,0.225,0.25,0.325]",0.5,[],0.0
control,81,instance_0001,instance_0001,unique_observed_anchor,0.0,False,True,False,cabinet,1159,238,False,"[0.0,0.0,0.0,0.0]","[0.25,0.25,0.25,0.25]","[0.25,0.25,0.25,0.25]","[0.25,0.25,0.25,0.25]",,[],0.0
control,81,instance_0002,instance_0002,unique_observed_anchor,0.0,False,False,False,cabinet,252,0,False,"[0.0,0.0,0.0,0.0]","[0.25,0.25,0.25,0.25]","[0.25,0.25,0.25,0.25]","[0.25,0.25,0.25,0.25]",,[],0.0
control,82,instance_0000,instance_0000,unique_observed_anchor,0.0,False,True,False,rack,4096,1851,False,"[0.0,0.0,0.0,0.0]","[0.25,0.25,0.25,0.25]","[0.25,0.25,0.25,0.25]","[0.25,0.25,0.25,0.25]",,[],0.0
control,82,instance_0001,instance_0001,unique_observed_anchor,0.0,False,True,False,cabinet,1159,238,False,"[0.0,0.0,0.0,0.0]","[0.25,0.25,0.25,0.25]","[0.25,0.25,0.25,0.25]","[0.25,0.25,0.25,0.25]",,[],0.0
control,82,instance_0002,instance_0002,unique_observed_anchor,0.0,False,True,False,cabinet,252,0,False,"[0.0,0.0,0.0,0.0]","[0.25,0.25,0.25,0.25]","[0.25,0.25,0.25,0.25]","[0.25,0.25,0.25,0.25]",,[],0.0
control,83,instance_0000,instance_0000,unique_observed_anchor,0.0,False,True,False,rack,4096,1851,False,"[0.0,0.0,0.0,0.0]","[0.25,0.25,0.25,0.25]","[0.25,0.25,0.25,0.25]","[0.25,0.25,0.25,0.25]",,[],0.0
control,83,instance_0001,instance_0001,unique_observed_anchor,0.0,False,True,False,cabinet,1159,238,False,"[0.0,0.0,0.0,0.0]","[0.25,0.25,0.25,0.25]","[0.25,0.25,0.25,0.25]","[0.25,0.25,0.25,0.25]",,[],0.0
control,83,instance_0002,instance_0002,unique_observed_anchor,0.0,False,True,False,cabinet,252,0,False,"[0.0,0.0,0.0,0.0]","[0.25,0.25,0.25,0.25]","[0.25,0.25,0.25,0.25]","[0.25,0.25,0.25,0.25]",,[],0.0
control,84,instance_0000,instance_0000,unique_observed_anchor,0.0,False,True,False,rack,4096,1851,False,"[0.0,0.0,0.0,0.0]","[0.25,0.25,0.25,0.25]","[0.25,0.25,0.25,0.25]","[0.25,0.25,0.25,0.25]",,[],0.0
control,84,instance_0001,instance_0001,unique_observed_anchor,0.0,False,True,False,cabinet,1159,238,False,"[0.0,0.0,0.0,0.0]","[0.25,0.25,0.25,0.25]","[0.25,0.25,0.25,0.25]","[0.25,0.25,0.25,0.25]",,[],0.0
control,84,instance_0002,instance_0002,unique_observed_anchor,0.0,True,False,False,cabinet,954,159,False,"[0.0,0.0,0.0,0.0]","[0.25,0.25,0.25,0.25]","[0.325,0.275,0.225,0.175]","[0.325,0.275,0.225,0.175]",0.5,[],0.0
control,85,instance_0000,instance_0000,unique_observed_anchor,0.0,False,True,False,rack,4096,1851,False,"[0.0,0.0,0.0,0.0]","[0.25,0.25,0.25,0.25]","[0.25,0.25,0.25,0.25]","[0.25,0.25,0.25,0.25]",,[],0.0
control,85,instance_0001,instance_0001,unique_observed_anchor,0.0,False,True,False,cabinet,1159,238,False,"[0.0,0.0,0.0,0.0]","[0.25,0.25,0.25,0.25]","[0.25,0.25,0.25,0.25]","[0.25,0.25,0.25,0.25]",,[],0.0
control,85,instance_0002,instance_0002,unique_observed_anchor,0.0,True,False,False,cabinet,1259,358,True,"[-1.4885500621779157,-0.8738280573080054,0.0,-2.0084974308860812]","[0.12699443195080048,0.23483079827178968,0.5626699966956837,0.07550477308172615]","[0.1680054762036244,0.2628712833696719,0.5153374131896269,0.053785827237076825]","[0.1680054762036244,0.2628712833696719,0.5153374131896269,0.053785827237076825]",0.5,[],0.0
control,86,instance_0000,instance_0000,unique_observed_anchor,0.0,False,True,False,rack,4096,1851,False,"[0.0,0.0,0.0,0.0]","[0.25,0.25,0.25,0.25]","[0.25,0.25,0.25,0.25]","[0.25,0.25,0.25,0.25]",,[],0.0
control,86,instance_0001,instance_0001,unique_observed_anchor,0.0,False,True,False,cabinet,1159,238,False,"[0.0,0.0,0.0,0.0]","[0.25,0.25,0.25,0.25]","[0.25,0.25,0.25,0.25]","[0.25,0.25,0.25,0.25]",,[],0.0
control,86,instance_0002,instance_0002,unique_observed_anchor,0.0,True,False,False,cabinet,1592,661,True,"[-2.766283567784157,-1.6218655221222447,0.0,-3.738325721364818]","[0.048975535347446204,0.15381320943358978,0.7786833360039296,0.018527919215034546]","[0.06725651446169595,0.1787302782659861,0.7403127046335471,0.013700502638770875]","[0.06725651446169595,0.1787302782659861,0.7403127046335471,0.013700502638770875]",0.5,[],0.0
control,87,instance_0000,instance_0000,unique_observed_anchor,0.0,False,True,False,rack,4096,1851,False,"[0.0,0.0,0.0,0.0]","[0.25,0.25,0.25,0.25]","[0.25,0.25,0.25,0.25]","[0.25,0.25,0.25,0.25]",,[],0.0
control,87,instance_0001,instance_0001,unique_observed_anchor,0.0,False,True,False,cabinet,1159,238,False,"[0.0,0.0,0.0,0.0]","[0.25,0.25,0.25,0.25]","[0.25,0.25,0.25,0.25]","[0.25,0.25,0.25,0.25]",,[],0.0
control,87,instance_0002,instance_0002,unique_observed_anchor,0.0,False,True,False,cabinet,1592,661,False,"[-2.766283567784157,-1.6218655221222447,0.0,-3.738325721364818]","[0.048975535347446204,0.15381320943358978,0.7786833360039296,0.018527919215034546]","[0.048975535347446204,0.15381320943358978,0.7786833360039296,0.018527919215034546]","[0.048975535347446204,0.15381320943358978,0.7786833360039296,0.018527919215034546]",,[],0.0
control,88,instance_0000,instance_0000,unique_observed_anchor,0.0,False,True,False,rack,4096,1851,False,"[0.0,0.0,0.0,0.0]","[0.25,0.25,0.25,0.25]","[0.25,0.25,0.25,0.25]","[0.25,0.25,0.25,0.25]",,[],0.0
control,88,instance_0001,instance_0001,unique_observed_anchor,0.0,False,True,False,cabinet,1159,238,False,"[0.0,0.0,0.0,0.0]","[0.25,0.25,0.25,0.25]","[0.25,0.25,0.25,0.25]","[0.25,0.25,0.25,0.25]",,[],0.0
control,88,instance_0002,instance_0002,unique_observed_anchor,0.0,False,True,False,cabinet,1592,661,False,"[-2.766283567784157,-1.6218655221222447,0.0,-3.738325721364818]","[0.048975535347446204,0.15381320943358978,0.7786833360039296,0.018527919215034546]","[0.048975535347446204,0.15381320943358978,0.7786833360039296,0.018527919215034546]","[0.048975535347446204,0.15381320943358978,0.7786833360039296,0.018527919215034546]",,[],0.0
control,89,instance_0000,instance_0000,unique_observed_anchor,0.0,False,True,False,rack,4096,1851,False,"[0.0,0.0,0.0,0.0]","[0.25,0.25,0.25,0.25]","[0.25,0.25,0.25,0.25]","[0.25,0.25,0.25,0.25]",,[],0.0
control,89,instance_0001,instance_0001,unique_observed_anchor,0.0,False,True,False,cabinet,1159,238,False,"[0.0,0.0,0.0,0.0]","[0.25,0.25,0.25,0.25]","[0.25,0.25,0.25,0.25]","[0.25,0.25,0.25,0.25]",,[],0.0
control,89,instance_0002,instance_0002,unique_observed_anchor,0.0,False,True,False,cabinet,1592,661,False,"[-2.766283567784157,-1.6218655221222447,0.0,-3.738325721364818]","[0.048975535347446204,0.15381320943358978,0.7786833360039296,0.018527919215034546]","[0.048975535347446204,0.15381320943358978,0.7786833360039296,0.018527919215034546]","[0.048975535347446204,0.15381320943358978,0.7786833360039296,0.018527919215034546]",,[],0.0
control,90,instance_0000,instance_0000,unique_observed_anchor,0.0,False,True,False,rack,4096,1851,False,"[0.0,0.0,0.0,0.0]","[0.25,0.25,0.25,0.25]","[0.25,0.25,0.25,0.25]","[0.25,0.25,0.25,0.25]",,[],0.0
control,90,instance_0001,instance_0001,unique_observed_anchor,0.0,False,True,False,cabinet,1159,238,False,"[0.0,0.0,0.0,0.0]","[0.25,0.25,0.25,0.25]","[0.25,0.25,0.25,0.25]","[0.25,0.25,0.25,0.25]",,[],0.0
control,90,instance_0002,instance_0002,unique_observed_anchor,0.0,False,True,False,cabinet,1592,661,False,"[-2.766283567784157,-1.6218655221222447,0.0,-3.738325721364818]","[0.048975535347446204,0.15381320943358978,0.7786833360039296,0.018527919215034546]","[0.048975535347446204,0.15381320943358978,0.7786833360039296,0.018527919215034546]","[0.048975535347446204,0.15381320943358978,0.7786833360039296,0.018527919215034546]",,[],0.0
control,91,instance_0000,instance_0000,unique_observed_anchor,0.0,False,True,False,rack,4096,1851,False,"[0.0,0.0,0.0,0.0]","[0.25,0.25,0.25,0.25]","[0.25,0.25,0.25,0.25]","[0.25,0.25,0.25,0.25]",,[],0.0
control,91,instance_0001,instance_0001,unique_observed_anchor,0.0,False,True,False,cabinet,1159,238,False,"[0.0,0.0,0.0,0.0]","[0.25,0.25,0.25,0.25]","[0.25,0.25,0.25,0.25]","[0.25,0.25,0.25,0.25]",,[],0.0
control,91,instance_0002,instance_0002,unique_observed_anchor,0.0,True,False,False,cabinet,2006,1061,True,"[-3.8860285380549544,-2.2808503767740214,0.0,-5.251614629620916]","[0.018198030443253622,0.09060338116948957,0.8865538860897413,0.004644702297515538]","[0.02559024664717294,0.10780622096049465,0.8630866110488715,0.0035169213434609243]","[0.02559024664717294,0.10780622096049465,0.8630866110488715,0.0035169213434609243]",0.5,[],0.0
control,92,instance_0000,instance_0000,unique_observed_anchor,0.0,False,True,False,rack,4096,1851,False,"[0.0,0.0,0.0,0.0]","[0.25,0.25,0.25,0.25]","[0.25,0.25,0.25,0.25]","[0.25,0.25,0.25,0.25]",,[],0.0
control,92,instance_0001,instance_0001,unique_observed_anchor,0.0,False,True,False,cabinet,1159,238,False,"[0.0,0.0,0.0,0.0]","[0.25,0.25,0.25,0.25]","[0.25,0.25,0.25,0.25]","[0.25,0.25,0.25,0.25]",,[],0.0
control,92,instance_0002,instance_0002,unique_observed_anchor,0.0,True,False,False,cabinet,2014,1061,False,"[-3.8860285380549544,-2.2808503767740214,0.0,-5.251614629620916]","[0.018198030443253622,0.09060338116948957,0.8865538860897413,0.004644702297515538]","[0.02559024664717294,0.10780622096049465,0.8630866110488715,0.0035169213434609243]","[0.02559024664717294,0.10780622096049465,0.8630866110488715,0.0035169213434609243]",0.5,[],0.0
control,93,instance_0000,instance_0000,unique_observed_anchor,0.0,False,True,False,rack,4096,1851,False,"[0.0,0.0,0.0,0.0]","[0.25,0.25,0.25,0.25]","[0.25,0.25,0.25,0.25]","[0.25,0.25,0.25,0.25]",,[],0.0
control,93,instance_0001,instance_0001,unique_observed_anchor,0.0,False,True,False,cabinet,1159,238,False,"[0.0,0.0,0.0,0.0]","[0.25,0.25,0.25,0.25]","[0.25,0.25,0.25,0.25]","[0.25,0.25,0.25,0.25]",,[],0.0
control,93,instance_0002,instance_0002,unique_observed_anchor,0.0,True,False,False,cabinet,2015,1061,False,"[-3.8860285380549544,-2.2808503767740214,0.0,-5.251614629620916]","[0.018198030443253622,0.09060338116948957,0.8865538860897413,0.004644702297515538]","[0.02559024664717294,0.10780622096049465,0.8630866110488715,0.0035169213434609243]","[0.02559024664717294,0.10780622096049465,0.8630866110488715,0.0035169213434609243]",0.5,[],0.0
control,94,instance_0000,instance_0000,unique_observed_anchor,0.0,False,True,False,rack,4096,1851,False,"[0.0,0.0,0.0,0.0]","[0.25,0.25,0.25,0.25]","[0.25,0.25,0.25,0.25]","[0.25,0.25,0.25,0.25]",,[],0.0
control,94,instance_0001,instance_0001,unique_observed_anchor,0.0,False,True,False,cabinet,1159,238,False,"[0.0,0.0,0.0,0.0]","[0.25,0.25,0.25,0.25]","[0.25,0.25,0.25,0.25]","[0.25,0.25,0.25,0.25]",,[],0.0
control,94,instance_0002,instance_0002,unique_observed_anchor,0.0,False,True,False,cabinet,2015,1061,False,"[-3.8860285380549544,-2.2808503767740214,0.0,-5.251614629620916]","[0.018198030443253622,0.09060338116948957,0.8865538860897413,0.004644702297515538]","[0.018198030443253622,0.09060338116948957,0.8865538860897413,0.004644702297515538]","[0.018198030443253622,0.09060338116948957,0.8865538860897413,0.004644702297515538]",,[],0.0
control,94,instance_0003,instance_0003,unique_observed_anchor,0.0,False,False,False,rack,29,0,False,"[0.0,0.0,0.0,0.0]","[0.25,0.25,0.25,0.25]","[0.25,0.25,0.25,0.25]","[0.25,0.25,0.25,0.25]",,[],0.0
control,95,instance_0000,instance_0000,unique_observed_anchor,0.0,False,True,False,rack,4096,1851,False,"[0.0,0.0,0.0,0.0]","[0.25,0.25,0.25,0.25]","[0.25,0.25,0.25,0.25]","[0.25,0.25,0.25,0.25]",,[],0.0
control,95,instance_0001,instance_0001,unique_observed_anchor,0.0,False,True,False,cabinet,1159,238,False,"[0.0,0.0,0.0,0.0]","[0.25,0.25,0.25,0.25]","[0.25,0.25,0.25,0.25]","[0.25,0.25,0.25,0.25]",,[],0.0
control,95,instance_0002,instance_0002,unique_observed_anchor,0.0,True,False,False,cabinet,2639,1685,True,"[-3.8860285380549544,-2.2808503767740214,0.0,-5.251614629620916]","[0.018198030443253622,0.09060338116948957,0.8865538860897413,0.004644702297515538]","[0.02559024664717294,0.10780622096049465,0.8630866110488715,0.0035169213434609243]","[0.02559024664717294,0.10780622096049465,0.8630866110488715,0.0035169213434609243]",0.5,[],0.0
control,95,instance_0003,instance_0003,unique_observed_anchor,0.0,False,True,False,rack,29,0,False,"[0.0,0.0,0.0,0.0]","[0.25,0.25,0.25,0.25]","[0.25,0.25,0.25,0.25]","[0.25,0.25,0.25,0.25]",,[],0.0
control,96,instance_0000,instance_0000,unique_observed_anchor,0.0,False,True,False,rack,4096,1851,False,"[0.0,0.0,0.0,0.0]","[0.25,0.25,0.25,0.25]","[0.25,0.25,0.25,0.25]","[0.25,0.25,0.25,0.25]",,[],0.0
control,96,instance_0001,instance_0001,unique_observed_anchor,0.0,False,True,False,cabinet,1159,238,False,"[0.0,0.0,0.0,0.0]","[0.25,0.25,0.25,0.25]","[0.25,0.25,0.25,0.25]","[0.25,0.25,0.25,0.25]",,[],0.0
control,96,instance_0002,instance_0002,unique_observed_anchor,0.0,True,False,False,cabinet,2639,1685,False,"[-3.8860285380549544,-2.2808503767740214,0.0,-5.251614629620916]","[0.018198030443253622,0.09060338116948957,0.8865538860897413,0.004644702297515538]","[0.02559024664717294,0.10780622096049465,0.8630866110488715,0.0035169213434609243]","[0.02559024664717294,0.10780622096049465,0.8630866110488715,0.0035169213434609243]",0.5,[],0.0
control,96,instance_0003,instance_0003,unique_observed_anchor,0.0,True,False,False,rack,117,37,False,"[0.0,0.0,0.0,0.0]","[0.25,0.25,0.25,0.25]","[0.19999999999999996,0.225,0.25,0.325]","[0.19999999999999996,0.225,0.25,0.325]",0.5,[],0.0
control,97,instance_0000,instance_0000,unique_observed_anchor,0.0,False,True,False,rack,4096,1851,False,"[0.0,0.0,0.0,0.0]","[0.25,0.25,0.25,0.25]","[0.25,0.25,0.25,0.25]","[0.25,0.25,0.25,0.25]",,[],0.0
control,97,instance_0001,instance_0001,unique_observed_anchor,0.0,False,True,False,cabinet,1159,238,False,"[0.0,0.0,0.0,0.0]","[0.25,0.25,0.25,0.25]","[0.25,0.25,0.25,0.25]","[0.25,0.25,0.25,0.25]",,[],0.0
control,97,instance_0002,instance_0002,unique_observed_anchor,0.0,True,False,False,cabinet,3232,2225,True,"[-3.8860285380549544,-2.2808503767740214,0.0,-5.251614629620916]","[0.018198030443253622,0.09060338116948957,0.8865538860897413,0.004644702297515538]","[0.02559024664717294,0.10780622096049465,0.8630866110488715,0.0035169213434609243]","[0.02559024664717294,0.10780622096049465,0.8630866110488715,0.0035169213434609243]",0.5,[],0.0
control,97,instance_0003,instance_0003,unique_observed_anchor,0.0,False,True,False,rack,117,37,False,"[0.0,0.0,0.0,0.0]","[0.25,0.25,0.25,0.25]","[0.25,0.25,0.25,0.25]","[0.25,0.25,0.25,0.25]",,[],0.0
control,98,instance_0000,instance_0000,unique_observed_anchor,0.0,False,True,False,rack,4096,1851,False,"[0.0,0.0,0.0,0.0]","[0.25,0.25,0.25,0.25]","[0.25,0.25,0.25,0.25]","[0.25,0.25,0.25,0.25]",,[],0.0
control,98,instance_0001,instance_0001,unique_observed_anchor,0.0,False,True,False,cabinet,1159,238,False,"[0.0,0.0,0.0,0.0]","[0.25,0.25,0.25,0.25]","[0.25,0.25,0.25,0.25]","[0.25,0.25,0.25,0.25]",,[],0.0
control,98,instance_0002,instance_0002,unique_observed_anchor,0.0,False,True,False,cabinet,3232,2225,False,"[-3.8860285380549544,-2.2808503767740214,0.0,-5.251614629620916]","[0.018198030443253622,0.09060338116948957,0.8865538860897413,0.004644702297515538]","[0.018198030443253622,0.09060338116948957,0.8865538860897413,0.004644702297515538]","[0.018198030443253622,0.09060338116948957,0.8865538860897413,0.004644702297515538]",,[],0.0
control,98,instance_0003,instance_0003,unique_observed_anchor,0.0,False,True,False,rack,117,37,False,"[0.0,0.0,0.0,0.0]","[0.25,0.25,0.25,0.25]","[0.25,0.25,0.25,0.25]","[0.25,0.25,0.25,0.25]",,[],0.0
control,99,instance_0000,instance_0000,unique_observed_anchor,0.0,False,True,False,rack,4096,1851,False,"[0.0,0.0,0.0,0.0]","[0.25,0.25,0.25,0.25]","[0.25,0.25,0.25,0.25]","[0.25,0.25,0.25,0.25]",,[],0.0
control,99,instance_0001,instance_0001,unique_observed_anchor,0.0,False,True,False,cabinet,1159,238,False,"[0.0,0.0,0.0,0.0]","[0.25,0.25,0.25,0.25]","[0.25,0.25,0.25,0.25]","[0.25,0.25,0.25,0.25]",,[],0.0
control,99,instance_0002,instance_0002,unique_observed_anchor,0.0,True,False,False,cabinet,3283,2276,True,"[-3.8860285380549544,-2.2808503767740214,0.0,-5.251614629620916]","[0.018198030443253622,0.09060338116948957,0.8865538860897413,0.004644702297515538]","[0.02559024664717294,0.10780622096049465,0.8630866110488715,0.0035169213434609243]","[0.02559024664717294,0.10780622096049465,0.8630866110488715,0.0035169213434609243]",0.5,[],0.0
control,99,instance_0003,instance_0003,unique_observed_anchor,0.0,False,True,False,rack,117,37,False,"[0.0,0.0,0.0,0.0]","[0.25,0.25,0.25,0.25]","[0.25,0.25,0.25,0.25]","[0.25,0.25,0.25,0.25]",,[],0.0
control,100,instance_0000,instance_0000,unique_observed_anchor,0.0,False,True,False,rack,4096,1851,False,"[0.0,0.0,0.0,0.0]","[0.25,0.25,0.25,0.25]","[0.25,0.25,0.25,0.25]","[0.25,0.25,0.25,0.25]",,[],0.0
control,100,instance_0001,instance_0001,unique_observed_anchor,0.0,False,True,False,cabinet,1159,238,False,"[0.0,0.0,0.0,0.0]","[0.25,0.25,0.25,0.25]","[0.25,0.25,0.25,0.25]","[0.25,0.25,0.25,0.25]",,[],0.0
control,100,instance_0002,instance_0002,unique_observed_anchor,0.0,False,True,False,cabinet,3283,2276,False,"[-3.8860285380549544,-2.2808503767740214,0.0,-5.251614629620916]","[0.018198030443253622,0.09060338116948957,0.8865538860897413,0.004644702297515538]","[0.018198030443253622,0.09060338116948957,0.8865538860897413,0.004644702297515538]","[0.018198030443253622,0.09060338116948957,0.8865538860897413,0.004644702297515538]",,[],0.0
control,100,instance_0003,instance_0003,unique_observed_anchor,0.0,False,True,False,rack,117,37,False,"[0.0,0.0,0.0,0.0]","[0.25,0.25,0.25,0.25]","[0.25,0.25,0.25,0.25]","[0.25,0.25,0.25,0.25]",,[],0.0
control,101,instance_0000,instance_0000,unique_observed_anchor,0.0,False,True,False,rack,4096,1851,False,"[0.0,0.0,0.0,0.0]","[0.25,0.25,0.25,0.25]","[0.25,0.25,0.25,0.25]","[0.25,0.25,0.25,0.25]",,[],0.0
control,101,instance_0001,instance_0001,unique_observed_anchor,0.0,False,True,False,cabinet,1159,238,False,"[0.0,0.0,0.0,0.0]","[0.25,0.25,0.25,0.25]","[0.25,0.25,0.25,0.25]","[0.25,0.25,0.25,0.25]",,[],0.0
control,101,instance_0002,instance_0002,unique_observed_anchor,0.0,False,True,False,cabinet,3283,2276,False,"[-3.8860285380549544,-2.2808503767740214,0.0,-5.251614629620916]","[0.018198030443253622,0.09060338116948957,0.8865538860897413,0.004644702297515538]","[0.018198030443253622,0.09060338116948957,0.8865538860897413,0.004644702297515538]","[0.018198030443253622,0.09060338116948957,0.8865538860897413,0.004644702297515538]",,[],0.0
control,101,instance_0003,instance_0003,unique_observed_anchor,0.0,False,True,False,rack,117,37,False,"[0.0,0.0,0.0,0.0]","[0.25,0.25,0.25,0.25]","[0.25,0.25,0.25,0.25]","[0.25,0.25,0.25,0.25]",,[],0.0
control,102,instance_0000,instance_0000,unique_observed_anchor,0.0,True,False,False,rack,4096,1851,False,"[0.0,0.0,0.0,0.0]","[0.25,0.25,0.25,0.25]","[0.19999999999999996,0.225,0.25,0.325]","[0.19999999999999996,0.225,0.25,0.325]",0.5,[],0.0
control,102,instance_0001,instance_0001,unique_observed_anchor,0.0,False,True,False,cabinet,1159,238,False,"[0.0,0.0,0.0,0.0]","[0.25,0.25,0.25,0.25]","[0.25,0.25,0.25,0.25]","[0.25,0.25,0.25,0.25]",,[],0.0
control,102,instance_0002,instance_0002,unique_observed_anchor,0.0,False,True,False,cabinet,3283,2276,False,"[-3.8860285380549544,-2.2808503767740214,0.0,-5.251614629620916]","[0.018198030443253622,0.09060338116948957,0.8865538860897413,0.004644702297515538]","[0.018198030443253622,0.09060338116948957,0.8865538860897413,0.004644702297515538]","[0.018198030443253622,0.09060338116948957,0.8865538860897413,0.004644702297515538]",,[],0.0
control,102,instance_0003,instance_0003,unique_observed_anchor,0.0,False,True,False,rack,117,37,False,"[0.0,0.0,0.0,0.0]","[0.25,0.25,0.25,0.25]","[0.25,0.25,0.25,0.25]","[0.25,0.25,0.25,0.25]",,[],0.0
control,103,instance_0000,instance_0000,unique_observed_anchor,0.0,False,True,False,rack,4096,1851,False,"[0.0,0.0,0.0,0.0]","[0.25,0.25,0.25,0.25]","[0.25,0.25,0.25,0.25]","[0.25,0.25,0.25,0.25]",,[],0.0
control,103,instance_0001,instance_0001,unique_observed_anchor,0.0,False,True,False,cabinet,1159,238,False,"[0.0,0.0,0.0,0.0]","[0.25,0.25,0.25,0.25]","[0.25,0.25,0.25,0.25]","[0.25,0.25,0.25,0.25]",,[],0.0
control,103,instance_0002,instance_0002,unique_observed_anchor,0.0,False,True,False,cabinet,3283,2276,False,"[-3.8860285380549544,-2.2808503767740214,0.0,-5.251614629620916]","[0.018198030443253622,0.09060338116948957,0.8865538860897413,0.004644702297515538]","[0.018198030443253622,0.09060338116948957,0.8865538860897413,0.004644702297515538]","[0.018198030443253622,0.09060338116948957,0.8865538860897413,0.004644702297515538]",,[],0.0
control,103,instance_0003,instance_0003,unique_observed_anchor,0.0,False,True,False,rack,117,37,False,"[0.0,0.0,0.0,0.0]","[0.25,0.25,0.25,0.25]","[0.25,0.25,0.25,0.25]","[0.25,0.25,0.25,0.25]",,[],0.0
control,104,instance_0000,instance_0000,unique_observed_anchor,0.0,True,False,False,rack,4096,1851,False,"[0.0,0.0,0.0,0.0]","[0.25,0.25,0.25,0.25]","[0.19999999999999996,0.225,0.25,0.325]","[0.19999999999999996,0.225,0.25,0.325]",0.5,[],0.0
control,104,instance_0001,instance_0001,unique_observed_anchor,0.0,False,True,False,cabinet,1159,238,False,"[0.0,0.0,0.0,0.0]","[0.25,0.25,0.25,0.25]","[0.25,0.25,0.25,0.25]","[0.25,0.25,0.25,0.25]",,[],0.0
control,104,instance_0002,instance_0002,unique_observed_anchor,0.0,False,True,False,cabinet,3283,2276,False,"[-3.8860285380549544,-2.2808503767740214,0.0,-5.251614629620916]","[0.018198030443253622,0.09060338116948957,0.8865538860897413,0.004644702297515538]","[0.018198030443253622,0.09060338116948957,0.8865538860897413,0.004644702297515538]","[0.018198030443253622,0.09060338116948957,0.8865538860897413,0.004644702297515538]",,[],0.0
control,104,instance_0003,instance_0003,unique_observed_anchor,0.0,False,True,False,rack,117,37,False,"[0.0,0.0,0.0,0.0]","[0.25,0.25,0.25,0.25]","[0.25,0.25,0.25,0.25]","[0.25,0.25,0.25,0.25]",,[],0.0
control,105,instance_0000,instance_0000,unique_observed_anchor,0.0,False,True,False,rack,4096,1851,False,"[0.0,0.0,0.0,0.0]","[0.25,0.25,0.25,0.25]","[0.25,0.25,0.25,0.25]","[0.25,0.25,0.25,0.25]",,[],0.0
control,105,instance_0001,instance_0001,unique_observed_anchor,0.0,False,True,False,cabinet,1159,238,False,"[0.0,0.0,0.0,0.0]","[0.25,0.25,0.25,0.25]","[0.25,0.25,0.25,0.25]","[0.25,0.25,0.25,0.25]",,[],0.0
control,105,instance_0002,instance_0002,unique_observed_anchor,0.0,True,False,False,cabinet,3433,2276,True,"[-3.8860285380549544,-2.2808503767740214,0.0,-5.591452587871238]","[0.01822241577656859,0.09072478956344578,0.8877418669584074,0.0033109277015782616]","[0.025616202916490152,0.10791556915646565,0.8639620425689087,0.0025061853581354325]","[0.025616202916490152,0.10791556915646565,0.8639620425689087,0.0025061853581354325]",0.5,[],0.0
control,105,instance_0003,instance_0003,unique_observed_anchor,0.0,False,True,False,rack,117,37,False,"[0.0,0.0,0.0,0.0]","[0.25,0.25,0.25,0.25]","[0.25,0.25,0.25,0.25]","[0.25,0.25,0.25,0.25]",,[],0.0
control,106,instance_0000,instance_0000,unique_observed_anchor,0.0,False,True,False,rack,4096,1851,False,"[0.0,0.0,0.0,0.0]","[0.25,0.25,0.25,0.25]","[0.25,0.25,0.25,0.25]","[0.25,0.25,0.25,0.25]",,[],0.0
control,106,instance_0001,instance_0001,unique_observed_anchor,0.0,False,True,False,cabinet,1159,238,False,"[0.0,0.0,0.0,0.0]","[0.25,0.25,0.25,0.25]","[0.25,0.25,0.25,0.25]","[0.25,0.25,0.25,0.25]",,[],0.0
control,106,instance_0002,instance_0002,unique_observed_anchor,0.0,True,False,False,cabinet,3433,2276,False,"[-3.8860285380549544,-2.2808503767740214,0.0,-5.591452587871238]","[0.01822241577656859,0.09072478956344578,0.8877418669584074,0.0033109277015782616]","[0.025616202916490152,0.10791556915646565,0.8639620425689087,0.0025061853581354325]","[0.025616202916490152,0.10791556915646565,0.8639620425689087,0.0025061853581354325]",0.5,[],0.0
control,106,instance_0003,instance_0003,unique_observed_anchor,0.0,False,True,False,rack,117,37,False,"[0.0,0.0,0.0,0.0]","[0.25,0.25,0.25,0.25]","[0.25,0.25,0.25,0.25]","[0.25,0.25,0.25,0.25]",,[],0.0
control,107,instance_0000,instance_0000,unique_observed_anchor,0.0,False,True,False,rack,4096,1851,False,"[0.0,0.0,0.0,0.0]","[0.25,0.25,0.25,0.25]","[0.25,0.25,0.25,0.25]","[0.25,0.25,0.25,0.25]",,[],0.0
control,107,instance_0001,instance_0001,unique_observed_anchor,0.0,False,True,False,cabinet,1159,238,False,"[0.0,0.0,0.0,0.0]","[0.25,0.25,0.25,0.25]","[0.25,0.25,0.25,0.25]","[0.25,0.25,0.25,0.25]",,[],0.0
control,107,instance_0002,instance_0002,unique_observed_anchor,0.0,True,False,False,cabinet,3433,2276,False,"[-3.8860285380549544,-2.2808503767740214,0.0,-5.591452587871238]","[0.01822241577656859,0.09072478956344578,0.8877418669584074,0.0033109277015782616]","[0.025616202916490152,0.10791556915646565,0.8639620425689087,0.0025061853581354325]","[0.025616202916490152,0.10791556915646565,0.8639620425689087,0.0025061853581354325]",0.5,[],0.0
control,107,instance_0003,instance_0003,unique_observed_anchor,0.0,False,True,False,rack,117,37,False,"[0.0,0.0,0.0,0.0]","[0.25,0.25,0.25,0.25]","[0.25,0.25,0.25,0.25]","[0.25,0.25,0.25,0.25]",,[],0.0
control,108,instance_0000,instance_0000,unique_observed_anchor,0.0,False,True,False,rack,4096,1851,False,"[0.0,0.0,0.0,0.0]","[0.25,0.25,0.25,0.25]","[0.25,0.25,0.25,0.25]","[0.25,0.25,0.25,0.25]",,[],0.0
control,108,instance_0001,instance_0001,unique_observed_anchor,0.0,False,True,False,cabinet,1159,238,False,"[0.0,0.0,0.0,0.0]","[0.25,0.25,0.25,0.25]","[0.25,0.25,0.25,0.25]","[0.25,0.25,0.25,0.25]",,[],0.0
control,108,instance_0002,instance_0002,unique_observed_anchor,0.0,True,False,False,cabinet,3535,2276,True,"[-3.8860285380549544,-2.2808503767740214,0.0,-8.042476559052382]","[0.01827771515522919,0.09100011115381491,0.890435888116509,0.0002862855744468953]","[0.025675002239769904,0.10816327809515713,0.8659451773687092,0.00021654229636383022]","[0.025675002239769904,0.10816327809515713,0.8659451773687092,0.00021654229636383022]",0.5,[],0.0
control,108,instance_0003,instance_0003,unique_observed_anchor,0.0,False,True,False,rack,117,37,False,"[0.0,0.0,0.0,0.0]","[0.25,0.25,0.25,0.25]","[0.25,0.25,0.25,0.25]","[0.25,0.25,0.25,0.25]",,[],0.0
control,109,instance_0000,instance_0000,unique_observed_anchor,0.0,False,True,False,rack,4096,1851,False,"[0.0,0.0,0.0,0.0]","[0.25,0.25,0.25,0.25]","[0.25,0.25,0.25,0.25]","[0.25,0.25,0.25,0.25]",,[],0.0
control,109,instance_0001,instance_0001,unique_observed_anchor,0.0,False,True,False,cabinet,1159,238,False,"[0.0,0.0,0.0,0.0]","[0.25,0.25,0.25,0.25]","[0.25,0.25,0.25,0.25]","[0.25,0.25,0.25,0.25]",,[],0.0
control,109,instance_0002,instance_0002,unique_observed_anchor,0.0,True,False,False,cabinet,3895,2276,True,"[-3.8860285380549544,-2.2808503767740214,0.0,-11.588198883707832]","[0.018282798264440014,0.09102541866622899,0.8906835220699921,8.260999338980241e-06]","[0.02568040271373017,0.10818602913374925,0.8661273200745884,6.248077932310424e-06]","[0.02568040271373017,0.10818602913374925,0.8661273200745884,6.248077932310424e-06]",0.5,[],0.0
control,109,instance_0003,instance_0003,unique_observed_anchor,0.0,False,True,False,rack,117,37,False,"[0.0,0.0,0.0,0.0]","[0.25,0.25,0.25,0.25]","[0.25,0.25,0.25,0.25]","[0.25,0.25,0.25,0.25]",,[],0.0
control,110,instance_0000,instance_0000,unique_observed_anchor,0.0,False,True,False,rack,4096,1851,False,"[0.0,0.0,0.0,0.0]","[0.25,0.25,0.25,0.25]","[0.25,0.25,0.25,0.25]","[0.25,0.25,0.25,0.25]",,[],0.0
control,110,instance_0001,instance_0001,unique_observed_anchor,0.0,False,True,False,cabinet,1159,238,False,"[0.0,0.0,0.0,0.0]","[0.25,0.25,0.25,0.25]","[0.25,0.25,0.25,0.25]","[0.25,0.25,0.25,0.25]",,[],0.0
control,110,instance_0002,instance_0002,unique_observed_anchor,0.0,True,False,False,cabinet,3938,2276,False,"[-3.8860285380549544,-2.2808503767740214,0.0,-11.588198883707832]","[0.018282798264440014,0.09102541866622899,0.8906835220699921,8.260999338980241e-06]","[0.02568040271373017,0.10818602913374925,0.8661273200745884,6.248077932310424e-06]","[0.02568040271373017,0.10818602913374925,0.8661273200745884,6.248077932310424e-06]",0.5,[],0.0
control,110,instance_0003,instance_0003,unique_observed_anchor,0.0,False,True,False,rack,117,37,False,"[0.0,0.0,0.0,0.0]","[0.25,0.25,0.25,0.25]","[0.25,0.25,0.25,0.25]","[0.25,0.25,0.25,0.25]",,[],0.0
control,111,instance_0000,instance_0000,unique_observed_anchor,0.0,True,False,False,rack,4096,1851,False,"[0.0,0.0,0.0,0.0]","[0.25,0.25,0.25,0.25]","[0.19999999999999996,0.225,0.25,0.325]","[0.19999999999999996,0.225,0.25,0.325]",0.5,[],0.0
control,111,instance_0001,instance_0001,unique_observed_anchor,0.0,False,True,False,cabinet,1159,238,False,"[0.0,0.0,0.0,0.0]","[0.25,0.25,0.25,0.25]","[0.25,0.25,0.25,0.25]","[0.25,0.25,0.25,0.25]",,[],0.0
control,111,instance_0002,instance_0002,unique_observed_anchor,0.0,True,False,False,cabinet,4057,2276,True,"[-3.8860285380549544,-2.2808503767740214,0.0,-14.482270574003282]","[0.018282940939937757,0.09102612901137024,0.8906904727956418,4.5725305021493937e-07]","[0.02568055428663848,0.10818666767790518,0.8661324321999052,3.4583555121541995e-07]","[0.02568055428663848,0.10818666767790518,0.8661324321999052,3.4583555121541995e-07]",0.5,[],0.0
control,111,instance_0003,instance_0003,unique_observed_anchor,0.0,False,True,False,rack,117,37,False,"[0.0,0.0,0.0,0.0]","[0.25,0.25,0.25,0.25]","[0.25,0.25,0.25,0.25]","[0.25,0.25,0.25,0.25]",,[],0.0
control,112,instance_0000,instance_0000,unique_observed_anchor,0.0,True,False,False,rack,4096,1851,False,"[0.0,0.0,0.0,0.0]","[0.25,0.25,0.25,0.25]","[0.19999999999999996,0.225,0.25,0.325]","[0.19999999999999996,0.225,0.25,0.325]",0.5,[],0.0
control,112,instance_0001,instance_0001,unique_observed_anchor,0.0,False,True,False,cabinet,1159,238,False,"[0.0,0.0,0.0,0.0]","[0.25,0.25,0.25,0.25]","[0.25,0.25,0.25,0.25]","[0.25,0.25,0.25,0.25]",,[],0.0
control,112,instance_0002,instance_0002,unique_observed_anchor,0.0,False,True,False,cabinet,4057,2276,False,"[-3.8860285380549544,-2.2808503767740214,0.0,-14.482270574003282]","[0.018282940939937757,0.09102612901137024,0.8906904727956418,4.5725305021493937e-07]","[0.018282940939937757,0.09102612901137024,0.8906904727956418,4.5725305021493937e-07]","[0.018282940939937757,0.09102612901137024,0.8906904727956418,4.5725305021493937e-07]",,[],0.0
control,112,instance_0003,instance_0003,unique_observed_anchor,0.0,False,True,False,rack,117,37,False,"[0.0,0.0,0.0,0.0]","[0.25,0.25,0.25,0.25]","[0.25,0.25,0.25,0.25]","[0.25,0.25,0.25,0.25]",,[],0.0
control,113,instance_0000,instance_0000,unique_observed_anchor,0.0,True,False,False,rack,4096,1851,False,"[0.0,0.0,0.0,0.0]","[0.25,0.25,0.25,0.25]","[0.19999999999999996,0.225,0.25,0.325]","[0.19999999999999996,0.225,0.25,0.325]",0.5,[],0.0
control,113,instance_0001,instance_0001,unique_observed_anchor,0.0,False,True,False,cabinet,1159,238,False,"[0.0,0.0,0.0,0.0]","[0.25,0.25,0.25,0.25]","[0.25,0.25,0.25,0.25]","[0.25,0.25,0.25,0.25]",,[],0.0
control,113,instance_0002,instance_0002,unique_observed_anchor,0.0,False,True,False,cabinet,4057,2276,False,"[-3.8860285380549544,-2.2808503767740214,0.0,-14.482270574003282]","[0.018282940939937757,0.09102612901137024,0.8906904727956418,4.5725305021493937e-07]","[0.018282940939937757,0.09102612901137024,0.8906904727956418,4.5725305021493937e-07]","[0.018282940939937757,0.09102612901137024,0.8906904727956418,4.5725305021493937e-07]",,[],0.0
control,113,instance_0003,instance_0003,unique_observed_anchor,0.0,False,True,False,rack,117,37,False,"[0.0,0.0,0.0,0.0]","[0.25,0.25,0.25,0.25]","[0.25,0.25,0.25,0.25]","[0.25,0.25,0.25,0.25]",,[],0.0
control,114,instance_0000,instance_0000,unique_observed_anchor,0.0,True,False,False,rack,4096,1851,False,"[0.0,0.0,0.0,0.0]","[0.25,0.25,0.25,0.25]","[0.19999999999999996,0.225,0.25,0.325]","[0.19999999999999996,0.225,0.25,0.325]",0.5,[],0.0
control,114,instance_0001,instance_0001,unique_observed_anchor,0.0,False,True,False,cabinet,1159,238,False,"[0.0,0.0,0.0,0.0]","[0.25,0.25,0.25,0.25]","[0.25,0.25,0.25,0.25]","[0.25,0.25,0.25,0.25]",,[],0.0
control,114,instance_0002,instance_0002,unique_observed_anchor,0.0,False,True,False,cabinet,4057,2276,False,"[-3.8860285380549544,-2.2808503767740214,0.0,-14.482270574003282]","[0.018282940939937757,0.09102612901137024,0.8906904727956418,4.5725305021493937e-07]","[0.018282940939937757,0.09102612901137024,0.8906904727956418,4.5725305021493937e-07]","[0.018282940939937757,0.09102612901137024,0.8906904727956418,4.5725305021493937e-07]",,[],0.0
control,114,instance_0003,instance_0003,unique_observed_anchor,0.0,False,True,False,rack,117,37,False,"[0.0,0.0,0.0,0.0]","[0.25,0.25,0.25,0.25]","[0.25,0.25,0.25,0.25]","[0.25,0.25,0.25,0.25]",,[],0.0
control,115,instance_0000,instance_0000,unique_observed_anchor,0.0,True,False,False,rack,4096,1851,False,"[0.0,0.0,0.0,0.0]","[0.25,0.25,0.25,0.25]","[0.19999999999999996,0.225,0.25,0.325]","[0.19999999999999996,0.225,0.25,0.325]",0.5,[],0.0
control,115,instance_0001,instance_0001,unique_observed_anchor,0.0,False,True,False,cabinet,1159,238,False,"[0.0,0.0,0.0,0.0]","[0.25,0.25,0.25,0.25]","[0.25,0.25,0.25,0.25]","[0.25,0.25,0.25,0.25]",,[],0.0
control,115,instance_0002,instance_0002,unique_observed_anchor,0.0,False,True,False,cabinet,4057,2276,False,"[-3.8860285380549544,-2.2808503767740214,0.0,-14.482270574003282]","[0.018282940939937757,0.09102612901137024,0.8906904727956418,4.5725305021493937e-07]","[0.018282940939937757,0.09102612901137024,0.8906904727956418,4.5725305021493937e-07]","[0.018282940939937757,0.09102612901137024,0.8906904727956418,4.5725305021493937e-07]",,[],0.0
control,115,instance_0003,instance_0003,unique_observed_anchor,0.0,False,True,False,rack,117,37,False,"[0.0,0.0,0.0,0.0]","[0.25,0.25,0.25,0.25]","[0.25,0.25,0.25,0.25]","[0.25,0.25,0.25,0.25]",,[],0.0
control,116,instance_0000,instance_0000,unique_observed_anchor,0.0,True,False,False,rack,4096,1851,False,"[0.0,0.0,0.0,0.0]","[0.25,0.25,0.25,0.25]","[0.19999999999999996,0.225,0.25,0.325]","[0.19999999999999996,0.225,0.25,0.325]",0.5,[],0.0
control,116,instance_0001,instance_0001,unique_observed_anchor,0.0,False,True,False,cabinet,1159,238,False,"[0.0,0.0,0.0,0.0]","[0.25,0.25,0.25,0.25]","[0.25,0.25,0.25,0.25]","[0.25,0.25,0.25,0.25]",,[],0.0
control,116,instance_0002,instance_0002,unique_observed_anchor,0.0,True,False,False,cabinet,4096,2315,True,"[-3.8860285380549544,-2.2808503767740214,0.0,-14.482270574003282]","[0.018282940939937757,0.09102612901137024,0.8906904727956418,4.5725305021493937e-07]","[0.02568055428663848,0.10818666767790518,0.8661324321999052,3.4583555121541995e-07]","[0.02568055428663848,0.10818666767790518,0.8661324321999052,3.4583555121541995e-07]",0.5,[],0.0
control,116,instance_0003,instance_0003,unique_observed_anchor,0.0,False,True,False,rack,117,37,False,"[0.0,0.0,0.0,0.0]","[0.25,0.25,0.25,0.25]","[0.25,0.25,0.25,0.25]","[0.25,0.25,0.25,0.25]",,[],0.0
control,117,instance_0000,instance_0000,unique_observed_anchor,0.0,True,False,False,rack,4096,1851,False,"[0.0,0.0,0.0,0.0]","[0.25,0.25,0.25,0.25]","[0.19999999999999996,0.225,0.25,0.325]","[0.19999999999999996,0.225,0.25,0.325]",0.5,[],0.0
control,117,instance_0001,instance_0001,unique_observed_anchor,0.0,False,True,False,cabinet,1159,238,False,"[0.0,0.0,0.0,0.0]","[0.25,0.25,0.25,0.25]","[0.25,0.25,0.25,0.25]","[0.25,0.25,0.25,0.25]",,[],0.0
control,117,instance_0002,instance_0002,unique_observed_anchor,0.0,True,False,False,cabinet,4096,2315,False,"[-3.8860285380549544,-2.2808503767740214,0.0,-14.482270574003282]","[0.018282940939937757,0.09102612901137024,0.8906904727956418,4.5725305021493937e-07]","[0.02568055428663848,0.10818666767790518,0.8661324321999052,3.4583555121541995e-07]","[0.02568055428663848,0.10818666767790518,0.8661324321999052,3.4583555121541995e-07]",0.5,[],0.0
control,117,instance_0003,instance_0003,unique_observed_anchor,0.0,False,True,False,rack,117,37,False,"[0.0,0.0,0.0,0.0]","[0.25,0.25,0.25,0.25]","[0.25,0.25,0.25,0.25]","[0.25,0.25,0.25,0.25]",,[],0.0
control,118,instance_0000,instance_0000,unique_observed_anchor,0.0,True,False,False,rack,4096,1851,False,"[0.0,0.0,0.0,0.0]","[0.25,0.25,0.25,0.25]","[0.19999999999999996,0.225,0.25,0.325]","[0.19999999999999996,0.225,0.25,0.325]",0.5,[],0.0
control,118,instance_0001,instance_0001,unique_observed_anchor,0.0,False,True,False,cabinet,1159,238,False,"[0.0,0.0,0.0,0.0]","[0.25,0.25,0.25,0.25]","[0.25,0.25,0.25,0.25]","[0.25,0.25,0.25,0.25]",,[],0.0
control,118,instance_0002,instance_0002,unique_observed_anchor,0.0,True,False,False,cabinet,4096,2315,False,"[-3.8860285380549544,-2.2808503767740214,0.0,-14.482270574003282]","[0.018282940939937757,0.09102612901137024,0.8906904727956418,4.5725305021493937e-07]","[0.02568055428663848,0.10818666767790518,0.8661324321999052,3.4583555121541995e-07]","[0.02568055428663848,0.10818666767790518,0.8661324321999052,3.4583555121541995e-07]",0.5,[],0.0
control,118,instance_0003,instance_0003,unique_observed_anchor,0.0,False,True,False,rack,117,37,False,"[0.0,0.0,0.0,0.0]","[0.25,0.25,0.25,0.25]","[0.25,0.25,0.25,0.25]","[0.25,0.25,0.25,0.25]",,[],0.0
control,119,instance_0000,instance_0000,unique_observed_anchor,0.0,True,False,False,rack,4096,1851,False,"[0.0,0.0,0.0,0.0]","[0.25,0.25,0.25,0.25]","[0.19999999999999996,0.225,0.25,0.325]","[0.19999999999999996,0.225,0.25,0.325]",0.5,[],0.0
control,119,instance_0001,instance_0001,unique_observed_anchor,0.0,False,True,False,cabinet,1159,238,False,"[0.0,0.0,0.0,0.0]","[0.25,0.25,0.25,0.25]","[0.25,0.25,0.25,0.25]","[0.25,0.25,0.25,0.25]",,[],0.0
control,119,instance_0002,instance_0002,unique_observed_anchor,0.0,True,False,False,cabinet,4096,2315,False,"[-3.8860285380549544,-2.2808503767740214,0.0,-14.482270574003282]","[0.018282940939937757,0.09102612901137024,0.8906904727956418,4.5725305021493937e-07]","[0.02568055428663848,0.10818666767790518,0.8661324321999052,3.4583555121541995e-07]","[0.02568055428663848,0.10818666767790518,0.8661324321999052,3.4583555121541995e-07]",0.5,[],0.0
control,119,instance_0003,instance_0003,unique_observed_anchor,0.0,False,True,False,rack,117,37,False,"[0.0,0.0,0.0,0.0]","[0.25,0.25,0.25,0.25]","[0.25,0.25,0.25,0.25]","[0.25,0.25,0.25,0.25]",,[],0.0
control,120,instance_0000,instance_0000,unique_observed_anchor,0.0,True,False,False,rack,4096,1851,False,"[0.0,0.0,0.0,0.0]","[0.25,0.25,0.25,0.25]","[0.19999999999999996,0.225,0.25,0.325]","[0.19999999999999996,0.225,0.25,0.325]",0.5,[],0.0
control,120,instance_0001,instance_0001,unique_observed_anchor,0.0,False,True,False,cabinet,1159,238,False,"[0.0,0.0,0.0,0.0]","[0.25,0.25,0.25,0.25]","[0.25,0.25,0.25,0.25]","[0.25,0.25,0.25,0.25]",,[],0.0
control,120,instance_0002,instance_0002,unique_observed_anchor,0.0,True,False,False,cabinet,4096,2315,False,"[-3.8860285380549544,-2.2808503767740214,0.0,-14.482270574003282]","[0.018282940939937757,0.09102612901137024,0.8906904727956418,4.5725305021493937e-07]","[0.02568055428663848,0.10818666767790518,0.8661324321999052,3.4583555121541995e-07]","[0.02568055428663848,0.10818666767790518,0.8661324321999052,3.4583555121541995e-07]",0.5,[],0.0
control,120,instance_0003,instance_0003,unique_observed_anchor,0.0,False,True,False,rack,117,37,False,"[0.0,0.0,0.0,0.0]","[0.25,0.25,0.25,0.25]","[0.25,0.25,0.25,0.25]","[0.25,0.25,0.25,0.25]",,[],0.0
control,121,instance_0000,instance_0000,unique_observed_anchor,0.0,True,False,False,rack,4096,1851,False,"[0.0,0.0,0.0,0.0]","[0.25,0.25,0.25,0.25]","[0.19999999999999996,0.225,0.25,0.325]","[0.19999999999999996,0.225,0.25,0.325]",0.5,[],0.0
control,121,instance_0001,instance_0001,unique_observed_anchor,0.0,False,True,False,cabinet,1159,238,False,"[0.0,0.0,0.0,0.0]","[0.25,0.25,0.25,0.25]","[0.25,0.25,0.25,0.25]","[0.25,0.25,0.25,0.25]",,[],0.0
control,121,instance_0002,instance_0002,unique_observed_anchor,0.0,True,False,False,cabinet,4096,2315,True,"[-4.456255441940271,-2.9752427750391788,0.0,-15.86942623207868]","[0.010921601333390225,0.04802661174912629,0.9410516662447295,1.206727540295057e-07]","[0.015534449212902757,0.057801727909627516,0.9266637304558764,9.24215934825317e-08]","[0.015534449212902757,0.057801727909627516,0.9266637304558764,9.24215934825317e-08]",0.5,[],0.0
control,121,instance_0003,instance_0003,unique_observed_anchor,0.0,False,True,False,rack,117,37,False,"[0.0,0.0,0.0,0.0]","[0.25,0.25,0.25,0.25]","[0.25,0.25,0.25,0.25]","[0.25,0.25,0.25,0.25]",,[],0.0
control,122,instance_0000,instance_0000,unique_observed_anchor,0.0,True,False,False,rack,4096,1851,False,"[0.0,0.0,0.0,0.0]","[0.25,0.25,0.25,0.25]","[0.19999999999999996,0.225,0.25,0.325]","[0.19999999999999996,0.225,0.25,0.325]",0.5,[],0.0
control,122,instance_0001,instance_0001,unique_observed_anchor,0.0,False,True,False,cabinet,1159,238,False,"[0.0,0.0,0.0,0.0]","[0.25,0.25,0.25,0.25]","[0.25,0.25,0.25,0.25]","[0.25,0.25,0.25,0.25]",,[],0.0
control,122,instance_0002,instance_0002,unique_observed_anchor,0.0,True,False,False,cabinet,4096,2315,True,"[-5.567223147931917,-4.8943834566344755,0.0,-17.96488893802531]","[0.003778344647497828,0.0074047795812381325,0.9888168601734504,1.5597813710065028e-08]","[0.005439523783952317,0.009020295769576817,0.9855401683550392,1.2091431687769287e-08]","[0.005439523783952317,0.009020295769576817,0.9855401683550392,1.2091431687769287e-08]",0.5,[],0.0
control,122,instance_0003,instance_0003,unique_observed_anchor,0.0,False,True,False,rack,117,37,False,"[0.0,0.0,0.0,0.0]","[0.25,0.25,0.25,0.25]","[0.25,0.25,0.25,0.25]","[0.25,0.25,0.25,0.25]",,[],0.0
control,123,instance_0000,instance_0000,unique_observed_anchor,0.0,True,False,False,rack,4096,1851,False,"[0.0,0.0,0.0,0.0]","[0.25,0.25,0.25,0.25]","[0.19999999999999996,0.225,0.25,0.325]","[0.19999999999999996,0.225,0.25,0.325]",0.5,[],0.0
control,123,instance_0001,instance_0001,unique_observed_anchor,0.0,False,True,False,cabinet,1159,238,False,"[0.0,0.0,0.0,0.0]","[0.25,0.25,0.25,0.25]","[0.25,0.25,0.25,0.25]","[0.25,0.25,0.25,0.25]",,[],0.0
control,123,instance_0002,instance_0002,unique_observed_anchor,0.0,True,False,False,cabinet,4096,2315,True,"[-6.640293203733709,-7.41762572268709,0.0,-20.81054031162933]","[0.001304156763004804,0.0005994301376625933,0.9980964121846516,9.146810290403571e-10]","[0.0018824401279689598,0.000732114960153201,0.997385444200966,7.109118176473396e-10]","[0.0018824401279689598,0.000732114960153201,0.997385444200966,7.109118176473396e-10]",0.5,[],0.0
control,123,instance_0003,instance_0003,unique_observed_anchor,0.0,False,True,False,rack,117,37,False,"[0.0,0.0,0.0,0.0]","[0.25,0.25,0.25,0.25]","[0.25,0.25,0.25,0.25]","[0.25,0.25,0.25,0.25]",,[],0.0
control,124,instance_0000,instance_0000,unique_observed_anchor,0.0,True,False,False,rack,4096,1851,False,"[0.0,0.0,0.0,0.0]","[0.25,0.25,0.25,0.25]","[0.19999999999999996,0.225,0.25,0.325]","[0.19999999999999996,0.225,0.25,0.325]",0.5,[],0.0
control,124,instance_0001,instance_0001,unique_observed_anchor,0.0,False,True,False,cabinet,1159,238,False,"[0.0,0.0,0.0,0.0]","[0.25,0.25,0.25,0.25]","[0.25,0.25,0.25,0.25]","[0.25,0.25,0.25,0.25]",,[],0.0
control,124,instance_0002,instance_0002,unique_observed_anchor,0.0,True,False,False,cabinet,4096,2315,True,"[-7.692908081036378,-9.738820339328724,0.0,-23.721001620985522]","[0.0004558152661770281,5.891969123127352e-05,0.9994852649927175,4.987423952198099e-11]","[0.0006582578573050952,7.199742770134283e-05,0.9992697446762109,3.87827106134246e-11]","[0.0006582578573050952,7.199742770134283e-05,0.9992697446762109,3.87827106134246e-11]",0.5,[],0.0
control,124,instance_0003,instance_0003,unique_observed_anchor,0.0,False,True,False,rack,117,37,False,"[0.0,0.0,0.0,0.0]","[0.25,0.25,0.25,0.25]","[0.25,0.25,0.25,0.25]","[0.25,0.25,0.25,0.25]",,[],0.0
control,125,instance_0000,instance_0000,unique_observed_anchor,0.0,True,False,False,rack,4096,1851,False,"[0.0,0.0,0.0,0.0]","[0.25,0.25,0.25,0.25]","[0.19999999999999996,0.225,0.25,0.325]","[0.19999999999999996,0.225,0.25,0.325]",0.5,[],0.0
control,125,instance_0001,instance_0001,unique_observed_anchor,0.0,False,True,False,cabinet,1159,238,False,"[0.0,0.0,0.0,0.0]","[0.25,0.25,0.25,0.25]","[0.25,0.25,0.25,0.25]","[0.25,0.25,0.25,0.25]",,[],0.0
control,125,instance_0002,instance_0002,unique_observed_anchor,0.0,True,False,False,cabinet,4096,2315,False,"[-7.692908081036378,-9.738820339328724,0.0,-23.721001620985522]","[0.0004558152661770281,5.891969123127352e-05,0.9994852649927175,4.987423952198099e-11]","[0.0006582578573050952,7.199742770134283e-05,0.9992697446762109,3.87827106134246e-11]","[0.0006582578573050952,7.199742770134283e-05,0.9992697446762109,3.87827106134246e-11]",0.5,[],0.0
control,125,instance_0003,instance_0003,unique_observed_anchor,0.0,False,True,False,rack,117,37,False,"[0.0,0.0,0.0,0.0]","[0.25,0.25,0.25,0.25]","[0.25,0.25,0.25,0.25]","[0.25,0.25,0.25,0.25]",,[],0.0
control,126,instance_0000,instance_0000,unique_observed_anchor,0.0,True,False,False,rack,4096,1851,False,"[0.0,0.0,0.0,0.0]","[0.25,0.25,0.25,0.25]","[0.19999999999999996,0.225,0.25,0.325]","[0.19999999999999996,0.225,0.25,0.325]",0.5,[],0.0
control,126,instance_0001,instance_0001,unique_observed_anchor,0.0,False,True,False,cabinet,1159,238,False,"[0.0,0.0,0.0,0.0]","[0.25,0.25,0.25,0.25]","[0.25,0.25,0.25,0.25]","[0.25,0.25,0.25,0.25]",,[],0.0
control,126,instance_0002,instance_0002,unique_observed_anchor,0.0,True,False,False,cabinet,4096,2315,False,"[-7.692908081036378,-9.738820339328724,0.0,-23.721001620985522]","[0.0004558152661770281,5.891969123127352e-05,0.9994852649927175,4.987423952198099e-11]","[0.0006582578573050952,7.199742770134283e-05,0.9992697446762109,3.87827106134246e-11]","[0.0006582578573050952,7.199742770134283e-05,0.9992697446762109,3.87827106134246e-11]",0.5,[],0.0
control,126,instance_0003,instance_0003,unique_observed_anchor,0.0,False,True,False,rack,117,37,False,"[0.0,0.0,0.0,0.0]","[0.25,0.25,0.25,0.25]","[0.25,0.25,0.25,0.25]","[0.25,0.25,0.25,0.25]",,[],0.0
control,127,instance_0000,instance_0000,unique_observed_anchor,0.0,True,False,False,rack,4096,1851,False,"[0.0,0.0,0.0,0.0]","[0.25,0.25,0.25,0.25]","[0.19999999999999996,0.225,0.25,0.325]","[0.19999999999999996,0.225,0.25,0.325]",0.5,[],0.0
control,127,instance_0001,instance_0001,unique_observed_anchor,0.0,False,True,False,cabinet,1159,238,False,"[0.0,0.0,0.0,0.0]","[0.25,0.25,0.25,0.25]","[0.25,0.25,0.25,0.25]","[0.25,0.25,0.25,0.25]",,[],0.0
control,127,instance_0002,instance_0002,unique_observed_anchor,0.0,True,False,False,cabinet,4096,2315,False,"[-7.692908081036378,-9.738820339328724,0.0,-23.721001620985522]","[0.0004558152661770281,5.891969123127352e-05,0.9994852649927175,4.987423952198099e-11]","[0.0006582578573050952,7.199742770134283e-05,0.9992697446762109,3.87827106134246e-11]","[0.0006582578573050952,7.199742770134283e-05,0.9992697446762109,3.87827106134246e-11]",0.5,[],0.0
control,127,instance_0003,instance_0003,unique_observed_anchor,0.0,False,True,False,rack,117,37,False,"[0.0,0.0,0.0,0.0]","[0.25,0.25,0.25,0.25]","[0.25,0.25,0.25,0.25]","[0.25,0.25,0.25,0.25]",,[],0.0
control,128,instance_0000,instance_0000,unique_observed_anchor,0.0,True,False,False,rack,4096,1851,False,"[0.0,0.0,0.0,0.0]","[0.25,0.25,0.25,0.25]","[0.19999999999999996,0.225,0.25,0.325]","[0.19999999999999996,0.225,0.25,0.325]",0.5,[],0.0
control,128,instance_0001,instance_0001,unique_observed_anchor,0.0,False,True,False,cabinet,1159,238,False,"[0.0,0.0,0.0,0.0]","[0.25,0.25,0.25,0.25]","[0.25,0.25,0.25,0.25]","[0.25,0.25,0.25,0.25]",,[],0.0
control,128,instance_0002,instance_0002,unique_observed_anchor,0.0,True,False,False,cabinet,4096,2315,False,"[-7.692908081036378,-9.738820339328724,0.0,-23.721001620985522]","[0.0004558152661770281,5.891969123127352e-05,0.9994852649927175,4.987423952198099e-11]","[0.0006582578573050952,7.199742770134283e-05,0.9992697446762109,3.87827106134246e-11]","[0.0006582578573050952,7.199742770134283e-05,0.9992697446762109,3.87827106134246e-11]",0.5,[],0.0
control,128,instance_0003,instance_0003,unique_observed_anchor,0.0,False,True,False,rack,117,37,False,"[0.0,0.0,0.0,0.0]","[0.25,0.25,0.25,0.25]","[0.25,0.25,0.25,0.25]","[0.25,0.25,0.25,0.25]",,[],0.0
control,129,instance_0000,instance_0000,unique_observed_anchor,0.0,True,False,False,rack,4096,1851,False,"[0.0,0.0,0.0,0.0]","[0.25,0.25,0.25,0.25]","[0.19999999999999996,0.225,0.25,0.325]","[0.19999999999999996,0.225,0.25,0.325]",0.5,[],0.0
control,129,instance_0001,instance_0001,unique_observed_anchor,0.0,False,True,False,cabinet,1159,238,False,"[0.0,0.0,0.0,0.0]","[0.25,0.25,0.25,0.25]","[0.25,0.25,0.25,0.25]","[0.25,0.25,0.25,0.25]",,[],0.0
control,129,instance_0002,instance_0002,unique_observed_anchor,0.0,True,False,False,cabinet,4096,2315,False,"[-7.692908081036378,-9.738820339328724,0.0,-23.721001620985522]","[0.0004558152661770281,5.891969123127352e-05,0.9994852649927175,4.987423952198099e-11]","[0.0006582578573050952,7.199742770134283e-05,0.9992697446762109,3.87827106134246e-11]","[0.0006582578573050952,7.199742770134283e-05,0.9992697446762109,3.87827106134246e-11]",0.5,[],0.0
control,129,instance_0003,instance_0003,unique_observed_anchor,0.0,False,True,False,rack,117,37,False,"[0.0,0.0,0.0,0.0]","[0.25,0.25,0.25,0.25]","[0.25,0.25,0.25,0.25]","[0.25,0.25,0.25,0.25]",,[],0.0
control,130,instance_0000,instance_0000,unique_observed_anchor,0.0,True,False,False,rack,4096,1851,False,"[0.0,0.0,0.0,0.0]","[0.25,0.25,0.25,0.25]","[0.19999999999999996,0.225,0.25,0.325]","[0.19999999999999996,0.225,0.25,0.325]",0.5,[],0.0
control,130,instance_0001,instance_0001,unique_observed_anchor,0.0,False,True,False,cabinet,1159,238,False,"[0.0,0.0,0.0,0.0]","[0.25,0.25,0.25,0.25]","[0.25,0.25,0.25,0.25]","[0.25,0.25,0.25,0.25]",,[],0.0
control,130,instance_0002,instance_0002,unique_observed_anchor,0.0,True,False,False,cabinet,4096,2315,False,"[-7.692908081036378,-9.738820339328724,0.0,-23.721001620985522]","[0.0004558152661770281,5.891969123127352e-05,0.9994852649927175,4.987423952198099e-11]","[0.0006582578573050952,7.199742770134283e-05,0.9992697446762109,3.87827106134246e-11]","[0.0006582578573050952,7.199742770134283e-05,0.9992697446762109,3.87827106134246e-11]",0.5,[],0.0
control,130,instance_0003,instance_0003,unique_observed_anchor,0.0,False,True,False,rack,117,37,False,"[0.0,0.0,0.0,0.0]","[0.25,0.25,0.25,0.25]","[0.25,0.25,0.25,0.25]","[0.25,0.25,0.25,0.25]",,[],0.0
control,131,instance_0000,instance_0000,unique_observed_anchor,0.0,True,False,False,rack,4096,1851,False,"[0.0,0.0,0.0,0.0]","[0.25,0.25,0.25,0.25]","[0.19999999999999996,0.225,0.25,0.325]","[0.19999999999999996,0.225,0.25,0.325]",0.5,[],0.0
control,131,instance_0001,instance_0001,unique_observed_anchor,0.0,False,True,False,cabinet,1159,238,False,"[0.0,0.0,0.0,0.0]","[0.25,0.25,0.25,0.25]","[0.25,0.25,0.25,0.25]","[0.25,0.25,0.25,0.25]",,[],0.0
control,131,instance_0002,instance_0002,unique_observed_anchor,0.0,True,False,False,cabinet,4096,2315,False,"[-7.692908081036378,-9.738820339328724,0.0,-23.721001620985522]","[0.0004558152661770281,5.891969123127352e-05,0.9994852649927175,4.987423952198099e-11]","[0.0006582578573050952,7.199742770134283e-05,0.9992697446762109,3.87827106134246e-11]","[0.0006582578573050952,7.199742770134283e-05,0.9992697446762109,3.87827106134246e-11]",0.5,[],0.0
control,131,instance_0003,instance_0003,unique_observed_anchor,0.0,False,True,False,rack,117,37,False,"[0.0,0.0,0.0,0.0]","[0.25,0.25,0.25,0.25]","[0.25,0.25,0.25,0.25]","[0.25,0.25,0.25,0.25]",,[],0.0
control,132,instance_0000,instance_0000,unique_observed_anchor,0.0,True,False,False,rack,4096,1851,False,"[0.0,0.0,0.0,0.0]","[0.25,0.25,0.25,0.25]","[0.19999999999999996,0.225,0.25,0.325]","[0.19999999999999996,0.225,0.25,0.325]",0.5,[],0.0
control,132,instance_0001,instance_0001,unique_observed_anchor,0.0,False,True,False,cabinet,1159,238,False,"[0.0,0.0,0.0,0.0]","[0.25,0.25,0.25,0.25]","[0.25,0.25,0.25,0.25]","[0.25,0.25,0.25,0.25]",,[],0.0
control,132,instance_0002,instance_0002,unique_observed_anchor,0.0,True,False,False,cabinet,4096,2315,False,"[-7.692908081036378,-9.738820339328724,0.0,-23.721001620985522]","[0.0004558152661770281,5.891969123127352e-05,0.9994852649927175,4.987423952198099e-11]","[0.0006582578573050952,7.199742770134283e-05,0.9992697446762109,3.87827106134246e-11]","[0.0006582578573050952,7.199742770134283e-05,0.9992697446762109,3.87827106134246e-11]",0.5,[],0.0
control,132,instance_0003,instance_0003,unique_observed_anchor,0.0,False,True,False,rack,117,37,False,"[0.0,0.0,0.0,0.0]","[0.25,0.25,0.25,0.25]","[0.25,0.25,0.25,0.25]","[0.25,0.25,0.25,0.25]",,[],0.0
control,133,instance_0000,instance_0000,unique_observed_anchor,0.0,True,False,False,rack,4096,1851,False,"[0.0,0.0,0.0,0.0]","[0.25,0.25,0.25,0.25]","[0.19999999999999996,0.225,0.25,0.325]","[0.19999999999999996,0.225,0.25,0.325]",0.5,[],0.0
control,133,instance_0001,instance_0001,unique_observed_anchor,0.0,False,True,False,cabinet,1159,238,False,"[0.0,0.0,0.0,0.0]","[0.25,0.25,0.25,0.25]","[0.25,0.25,0.25,0.25]","[0.25,0.25,0.25,0.25]",,[],0.0
control,133,instance_0002,instance_0002,unique_observed_anchor,0.0,True,False,False,cabinet,4096,2315,False,"[-7.692908081036378,-9.738820339328724,0.0,-23.721001620985522]","[0.0004558152661770281,5.891969123127352e-05,0.9994852649927175,4.987423952198099e-11]","[0.0006582578573050952,7.199742770134283e-05,0.9992697446762109,3.87827106134246e-11]","[0.0006582578573050952,7.199742770134283e-05,0.9992697446762109,3.87827106134246e-11]",0.5,[],0.0
control,133,instance_0003,instance_0003,unique_observed_anchor,0.0,False,True,False,rack,117,37,False,"[0.0,0.0,0.0,0.0]","[0.25,0.25,0.25,0.25]","[0.25,0.25,0.25,0.25]","[0.25,0.25,0.25,0.25]",,[],0.0
control,134,instance_0000,instance_0000,unique_observed_anchor,0.0,True,False,False,rack,4096,1851,False,"[0.0,0.0,0.0,0.0]","[0.25,0.25,0.25,0.25]","[0.19999999999999996,0.225,0.25,0.325]","[0.19999999999999996,0.225,0.25,0.325]",0.5,[],0.0
control,134,instance_0001,instance_0001,unique_observed_anchor,0.0,False,True,False,cabinet,1159,238,False,"[0.0,0.0,0.0,0.0]","[0.25,0.25,0.25,0.25]","[0.25,0.25,0.25,0.25]","[0.25,0.25,0.25,0.25]",,[],0.0
control,134,instance_0002,instance_0002,unique_observed_anchor,0.0,True,False,False,cabinet,4096,2315,False,"[-7.692908081036378,-9.738820339328724,0.0,-23.721001620985522]","[0.0004558152661770281,5.891969123127352e-05,0.9994852649927175,4.987423952198099e-11]","[0.0006582578573050952,7.199742770134283e-05,0.9992697446762109,3.87827106134246e-11]","[0.0006582578573050952,7.199742770134283e-05,0.9992697446762109,3.87827106134246e-11]",0.5,[],0.0
control,134,instance_0003,instance_0003,unique_observed_anchor,0.0,False,True,False,rack,117,37,False,"[0.0,0.0,0.0,0.0]","[0.25,0.25,0.25,0.25]","[0.25,0.25,0.25,0.25]","[0.25,0.25,0.25,0.25]",,[],0.0
control,135,instance_0000,instance_0000,unique_observed_anchor,0.0,True,False,False,rack,4096,1851,False,"[0.0,0.0,0.0,0.0]","[0.25,0.25,0.25,0.25]","[0.19999999999999996,0.225,0.25,0.325]","[0.19999999999999996,0.225,0.25,0.325]",0.5,[],0.0
control,135,instance_0001,instance_0001,unique_observed_anchor,0.0,False,True,False,cabinet,1159,238,False,"[0.0,0.0,0.0,0.0]","[0.25,0.25,0.25,0.25]","[0.25,0.25,0.25,0.25]","[0.25,0.25,0.25,0.25]",,[],0.0
control,135,instance_0002,instance_0002,unique_observed_anchor,0.0,True,False,False,cabinet,4096,2315,False,"[-7.692908081036378,-9.738820339328724,0.0,-23.721001620985522]","[0.0004558152661770281,5.891969123127352e-05,0.9994852649927175,4.987423952198099e-11]","[0.0006582578573050952,7.199742770134283e-05,0.9992697446762109,3.87827106134246e-11]","[0.0006582578573050952,7.199742770134283e-05,0.9992697446762109,3.87827106134246e-11]",0.5,[],0.0
control,135,instance_0003,instance_0003,unique_observed_anchor,0.0,False,True,False,rack,117,37,False,"[0.0,0.0,0.0,0.0]","[0.25,0.25,0.25,0.25]","[0.25,0.25,0.25,0.25]","[0.25,0.25,0.25,0.25]",,[],0.0
control,136,instance_0000,instance_0000,unique_observed_anchor,0.0,True,False,False,rack,4096,1851,False,"[0.0,0.0,0.0,0.0]","[0.25,0.25,0.25,0.25]","[0.19999999999999996,0.225,0.25,0.325]","[0.19999999999999996,0.225,0.25,0.325]",0.5,[],0.0
control,136,instance_0001,instance_0001,unique_observed_anchor,0.0,True,False,False,cabinet,1307,327,True,"[0.0,0.0,0.0,-0.3497392764993823]","[0.26991486953768856,0.26991486953768856,0.26991486953768856,0.19025539138693426]","[0.3426995501995762,0.28997654247656446,0.23725353475355276,0.13007037257030654]","[0.3347977024282241,0.2877985527655419,0.24079940310285985,0.13660434170337418]",0.4445642396163834,"[""instance_0002""]",0.00790184777135211
control,136,instance_0002,instance_0002,unique_observed_anchor,0.0,True,False,False,cabinet,4096,2315,False,"[-7.692908081036378,-9.738820339328724,0.0,-23.721001620985522]","[0.0004558152661770281,5.891969123127352e-05,0.9994852649927175,4.987423952198099e-11]","[0.0006582578573050952,7.199742770134283e-05,0.9992697446762109,3.87827106134246e-11]","[0.0006635203693802738,7.233738455383239e-05,0.9992641422075714,3.8494385392490375e-11]",0.5116700330986217,"[""instance_0001""]",5.602468639454017e-06
control,136,instance_0003,instance_0003,unique_observed_anchor,0.0,False,True,False,rack,117,37,False,"[0.0,0.0,0.0,0.0]","[0.25,0.25,0.25,0.25]","[0.25,0.25,0.25,0.25]","[0.25,0.25,0.25,0.25]",,[],0.0
control,137,instance_0000,instance_0000,unique_observed_anchor,0.0,False,True,False,rack,4096,1851,False,"[0.0,0.0,0.0,0.0]","[0.25,0.25,0.25,0.25]","[0.25,0.25,0.25,0.25]","[0.25,0.25,0.25,0.25]",,[],0.0
control,137,instance_0001,instance_0001,unique_observed_anchor,0.0,False,True,False,cabinet,1307,327,False,"[0.0,0.0,0.0,-0.3497392764993823]","[0.26991486953768856,0.26991486953768856,0.26991486953768856,0.19025539138693426]","[0.26991486953768856,0.26991486953768856,0.26991486953768856,0.19025539138693426]","[0.26991486953768856,0.26991486953768856,0.26991486953768856,0.19025539138693426]",,[],0.0
control,137,instance_0002,instance_0002,unique_observed_anchor,0.0,True,False,False,cabinet,4096,2315,False,"[-7.692908081036378,-9.738820339328724,0.0,-23.721001620985522]","[0.0004558152661770281,5.891969123127352e-05,0.9994852649927175,4.987423952198099e-11]","[0.0006582578573050952,7.199742770134283e-05,0.9992697446762109,3.87827106134246e-11]","[0.0006582578573050952,7.199742770134283e-05,0.9992697446762109,3.87827106134246e-11]",0.5,[],0.0
control,137,instance_0003,instance_0003,unique_observed_anchor,0.0,False,True,False,rack,117,37,False,"[0.0,0.0,0.0,0.0]","[0.25,0.25,0.25,0.25]","[0.25,0.25,0.25,0.25]","[0.25,0.25,0.25,0.25]",,[],0.0
control,138,instance_0000,instance_0000,unique_observed_anchor,0.0,False,True,False,rack,4096,1851,False,"[0.0,0.0,0.0,0.0]","[0.25,0.25,0.25,0.25]","[0.25,0.25,0.25,0.25]","[0.25,0.25,0.25,0.25]",,[],0.0
control,138,instance_0001,instance_0001,unique_observed_anchor,0.0,False,True,False,cabinet,1307,327,False,"[0.0,0.0,0.0,-0.3497392764993823]","[0.26991486953768856,0.26991486953768856,0.26991486953768856,0.19025539138693426]","[0.26991486953768856,0.26991486953768856,0.26991486953768856,0.19025539138693426]","[0.26991486953768856,0.26991486953768856,0.26991486953768856,0.19025539138693426]",,[],0.0
control,138,instance_0002,instance_0002,unique_observed_anchor,0.0,True,False,False,cabinet,4096,2315,False,"[-7.692908081036378,-9.738820339328724,0.0,-23.721001620985522]","[0.0004558152661770281,5.891969123127352e-05,0.9994852649927175,4.987423952198099e-11]","[0.0006582578573050952,7.199742770134283e-05,0.9992697446762109,3.87827106134246e-11]","[0.0006582578573050952,7.199742770134283e-05,0.9992697446762109,3.87827106134246e-11]",0.5,[],0.0
control,138,instance_0003,instance_0003,unique_observed_anchor,0.0,False,True,False,rack,117,37,False,"[0.0,0.0,0.0,0.0]","[0.25,0.25,0.25,0.25]","[0.25,0.25,0.25,0.25]","[0.25,0.25,0.25,0.25]",,[],0.0
control,139,instance_0000,instance_0000,unique_observed_anchor,0.0,False,True,False,rack,4096,1851,False,"[0.0,0.0,0.0,0.0]","[0.25,0.25,0.25,0.25]","[0.25,0.25,0.25,0.25]","[0.25,0.25,0.25,0.25]",,[],0.0
control,139,instance_0001,instance_0001,unique_observed_anchor,0.0,True,False,False,cabinet,1335,355,True,"[0.0,0.0,0.0,-0.3497392764993823]","[0.26991486953768856,0.26991486953768856,0.26991486953768856,0.19025539138693426]","[0.3426995501995762,0.28997654247656446,0.23725353475355276,0.13007037257030654]","[0.3347977024282241,0.2877985527655419,0.24079940310285985,0.13660434170337418]",0.4445642396163834,"[""instance_0002""]",0.00790184777135211
control,139,instance_0002,instance_0002,unique_observed_anchor,0.0,True,False,False,cabinet,4096,2315,False,"[-7.692908081036378,-9.738820339328724,0.0,-23.721001620985522]","[0.0004558152661770281,5.891969123127352e-05,0.9994852649927175,4.987423952198099e-11]","[0.0006582578573050952,7.199742770134283e-05,0.9992697446762109,3.87827106134246e-11]","[0.0006635203693802738,7.233738455383239e-05,0.9992641422075714,3.8494385392490375e-11]",0.5116700330986217,"[""instance_0001""]",5.602468639454017e-06
control,139,instance_0003,instance_0003,unique_observed_anchor,0.0,False,True,False,rack,117,37,False,"[0.0,0.0,0.0,0.0]","[0.25,0.25,0.25,0.25]","[0.25,0.25,0.25,0.25]","[0.25,0.25,0.25,0.25]",,[],0.0
control,140,instance_0000,instance_0000,unique_observed_anchor,0.0,False,True,False,rack,4096,1851,False,"[0.0,0.0,0.0,0.0]","[0.25,0.25,0.25,0.25]","[0.25,0.25,0.25,0.25]","[0.25,0.25,0.25,0.25]",,[],0.0
control,140,instance_0001,instance_0001,unique_observed_anchor,0.0,False,True,False,cabinet,1335,355,False,"[0.0,0.0,0.0,-0.3497392764993823]","[0.26991486953768856,0.26991486953768856,0.26991486953768856,0.19025539138693426]","[0.26991486953768856,0.26991486953768856,0.26991486953768856,0.19025539138693426]","[0.26991486953768856,0.26991486953768856,0.26991486953768856,0.19025539138693426]",,[],0.0
control,140,instance_0002,instance_0002,unique_observed_anchor,0.0,True,False,False,cabinet,4096,2315,False,"[-7.692908081036378,-9.738820339328724,0.0,-23.721001620985522]","[0.0004558152661770281,5.891969123127352e-05,0.9994852649927175,4.987423952198099e-11]","[0.0006582578573050952,7.199742770134283e-05,0.9992697446762109,3.87827106134246e-11]","[0.0006582578573050952,7.199742770134283e-05,0.9992697446762109,3.87827106134246e-11]",0.5,[],0.0
control,140,instance_0003,instance_0003,unique_observed_anchor,0.0,False,True,False,rack,117,37,False,"[0.0,0.0,0.0,0.0]","[0.25,0.25,0.25,0.25]","[0.25,0.25,0.25,0.25]","[0.25,0.25,0.25,0.25]",,[],0.0
control,141,instance_0000,instance_0000,unique_observed_anchor,0.0,False,True,False,rack,4096,1851,False,"[0.0,0.0,0.0,0.0]","[0.25,0.25,0.25,0.25]","[0.25,0.25,0.25,0.25]","[0.25,0.25,0.25,0.25]",,[],0.0
control,141,instance_0001,instance_0001,unique_observed_anchor,0.0,False,True,False,cabinet,1335,355,False,"[0.0,0.0,0.0,-0.3497392764993823]","[0.26991486953768856,0.26991486953768856,0.26991486953768856,0.19025539138693426]","[0.26991486953768856,0.26991486953768856,0.26991486953768856,0.19025539138693426]","[0.26991486953768856,0.26991486953768856,0.26991486953768856,0.19025539138693426]",,[],0.0
control,141,instance_0002,instance_0002,unique_observed_anchor,0.0,True,False,False,cabinet,4096,2315,False,"[-7.692908081036378,-9.738820339328724,0.0,-23.721001620985522]","[0.0004558152661770281,5.891969123127352e-05,0.9994852649927175,4.987423952198099e-11]","[0.0006582578573050952,7.199742770134283e-05,0.9992697446762109,3.87827106134246e-11]","[0.0006582578573050952,7.199742770134283e-05,0.9992697446762109,3.87827106134246e-11]",0.5,[],0.0
control,141,instance_0003,instance_0003,unique_observed_anchor,0.0,False,True,False,rack,117,37,False,"[0.0,0.0,0.0,0.0]","[0.25,0.25,0.25,0.25]","[0.25,0.25,0.25,0.25]","[0.25,0.25,0.25,0.25]",,[],0.0
control,142,instance_0000,instance_0000,unique_observed_anchor,0.0,False,True,False,rack,4096,1851,False,"[0.0,0.0,0.0,0.0]","[0.25,0.25,0.25,0.25]","[0.25,0.25,0.25,0.25]","[0.25,0.25,0.25,0.25]",,[],0.0
control,142,instance_0001,instance_0001,unique_observed_anchor,0.0,True,False,False,cabinet,2164,892,True,"[0.0,0.0,0.0,-1.495169302212283]","[0.3101534331920325,0.3101534331920325,0.3101534331920325,0.06953970042390258]","[0.3760543135197771,0.3181998037475037,0.2603452939752303,0.04540058875748876]","[0.3691884409668936,0.3173614939332435,0.2655345468995934,0.047915518200269604]",0.4445642396163834,"[""instance_0002""]",0.006865872552883456
control,142,instance_0002,instance_0002,unique_observed_anchor,0.0,True,False,False,cabinet,4096,2315,False,"[-7.692908081036378,-9.738820339328724,0.0,-23.721001620985522]","[0.0004558152661770281,5.891969123127352e-05,0.9994852649927175,4.987423952198099e-11]","[0.0006582578573050952,7.199742770134283e-05,0.9992697446762109,3.87827106134246e-11]","[0.0006735121439357477,7.298285047963725e-05,0.9992535049676377,3.7946950903965804e-11]",0.5336621847383146,"[""instance_0001""]",1.6239708573229095e-05
control,142,instance_0003,instance_0003,unique_observed_anchor,0.0,False,True,False,rack,117,37,False,"[0.0,0.0,0.0,0.0]","[0.25,0.25,0.25,0.25]","[0.25,0.25,0.25,0.25]","[0.25,0.25,0.25,0.25]",,[],0.0
control,143,instance_0000,instance_0000,unique_observed_anchor,0.0,False,True,False,rack,4096,1851,False,"[0.0,0.0,0.0,0.0]","[0.25,0.25,0.25,0.25]","[0.25,0.25,0.25,0.25]","[0.25,0.25,0.25,0.25]",,[],0.0
control,143,instance_0001,instance_0001,unique_observed_anchor,0.0,True,False,False,cabinet,3113,1447,True,"[0.0,0.0,0.0,-3.0112820564789167]","[0.3279518054987234,0.3279518054987234,0.3279518054987234,0.016144583503829926]","[0.3898682283779596,0.3298885009351966,0.2699087734924336,0.010334497194410043]","[0.3835305698386946,0.3296902641217609,0.2758499584048273,0.010929207634717325]",0.4445642396163834,"[""instance_0002""]",0.00633765853926499
control,143,instance_0002,instance_0002,unique_observed_anchor,0.0,True,False,False,cabinet,4096,2315,False,"[-7.692908081036378,-9.738820339328724,0.0,-23.721001620985522]","[0.0004558152661770281,5.891969123127352e-05,0.9994852649927175,4.987423952198099e-11]","[0.0006582578573050952,7.199742770134283e-05,0.9992697446762109,3.87827106134246e-11]","[0.0006776790599259777,7.325203212224274e-05,0.999249068870233,3.7718651765392033e-11]",0.5427702604689844,"[""instance_0001""]",2.0675805977865558e-05
control,143,instance_0003,instance_0003,unique_observed_anchor,0.0,False,True,False,rack,117,37,False,"[0.0,0.0,0.0,0.0]","[0.25,0.25,0.25,0.25]","[0.25,0.25,0.25,0.25]","[0.25,0.25,0.25,0.25]",,[],0.0
control,144,instance_0000,instance_0000,unique_observed_anchor,0.0,False,True,False,rack,4096,1851,False,"[0.0,0.0,0.0,0.0]","[0.25,0.25,0.25,0.25]","[0.25,0.25,0.25,0.25]","[0.25,0.25,0.25,0.25]",,[],0.0
control,144,instance_0001,instance_0001,unique_observed_anchor,0.0,True,False,False,cabinet,3897,1919,True,"[0.0,0.0,0.0,-4.284206833589722]","[0.33180872195768124,0.33180872195768124,0.33180872195768124,0.004573834126956388]","[0.39279087515345384,0.3323615097452301,0.27193214433700647,0.002915470764309682]","[0.3865724716373743,0.33230514149088686,0.2780378113443994,0.0030845755273395093]",0.4445642396163834,"[""instance_0002""]",0.0062184035160795514
control,144,instance_0002,instance_0002,unique_observed_anchor,0.0,True,False,False,cabinet,4096,2315,False,"[-7.692908081036378,-9.738820339328724,0.0,-23.721001620985522]","[0.0004558152661770281,5.891969123127352e-05,0.9994852649927175,4.987423952198099e-11]","[0.0006582578573050952,7.199742770134283e-05,0.9992697446762109,3.87827106134246e-11]","[0.0006785628442901353,7.330912435242236e-05,0.9992481279936871,3.76702305326398e-11]",0.5446972803209585,"[""instance_0001""]",2.161668252376181e-05
control,144,instance_0003,instance_0003,unique_observed_anchor,0.0,False,True,False,rack,117,37,False,"[0.0,0.0,0.0,0.0]","[0.25,0.25,0.25,0.25]","[0.25,0.25,0.25,0.25]","[0.25,0.25,0.25,0.25]",,[],0.0
control,145,instance_0000,instance_0000,unique_observed_anchor,0.0,False,True,False,rack,4096,1851,False,"[0.0,0.0,0.0,0.0]","[0.25,0.25,0.25,0.25]","[0.25,0.25,0.25,0.25]","[0.25,0.25,0.25,0.25]",,[],0.0
control,145,instance_0001,instance_0001,unique_observed_anchor,0.0,True,False,False,cabinet,3897,1919,False,"[0.0,0.0,0.0,-4.284206833589722]","[0.33180872195768124,0.33180872195768124,0.33180872195768124,0.004573834126956388]","[0.39279087515345384,0.3323615097452301,0.27193214433700647,0.002915470764309682]","[0.3865724716373743,0.33230514149088686,0.2780378113443994,0.0030845755273395093]",0.4445642396163834,"[""instance_0002""]",0.0062184035160795514
control,145,instance_0002,instance_0002,unique_observed_anchor,0.0,True,False,False,cabinet,4096,2315,False,"[-7.692908081036378,-9.738820339328724,0.0,-23.721001620985522]","[0.0004558152661770281,5.891969123127352e-05,0.9994852649927175,4.987423952198099e-11]","[0.0006582578573050952,7.199742770134283e-05,0.9992697446762109,3.87827106134246e-11]","[0.0006785628442901353,7.330912435242236e-05,0.9992481279936871,3.76702305326398e-11]",0.5446972803209585,"[""instance_0001""]",2.161668252376181e-05
control,145,instance_0003,instance_0003,unique_observed_anchor,0.0,False,True,False,rack,117,37,False,"[0.0,0.0,0.0,0.0]","[0.25,0.25,0.25,0.25]","[0.25,0.25,0.25,0.25]","[0.25,0.25,0.25,0.25]",,[],0.0
control,146,instance_0000,instance_0000,unique_observed_anchor,0.0,False,True,False,rack,4096,1851,False,"[0.0,0.0,0.0,0.0]","[0.25,0.25,0.25,0.25]","[0.25,0.25,0.25,0.25]","[0.25,0.25,0.25,0.25]",,[],0.0
control,146,instance_0001,instance_0001,unique_observed_anchor,0.0,False,True,False,cabinet,3897,1919,False,"[0.0,0.0,0.0,-4.284206833589722]","[0.33180872195768124,0.33180872195768124,0.33180872195768124,0.004573834126956388]","[0.33180872195768124,0.33180872195768124,0.33180872195768124,0.004573834126956388]","[0.33180872195768124,0.33180872195768124,0.33180872195768124,0.004573834126956388]",,[],0.0
control,146,instance_0002,instance_0002,unique_observed_anchor,0.0,True,False,False,cabinet,4096,2315,False,"[-7.692908081036378,-9.738820339328724,0.0,-23.721001620985522]","[0.0004558152661770281,5.891969123127352e-05,0.9994852649927175,4.987423952198099e-11]","[0.0006582578573050952,7.199742770134283e-05,0.9992697446762109,3.87827106134246e-11]","[0.0006582578573050952,7.199742770134283e-05,0.9992697446762109,3.87827106134246e-11]",0.5,[],0.0
control,146,instance_0003,instance_0003,unique_observed_anchor,0.0,False,True,False,rack,117,37,False,"[0.0,0.0,0.0,0.0]","[0.25,0.25,0.25,0.25]","[0.25,0.25,0.25,0.25]","[0.25,0.25,0.25,0.25]",,[],0.0
control,147,instance_0000,instance_0000,unique_observed_anchor,0.0,False,True,False,rack,4096,1851,False,"[0.0,0.0,0.0,0.0]","[0.25,0.25,0.25,0.25]","[0.25,0.25,0.25,0.25]","[0.25,0.25,0.25,0.25]",,[],0.0
control,147,instance_0001,instance_0001,unique_observed_anchor,0.0,True,False,False,cabinet,3905,1919,False,"[0.0,0.0,0.0,-4.284206833589722]","[0.33180872195768124,0.33180872195768124,0.33180872195768124,0.004573834126956388]","[0.39279087515345384,0.3323615097452301,0.27193214433700647,0.002915470764309682]","[0.3865724716373743,0.33230514149088686,0.2780378113443994,0.0030845755273395093]",0.4445642396163834,"[""instance_0002""]",0.0062184035160795514
control,147,instance_0002,instance_0002,unique_observed_anchor,0.0,True,False,False,cabinet,4096,2315,False,"[-7.692908081036378,-9.738820339328724,0.0,-23.721001620985522]","[0.0004558152661770281,5.891969123127352e-05,0.9994852649927175,4.987423952198099e-11]","[0.0006582578573050952,7.199742770134283e-05,0.9992697446762109,3.87827106134246e-11]","[0.0006785628442901353,7.330912435242236e-05,0.9992481279936871,3.76702305326398e-11]",0.5446972803209585,"[""instance_0001""]",2.161668252376181e-05
control,147,instance_0003,instance_0003,unique_observed_anchor,0.0,False,True,False,rack,117,37,False,"[0.0,0.0,0.0,0.0]","[0.25,0.25,0.25,0.25]","[0.25,0.25,0.25,0.25]","[0.25,0.25,0.25,0.25]",,[],0.0
control,148,instance_0000,instance_0000,unique_observed_anchor,0.0,False,True,False,rack,4096,1851,False,"[0.0,0.0,0.0,0.0]","[0.25,0.25,0.25,0.25]","[0.25,0.25,0.25,0.25]","[0.25,0.25,0.25,0.25]",,[],0.0
control,148,instance_0001,instance_0001,unique_observed_anchor,0.0,True,False,False,cabinet,3905,1919,False,"[0.0,0.0,0.0,-4.284206833589722]","[0.33180872195768124,0.33180872195768124,0.33180872195768124,0.004573834126956388]","[0.39279087515345384,0.3323615097452301,0.27193214433700647,0.002915470764309682]","[0.3865724716373743,0.33230514149088686,0.2780378113443994,0.0030845755273395093]",0.4445642396163834,"[""instance_0002""]",0.0062184035160795514
control,148,instance_0002,instance_0002,unique_observed_anchor,0.0,True,False,False,cabinet,4096,2315,False,"[-7.692908081036378,-9.738820339328724,0.0,-23.721001620985522]","[0.0004558152661770281,5.891969123127352e-05,0.9994852649927175,4.987423952198099e-11]","[0.0006582578573050952,7.199742770134283e-05,0.9992697446762109,3.87827106134246e-11]","[0.0006785628442901353,7.330912435242236e-05,0.9992481279936871,3.76702305326398e-11]",0.5446972803209585,"[""instance_0001""]",2.161668252376181e-05
control,148,instance_0003,instance_0003,unique_observed_anchor,0.0,False,True,False,rack,117,37,False,"[0.0,0.0,0.0,0.0]","[0.25,0.25,0.25,0.25]","[0.25,0.25,0.25,0.25]","[0.25,0.25,0.25,0.25]",,[],0.0
control,149,instance_0000,instance_0000,unique_observed_anchor,0.0,False,True,False,rack,4096,1851,False,"[0.0,0.0,0.0,0.0]","[0.25,0.25,0.25,0.25]","[0.25,0.25,0.25,0.25]","[0.25,0.25,0.25,0.25]",,[],0.0
control,149,instance_0001,instance_0001,unique_observed_anchor,0.0,True,False,False,cabinet,4096,1919,True,"[0.0,0.0,0.0,-4.284206833589722]","[0.33180872195768124,0.33180872195768124,0.33180872195768124,0.004573834126956388]","[0.39279087515345384,0.3323615097452301,0.27193214433700647,0.002915470764309682]","[0.3865724716373743,0.33230514149088686,0.2780378113443994,0.0030845755273395093]",0.4445642396163834,"[""instance_0002""]",0.0062184035160795514
control,149,instance_0002,instance_0002,unique_observed_anchor,0.0,True,False,False,cabinet,4096,2315,False,"[-7.692908081036378,-9.738820339328724,0.0,-23.721001620985522]","[0.0004558152661770281,5.891969123127352e-05,0.9994852649927175,4.987423952198099e-11]","[0.0006582578573050952,7.199742770134283e-05,0.9992697446762109,3.87827106134246e-11]","[0.0006785628442901353,7.330912435242236e-05,0.9992481279936871,3.76702305326398e-11]",0.5446972803209585,"[""instance_0001""]",2.161668252376181e-05
control,149,instance_0003,instance_0003,unique_observed_anchor,0.0,False,True,False,rack,117,37,False,"[0.0,0.0,0.0,0.0]","[0.25,0.25,0.25,0.25]","[0.25,0.25,0.25,0.25]","[0.25,0.25,0.25,0.25]",,[],0.0
control,150,instance_0000,instance_0000,unique_observed_anchor,0.0,False,True,False,rack,4096,1851,False,"[0.0,0.0,0.0,0.0]","[0.25,0.25,0.25,0.25]","[0.25,0.25,0.25,0.25]","[0.25,0.25,0.25,0.25]",,[],0.0
control,150,instance_0001,instance_0001,unique_observed_anchor,0.0,True,False,False,cabinet,4096,1919,False,"[0.0,0.0,0.0,-4.284206833589722]","[0.33180872195768124,0.33180872195768124,0.33180872195768124,0.004573834126956388]","[0.39279087515345384,0.3323615097452301,0.27193214433700647,0.002915470764309682]","[0.3865724716373743,0.33230514149088686,0.2780378113443994,0.0030845755273395093]",0.4445642396163834,"[""instance_0002""]",0.0062184035160795514
control,150,instance_0002,instance_0002,unique_observed_anchor,0.0,True,False,False,cabinet,4096,2315,False,"[-7.692908081036378,-9.738820339328724,0.0,-23.721001620985522]","[0.0004558152661770281,5.891969123127352e-05,0.9994852649927175,4.987423952198099e-11]","[0.0006582578573050952,7.199742770134283e-05,0.9992697446762109,3.87827106134246e-11]","[0.0006785628442901353,7.330912435242236e-05,0.9992481279936871,3.76702305326398e-11]",0.5446972803209585,"[""instance_0001""]",2.161668252376181e-05
control,150,instance_0003,instance_0003,unique_observed_anchor,0.0,False,True,False,rack,117,37,False,"[0.0,0.0,0.0,0.0]","[0.25,0.25,0.25,0.25]","[0.25,0.25,0.25,0.25]","[0.25,0.25,0.25,0.25]",,[],0.0
control,151,instance_0000,instance_0000,unique_observed_anchor,0.0,False,True,False,rack,4096,1851,False,"[0.0,0.0,0.0,0.0]","[0.25,0.25,0.25,0.25]","[0.25,0.25,0.25,0.25]","[0.25,0.25,0.25,0.25]",,[],0.0
control,151,instance_0001,instance_0001,unique_observed_anchor,0.0,True,False,False,cabinet,4096,1919,False,"[0.0,0.0,0.0,-4.284206833589722]","[0.33180872195768124,0.33180872195768124,0.33180872195768124,0.004573834126956388]","[0.39279087515345384,0.3323615097452301,0.27193214433700647,0.002915470764309682]","[0.3865724716373743,0.33230514149088686,0.2780378113443994,0.0030845755273395093]",0.4445642396163834,"[""instance_0002""]",0.0062184035160795514
control,151,instance_0002,instance_0002,unique_observed_anchor,0.0,True,False,False,cabinet,4096,2315,False,"[-7.692908081036378,-9.738820339328724,0.0,-23.721001620985522]","[0.0004558152661770281,5.891969123127352e-05,0.9994852649927175,4.987423952198099e-11]","[0.0006582578573050952,7.199742770134283e-05,0.9992697446762109,3.87827106134246e-11]","[0.0006785628442901353,7.330912435242236e-05,0.9992481279936871,3.76702305326398e-11]",0.5446972803209585,"[""instance_0001""]",2.161668252376181e-05
control,151,instance_0003,instance_0003,unique_observed_anchor,0.0,False,True,False,rack,117,37,False,"[0.0,0.0,0.0,0.0]","[0.25,0.25,0.25,0.25]","[0.25,0.25,0.25,0.25]","[0.25,0.25,0.25,0.25]",,[],0.0
control,152,instance_0000,instance_0000,unique_observed_anchor,0.0,False,True,False,rack,4096,1851,False,"[0.0,0.0,0.0,0.0]","[0.25,0.25,0.25,0.25]","[0.25,0.25,0.25,0.25]","[0.25,0.25,0.25,0.25]",,[],0.0
control,152,instance_0001,instance_0001,unique_observed_anchor,0.0,True,False,False,cabinet,4096,1919,False,"[0.0,0.0,0.0,-4.284206833589722]","[0.33180872195768124,0.33180872195768124,0.33180872195768124,0.004573834126956388]","[0.39279087515345384,0.3323615097452301,0.27193214433700647,0.002915470764309682]","[0.3865724716373743,0.33230514149088686,0.2780378113443994,0.0030845755273395093]",0.4445642396163834,"[""instance_0002""]",0.0062184035160795514
control,152,instance_0002,instance_0002,unique_observed_anchor,0.0,True,False,False,cabinet,4096,2315,False,"[-7.692908081036378,-9.738820339328724,0.0,-23.721001620985522]","[0.0004558152661770281,5.891969123127352e-05,0.9994852649927175,4.987423952198099e-11]","[0.0006582578573050952,7.199742770134283e-05,0.9992697446762109,3.87827106134246e-11]","[0.0006785628442901353,7.330912435242236e-05,0.9992481279936871,3.76702305326398e-11]",0.5446972803209585,"[""instance_0001""]",2.161668252376181e-05
control,152,instance_0003,instance_0003,unique_observed_anchor,0.0,False,True,False,rack,117,37,False,"[0.0,0.0,0.0,0.0]","[0.25,0.25,0.25,0.25]","[0.25,0.25,0.25,0.25]","[0.25,0.25,0.25,0.25]",,[],0.0
control,153,instance_0000,instance_0000,unique_observed_anchor,0.0,False,True,False,rack,4096,1851,False,"[0.0,0.0,0.0,0.0]","[0.25,0.25,0.25,0.25]","[0.25,0.25,0.25,0.25]","[0.25,0.25,0.25,0.25]",,[],0.0
control,153,instance_0001,instance_0001,unique_observed_anchor,0.0,True,False,False,cabinet,4096,1919,False,"[0.0,0.0,0.0,-4.284206833589722]","[0.33180872195768124,0.33180872195768124,0.33180872195768124,0.004573834126956388]","[0.39279087515345384,0.3323615097452301,0.27193214433700647,0.002915470764309682]","[0.3865724716373743,0.33230514149088686,0.2780378113443994,0.0030845755273395093]",0.4445642396163834,"[""instance_0002""]",0.0062184035160795514
control,153,instance_0002,instance_0002,unique_observed_anchor,0.0,True,False,False,cabinet,4096,2315,False,"[-7.692908081036378,-9.738820339328724,0.0,-23.721001620985522]","[0.0004558152661770281,5.891969123127352e-05,0.9994852649927175,4.987423952198099e-11]","[0.0006582578573050952,7.199742770134283e-05,0.9992697446762109,3.87827106134246e-11]","[0.0006785628442901353,7.330912435242236e-05,0.9992481279936871,3.76702305326398e-11]",0.5446972803209585,"[""instance_0001""]",2.161668252376181e-05
control,153,instance_0003,instance_0003,unique_observed_anchor,0.0,False,True,False,rack,117,37,False,"[0.0,0.0,0.0,0.0]","[0.25,0.25,0.25,0.25]","[0.25,0.25,0.25,0.25]","[0.25,0.25,0.25,0.25]",,[],0.0
control,154,instance_0000,instance_0000,unique_observed_anchor,0.0,False,True,False,rack,4096,1851,False,"[0.0,0.0,0.0,0.0]","[0.25,0.25,0.25,0.25]","[0.25,0.25,0.25,0.25]","[0.25,0.25,0.25,0.25]",,[],0.0
control,154,instance_0001,instance_0001,unique_observed_anchor,0.0,True,False,False,cabinet,4096,1919,False,"[0.0,0.0,0.0,-4.284206833589722]","[0.33180872195768124,0.33180872195768124,0.33180872195768124,0.004573834126956388]","[0.39279087515345384,0.3323615097452301,0.27193214433700647,0.002915470764309682]","[0.3865724716373743,0.33230514149088686,0.2780378113443994,0.0030845755273395093]",0.4445642396163834,"[""instance_0002""]",0.0062184035160795514
control,154,instance_0002,instance_0002,unique_observed_anchor,0.0,True,False,False,cabinet,4096,2315,False,"[-7.692908081036378,-9.738820339328724,0.0,-23.721001620985522]","[0.0004558152661770281,5.891969123127352e-05,0.9994852649927175,4.987423952198099e-11]","[0.0006582578573050952,7.199742770134283e-05,0.9992697446762109,3.87827106134246e-11]","[0.0006785628442901353,7.330912435242236e-05,0.9992481279936871,3.76702305326398e-11]",0.5446972803209585,"[""instance_0001""]",2.161668252376181e-05
control,154,instance_0003,instance_0003,unique_observed_anchor,0.0,False,True,False,rack,117,37,False,"[0.0,0.0,0.0,0.0]","[0.25,0.25,0.25,0.25]","[0.25,0.25,0.25,0.25]","[0.25,0.25,0.25,0.25]",,[],0.0
control,155,instance_0000,instance_0000,unique_observed_anchor,0.0,False,True,False,rack,4096,1851,False,"[0.0,0.0,0.0,0.0]","[0.25,0.25,0.25,0.25]","[0.25,0.25,0.25,0.25]","[0.25,0.25,0.25,0.25]",,[],0.0
control,155,instance_0001,instance_0001,unique_observed_anchor,0.0,True,False,False,cabinet,4096,1919,False,"[0.0,0.0,0.0,-4.284206833589722]","[0.33180872195768124,0.33180872195768124,0.33180872195768124,0.004573834126956388]","[0.39279087515345384,0.3323615097452301,0.27193214433700647,0.002915470764309682]","[0.3865724716373743,0.33230514149088686,0.2780378113443994,0.0030845755273395093]",0.4445642396163834,"[""instance_0002""]",0.0062184035160795514
control,155,instance_0002,instance_0002,unique_observed_anchor,0.0,True,False,False,cabinet,4096,2315,False,"[-7.692908081036378,-9.738820339328724,0.0,-23.721001620985522]","[0.0004558152661770281,5.891969123127352e-05,0.9994852649927175,4.987423952198099e-11]","[0.0006582578573050952,7.199742770134283e-05,0.9992697446762109,3.87827106134246e-11]","[0.0006785628442901353,7.330912435242236e-05,0.9992481279936871,3.76702305326398e-11]",0.5446972803209585,"[""instance_0001""]",2.161668252376181e-05
control,155,instance_0003,instance_0003,unique_observed_anchor,0.0,False,True,False,rack,117,37,False,"[0.0,0.0,0.0,0.0]","[0.25,0.25,0.25,0.25]","[0.25,0.25,0.25,0.25]","[0.25,0.25,0.25,0.25]",,[],0.0
control,156,instance_0000,instance_0000,unique_observed_anchor,0.0,False,True,False,rack,4096,1851,False,"[0.0,0.0,0.0,0.0]","[0.25,0.25,0.25,0.25]","[0.25,0.25,0.25,0.25]","[0.25,0.25,0.25,0.25]",,[],0.0
control,156,instance_0001,instance_0001,unique_observed_anchor,0.0,True,False,False,cabinet,4096,1919,False,"[0.0,0.0,0.0,-4.284206833589722]","[0.33180872195768124,0.33180872195768124,0.33180872195768124,0.004573834126956388]","[0.39279087515345384,0.3323615097452301,0.27193214433700647,0.002915470764309682]","[0.3865724716373743,0.33230514149088686,0.2780378113443994,0.0030845755273395093]",0.4445642396163834,"[""instance_0002""]",0.0062184035160795514
control,156,instance_0002,instance_0002,unique_observed_anchor,0.0,True,False,False,cabinet,4096,2315,False,"[-7.692908081036378,-9.738820339328724,0.0,-23.721001620985522]","[0.0004558152661770281,5.891969123127352e-05,0.9994852649927175,4.987423952198099e-11]","[0.0006582578573050952,7.199742770134283e-05,0.9992697446762109,3.87827106134246e-11]","[0.0006785628442901353,7.330912435242236e-05,0.9992481279936871,3.76702305326398e-11]",0.5446972803209585,"[""instance_0001""]",2.161668252376181e-05
control,156,instance_0003,instance_0003,unique_observed_anchor,0.0,False,True,False,rack,117,37,False,"[0.0,0.0,0.0,0.0]","[0.25,0.25,0.25,0.25]","[0.25,0.25,0.25,0.25]","[0.25,0.25,0.25,0.25]",,[],0.0
control,157,instance_0000,instance_0000,unique_observed_anchor,0.0,False,True,False,rack,4096,1851,False,"[0.0,0.0,0.0,0.0]","[0.25,0.25,0.25,0.25]","[0.25,0.25,0.25,0.25]","[0.25,0.25,0.25,0.25]",,[],0.0
control,157,instance_0001,instance_0001,unique_observed_anchor,0.0,True,False,False,cabinet,4096,1919,False,"[0.0,0.0,0.0,-4.284206833589722]","[0.33180872195768124,0.33180872195768124,0.33180872195768124,0.004573834126956388]","[0.39279087515345384,0.3323615097452301,0.27193214433700647,0.002915470764309682]","[0.3865724716373743,0.33230514149088686,0.2780378113443994,0.0030845755273395093]",0.4445642396163834,"[""instance_0002""]",0.0062184035160795514
control,157,instance_0002,instance_0002,unique_observed_anchor,0.0,True,False,False,cabinet,4096,2315,False,"[-7.692908081036378,-9.738820339328724,0.0,-23.721001620985522]","[0.0004558152661770281,5.891969123127352e-05,0.9994852649927175,4.987423952198099e-11]","[0.0006582578573050952,7.199742770134283e-05,0.9992697446762109,3.87827106134246e-11]","[0.0006785628442901353,7.330912435242236e-05,0.9992481279936871,3.76702305326398e-11]",0.5446972803209585,"[""instance_0001""]",2.161668252376181e-05
control,157,instance_0003,instance_0003,unique_observed_anchor,0.0,False,True,False,rack,117,37,False,"[0.0,0.0,0.0,0.0]","[0.25,0.25,0.25,0.25]","[0.25,0.25,0.25,0.25]","[0.25,0.25,0.25,0.25]",,[],0.0
control,158,instance_0000,instance_0000,unique_observed_anchor,0.0,False,True,False,rack,4096,1851,False,"[0.0,0.0,0.0,0.0]","[0.25,0.25,0.25,0.25]","[0.25,0.25,0.25,0.25]","[0.25,0.25,0.25,0.25]",,[],0.0
control,158,instance_0001,instance_0001,unique_observed_anchor,0.0,True,False,False,cabinet,4096,1919,False,"[0.0,0.0,0.0,-4.284206833589722]","[0.33180872195768124,0.33180872195768124,0.33180872195768124,0.004573834126956388]","[0.39279087515345384,0.3323615097452301,0.27193214433700647,0.002915470764309682]","[0.3865724716373743,0.33230514149088686,0.2780378113443994,0.0030845755273395093]",0.4445642396163834,"[""instance_0002""]",0.0062184035160795514
control,158,instance_0002,instance_0002,unique_observed_anchor,0.0,True,False,False,cabinet,4096,2315,False,"[-7.692908081036378,-9.738820339328724,0.0,-23.721001620985522]","[0.0004558152661770281,5.891969123127352e-05,0.9994852649927175,4.987423952198099e-11]","[0.0006582578573050952,7.199742770134283e-05,0.9992697446762109,3.87827106134246e-11]","[0.0006785628442901353,7.330912435242236e-05,0.9992481279936871,3.76702305326398e-11]",0.5446972803209585,"[""instance_0001""]",2.161668252376181e-05
control,158,instance_0003,instance_0003,unique_observed_anchor,0.0,False,True,False,rack,117,37,False,"[0.0,0.0,0.0,0.0]","[0.25,0.25,0.25,0.25]","[0.25,0.25,0.25,0.25]","[0.25,0.25,0.25,0.25]",,[],0.0
control,159,instance_0000,instance_0000,unique_observed_anchor,0.0,False,True,False,rack,4096,1851,False,"[0.0,0.0,0.0,0.0]","[0.25,0.25,0.25,0.25]","[0.25,0.25,0.25,0.25]","[0.25,0.25,0.25,0.25]",,[],0.0
control,159,instance_0001,instance_0001,unique_observed_anchor,0.0,True,False,False,cabinet,4096,1919,False,"[0.0,0.0,0.0,-4.284206833589722]","[0.33180872195768124,0.33180872195768124,0.33180872195768124,0.004573834126956388]","[0.39279087515345384,0.3323615097452301,0.27193214433700647,0.002915470764309682]","[0.3865724716373743,0.33230514149088686,0.2780378113443994,0.0030845755273395093]",0.4445642396163834,"[""instance_0002""]",0.0062184035160795514
control,159,instance_0002,instance_0002,unique_observed_anchor,0.0,True,False,False,cabinet,4096,2315,False,"[-7.692908081036378,-9.738820339328724,0.0,-23.721001620985522]","[0.0004558152661770281,5.891969123127352e-05,0.9994852649927175,4.987423952198099e-11]","[0.0006582578573050952,7.199742770134283e-05,0.9992697446762109,3.87827106134246e-11]","[0.0006785628442901353,7.330912435242236e-05,0.9992481279936871,3.76702305326398e-11]",0.5446972803209585,"[""instance_0001""]",2.161668252376181e-05
control,159,instance_0003,instance_0003,unique_observed_anchor,0.0,False,True,False,rack,117,37,False,"[0.0,0.0,0.0,0.0]","[0.25,0.25,0.25,0.25]","[0.25,0.25,0.25,0.25]","[0.25,0.25,0.25,0.25]",,[],0.0
control,160,instance_0000,instance_0000,unique_observed_anchor,0.0,False,True,False,rack,4096,1851,False,"[0.0,0.0,0.0,0.0]","[0.25,0.25,0.25,0.25]","[0.25,0.25,0.25,0.25]","[0.25,0.25,0.25,0.25]",,[],0.0
control,160,instance_0001,instance_0001,unique_observed_anchor,0.0,False,True,False,cabinet,4096,1919,False,"[0.0,0.0,0.0,-4.284206833589722]","[0.33180872195768124,0.33180872195768124,0.33180872195768124,0.004573834126956388]","[0.33180872195768124,0.33180872195768124,0.33180872195768124,0.004573834126956388]","[0.33180872195768124,0.33180872195768124,0.33180872195768124,0.004573834126956388]",,[],0.0
control,160,instance_0002,instance_0002,unique_observed_anchor,0.0,True,False,False,cabinet,4096,2315,False,"[-7.692908081036378,-9.738820339328724,0.0,-23.721001620985522]","[0.0004558152661770281,5.891969123127352e-05,0.9994852649927175,4.987423952198099e-11]","[0.0006582578573050952,7.199742770134283e-05,0.9992697446762109,3.87827106134246e-11]","[0.0006582578573050952,7.199742770134283e-05,0.9992697446762109,3.87827106134246e-11]",0.5,[],0.0
control,160,instance_0003,instance_0003,unique_observed_anchor,0.0,False,True,False,rack,117,37,False,"[0.0,0.0,0.0,0.0]","[0.25,0.25,0.25,0.25]","[0.25,0.25,0.25,0.25]","[0.25,0.25,0.25,0.25]",,[],0.0
new_ground,0,instance_0000,instance_0000,unique_observed_anchor,0.0,False,False,False,rack,85,0,False,"[0.0,0.0,0.0,0.0]","[0.25,0.25,0.25,0.25]","[0.25,0.25,0.25,0.25]","[0.25,0.25,0.25,0.25]",,[],0.0
new_ground,1,instance_0000,instance_0000,unique_observed_anchor,0.0,True,False,False,rack,301,18,False,"[0.0,0.0,0.0,0.0]","[0.25,0.25,0.25,0.25]","[0.19999999999999996,0.225,0.25,0.325]","[0.19999999999999996,0.225,0.25,0.325]",0.5,[],0.0
new_ground,2,instance_0000,instance_0000,unique_observed_anchor,0.0,True,False,False,rack,531,36,False,"[0.0,0.0,0.0,0.0]","[0.25,0.25,0.25,0.25]","[0.19999999999999996,0.225,0.25,0.325]","[0.19999999999999996,0.225,0.25,0.325]",0.5,[],0.0
new_ground,3,instance_0000,instance_0000,unique_observed_anchor,0.0,True,False,False,rack,752,57,False,"[0.0,0.0,0.0,0.0]","[0.25,0.25,0.25,0.25]","[0.19999999999999996,0.225,0.25,0.325]","[0.19999999999999996,0.225,0.25,0.325]",0.5,[],0.0
new_ground,4,instance_0000,instance_0000,unique_observed_anchor,0.0,True,False,False,rack,954,75,False,"[0.0,0.0,0.0,0.0]","[0.25,0.25,0.25,0.25]","[0.19999999999999996,0.225,0.25,0.325]","[0.19999999999999996,0.225,0.25,0.325]",0.5,[],0.0
new_ground,5,instance_0000,instance_0000,unique_observed_anchor,0.0,True,False,False,rack,1038,82,False,"[0.0,0.0,0.0,0.0]","[0.25,0.25,0.25,0.25]","[0.19999999999999996,0.225,0.25,0.325]","[0.19999999999999996,0.225,0.25,0.325]",0.5,[],0.0
new_ground,6,instance_0000,instance_0000,unique_observed_anchor,0.0,True,False,False,rack,1165,91,False,"[0.0,0.0,0.0,0.0]","[0.25,0.25,0.25,0.25]","[0.19999999999999996,0.225,0.25,0.325]","[0.19999999999999996,0.225,0.25,0.325]",0.5,[],0.0
new_ground,6,instance_0001,instance_0001,unique_observed_anchor,0.0,False,False,False,cabinet,447,0,False,"[0.0,0.0,0.0,0.0]","[0.25,0.25,0.25,0.25]","[0.25,0.25,0.25,0.25]","[0.25,0.25,0.25,0.25]",,[],0.0
new_ground,7,instance_0000,instance_0000,unique_observed_anchor,0.0,True,False,False,rack,1165,91,False,"[0.0,0.0,0.0,0.0]","[0.25,0.25,0.25,0.25]","[0.19999999999999996,0.225,0.25,0.325]","[0.19999999999999996,0.225,0.25,0.325]",0.5,[],0.0
new_ground,7,instance_0001,instance_0001,unique_observed_anchor,0.0,True,False,False,cabinet,946,52,False,"[0.0,0.0,0.0,0.0]","[0.25,0.25,0.25,0.25]","[0.325,0.275,0.225,0.175]","[0.325,0.275,0.225,0.175]",0.5,[],0.0
new_ground,8,instance_0000,instance_0000,unique_observed_anchor,0.0,True,False,False,rack,1165,91,False,"[0.0,0.0,0.0,0.0]","[0.25,0.25,0.25,0.25]","[0.19999999999999996,0.225,0.25,0.325]","[0.19999999999999996,0.225,0.25,0.325]",0.5,[],0.0
new_ground,8,instance_0001,instance_0001,unique_observed_anchor,0.0,True,False,False,cabinet,1206,84,True,"[0.0,-2.907235212996299,-2.112993151476054,-2.9734081457424075]","[0.8152411377106911,0.044533812449538496,0.09854278235346894,0.041682267486301536]","[0.863978311030067,0.03993520907966849,0.07230040522444642,0.023786074665818006]","[0.863978311030067,0.03993520907966849,0.07230040522444642,0.023786074665818006]",0.5,[],0.0
new_ground,9,instance_0000,instance_0000,unique_observed_anchor,0.0,True,False,False,rack,1165,91,False,"[0.0,0.0,0.0,0.0]","[0.25,0.25,0.25,0.25]","[0.19999999999999996,0.225,0.25,0.325]","[0.19999999999999996,0.225,0.25,0.325]",0.5,[],0.0
new_ground,9,instance_0001,instance_0001,unique_observed_anchor,0.0,True,False,False,cabinet,1307,99,False,"[0.0,-2.907235212996299,-2.112993151476054,-2.9734081457424075]","[0.8152411377106911,0.044533812449538496,0.09854278235346894,0.041682267486301536]","[0.863978311030067,0.03993520907966849,0.07230040522444642,0.023786074665818006]","[0.863978311030067,0.03993520907966849,0.07230040522444642,0.023786074665818006]",0.5,[],0.0
new_ground,10,instance_0000,instance_0000,unique_observed_anchor,0.0,True,False,False,rack,1165,91,False,"[0.0,0.0,0.0,0.0]","[0.25,0.25,0.25,0.25]","[0.19999999999999996,0.225,0.25,0.325]","[0.19999999999999996,0.225,0.25,0.325]",0.5,[],0.0
new_ground,10,instance_0001,instance_0001,unique_observed_anchor,0.0,True,False,False,cabinet,1336,99,False,"[0.0,-2.907235212996299,-2.112993151476054,-2.9734081457424075]","[0.8152411377106911,0.044533812449538496,0.09854278235346894,0.041682267486301536]","[0.863978311030067,0.03993520907966849,0.07230040522444642,0.023786074665818006]","[0.863978311030067,0.03993520907966849,0.07230040522444642,0.023786074665818006]",0.5,[],0.0
new_ground,11,instance_0000,instance_0000,unique_observed_anchor,0.0,True,False,False,rack,1165,91,False,"[0.0,0.0,0.0,0.0]","[0.25,0.25,0.25,0.25]","[0.19999999999999996,0.225,0.25,0.325]","[0.19999999999999996,0.225,0.25,0.325]",0.5,[],0.0
new_ground,11,instance_0001,instance_0001,unique_observed_anchor,0.0,True,False,False,cabinet,1337,99,False,"[0.0,-2.907235212996299,-2.112993151476054,-2.9734081457424075]","[0.8152411377106911,0.044533812449538496,0.09854278235346894,0.041682267486301536]","[0.863978311030067,0.03993520907966849,0.07230040522444642,0.023786074665818006]","[0.863978311030067,0.03993520907966849,0.07230040522444642,0.023786074665818006]",0.5,[],0.0
new_ground,12,instance_0000,instance_0000,unique_observed_anchor,0.0,True,False,False,rack,1165,91,False,"[0.0,0.0,0.0,0.0]","[0.25,0.25,0.25,0.25]","[0.19999999999999996,0.225,0.25,0.325]","[0.19999999999999996,0.225,0.25,0.325]",0.5,[],0.0
new_ground,12,instance_0001,instance_0001,unique_observed_anchor,0.0,True,False,False,cabinet,1339,99,False,"[0.0,-2.907235212996299,-2.112993151476054,-2.9734081457424075]","[0.8152411377106911,0.044533812449538496,0.09854278235346894,0.041682267486301536]","[0.863978311030067,0.03993520907966849,0.07230040522444642,0.023786074665818006]","[0.863978311030067,0.03993520907966849,0.07230040522444642,0.023786074665818006]",0.5,[],0.0
new_ground,13,instance_0000,instance_0000,unique_observed_anchor,0.0,True,False,False,rack,1165,91,False,"[0.0,0.0,0.0,0.0]","[0.25,0.25,0.25,0.25]","[0.19999999999999996,0.225,0.25,0.325]","[0.19999999999999996,0.225,0.25,0.325]",0.5,[],0.0
new_ground,13,instance_0001,instance_0001,unique_observed_anchor,0.0,True,False,False,cabinet,1339,99,False,"[0.0,-2.907235212996299,-2.112993151476054,-2.9734081457424075]","[0.8152411377106911,0.044533812449538496,0.09854278235346894,0.041682267486301536]","[0.863978311030067,0.03993520907966849,0.07230040522444642,0.023786074665818006]","[0.863978311030067,0.03993520907966849,0.07230040522444642,0.023786074665818006]",0.5,[],0.0
new_ground,14,instance_0000,instance_0000,unique_observed_anchor,0.0,True,False,False,rack,1165,91,False,"[0.0,0.0,0.0,0.0]","[0.25,0.25,0.25,0.25]","[0.19999999999999996,0.225,0.25,0.325]","[0.19999999999999996,0.225,0.25,0.325]",0.5,[],0.0
new_ground,14,instance_0001,instance_0001,unique_observed_anchor,0.0,True,False,False,cabinet,1339,99,False,"[0.0,-2.907235212996299,-2.112993151476054,-2.9734081457424075]","[0.8152411377106911,0.044533812449538496,0.09854278235346894,0.041682267486301536]","[0.863978311030067,0.03993520907966849,0.07230040522444642,0.023786074665818006]","[0.863978311030067,0.03993520907966849,0.07230040522444642,0.023786074665818006]",0.5,[],0.0
new_ground,15,instance_0000,instance_0000,unique_observed_anchor,0.0,True,False,False,rack,1165,91,False,"[0.0,0.0,0.0,0.0]","[0.25,0.25,0.25,0.25]","[0.19999999999999996,0.225,0.25,0.325]","[0.19999999999999996,0.225,0.25,0.325]",0.5,[],0.0
new_ground,15,instance_0001,instance_0001,unique_observed_anchor,0.0,True,False,False,cabinet,1339,99,False,"[0.0,-2.907235212996299,-2.112993151476054,-2.9734081457424075]","[0.8152411377106911,0.044533812449538496,0.09854278235346894,0.041682267486301536]","[0.863978311030067,0.03993520907966849,0.07230040522444642,0.023786074665818006]","[0.863978311030067,0.03993520907966849,0.07230040522444642,0.023786074665818006]",0.5,[],0.0
new_ground,16,instance_0000,instance_0000,unique_observed_anchor,0.0,True,False,False,rack,1165,91,False,"[0.0,0.0,0.0,0.0]","[0.25,0.25,0.25,0.25]","[0.19999999999999996,0.225,0.25,0.325]","[0.19999999999999996,0.225,0.25,0.325]",0.5,[],0.0
new_ground,16,instance_0001,instance_0001,unique_observed_anchor,0.0,True,False,False,cabinet,1339,99,False,"[0.0,-2.907235212996299,-2.112993151476054,-2.9734081457424075]","[0.8152411377106911,0.044533812449538496,0.09854278235346894,0.041682267486301536]","[0.863978311030067,0.03993520907966849,0.07230040522444642,0.023786074665818006]","[0.863978311030067,0.03993520907966849,0.07230040522444642,0.023786074665818006]",0.5,[],0.0
new_ground,17,instance_0000,instance_0000,unique_observed_anchor,0.0,True,False,False,rack,1165,91,False,"[0.0,0.0,0.0,0.0]","[0.25,0.25,0.25,0.25]","[0.19999999999999996,0.225,0.25,0.325]","[0.19999999999999996,0.225,0.25,0.325]",0.5,[],0.0
new_ground,17,instance_0001,instance_0001,unique_observed_anchor,0.0,True,False,False,cabinet,1339,99,False,"[0.0,-2.907235212996299,-2.112993151476054,-2.9734081457424075]","[0.8152411377106911,0.044533812449538496,0.09854278235346894,0.041682267486301536]","[0.863978311030067,0.03993520907966849,0.07230040522444642,0.023786074665818006]","[0.863978311030067,0.03993520907966849,0.07230040522444642,0.023786074665818006]",0.5,[],0.0
new_ground,18,instance_0000,instance_0000,unique_observed_anchor,0.0,True,False,False,rack,1165,91,False,"[0.0,0.0,0.0,0.0]","[0.25,0.25,0.25,0.25]","[0.19999999999999996,0.225,0.25,0.325]","[0.19999999999999996,0.225,0.25,0.325]",0.5,[],0.0
new_ground,18,instance_0001,instance_0001,unique_observed_anchor,0.0,True,False,False,cabinet,1339,99,False,"[0.0,-2.907235212996299,-2.112993151476054,-2.9734081457424075]","[0.8152411377106911,0.044533812449538496,0.09854278235346894,0.041682267486301536]","[0.863978311030067,0.03993520907966849,0.07230040522444642,0.023786074665818006]","[0.863978311030067,0.03993520907966849,0.07230040522444642,0.023786074665818006]",0.5,[],0.0
new_ground,19,instance_0000,instance_0000,unique_observed_anchor,0.0,True,False,False,rack,1165,91,False,"[0.0,0.0,0.0,0.0]","[0.25,0.25,0.25,0.25]","[0.19999999999999996,0.225,0.25,0.325]","[0.19999999999999996,0.225,0.25,0.325]",0.5,[],0.0
new_ground,19,instance_0001,instance_0001,unique_observed_anchor,0.0,True,False,False,cabinet,1339,99,False,"[0.0,-2.907235212996299,-2.112993151476054,-2.9734081457424075]","[0.8152411377106911,0.044533812449538496,0.09854278235346894,0.041682267486301536]","[0.863978311030067,0.03993520907966849,0.07230040522444642,0.023786074665818006]","[0.863978311030067,0.03993520907966849,0.07230040522444642,0.023786074665818006]",0.5,[],0.0
new_ground,20,instance_0000,instance_0000,unique_observed_anchor,0.0,True,False,False,rack,1165,91,False,"[0.0,0.0,0.0,0.0]","[0.25,0.25,0.25,0.25]","[0.19999999999999996,0.225,0.25,0.325]","[0.19999999999999996,0.225,0.25,0.325]",0.5,[],0.0
new_ground,20,instance_0001,instance_0001,unique_observed_anchor,0.0,True,False,False,cabinet,1339,99,False,"[0.0,-2.907235212996299,-2.112993151476054,-2.9734081457424075]","[0.8152411377106911,0.044533812449538496,0.09854278235346894,0.041682267486301536]","[0.863978311030067,0.03993520907966849,0.07230040522444642,0.023786074665818006]","[0.863978311030067,0.03993520907966849,0.07230040522444642,0.023786074665818006]",0.5,[],0.0
new_ground,21,instance_0000,instance_0000,unique_observed_anchor,0.0,True,False,False,rack,1165,91,False,"[0.0,0.0,0.0,0.0]","[0.25,0.25,0.25,0.25]","[0.19999999999999996,0.225,0.25,0.325]","[0.19999999999999996,0.225,0.25,0.325]",0.5,[],0.0
new_ground,21,instance_0001,instance_0001,unique_observed_anchor,0.0,True,False,False,cabinet,1339,99,False,"[0.0,-2.907235212996299,-2.112993151476054,-2.9734081457424075]","[0.8152411377106911,0.044533812449538496,0.09854278235346894,0.041682267486301536]","[0.863978311030067,0.03993520907966849,0.07230040522444642,0.023786074665818006]","[0.863978311030067,0.03993520907966849,0.07230040522444642,0.023786074665818006]",0.5,[],0.0
new_ground,22,instance_0000,instance_0000,unique_observed_anchor,0.0,True,False,False,rack,1165,91,False,"[0.0,0.0,0.0,0.0]","[0.25,0.25,0.25,0.25]","[0.19999999999999996,0.225,0.25,0.325]","[0.19999999999999996,0.225,0.25,0.325]",0.5,[],0.0
new_ground,22,instance_0001,instance_0001,unique_observed_anchor,0.0,True,False,False,cabinet,1339,99,False,"[0.0,-2.907235212996299,-2.112993151476054,-2.9734081457424075]","[0.8152411377106911,0.044533812449538496,0.09854278235346894,0.041682267486301536]","[0.863978311030067,0.03993520907966849,0.07230040522444642,0.023786074665818006]","[0.863978311030067,0.03993520907966849,0.07230040522444642,0.023786074665818006]",0.5,[],0.0
new_ground,23,instance_0000,instance_0000,unique_observed_anchor,0.0,True,False,False,rack,1213,96,False,"[0.0,0.0,0.0,0.0]","[0.25,0.25,0.25,0.25]","[0.19999999999999996,0.225,0.25,0.325]","[0.19999999999999996,0.225,0.25,0.325]",0.5,[],0.0
new_ground,23,instance_0001,instance_0001,unique_observed_anchor,0.0,True,False,False,cabinet,1674,121,True,"[0.0,-4.687415130804237,-3.3844442795822642,-5.7044289107133785]","[0.955622682471094,0.008801727602934146,0.03239223948218282,0.0031833504437889055]","[0.9680036363103471,0.007544106242824023,0.022715937805169752,0.001736319641659179]","[0.9680036363103471,0.007544106242824023,0.022715937805169752,0.001736319641659179]",0.5,[],0.0
new_ground,24,instance_0000,instance_0000,unique_observed_anchor,0.0,True,False,False,rack,1245,98,False,"[0.0,0.0,0.0,0.0]","[0.25,0.25,0.25,0.25]","[0.19999999999999996,0.225,0.25,0.325]","[0.19999999999999996,0.225,0.25,0.325]",0.5,[],0.0
new_ground,24,instance_0001,instance_0001,unique_observed_anchor,0.0,True,False,False,cabinet,2004,150,True,"[0.0,-5.8272853582631186,-4.215058886728593,-8.334501073733357]","[0.9823591823342924,0.0028940926706352726,0.01451087140938905,0.00023585358568343592]","[0.9873144980403612,0.002461200369753601,0.010096662888682337,0.00012763870120273028]","[0.9873144980403612,0.002461200369753601,0.010096662888682337,0.00012763870120273028]",0.5,[],0.0
new_ground,25,instance_0000,instance_0000,unique_observed_anchor,0.0,True,False,False,rack,1283,103,False,"[0.0,0.0,0.0,0.0]","[0.25,0.25,0.25,0.25]","[0.19999999999999996,0.225,0.25,0.325]","[0.19999999999999996,0.225,0.25,0.325]",0.5,[],0.0
new_ground,25,instance_0001,instance_0001,unique_observed_anchor,0.0,True,False,False,cabinet,2117,160,False,"[0.0,-5.8272853582631186,-4.215058886728593,-8.334501073733357]","[0.9823591823342924,0.0028940926706352726,0.01451087140938905,0.00023585358568343592]","[0.9873144980403612,0.002461200369753601,0.010096662888682337,0.00012763870120273028]","[0.9873144980403612,0.002461200369753601,0.010096662888682337,0.00012763870120273028]",0.5,[],0.0
new_ground,26,instance_0000,instance_0000,unique_observed_anchor,0.0,True,False,False,rack,1306,103,False,"[0.0,0.0,0.0,0.0]","[0.25,0.25,0.25,0.25]","[0.19999999999999996,0.225,0.25,0.325]","[0.19999999999999996,0.225,0.25,0.325]",0.5,[],0.0
new_ground,26,instance_0001,instance_0001,unique_observed_anchor,0.0,True,False,False,cabinet,2178,165,False,"[0.0,-5.8272853582631186,-4.215058886728593,-8.334501073733357]","[0.9823591823342924,0.0028940926706352726,0.01451087140938905,0.00023585358568343592]","[0.9873144980403612,0.002461200369753601,0.010096662888682337,0.00012763870120273028]","[0.9873144980403612,0.002461200369753601,0.010096662888682337,0.00012763870120273028]",0.5,[],0.0
new_ground,27,instance_0000,instance_0000,unique_observed_anchor,0.0,True,False,False,rack,1306,103,False,"[0.0,0.0,0.0,0.0]","[0.25,0.25,0.25,0.25]","[0.19999999999999996,0.225,0.25,0.325]","[0.19999999999999996,0.225,0.25,0.325]",0.5,[],0.0
new_ground,27,instance_0001,instance_0001,unique_observed_anchor,0.0,True,False,False,cabinet,2233,168,False,"[0.0,-5.8272853582631186,-4.215058886728593,-8.334501073733357]","[0.9823591823342924,0.0028940926706352726,0.01451087140938905,0.00023585358568343592]","[0.9873144980403612,0.002461200369753601,0.010096662888682337,0.00012763870120273028]","[0.9873144980403612,0.002461200369753601,0.010096662888682337,0.00012763870120273028]",0.5,[],0.0
new_ground,28,instance_0000,instance_0000,unique_observed_anchor,0.0,True,False,False,rack,1306,103,False,"[0.0,0.0,0.0,0.0]","[0.25,0.25,0.25,0.25]","[0.19999999999999996,0.225,0.25,0.325]","[0.19999999999999996,0.225,0.25,0.325]",0.5,[],0.0
new_ground,28,instance_0001,instance_0001,unique_observed_anchor,0.0,True,False,False,cabinet,2270,170,False,"[0.0,-5.8272853582631186,-4.215058886728593,-8.334501073733357]","[0.9823591823342924,0.0028940926706352726,0.01451087140938905,0.00023585358568343592]","[0.9873144980403612,0.002461200369753601,0.010096662888682337,0.00012763870120273028]","[0.9873144980403612,0.002461200369753601,0.010096662888682337,0.00012763870120273028]",0.5,[],0.0
new_ground,29,instance_0000,instance_0000,unique_observed_anchor,0.0,True,False,False,rack,1306,103,False,"[0.0,0.0,0.0,0.0]","[0.25,0.25,0.25,0.25]","[0.19999999999999996,0.225,0.25,0.325]","[0.19999999999999996,0.225,0.25,0.325]",0.5,[],0.0
new_ground,29,instance_0001,instance_0001,unique_observed_anchor,0.0,True,False,False,cabinet,2290,170,False,"[0.0,-5.8272853582631186,-4.215058886728593,-8.334501073733357]","[0.9823591823342924,0.0028940926706352726,0.01451087140938905,0.00023585358568343592]","[0.9873144980403612,0.002461200369753601,0.010096662888682337,0.00012763870120273028]","[0.9873144980403612,0.002461200369753601,0.010096662888682337,0.00012763870120273028]",0.5,[],0.0
new_ground,30,instance_0000,instance_0000,unique_observed_anchor,0.0,True,False,False,rack,1306,103,False,"[0.0,0.0,0.0,0.0]","[0.25,0.25,0.25,0.25]","[0.19999999999999996,0.225,0.25,0.325]","[0.19999999999999996,0.225,0.25,0.325]",0.5,[],0.0
new_ground,30,instance_0001,instance_0001,unique_observed_anchor,0.0,True,False,False,cabinet,2290,170,False,"[0.0,-5.8272853582631186,-4.215058886728593,-8.334501073733357]","[0.9823591823342924,0.0028940926706352726,0.01451087140938905,0.00023585358568343592]","[0.9873144980403612,0.002461200369753601,0.010096662888682337,0.00012763870120273028]","[0.9873144980403612,0.002461200369753601,0.010096662888682337,0.00012763870120273028]",0.5,[],0.0
new_ground,31,instance_0000,instance_0000,unique_observed_anchor,0.0,True,False,False,rack,1306,103,False,"[0.0,0.0,0.0,0.0]","[0.25,0.25,0.25,0.25]","[0.19999999999999996,0.225,0.25,0.325]","[0.19999999999999996,0.225,0.25,0.325]",0.5,[],0.0
new_ground,31,instance_0001,instance_0001,unique_observed_anchor,0.0,True,False,False,cabinet,2290,170,False,"[0.0,-5.8272853582631186,-4.215058886728593,-8.334501073733357]","[0.9823591823342924,0.0028940926706352726,0.01451087140938905,0.00023585358568343592]","[0.9873144980403612,0.002461200369753601,0.010096662888682337,0.00012763870120273028]","[0.9873144980403612,0.002461200369753601,0.010096662888682337,0.00012763870120273028]",0.5,[],0.0
new_ground,32,instance_0000,instance_0000,unique_observed_anchor,0.0,True,False,False,rack,1306,103,False,"[0.0,0.0,0.0,0.0]","[0.25,0.25,0.25,0.25]","[0.19999999999999996,0.225,0.25,0.325]","[0.19999999999999996,0.225,0.25,0.325]",0.5,[],0.0
new_ground,32,instance_0001,instance_0001,unique_observed_anchor,0.0,True,False,False,cabinet,2290,170,False,"[0.0,-5.8272853582631186,-4.215058886728593,-8.334501073733357]","[0.9823591823342924,0.0028940926706352726,0.01451087140938905,0.00023585358568343592]","[0.9873144980403612,0.002461200369753601,0.010096662888682337,0.00012763870120273028]","[0.9873144980403612,0.002461200369753601,0.010096662888682337,0.00012763870120273028]",0.5,[],0.0
new_ground,33,instance_0000,instance_0000,unique_observed_anchor,0.0,True,False,False,rack,1306,103,False,"[0.0,0.0,0.0,0.0]","[0.25,0.25,0.25,0.25]","[0.19999999999999996,0.225,0.25,0.325]","[0.19999999999999996,0.225,0.25,0.325]",0.5,[],0.0
new_ground,33,instance_0001,instance_0001,unique_observed_anchor,0.0,True,False,False,cabinet,2290,170,False,"[0.0,-5.8272853582631186,-4.215058886728593,-8.334501073733357]","[0.9823591823342924,0.0028940926706352726,0.01451087140938905,0.00023585358568343592]","[0.9873144980403612,0.002461200369753601,0.010096662888682337,0.00012763870120273028]","[0.9873144980403612,0.002461200369753601,0.010096662888682337,0.00012763870120273028]",0.5,[],0.0
new_ground,34,instance_0000,instance_0000,unique_observed_anchor,0.0,True,False,False,rack,1306,103,False,"[0.0,0.0,0.0,0.0]","[0.25,0.25,0.25,0.25]","[0.19999999999999996,0.225,0.25,0.325]","[0.19999999999999996,0.225,0.25,0.325]",0.5,[],0.0
new_ground,34,instance_0001,instance_0001,unique_observed_anchor,0.0,True,False,False,cabinet,2290,170,False,"[0.0,-5.8272853582631186,-4.215058886728593,-8.334501073733357]","[0.9823591823342924,0.0028940926706352726,0.01451087140938905,0.00023585358568343592]","[0.9873144980403612,0.002461200369753601,0.010096662888682337,0.00012763870120273028]","[0.9873144980403612,0.002461200369753601,0.010096662888682337,0.00012763870120273028]",0.5,[],0.0
new_ground,35,instance_0000,instance_0000,unique_observed_anchor,0.0,True,False,False,rack,1306,103,False,"[0.0,0.0,0.0,0.0]","[0.25,0.25,0.25,0.25]","[0.19999999999999996,0.225,0.25,0.325]","[0.19999999999999996,0.225,0.25,0.325]",0.5,[],0.0
new_ground,35,instance_0001,instance_0001,unique_observed_anchor,0.0,True,False,False,cabinet,2290,170,False,"[0.0,-5.8272853582631186,-4.215058886728593,-8.334501073733357]","[0.9823591823342924,0.0028940926706352726,0.01451087140938905,0.00023585358568343592]","[0.9873144980403612,0.002461200369753601,0.010096662888682337,0.00012763870120273028]","[0.9873144980403612,0.002461200369753601,0.010096662888682337,0.00012763870120273028]",0.5,[],0.0
new_ground,36,instance_0000,instance_0000,unique_observed_anchor,0.0,True,False,False,rack,1306,103,False,"[0.0,0.0,0.0,0.0]","[0.25,0.25,0.25,0.25]","[0.19999999999999996,0.225,0.25,0.325]","[0.19999999999999996,0.225,0.25,0.325]",0.5,[],0.0
new_ground,36,instance_0001,instance_0001,unique_observed_anchor,0.0,True,False,False,cabinet,2290,170,False,"[0.0,-5.8272853582631186,-4.215058886728593,-8.334501073733357]","[0.9823591823342924,0.0028940926706352726,0.01451087140938905,0.00023585358568343592]","[0.9873144980403612,0.002461200369753601,0.010096662888682337,0.00012763870120273028]","[0.9873144980403612,0.002461200369753601,0.010096662888682337,0.00012763870120273028]",0.5,[],0.0
new_ground,37,instance_0000,instance_0000,unique_observed_anchor,0.0,True,False,False,rack,1306,103,False,"[0.0,0.0,0.0,0.0]","[0.25,0.25,0.25,0.25]","[0.19999999999999996,0.225,0.25,0.325]","[0.19999999999999996,0.225,0.25,0.325]",0.5,[],0.0
new_ground,37,instance_0001,instance_0001,unique_observed_anchor,0.0,True,False,False,cabinet,2290,170,False,"[0.0,-5.8272853582631186,-4.215058886728593,-8.334501073733357]","[0.9823591823342924,0.0028940926706352726,0.01451087140938905,0.00023585358568343592]","[0.9873144980403612,0.002461200369753601,0.010096662888682337,0.00012763870120273028]","[0.9873144980403612,0.002461200369753601,0.010096662888682337,0.00012763870120273028]",0.5,[],0.0
new_ground,38,instance_0000,instance_0000,unique_observed_anchor,0.0,True,False,False,rack,1306,103,False,"[0.0,0.0,0.0,0.0]","[0.25,0.25,0.25,0.25]","[0.19999999999999996,0.225,0.25,0.325]","[0.19999999999999996,0.225,0.25,0.325]",0.5,[],0.0
new_ground,38,instance_0001,instance_0001,unique_observed_anchor,0.0,True,False,False,cabinet,2290,170,False,"[0.0,-5.8272853582631186,-4.215058886728593,-8.334501073733357]","[0.9823591823342924,0.0028940926706352726,0.01451087140938905,0.00023585358568343592]","[0.9873144980403612,0.002461200369753601,0.010096662888682337,0.00012763870120273028]","[0.9873144980403612,0.002461200369753601,0.010096662888682337,0.00012763870120273028]",0.5,[],0.0
new_ground,39,instance_0000,instance_0000,unique_observed_anchor,0.0,True,False,False,rack,1306,103,False,"[0.0,0.0,0.0,0.0]","[0.25,0.25,0.25,0.25]","[0.19999999999999996,0.225,0.25,0.325]","[0.19999999999999996,0.225,0.25,0.325]",0.5,[],0.0
new_ground,39,instance_0001,instance_0001,unique_observed_anchor,0.0,True,False,False,cabinet,2527,178,True,"[0.0,-5.8272853582631186,-4.215058886728593,-11.175423955787704]","[0.9825773994059765,0.0028947355520162633,0.014514094792366969,1.3770249640187583e-05]","[0.9874331758605216,0.002461496212563,0.01009787653432909,7.4513925863018355e-06]","[0.9874331758605216,0.002461496212563,0.01009787653432909,7.4513925863018355e-06]",0.5,[],0.0
new_ground,40,instance_0000,instance_0000,unique_observed_anchor,0.0,True,False,False,rack,1306,103,False,"[0.0,0.0,0.0,0.0]","[0.25,0.25,0.25,0.25]","[0.19999999999999996,0.225,0.25,0.325]","[0.19999999999999996,0.225,0.25,0.325]",0.5,[],0.0
new_ground,40,instance_0001,instance_0001,unique_observed_anchor,0.0,True,False,False,cabinet,2763,192,True,"[0.0,-5.8272853582631186,-4.215058886728593,-13.87222381484021]","[0.9825900176763339,0.0028947727262437894,0.014514281182540612,9.28414881735189e-07]","[0.9874400375939925,0.002461513317650577,0.010097946705090103,5.023832668778897e-07]","[0.9874400375939925,0.002461513317650577,0.010097946705090103,5.023832668778897e-07]",0.5,[],0.0
new_ground,41,instance_0000,instance_0000,unique_observed_anchor,0.0,True,False,False,rack,1306,103,False,"[0.0,0.0,0.0,0.0]","[0.25,0.25,0.25,0.25]","[0.19999999999999996,0.225,0.25,0.325]","[0.19999999999999996,0.225,0.25,0.325]",0.5,[],0.0
new_ground,41,instance_0001,instance_0001,unique_observed_anchor,0.0,True,False,False,cabinet,2984,207,True,"[0.0,-5.8272853582631186,-4.215058886728593,-17.777608428458063]","[0.9825909115617977,0.002894775359687255,0.014514294386526743,1.869198831717535e-08]","[0.9874405236800349,0.002461514529377084,0.01009795167599544,1.0114592538145966e-08]","[0.9874405236800349,0.002461514529377084,0.01009795167599544,1.0114592538145966e-08]",0.5,[],0.0
new_ground,42,instance_0000,instance_0000,unique_observed_anchor,0.0,True,False,False,rack,1312,104,False,"[0.0,0.0,0.0,0.0]","[0.25,0.25,0.25,0.25]","[0.19999999999999996,0.225,0.25,0.325]","[0.19999999999999996,0.225,0.25,0.325]",0.5,[],0.0
new_ground,42,instance_0001,instance_0001,unique_observed_anchor,0.0,True,False,False,cabinet,3038,210,False,"[0.0,-5.8272853582631186,-4.215058886728593,-17.777608428458063]","[0.9825909115617977,0.002894775359687255,0.014514294386526743,1.869198831717535e-08]","[0.9874405236800349,0.002461514529377084,0.01009795167599544,1.0114592538145966e-08]","[0.9874405236800349,0.002461514529377084,0.01009795167599544,1.0114592538145966e-08]",0.5,[],0.0
new_ground,43,instance_0000,instance_0000,unique_observed_anchor,0.0,True,False,False,rack,1322,105,False,"[0.0,0.0,0.0,0.0]","[0.25,0.25,0.25,0.25]","[0.19999999999999996,0.225,0.25,0.325]","[0.19999999999999996,0.225,0.25,0.325]",0.5,[],0.0
new_ground,43,instance_0001,instance_0001,unique_observed_anchor,0.0,True,False,False,cabinet,3051,210,False,"[0.0,-5.8272853582631186,-4.215058886728593,-17.777608428458063]","[0.9825909115617977,0.002894775359687255,0.014514294386526743,1.869198831717535e-08]","[0.9874405236800349,0.002461514529377084,0.01009795167599544,1.0114592538145966e-08]","[0.9874405236800349,0.002461514529377084,0.01009795167599544,1.0114592538145966e-08]",0.5,[],0.0
new_ground,44,instance_0000,instance_0000,unique_observed_anchor,0.0,True,False,False,rack,1322,105,False,"[0.0,0.0,0.0,0.0]","[0.25,0.25,0.25,0.25]","[0.19999999999999996,0.225,0.25,0.325]","[0.19999999999999996,0.225,0.25,0.325]",0.5,[],0.0
new_ground,44,instance_0001,instance_0001,unique_observed_anchor,0.0,True,False,False,cabinet,3053,210,False,"[0.0,-5.8272853582631186,-4.215058886728593,-17.777608428458063]","[0.9825909115617977,0.002894775359687255,0.014514294386526743,1.869198831717535e-08]","[0.9874405236800349,0.002461514529377084,0.01009795167599544,1.0114592538145966e-08]","[0.9874405236800349,0.002461514529377084,0.01009795167599544,1.0114592538145966e-08]",0.5,[],0.0
new_ground,45,instance_0000,instance_0000,unique_observed_anchor,0.0,True,False,False,rack,1322,105,False,"[0.0,0.0,0.0,0.0]","[0.25,0.25,0.25,0.25]","[0.19999999999999996,0.225,0.25,0.325]","[0.19999999999999996,0.225,0.25,0.325]",0.5,[],0.0
new_ground,45,instance_0001,instance_0001,unique_observed_anchor,0.0,True,False,False,cabinet,3053,210,False,"[0.0,-5.8272853582631186,-4.215058886728593,-17.777608428458063]","[0.9825909115617977,0.002894775359687255,0.014514294386526743,1.869198831717535e-08]","[0.9874405236800349,0.002461514529377084,0.01009795167599544,1.0114592538145966e-08]","[0.9874405236800349,0.002461514529377084,0.01009795167599544,1.0114592538145966e-08]",0.5,[],0.0
new_ground,46,instance_0000,instance_0000,unique_observed_anchor,0.0,True,False,False,rack,1322,105,False,"[0.0,0.0,0.0,0.0]","[0.25,0.25,0.25,0.25]","[0.19999999999999996,0.225,0.25,0.325]","[0.19999999999999996,0.225,0.25,0.325]",0.5,[],0.0
new_ground,46,instance_0001,instance_0001,unique_observed_anchor,0.0,True,False,False,cabinet,3053,210,False,"[0.0,-5.8272853582631186,-4.215058886728593,-17.777608428458063]","[0.9825909115617977,0.002894775359687255,0.014514294386526743,1.869198831717535e-08]","[0.9874405236800349,0.002461514529377084,0.01009795167599544,1.0114592538145966e-08]","[0.9874405236800349,0.002461514529377084,0.01009795167599544,1.0114592538145966e-08]",0.5,[],0.0
new_ground,47,instance_0000,instance_0000,unique_observed_anchor,0.0,True,False,False,rack,1322,105,False,"[0.0,0.0,0.0,0.0]","[0.25,0.25,0.25,0.25]","[0.19999999999999996,0.225,0.25,0.325]","[0.19999999999999996,0.225,0.25,0.325]",0.5,[],0.0
new_ground,47,instance_0001,instance_0001,unique_observed_anchor,0.0,True,False,False,cabinet,3053,210,False,"[0.0,-5.8272853582631186,-4.215058886728593,-17.777608428458063]","[0.9825909115617977,0.002894775359687255,0.014514294386526743,1.869198831717535e-08]","[0.9874405236800349,0.002461514529377084,0.01009795167599544,1.0114592538145966e-08]","[0.9874405236800349,0.002461514529377084,0.01009795167599544,1.0114592538145966e-08]",0.5,[],0.0
new_ground,48,instance_0000,instance_0000,unique_observed_anchor,0.0,True,False,False,rack,1322,105,False,"[0.0,0.0,0.0,0.0]","[0.25,0.25,0.25,0.25]","[0.19999999999999996,0.225,0.25,0.325]","[0.19999999999999996,0.225,0.25,0.325]",0.5,[],0.0
new_ground,48,instance_0001,instance_0001,unique_observed_anchor,0.0,True,False,False,cabinet,3053,210,False,"[0.0,-5.8272853582631186,-4.215058886728593,-17.777608428458063]","[0.9825909115617977,0.002894775359687255,0.014514294386526743,1.869198831717535e-08]","[0.9874405236800349,0.002461514529377084,0.01009795167599544,1.0114592538145966e-08]","[0.9874405236800349,0.002461514529377084,0.01009795167599544,1.0114592538145966e-08]",0.5,[],0.0
new_ground,49,instance_0000,instance_0000,unique_observed_anchor,0.0,True,False,False,rack,1322,105,False,"[0.0,0.0,0.0,0.0]","[0.25,0.25,0.25,0.25]","[0.19999999999999996,0.225,0.25,0.325]","[0.19999999999999996,0.225,0.25,0.325]",0.5,[],0.0
new_ground,49,instance_0001,instance_0001,unique_observed_anchor,0.0,True,False,False,cabinet,3053,210,False,"[0.0,-5.8272853582631186,-4.215058886728593,-17.777608428458063]","[0.9825909115617977,0.002894775359687255,0.014514294386526743,1.869198831717535e-08]","[0.9874405236800349,0.002461514529377084,0.01009795167599544,1.0114592538145966e-08]","[0.9874405236800349,0.002461514529377084,0.01009795167599544,1.0114592538145966e-08]",0.5,[],0.0
new_ground,50,instance_0000,instance_0000,unique_observed_anchor,0.0,True,False,False,rack,1322,105,False,"[0.0,0.0,0.0,0.0]","[0.25,0.25,0.25,0.25]","[0.19999999999999996,0.225,0.25,0.325]","[0.19999999999999996,0.225,0.25,0.325]",0.5,[],0.0
new_ground,50,instance_0001,instance_0001,unique_observed_anchor,0.0,True,False,False,cabinet,3053,210,False,"[0.0,-5.8272853582631186,-4.215058886728593,-17.777608428458063]","[0.9825909115617977,0.002894775359687255,0.014514294386526743,1.869198831717535e-08]","[0.9874405236800349,0.002461514529377084,0.01009795167599544,1.0114592538145966e-08]","[0.9874405236800349,0.002461514529377084,0.01009795167599544,1.0114592538145966e-08]",0.5,[],0.0
new_ground,51,instance_0000,instance_0000,unique_observed_anchor,0.0,True,False,False,rack,1322,105,False,"[0.0,0.0,0.0,0.0]","[0.25,0.25,0.25,0.25]","[0.19999999999999996,0.225,0.25,0.325]","[0.19999999999999996,0.225,0.25,0.325]",0.5,[],0.0
new_ground,51,instance_0001,instance_0001,unique_observed_anchor,0.0,True,False,False,cabinet,3053,210,False,"[0.0,-5.8272853582631186,-4.215058886728593,-17.777608428458063]","[0.9825909115617977,0.002894775359687255,0.014514294386526743,1.869198831717535e-08]","[0.9874405236800349,0.002461514529377084,0.01009795167599544,1.0114592538145966e-08]","[0.9874405236800349,0.002461514529377084,0.01009795167599544,1.0114592538145966e-08]",0.5,[],0.0
new_ground,52,instance_0000,instance_0000,unique_observed_anchor,0.0,True,False,False,rack,1322,105,False,"[0.0,0.0,0.0,0.0]","[0.25,0.25,0.25,0.25]","[0.19999999999999996,0.225,0.25,0.325]","[0.19999999999999996,0.225,0.25,0.325]",0.5,[],0.0
new_ground,52,instance_0001,instance_0001,unique_observed_anchor,0.0,True,False,False,cabinet,3053,210,False,"[0.0,-5.8272853582631186,-4.215058886728593,-17.777608428458063]","[0.9825909115617977,0.002894775359687255,0.014514294386526743,1.869198831717535e-08]","[0.9874405236800349,0.002461514529377084,0.01009795167599544,1.0114592538145966e-08]","[0.9874405236800349,0.002461514529377084,0.01009795167599544,1.0114592538145966e-08]",0.5,[],0.0
new_ground,53,instance_0000,instance_0000,unique_observed_anchor,0.0,True,False,False,rack,1322,105,False,"[0.0,0.0,0.0,0.0]","[0.25,0.25,0.25,0.25]","[0.19999999999999996,0.225,0.25,0.325]","[0.19999999999999996,0.225,0.25,0.325]",0.5,[],0.0
new_ground,53,instance_0001,instance_0001,unique_observed_anchor,0.0,True,False,False,cabinet,3053,210,False,"[0.0,-5.8272853582631186,-4.215058886728593,-17.777608428458063]","[0.9825909115617977,0.002894775359687255,0.014514294386526743,1.869198831717535e-08]","[0.9874405236800349,0.002461514529377084,0.01009795167599544,1.0114592538145966e-08]","[0.9874405236800349,0.002461514529377084,0.01009795167599544,1.0114592538145966e-08]",0.5,[],0.0
new_ground,54,instance_0000,instance_0000,unique_observed_anchor,0.0,True,False,False,rack,1322,105,False,"[0.0,0.0,0.0,0.0]","[0.25,0.25,0.25,0.25]","[0.19999999999999996,0.225,0.25,0.325]","[0.19999999999999996,0.225,0.25,0.325]",0.5,[],0.0
new_ground,54,instance_0001,instance_0001,unique_observed_anchor,0.0,True,False,False,cabinet,3061,214,False,"[0.0,-5.8272853582631186,-4.215058886728593,-17.777608428458063]","[0.9825909115617977,0.002894775359687255,0.014514294386526743,1.869198831717535e-08]","[0.9874405236800349,0.002461514529377084,0.01009795167599544,1.0114592538145966e-08]","[0.9874405236800349,0.002461514529377084,0.01009795167599544,1.0114592538145966e-08]",0.5,[],0.0
new_ground,55,instance_0000,instance_0000,unique_observed_anchor,0.0,True,False,False,rack,1322,105,False,"[0.0,0.0,0.0,0.0]","[0.25,0.25,0.25,0.25]","[0.19999999999999996,0.225,0.25,0.325]","[0.19999999999999996,0.225,0.25,0.325]",0.5,[],0.0
new_ground,55,instance_0001,instance_0001,unique_observed_anchor,0.0,True,False,False,cabinet,3061,214,False,"[0.0,-5.8272853582631186,-4.215058886728593,-17.777608428458063]","[0.9825909115617977,0.002894775359687255,0.014514294386526743,1.869198831717535e-08]","[0.9874405236800349,0.002461514529377084,0.01009795167599544,1.0114592538145966e-08]","[0.9874405236800349,0.002461514529377084,0.01009795167599544,1.0114592538145966e-08]",0.5,[],0.0
new_ground,56,instance_0000,instance_0000,unique_observed_anchor,0.0,True,False,False,rack,1322,105,False,"[0.0,0.0,0.0,0.0]","[0.25,0.25,0.25,0.25]","[0.19999999999999996,0.225,0.25,0.325]","[0.19999999999999996,0.225,0.25,0.325]",0.5,[],0.0
new_ground,56,instance_0001,instance_0001,unique_observed_anchor,0.0,True,False,False,cabinet,3061,214,False,"[0.0,-5.8272853582631186,-4.215058886728593,-17.777608428458063]","[0.9825909115617977,0.002894775359687255,0.014514294386526743,1.869198831717535e-08]","[0.9874405236800349,0.002461514529377084,0.01009795167599544,1.0114592538145966e-08]","[0.9874405236800349,0.002461514529377084,0.01009795167599544,1.0114592538145966e-08]",0.5,[],0.0
new_ground,57,instance_0000,instance_0000,unique_observed_anchor,0.0,True,False,False,rack,1322,105,False,"[0.0,0.0,0.0,0.0]","[0.25,0.25,0.25,0.25]","[0.19999999999999996,0.225,0.25,0.325]","[0.19999999999999996,0.225,0.25,0.325]",0.5,[],0.0
new_ground,57,instance_0001,instance_0001,unique_observed_anchor,0.0,True,False,False,cabinet,3061,214,False,"[0.0,-5.8272853582631186,-4.215058886728593,-17.777608428458063]","[0.9825909115617977,0.002894775359687255,0.014514294386526743,1.869198831717535e-08]","[0.9874405236800349,0.002461514529377084,0.01009795167599544,1.0114592538145966e-08]","[0.9874405236800349,0.002461514529377084,0.01009795167599544,1.0114592538145966e-08]",0.5,[],0.0
new_ground,58,instance_0000,instance_0000,unique_observed_anchor,0.0,True,False,False,rack,1322,105,False,"[0.0,0.0,0.0,0.0]","[0.25,0.25,0.25,0.25]","[0.19999999999999996,0.225,0.25,0.325]","[0.19999999999999996,0.225,0.25,0.325]",0.5,[],0.0
new_ground,58,instance_0001,instance_0001,unique_observed_anchor,0.0,True,False,False,cabinet,3061,214,False,"[0.0,-5.8272853582631186,-4.215058886728593,-17.777608428458063]","[0.9825909115617977,0.002894775359687255,0.014514294386526743,1.869198831717535e-08]","[0.9874405236800349,0.002461514529377084,0.01009795167599544,1.0114592538145966e-08]","[0.9874405236800349,0.002461514529377084,0.01009795167599544,1.0114592538145966e-08]",0.5,[],0.0
new_ground,59,instance_0000,instance_0000,unique_observed_anchor,0.0,True,False,False,rack,1322,105,False,"[0.0,0.0,0.0,0.0]","[0.25,0.25,0.25,0.25]","[0.19999999999999996,0.225,0.25,0.325]","[0.19999999999999996,0.225,0.25,0.325]",0.5,[],0.0
new_ground,59,instance_0001,instance_0001,unique_observed_anchor,0.0,True,False,False,cabinet,3061,214,False,"[0.0,-5.8272853582631186,-4.215058886728593,-17.777608428458063]","[0.9825909115617977,0.002894775359687255,0.014514294386526743,1.869198831717535e-08]","[0.9874405236800349,0.002461514529377084,0.01009795167599544,1.0114592538145966e-08]","[0.9874405236800349,0.002461514529377084,0.01009795167599544,1.0114592538145966e-08]",0.5,[],0.0
new_ground,60,instance_0000,instance_0000,unique_observed_anchor,0.0,True,False,False,rack,1322,105,False,"[0.0,0.0,0.0,0.0]","[0.25,0.25,0.25,0.25]","[0.19999999999999996,0.225,0.25,0.325]","[0.19999999999999996,0.225,0.25,0.325]",0.5,[],0.0
new_ground,60,instance_0001,instance_0001,unique_observed_anchor,0.0,True,False,False,cabinet,3061,214,False,"[0.0,-5.8272853582631186,-4.215058886728593,-17.777608428458063]","[0.9825909115617977,0.002894775359687255,0.014514294386526743,1.869198831717535e-08]","[0.9874405236800349,0.002461514529377084,0.01009795167599544,1.0114592538145966e-08]","[0.9874405236800349,0.002461514529377084,0.01009795167599544,1.0114592538145966e-08]",0.5,[],0.0
new_ground,61,instance_0000,instance_0000,unique_observed_anchor,0.0,True,False,False,rack,1322,105,False,"[0.0,0.0,0.0,0.0]","[0.25,0.25,0.25,0.25]","[0.19999999999999996,0.225,0.25,0.325]","[0.19999999999999996,0.225,0.25,0.325]",0.5,[],0.0
new_ground,61,instance_0001,instance_0001,unique_observed_anchor,0.0,True,False,False,cabinet,3061,214,False,"[0.0,-5.8272853582631186,-4.215058886728593,-17.777608428458063]","[0.9825909115617977,0.002894775359687255,0.014514294386526743,1.869198831717535e-08]","[0.9874405236800349,0.002461514529377084,0.01009795167599544,1.0114592538145966e-08]","[0.9874405236800349,0.002461514529377084,0.01009795167599544,1.0114592538145966e-08]",0.5,[],0.0
new_ground,62,instance_0000,instance_0000,unique_observed_anchor,0.0,True,False,False,rack,1322,105,False,"[0.0,0.0,0.0,0.0]","[0.25,0.25,0.25,0.25]","[0.19999999999999996,0.225,0.25,0.325]","[0.19999999999999996,0.225,0.25,0.325]",0.5,[],0.0
new_ground,62,instance_0001,instance_0001,unique_observed_anchor,0.0,True,False,False,cabinet,3061,214,False,"[0.0,-5.8272853582631186,-4.215058886728593,-17.777608428458063]","[0.9825909115617977,0.002894775359687255,0.014514294386526743,1.869198831717535e-08]","[0.9874405236800349,0.002461514529377084,0.01009795167599544,1.0114592538145966e-08]","[0.9874405236800349,0.002461514529377084,0.01009795167599544,1.0114592538145966e-08]",0.5,[],0.0
new_ground,63,instance_0000,instance_0000,unique_observed_anchor,0.0,True,False,False,rack,1322,105,False,"[0.0,0.0,0.0,0.0]","[0.25,0.25,0.25,0.25]","[0.19999999999999996,0.225,0.25,0.325]","[0.19999999999999996,0.225,0.25,0.325]",0.5,[],0.0
new_ground,63,instance_0001,instance_0001,unique_observed_anchor,0.0,True,False,False,cabinet,3061,214,False,"[0.0,-5.8272853582631186,-4.215058886728593,-17.777608428458063]","[0.9825909115617977,0.002894775359687255,0.014514294386526743,1.869198831717535e-08]","[0.9874405236800349,0.002461514529377084,0.01009795167599544,1.0114592538145966e-08]","[0.9874405236800349,0.002461514529377084,0.01009795167599544,1.0114592538145966e-08]",0.5,[],0.0
new_ground,64,instance_0000,instance_0000,unique_observed_anchor,0.0,True,False,False,rack,1322,105,False,"[0.0,0.0,0.0,0.0]","[0.25,0.25,0.25,0.25]","[0.19999999999999996,0.225,0.25,0.325]","[0.19999999999999996,0.225,0.25,0.325]",0.5,[],0.0
new_ground,64,instance_0001,instance_0001,unique_observed_anchor,0.0,True,False,False,cabinet,3061,214,False,"[0.0,-5.8272853582631186,-4.215058886728593,-17.777608428458063]","[0.9825909115617977,0.002894775359687255,0.014514294386526743,1.869198831717535e-08]","[0.9874405236800349,0.002461514529377084,0.01009795167599544,1.0114592538145966e-08]","[0.9874405236800349,0.002461514529377084,0.01009795167599544,1.0114592538145966e-08]",0.5,[],0.0
new_ground,65,instance_0000,instance_0000,unique_observed_anchor,0.0,True,False,False,rack,1322,105,False,"[0.0,0.0,0.0,0.0]","[0.25,0.25,0.25,0.25]","[0.19999999999999996,0.225,0.25,0.325]","[0.19999999999999996,0.225,0.25,0.325]",0.5,[],0.0
new_ground,65,instance_0001,instance_0001,unique_observed_anchor,0.0,True,False,False,cabinet,3061,214,False,"[0.0,-5.8272853582631186,-4.215058886728593,-17.777608428458063]","[0.9825909115617977,0.002894775359687255,0.014514294386526743,1.869198831717535e-08]","[0.9874405236800349,0.002461514529377084,0.01009795167599544,1.0114592538145966e-08]","[0.9874405236800349,0.002461514529377084,0.01009795167599544,1.0114592538145966e-08]",0.5,[],0.0
new_ground,66,instance_0000,instance_0000,unique_observed_anchor,0.0,True,False,False,rack,1322,105,False,"[0.0,0.0,0.0,0.0]","[0.25,0.25,0.25,0.25]","[0.19999999999999996,0.225,0.25,0.325]","[0.19999999999999996,0.225,0.25,0.325]",0.5,[],0.0
new_ground,66,instance_0001,instance_0001,unique_observed_anchor,0.0,True,False,False,cabinet,3061,214,False,"[0.0,-5.8272853582631186,-4.215058886728593,-17.777608428458063]","[0.9825909115617977,0.002894775359687255,0.014514294386526743,1.869198831717535e-08]","[0.9874405236800349,0.002461514529377084,0.01009795167599544,1.0114592538145966e-08]","[0.9874405236800349,0.002461514529377084,0.01009795167599544,1.0114592538145966e-08]",0.5,[],0.0
new_ground,67,instance_0000,instance_0000,unique_observed_anchor,0.0,True,False,False,rack,1322,105,False,"[0.0,0.0,0.0,0.0]","[0.25,0.25,0.25,0.25]","[0.19999999999999996,0.225,0.25,0.325]","[0.19999999999999996,0.225,0.25,0.325]",0.5,[],0.0
new_ground,67,instance_0001,instance_0001,unique_observed_anchor,0.0,True,False,False,cabinet,3061,214,False,"[0.0,-5.8272853582631186,-4.215058886728593,-17.777608428458063]","[0.9825909115617977,0.002894775359687255,0.014514294386526743,1.869198831717535e-08]","[0.9874405236800349,0.002461514529377084,0.01009795167599544,1.0114592538145966e-08]","[0.9874405236800349,0.002461514529377084,0.01009795167599544,1.0114592538145966e-08]",0.5,[],0.0
new_ground,68,instance_0000,instance_0000,unique_observed_anchor,0.0,True,False,False,rack,1322,105,False,"[0.0,0.0,0.0,0.0]","[0.25,0.25,0.25,0.25]","[0.19999999999999996,0.225,0.25,0.325]","[0.19999999999999996,0.225,0.25,0.325]",0.5,[],0.0
new_ground,68,instance_0001,instance_0001,unique_observed_anchor,0.0,True,False,False,cabinet,3061,214,False,"[0.0,-5.8272853582631186,-4.215058886728593,-17.777608428458063]","[0.9825909115617977,0.002894775359687255,0.014514294386526743,1.869198831717535e-08]","[0.9874405236800349,0.002461514529377084,0.01009795167599544,1.0114592538145966e-08]","[0.9874405236800349,0.002461514529377084,0.01009795167599544,1.0114592538145966e-08]",0.5,[],0.0
new_ground,69,instance_0000,instance_0000,unique_observed_anchor,0.0,True,False,False,rack,1322,105,False,"[0.0,0.0,0.0,0.0]","[0.25,0.25,0.25,0.25]","[0.19999999999999996,0.225,0.25,0.325]","[0.19999999999999996,0.225,0.25,0.325]",0.5,[],0.0
new_ground,69,instance_0001,instance_0001,unique_observed_anchor,0.0,True,False,False,cabinet,3061,214,False,"[0.0,-5.8272853582631186,-4.215058886728593,-17.777608428458063]","[0.9825909115617977,0.002894775359687255,0.014514294386526743,1.869198831717535e-08]","[0.9874405236800349,0.002461514529377084,0.01009795167599544,1.0114592538145966e-08]","[0.9874405236800349,0.002461514529377084,0.01009795167599544,1.0114592538145966e-08]",0.5,[],0.0
new_ground,70,instance_0000,instance_0000,unique_observed_anchor,0.0,True,False,False,rack,1322,105,False,"[0.0,0.0,0.0,0.0]","[0.25,0.25,0.25,0.25]","[0.19999999999999996,0.225,0.25,0.325]","[0.19999999999999996,0.225,0.25,0.325]",0.5,[],0.0
new_ground,70,instance_0001,instance_0001,unique_observed_anchor,0.0,True,False,False,cabinet,3061,214,False,"[0.0,-5.8272853582631186,-4.215058886728593,-17.777608428458063]","[0.9825909115617977,0.002894775359687255,0.014514294386526743,1.869198831717535e-08]","[0.9874405236800349,0.002461514529377084,0.01009795167599544,1.0114592538145966e-08]","[0.9874405236800349,0.002461514529377084,0.01009795167599544,1.0114592538145966e-08]",0.5,[],0.0
new_ground,71,instance_0000,instance_0000,unique_observed_anchor,0.0,True,False,False,rack,1322,105,False,"[0.0,0.0,0.0,0.0]","[0.25,0.25,0.25,0.25]","[0.19999999999999996,0.225,0.25,0.325]","[0.19999999999999996,0.225,0.25,0.325]",0.5,[],0.0
new_ground,71,instance_0001,instance_0001,unique_observed_anchor,0.0,True,False,False,cabinet,3061,214,False,"[0.0,-5.8272853582631186,-4.215058886728593,-17.777608428458063]","[0.9825909115617977,0.002894775359687255,0.014514294386526743,1.869198831717535e-08]","[0.9874405236800349,0.002461514529377084,0.01009795167599544,1.0114592538145966e-08]","[0.9874405236800349,0.002461514529377084,0.01009795167599544,1.0114592538145966e-08]",0.5,[],0.0
new_ground,72,instance_0000,instance_0000,unique_observed_anchor,0.0,True,False,False,rack,1322,105,False,"[0.0,0.0,0.0,0.0]","[0.25,0.25,0.25,0.25]","[0.19999999999999996,0.225,0.25,0.325]","[0.19999999999999996,0.225,0.25,0.325]",0.5,[],0.0
new_ground,72,instance_0001,instance_0001,unique_observed_anchor,0.0,True,False,False,cabinet,3061,214,False,"[0.0,-5.8272853582631186,-4.215058886728593,-17.777608428458063]","[0.9825909115617977,0.002894775359687255,0.014514294386526743,1.869198831717535e-08]","[0.9874405236800349,0.002461514529377084,0.01009795167599544,1.0114592538145966e-08]","[0.9874405236800349,0.002461514529377084,0.01009795167599544,1.0114592538145966e-08]",0.5,[],0.0
new_ground,73,instance_0000,instance_0000,unique_observed_anchor,0.0,True,False,False,rack,1322,105,False,"[0.0,0.0,0.0,0.0]","[0.25,0.25,0.25,0.25]","[0.19999999999999996,0.225,0.25,0.325]","[0.19999999999999996,0.225,0.25,0.325]",0.5,[],0.0
new_ground,73,instance_0001,instance_0001,unique_observed_anchor,0.0,True,False,False,cabinet,3061,214,False,"[0.0,-5.8272853582631186,-4.215058886728593,-17.777608428458063]","[0.9825909115617977,0.002894775359687255,0.014514294386526743,1.869198831717535e-08]","[0.9874405236800349,0.002461514529377084,0.01009795167599544,1.0114592538145966e-08]","[0.9874405236800349,0.002461514529377084,0.01009795167599544,1.0114592538145966e-08]",0.5,[],0.0
new_ground,74,instance_0000,instance_0000,unique_observed_anchor,0.0,True,False,False,rack,1322,105,False,"[0.0,0.0,0.0,0.0]","[0.25,0.25,0.25,0.25]","[0.19999999999999996,0.225,0.25,0.325]","[0.19999999999999996,0.225,0.25,0.325]",0.5,[],0.0
new_ground,74,instance_0001,instance_0001,unique_observed_anchor,0.0,True,False,False,cabinet,3061,214,False,"[0.0,-5.8272853582631186,-4.215058886728593,-17.777608428458063]","[0.9825909115617977,0.002894775359687255,0.014514294386526743,1.869198831717535e-08]","[0.9874405236800349,0.002461514529377084,0.01009795167599544,1.0114592538145966e-08]","[0.9874405236800349,0.002461514529377084,0.01009795167599544,1.0114592538145966e-08]",0.5,[],0.0
new_ground,75,instance_0000,instance_0000,unique_observed_anchor,0.0,True,False,False,rack,1322,105,False,"[0.0,0.0,0.0,0.0]","[0.25,0.25,0.25,0.25]","[0.19999999999999996,0.225,0.25,0.325]","[0.19999999999999996,0.225,0.25,0.325]",0.5,[],0.0
new_ground,75,instance_0001,instance_0001,unique_observed_anchor,0.0,True,False,False,cabinet,3061,214,False,"[0.0,-5.8272853582631186,-4.215058886728593,-17.777608428458063]","[0.9825909115617977,0.002894775359687255,0.014514294386526743,1.869198831717535e-08]","[0.9874405236800349,0.002461514529377084,0.01009795167599544,1.0114592538145966e-08]","[0.9874405236800349,0.002461514529377084,0.01009795167599544,1.0114592538145966e-08]",0.5,[],0.0
new_ground,76,instance_0000,instance_0000,unique_observed_anchor,0.0,True,False,False,rack,1322,105,False,"[0.0,0.0,0.0,0.0]","[0.25,0.25,0.25,0.25]","[0.19999999999999996,0.225,0.25,0.325]","[0.19999999999999996,0.225,0.25,0.325]",0.5,[],0.0
new_ground,76,instance_0001,instance_0001,unique_observed_anchor,0.0,True,False,False,cabinet,3061,214,False,"[0.0,-5.8272853582631186,-4.215058886728593,-17.777608428458063]","[0.9825909115617977,0.002894775359687255,0.014514294386526743,1.869198831717535e-08]","[0.9874405236800349,0.002461514529377084,0.01009795167599544,1.0114592538145966e-08]","[0.9874405236800349,0.002461514529377084,0.01009795167599544,1.0114592538145966e-08]",0.5,[],0.0
new_ground,77,instance_0000,instance_0000,unique_observed_anchor,0.0,True,False,False,rack,1322,105,False,"[0.0,0.0,0.0,0.0]","[0.25,0.25,0.25,0.25]","[0.19999999999999996,0.225,0.25,0.325]","[0.19999999999999996,0.225,0.25,0.325]",0.5,[],0.0
new_ground,77,instance_0001,instance_0001,unique_observed_anchor,0.0,True,False,False,cabinet,3061,214,False,"[0.0,-5.8272853582631186,-4.215058886728593,-17.777608428458063]","[0.9825909115617977,0.002894775359687255,0.014514294386526743,1.869198831717535e-08]","[0.9874405236800349,0.002461514529377084,0.01009795167599544,1.0114592538145966e-08]","[0.9874405236800349,0.002461514529377084,0.01009795167599544,1.0114592538145966e-08]",0.5,[],0.0
new_ground,78,instance_0000,instance_0000,unique_observed_anchor,0.0,True,False,False,rack,1322,105,False,"[0.0,0.0,0.0,0.0]","[0.25,0.25,0.25,0.25]","[0.19999999999999996,0.225,0.25,0.325]","[0.19999999999999996,0.225,0.25,0.325]",0.5,[],0.0
new_ground,78,instance_0001,instance_0001,unique_observed_anchor,0.0,True,False,False,cabinet,3061,214,False,"[0.0,-5.8272853582631186,-4.215058886728593,-17.777608428458063]","[0.9825909115617977,0.002894775359687255,0.014514294386526743,1.869198831717535e-08]","[0.9874405236800349,0.002461514529377084,0.01009795167599544,1.0114592538145966e-08]","[0.9874405236800349,0.002461514529377084,0.01009795167599544,1.0114592538145966e-08]",0.5,[],0.0
new_ground,79,instance_0000,instance_0000,unique_observed_anchor,0.0,True,False,False,rack,1322,105,False,"[0.0,0.0,0.0,0.0]","[0.25,0.25,0.25,0.25]","[0.19999999999999996,0.225,0.25,0.325]","[0.19999999999999996,0.225,0.25,0.325]",0.5,[],0.0
new_ground,79,instance_0001,instance_0001,unique_observed_anchor,0.0,True,False,False,cabinet,3061,214,False,"[0.0,-5.8272853582631186,-4.215058886728593,-17.777608428458063]","[0.9825909115617977,0.002894775359687255,0.014514294386526743,1.869198831717535e-08]","[0.9874405236800349,0.002461514529377084,0.01009795167599544,1.0114592538145966e-08]","[0.9874405236800349,0.002461514529377084,0.01009795167599544,1.0114592538145966e-08]",0.5,[],0.0
new_ground,80,instance_0000,instance_0000,unique_observed_anchor,0.0,True,False,False,rack,1322,105,False,"[0.0,0.0,0.0,0.0]","[0.25,0.25,0.25,0.25]","[0.19999999999999996,0.225,0.25,0.325]","[0.19999999999999996,0.225,0.25,0.325]",0.5,[],0.0
new_ground,80,instance_0001,instance_0001,unique_observed_anchor,0.0,True,False,False,cabinet,3061,214,False,"[0.0,-5.8272853582631186,-4.215058886728593,-17.777608428458063]","[0.9825909115617977,0.002894775359687255,0.014514294386526743,1.869198831717535e-08]","[0.9874405236800349,0.002461514529377084,0.01009795167599544,1.0114592538145966e-08]","[0.9874405236800349,0.002461514529377084,0.01009795167599544,1.0114592538145966e-08]",0.5,[],0.0
new_ground,81,instance_0000,instance_0000,unique_observed_anchor,0.0,True,False,False,rack,1322,105,False,"[0.0,0.0,0.0,0.0]","[0.25,0.25,0.25,0.25]","[0.19999999999999996,0.225,0.25,0.325]","[0.19999999999999996,0.225,0.25,0.325]",0.5,[],0.0
new_ground,81,instance_0001,instance_0001,unique_observed_anchor,0.0,True,False,False,cabinet,3061,214,False,"[0.0,-5.8272853582631186,-4.215058886728593,-17.777608428458063]","[0.9825909115617977,0.002894775359687255,0.014514294386526743,1.869198831717535e-08]","[0.9874405236800349,0.002461514529377084,0.01009795167599544,1.0114592538145966e-08]","[0.9874405236800349,0.002461514529377084,0.01009795167599544,1.0114592538145966e-08]",0.5,[],0.0
new_ground,81,instance_0002,instance_0002,unique_observed_anchor,0.0,False,False,False,cabinet,252,0,False,"[0.0,0.0,0.0,0.0]","[0.25,0.25,0.25,0.25]","[0.25,0.25,0.25,0.25]","[0.25,0.25,0.25,0.25]",,[],0.0
new_ground,82,instance_0000,instance_0000,unique_observed_anchor,0.0,True,False,False,rack,1322,105,False,"[0.0,0.0,0.0,0.0]","[0.25,0.25,0.25,0.25]","[0.19999999999999996,0.225,0.25,0.325]","[0.19999999999999996,0.225,0.25,0.325]",0.5,[],0.0
new_ground,82,instance_0001,instance_0001,unique_observed_anchor,0.0,True,False,False,cabinet,3061,214,False,"[0.0,-5.8272853582631186,-4.215058886728593,-17.777608428458063]","[0.9825909115617977,0.002894775359687255,0.014514294386526743,1.869198831717535e-08]","[0.9874405236800349,0.002461514529377084,0.01009795167599544,1.0114592538145966e-08]","[0.9874405236800349,0.002461514529377084,0.01009795167599544,1.0114592538145966e-08]",0.5,"[""instance_0002""]",0.0
new_ground,82,instance_0002,instance_0002,unique_observed_anchor,0.0,True,False,False,cabinet,877,98,False,"[0.0,0.0,0.0,0.0]","[0.25,0.25,0.25,0.25]","[0.325,0.275,0.225,0.175]","[0.34202294988719817,0.280674316629066,0.21932568337093392,0.15797705011280186]",0.6134863325813209,"[""instance_0001""]",0.017022949887198158
new_ground,83,instance_0000,instance_0000,unique_observed_anchor,0.0,True,False,False,rack,1322,105,False,"[0.0,0.0,0.0,0.0]","[0.25,0.25,0.25,0.25]","[0.19999999999999996,0.225,0.25,0.325]","[0.19999999999999996,0.225,0.25,0.325]",0.5,[],0.0
new_ground,83,instance_0001,instance_0001,unique_observed_anchor,0.0,True,False,False,cabinet,3061,214,False,"[0.0,-5.8272853582631186,-4.215058886728593,-17.777608428458063]","[0.9825909115617977,0.002894775359687255,0.014514294386526743,1.869198831717535e-08]","[0.9874405236800349,0.002461514529377084,0.01009795167599544,1.0114592538145966e-08]","[0.9874405236800349,0.002461514529377084,0.01009795167599544,1.0114592538145966e-08]",0.5,"[""instance_0002""]",0.0
new_ground,83,instance_0002,instance_0002,unique_observed_anchor,0.0,True,False,False,cabinet,1292,139,False,"[0.0,0.0,0.0,0.0]","[0.25,0.25,0.25,0.25]","[0.325,0.275,0.225,0.175]","[0.34202294988719817,0.280674316629066,0.21932568337093392,0.15797705011280186]",0.6134863325813209,"[""instance_0001""]",0.017022949887198158
new_ground,84,instance_0000,instance_0000,unique_observed_anchor,0.0,True,False,False,rack,1322,105,False,"[0.0,0.0,0.0,0.0]","[0.25,0.25,0.25,0.25]","[0.19999999999999996,0.225,0.25,0.325]","[0.19999999999999996,0.225,0.25,0.325]",0.5,[],0.0
new_ground,84,instance_0001,instance_0001,unique_observed_anchor,0.0,True,False,False,cabinet,3061,214,False,"[0.0,-5.8272853582631186,-4.215058886728593,-17.777608428458063]","[0.9825909115617977,0.002894775359687255,0.014514294386526743,1.869198831717535e-08]","[0.9874405236800349,0.002461514529377084,0.01009795167599544,1.0114592538145966e-08]","[0.9874405236800349,0.002461514529377084,0.01009795167599544,1.0114592538145966e-08]",0.5,"[""instance_0002""]",0.0
new_ground,84,instance_0002,instance_0002,unique_observed_anchor,0.0,True,False,False,cabinet,1425,155,False,"[0.0,0.0,0.0,0.0]","[0.25,0.25,0.25,0.25]","[0.325,0.275,0.225,0.175]","[0.34202294988719817,0.280674316629066,0.21932568337093392,0.15797705011280186]",0.6134863325813209,"[""instance_0001""]",0.017022949887198158
new_ground,85,instance_0000,instance_0000,unique_observed_anchor,0.0,True,False,False,rack,1322,105,False,"[0.0,0.0,0.0,0.0]","[0.25,0.25,0.25,0.25]","[0.19999999999999996,0.225,0.25,0.325]","[0.19999999999999996,0.225,0.25,0.325]",0.5,[],0.0
new_ground,85,instance_0001,instance_0001,unique_observed_anchor,0.0,True,False,False,cabinet,3061,214,False,"[0.0,-5.8272853582631186,-4.215058886728593,-17.777608428458063]","[0.9825909115617977,0.002894775359687255,0.014514294386526743,1.869198831717535e-08]","[0.9874405236800349,0.002461514529377084,0.01009795167599544,1.0114592538145966e-08]","[0.9874405236800349,0.002461514529377084,0.01009795167599544,1.0114592538145966e-08]",0.5,"[""instance_0002""]",0.0
new_ground,85,instance_0002,instance_0002,unique_observed_anchor,0.0,True,False,False,cabinet,1475,155,False,"[0.0,0.0,0.0,0.0]","[0.25,0.25,0.25,0.25]","[0.325,0.275,0.225,0.175]","[0.34202294988719817,0.280674316629066,0.21932568337093392,0.15797705011280186]",0.6134863325813209,"[""instance_0001""]",0.017022949887198158
new_ground,86,instance_0000,instance_0000,unique_observed_anchor,0.0,True,False,False,rack,1322,105,False,"[0.0,0.0,0.0,0.0]","[0.25,0.25,0.25,0.25]","[0.19999999999999996,0.225,0.25,0.325]","[0.19999999999999996,0.225,0.25,0.325]",0.5,[],0.0
new_ground,86,instance_0001,instance_0001,unique_observed_anchor,0.0,True,False,False,cabinet,3061,214,False,"[0.0,-5.8272853582631186,-4.215058886728593,-17.777608428458063]","[0.9825909115617977,0.002894775359687255,0.014514294386526743,1.869198831717535e-08]","[0.9874405236800349,0.002461514529377084,0.01009795167599544,1.0114592538145966e-08]","[0.9874405236800349,0.002461514529377084,0.01009795167599544,1.0114592538145966e-08]",0.5,"[""instance_0002""]",0.0
new_ground,86,instance_0002,instance_0002,unique_observed_anchor,0.0,True,False,False,cabinet,1493,155,False,"[0.0,0.0,0.0,0.0]","[0.25,0.25,0.25,0.25]","[0.325,0.275,0.225,0.175]","[0.34202294988719817,0.280674316629066,0.21932568337093392,0.15797705011280186]",0.6134863325813209,"[""instance_0001""]",0.017022949887198158
new_ground,87,instance_0000,instance_0000,unique_observed_anchor,0.0,True,False,False,rack,1322,105,False,"[0.0,0.0,0.0,0.0]","[0.25,0.25,0.25,0.25]","[0.19999999999999996,0.225,0.25,0.325]","[0.19999999999999996,0.225,0.25,0.325]",0.5,[],0.0
new_ground,87,instance_0001,instance_0001,unique_observed_anchor,0.0,True,False,False,cabinet,3061,214,False,"[0.0,-5.8272853582631186,-4.215058886728593,-17.777608428458063]","[0.9825909115617977,0.002894775359687255,0.014514294386526743,1.869198831717535e-08]","[0.9874405236800349,0.002461514529377084,0.01009795167599544,1.0114592538145966e-08]","[0.9872248293325397,0.0024807845059877007,0.010294375665386475,1.0496086096941833e-08]",0.47160301926395004,"[""instance_0002""]",0.00021569434749513228
new_ground,87,instance_0002,instance_0002,unique_observed_anchor,0.0,True,False,False,cabinet,1905,158,True,"[-2.6195650412400884,-1.603507877589605,0.0,-3.1609658785702264]","[0.05532820293943144,0.15283210120358526,0.7596424170429723,0.03219727881401092]","[0.0760116639951423,0.17766324583814597,0.7225069672881756,0.023818122878536224]","[0.08103765653273252,0.18369710773857822,0.7134832118903267,0.02178202383836263]",0.6134863325813209,"[""instance_0001""]",0.009023755397848943
new_ground,88,instance_0000,instance_0000,unique_observed_anchor,0.0,True,False,False,rack,1322,105,False,"[0.0,0.0,0.0,0.0]","[0.25,0.25,0.25,0.25]","[0.19999999999999996,0.225,0.25,0.325]","[0.19999999999999996,0.225,0.25,0.325]",0.5,[],0.0
new_ground,88,instance_0001,instance_0001,unique_observed_anchor,0.0,True,False,False,cabinet,3195,315,True,"[0.0,-5.8272853582631186,-4.215058886728593,-18.40255078612283]","[0.9825909200968882,0.0028947753848321766,0.01451429451260242,1.0005677189395429e-08]","[0.9874405283213304,0.002461514540947012,0.010097951723459135,5.4142633580917555e-09]","[0.987074980767315,0.002494172321617757,0.010430841150718078,5.760349066014802e-09]",0.4523014146553829,"[""instance_0002""]",0.0003655475540154107
new_ground,88,instance_0002,instance_0002,unique_observed_anchor,0.0,True,False,False,cabinet,2342,229,True,"[-4.789409156526482,-2.8987438029460146,0.0,-5.845602418004434]","[0.007800198724839844,0.051666756372679326,0.9378203137047072,0.0027127311977736476]","[0.011107610298204337,0.06225518062425518,0.9245571464223233,0.00208006265521717]","[0.011948115300596453,0.06494599286624243,0.9211866077998601,0.0019192840333010837]",0.6134863341219575,"[""instance_0001""]",0.0033705386224632816
new_ground,89,instance_0000,instance_0000,unique_observed_anchor,0.0,True,False,False,rack,1322,105,False,"[0.0,0.0,0.0,0.0]","[0.25,0.25,0.25,0.25]","[0.19999999999999996,0.225,0.25,0.325]","[0.19999999999999996,0.225,0.25,0.325]",0.5,[],0.0
new_ground,89,instance_0001,instance_0001,unique_observed_anchor,0.0,True,False,False,cabinet,3417,517,True,"[0.0,-5.8272853582631186,-4.215058886728593,-18.771776486790614]","[0.9825909231321696,0.002894775393774308,0.014514294557437928,6.916618217348976e-09]","[0.9874405299718857,0.002461514545061555,0.01009795174033836,3.742714442427629e-09]","[0.9870749825227253,0.0024941723260533833,0.010430841169268245,3.981952893532724e-09]",0.4523014146553829,"[""instance_0002""]",0.00036554744916039716
new_ground,89,instance_0002,instance_0002,unique_observed_anchor,0.0,True,False,False,cabinet,2527,339,False,"[-4.789409156526482,-2.8987438029460146,0.0,-5.845602418004434]","[0.007800198724839844,0.051666756372679326,0.9378203137047072,0.0027127311977736476]","[0.011107610298204337,0.06225518062425518,0.9245571464223233,0.00208006265521717]","[0.011948115304744046,0.06494599287952062,0.9211866077832276,0.0019192840325077027]",0.6134863346698446,"[""instance_0001""]",0.003370538639095755
new_ground,90,instance_0000,instance_0000,unique_observed_anchor,0.0,True,False,False,rack,1322,105,False,"[0.0,0.0,0.0,0.0]","[0.25,0.25,0.25,0.25]","[0.19999999999999996,0.225,0.25,0.325]","[0.19999999999999996,0.225,0.25,0.325]",0.5,[],0.0
new_ground,90,instance_0001,instance_0001,unique_observed_anchor,0.0,True,False,False,cabinet,3417,517,False,"[0.0,-5.8272853582631186,-4.215058886728593,-18.771776486790614]","[0.9825909231321696,0.002894775393774308,0.014514294557437928,6.916618217348976e-09]","[0.9874405299718857,0.002461514545061555,0.01009795174033836,3.742714442427629e-09]","[0.9870749825227253,0.0024941723260533833,0.010430841169268245,3.981952893532724e-09]",0.4523014146553829,"[""instance_0002""]",0.00036554744916039716
new_ground,90,instance_0002,instance_0002,unique_observed_anchor,0.0,True,False,False,cabinet,2588,340,False,"[-4.789409156526482,-2.8987438029460146,0.0,-5.845602418004434]","[0.007800198724839844,0.051666756372679326,0.9378203137047072,0.0027127311977736476]","[0.011107610298204337,0.06225518062425518,0.9245571464223233,0.00208006265521717]","[0.011948115304744046,0.06494599287952062,0.9211866077832276,0.0019192840325077027]",0.6134863346698446,"[""instance_0001""]",0.003370538639095755
new_ground,91,instance_0000,instance_0000,unique_observed_anchor,0.0,True,False,False,rack,1322,105,False,"[0.0,0.0,0.0,0.0]","[0.25,0.25,0.25,0.25]","[0.19999999999999996,0.225,0.25,0.325]","[0.19999999999999996,0.225,0.25,0.325]",0.5,[],0.0
new_ground,91,instance_0001,instance_0001,unique_observed_anchor,0.0,True,False,False,cabinet,3417,517,False,"[0.0,-5.8272853582631186,-4.215058886728593,-18.771776486790614]","[0.9825909231321696,0.002894775393774308,0.014514294557437928,6.916618217348976e-09]","[0.9874405299718857,0.002461514545061555,0.01009795174033836,3.742714442427629e-09]","[0.9870749825227253,0.0024941723260533833,0.010430841169268245,3.981952893532724e-09]",0.4523014146553829,"[""instance_0002""]",0.00036554744916039716
new_ground,91,instance_0002,instance_0002,unique_observed_anchor,0.0,True,False,False,cabinet,2593,341,False,"[-4.789409156526482,-2.8987438029460146,0.0,-5.845602418004434]","[0.007800198724839844,0.051666756372679326,0.9378203137047072,0.0027127311977736476]","[0.011107610298204337,0.06225518062425518,0.9245571464223233,0.00208006265521717]","[0.011948115304744046,0.06494599287952062,0.9211866077832276,0.0019192840325077027]",0.6134863346698446,"[""instance_0001""]",0.003370538639095755
new_ground,92,instance_0000,instance_0000,unique_observed_anchor,0.0,True,False,False,rack,1322,105,False,"[0.0,0.0,0.0,0.0]","[0.25,0.25,0.25,0.25]","[0.19999999999999996,0.225,0.25,0.325]","[0.19999999999999996,0.225,0.25,0.325]",0.5,[],0.0
new_ground,92,instance_0001,instance_0001,unique_observed_anchor,0.0,True,False,False,cabinet,3417,517,False,"[0.0,-5.8272853582631186,-4.215058886728593,-18.771776486790614]","[0.9825909231321696,0.002894775393774308,0.014514294557437928,6.916618217348976e-09]","[0.9874405299718857,0.002461514545061555,0.01009795174033836,3.742714442427629e-09]","[0.9870749825227253,0.0024941723260533833,0.010430841169268245,3.981952893532724e-09]",0.4523014146553829,"[""instance_0002""]",0.00036554744916039716
new_ground,92,instance_0002,instance_0002,unique_observed_anchor,0.0,True,False,False,cabinet,2598,341,False,"[-4.789409156526482,-2.8987438029460146,0.0,-5.845602418004434]","[0.007800198724839844,0.051666756372679326,0.9378203137047072,0.0027127311977736476]","[0.011107610298204337,0.06225518062425518,0.9245571464223233,0.00208006265521717]","[0.011948115304744046,0.06494599287952062,0.9211866077832276,0.0019192840325077027]",0.6134863346698446,"[""instance_0001""]",0.003370538639095755
new_ground,93,instance_0000,instance_0000,unique_observed_anchor,0.0,True,False,False,rack,1322,105,False,"[0.0,0.0,0.0,0.0]","[0.25,0.25,0.25,0.25]","[0.19999999999999996,0.225,0.25,0.325]","[0.19999999999999996,0.225,0.25,0.325]",0.5,[],0.0
new_ground,93,instance_0001,instance_0001,unique_observed_anchor,0.0,True,False,False,cabinet,3417,517,False,"[0.0,-5.8272853582631186,-4.215058886728593,-18.771776486790614]","[0.9825909231321696,0.002894775393774308,0.014514294557437928,6.916618217348976e-09]","[0.9874405299718857,0.002461514545061555,0.01009795174033836,3.742714442427629e-09]","[0.9870749825227253,0.0024941723260533833,0.010430841169268245,3.981952893532724e-09]",0.4523014146553829,"[""instance_0002""]",0.00036554744916039716
new_ground,93,instance_0002,instance_0002,unique_observed_anchor,0.0,True,False,False,cabinet,2599,341,False,"[-4.789409156526482,-2.8987438029460146,0.0,-5.845602418004434]","[0.007800198724839844,0.051666756372679326,0.9378203137047072,0.0027127311977736476]","[0.011107610298204337,0.06225518062425518,0.9245571464223233,0.00208006265521717]","[0.011948115304744046,0.06494599287952062,0.9211866077832276,0.0019192840325077027]",0.6134863346698446,"[""instance_0001""]",0.003370538639095755
new_ground,94,instance_0000,instance_0000,unique_observed_anchor,0.0,True,False,False,rack,1322,105,False,"[0.0,0.0,0.0,0.0]","[0.25,0.25,0.25,0.25]","[0.19999999999999996,0.225,0.25,0.325]","[0.19999999999999996,0.225,0.25,0.325]",0.5,[],0.0
new_ground,94,instance_0001,instance_0001,unique_observed_anchor,0.0,True,False,False,cabinet,3417,517,False,"[0.0,-5.8272853582631186,-4.215058886728593,-18.771776486790614]","[0.9825909231321696,0.002894775393774308,0.014514294557437928,6.916618217348976e-09]","[0.9874405299718857,0.002461514545061555,0.01009795174033836,3.742714442427629e-09]","[0.9870749825227253,0.0024941723260533833,0.010430841169268245,3.981952893532724e-09]",0.4523014146553829,"[""instance_0002""]",0.00036554744916039716
new_ground,94,instance_0002,instance_0002,unique_observed_anchor,0.0,True,False,False,cabinet,2599,341,False,"[-4.789409156526482,-2.8987438029460146,0.0,-5.845602418004434]","[0.007800198724839844,0.051666756372679326,0.9378203137047072,0.0027127311977736476]","[0.011107610298204337,0.06225518062425518,0.9245571464223233,0.00208006265521717]","[0.011948115304744046,0.06494599287952062,0.9211866077832276,0.0019192840325077027]",0.6134863346698446,"[""instance_0001""]",0.003370538639095755
new_ground,94,instance_0003,instance_0003,unique_observed_anchor,0.0,False,False,False,rack,29,0,False,"[0.0,0.0,0.0,0.0]","[0.25,0.25,0.25,0.25]","[0.25,0.25,0.25,0.25]","[0.25,0.25,0.25,0.25]",,[],0.0
new_ground,95,instance_0000,instance_0000,unique_observed_anchor,0.0,True,False,False,rack,1322,105,False,"[0.0,0.0,0.0,0.0]","[0.25,0.25,0.25,0.25]","[0.19999999999999996,0.225,0.25,0.325]","[0.19999999999999996,0.225,0.25,0.325]",0.5,[],0.0
new_ground,95,instance_0001,instance_0001,unique_observed_anchor,0.0,True,False,False,cabinet,3417,517,False,"[0.0,-5.8272853582631186,-4.215058886728593,-18.771776486790614]","[0.9825909231321696,0.002894775393774308,0.014514294557437928,6.916618217348976e-09]","[0.9874405299718857,0.002461514545061555,0.01009795174033836,3.742714442427629e-09]","[0.9870749825227253,0.0024941723260533833,0.010430841169268245,3.981952893532724e-09]",0.4523014146553829,"[""instance_0002""]",0.00036554744916039716
new_ground,95,instance_0002,instance_0002,unique_observed_anchor,0.0,True,False,False,cabinet,2599,341,False,"[-4.789409156526482,-2.8987438029460146,0.0,-5.845602418004434]","[0.007800198724839844,0.051666756372679326,0.9378203137047072,0.0027127311977736476]","[0.011107610298204337,0.06225518062425518,0.9245571464223233,0.00208006265521717]","[0.011948115304744046,0.06494599287952062,0.9211866077832276,0.0019192840325077027]",0.6134863346698446,"[""instance_0001""]",0.003370538639095755
new_ground,95,instance_0003,instance_0003,unique_observed_anchor,0.0,False,True,False,rack,29,0,False,"[0.0,0.0,0.0,0.0]","[0.25,0.25,0.25,0.25]","[0.25,0.25,0.25,0.25]","[0.25,0.25,0.25,0.25]",,[],0.0
new_ground,96,instance_0000,instance_0000,unique_observed_anchor,0.0,True,False,False,rack,1322,105,False,"[0.0,0.0,0.0,0.0]","[0.25,0.25,0.25,0.25]","[0.19999999999999996,0.225,0.25,0.325]","[0.19999999999999996,0.225,0.25,0.325]",0.5,[],0.0
new_ground,96,instance_0001,instance_0001,unique_observed_anchor,0.0,True,False,False,cabinet,3417,517,False,"[0.0,-5.8272853582631186,-4.215058886728593,-18.771776486790614]","[0.9825909231321696,0.002894775393774308,0.014514294557437928,6.916618217348976e-09]","[0.9874405299718857,0.002461514545061555,0.01009795174033836,3.742714442427629e-09]","[0.9870749825227253,0.0024941723260533833,0.010430841169268245,3.981952893532724e-09]",0.4523014146553829,"[""instance_0002""]",0.00036554744916039716
new_ground,96,instance_0002,instance_0002,unique_observed_anchor,0.0,True,False,False,cabinet,2599,341,False,"[-4.789409156526482,-2.8987438029460146,0.0,-5.845602418004434]","[0.007800198724839844,0.051666756372679326,0.9378203137047072,0.0027127311977736476]","[0.011107610298204337,0.06225518062425518,0.9245571464223233,0.00208006265521717]","[0.011948115304744046,0.06494599287952062,0.9211866077832276,0.0019192840325077027]",0.6134863346698446,"[""instance_0001""]",0.003370538639095755
new_ground,96,instance_0003,instance_0003,unique_observed_anchor,0.0,False,True,False,rack,29,0,False,"[0.0,0.0,0.0,0.0]","[0.25,0.25,0.25,0.25]","[0.25,0.25,0.25,0.25]","[0.25,0.25,0.25,0.25]",,[],0.0
new_ground,97,instance_0000,instance_0000,unique_observed_anchor,0.0,True,False,False,rack,1322,105,False,"[0.0,0.0,0.0,0.0]","[0.25,0.25,0.25,0.25]","[0.19999999999999996,0.225,0.25,0.325]","[0.19999999999999996,0.225,0.25,0.325]",0.5,[],0.0
new_ground,97,instance_0001,instance_0001,unique_observed_anchor,0.0,True,False,False,cabinet,3417,517,False,"[0.0,-5.8272853582631186,-4.215058886728593,-18.771776486790614]","[0.9825909231321696,0.002894775393774308,0.014514294557437928,6.916618217348976e-09]","[0.9874405299718857,0.002461514545061555,0.01009795174033836,3.742714442427629e-09]","[0.9870749825227253,0.0024941723260533833,0.010430841169268245,3.981952893532724e-09]",0.4523014146553829,"[""instance_0002""]",0.00036554744916039716
new_ground,97,instance_0002,instance_0002,unique_observed_anchor,0.0,True,False,False,cabinet,2599,341,False,"[-4.789409156526482,-2.8987438029460146,0.0,-5.845602418004434]","[0.007800198724839844,0.051666756372679326,0.9378203137047072,0.0027127311977736476]","[0.011107610298204337,0.06225518062425518,0.9245571464223233,0.00208006265521717]","[0.011948115304744046,0.06494599287952062,0.9211866077832276,0.0019192840325077027]",0.6134863346698446,"[""instance_0001""]",0.003370538639095755
new_ground,97,instance_0003,instance_0003,unique_observed_anchor,0.0,False,False,False,rack,54,0,False,"[0.0,0.0,0.0,0.0]","[0.25,0.25,0.25,0.25]","[0.25,0.25,0.25,0.25]","[0.25,0.25,0.25,0.25]",,[],0.0
new_ground,98,instance_0000,instance_0000,unique_observed_anchor,0.0,True,False,False,rack,1322,105,False,"[0.0,0.0,0.0,0.0]","[0.25,0.25,0.25,0.25]","[0.19999999999999996,0.225,0.25,0.325]","[0.19999999999999996,0.225,0.25,0.325]",0.5,[],0.0
new_ground,98,instance_0001,instance_0001,unique_observed_anchor,0.0,True,False,False,cabinet,3417,517,False,"[0.0,-5.8272853582631186,-4.215058886728593,-18.771776486790614]","[0.9825909231321696,0.002894775393774308,0.014514294557437928,6.916618217348976e-09]","[0.9874405299718857,0.002461514545061555,0.01009795174033836,3.742714442427629e-09]","[0.9870749825227253,0.0024941723260533833,0.010430841169268245,3.981952893532724e-09]",0.4523014146553829,"[""instance_0002""]",0.00036554744916039716
new_ground,98,instance_0002,instance_0002,unique_observed_anchor,0.0,True,False,False,cabinet,2599,341,False,"[-4.789409156526482,-2.8987438029460146,0.0,-5.845602418004434]","[0.007800198724839844,0.051666756372679326,0.9378203137047072,0.0027127311977736476]","[0.011107610298204337,0.06225518062425518,0.9245571464223233,0.00208006265521717]","[0.011948115304744046,0.06494599287952062,0.9211866077832276,0.0019192840325077027]",0.6134863346698446,"[""instance_0001""]",0.003370538639095755
new_ground,98,instance_0003,instance_0003,unique_observed_anchor,0.0,False,False,False,rack,54,0,False,"[0.0,0.0,0.0,0.0]","[0.25,0.25,0.25,0.25]","[0.25,0.25,0.25,0.25]","[0.25,0.25,0.25,0.25]",,[],0.0
new_ground,99,instance_0000,instance_0000,unique_observed_anchor,0.0,True,False,False,rack,1322,105,False,"[0.0,0.0,0.0,0.0]","[0.25,0.25,0.25,0.25]","[0.19999999999999996,0.225,0.25,0.325]","[0.19999999999999996,0.225,0.25,0.325]",0.5,[],0.0
new_ground,99,instance_0001,instance_0001,unique_observed_anchor,0.0,True,False,False,cabinet,3417,517,False,"[0.0,-5.8272853582631186,-4.215058886728593,-18.771776486790614]","[0.9825909231321696,0.002894775393774308,0.014514294557437928,6.916618217348976e-09]","[0.9874405299718857,0.002461514545061555,0.01009795174033836,3.742714442427629e-09]","[0.9870749825227253,0.0024941723260533833,0.010430841169268245,3.981952893532724e-09]",0.4523014146553829,"[""instance_0002""]",0.00036554744916039716
new_ground,99,instance_0002,instance_0002,unique_observed_anchor,0.0,True,False,False,cabinet,2599,341,False,"[-4.789409156526482,-2.8987438029460146,0.0,-5.845602418004434]","[0.007800198724839844,0.051666756372679326,0.9378203137047072,0.0027127311977736476]","[0.011107610298204337,0.06225518062425518,0.9245571464223233,0.00208006265521717]","[0.011948115304744046,0.06494599287952062,0.9211866077832276,0.0019192840325077027]",0.6134863346698446,"[""instance_0001""]",0.003370538639095755
new_ground,99,instance_0003,instance_0003,unique_observed_anchor,0.0,False,False,False,rack,54,0,False,"[0.0,0.0,0.0,0.0]","[0.25,0.25,0.25,0.25]","[0.25,0.25,0.25,0.25]","[0.25,0.25,0.25,0.25]",,[],0.0
new_ground,100,instance_0000,instance_0000,unique_observed_anchor,0.0,True,False,False,rack,1322,105,False,"[0.0,0.0,0.0,0.0]","[0.25,0.25,0.25,0.25]","[0.19999999999999996,0.225,0.25,0.325]","[0.19999999999999996,0.225,0.25,0.325]",0.5,[],0.0
new_ground,100,instance_0001,instance_0001,unique_observed_anchor,0.0,True,False,False,cabinet,3417,517,False,"[0.0,-5.8272853582631186,-4.215058886728593,-18.771776486790614]","[0.9825909231321696,0.002894775393774308,0.014514294557437928,6.916618217348976e-09]","[0.9874405299718857,0.002461514545061555,0.01009795174033836,3.742714442427629e-09]","[0.9870749825227253,0.0024941723260533833,0.010430841169268245,3.981952893532724e-09]",0.4523014146553829,"[""instance_0002""]",0.00036554744916039716
new_ground,100,instance_0002,instance_0002,unique_observed_anchor,0.0,True,False,False,cabinet,2599,341,False,"[-4.789409156526482,-2.8987438029460146,0.0,-5.845602418004434]","[0.007800198724839844,0.051666756372679326,0.9378203137047072,0.0027127311977736476]","[0.011107610298204337,0.06225518062425518,0.9245571464223233,0.00208006265521717]","[0.011948115304744046,0.06494599287952062,0.9211866077832276,0.0019192840325077027]",0.6134863346698446,"[""instance_0001""]",0.003370538639095755
new_ground,100,instance_0003,instance_0003,unique_observed_anchor,0.0,False,False,False,rack,54,0,False,"[0.0,0.0,0.0,0.0]","[0.25,0.25,0.25,0.25]","[0.25,0.25,0.25,0.25]","[0.25,0.25,0.25,0.25]",,[],0.0
new_ground,101,instance_0000,instance_0000,unique_observed_anchor,0.0,True,False,False,rack,1654,129,False,"[0.0,0.0,0.0,0.0]","[0.25,0.25,0.25,0.25]","[0.19999999999999996,0.225,0.25,0.325]","[0.19999999999999996,0.225,0.25,0.325]",0.5,[],0.0
new_ground,101,instance_0001,instance_0001,unique_observed_anchor,0.0,True,False,False,cabinet,3417,517,False,"[0.0,-5.8272853582631186,-4.215058886728593,-18.771776486790614]","[0.9825909231321696,0.002894775393774308,0.014514294557437928,6.916618217348976e-09]","[0.9874405299718857,0.002461514545061555,0.01009795174033836,3.742714442427629e-09]","[0.9870749825227253,0.0024941723260533833,0.010430841169268245,3.981952893532724e-09]",0.4523014146553829,"[""instance_0002""]",0.00036554744916039716
new_ground,101,instance_0002,instance_0002,unique_observed_anchor,0.0,True,False,False,cabinet,2599,341,False,"[-4.789409156526482,-2.8987438029460146,0.0,-5.845602418004434]","[0.007800198724839844,0.051666756372679326,0.9378203137047072,0.0027127311977736476]","[0.011107610298204337,0.06225518062425518,0.9245571464223233,0.00208006265521717]","[0.011948115304744046,0.06494599287952062,0.9211866077832276,0.0019192840325077027]",0.6134863346698446,"[""instance_0001""]",0.003370538639095755
new_ground,101,instance_0003,instance_0003,unique_observed_anchor,0.0,False,False,False,rack,54,0,False,"[0.0,0.0,0.0,0.0]","[0.25,0.25,0.25,0.25]","[0.25,0.25,0.25,0.25]","[0.25,0.25,0.25,0.25]",,[],0.0
new_ground,102,instance_0000,instance_0000,unique_observed_anchor,0.0,True,False,False,rack,1887,149,False,"[0.0,0.0,0.0,0.0]","[0.25,0.25,0.25,0.25]","[0.19999999999999996,0.225,0.25,0.325]","[0.19999999999999996,0.225,0.25,0.325]",0.5,"[""instance_0003""]",0.0
new_ground,102,instance_0001,instance_0001,unique_observed_anchor,0.0,True,False,False,cabinet,3417,517,False,"[0.0,-5.8272853582631186,-4.215058886728593,-18.771776486790614]","[0.9825909231321696,0.002894775393774308,0.014514294557437928,6.916618217348976e-09]","[0.9874405299718857,0.002461514545061555,0.01009795174033836,3.742714442427629e-09]","[0.9870749825227253,0.0024941723260533833,0.010430841169268245,3.981952893532724e-09]",0.4523014146553829,"[""instance_0002""]",0.00036554744916039716
new_ground,102,instance_0002,instance_0002,unique_observed_anchor,0.0,True,False,False,cabinet,2599,341,False,"[-4.789409156526482,-2.8987438029460146,0.0,-5.845602418004434]","[0.007800198724839844,0.051666756372679326,0.9378203137047072,0.0027127311977736476]","[0.011107610298204337,0.06225518062425518,0.9245571464223233,0.00208006265521717]","[0.011948115304744046,0.06494599287952062,0.9211866077832276,0.0019192840325077027]",0.6134863346698446,"[""instance_0001""]",0.003370538639095755
new_ground,102,instance_0003,instance_0003,unique_observed_anchor,0.0,True,False,False,rack,303,56,False,"[0.0,0.0,0.0,0.0]","[0.25,0.25,0.25,0.25]","[0.19999999999999996,0.225,0.25,0.325]","[0.19999999999999996,0.225,0.25,0.325]",0.5,"[""instance_0000""]",0.0
new_ground,103,instance_0000,instance_0000,unique_observed_anchor,0.0,True,False,False,rack,2148,169,False,"[0.0,0.0,0.0,0.0]","[0.25,0.25,0.25,0.25]","[0.19999999999999996,0.225,0.25,0.325]","[0.19999999999999996,0.225,0.25,0.325]",0.5,"[""instance_0003""]",0.0
new_ground,103,instance_0001,instance_0001,unique_observed_anchor,0.0,False,True,False,cabinet,3417,517,False,"[0.0,-5.8272853582631186,-4.215058886728593,-18.771776486790614]","[0.9825909231321696,0.002894775393774308,0.014514294557437928,6.916618217348976e-09]","[0.9825909231321696,0.002894775393774308,0.014514294557437928,6.916618217348976e-09]","[0.9825909231321696,0.002894775393774308,0.014514294557437928,6.916618217348976e-09]",,[],0.0
new_ground,103,instance_0002,instance_0002,unique_observed_anchor,0.0,True,False,False,cabinet,3140,364,True,"[-4.789409156526482,-2.8987438029460146,0.0,-9.250935778575485]","[0.00782070994475333,0.05180261806538233,0.9402863840411554,9.028794870892512e-05]","[0.011129992863116384,0.062380628905570806,0.9264201898483283,6.918838298452601e-05]","[0.011129992863116384,0.062380628905570806,0.9264201898483283,6.918838298452601e-05]",0.5,[],0.0
new_ground,103,instance_0003,instance_0003,unique_observed_anchor,0.0,True,False,False,rack,303,56,False,"[0.0,0.0,0.0,0.0]","[0.25,0.25,0.25,0.25]","[0.19999999999999996,0.225,0.25,0.325]","[0.19999999999999996,0.225,0.25,0.325]",0.5,"[""instance_0000""]",0.0
new_ground,104,instance_0000,instance_0000,unique_observed_anchor,0.0,True,False,False,rack,2420,190,False,"[0.0,0.0,0.0,0.0]","[0.25,0.25,0.25,0.25]","[0.19999999999999996,0.225,0.25,0.325]","[0.19999999999999996,0.225,0.25,0.325]",0.5,"[""instance_0003""]",0.0
new_ground,104,instance_0001,instance_0001,unique_observed_anchor,0.0,True,False,False,cabinet,3660,539,True,"[0.0,-5.8272853582631186,-4.215058886728593,-21.776574231805707]","[0.9825909295916322,0.0028947754128042973,0.014514294652853563,3.427099606941463e-10]","[0.9874405334844757,0.0024615145538178203,0.010097951776259472,1.8544691571484088e-10]","[0.9870776153632733,0.0024939374527613856,0.010428446986749756,1.9721563127998328e-10]",0.45263709867084034,"[""instance_0002""]",0.0003629181212023713
new_ground,104,instance_0002,instance_0002,unique_observed_anchor,0.0,True,False,False,cabinet,3215,365,False,"[-4.789409156526482,-2.8987438029460146,0.0,-9.250935778575485]","[0.00782070994475333,0.05180261806538233,0.9402863840411554,9.028794870892512e-05]","[0.011129992863116384,0.062380628905570806,0.9264201898483283,6.918838298452601e-05]","[0.011970327116848332,0.0650667289050701,0.9228991134590979,6.383051898362888e-05]",0.6134863358358174,"[""instance_0001""]",0.003521076389230382
new_ground,104,instance_0003,instance_0003,unique_observed_anchor,0.0,True,False,False,rack,303,56,False,"[0.0,0.0,0.0,0.0]","[0.25,0.25,0.25,0.25]","[0.19999999999999996,0.225,0.25,0.325]","[0.19999999999999996,0.225,0.25,0.325]",0.5,"[""instance_0000""]",0.0
new_ground,105,instance_0000,instance_0000,unique_observed_anchor,0.0,True,False,False,rack,2741,214,False,"[0.0,0.0,0.0,0.0]","[0.25,0.25,0.25,0.25]","[0.19999999999999996,0.225,0.25,0.325]","[0.19999999999999996,0.225,0.25,0.325]",0.5,"[""instance_0003""]",0.0
new_ground,105,instance_0001,instance_0001,unique_observed_anchor,0.0,True,False,False,cabinet,3944,561,True,"[0.0,-5.8272853582631186,-4.215058886728593,-24.0]","[0.9825909298919275,0.0028947754136889837,0.014514294657289373,3.709412962330341e-11]","[0.9874405336477733,0.0024615145542248923,0.010097951777929416,2.0072343140742852e-11]","[0.98707761553687,0.0024939374531999917,0.010428446988583804,2.1346161560856796e-11]",0.45263709867084034,"[""instance_0002""]",0.0003629181109032764
new_ground,105,instance_0002,instance_0002,unique_observed_anchor,0.0,True,False,False,cabinet,3234,365,False,"[-4.789409156526482,-2.8987438029460146,0.0,-9.250935778575485]","[0.00782070994475333,0.05180261806538233,0.9402863840411554,9.028794870892512e-05]","[0.011129992863116384,0.062380628905570806,0.9264201898483283,6.918838298452601e-05]","[0.011970327117258504,0.06506672890638125,0.9228991134573792,6.383051898101351e-05]",0.6134863358900225,"[""instance_0001""]",0.0035210763909491183
new_ground,105,instance_0003,instance_0003,unique_observed_anchor,0.0,True,False,False,rack,303,56,False,"[0.0,0.0,0.0,0.0]","[0.25,0.25,0.25,0.25]","[0.19999999999999996,0.225,0.25,0.325]","[0.19999999999999996,0.225,0.25,0.325]",0.5,"[""instance_0000""]",0.0
new_ground,106,instance_0000,instance_0000,unique_observed_anchor,0.0,True,False,False,rack,2837,221,False,"[0.0,0.0,0.0,0.0]","[0.25,0.25,0.25,0.25]","[0.19999999999999996,0.225,0.25,0.325]","[0.19999999999999996,0.225,0.25,0.325]",0.5,"[""instance_0003""]",0.0
new_ground,106,instance_0001,instance_0001,unique_observed_anchor,0.0,True,False,False,cabinet,4096,561,False,"[0.0,-5.8272853582631186,-4.215058886728593,-24.0]","[0.9825909298919275,0.0028947754136889837,0.014514294657289373,3.709412962330341e-11]","[0.9874405336477733,0.0024615145542248923,0.010097951777929416,2.0072343140742852e-11]","[0.98707761553687,0.0024939374531999917,0.010428446988583804,2.1346161560856796e-11]",0.45263709867084034,"[""instance_0002""]",0.0003629181109032764
new_ground,106,instance_0002,instance_0002,unique_observed_anchor,0.0,True,False,False,cabinet,3234,365,False,"[-4.789409156526482,-2.8987438029460146,0.0,-9.250935778575485]","[0.00782070994475333,0.05180261806538233,0.9402863840411554,9.028794870892512e-05]","[0.011129992863116384,0.062380628905570806,0.9264201898483283,6.918838298452601e-05]","[0.011970327117258504,0.06506672890638125,0.9228991134573792,6.383051898101351e-05]",0.6134863358900225,"[""instance_0001""]",0.0035210763909491183
new_ground,106,instance_0003,instance_0003,unique_observed_anchor,0.0,True,False,False,rack,303,56,False,"[0.0,0.0,0.0,0.0]","[0.25,0.25,0.25,0.25]","[0.19999999999999996,0.225,0.25,0.325]","[0.19999999999999996,0.225,0.25,0.325]",0.5,"[""instance_0000""]",0.0
new_ground,107,instance_0000,instance_0000,unique_observed_anchor,0.0,True,False,False,rack,2889,226,False,"[0.0,0.0,0.0,0.0]","[0.25,0.25,0.25,0.25]","[0.19999999999999996,0.225,0.25,0.325]","[0.19999999999999996,0.225,0.25,0.325]",0.5,"[""instance_0003""]",0.0
new_ground,107,instance_0001,instance_0001,unique_observed_anchor,0.0,True,False,False,cabinet,4096,561,False,"[0.0,-5.8272853582631186,-4.215058886728593,-24.0]","[0.9825909298919275,0.0028947754136889837,0.014514294657289373,3.709412962330341e-11]","[0.9874405336477733,0.0024615145542248923,0.010097951777929416,2.0072343140742852e-11]","[0.98707761553687,0.0024939374531999917,0.010428446988583804,2.1346161560856796e-11]",0.45263709867084034,"[""instance_0002""]",0.0003629181109032764
new_ground,107,instance_0002,instance_0002,unique_observed_anchor,0.0,True,False,False,cabinet,3234,365,False,"[-4.789409156526482,-2.8987438029460146,0.0,-9.250935778575485]","[0.00782070994475333,0.05180261806538233,0.9402863840411554,9.028794870892512e-05]","[0.011129992863116384,0.062380628905570806,0.9264201898483283,6.918838298452601e-05]","[0.011970327117258504,0.06506672890638125,0.9228991134573792,6.383051898101351e-05]",0.6134863358900225,"[""instance_0001""]",0.0035210763909491183
new_ground,107,instance_0003,instance_0003,unique_observed_anchor,0.0,True,False,False,rack,303,56,False,"[0.0,0.0,0.0,0.0]","[0.25,0.25,0.25,0.25]","[0.19999999999999996,0.225,0.25,0.325]","[0.19999999999999996,0.225,0.25,0.325]",0.5,"[""instance_0000""]",0.0
new_ground,108,instance_0000,instance_0000,unique_observed_anchor,0.0,True,False,False,rack,2889,226,False,"[0.0,0.0,0.0,0.0]","[0.25,0.25,0.25,0.25]","[0.19999999999999996,0.225,0.25,0.325]","[0.19999999999999996,0.225,0.25,0.325]",0.5,"[""instance_0003""]",0.0
new_ground,108,instance_0001,instance_0001,unique_observed_anchor,0.0,True,False,False,cabinet,4096,561,False,"[0.0,-5.8272853582631186,-4.215058886728593,-24.0]","[0.9825909298919275,0.0028947754136889837,0.014514294657289373,3.709412962330341e-11]","[0.9874405336477733,0.0024615145542248923,0.010097951777929416,2.0072343140742852e-11]","[0.98707761553687,0.0024939374531999917,0.010428446988583804,2.1346161560856796e-11]",0.45263709867084034,"[""instance_0002""]",0.0003629181109032764
new_ground,108,instance_0002,instance_0002,unique_observed_anchor,0.0,True,False,False,cabinet,3263,365,False,"[-4.789409156526482,-2.8987438029460146,0.0,-9.250935778575485]","[0.00782070994475333,0.05180261806538233,0.9402863840411554,9.028794870892512e-05]","[0.011129992863116384,0.062380628905570806,0.9264201898483283,6.918838298452601e-05]","[0.011970327117258504,0.06506672890638125,0.9228991134573792,6.383051898101351e-05]",0.6134863358900225,"[""instance_0001""]",0.0035210763909491183
new_ground,108,instance_0003,instance_0003,unique_observed_anchor,0.0,True,False,False,rack,303,56,False,"[0.0,0.0,0.0,0.0]","[0.25,0.25,0.25,0.25]","[0.19999999999999996,0.225,0.25,0.325]","[0.19999999999999996,0.225,0.25,0.325]",0.5,"[""instance_0000""]",0.0
new_ground,109,instance_0000,instance_0000,unique_observed_anchor,0.0,True,False,False,rack,2889,226,False,"[0.0,0.0,0.0,0.0]","[0.25,0.25,0.25,0.25]","[0.19999999999999996,0.225,0.25,0.325]","[0.19999999999999996,0.225,0.25,0.325]",0.5,"[""instance_0003""]",0.0
new_ground,109,instance_0001,instance_0001,unique_observed_anchor,0.0,True,False,False,cabinet,4096,561,False,"[0.0,-5.8272853582631186,-4.215058886728593,-24.0]","[0.9825909298919275,0.0028947754136889837,0.014514294657289373,3.709412962330341e-11]","[0.9874405336477733,0.0024615145542248923,0.010097951777929416,2.0072343140742852e-11]","[0.98707761553687,0.0024939374531999917,0.010428446988583804,2.1346161560856796e-11]",0.45263709867084034,"[""instance_0002""]",0.0003629181109032764
new_ground,109,instance_0002,instance_0002,unique_observed_anchor,0.0,True,False,False,cabinet,3347,365,False,"[-4.789409156526482,-2.8987438029460146,0.0,-9.250935778575485]","[0.00782070994475333,0.05180261806538233,0.9402863840411554,9.028794870892512e-05]","[0.011129992863116384,0.062380628905570806,0.9264201898483283,6.918838298452601e-05]","[0.011970327117258504,0.06506672890638125,0.9228991134573792,6.383051898101351e-05]",0.6134863358900225,"[""instance_0001""]",0.0035210763909491183
new_ground,109,instance_0003,instance_0003,unique_observed_anchor,0.0,True,False,False,rack,303,56,False,"[0.0,0.0,0.0,0.0]","[0.25,0.25,0.25,0.25]","[0.19999999999999996,0.225,0.25,0.325]","[0.19999999999999996,0.225,0.25,0.325]",0.5,"[""instance_0000""]",0.0
new_ground,110,instance_0000,instance_0000,unique_observed_anchor,0.0,True,False,False,rack,2889,226,False,"[0.0,0.0,0.0,0.0]","[0.25,0.25,0.25,0.25]","[0.19999999999999996,0.225,0.25,0.325]","[0.19999999999999996,0.225,0.25,0.325]",0.5,"[""instance_0003""]",0.0
new_ground,110,instance_0001,instance_0001,unique_observed_anchor,0.0,True,False,False,cabinet,4096,561,False,"[0.0,-5.8272853582631186,-4.215058886728593,-24.0]","[0.9825909298919275,0.0028947754136889837,0.014514294657289373,3.709412962330341e-11]","[0.9874405336477733,0.0024615145542248923,0.010097951777929416,2.0072343140742852e-11]","[0.98707761553687,0.0024939374531999917,0.010428446988583804,2.1346161560856796e-11]",0.45263709867084034,"[""instance_0002""]",0.0003629181109032764
new_ground,110,instance_0002,instance_0002,unique_observed_anchor,0.0,True,False,False,cabinet,3369,365,False,"[-4.789409156526482,-2.8987438029460146,0.0,-9.250935778575485]","[0.00782070994475333,0.05180261806538233,0.9402863840411554,9.028794870892512e-05]","[0.011129992863116384,0.062380628905570806,0.9264201898483283,6.918838298452601e-05]","[0.011970327117258504,0.06506672890638125,0.9228991134573792,6.383051898101351e-05]",0.6134863358900225,"[""instance_0001""]",0.0035210763909491183
new_ground,110,instance_0003,instance_0003,unique_observed_anchor,0.0,True,False,False,rack,303,56,False,"[0.0,0.0,0.0,0.0]","[0.25,0.25,0.25,0.25]","[0.19999999999999996,0.225,0.25,0.325]","[0.19999999999999996,0.225,0.25,0.325]",0.5,"[""instance_0000""]",0.0
new_ground,111,instance_0000,instance_0000,unique_observed_anchor,0.0,True,False,False,rack,2889,226,False,"[0.0,0.0,0.0,0.0]","[0.25,0.25,0.25,0.25]","[0.19999999999999996,0.225,0.25,0.325]","[0.19999999999999996,0.225,0.25,0.325]",0.5,"[""instance_0003""]",0.0
new_ground,111,instance_0001,instance_0001,unique_observed_anchor,0.0,True,False,False,cabinet,4096,561,False,"[0.0,-5.8272853582631186,-4.215058886728593,-24.0]","[0.9825909298919275,0.0028947754136889837,0.014514294657289373,3.709412962330341e-11]","[0.9874405336477733,0.0024615145542248923,0.010097951777929416,2.0072343140742852e-11]","[0.98707761553687,0.0024939374531999917,0.010428446988583804,2.1346161560856796e-11]",0.45263709867084034,"[""instance_0002""]",0.0003629181109032764
new_ground,111,instance_0002,instance_0002,unique_observed_anchor,0.0,True,False,False,cabinet,3444,365,False,"[-4.789409156526482,-2.8987438029460146,0.0,-9.250935778575485]","[0.00782070994475333,0.05180261806538233,0.9402863840411554,9.028794870892512e-05]","[0.011129992863116384,0.062380628905570806,0.9264201898483283,6.918838298452601e-05]","[0.011970327117258504,0.06506672890638125,0.9228991134573792,6.383051898101351e-05]",0.6134863358900225,"[""instance_0001""]",0.0035210763909491183
new_ground,111,instance_0003,instance_0003,unique_observed_anchor,0.0,True,False,False,rack,303,56,False,"[0.0,0.0,0.0,0.0]","[0.25,0.25,0.25,0.25]","[0.19999999999999996,0.225,0.25,0.325]","[0.19999999999999996,0.225,0.25,0.325]",0.5,"[""instance_0000""]",0.0
new_ground,112,instance_0000,instance_0000,unique_observed_anchor,0.0,True,False,False,rack,2889,226,False,"[0.0,0.0,0.0,0.0]","[0.25,0.25,0.25,0.25]","[0.19999999999999996,0.225,0.25,0.325]","[0.19999999999999996,0.225,0.25,0.325]",0.5,"[""instance_0003""]",0.0
new_ground,112,instance_0001,instance_0001,unique_observed_anchor,0.0,True,False,False,cabinet,4096,561,False,"[0.0,-5.8272853582631186,-4.215058886728593,-24.0]","[0.9825909298919275,0.0028947754136889837,0.014514294657289373,3.709412962330341e-11]","[0.9874405336477733,0.0024615145542248923,0.010097951777929416,2.0072343140742852e-11]","[0.98707761553687,0.0024939374531999917,0.010428446988583804,2.1346161560856796e-11]",0.45263709867084034,"[""instance_0002""]",0.0003629181109032764
new_ground,112,instance_0002,instance_0002,unique_observed_anchor,0.0,True,False,False,cabinet,3464,365,False,"[-4.789409156526482,-2.8987438029460146,0.0,-9.250935778575485]","[0.00782070994475333,0.05180261806538233,0.9402863840411554,9.028794870892512e-05]","[0.011129992863116384,0.062380628905570806,0.9264201898483283,6.918838298452601e-05]","[0.011970327117258504,0.06506672890638125,0.9228991134573792,6.383051898101351e-05]",0.6134863358900225,"[""instance_0001""]",0.0035210763909491183
new_ground,112,instance_0003,instance_0003,unique_observed_anchor,0.0,True,False,False,rack,303,56,False,"[0.0,0.0,0.0,0.0]","[0.25,0.25,0.25,0.25]","[0.19999999999999996,0.225,0.25,0.325]","[0.19999999999999996,0.225,0.25,0.325]",0.5,"[""instance_0000""]",0.0
new_ground,113,instance_0000,instance_0000,unique_observed_anchor,0.0,True,False,False,rack,2889,226,False,"[0.0,0.0,0.0,0.0]","[0.25,0.25,0.25,0.25]","[0.19999999999999996,0.225,0.25,0.325]","[0.19999999999999996,0.225,0.25,0.325]",0.5,"[""instance_0003""]",0.0
new_ground,113,instance_0001,instance_0001,unique_observed_anchor,0.0,True,False,False,cabinet,4096,561,False,"[0.0,-5.8272853582631186,-4.215058886728593,-24.0]","[0.9825909298919275,0.0028947754136889837,0.014514294657289373,3.709412962330341e-11]","[0.9874405336477733,0.0024615145542248923,0.010097951777929416,2.0072343140742852e-11]","[0.98707761553687,0.0024939374531999917,0.010428446988583804,2.1346161560856796e-11]",0.45263709867084034,"[""instance_0002""]",0.0003629181109032764
new_ground,113,instance_0002,instance_0002,unique_observed_anchor,0.0,True,False,False,cabinet,3468,365,False,"[-4.789409156526482,-2.8987438029460146,0.0,-9.250935778575485]","[0.00782070994475333,0.05180261806538233,0.9402863840411554,9.028794870892512e-05]","[0.011129992863116384,0.062380628905570806,0.9264201898483283,6.918838298452601e-05]","[0.011970327117258504,0.06506672890638125,0.9228991134573792,6.383051898101351e-05]",0.6134863358900225,"[""instance_0001""]",0.0035210763909491183
new_ground,113,instance_0003,instance_0003,unique_observed_anchor,0.0,True,False,False,rack,303,56,False,"[0.0,0.0,0.0,0.0]","[0.25,0.25,0.25,0.25]","[0.19999999999999996,0.225,0.25,0.325]","[0.19999999999999996,0.225,0.25,0.325]",0.5,"[""instance_0000""]",0.0
new_ground,114,instance_0000,instance_0000,unique_observed_anchor,0.0,True,False,False,rack,2889,226,False,"[0.0,0.0,0.0,0.0]","[0.25,0.25,0.25,0.25]","[0.19999999999999996,0.225,0.25,0.325]","[0.19999999999999996,0.225,0.25,0.325]",0.5,"[""instance_0003""]",0.0
new_ground,114,instance_0001,instance_0001,unique_observed_anchor,0.0,True,False,False,cabinet,4096,561,False,"[0.0,-5.8272853582631186,-4.215058886728593,-24.0]","[0.9825909298919275,0.0028947754136889837,0.014514294657289373,3.709412962330341e-11]","[0.9874405336477733,0.0024615145542248923,0.010097951777929416,2.0072343140742852e-11]","[0.98707761553687,0.0024939374531999917,0.010428446988583804,2.1346161560856796e-11]",0.45263709867084034,"[""instance_0002""]",0.0003629181109032764
new_ground,114,instance_0002,instance_0002,unique_observed_anchor,0.0,True,False,False,cabinet,3468,365,False,"[-4.789409156526482,-2.8987438029460146,0.0,-9.250935778575485]","[0.00782070994475333,0.05180261806538233,0.9402863840411554,9.028794870892512e-05]","[0.011129992863116384,0.062380628905570806,0.9264201898483283,6.918838298452601e-05]","[0.011970327117258504,0.06506672890638125,0.9228991134573792,6.383051898101351e-05]",0.6134863358900225,"[""instance_0001""]",0.0035210763909491183
new_ground,114,instance_0003,instance_0003,unique_observed_anchor,0.0,True,False,False,rack,303,56,False,"[0.0,0.0,0.0,0.0]","[0.25,0.25,0.25,0.25]","[0.19999999999999996,0.225,0.25,0.325]","[0.19999999999999996,0.225,0.25,0.325]",0.5,"[""instance_0000""]",0.0
new_ground,115,instance_0000,instance_0000,unique_observed_anchor,0.0,True,False,False,rack,2889,226,False,"[0.0,0.0,0.0,0.0]","[0.25,0.25,0.25,0.25]","[0.19999999999999996,0.225,0.25,0.325]","[0.19999999999999996,0.225,0.25,0.325]",0.5,"[""instance_0003""]",0.0
new_ground,115,instance_0001,instance_0001,unique_observed_anchor,0.0,True,False,False,cabinet,4096,561,False,"[0.0,-5.8272853582631186,-4.215058886728593,-24.0]","[0.9825909298919275,0.0028947754136889837,0.014514294657289373,3.709412962330341e-11]","[0.9874405336477733,0.0024615145542248923,0.010097951777929416,2.0072343140742852e-11]","[0.98707761553687,0.0024939374531999917,0.010428446988583804,2.1346161560856796e-11]",0.45263709867084034,"[""instance_0002""]",0.0003629181109032764
new_ground,115,instance_0002,instance_0002,unique_observed_anchor,0.0,True,False,False,cabinet,3468,365,False,"[-4.789409156526482,-2.8987438029460146,0.0,-9.250935778575485]","[0.00782070994475333,0.05180261806538233,0.9402863840411554,9.028794870892512e-05]","[0.011129992863116384,0.062380628905570806,0.9264201898483283,6.918838298452601e-05]","[0.011970327117258504,0.06506672890638125,0.9228991134573792,6.383051898101351e-05]",0.6134863358900225,"[""instance_0001""]",0.0035210763909491183
new_ground,115,instance_0003,instance_0003,unique_observed_anchor,0.0,True,False,False,rack,303,56,False,"[0.0,0.0,0.0,0.0]","[0.25,0.25,0.25,0.25]","[0.19999999999999996,0.225,0.25,0.325]","[0.19999999999999996,0.225,0.25,0.325]",0.5,"[""instance_0000""]",0.0
new_ground,116,instance_0000,instance_0000,unique_observed_anchor,0.0,True,False,False,rack,2889,226,False,"[0.0,0.0,0.0,0.0]","[0.25,0.25,0.25,0.25]","[0.19999999999999996,0.225,0.25,0.325]","[0.19999999999999996,0.225,0.25,0.325]",0.5,"[""instance_0003""]",0.0
new_ground,116,instance_0001,instance_0001,unique_observed_anchor,0.0,True,False,False,cabinet,4096,561,False,"[0.0,-5.8272853582631186,-4.215058886728593,-24.0]","[0.9825909298919275,0.0028947754136889837,0.014514294657289373,3.709412962330341e-11]","[0.9874405336477733,0.0024615145542248923,0.010097951777929416,2.0072343140742852e-11]","[0.98707761553687,0.0024939374531999917,0.010428446988583804,2.1346161560856796e-11]",0.45263709867084034,"[""instance_0002""]",0.0003629181109032764
new_ground,116,instance_0002,instance_0002,unique_observed_anchor,0.0,True,False,False,cabinet,3468,365,False,"[-4.789409156526482,-2.8987438029460146,0.0,-9.250935778575485]","[0.00782070994475333,0.05180261806538233,0.9402863840411554,9.028794870892512e-05]","[0.011129992863116384,0.062380628905570806,0.9264201898483283,6.918838298452601e-05]","[0.011970327117258504,0.06506672890638125,0.9228991134573792,6.383051898101351e-05]",0.6134863358900225,"[""instance_0001""]",0.0035210763909491183
new_ground,116,instance_0003,instance_0003,unique_observed_anchor,0.0,True,False,False,rack,303,56,False,"[0.0,0.0,0.0,0.0]","[0.25,0.25,0.25,0.25]","[0.19999999999999996,0.225,0.25,0.325]","[0.19999999999999996,0.225,0.25,0.325]",0.5,"[""instance_0000""]",0.0
new_ground,117,instance_0000,instance_0000,unique_observed_anchor,0.0,True,False,False,rack,2889,226,False,"[0.0,0.0,0.0,0.0]","[0.25,0.25,0.25,0.25]","[0.19999999999999996,0.225,0.25,0.325]","[0.19999999999999996,0.225,0.25,0.325]",0.5,"[""instance_0003""]",0.0
new_ground,117,instance_0001,instance_0001,unique_observed_anchor,0.0,True,False,False,cabinet,4096,561,False,"[0.0,-5.8272853582631186,-4.215058886728593,-24.0]","[0.9825909298919275,0.0028947754136889837,0.014514294657289373,3.709412962330341e-11]","[0.9874405336477733,0.0024615145542248923,0.010097951777929416,2.0072343140742852e-11]","[0.98707761553687,0.0024939374531999917,0.010428446988583804,2.1346161560856796e-11]",0.45263709867084034,"[""instance_0002""]",0.0003629181109032764
new_ground,117,instance_0002,instance_0002,unique_observed_anchor,0.0,True,False,False,cabinet,3468,365,False,"[-4.789409156526482,-2.8987438029460146,0.0,-9.250935778575485]","[0.00782070994475333,0.05180261806538233,0.9402863840411554,9.028794870892512e-05]","[0.011129992863116384,0.062380628905570806,0.9264201898483283,6.918838298452601e-05]","[0.011970327117258504,0.06506672890638125,0.9228991134573792,6.383051898101351e-05]",0.6134863358900225,"[""instance_0001""]",0.0035210763909491183
new_ground,117,instance_0003,instance_0003,unique_observed_anchor,0.0,True,False,False,rack,303,56,False,"[0.0,0.0,0.0,0.0]","[0.25,0.25,0.25,0.25]","[0.19999999999999996,0.225,0.25,0.325]","[0.19999999999999996,0.225,0.25,0.325]",0.5,"[""instance_0000""]",0.0
new_ground,118,instance_0000,instance_0000,unique_observed_anchor,0.0,True,False,False,rack,2889,226,False,"[0.0,0.0,0.0,0.0]","[0.25,0.25,0.25,0.25]","[0.19999999999999996,0.225,0.25,0.325]","[0.19999999999999996,0.225,0.25,0.325]",0.5,"[""instance_0003""]",0.0
new_ground,118,instance_0001,instance_0001,unique_observed_anchor,0.0,True,False,False,cabinet,4096,561,False,"[0.0,-5.8272853582631186,-4.215058886728593,-24.0]","[0.9825909298919275,0.0028947754136889837,0.014514294657289373,3.709412962330341e-11]","[0.9874405336477733,0.0024615145542248923,0.010097951777929416,2.0072343140742852e-11]","[0.98707761553687,0.0024939374531999917,0.010428446988583804,2.1346161560856796e-11]",0.45263709867084034,"[""instance_0002""]",0.0003629181109032764
new_ground,118,instance_0002,instance_0002,unique_observed_anchor,0.0,True,False,False,cabinet,3468,365,False,"[-4.789409156526482,-2.8987438029460146,0.0,-9.250935778575485]","[0.00782070994475333,0.05180261806538233,0.9402863840411554,9.028794870892512e-05]","[0.011129992863116384,0.062380628905570806,0.9264201898483283,6.918838298452601e-05]","[0.011970327117258504,0.06506672890638125,0.9228991134573792,6.383051898101351e-05]",0.6134863358900225,"[""instance_0001""]",0.0035210763909491183
new_ground,118,instance_0003,instance_0003,unique_observed_anchor,0.0,True,False,False,rack,303,56,False,"[0.0,0.0,0.0,0.0]","[0.25,0.25,0.25,0.25]","[0.19999999999999996,0.225,0.25,0.325]","[0.19999999999999996,0.225,0.25,0.325]",0.5,"[""instance_0000""]",0.0
new_ground,119,instance_0000,instance_0000,unique_observed_anchor,0.0,True,False,False,rack,2889,226,False,"[0.0,0.0,0.0,0.0]","[0.25,0.25,0.25,0.25]","[0.19999999999999996,0.225,0.25,0.325]","[0.19999999999999996,0.225,0.25,0.325]",0.5,"[""instance_0003""]",0.0
new_ground,119,instance_0001,instance_0001,unique_observed_anchor,0.0,True,False,False,cabinet,4096,561,False,"[0.0,-5.8272853582631186,-4.215058886728593,-24.0]","[0.9825909298919275,0.0028947754136889837,0.014514294657289373,3.709412962330341e-11]","[0.9874405336477733,0.0024615145542248923,0.010097951777929416,2.0072343140742852e-11]","[0.98707761553687,0.0024939374531999917,0.010428446988583804,2.1346161560856796e-11]",0.45263709867084034,"[""instance_0002""]",0.0003629181109032764
new_ground,119,instance_0002,instance_0002,unique_observed_anchor,0.0,True,False,False,cabinet,3468,365,False,"[-4.789409156526482,-2.8987438029460146,0.0,-9.250935778575485]","[0.00782070994475333,0.05180261806538233,0.9402863840411554,9.028794870892512e-05]","[0.011129992863116384,0.062380628905570806,0.9264201898483283,6.918838298452601e-05]","[0.011970327117258504,0.06506672890638125,0.9228991134573792,6.383051898101351e-05]",0.6134863358900225,"[""instance_0001""]",0.0035210763909491183
new_ground,119,instance_0003,instance_0003,unique_observed_anchor,0.0,True,False,False,rack,303,56,False,"[0.0,0.0,0.0,0.0]","[0.25,0.25,0.25,0.25]","[0.19999999999999996,0.225,0.25,0.325]","[0.19999999999999996,0.225,0.25,0.325]",0.5,"[""instance_0000""]",0.0
new_ground,120,instance_0000,instance_0000,unique_observed_anchor,0.0,True,False,False,rack,2889,226,False,"[0.0,0.0,0.0,0.0]","[0.25,0.25,0.25,0.25]","[0.19999999999999996,0.225,0.25,0.325]","[0.19999999999999996,0.225,0.25,0.325]",0.5,"[""instance_0003""]",0.0
new_ground,120,instance_0001,instance_0001,unique_observed_anchor,0.0,True,False,False,cabinet,4096,561,False,"[0.0,-5.8272853582631186,-4.215058886728593,-24.0]","[0.9825909298919275,0.0028947754136889837,0.014514294657289373,3.709412962330341e-11]","[0.9874405336477733,0.0024615145542248923,0.010097951777929416,2.0072343140742852e-11]","[0.98707761553687,0.0024939374531999917,0.010428446988583804,2.1346161560856796e-11]",0.45263709867084034,"[""instance_0002""]",0.0003629181109032764
new_ground,120,instance_0002,instance_0002,unique_observed_anchor,0.0,True,False,False,cabinet,3468,365,False,"[-4.789409156526482,-2.8987438029460146,0.0,-9.250935778575485]","[0.00782070994475333,0.05180261806538233,0.9402863840411554,9.028794870892512e-05]","[0.011129992863116384,0.062380628905570806,0.9264201898483283,6.918838298452601e-05]","[0.011970327117258504,0.06506672890638125,0.9228991134573792,6.383051898101351e-05]",0.6134863358900225,"[""instance_0001""]",0.0035210763909491183
new_ground,120,instance_0003,instance_0003,unique_observed_anchor,0.0,True,False,False,rack,303,56,False,"[0.0,0.0,0.0,0.0]","[0.25,0.25,0.25,0.25]","[0.19999999999999996,0.225,0.25,0.325]","[0.19999999999999996,0.225,0.25,0.325]",0.5,"[""instance_0000""]",0.0
new_ground,121,instance_0000,instance_0000,unique_observed_anchor,0.0,True,False,False,rack,2889,226,False,"[0.0,0.0,0.0,0.0]","[0.25,0.25,0.25,0.25]","[0.19999999999999996,0.225,0.25,0.325]","[0.19999999999999996,0.225,0.25,0.325]",0.5,"[""instance_0003""]",0.0
new_ground,121,instance_0001,instance_0001,unique_observed_anchor,0.0,True,False,False,cabinet,4096,561,False,"[0.0,-5.8272853582631186,-4.215058886728593,-24.0]","[0.9825909298919275,0.0028947754136889837,0.014514294657289373,3.709412962330341e-11]","[0.9874405336477733,0.0024615145542248923,0.010097951777929416,2.0072343140742852e-11]","[0.9870443755966504,0.002496907090678262,0.010458717291208555,2.146283153918866e-11]",0.4484007054238563,"[""instance_0002""]",0.000396158051122919
new_ground,121,instance_0002,instance_0002,unique_observed_anchor,0.0,True,False,False,cabinet,3771,421,True,"[-6.054354143135063,-3.5545054530724065,0.0,-11.044807897983313]","[0.002277120260239933,0.027736806646163868,0.9699705828074838,1.54902861123139e-05]","[0.00326575061595482,0.03365912655560155,0.9630631606251945,1.1962203249269e-05]","[0.0035192371146082276,0.03517761941703423,0.9612920858715335,1.105759682408426e-05]",0.6134863358900225,"[""instance_0001""]",0.001771074753661006
new_ground,121,instance_0003,instance_0003,unique_observed_anchor,0.0,True,False,False,rack,303,56,False,"[0.0,0.0,0.0,0.0]","[0.25,0.25,0.25,0.25]","[0.19999999999999996,0.225,0.25,0.325]","[0.19999999999999996,0.225,0.25,0.325]",0.5,"[""instance_0000""]",0.0
new_ground,122,instance_0000,instance_0000,unique_observed_anchor,0.0,True,False,False,rack,2889,226,False,"[0.0,0.0,0.0,0.0]","[0.25,0.25,0.25,0.25]","[0.19999999999999996,0.225,0.25,0.325]","[0.19999999999999996,0.225,0.25,0.325]",0.5,"[""instance_0003""]",0.0
new_ground,122,instance_0001,instance_0001,unique_observed_anchor,0.0,True,False,False,cabinet,4096,561,False,"[0.0,-5.8272853582631186,-4.215058886728593,-24.0]","[0.9825909298919275,0.0028947754136889837,0.014514294657289373,3.709412962330341e-11]","[0.9874405336477733,0.0024615145542248923,0.010097951777929416,2.0072343140742852e-11]","[0.9870443755966504,0.002496907090678262,0.010458717291208555,2.146283153918866e-11]",0.4484007054238563,"[""instance_0002""]",0.000396158051122919
new_ground,122,instance_0002,instance_0002,unique_observed_anchor,0.0,True,False,False,cabinet,3943,450,False,"[-6.054354143135063,-3.5545054530724065,0.0,-11.044807897983313]","[0.002277120260239933,0.027736806646163868,0.9699705828074838,1.54902861123139e-05]","[0.00326575061595482,0.03365912655560155,0.9630631606251945,1.1962203249269e-05]","[0.0035192371146082276,0.03517761941703423,0.9612920858715335,1.105759682408426e-05]",0.6134863358900225,"[""instance_0001""]",0.001771074753661006
new_ground,122,instance_0003,instance_0003,unique_observed_anchor,0.0,True,False,False,rack,303,56,False,"[0.0,0.0,0.0,0.0]","[0.25,0.25,0.25,0.25]","[0.19999999999999996,0.225,0.25,0.325]","[0.19999999999999996,0.225,0.25,0.325]",0.5,"[""instance_0000""]",0.0
new_ground,123,instance_0000,instance_0000,unique_observed_anchor,0.0,True,False,False,rack,2889,226,False,"[0.0,0.0,0.0,0.0]","[0.25,0.25,0.25,0.25]","[0.19999999999999996,0.225,0.25,0.325]","[0.19999999999999996,0.225,0.25,0.325]",0.5,"[""instance_0003""]",0.0
new_ground,123,instance_0001,instance_0001,unique_observed_anchor,0.0,True,False,False,cabinet,4096,561,False,"[0.0,-5.8272853582631186,-4.215058886728593,-24.0]","[0.9825909298919275,0.0028947754136889837,0.014514294657289373,3.709412962330341e-11]","[0.9874405336477733,0.0024615145542248923,0.010097951777929416,2.0072343140742852e-11]","[0.9870205414318379,0.0024990364214960248,0.010480422125119614,2.1546487871716663e-11]",0.44537330402914943,"[""instance_0002""]",0.00041999221593536085
new_ground,123,instance_0002,instance_0002,unique_observed_anchor,0.0,True,False,False,cabinet,4078,462,True,"[-8.551349193936256,-4.9327861748762185,0.0,-14.002656529413947]","[0.00019186425235310454,0.007153457763223789,0.9926538547540779,8.232303453266898e-07]","[0.00027667389452955157,0.008728497016764453,0.9909941898689688,6.392197370320782e-07]","[0.0002985693899124666,0.009135128430584845,0.9905657104661968,5.917133059126094e-07]",0.6134863358900225,"[""instance_0001""]",0.00042847940277201957
new_ground,123,instance_0003,instance_0003,unique_observed_anchor,0.0,True,False,False,rack,303,56,False,"[0.0,0.0,0.0,0.0]","[0.25,0.25,0.25,0.25]","[0.19999999999999996,0.225,0.25,0.325]","[0.19999999999999996,0.225,0.25,0.325]",0.5,"[""instance_0000""]",0.0
new_ground,124,instance_0000,instance_0000,unique_observed_anchor,0.0,True,False,False,rack,2889,226,False,"[0.0,0.0,0.0,0.0]","[0.25,0.25,0.25,0.25]","[0.19999999999999996,0.225,0.25,0.325]","[0.19999999999999996,0.225,0.25,0.325]",0.5,"[""instance_0003""]",0.0
new_ground,124,instance_0001,instance_0001,unique_observed_anchor,0.0,True,False,False,cabinet,4096,561,False,"[0.0,-5.8272853582631186,-4.215058886728593,-24.0]","[0.9825909298919275,0.0028947754136889837,0.014514294657289373,3.709412962330341e-11]","[0.9874405336477733,0.0024615145542248923,0.010097951777929416,2.0072343140742852e-11]","[0.9870205414318379,0.0024990364214960248,0.010480422125119614,2.1546487871716663e-11]",0.44537330402914943,"[""instance_0002""]",0.00041999221593536085
new_ground,124,instance_0002,instance_0002,unique_observed_anchor,0.0,True,False,False,cabinet,4096,462,False,"[-8.551349193936256,-4.9327861748762185,0.0,-14.002656529413947]","[0.00019186425235310454,0.007153457763223789,0.9926538547540779,8.232303453266898e-07]","[0.00027667389452955157,0.008728497016764453,0.9909941898689688,6.392197370320782e-07]","[0.0002985693899124666,0.009135128430584845,0.9905657104661968,5.917133059126094e-07]",0.6134863358900225,"[""instance_0001""]",0.00042847940277201957
new_ground,124,instance_0003,instance_0003,unique_observed_anchor,0.0,True,False,False,rack,303,56,False,"[0.0,0.0,0.0,0.0]","[0.25,0.25,0.25,0.25]","[0.19999999999999996,0.225,0.25,0.325]","[0.19999999999999996,0.225,0.25,0.325]",0.5,"[""instance_0000""]",0.0
new_ground,125,instance_0000,instance_0000,unique_observed_anchor,0.0,True,False,False,rack,2889,226,False,"[0.0,0.0,0.0,0.0]","[0.25,0.25,0.25,0.25]","[0.19999999999999996,0.225,0.25,0.325]","[0.19999999999999996,0.225,0.25,0.325]",0.5,"[""instance_0003""]",0.0
new_ground,125,instance_0001,instance_0001,unique_observed_anchor,0.0,True,False,False,cabinet,4096,561,False,"[0.0,-5.8272853582631186,-4.215058886728593,-24.0]","[0.9825909298919275,0.0028947754136889837,0.014514294657289373,3.709412962330341e-11]","[0.9874405336477733,0.0024615145542248923,0.010097951777929416,2.0072343140742852e-11]","[0.9870205414318379,0.0024990364214960248,0.010480422125119614,2.1546487871716663e-11]",0.44537330402914943,"[""instance_0002""]",0.00041999221593536085
new_ground,125,instance_0002,instance_0002,unique_observed_anchor,0.0,True,False,False,cabinet,4096,462,False,"[-8.551349193936256,-4.9327861748762185,0.0,-14.002656529413947]","[0.00019186425235310454,0.007153457763223789,0.9926538547540779,8.232303453266898e-07]","[0.00027667389452955157,0.008728497016764453,0.9909941898689688,6.392197370320782e-07]","[0.0002985693899124666,0.009135128430584845,0.9905657104661968,5.917133059126094e-07]",0.6134863358900225,"[""instance_0001""]",0.00042847940277201957
new_ground,125,instance_0003,instance_0003,unique_observed_anchor,0.0,True,False,False,rack,303,56,False,"[0.0,0.0,0.0,0.0]","[0.25,0.25,0.25,0.25]","[0.19999999999999996,0.225,0.25,0.325]","[0.19999999999999996,0.225,0.25,0.325]",0.5,"[""instance_0000""]",0.0
new_ground,126,instance_0000,instance_0000,unique_observed_anchor,0.0,True,False,False,rack,2889,226,False,"[0.0,0.0,0.0,0.0]","[0.25,0.25,0.25,0.25]","[0.19999999999999996,0.225,0.25,0.325]","[0.19999999999999996,0.225,0.25,0.325]",0.5,"[""instance_0003""]",0.0
new_ground,126,instance_0001,instance_0001,unique_observed_anchor,0.0,True,False,False,cabinet,4096,561,False,"[0.0,-5.8272853582631186,-4.215058886728593,-24.0]","[0.9825909298919275,0.0028947754136889837,0.014514294657289373,3.709412962330341e-11]","[0.9874405336477733,0.0024615145542248923,0.010097951777929416,2.0072343140742852e-11]","[0.9870205414318379,0.0024990364214960248,0.010480422125119614,2.1546487871716663e-11]",0.44537330402914943,"[""instance_0002""]",0.00041999221593536085
new_ground,126,instance_0002,instance_0002,unique_observed_anchor,0.0,True,False,False,cabinet,4096,462,False,"[-8.551349193936256,-4.9327861748762185,0.0,-14.002656529413947]","[0.00019186425235310454,0.007153457763223789,0.9926538547540779,8.232303453266898e-07]","[0.00027667389452955157,0.008728497016764453,0.9909941898689688,6.392197370320782e-07]","[0.0002985693899124666,0.009135128430584845,0.9905657104661968,5.917133059126094e-07]",0.6134863358900225,"[""instance_0001""]",0.00042847940277201957
new_ground,126,instance_0003,instance_0003,unique_observed_anchor,0.0,True,False,False,rack,303,56,False,"[0.0,0.0,0.0,0.0]","[0.25,0.25,0.25,0.25]","[0.19999999999999996,0.225,0.25,0.325]","[0.19999999999999996,0.225,0.25,0.325]",0.5,"[""instance_0000""]",0.0
new_ground,127,instance_0000,instance_0000,unique_observed_anchor,0.0,True,False,False,rack,2889,226,False,"[0.0,0.0,0.0,0.0]","[0.25,0.25,0.25,0.25]","[0.19999999999999996,0.225,0.25,0.325]","[0.19999999999999996,0.225,0.25,0.325]",0.5,"[""instance_0003""]",0.0
new_ground,127,instance_0001,instance_0001,unique_observed_anchor,0.0,True,False,False,cabinet,4096,561,False,"[0.0,-5.8272853582631186,-4.215058886728593,-24.0]","[0.9825909298919275,0.0028947754136889837,0.014514294657289373,3.709412962330341e-11]","[0.9874405336477733,0.0024615145542248923,0.010097951777929416,2.0072343140742852e-11]","[0.9870205414318379,0.0024990364214960248,0.010480422125119614,2.1546487871716663e-11]",0.44537330402914943,"[""instance_0002""]",0.00041999221593536085
new_ground,127,instance_0002,instance_0002,unique_observed_anchor,0.0,True,False,False,cabinet,4096,462,False,"[-8.551349193936256,-4.9327861748762185,0.0,-14.002656529413947]","[0.00019186425235310454,0.007153457763223789,0.9926538547540779,8.232303453266898e-07]","[0.00027667389452955157,0.008728497016764453,0.9909941898689688,6.392197370320782e-07]","[0.0002985693899124666,0.009135128430584845,0.9905657104661968,5.917133059126094e-07]",0.6134863358900225,"[""instance_0001""]",0.00042847940277201957
new_ground,127,instance_0003,instance_0003,unique_observed_anchor,0.0,True,False,False,rack,303,56,False,"[0.0,0.0,0.0,0.0]","[0.25,0.25,0.25,0.25]","[0.19999999999999996,0.225,0.25,0.325]","[0.19999999999999996,0.225,0.25,0.325]",0.5,"[""instance_0000""]",0.0
new_ground,128,instance_0000,instance_0000,unique_observed_anchor,0.0,True,False,False,rack,2889,226,False,"[0.0,0.0,0.0,0.0]","[0.25,0.25,0.25,0.25]","[0.19999999999999996,0.225,0.25,0.325]","[0.19999999999999996,0.225,0.25,0.325]",0.5,"[""instance_0003""]",0.0
new_ground,128,instance_0001,instance_0001,unique_observed_anchor,0.0,True,False,False,cabinet,4096,561,False,"[0.0,-5.8272853582631186,-4.215058886728593,-24.0]","[0.9825909298919275,0.0028947754136889837,0.014514294657289373,3.709412962330341e-11]","[0.9874405336477733,0.0024615145542248923,0.010097951777929416,2.0072343140742852e-11]","[0.9870205414318379,0.0024990364214960248,0.010480422125119614,2.1546487871716663e-11]",0.44537330402914943,"[""instance_0002""]",0.00041999221593536085
new_ground,128,instance_0002,instance_0002,unique_observed_anchor,0.0,True,False,False,cabinet,4096,462,False,"[-8.551349193936256,-4.9327861748762185,0.0,-14.002656529413947]","[0.00019186425235310454,0.007153457763223789,0.9926538547540779,8.232303453266898e-07]","[0.00027667389452955157,0.008728497016764453,0.9909941898689688,6.392197370320782e-07]","[0.0002985693899124666,0.009135128430584845,0.9905657104661968,5.917133059126094e-07]",0.6134863358900225,"[""instance_0001""]",0.00042847940277201957
new_ground,128,instance_0003,instance_0003,unique_observed_anchor,0.0,True,False,False,rack,303,56,False,"[0.0,0.0,0.0,0.0]","[0.25,0.25,0.25,0.25]","[0.19999999999999996,0.225,0.25,0.325]","[0.19999999999999996,0.225,0.25,0.325]",0.5,"[""instance_0000""]",0.0
new_ground,129,instance_0000,instance_0000,unique_observed_anchor,0.0,True,False,False,rack,2889,226,False,"[0.0,0.0,0.0,0.0]","[0.25,0.25,0.25,0.25]","[0.19999999999999996,0.225,0.25,0.325]","[0.19999999999999996,0.225,0.25,0.325]",0.5,"[""instance_0003""]",0.0
new_ground,129,instance_0001,instance_0001,unique_observed_anchor,0.0,True,False,False,cabinet,4096,561,False,"[0.0,-5.8272853582631186,-4.215058886728593,-24.0]","[0.9825909298919275,0.0028947754136889837,0.014514294657289373,3.709412962330341e-11]","[0.9874405336477733,0.0024615145542248923,0.010097951777929416,2.0072343140742852e-11]","[0.9870205414318379,0.0024990364214960248,0.010480422125119614,2.1546487871716663e-11]",0.44537330402914943,"[""instance_0002""]",0.00041999221593536085
new_ground,129,instance_0002,instance_0002,unique_observed_anchor,0.0,True,False,False,cabinet,4096,462,False,"[-8.551349193936256,-4.9327861748762185,0.0,-14.002656529413947]","[0.00019186425235310454,0.007153457763223789,0.9926538547540779,8.232303453266898e-07]","[0.00027667389452955157,0.008728497016764453,0.9909941898689688,6.392197370320782e-07]","[0.0002985693899124666,0.009135128430584845,0.9905657104661968,5.917133059126094e-07]",0.6134863358900225,"[""instance_0001""]",0.00042847940277201957
new_ground,129,instance_0003,instance_0003,unique_observed_anchor,0.0,True,False,False,rack,303,56,False,"[0.0,0.0,0.0,0.0]","[0.25,0.25,0.25,0.25]","[0.19999999999999996,0.225,0.25,0.325]","[0.19999999999999996,0.225,0.25,0.325]",0.5,"[""instance_0000""]",0.0
new_ground,130,instance_0000,instance_0000,unique_observed_anchor,0.0,True,False,False,rack,2889,226,False,"[0.0,0.0,0.0,0.0]","[0.25,0.25,0.25,0.25]","[0.19999999999999996,0.225,0.25,0.325]","[0.19999999999999996,0.225,0.25,0.325]",0.5,"[""instance_0003""]",0.0
new_ground,130,instance_0001,instance_0001,unique_observed_anchor,0.0,True,False,False,cabinet,4096,561,False,"[0.0,-5.8272853582631186,-4.215058886728593,-24.0]","[0.9825909298919275,0.0028947754136889837,0.014514294657289373,3.709412962330341e-11]","[0.9874405336477733,0.0024615145542248923,0.010097951777929416,2.0072343140742852e-11]","[0.9870205414318379,0.0024990364214960248,0.010480422125119614,2.1546487871716663e-11]",0.44537330402914943,"[""instance_0002""]",0.00041999221593536085
new_ground,130,instance_0002,instance_0002,unique_observed_anchor,0.0,True,False,False,cabinet,4096,462,False,"[-8.551349193936256,-4.9327861748762185,0.0,-14.002656529413947]","[0.00019186425235310454,0.007153457763223789,0.9926538547540779,8.232303453266898e-07]","[0.00027667389452955157,0.008728497016764453,0.9909941898689688,6.392197370320782e-07]","[0.0002985693899124666,0.009135128430584845,0.9905657104661968,5.917133059126094e-07]",0.6134863358900225,"[""instance_0001""]",0.00042847940277201957
new_ground,130,instance_0003,instance_0003,unique_observed_anchor,0.0,True,False,False,rack,303,56,False,"[0.0,0.0,0.0,0.0]","[0.25,0.25,0.25,0.25]","[0.19999999999999996,0.225,0.25,0.325]","[0.19999999999999996,0.225,0.25,0.325]",0.5,"[""instance_0000""]",0.0
new_ground,131,instance_0000,instance_0000,unique_observed_anchor,0.0,True,False,False,rack,2889,226,False,"[0.0,0.0,0.0,0.0]","[0.25,0.25,0.25,0.25]","[0.19999999999999996,0.225,0.25,0.325]","[0.19999999999999996,0.225,0.25,0.325]",0.5,"[""instance_0003""]",0.0
new_ground,131,instance_0001,instance_0001,unique_observed_anchor,0.0,True,False,False,cabinet,4096,561,False,"[0.0,-5.8272853582631186,-4.215058886728593,-24.0]","[0.9825909298919275,0.0028947754136889837,0.014514294657289373,3.709412962330341e-11]","[0.9874405336477733,0.0024615145542248923,0.010097951777929416,2.0072343140742852e-11]","[0.9870205414318379,0.0024990364214960248,0.010480422125119614,2.1546487871716663e-11]",0.44537330402914943,"[""instance_0002""]",0.00041999221593536085
new_ground,131,instance_0002,instance_0002,unique_observed_anchor,0.0,True,False,False,cabinet,4096,462,False,"[-8.551349193936256,-4.9327861748762185,0.0,-14.002656529413947]","[0.00019186425235310454,0.007153457763223789,0.9926538547540779,8.232303453266898e-07]","[0.00027667389452955157,0.008728497016764453,0.9909941898689688,6.392197370320782e-07]","[0.0002985693899124666,0.009135128430584845,0.9905657104661968,5.917133059126094e-07]",0.6134863358900225,"[""instance_0001""]",0.00042847940277201957
new_ground,131,instance_0003,instance_0003,unique_observed_anchor,0.0,True,False,False,rack,303,56,False,"[0.0,0.0,0.0,0.0]","[0.25,0.25,0.25,0.25]","[0.19999999999999996,0.225,0.25,0.325]","[0.19999999999999996,0.225,0.25,0.325]",0.5,"[""instance_0000""]",0.0
new_ground,132,instance_0000,instance_0000,unique_observed_anchor,0.0,True,False,False,rack,2889,226,False,"[0.0,0.0,0.0,0.0]","[0.25,0.25,0.25,0.25]","[0.19999999999999996,0.225,0.25,0.325]","[0.19999999999999996,0.225,0.25,0.325]",0.5,"[""instance_0003""]",0.0
new_ground,132,instance_0001,instance_0001,unique_observed_anchor,0.0,True,False,False,cabinet,4096,561,False,"[0.0,-5.8272853582631186,-4.215058886728593,-24.0]","[0.9825909298919275,0.0028947754136889837,0.014514294657289373,3.709412962330341e-11]","[0.9874405336477733,0.0024615145542248923,0.010097951777929416,2.0072343140742852e-11]","[0.9870205414318379,0.0024990364214960248,0.010480422125119614,2.1546487871716663e-11]",0.44537330402914943,"[""instance_0002""]",0.00041999221593536085
new_ground,132,instance_0002,instance_0002,unique_observed_anchor,0.0,True,False,False,cabinet,4096,462,False,"[-8.551349193936256,-4.9327861748762185,0.0,-14.002656529413947]","[0.00019186425235310454,0.007153457763223789,0.9926538547540779,8.232303453266898e-07]","[0.00027667389452955157,0.008728497016764453,0.9909941898689688,6.392197370320782e-07]","[0.0002985693899124666,0.009135128430584845,0.9905657104661968,5.917133059126094e-07]",0.6134863358900225,"[""instance_0001""]",0.00042847940277201957
new_ground,132,instance_0003,instance_0003,unique_observed_anchor,0.0,True,False,False,rack,303,56,False,"[0.0,0.0,0.0,0.0]","[0.25,0.25,0.25,0.25]","[0.19999999999999996,0.225,0.25,0.325]","[0.19999999999999996,0.225,0.25,0.325]",0.5,"[""instance_0000""]",0.0
new_ground,133,instance_0000,instance_0000,unique_observed_anchor,0.0,True,False,False,rack,2889,226,False,"[0.0,0.0,0.0,0.0]","[0.25,0.25,0.25,0.25]","[0.19999999999999996,0.225,0.25,0.325]","[0.19999999999999996,0.225,0.25,0.325]",0.5,"[""instance_0003""]",0.0
new_ground,133,instance_0001,instance_0001,unique_observed_anchor,0.0,True,False,False,cabinet,4096,561,False,"[0.0,-5.8272853582631186,-4.215058886728593,-24.0]","[0.9825909298919275,0.0028947754136889837,0.014514294657289373,3.709412962330341e-11]","[0.9874405336477733,0.0024615145542248923,0.010097951777929416,2.0072343140742852e-11]","[0.9870205414318379,0.0024990364214960248,0.010480422125119614,2.1546487871716663e-11]",0.44537330402914943,"[""instance_0002""]",0.00041999221593536085
new_ground,133,instance_0002,instance_0002,unique_observed_anchor,0.0,True,False,False,cabinet,4096,462,False,"[-8.551349193936256,-4.9327861748762185,0.0,-14.002656529413947]","[0.00019186425235310454,0.007153457763223789,0.9926538547540779,8.232303453266898e-07]","[0.00027667389452955157,0.008728497016764453,0.9909941898689688,6.392197370320782e-07]","[0.0002985693899124666,0.009135128430584845,0.9905657104661968,5.917133059126094e-07]",0.6134863358900225,"[""instance_0001""]",0.00042847940277201957
new_ground,133,instance_0003,instance_0003,unique_observed_anchor,0.0,True,False,False,rack,303,56,False,"[0.0,0.0,0.0,0.0]","[0.25,0.25,0.25,0.25]","[0.19999999999999996,0.225,0.25,0.325]","[0.19999999999999996,0.225,0.25,0.325]",0.5,"[""instance_0000""]",0.0
new_ground,134,instance_0000,instance_0000,unique_observed_anchor,0.0,True,False,False,rack,2889,226,False,"[0.0,0.0,0.0,0.0]","[0.25,0.25,0.25,0.25]","[0.19999999999999996,0.225,0.25,0.325]","[0.19999999999999996,0.225,0.25,0.325]",0.5,"[""instance_0003""]",0.0
new_ground,134,instance_0001,instance_0001,unique_observed_anchor,0.0,True,False,False,cabinet,4096,561,False,"[0.0,-5.8272853582631186,-4.215058886728593,-24.0]","[0.9825909298919275,0.0028947754136889837,0.014514294657289373,3.709412962330341e-11]","[0.9874405336477733,0.0024615145542248923,0.010097951777929416,2.0072343140742852e-11]","[0.9870205414318379,0.0024990364214960248,0.010480422125119614,2.1546487871716663e-11]",0.44537330402914943,"[""instance_0002""]",0.00041999221593536085
new_ground,134,instance_0002,instance_0002,unique_observed_anchor,0.0,True,False,False,cabinet,4096,462,False,"[-8.551349193936256,-4.9327861748762185,0.0,-14.002656529413947]","[0.00019186425235310454,0.007153457763223789,0.9926538547540779,8.232303453266898e-07]","[0.00027667389452955157,0.008728497016764453,0.9909941898689688,6.392197370320782e-07]","[0.0002985693899124666,0.009135128430584845,0.9905657104661968,5.917133059126094e-07]",0.6134863358900225,"[""instance_0001""]",0.00042847940277201957
new_ground,134,instance_0003,instance_0003,unique_observed_anchor,0.0,True,False,False,rack,303,56,False,"[0.0,0.0,0.0,0.0]","[0.25,0.25,0.25,0.25]","[0.19999999999999996,0.225,0.25,0.325]","[0.19999999999999996,0.225,0.25,0.325]",0.5,"[""instance_0000""]",0.0
new_ground,135,instance_0000,instance_0000,unique_observed_anchor,0.0,True,False,False,rack,2889,226,False,"[0.0,0.0,0.0,0.0]","[0.25,0.25,0.25,0.25]","[0.19999999999999996,0.225,0.25,0.325]","[0.19999999999999996,0.225,0.25,0.325]",0.5,"[""instance_0003""]",0.0
new_ground,135,instance_0001,instance_0001,unique_observed_anchor,0.0,True,False,False,cabinet,4096,561,False,"[0.0,-5.8272853582631186,-4.215058886728593,-24.0]","[0.9825909298919275,0.0028947754136889837,0.014514294657289373,3.709412962330341e-11]","[0.9874405336477733,0.0024615145542248923,0.010097951777929416,2.0072343140742852e-11]","[0.9870205414318379,0.0024990364214960248,0.010480422125119614,2.1546487871716663e-11]",0.44537330402914943,"[""instance_0002""]",0.00041999221593536085
new_ground,135,instance_0002,instance_0002,unique_observed_anchor,0.0,True,False,False,cabinet,4096,462,False,"[-8.551349193936256,-4.9327861748762185,0.0,-14.002656529413947]","[0.00019186425235310454,0.007153457763223789,0.9926538547540779,8.232303453266898e-07]","[0.00027667389452955157,0.008728497016764453,0.9909941898689688,6.392197370320782e-07]","[0.0002985693899124666,0.009135128430584845,0.9905657104661968,5.917133059126094e-07]",0.6134863358900225,"[""instance_0001""]",0.00042847940277201957
new_ground,135,instance_0003,instance_0003,unique_observed_anchor,0.0,True,False,False,rack,303,56,False,"[0.0,0.0,0.0,0.0]","[0.25,0.25,0.25,0.25]","[0.19999999999999996,0.225,0.25,0.325]","[0.19999999999999996,0.225,0.25,0.325]",0.5,"[""instance_0000""]",0.0
new_ground,136,instance_0000,instance_0000,unique_observed_anchor,0.0,True,False,False,rack,2889,226,False,"[0.0,0.0,0.0,0.0]","[0.25,0.25,0.25,0.25]","[0.19999999999999996,0.225,0.25,0.325]","[0.19999999999999996,0.225,0.25,0.325]",0.5,"[""instance_0003""]",0.0
new_ground,136,instance_0001,instance_0001,unique_observed_anchor,0.0,True,False,False,cabinet,4096,561,False,"[0.0,-5.8272853582631186,-4.215058886728593,-24.0]","[0.9825909298919275,0.0028947754136889837,0.014514294657289373,3.709412962330341e-11]","[0.9874405336477733,0.0024615145542248923,0.010097951777929416,2.0072343140742852e-11]","[0.9870205414318379,0.0024990364214960248,0.010480422125119614,2.1546487871716663e-11]",0.44537330402914943,"[""instance_0002""]",0.00041999221593536085
new_ground,136,instance_0002,instance_0002,unique_observed_anchor,0.0,True,False,False,cabinet,4096,462,False,"[-8.551349193936256,-4.9327861748762185,0.0,-14.002656529413947]","[0.00019186425235310454,0.007153457763223789,0.9926538547540779,8.232303453266898e-07]","[0.00027667389452955157,0.008728497016764453,0.9909941898689688,6.392197370320782e-07]","[0.0002985693899124666,0.009135128430584845,0.9905657104661968,5.917133059126094e-07]",0.6134863358900225,"[""instance_0001""]",0.00042847940277201957
new_ground,136,instance_0003,instance_0003,unique_observed_anchor,0.0,True,False,False,rack,303,56,False,"[0.0,0.0,0.0,0.0]","[0.25,0.25,0.25,0.25]","[0.19999999999999996,0.225,0.25,0.325]","[0.19999999999999996,0.225,0.25,0.325]",0.5,"[""instance_0000""]",0.0
new_ground,137,instance_0000,instance_0000,unique_observed_anchor,0.0,True,False,False,rack,2889,226,False,"[0.0,0.0,0.0,0.0]","[0.25,0.25,0.25,0.25]","[0.19999999999999996,0.225,0.25,0.325]","[0.19999999999999996,0.225,0.25,0.325]",0.5,"[""instance_0003""]",0.0
new_ground,137,instance_0001,instance_0001,unique_observed_anchor,0.0,True,False,False,cabinet,4096,561,True,"[0.0,-5.8272853582631186,-4.215058886728593,-24.0]","[0.9825909298919275,0.0028947754136889837,0.014514294657289373,3.709412962330341e-11]","[0.9874405336477733,0.0024615145542248923,0.010097951777929416,2.0072343140742852e-11]","[0.9870205421899286,0.0024990363537686355,0.010480421434756368,2.1546485210869004e-11]",0.4453734001858685,"[""instance_0002""]",0.0004199914578446595
new_ground,137,instance_0002,instance_0002,unique_observed_anchor,0.0,True,False,False,cabinet,4096,462,True,"[-8.551349193936256,-4.9327861748762185,0.0,-16.853146976501904]","[0.00019186440116975205,0.007153463311696684,0.9926546246912454,4.759588819408654e-08]","[0.00027667406116000054,0.008728502273615235,0.9909947867081009,3.695712388790764e-08]","[0.0002985695563658405,0.009135133523447676,0.9905662627096956,3.4210490864160295e-08]",0.6134863358900225,"[""instance_0001""]",0.00042852399840531685
new_ground,137,instance_0003,instance_0003,unique_observed_anchor,0.0,True,False,False,rack,303,56,False,"[0.0,0.0,0.0,0.0]","[0.25,0.25,0.25,0.25]","[0.19999999999999996,0.225,0.25,0.325]","[0.19999999999999996,0.225,0.25,0.325]",0.5,"[""instance_0000""]",0.0
new_ground,138,instance_0000,instance_0000,unique_observed_anchor,0.0,True,False,False,rack,2889,226,False,"[0.0,0.0,0.0,0.0]","[0.25,0.25,0.25,0.25]","[0.19999999999999996,0.225,0.25,0.325]","[0.19999999999999996,0.225,0.25,0.325]",0.5,"[""instance_0003""]",0.0
new_ground,138,instance_0001,instance_0001,unique_observed_anchor,0.0,True,False,False,cabinet,4096,561,False,"[0.0,-5.8272853582631186,-4.215058886728593,-24.0]","[0.9825909298919275,0.0028947754136889837,0.014514294657289373,3.709412962330341e-11]","[0.9874405336477733,0.0024615145542248923,0.010097951777929416,2.0072343140742852e-11]","[0.9870205422262038,0.0024990363505278247,0.010480421401721916,2.1546485083545202e-11]",0.4453734047870459,"[""instance_0002""]",0.00041999142156945446
new_ground,138,instance_0002,instance_0002,unique_observed_anchor,0.0,True,False,False,cabinet,4096,462,True,"[-8.551349193936256,-4.9327861748762185,0.0,-18.36631593597547]","[0.00019186440829075147,0.007153463577195686,0.9926546615333735,1.0481140011186688e-08]","[0.00027667406913340373,0.008728502525159833,0.9909948152673401,8.13836659769662e-09]","[0.00029856956433077,0.0091351337671453,0.9905662891349962,7.533527673523126e-09]",0.6134863358900225,"[""instance_0001""]",0.00042852613234389825
new_ground,138,instance_0003,instance_0003,unique_observed_anchor,0.0,True,False,False,rack,303,56,False,"[0.0,0.0,0.0,0.0]","[0.25,0.25,0.25,0.25]","[0.19999999999999996,0.225,0.25,0.325]","[0.19999999999999996,0.225,0.25,0.325]",0.5,"[""instance_0000""]",0.0
new_ground,139,instance_0000,instance_0000,unique_observed_anchor,0.0,True,False,False,rack,2889,226,False,"[0.0,0.0,0.0,0.0]","[0.25,0.25,0.25,0.25]","[0.19999999999999996,0.225,0.25,0.325]","[0.19999999999999996,0.225,0.25,0.325]",0.5,"[""instance_0003""]",0.0
new_ground,139,instance_0001,instance_0001,unique_observed_anchor,0.0,True,False,False,cabinet,4096,561,False,"[0.0,-5.8272853582631186,-4.215058886728593,-24.0]","[0.9825909298919275,0.0028947754136889837,0.014514294657289373,3.709412962330341e-11]","[0.9874405336477733,0.0024615145542248923,0.010097951777929416,2.0072343140742852e-11]","[0.9870205422262038,0.0024990363505278247,0.010480421401721916,2.1546485083545202e-11]",0.4453734047870459,"[""instance_0002""]",0.00041999142156945446
new_ground,139,instance_0002,instance_0002,unique_observed_anchor,0.0,True,False,False,cabinet,4096,462,False,"[-8.551349193936256,-4.9327861748762185,0.0,-18.36631593597547]","[0.00019186440829075147,0.007153463577195686,0.9926546615333735,1.0481140011186688e-08]","[0.00027667406913340373,0.008728502525159833,0.9909948152673401,8.13836659769662e-09]","[0.00029856956433077,0.0091351337671453,0.9905662891349962,7.533527673523126e-09]",0.6134863358900225,"[""instance_0001""]",0.00042852613234389825
new_ground,139,instance_0003,instance_0003,unique_observed_anchor,0.0,True,False,False,rack,303,56,False,"[0.0,0.0,0.0,0.0]","[0.25,0.25,0.25,0.25]","[0.19999999999999996,0.225,0.25,0.325]","[0.19999999999999996,0.225,0.25,0.325]",0.5,"[""instance_0000""]",0.0
new_ground,140,instance_0000,instance_0000,unique_observed_anchor,0.0,True,False,False,rack,2889,226,False,"[0.0,0.0,0.0,0.0]","[0.25,0.25,0.25,0.25]","[0.19999999999999996,0.225,0.25,0.325]","[0.19999999999999996,0.225,0.25,0.325]",0.5,"[""instance_0003""]",0.0
new_ground,140,instance_0001,instance_0001,unique_observed_anchor,0.0,True,False,False,cabinet,4096,561,False,"[0.0,-5.8272853582631186,-4.215058886728593,-24.0]","[0.9825909298919275,0.0028947754136889837,0.014514294657289373,3.709412962330341e-11]","[0.9874405336477733,0.0024615145542248923,0.010097951777929416,2.0072343140742852e-11]","[0.9870205422262038,0.0024990363505278247,0.010480421401721916,2.1546485083545202e-11]",0.4453734047870459,"[""instance_0002""]",0.00041999142156945446
new_ground,140,instance_0002,instance_0002,unique_observed_anchor,0.0,True,False,False,cabinet,4096,462,False,"[-8.551349193936256,-4.9327861748762185,0.0,-18.36631593597547]","[0.00019186440829075147,0.007153463577195686,0.9926546615333735,1.0481140011186688e-08]","[0.00027667406913340373,0.008728502525159833,0.9909948152673401,8.13836659769662e-09]","[0.00029856956433077,0.0091351337671453,0.9905662891349962,7.533527673523126e-09]",0.6134863358900225,"[""instance_0001""]",0.00042852613234389825
new_ground,140,instance_0003,instance_0003,unique_observed_anchor,0.0,True,False,False,rack,303,56,False,"[0.0,0.0,0.0,0.0]","[0.25,0.25,0.25,0.25]","[0.19999999999999996,0.225,0.25,0.325]","[0.19999999999999996,0.225,0.25,0.325]",0.5,"[""instance_0000""]",0.0
new_ground,141,instance_0000,instance_0000,unique_observed_anchor,0.0,True,False,False,rack,2889,226,False,"[0.0,0.0,0.0,0.0]","[0.25,0.25,0.25,0.25]","[0.19999999999999996,0.225,0.25,0.325]","[0.19999999999999996,0.225,0.25,0.325]",0.5,"[""instance_0003""]",0.0
new_ground,141,instance_0001,instance_0001,unique_observed_anchor,0.0,True,False,False,cabinet,4096,561,False,"[0.0,-5.8272853582631186,-4.215058886728593,-24.0]","[0.9825909298919275,0.0028947754136889837,0.014514294657289373,3.709412962330341e-11]","[0.9874405336477733,0.0024615145542248923,0.010097951777929416,2.0072343140742852e-11]","[0.9870205422262038,0.0024990363505278247,0.010480421401721916,2.1546485083545202e-11]",0.4453734047870459,"[""instance_0002""]",0.00041999142156945446
new_ground,141,instance_0002,instance_0002,unique_observed_anchor,0.0,True,False,False,cabinet,4096,462,False,"[-8.551349193936256,-4.9327861748762185,0.0,-18.36631593597547]","[0.00019186440829075147,0.007153463577195686,0.9926546615333735,1.0481140011186688e-08]","[0.00027667406913340373,0.008728502525159833,0.9909948152673401,8.13836659769662e-09]","[0.00029856956433077,0.0091351337671453,0.9905662891349962,7.533527673523126e-09]",0.6134863358900225,"[""instance_0001""]",0.00042852613234389825
new_ground,141,instance_0003,instance_0003,unique_observed_anchor,0.0,True,False,False,rack,303,56,False,"[0.0,0.0,0.0,0.0]","[0.25,0.25,0.25,0.25]","[0.19999999999999996,0.225,0.25,0.325]","[0.19999999999999996,0.225,0.25,0.325]",0.5,"[""instance_0000""]",0.0
new_ground,142,instance_0000,instance_0000,unique_observed_anchor,0.0,True,False,False,rack,2889,226,False,"[0.0,0.0,0.0,0.0]","[0.25,0.25,0.25,0.25]","[0.19999999999999996,0.225,0.25,0.325]","[0.19999999999999996,0.225,0.25,0.325]",0.5,"[""instance_0003""]",0.0
new_ground,142,instance_0001,instance_0001,unique_observed_anchor,0.0,True,False,False,cabinet,4096,561,False,"[0.0,-5.8272853582631186,-4.215058886728593,-24.0]","[0.9825909298919275,0.0028947754136889837,0.014514294657289373,3.709412962330341e-11]","[0.9874405336477733,0.0024615145542248923,0.010097951777929416,2.0072343140742852e-11]","[0.9870205422262038,0.0024990363505278247,0.010480421401721916,2.1546485083545202e-11]",0.4453734047870459,"[""instance_0002""]",0.00041999142156945446
new_ground,142,instance_0002,instance_0002,unique_observed_anchor,0.0,True,False,False,cabinet,4096,462,False,"[-8.551349193936256,-4.9327861748762185,0.0,-18.36631593597547]","[0.00019186440829075147,0.007153463577195686,0.9926546615333735,1.0481140011186688e-08]","[0.00027667406913340373,0.008728502525159833,0.9909948152673401,8.13836659769662e-09]","[0.00029856956433077,0.0091351337671453,0.9905662891349962,7.533527673523126e-09]",0.6134863358900225,"[""instance_0001""]",0.00042852613234389825
new_ground,142,instance_0003,instance_0003,unique_observed_anchor,0.0,True,False,False,rack,303,56,False,"[0.0,0.0,0.0,0.0]","[0.25,0.25,0.25,0.25]","[0.19999999999999996,0.225,0.25,0.325]","[0.19999999999999996,0.225,0.25,0.325]",0.5,"[""instance_0000""]",0.0
new_ground,143,instance_0000,instance_0000,unique_observed_anchor,0.0,True,False,False,rack,2889,226,False,"[0.0,0.0,0.0,0.0]","[0.25,0.25,0.25,0.25]","[0.19999999999999996,0.225,0.25,0.325]","[0.19999999999999996,0.225,0.25,0.325]",0.5,"[""instance_0003""]",0.0
new_ground,143,instance_0001,instance_0001,unique_observed_anchor,0.0,True,False,False,cabinet,4096,561,False,"[0.0,-5.8272853582631186,-4.215058886728593,-24.0]","[0.9825909298919275,0.0028947754136889837,0.014514294657289373,3.709412962330341e-11]","[0.9874405336477733,0.0024615145542248923,0.010097951777929416,2.0072343140742852e-11]","[0.9870205422262038,0.0024990363505278247,0.010480421401721916,2.1546485083545202e-11]",0.4453734047870459,"[""instance_0002""]",0.00041999142156945446
new_ground,143,instance_0002,instance_0002,unique_observed_anchor,0.0,True,False,False,cabinet,4096,462,False,"[-8.551349193936256,-4.9327861748762185,0.0,-18.36631593597547]","[0.00019186440829075147,0.007153463577195686,0.9926546615333735,1.0481140011186688e-08]","[0.00027667406913340373,0.008728502525159833,0.9909948152673401,8.13836659769662e-09]","[0.00029856956433077,0.0091351337671453,0.9905662891349962,7.533527673523126e-09]",0.6134863358900225,"[""instance_0001""]",0.00042852613234389825
new_ground,143,instance_0003,instance_0003,unique_observed_anchor,0.0,True,False,False,rack,303,56,False,"[0.0,0.0,0.0,0.0]","[0.25,0.25,0.25,0.25]","[0.19999999999999996,0.225,0.25,0.325]","[0.19999999999999996,0.225,0.25,0.325]",0.5,"[""instance_0000""]",0.0
new_ground,144,instance_0000,instance_0000,unique_observed_anchor,0.0,True,False,False,rack,2889,226,False,"[0.0,0.0,0.0,0.0]","[0.25,0.25,0.25,0.25]","[0.19999999999999996,0.225,0.25,0.325]","[0.19999999999999996,0.225,0.25,0.325]",0.5,"[""instance_0003""]",0.0
new_ground,144,instance_0001,instance_0001,unique_observed_anchor,0.0,True,False,False,cabinet,4096,561,False,"[0.0,-5.8272853582631186,-4.215058886728593,-24.0]","[0.9825909298919275,0.0028947754136889837,0.014514294657289373,3.709412962330341e-11]","[0.9874405336477733,0.0024615145542248923,0.010097951777929416,2.0072343140742852e-11]","[0.9870205422262038,0.0024990363505278247,0.010480421401721916,2.1546485083545202e-11]",0.4453734047870459,"[""instance_0002""]",0.00041999142156945446
new_ground,144,instance_0002,instance_0002,unique_observed_anchor,0.0,True,False,False,cabinet,4096,462,False,"[-8.551349193936256,-4.9327861748762185,0.0,-18.36631593597547]","[0.00019186440829075147,0.007153463577195686,0.9926546615333735,1.0481140011186688e-08]","[0.00027667406913340373,0.008728502525159833,0.9909948152673401,8.13836659769662e-09]","[0.00029856956433077,0.0091351337671453,0.9905662891349962,7.533527673523126e-09]",0.6134863358900225,"[""instance_0001""]",0.00042852613234389825
new_ground,144,instance_0003,instance_0003,unique_observed_anchor,0.0,True,False,False,rack,303,56,False,"[0.0,0.0,0.0,0.0]","[0.25,0.25,0.25,0.25]","[0.19999999999999996,0.225,0.25,0.325]","[0.19999999999999996,0.225,0.25,0.325]",0.5,"[""instance_0000""]",0.0
new_ground,145,instance_0000,instance_0000,unique_observed_anchor,0.0,True,False,False,rack,2889,226,False,"[0.0,0.0,0.0,0.0]","[0.25,0.25,0.25,0.25]","[0.19999999999999996,0.225,0.25,0.325]","[0.19999999999999996,0.225,0.25,0.325]",0.5,"[""instance_0003""]",0.0
new_ground,145,instance_0001,instance_0001,unique_observed_anchor,0.0,True,False,False,cabinet,4096,561,False,"[0.0,-5.8272853582631186,-4.215058886728593,-24.0]","[0.9825909298919275,0.0028947754136889837,0.014514294657289373,3.709412962330341e-11]","[0.9874405336477733,0.0024615145542248923,0.010097951777929416,2.0072343140742852e-11]","[0.9870205422262038,0.0024990363505278247,0.010480421401721916,2.1546485083545202e-11]",0.4453734047870459,"[""instance_0002""]",0.00041999142156945446
new_ground,145,instance_0002,instance_0002,unique_observed_anchor,0.0,True,False,False,cabinet,4096,462,False,"[-8.551349193936256,-4.9327861748762185,0.0,-18.36631593597547]","[0.00019186440829075147,0.007153463577195686,0.9926546615333735,1.0481140011186688e-08]","[0.00027667406913340373,0.008728502525159833,0.9909948152673401,8.13836659769662e-09]","[0.00029856956433077,0.0091351337671453,0.9905662891349962,7.533527673523126e-09]",0.6134863358900225,"[""instance_0001""]",0.00042852613234389825
new_ground,145,instance_0003,instance_0003,unique_observed_anchor,0.0,True,False,False,rack,303,56,False,"[0.0,0.0,0.0,0.0]","[0.25,0.25,0.25,0.25]","[0.19999999999999996,0.225,0.25,0.325]","[0.19999999999999996,0.225,0.25,0.325]",0.5,"[""instance_0000""]",0.0
new_ground,146,instance_0000,instance_0000,unique_observed_anchor,0.0,True,False,False,rack,2889,226,False,"[0.0,0.0,0.0,0.0]","[0.25,0.25,0.25,0.25]","[0.19999999999999996,0.225,0.25,0.325]","[0.19999999999999996,0.225,0.25,0.325]",0.5,"[""instance_0003""]",0.0
new_ground,146,instance_0001,instance_0001,unique_observed_anchor,0.0,True,False,False,cabinet,4096,561,False,"[0.0,-5.8272853582631186,-4.215058886728593,-24.0]","[0.9825909298919275,0.0028947754136889837,0.014514294657289373,3.709412962330341e-11]","[0.9874405336477733,0.0024615145542248923,0.010097951777929416,2.0072343140742852e-11]","[0.9870205422262038,0.0024990363505278247,0.010480421401721916,2.1546485083545202e-11]",0.4453734047870459,"[""instance_0002""]",0.00041999142156945446
new_ground,146,instance_0002,instance_0002,unique_observed_anchor,0.0,True,False,False,cabinet,4096,462,False,"[-8.551349193936256,-4.9327861748762185,0.0,-18.36631593597547]","[0.00019186440829075147,0.007153463577195686,0.9926546615333735,1.0481140011186688e-08]","[0.00027667406913340373,0.008728502525159833,0.9909948152673401,8.13836659769662e-09]","[0.00029856956433077,0.0091351337671453,0.9905662891349962,7.533527673523126e-09]",0.6134863358900225,"[""instance_0001""]",0.00042852613234389825
new_ground,146,instance_0003,instance_0003,unique_observed_anchor,0.0,True,False,False,rack,303,56,False,"[0.0,0.0,0.0,0.0]","[0.25,0.25,0.25,0.25]","[0.19999999999999996,0.225,0.25,0.325]","[0.19999999999999996,0.225,0.25,0.325]",0.5,"[""instance_0000""]",0.0
new_ground,147,instance_0000,instance_0000,unique_observed_anchor,0.0,True,False,False,rack,2889,226,False,"[0.0,0.0,0.0,0.0]","[0.25,0.25,0.25,0.25]","[0.19999999999999996,0.225,0.25,0.325]","[0.19999999999999996,0.225,0.25,0.325]",0.5,"[""instance_0003""]",0.0
new_ground,147,instance_0001,instance_0001,unique_observed_anchor,0.0,True,False,False,cabinet,4096,561,False,"[0.0,-5.8272853582631186,-4.215058886728593,-24.0]","[0.9825909298919275,0.0028947754136889837,0.014514294657289373,3.709412962330341e-11]","[0.9874405336477733,0.0024615145542248923,0.010097951777929416,2.0072343140742852e-11]","[0.9870205422262038,0.0024990363505278247,0.010480421401721916,2.1546485083545202e-11]",0.4453734047870459,"[""instance_0002""]",0.00041999142156945446
new_ground,147,instance_0002,instance_0002,unique_observed_anchor,0.0,True,False,False,cabinet,4096,462,False,"[-8.551349193936256,-4.9327861748762185,0.0,-18.36631593597547]","[0.00019186440829075147,0.007153463577195686,0.9926546615333735,1.0481140011186688e-08]","[0.00027667406913340373,0.008728502525159833,0.9909948152673401,8.13836659769662e-09]","[0.00029856956433077,0.0091351337671453,0.9905662891349962,7.533527673523126e-09]",0.6134863358900225,"[""instance_0001""]",0.00042852613234389825
new_ground,147,instance_0003,instance_0003,unique_observed_anchor,0.0,True,False,False,rack,303,56,False,"[0.0,0.0,0.0,0.0]","[0.25,0.25,0.25,0.25]","[0.19999999999999996,0.225,0.25,0.325]","[0.19999999999999996,0.225,0.25,0.325]",0.5,"[""instance_0000""]",0.0
new_ground,148,instance_0000,instance_0000,unique_observed_anchor,0.0,True,False,False,rack,2889,226,False,"[0.0,0.0,0.0,0.0]","[0.25,0.25,0.25,0.25]","[0.19999999999999996,0.225,0.25,0.325]","[0.19999999999999996,0.225,0.25,0.325]",0.5,"[""instance_0003""]",0.0
new_ground,148,instance_0001,instance_0001,unique_observed_anchor,0.0,True,False,False,cabinet,4096,561,False,"[0.0,-5.8272853582631186,-4.215058886728593,-24.0]","[0.9825909298919275,0.0028947754136889837,0.014514294657289373,3.709412962330341e-11]","[0.9874405336477733,0.0024615145542248923,0.010097951777929416,2.0072343140742852e-11]","[0.9870205422262038,0.0024990363505278247,0.010480421401721916,2.1546485083545202e-11]",0.4453734047870459,"[""instance_0002""]",0.00041999142156945446
new_ground,148,instance_0002,instance_0002,unique_observed_anchor,0.0,True,False,False,cabinet,4096,462,False,"[-8.551349193936256,-4.9327861748762185,0.0,-18.36631593597547]","[0.00019186440829075147,0.007153463577195686,0.9926546615333735,1.0481140011186688e-08]","[0.00027667406913340373,0.008728502525159833,0.9909948152673401,8.13836659769662e-09]","[0.00029856956433077,0.0091351337671453,0.9905662891349962,7.533527673523126e-09]",0.6134863358900225,"[""instance_0001""]",0.00042852613234389825
new_ground,148,instance_0003,instance_0003,unique_observed_anchor,0.0,True,False,False,rack,303,56,False,"[0.0,0.0,0.0,0.0]","[0.25,0.25,0.25,0.25]","[0.19999999999999996,0.225,0.25,0.325]","[0.19999999999999996,0.225,0.25,0.325]",0.5,"[""instance_0000""]",0.0
new_ground,149,instance_0000,instance_0000,unique_observed_anchor,0.0,True,False,False,rack,2889,226,False,"[0.0,0.0,0.0,0.0]","[0.25,0.25,0.25,0.25]","[0.19999999999999996,0.225,0.25,0.325]","[0.19999999999999996,0.225,0.25,0.325]",0.5,"[""instance_0003""]",0.0
new_ground,149,instance_0001,instance_0001,unique_observed_anchor,0.0,True,False,False,cabinet,4096,561,False,"[0.0,-5.8272853582631186,-4.215058886728593,-24.0]","[0.9825909298919275,0.0028947754136889837,0.014514294657289373,3.709412962330341e-11]","[0.9874405336477733,0.0024615145542248923,0.010097951777929416,2.0072343140742852e-11]","[0.9870205422262038,0.0024990363505278247,0.010480421401721916,2.1546485083545202e-11]",0.4453734047870459,"[""instance_0002""]",0.00041999142156945446
new_ground,149,instance_0002,instance_0002,unique_observed_anchor,0.0,True,False,False,cabinet,4096,462,False,"[-8.551349193936256,-4.9327861748762185,0.0,-18.36631593597547]","[0.00019186440829075147,0.007153463577195686,0.9926546615333735,1.0481140011186688e-08]","[0.00027667406913340373,0.008728502525159833,0.9909948152673401,8.13836659769662e-09]","[0.00029856956433077,0.0091351337671453,0.9905662891349962,7.533527673523126e-09]",0.6134863358900225,"[""instance_0001""]",0.00042852613234389825
new_ground,149,instance_0003,instance_0003,unique_observed_anchor,0.0,True,False,False,rack,303,56,False,"[0.0,0.0,0.0,0.0]","[0.25,0.25,0.25,0.25]","[0.19999999999999996,0.225,0.25,0.325]","[0.19999999999999996,0.225,0.25,0.325]",0.5,"[""instance_0000""]",0.0
new_ground,150,instance_0000,instance_0000,unique_observed_anchor,0.0,True,False,False,rack,2889,226,False,"[0.0,0.0,0.0,0.0]","[0.25,0.25,0.25,0.25]","[0.19999999999999996,0.225,0.25,0.325]","[0.19999999999999996,0.225,0.25,0.325]",0.5,"[""instance_0003""]",0.0
new_ground,150,instance_0001,instance_0001,unique_observed_anchor,0.0,True,False,False,cabinet,4096,561,False,"[0.0,-5.8272853582631186,-4.215058886728593,-24.0]","[0.9825909298919275,0.0028947754136889837,0.014514294657289373,3.709412962330341e-11]","[0.9874405336477733,0.0024615145542248923,0.010097951777929416,2.0072343140742852e-11]","[0.9870205422262038,0.0024990363505278247,0.010480421401721916,2.1546485083545202e-11]",0.4453734047870459,"[""instance_0002""]",0.00041999142156945446
new_ground,150,instance_0002,instance_0002,unique_observed_anchor,0.0,True,False,False,cabinet,4096,462,False,"[-8.551349193936256,-4.9327861748762185,0.0,-18.36631593597547]","[0.00019186440829075147,0.007153463577195686,0.9926546615333735,1.0481140011186688e-08]","[0.00027667406913340373,0.008728502525159833,0.9909948152673401,8.13836659769662e-09]","[0.00029856956433077,0.0091351337671453,0.9905662891349962,7.533527673523126e-09]",0.6134863358900225,"[""instance_0001""]",0.00042852613234389825
new_ground,150,instance_0003,instance_0003,unique_observed_anchor,0.0,True,False,False,rack,303,56,False,"[0.0,0.0,0.0,0.0]","[0.25,0.25,0.25,0.25]","[0.19999999999999996,0.225,0.25,0.325]","[0.19999999999999996,0.225,0.25,0.325]",0.5,"[""instance_0000""]",0.0
new_ground,151,instance_0000,instance_0000,unique_observed_anchor,0.0,True,False,False,rack,2889,226,False,"[0.0,0.0,0.0,0.0]","[0.25,0.25,0.25,0.25]","[0.19999999999999996,0.225,0.25,0.325]","[0.19999999999999996,0.225,0.25,0.325]",0.5,"[""instance_0003""]",0.0
new_ground,151,instance_0001,instance_0001,unique_observed_anchor,0.0,True,False,False,cabinet,4096,561,False,"[0.0,-5.8272853582631186,-4.215058886728593,-24.0]","[0.9825909298919275,0.0028947754136889837,0.014514294657289373,3.709412962330341e-11]","[0.9874405336477733,0.0024615145542248923,0.010097951777929416,2.0072343140742852e-11]","[0.9870205422262038,0.0024990363505278247,0.010480421401721916,2.1546485083545202e-11]",0.4453734047870459,"[""instance_0002""]",0.00041999142156945446
new_ground,151,instance_0002,instance_0002,unique_observed_anchor,0.0,True,False,False,cabinet,4096,462,False,"[-8.551349193936256,-4.9327861748762185,0.0,-18.36631593597547]","[0.00019186440829075147,0.007153463577195686,0.9926546615333735,1.0481140011186688e-08]","[0.00027667406913340373,0.008728502525159833,0.9909948152673401,8.13836659769662e-09]","[0.00029856956433077,0.0091351337671453,0.9905662891349962,7.533527673523126e-09]",0.6134863358900225,"[""instance_0001""]",0.00042852613234389825
new_ground,151,instance_0003,instance_0003,unique_observed_anchor,0.0,True,False,False,rack,303,56,False,"[0.0,0.0,0.0,0.0]","[0.25,0.25,0.25,0.25]","[0.19999999999999996,0.225,0.25,0.325]","[0.19999999999999996,0.225,0.25,0.325]",0.5,"[""instance_0000""]",0.0
new_ground,152,instance_0000,instance_0000,unique_observed_anchor,0.0,True,False,False,rack,2889,226,False,"[0.0,0.0,0.0,0.0]","[0.25,0.25,0.25,0.25]","[0.19999999999999996,0.225,0.25,0.325]","[0.19999999999999996,0.225,0.25,0.325]",0.5,"[""instance_0003""]",0.0
new_ground,152,instance_0001,instance_0001,unique_observed_anchor,0.0,True,False,False,cabinet,4096,561,False,"[0.0,-5.8272853582631186,-4.215058886728593,-24.0]","[0.9825909298919275,0.0028947754136889837,0.014514294657289373,3.709412962330341e-11]","[0.9874405336477733,0.0024615145542248923,0.010097951777929416,2.0072343140742852e-11]","[0.9870205422262038,0.0024990363505278247,0.010480421401721916,2.1546485083545202e-11]",0.4453734047870459,"[""instance_0002""]",0.00041999142156945446
new_ground,152,instance_0002,instance_0002,unique_observed_anchor,0.0,True,False,False,cabinet,4096,462,False,"[-8.551349193936256,-4.9327861748762185,0.0,-18.36631593597547]","[0.00019186440829075147,0.007153463577195686,0.9926546615333735,1.0481140011186688e-08]","[0.00027667406913340373,0.008728502525159833,0.9909948152673401,8.13836659769662e-09]","[0.00029856956433077,0.0091351337671453,0.9905662891349962,7.533527673523126e-09]",0.6134863358900225,"[""instance_0001""]",0.00042852613234389825
new_ground,152,instance_0003,instance_0003,unique_observed_anchor,0.0,True,False,False,rack,303,56,False,"[0.0,0.0,0.0,0.0]","[0.25,0.25,0.25,0.25]","[0.19999999999999996,0.225,0.25,0.325]","[0.19999999999999996,0.225,0.25,0.325]",0.5,"[""instance_0000""]",0.0
new_ground,153,instance_0000,instance_0000,unique_observed_anchor,0.0,True,False,False,rack,2889,226,False,"[0.0,0.0,0.0,0.0]","[0.25,0.25,0.25,0.25]","[0.19999999999999996,0.225,0.25,0.325]","[0.19999999999999996,0.225,0.25,0.325]",0.5,"[""instance_0003""]",0.0
new_ground,153,instance_0001,instance_0001,unique_observed_anchor,0.0,True,False,False,cabinet,4096,561,False,"[0.0,-5.8272853582631186,-4.215058886728593,-24.0]","[0.9825909298919275,0.0028947754136889837,0.014514294657289373,3.709412962330341e-11]","[0.9874405336477733,0.0024615145542248923,0.010097951777929416,2.0072343140742852e-11]","[0.9870205422262038,0.0024990363505278247,0.010480421401721916,2.1546485083545202e-11]",0.4453734047870459,"[""instance_0002""]",0.00041999142156945446
new_ground,153,instance_0002,instance_0002,unique_observed_anchor,0.0,True,False,False,cabinet,4096,462,False,"[-8.551349193936256,-4.9327861748762185,0.0,-18.36631593597547]","[0.00019186440829075147,0.007153463577195686,0.9926546615333735,1.0481140011186688e-08]","[0.00027667406913340373,0.008728502525159833,0.9909948152673401,8.13836659769662e-09]","[0.00029856956433077,0.0091351337671453,0.9905662891349962,7.533527673523126e-09]",0.6134863358900225,"[""instance_0001""]",0.00042852613234389825
new_ground,153,instance_0003,instance_0003,unique_observed_anchor,0.0,True,False,False,rack,303,56,False,"[0.0,0.0,0.0,0.0]","[0.25,0.25,0.25,0.25]","[0.19999999999999996,0.225,0.25,0.325]","[0.19999999999999996,0.225,0.25,0.325]",0.5,"[""instance_0000""]",0.0
new_ground,154,instance_0000,instance_0000,unique_observed_anchor,0.0,True,False,False,rack,2889,226,False,"[0.0,0.0,0.0,0.0]","[0.25,0.25,0.25,0.25]","[0.19999999999999996,0.225,0.25,0.325]","[0.19999999999999996,0.225,0.25,0.325]",0.5,"[""instance_0003""]",0.0
new_ground,154,instance_0001,instance_0001,unique_observed_anchor,0.0,True,False,False,cabinet,4096,561,False,"[0.0,-5.8272853582631186,-4.215058886728593,-24.0]","[0.9825909298919275,0.0028947754136889837,0.014514294657289373,3.709412962330341e-11]","[0.9874405336477733,0.0024615145542248923,0.010097951777929416,2.0072343140742852e-11]","[0.9870205422262038,0.0024990363505278247,0.010480421401721916,2.1546485083545202e-11]",0.4453734047870459,"[""instance_0002""]",0.00041999142156945446
new_ground,154,instance_0002,instance_0002,unique_observed_anchor,0.0,True,False,False,cabinet,4096,462,False,"[-8.551349193936256,-4.9327861748762185,0.0,-18.36631593597547]","[0.00019186440829075147,0.007153463577195686,0.9926546615333735,1.0481140011186688e-08]","[0.00027667406913340373,0.008728502525159833,0.9909948152673401,8.13836659769662e-09]","[0.00029856956433077,0.0091351337671453,0.9905662891349962,7.533527673523126e-09]",0.6134863358900225,"[""instance_0001""]",0.00042852613234389825
new_ground,154,instance_0003,instance_0003,unique_observed_anchor,0.0,True,False,False,rack,303,56,False,"[0.0,0.0,0.0,0.0]","[0.25,0.25,0.25,0.25]","[0.19999999999999996,0.225,0.25,0.325]","[0.19999999999999996,0.225,0.25,0.325]",0.5,"[""instance_0000""]",0.0
new_ground,155,instance_0000,instance_0000,unique_observed_anchor,0.0,True,False,False,rack,2889,226,False,"[0.0,0.0,0.0,0.0]","[0.25,0.25,0.25,0.25]","[0.19999999999999996,0.225,0.25,0.325]","[0.19999999999999996,0.225,0.25,0.325]",0.5,"[""instance_0003""]",0.0
new_ground,155,instance_0001,instance_0001,unique_observed_anchor,0.0,True,False,False,cabinet,4096,561,False,"[0.0,-5.8272853582631186,-4.215058886728593,-24.0]","[0.9825909298919275,0.0028947754136889837,0.014514294657289373,3.709412962330341e-11]","[0.9874405336477733,0.0024615145542248923,0.010097951777929416,2.0072343140742852e-11]","[0.9870205422262038,0.0024990363505278247,0.010480421401721916,2.1546485083545202e-11]",0.4453734047870459,"[""instance_0002""]",0.00041999142156945446
new_ground,155,instance_0002,instance_0002,unique_observed_anchor,0.0,True,False,False,cabinet,4096,462,False,"[-8.551349193936256,-4.9327861748762185,0.0,-18.36631593597547]","[0.00019186440829075147,0.007153463577195686,0.9926546615333735,1.0481140011186688e-08]","[0.00027667406913340373,0.008728502525159833,0.9909948152673401,8.13836659769662e-09]","[0.00029856956433077,0.0091351337671453,0.9905662891349962,7.533527673523126e-09]",0.6134863358900225,"[""instance_0001""]",0.00042852613234389825
new_ground,155,instance_0003,instance_0003,unique_observed_anchor,0.0,True,False,False,rack,303,56,False,"[0.0,0.0,0.0,0.0]","[0.25,0.25,0.25,0.25]","[0.19999999999999996,0.225,0.25,0.325]","[0.19999999999999996,0.225,0.25,0.325]",0.5,"[""instance_0000""]",0.0
new_ground,156,instance_0000,instance_0000,unique_observed_anchor,0.0,True,False,False,rack,2889,226,False,"[0.0,0.0,0.0,0.0]","[0.25,0.25,0.25,0.25]","[0.19999999999999996,0.225,0.25,0.325]","[0.19999999999999996,0.225,0.25,0.325]",0.5,"[""instance_0003""]",0.0
new_ground,156,instance_0001,instance_0001,unique_observed_anchor,0.0,True,False,False,cabinet,4096,561,False,"[0.0,-5.8272853582631186,-4.215058886728593,-24.0]","[0.9825909298919275,0.0028947754136889837,0.014514294657289373,3.709412962330341e-11]","[0.9874405336477733,0.0024615145542248923,0.010097951777929416,2.0072343140742852e-11]","[0.9870205422262038,0.0024990363505278247,0.010480421401721916,2.1546485083545202e-11]",0.4453734047870459,"[""instance_0002""]",0.00041999142156945446
new_ground,156,instance_0002,instance_0002,unique_observed_anchor,0.0,True,False,False,cabinet,4096,462,False,"[-8.551349193936256,-4.9327861748762185,0.0,-18.36631593597547]","[0.00019186440829075147,0.007153463577195686,0.9926546615333735,1.0481140011186688e-08]","[0.00027667406913340373,0.008728502525159833,0.9909948152673401,8.13836659769662e-09]","[0.00029856956433077,0.0091351337671453,0.9905662891349962,7.533527673523126e-09]",0.6134863358900225,"[""instance_0001""]",0.00042852613234389825
new_ground,156,instance_0003,instance_0003,unique_observed_anchor,0.0,True,False,False,rack,303,56,False,"[0.0,0.0,0.0,0.0]","[0.25,0.25,0.25,0.25]","[0.19999999999999996,0.225,0.25,0.325]","[0.19999999999999996,0.225,0.25,0.325]",0.5,"[""instance_0000""]",0.0
new_ground,157,instance_0000,instance_0000,unique_observed_anchor,0.0,True,False,False,rack,2889,226,False,"[0.0,0.0,0.0,0.0]","[0.25,0.25,0.25,0.25]","[0.19999999999999996,0.225,0.25,0.325]","[0.19999999999999996,0.225,0.25,0.325]",0.5,"[""instance_0003""]",0.0
new_ground,157,instance_0001,instance_0001,unique_observed_anchor,0.0,True,False,False,cabinet,4096,561,False,"[0.0,-5.8272853582631186,-4.215058886728593,-24.0]","[0.9825909298919275,0.0028947754136889837,0.014514294657289373,3.709412962330341e-11]","[0.9874405336477733,0.0024615145542248923,0.010097951777929416,2.0072343140742852e-11]","[0.9870205422262038,0.0024990363505278247,0.010480421401721916,2.1546485083545202e-11]",0.4453734047870459,"[""instance_0002""]",0.00041999142156945446
new_ground,157,instance_0002,instance_0002,unique_observed_anchor,0.0,True,False,False,cabinet,4096,462,False,"[-8.551349193936256,-4.9327861748762185,0.0,-18.36631593597547]","[0.00019186440829075147,0.007153463577195686,0.9926546615333735,1.0481140011186688e-08]","[0.00027667406913340373,0.008728502525159833,0.9909948152673401,8.13836659769662e-09]","[0.00029856956433077,0.0091351337671453,0.9905662891349962,7.533527673523126e-09]",0.6134863358900225,"[""instance_0001""]",0.00042852613234389825
new_ground,157,instance_0003,instance_0003,unique_observed_anchor,0.0,True,False,False,rack,303,56,False,"[0.0,0.0,0.0,0.0]","[0.25,0.25,0.25,0.25]","[0.19999999999999996,0.225,0.25,0.325]","[0.19999999999999996,0.225,0.25,0.325]",0.5,"[""instance_0000""]",0.0
new_ground,158,instance_0000,instance_0000,unique_observed_anchor,0.0,True,False,False,rack,2889,226,False,"[0.0,0.0,0.0,0.0]","[0.25,0.25,0.25,0.25]","[0.19999999999999996,0.225,0.25,0.325]","[0.19999999999999996,0.225,0.25,0.325]",0.5,"[""instance_0003""]",0.0
new_ground,158,instance_0001,instance_0001,unique_observed_anchor,0.0,True,False,False,cabinet,4096,561,False,"[0.0,-5.8272853582631186,-4.215058886728593,-24.0]","[0.9825909298919275,0.0028947754136889837,0.014514294657289373,3.709412962330341e-11]","[0.9874405336477733,0.0024615145542248923,0.010097951777929416,2.0072343140742852e-11]","[0.9870205422262038,0.0024990363505278247,0.010480421401721916,2.1546485083545202e-11]",0.4453734047870459,"[""instance_0002""]",0.00041999142156945446
new_ground,158,instance_0002,instance_0002,unique_observed_anchor,0.0,True,False,False,cabinet,4096,462,False,"[-8.551349193936256,-4.9327861748762185,0.0,-18.36631593597547]","[0.00019186440829075147,0.007153463577195686,0.9926546615333735,1.0481140011186688e-08]","[0.00027667406913340373,0.008728502525159833,0.9909948152673401,8.13836659769662e-09]","[0.00029856956433077,0.0091351337671453,0.9905662891349962,7.533527673523126e-09]",0.6134863358900225,"[""instance_0001""]",0.00042852613234389825
new_ground,158,instance_0003,instance_0003,unique_observed_anchor,0.0,True,False,False,rack,303,56,False,"[0.0,0.0,0.0,0.0]","[0.25,0.25,0.25,0.25]","[0.19999999999999996,0.225,0.25,0.325]","[0.19999999999999996,0.225,0.25,0.325]",0.5,"[""instance_0000""]",0.0
new_ground,159,instance_0000,instance_0000,unique_observed_anchor,0.0,True,False,False,rack,2889,226,False,"[0.0,0.0,0.0,0.0]","[0.25,0.25,0.25,0.25]","[0.19999999999999996,0.225,0.25,0.325]","[0.19999999999999996,0.225,0.25,0.325]",0.5,"[""instance_0003""]",0.0
new_ground,159,instance_0001,instance_0001,unique_observed_anchor,0.0,True,False,False,cabinet,4096,561,False,"[0.0,-5.8272853582631186,-4.215058886728593,-24.0]","[0.9825909298919275,0.0028947754136889837,0.014514294657289373,3.709412962330341e-11]","[0.9874405336477733,0.0024615145542248923,0.010097951777929416,2.0072343140742852e-11]","[0.9870205422262038,0.0024990363505278247,0.010480421401721916,2.1546485083545202e-11]",0.4453734047870459,"[""instance_0002""]",0.00041999142156945446
new_ground,159,instance_0002,instance_0002,unique_observed_anchor,0.0,True,False,False,cabinet,4096,462,False,"[-8.551349193936256,-4.9327861748762185,0.0,-18.36631593597547]","[0.00019186440829075147,0.007153463577195686,0.9926546615333735,1.0481140011186688e-08]","[0.00027667406913340373,0.008728502525159833,0.9909948152673401,8.13836659769662e-09]","[0.00029856956433077,0.0091351337671453,0.9905662891349962,7.533527673523126e-09]",0.6134863358900225,"[""instance_0001""]",0.00042852613234389825
new_ground,159,instance_0003,instance_0003,unique_observed_anchor,0.0,True,False,False,rack,303,56,False,"[0.0,0.0,0.0,0.0]","[0.25,0.25,0.25,0.25]","[0.19999999999999996,0.225,0.25,0.325]","[0.19999999999999996,0.225,0.25,0.325]",0.5,"[""instance_0000""]",0.0
new_ground,160,instance_0000,instance_0000,unique_observed_anchor,0.0,True,False,False,rack,2919,229,False,"[0.0,0.0,0.0,0.0]","[0.25,0.25,0.25,0.25]","[0.19999999999999996,0.225,0.25,0.325]","[0.19999999999999996,0.225,0.25,0.325]",0.5,"[""instance_0003""]",0.0
new_ground,160,instance_0001,instance_0001,unique_observed_anchor,0.0,True,False,False,cabinet,4096,561,False,"[0.0,-5.8272853582631186,-4.215058886728593,-24.0]","[0.9825909298919275,0.0028947754136889837,0.014514294657289373,3.709412962330341e-11]","[0.9874405336477733,0.0024615145542248923,0.010097951777929416,2.0072343140742852e-11]","[0.9870205422262038,0.0024990363505278247,0.010480421401721916,2.1546485083545202e-11]",0.4453734047870459,"[""instance_0002""]",0.00041999142156945446
new_ground,160,instance_0002,instance_0002,unique_observed_anchor,0.0,True,False,False,cabinet,4096,462,False,"[-8.551349193936256,-4.9327861748762185,0.0,-18.36631593597547]","[0.00019186440829075147,0.007153463577195686,0.9926546615333735,1.0481140011186688e-08]","[0.00027667406913340373,0.008728502525159833,0.9909948152673401,8.13836659769662e-09]","[0.00029856956433077,0.0091351337671453,0.9905662891349962,7.533527673523126e-09]",0.6134863358900225,"[""instance_0001""]",0.00042852613234389825
new_ground,160,instance_0003,instance_0003,unique_observed_anchor,0.0,True,False,False,rack,303,56,False,"[0.0,0.0,0.0,0.0]","[0.25,0.25,0.25,0.25]","[0.19999999999999996,0.225,0.25,0.325]","[0.19999999999999996,0.225,0.25,0.325]",0.5,"[""instance_0000""]",0.0
