{
  "tag": "paper_fast",
  "generated_at": "2026-06-11T10:31:20.573099+00:00",
  "log_path": "/mnt/nso_data/nso_runs/models/paper_fast_eval/train.log",
  "dump_dir": "/mnt/nso_data/nso_runs/dump/paper_fast_eval",
  "meta": {
    "split": "val",
    "episodes": 20,
    "max_episode_length": 500,
    "checkpoint_dir": "trained_models/paper_fast",
    "paper_mode": true
  },
  "coverage_ratio_episode_max": {
    "mean": 0.79545914125,
    "std": 0.25739199837711285,
    "median": 0.962445,
    "min": 0.0070653,
    "max": 1.0,
    "count": 80
  },
  "explored_area_m2_episode_max": {
    "mean": 12122.9875,
    "std": 580.9486959652719,
    "median": 12230.0,
    "min": 10925.0,
    "max": 13712.0,
    "count": 80
  },
  "coverage_ratio_step_curve_mean": {
    "mean": 0.677144,
    "std": 0.14312829253505402,
    "median": 0.73665,
    "min": 0.26298,
    "max": 0.79546,
    "count": 20
  },
  "explored_area_step_curve_mean": {
    "mean": 6685.220877,
    "std": 3607.5237251310737,
    "median": 6703.22238,
    "min": 686.25545,
    "max": 12122.96349,
    "count": 20
  },
  "paper_online_coverage": {
    "mean": 0.04382828282828283,
    "std": 0.047078530368209734,
    "median": 0.027999999999999997,
    "min": 0.001,
    "max": 0.209,
    "count": 594
  },
  "paper_online_drift_cm": {},
  "paper_online_unreachable": {
    "mean": 0.8419047619047619,
    "std": 2.7380486952566003,
    "median": 0.0,
    "min": 0.0,
    "max": 11.0,
    "count": 1050
  },
  "raw": {
    "final_exp_ratio_curve": [
      0.26298,
      0.39006,
      0.48771,
      0.56259,
      0.61387,
      0.653,
      0.67958,
      0.70354,
      0.72054,
      0.73,
      0.7433,
      0.75117,
      0.75789,
      0.76591,
      0.77293,
      0.78,
      0.78647,
      0.79042,
      0.79546,
      0.79546
    ],
    "final_exp_area_curve": [
      686.25545,
      1336.00199,
      1974.00389,
      2605.95047,
      3235.89746,
      3865.30133,
      4495.06839,
      5125.09134,
      5755.40721,
      6386.77293,
      7019.67183,
      7654.18558,
      8290.86049,
      8928.53388,
      9566.43035,
      10205.17839,
      10844.60792,
      11483.27166,
      12122.96349,
      12122.96349
    ],
    "episode_max_coverage": [
      0.39441,
      0.64075,
      0.83413,
      0.66222,
      0.42579,
      0.44501,
      0.57419,
      0.41342,
      0.44638,
      0.37955,
      0.37439,
      0.50251,
      0.15305,
      0.57617,
      0.67621,
      0.4429,
      0.4367,
      0.60783,
      0.56187,
      0.61776,
      0.99571,
      0.99943,
      0.98364,
      0.98939,
      0.99298,
      0.98438,
      0.999,
      0.98854,
      0.99928,
      0.99384,
      0.60287,
      0.99026,
      0.97892,
      0.99742,
      0.99083,
      0.99198,
      0.44487,
      0.99627,
      0.99943,
      0.98396,
      1.0,
      0.99929,
      1.0,
      0.9753,
      0.99646,
      0.9999,
      0.32285,
      0.083426,
      0.9462,
      0.99098,
      0.0070653,
      0.56636,
      0.78849,
      0.95968,
      0.94286,
      1.0,
      0.96521,
      0.9999,
      0.9997,
      1.0,
      0.87949,
      0.78588,
      0.88038,
      0.98796,
      0.78879,
      0.99107,
      0.99107,
      0.82063,
      0.66438,
      0.99099,
      0.83609,
      0.76017,
      0.98843,
      0.99322,
      0.96827,
      0.78366,
      0.99147,
      0.99187,
      0.94702,
      0.98398
    ],
    "episode_max_area_m2": [
      12205.0,
      12515.0,
      12267.0,
      12482.0,
      12189.0,
      12514.0,
      12385.0,
      12843.0,
      12385.0,
      12438.0,
      12156.0,
      12539.0,
      12919.0,
      12290.0,
      12308.0,
      12591.0,
      13324.0,
      12609.0,
      12466.0,
      12227.0,
      10930.0,
      10925.0,
      11003.0,
      11119.0,
      11276.0,
      11617.0,
      11411.0,
      12019.0,
      11829.0,
      11285.0,
      13234.0,
      11158.0,
      11349.0,
      11452.0,
      11317.0,
      11752.0,
      13047.0,
      11377.0,
      11332.0,
      11557.0,
      12190.0,
      12344.0,
      12385.0,
      12345.0,
      12327.0,
      12463.0,
      12843.0,
      13532.0,
      11664.0,
      12231.0,
      13712.0,
      11826.0,
      12102.0,
      12319.0,
      11901.0,
      12265.0,
      11750.0,
      12043.0,
      12393.0,
      12577.0,
      12291.0,
      11422.0,
      12102.0,
      12476.0,
      12229.0,
      11922.0,
      12349.0,
      11771.0,
      11231.0,
      12067.0,
      11860.0,
      11645.0,
      12417.0,
      11840.0,
      11978.0,
      12341.0,
      12741.0,
      12411.0,
      12296.0,
      12597.0
    ]
  }
}