Fri Sep 11 11:45:17 UTC 2026
Get:1 http://snapshots.ros.org/noetic/final/ubuntu focal InRelease [13.8 kB]
Get:2 http://snapshots.ros.org/noetic/final/ubuntu focal/main amd64 Packages [1054 kB]
Get:3 http://archive.ubuntu.com/ubuntu focal InRelease [265 kB]
Get:4 http://archive.ubuntu.com/ubuntu focal-updates InRelease [128 kB]
Get:5 http://archive.ubuntu.com/ubuntu focal-backports InRelease [128 kB]
Get:6 http://archive.ubuntu.com/ubuntu focal/universe amd64 Packages [11.3 MB]
Get:7 http://archive.ubuntu.com/ubuntu focal/main amd64 Packages [1275 kB]
Get:8 http://archive.ubuntu.com/ubuntu focal/restricted amd64 Packages [33.4 kB]
Get:9 http://archive.ubuntu.com/ubuntu focal/multiverse amd64 Packages [177 kB]
Get:10 http://archive.ubuntu.com/ubuntu focal-updates/main amd64 Packages [4850 kB]
Get:11 http://archive.ubuntu.com/ubuntu focal-updates/universe amd64 Packages [1588 kB]
Get:12 http://archive.ubuntu.com/ubuntu focal-updates/multiverse amd64 Packages [36.2 kB]
Get:13 http://archive.ubuntu.com/ubuntu focal-updates/restricted amd64 Packages [4904 kB]
Get:14 http://archive.ubuntu.com/ubuntu focal-backports/main amd64 Packages [54.7 kB]
Get:15 http://archive.ubuntu.com/ubuntu focal-backports/universe amd64 Packages [28.4 kB]
Err:16 http://security.ubuntu.com/ubuntu focal-security InRelease
  Connection failed [IP: 185.125.190.82 80]
Fetched 25.9 MB in 1min 1s (426 kB/s)
Reading package lists...
W: Failed to fetch http://security.ubuntu.com/ubuntu/dists/focal-security/InRelease  Connection failed [IP: 185.125.190.82 80]
W: Some index files failed to download. They have been ignored, or old ones used instead.
Reading package lists...
Building dependency tree...
Reading state information...
cmake is already the newest version (3.16.3-1ubuntu1.20.04.1).
cmake set to manually installed.
ros-noetic-nav-msgs is already the newest version (1.13.2-1focal.20250426.013359).
ros-noetic-nav-msgs set to manually installed.
ros-noetic-roscpp is already the newest version (1.17.4-1focal.20250519.225343).
ros-noetic-roscpp set to manually installed.
ros-noetic-rospy is already the newest version (1.17.4-1focal.20250519.231646).
ros-noetic-rospy set to manually installed.
ros-noetic-sensor-msgs is already the newest version (1.13.2-1focal.20250519.234916).
ros-noetic-sensor-msgs set to manually installed.
ros-noetic-std-msgs is already the newest version (0.5.14-1focal.20250426.011621).
ros-noetic-std-msgs set to manually installed.
The following additional packages will be installed:
  binutils binutils-common binutils-x86-64-linux-gnu cpp cpp-9 cython3
  dpkg-dev fontconfig fontconfig-config fonts-dejavu-core g++ g++-9 gcc gcc-9
  gcc-9-base gdal-data graphviz hdf5-helpers iso-codes libaec-dev libaec0
  libann0 libaom0 libarmadillo-dev libarmadillo9 libarpack2 libarpack2-dev
  libasan5 libavahi-client3 libavahi-common-data libavahi-common3
  libavcodec-dev libavcodec58 libavformat-dev libavformat58 libavutil-dev
  libavutil56 libbinutils libblas-dev libbluray2 libcairo-gobject2 libcairo2
  libcap2 libcap2-bin libcc1-0 libcdt5 libcfitsio-dev libcfitsio8 libcgraph6
  libcharls-dev libcharls2 libchromaprint1 libclang1-10 libcodec2-0.9
  libctf-nobfd0 libctf0 libcups2 libcurl3-gnutls libcurl4-gnutls-dev
  libdap-dev libdap25 libdapclient6v5 libdapserver7v5 libdatrie1 libdbus-1-3
  libdouble-conversion3 libdrm-amdgpu1 libdrm-common libdrm-intel1
  libdrm-nouveau2 libdrm-radeon1 libdrm2 libegl-dev libegl-mesa0 libegl1
  libelf1 libepsilon-dev libepsilon1 libevdev2 libflann-dev libflann1.9
  libfontconfig1 libfontconfig1-dev libfreetype-dev libfreetype6
  libfreetype6-dev libfreexl-dev libfreexl1 libfribidi0 libfyba-dev libfyba0
  libgbm1 libgcc-9-dev libgd3 libgdal-dev libgdal26 libgdk-pixbuf2.0-0
  libgdk-pixbuf2.0-common libgeos-3.8.0 libgeos-c1v5 libgeos-dev
  libgeotiff-dev libgeotiff5 libgflags-dev libgflags2.2 libgif-dev libgif7
  libgl-dev libgl1 libgl1-mesa-dev libgl1-mesa-dri libgl2ps-dev libgl2ps1.4
  libglapi-mesa libgles-dev libgles1 libgles2 libglew-dev libglew2.1
  libglu1-mesa libglu1-mesa-dev libglvnd-dev libglvnd0 libglx-dev libglx-mesa0
  libglx0 libgme0 libgoogle-glog0v5 libgraphite2-3 libgsm1
  libgstreamer-plugins-base1.0-0 libgstreamer1.0-0 libgts-0.7-5 libgudev-1.0-0
  libgvc6 libgvpr2 libharfbuzz0b libhdf4-0-alt libhdf4-alt-dev libhdf5-103
  libhdf5-cpp-103 libhdf5-dev libhdf5-mpi-dev libhdf5-openmpi-103
  libhdf5-openmpi-dev libhyphen0 libice-dev libice6 libinput-bin libinput10
  libisl22 libjbig-dev libjbig0 libjpeg-dev libjpeg-turbo8 libjpeg-turbo8-dev
  libjpeg8 libjpeg8-dev libjson-c-dev libjson-c4 libjsoncpp-dev libkml-dev
  libkmlbase1 libkmlconvenience1 libkmldom1 libkmlengine1 libkmlregionator1
  libkmlxsd1 liblab-gamut1 liblapack-dev liblcms2-2 libllvm10 libllvm12
  liblzma-dev libminizip-dev libminizip1 libmp3lame0 libmpc3 libmpfr6
  libmpg123-0 libmtdev1 libnetcdf-c++4 libnetcdf-cxx-legacy-dev libnetcdf-dev
  libnetcdf15 libnspr4 libnss3 libogdi-dev libogdi4.1 libogg-dev libogg0
  libopengl-dev libopengl0 libopenjp2-7 libopenjp2-7-dev libopenmpt0
  libopenni-dev libopenni0 libopenni2-0 libopenni2-dev libopus0 liborc-0.4-0
  libpango-1.0-0 libpangocairo-1.0-0 libpangoft2-1.0-0 libpathplan4 libpcap0.8
  libpcl-apps1.10 libpcl-common1.10 libpcl-dev libpcl-features1.10
  libpcl-filters1.10 libpcl-io1.10 libpcl-kdtree1.10 libpcl-keypoints1.10
  libpcl-ml1.10 libpcl-octree1.10 libpcl-outofcore1.10 libpcl-people1.10
  libpcl-recognition1.10 libpcl-registration1.10 libpcl-sample-consensus1.10
  libpcl-search1.10 libpcl-segmentation1.10 libpcl-stereo1.10
  libpcl-surface1.10 libpcl-tracking1.10 libpcl-visualization1.10
  libpcre2-16-0 libpixman-1-0 libpng-dev libpng16-16 libpoppler-dev
  libpoppler-private-dev libpoppler97 libpq-dev libpq5 libproj-dev libproj15
  libpthread-stubs0-dev libqhull-dev libqhull-r7 libqhull7 libqt5concurrent5
  libqt5core5a libqt5dbus5 libqt5designer5 libqt5designercomponents5
  libqt5gui5 libqt5help5 libqt5network5 libqt5opengl5 libqt5opengl5-dev
  libqt5positioning5 libqt5printsupport5 libqt5qml5 libqt5quick5
  libqt5quickparticles5 libqt5quickshapes5 libqt5quicktest5
  libqt5quickwidgets5 libqt5sensors5 libqt5sql5 libqt5sql5-sqlite libqt5test5
  libqt5webchannel5 libqt5webkit5 libqt5webkit5-dev libqt5widgets5
  libqt5x11extras5 libqt5xml5 librsvg2-2 libsensors-config libsensors5
  libshine3 libsm-dev libsm6 libsnappy1v5 libsoxr0 libspatialite-dev
  libspatialite7 libspeex1 libssh-gcrypt-4 libstdc++-9-dev libsuperlu-dev
  libsuperlu5 libswresample-dev libswresample3 libswscale-dev libswscale5
  libsz2 libtcl8.6 libthai-data libthai0 libtheora-dev libtheora0 libtiff-dev
  libtiff5 libtiffxx5 libtinyxml2.6.2v5 libtk8.6 libtwolame0 libunwind8
  liburiparser-dev liburiparser1 libusb-1.0-0 libva-drm2 libva-x11-2 libva2
  libvdpau1 libvorbis0a libvorbisenc2 libvorbisfile3 libvpx6 libvtk7-dev
  libvtk7-java libvtk7-jni libvtk7-qt-dev libvtk7.1p libvtk7.1p-qt
  libvulkan-dev libvulkan1 libwacom-common libwacom2 libwavpack1
  libwayland-client0 libwayland-server0 libwebp-dev libwebp6 libwebpdemux2
  libwebpmux3 libwoff1 libx11-dev libx11-xcb1 libx264-155 libx265-179
  libxau-dev libxaw7 libxcb-dri2-0 libxcb-dri3-0 libxcb-glx0 libxcb-icccm4
  libxcb-image0 libxcb-keysyms1 libxcb-present0 libxcb-randr0
  libxcb-render-util0 libxcb-render0 libxcb-shape0 libxcb-shm0 libxcb-sync1
  libxcb-util1 libxcb-xfixes0 libxcb-xinerama0 libxcb-xinput0 libxcb-xkb1
  libxcb1-dev libxdmcp-dev libxerces-c-dev libxerces-c3.2 libxext-dev
  libxfixes3 libxft-dev libxft2 libxkbcommon-x11-0 libxkbcommon0 libxml2-dev
  libxmu6 libxpm4 libxrender-dev libxrender1 libxshmfence1 libxslt1.1
  libxss-dev libxss1 libxt-dev libxt6 libxvidcore4 libxxf86vm1 libzstd-dev
  libzvbi-common libzvbi0 make odbcinst odbcinst1debian2 patch proj-data
  python3-attr python3-autobahn python3-automat python3-cbor
  python3-constantly python3-hamcrest python3-hyperlink python3-idna
  python3-incremental python3-lz4 python3-mpi4py python3-openssl
  python3-pyasn1 python3-pyasn1-modules python3-pyqrcode
  python3-service-identity python3-snappy python3-trie python3-twisted
  python3-twisted-bin python3-txaio python3-u-msgpack python3-ubjson
  python3-vtk7 python3-wsaccel python3-zope.interface qdoc-qt5
  qhelpgenerator-qt5 qt5-assistant qt5-qmake qt5-qmake-bin
  qt5-qmltooling-plugins qtattributionsscanner-qt5 qtbase5-dev
  qtbase5-dev-tools qtchooser qtdeclarative5-dev qtdeclarative5-dev-tools
  qttools5-dev qttools5-dev-tools qttools5-private-dev ros-noetic-actionlib
  ros-noetic-bond ros-noetic-bondcpp ros-noetic-dynamic-reconfigure
  ros-noetic-nodelet ros-noetic-nodelet-topic-tools ros-noetic-pcl-conversions
  ros-noetic-pcl-msgs ros-noetic-smclib ros-noetic-tf ros-noetic-tf2
  ros-noetic-tf2-eigen ros-noetic-tf2-msgs ros-noetic-tf2-py
  ros-noetic-tf2-ros shared-mime-info tcl tcl-dev tcl-vtk7 tcl8.6 tcl8.6-dev
  tk tk-dev tk8.6 tk8.6-dev ucf unixodbc-dev vtk7 x11-common x11proto-core-dev
  x11proto-dev x11proto-scrnsaver-dev x11proto-xext-dev xkb-data
  xorg-sgml-doctools xtrans-dev xz-utils
Suggested packages:
  binutils-doc cpp-doc gcc-9-locales cython-doc debian-keyring g++-multilib
  g++-9-multilib gcc-9-doc gcc-multilib manpages-dev libtool flex bison gdb
  gcc-doc gcc-9-multilib gsfonts graphviz-doc isoquery libitpp-dev
  liblapack-doc libbluray-bdj cups-common libcurl4-doc libgnutls28-dev
  libidn11-dev libkrb5-dev librtmp-dev libssh2-1-dev libeigen3-doc
  libmpfrc++-dev freetype2-doc libgd-tools libgdal-doc libgeotiff-epsg
  geotiff-bin gdal-bin glew-utils libvisual-0.4-plugins gstreamer1.0-tools
  libhdf4-doc hdf4-tools libhdf5-doc libice-doc liblcms2-utils liblzma-doc
  netcdf-bin netcdf-doc ogdi-bin openni-doc openni2-doc opus-tools libpcl-doc
  postgresql-doc-12 proj-bin qt5-image-formats-plugins qtwayland5 librsvg2-bin
  lm-sensors libsm-doc speex libstdc++-9-doc libsuperlu-doc vtk7-doc
  vtk7-examples java-virtual-machine libx11-doc libxcb-doc libxerces-c-doc
  libxext-doc libxt-doc make-doc ed diffutils-doc python-attr-doc
  python-openssl-doc python3-openssl-dbg python-trie-doc python3-tk
  python3-pampy python3-qt4 python3-serial python3-wxgtk2.8
  python3-twisted-bin-dbg python-txaio-doc mayavi2 qt5-doc firebird-dev
  tcl-doc tcl-tclreadline tcl8.6-doc tk-doc tk8.6-doc
Recommended packages:
  fakeroot libalgorithm-merge-perl fonts-liberation libaacs0 libpam-cap
  libcfitsio-doc dbus proj-bin libgdk-pixbuf2.0-bin gstreamer1.0-plugins-base
  libgts-bin libopenni-sensor-pointclouds0 | libopenni-sensor-primesense0
  libpng-tools poppler-data qttranslations5-l10n libqt5svg5
  qt5-gtk-platformtheme geoclue-2.0 librsvg2-common va-driver-all | va-driver
  vdpau-driver-all | vdpau-driver mesa-vulkan-drivers | vulkan-icd
  libwacom-bin python3-click python3-png xterm | x-terminal-emulator
The following NEW packages will be installed:
  binutils binutils-common binutils-x86-64-linux-gnu build-essential cpp cpp-9
  cython3 dpkg-dev fontconfig fontconfig-config fonts-dejavu-core g++ g++-9
  gcc gcc-9 gcc-9-base gdal-data graphviz hdf5-helpers iso-codes libaec-dev
  libaec0 libann0 libaom0 libarmadillo-dev libarmadillo9 libarpack2
  libarpack2-dev libasan5 libavahi-client3 libavahi-common-data
  libavahi-common3 libavcodec-dev libavcodec58 libavformat-dev libavformat58
  libavutil-dev libavutil56 libbinutils libblas-dev libbluray2
  libcairo-gobject2 libcairo2 libcap2 libcap2-bin libcc1-0 libcdt5
  libcfitsio-dev libcfitsio8 libcgraph6 libcharls-dev libcharls2
  libchromaprint1 libclang1-10 libcodec2-0.9 libctf-nobfd0 libctf0 libcups2
  libcurl3-gnutls libcurl4-gnutls-dev libdap-dev libdap25 libdapclient6v5
  libdapserver7v5 libdatrie1 libdbus-1-3 libdouble-conversion3 libdrm-amdgpu1
  libdrm-common libdrm-intel1 libdrm-nouveau2 libdrm-radeon1 libdrm2
  libegl-dev libegl-mesa0 libegl1 libeigen3-dev libelf1 libepsilon-dev
  libepsilon1 libevdev2 libflann-dev libflann1.9 libfontconfig1
  libfontconfig1-dev libfreetype-dev libfreetype6 libfreetype6-dev
  libfreexl-dev libfreexl1 libfribidi0 libfyba-dev libfyba0 libgbm1
  libgcc-9-dev libgd3 libgdal-dev libgdal26 libgdk-pixbuf2.0-0
  libgdk-pixbuf2.0-common libgeos-3.8.0 libgeos-c1v5 libgeos-dev
  libgeotiff-dev libgeotiff5 libgflags-dev libgflags2.2 libgif-dev libgif7
  libgl-dev libgl1 libgl1-mesa-dev libgl1-mesa-dri libgl2ps-dev libgl2ps1.4
  libglapi-mesa libgles-dev libgles1 libgles2 libglew-dev libglew2.1
  libglu1-mesa libglu1-mesa-dev libglvnd-dev libglvnd0 libglx-dev libglx-mesa0
  libglx0 libgme0 libgoogle-glog-dev libgoogle-glog0v5 libgraphite2-3 libgsm1
  libgstreamer-plugins-base1.0-0 libgstreamer1.0-0 libgts-0.7-5 libgudev-1.0-0
  libgvc6 libgvpr2 libharfbuzz0b libhdf4-0-alt libhdf4-alt-dev libhdf5-103
  libhdf5-cpp-103 libhdf5-dev libhdf5-mpi-dev libhdf5-openmpi-103
  libhdf5-openmpi-dev libhyphen0 libice-dev libice6 libinput-bin libinput10
  libisl22 libjbig-dev libjbig0 libjpeg-dev libjpeg-turbo8 libjpeg-turbo8-dev
  libjpeg8 libjpeg8-dev libjson-c-dev libjson-c4 libjsoncpp-dev libkml-dev
  libkmlbase1 libkmlconvenience1 libkmldom1 libkmlengine1 libkmlregionator1
  libkmlxsd1 liblab-gamut1 liblapack-dev liblcms2-2 libllvm10 libllvm12
  liblzma-dev libminizip-dev libminizip1 libmp3lame0 libmpc3 libmpfr6
  libmpg123-0 libmtdev1 libnetcdf-c++4 libnetcdf-cxx-legacy-dev libnetcdf-dev
  libnetcdf15 libnspr4 libnss3 libogdi-dev libogdi4.1 libogg-dev libogg0
  libopengl-dev libopengl0 libopenjp2-7 libopenjp2-7-dev libopenmpt0
  libopenni-dev libopenni0 libopenni2-0 libopenni2-dev libopus0 liborc-0.4-0
  libpango-1.0-0 libpangocairo-1.0-0 libpangoft2-1.0-0 libpathplan4 libpcap0.8
  libpcl-apps1.10 libpcl-common1.10 libpcl-dev libpcl-features1.10
  libpcl-filters1.10 libpcl-io1.10 libpcl-kdtree1.10 libpcl-keypoints1.10
  libpcl-ml1.10 libpcl-octree1.10 libpcl-outofcore1.10 libpcl-people1.10
  libpcl-recognition1.10 libpcl-registration1.10 libpcl-sample-consensus1.10
  libpcl-search1.10 libpcl-segmentation1.10 libpcl-stereo1.10
  libpcl-surface1.10 libpcl-tracking1.10 libpcl-visualization1.10
  libpcre2-16-0 libpixman-1-0 libpng-dev libpng16-16 libpoppler-dev
  libpoppler-private-dev libpoppler97 libpq-dev libpq5 libproj-dev libproj15
  libpthread-stubs0-dev libqhull-dev libqhull-r7 libqhull7 libqt5concurrent5
  libqt5core5a libqt5dbus5 libqt5designer5 libqt5designercomponents5
  libqt5gui5 libqt5help5 libqt5network5 libqt5opengl5 libqt5opengl5-dev
  libqt5positioning5 libqt5printsupport5 libqt5qml5 libqt5quick5
  libqt5quickparticles5 libqt5quickshapes5 libqt5quicktest5
  libqt5quickwidgets5 libqt5sensors5 libqt5sql5 libqt5sql5-sqlite libqt5test5
  libqt5webchannel5 libqt5webkit5 libqt5webkit5-dev libqt5widgets5
  libqt5x11extras5 libqt5xml5 librsvg2-2 libsensors-config libsensors5
  libshine3 libsm-dev libsm6 libsnappy1v5 libsoxr0 libspatialite-dev
  libspatialite7 libspeex1 libssh-gcrypt-4 libstdc++-9-dev libsuperlu-dev
  libsuperlu5 libswresample-dev libswresample3 libswscale-dev libswscale5
  libsz2 libtcl8.6 libthai-data libthai0 libtheora-dev libtheora0 libtiff-dev
  libtiff5 libtiffxx5 libtinyxml2.6.2v5 libtk8.6 libtwolame0 libunwind8
  liburiparser-dev liburiparser1 libusb-1.0-0 libva-drm2 libva-x11-2 libva2
  libvdpau1 libvorbis0a libvorbisenc2 libvorbisfile3 libvpx6 libvtk7-dev
  libvtk7-java libvtk7-jni libvtk7-qt-dev libvtk7.1p libvtk7.1p-qt
  libvulkan-dev libvulkan1 libwacom-common libwacom2 libwavpack1
  libwayland-client0 libwayland-server0 libwebp-dev libwebp6 libwebpdemux2
  libwebpmux3 libwoff1 libx11-dev libx11-xcb1 libx264-155 libx265-179
  libxau-dev libxaw7 libxcb-dri2-0 libxcb-dri3-0 libxcb-glx0 libxcb-icccm4
  libxcb-image0 libxcb-keysyms1 libxcb-present0 libxcb-randr0
  libxcb-render-util0 libxcb-render0 libxcb-shape0 libxcb-shm0 libxcb-sync1
  libxcb-util1 libxcb-xfixes0 libxcb-xinerama0 libxcb-xinput0 libxcb-xkb1
  libxcb1-dev libxdmcp-dev libxerces-c-dev libxerces-c3.2 libxext-dev
  libxfixes3 libxft-dev libxft2 libxkbcommon-x11-0 libxkbcommon0 libxml2-dev
  libxmu6 libxpm4 libxrender-dev libxrender1 libxshmfence1 libxslt1.1
  libxss-dev libxss1 libxt-dev libxt6 libxvidcore4 libxxf86vm1 libzstd-dev
  libzvbi-common libzvbi0 make odbcinst odbcinst1debian2 patch proj-data
  python3-attr python3-autobahn python3-automat python3-cbor
  python3-constantly python3-hamcrest python3-hyperlink python3-idna
  python3-incremental python3-lz4 python3-mpi4py python3-openssl
  python3-pyasn1 python3-pyasn1-modules python3-pyqrcode
  python3-service-identity python3-snappy python3-trie python3-twisted
  python3-twisted-bin python3-txaio python3-u-msgpack python3-ubjson
  python3-vtk7 python3-wsaccel python3-zope.interface qdoc-qt5
  qhelpgenerator-qt5 qt5-assistant qt5-qmake qt5-qmake-bin
  qt5-qmltooling-plugins qtattributionsscanner-qt5 qtbase5-dev
  qtbase5-dev-tools qtchooser qtdeclarative5-dev qtdeclarative5-dev-tools
  qttools5-dev qttools5-dev-tools qttools5-private-dev ros-noetic-actionlib
  ros-noetic-bond ros-noetic-bondcpp ros-noetic-dynamic-reconfigure
  ros-noetic-nodelet ros-noetic-nodelet-topic-tools ros-noetic-pcl-conversions
  ros-noetic-pcl-msgs ros-noetic-pcl-ros ros-noetic-smclib ros-noetic-tf
  ros-noetic-tf2 ros-noetic-tf2-eigen ros-noetic-tf2-msgs ros-noetic-tf2-py
  ros-noetic-tf2-ros shared-mime-info tcl tcl-dev tcl-vtk7 tcl8.6 tcl8.6-dev
  tk tk-dev tk8.6 tk8.6-dev ucf unixodbc-dev vtk7 x11-common x11proto-core-dev
  x11proto-dev x11proto-scrnsaver-dev x11proto-xext-dev xkb-data
  xorg-sgml-doctools xtrans-dev xz-utils
0 upgraded, 469 newly installed, 0 to remove and 16 not upgraded.
Need to get 303 MB of archives.
After this operation, 1848 MB of additional disk space will be used.
Get:1 http://snapshots.ros.org/noetic/final/ubuntu focal/main amd64 ros-noetic-actionlib amd64 1.14.3-1focal.20250519.235901 [137 kB]
Get:2 http://snapshots.ros.org/noetic/final/ubuntu focal/main amd64 ros-noetic-bond amd64 1.8.7-1focal.20250426.013629 [18.8 kB]
Get:3 http://snapshots.ros.org/noetic/final/ubuntu focal/main amd64 ros-noetic-smclib amd64 1.8.7-1focal.20250426.010546 [13.9 kB]
Get:4 http://snapshots.ros.org/noetic/final/ubuntu focal/main amd64 ros-noetic-bondcpp amd64 1.8.7-1focal.20250519.230329 [60.3 kB]
Get:5 http://snapshots.ros.org/noetic/final/ubuntu focal/main amd64 ros-noetic-dynamic-reconfigure amd64 1.7.6-1focal.20250521.000900 [99.6 kB]
Get:6 http://snapshots.ros.org/noetic/final/ubuntu focal/main amd64 ros-noetic-nodelet amd64 1.11.2-1focal.20250519.231850 [168 kB]
Get:7 http://snapshots.ros.org/noetic/final/ubuntu focal/main amd64 ros-noetic-nodelet-topic-tools amd64 1.11.2-1focal.20250521.003920 [16.5 kB]
Get:8 http://snapshots.ros.org/noetic/final/ubuntu focal/main amd64 ros-noetic-pcl-msgs amd64 0.3.0-1focal.20250520.005335 [28.0 kB]
Get:9 http://snapshots.ros.org/noetic/final/ubuntu focal/main amd64 ros-noetic-pcl-conversions amd64 1.7.4-1focal.20250520.005606 [11.7 kB]
Get:10 http://snapshots.ros.org/noetic/final/ubuntu focal/main amd64 ros-noetic-tf2-msgs amd64 0.7.10-1focal.20250502.231510 [44.5 kB]
Get:11 http://snapshots.ros.org/noetic/final/ubuntu focal/main amd64 ros-noetic-tf2 amd64 0.7.10-1focal.20250502.231751 [107 kB]
Get:12 http://snapshots.ros.org/noetic/final/ubuntu focal/main amd64 ros-noetic-tf2-py amd64 0.7.10-1focal.20250519.232104 [30.1 kB]
Get:13 http://snapshots.ros.org/noetic/final/ubuntu focal/main amd64 ros-noetic-tf2-ros amd64 0.7.10-1focal.20250520.000336 [239 kB]
Get:14 http://snapshots.ros.org/noetic/final/ubuntu focal/main amd64 ros-noetic-tf amd64 1.13.4-1focal.20250520.001125 [231 kB]
Get:15 http://snapshots.ros.org/noetic/final/ubuntu focal/main amd64 ros-noetic-tf2-eigen amd64 0.7.10-1focal.20250502.232642 [9716 B]
Get:16 http://snapshots.ros.org/noetic/final/ubuntu focal/main amd64 ros-noetic-pcl-ros amd64 1.7.4-1focal.20250521.004323 [967 kB]
Get:17 http://archive.ubuntu.com/ubuntu focal-updates/main amd64 libcap2 amd64 1:2.32-1ubuntu0.2 [15.7 kB]
Get:18 http://archive.ubuntu.com/ubuntu focal-updates/main amd64 libcap2-bin amd64 1:2.32-1ubuntu0.2 [26.2 kB]
Get:19 http://archive.ubuntu.com/ubuntu focal-updates/main amd64 libgstreamer1.0-0 amd64 1.16.3-0ubuntu1.2 [894 kB]
Get:20 http://archive.ubuntu.com/ubuntu focal-updates/main amd64 liborc-0.4-0 amd64 1:0.4.31-1ubuntu0.1 [188 kB]
Get:21 http://archive.ubuntu.com/ubuntu focal/main amd64 iso-codes all 4.4-1 [2695 kB]
Get:22 http://archive.ubuntu.com/ubuntu focal-updates/main amd64 libgstreamer-plugins-base1.0-0 amd64 1.16.3-0ubuntu1.4 [741 kB]
Get:23 http://archive.ubuntu.com/ubuntu focal/main amd64 libhyphen0 amd64 2.8.8-7 [27.0 kB]
Get:24 http://archive.ubuntu.com/ubuntu focal-updates/main amd64 libjpeg-turbo8 amd64 2.0.3-0ubuntu1.20.04.3 [118 kB]
Get:25 http://archive.ubuntu.com/ubuntu focal/main amd64 libjpeg8 amd64 8c-2ubuntu8 [2194 B]
Get:26 http://archive.ubuntu.com/ubuntu focal/main amd64 libpng16-16 amd64 1.6.37-2 [179 kB]
Get:27 http://archive.ubuntu.com/ubuntu focal/universe amd64 libdouble-conversion3 amd64 3.1.5-4ubuntu1 [37.9 kB]
Get:28 http://archive.ubuntu.com/ubuntu focal-updates/main amd64 libpcre2-16-0 amd64 10.34-7ubuntu0.1 [181 kB]
Get:29 http://archive.ubuntu.com/ubuntu focal-updates/universe amd64 libqt5core5a amd64 5.12.8+dfsg-0ubuntu2.1 [2006 kB]
Get:30 http://archive.ubuntu.com/ubuntu focal-updates/main amd64 libfreetype6 amd64 2.10.1-2ubuntu0.4 [341 kB]
Get:31 http://archive.ubuntu.com/ubuntu focal/main amd64 ucf all 3.0038+nmu1 [51.6 kB]
Get:32 http://archive.ubuntu.com/ubuntu focal/main amd64 fonts-dejavu-core all 2.37-1 [1041 kB]
Get:33 http://archive.ubuntu.com/ubuntu focal/main amd64 fontconfig-config all 2.13.1-2ubuntu3 [28.8 kB]
Get:34 http://archive.ubuntu.com/ubuntu focal/main amd64 libfontconfig1 amd64 2.13.1-2ubuntu3 [114 kB]
Get:35 http://archive.ubuntu.com/ubuntu focal/main amd64 fontconfig amd64 2.13.1-2ubuntu3 [171 kB]
Get:36 http://archive.ubuntu.com/ubuntu focal-updates/main amd64 libdrm-common all 2.4.107-8ubuntu1~20.04.2 [5396 B]
Get:37 http://archive.ubuntu.com/ubuntu focal-updates/main amd64 libdrm2 amd64 2.4.107-8ubuntu1~20.04.2 [34.1 kB]
Get:38 http://archive.ubuntu.com/ubuntu focal-updates/main amd64 libglvnd0 amd64 1.3.2-1~ubuntu0.20.04.2 [48.1 kB]
Get:39 http://archive.ubuntu.com/ubuntu focal-updates/main amd64 libwayland-server0 amd64 1.18.0-1ubuntu0.1 [31.3 kB]
Get:40 http://archive.ubuntu.com/ubuntu focal-updates/main amd64 libgbm1 amd64 21.2.6-0ubuntu0.1~20.04.2 [29.2 kB]
Get:41 http://archive.ubuntu.com/ubuntu focal-updates/main amd64 libglapi-mesa amd64 21.2.6-0ubuntu0.1~20.04.2 [27.4 kB]
Get:42 http://archive.ubuntu.com/ubuntu focal-updates/main amd64 libwayland-client0 amd64 1.18.0-1ubuntu0.1 [23.9 kB]
Get:43 http://archive.ubuntu.com/ubuntu focal-updates/main amd64 libx11-xcb1 amd64 2:1.6.9-2ubuntu1.6 [9448 B]
Get:44 http://archive.ubuntu.com/ubuntu focal/main amd64 libxcb-dri2-0 amd64 1.14-2 [6920 B]
Get:45 http://archive.ubuntu.com/ubuntu focal/main amd64 libxcb-dri3-0 amd64 1.14-2 [6552 B]
Get:46 http://archive.ubuntu.com/ubuntu focal/main amd64 libxcb-present0 amd64 1.14-2 [5560 B]
Get:47 http://archive.ubuntu.com/ubuntu focal/main amd64 libxcb-sync1 amd64 1.14-2 [8884 B]
Get:48 http://archive.ubuntu.com/ubuntu focal/main amd64 libxcb-xfixes0 amd64 1.14-2 [9296 B]
Get:49 http://archive.ubuntu.com/ubuntu focal/main amd64 libxshmfence1 amd64 1.3-1 [5028 B]
Get:50 http://archive.ubuntu.com/ubuntu focal-updates/main amd64 libegl-mesa0 amd64 21.2.6-0ubuntu0.1~20.04.2 [96.3 kB]
Get:51 http://archive.ubuntu.com/ubuntu focal-updates/main amd64 libegl1 amd64 1.3.2-1~ubuntu0.20.04.2 [31.9 kB]
Get:52 http://archive.ubuntu.com/ubuntu focal/main amd64 libxcb-glx0 amd64 1.14-2 [22.1 kB]
Get:53 http://archive.ubuntu.com/ubuntu focal/main amd64 libxcb-shm0 amd64 1.14-2 [5584 B]
Get:54 http://archive.ubuntu.com/ubuntu focal/main amd64 libxfixes3 amd64 1:5.0.3-2 [10.9 kB]
Get:55 http://archive.ubuntu.com/ubuntu focal/main amd64 libxxf86vm1 amd64 1:1.1.4-1build1 [10.2 kB]
Get:56 http://archive.ubuntu.com/ubuntu focal-updates/main amd64 libdrm-amdgpu1 amd64 2.4.107-8ubuntu1~20.04.2 [18.6 kB]
Get:57 http://archive.ubuntu.com/ubuntu focal-updates/main amd64 libdrm-intel1 amd64 2.4.107-8ubuntu1~20.04.2 [60.3 kB]
Get:58 http://archive.ubuntu.com/ubuntu focal-updates/main amd64 libdrm-nouveau2 amd64 2.4.107-8ubuntu1~20.04.2 [16.6 kB]
Get:59 http://archive.ubuntu.com/ubuntu focal-updates/main amd64 libdrm-radeon1 amd64 2.4.107-8ubuntu1~20.04.2 [19.7 kB]
Get:60 http://archive.ubuntu.com/ubuntu focal-updates/main amd64 libelf1 amd64 0.176-1.1ubuntu0.1 [44.2 kB]
Get:61 http://archive.ubuntu.com/ubuntu focal-updates/main amd64 libllvm12 amd64 1:12.0.0-3ubuntu1~20.04.5 [18.8 MB]
Get:62 http://archive.ubuntu.com/ubuntu focal-updates/main amd64 libsensors-config all 1:3.6.0-2ubuntu1.1 [6052 B]
Get:63 http://archive.ubuntu.com/ubuntu focal-updates/main amd64 libsensors5 amd64 1:3.6.0-2ubuntu1.1 [27.2 kB]
Get:64 http://archive.ubuntu.com/ubuntu focal/main amd64 libvulkan1 amd64 1.2.131.2-1 [93.3 kB]
Get:65 http://archive.ubuntu.com/ubuntu focal-updates/main amd64 libgl1-mesa-dri amd64 21.2.6-0ubuntu0.1~20.04.2 [11.0 MB]
Get:66 http://archive.ubuntu.com/ubuntu focal-updates/main amd64 libglx-mesa0 amd64 21.2.6-0ubuntu0.1~20.04.2 [137 kB]
Get:67 http://archive.ubuntu.com/ubuntu focal-updates/main amd64 libglx0 amd64 1.3.2-1~ubuntu0.20.04.2 [32.5 kB]
Get:68 http://archive.ubuntu.com/ubuntu focal-updates/main amd64 libgl1 amd64 1.3.2-1~ubuntu0.20.04.2 [85.8 kB]
Get:69 http://archive.ubuntu.com/ubuntu focal/main amd64 libgraphite2-3 amd64 1.3.13-11build1 [73.5 kB]
Get:70 http://archive.ubuntu.com/ubuntu focal-updates/main amd64 libharfbuzz0b amd64 2.6.4-1ubuntu4.3 [391 kB]
Get:71 http://archive.ubuntu.com/ubuntu focal/main amd64 x11-common all 1:7.7+19ubuntu14 [22.3 kB]
Get:72 http://archive.ubuntu.com/ubuntu focal/main amd64 libice6 amd64 2:1.0.10-0ubuntu1 [41.0 kB]
Get:73 http://archive.ubuntu.com/ubuntu focal-updates/main amd64 libevdev2 amd64 1.9.0+dfsg-1ubuntu0.2 [31.6 kB]
Get:74 http://archive.ubuntu.com/ubuntu focal/main amd64 libmtdev1 amd64 1.1.5-1.1 [14.2 kB]
Get:75 http://archive.ubuntu.com/ubuntu focal/main amd64 libgudev-1.0-0 amd64 1:233-1 [14.0 kB]
Get:76 http://archive.ubuntu.com/ubuntu focal-updates/main amd64 libwacom-common all 1.3-2ubuntu3 [45.3 kB]
Get:77 http://archive.ubuntu.com/ubuntu focal-updates/main amd64 libwacom2 amd64 1.3-2ubuntu3 [20.0 kB]
Get:78 http://archive.ubuntu.com/ubuntu focal-updates/main amd64 libinput-bin amd64 1.15.5-1ubuntu0.3 [19.3 kB]
Get:79 http://archive.ubuntu.com/ubuntu focal-updates/main amd64 libinput10 amd64 1.15.5-1ubuntu0.3 [112 kB]
Get:80 http://archive.ubuntu.com/ubuntu focal-updates/main amd64 libdbus-1-3 amd64 1.12.16-2ubuntu2.3 [179 kB]
Get:81 http://archive.ubuntu.com/ubuntu focal-updates/universe amd64 libqt5dbus5 amd64 5.12.8+dfsg-0ubuntu2.1 [208 kB]
Get:82 http://archive.ubuntu.com/ubuntu focal-updates/universe amd64 libqt5network5 amd64 5.12.8+dfsg-0ubuntu2.1 [673 kB]
Get:83 http://archive.ubuntu.com/ubuntu focal/main amd64 libsm6 amd64 2:1.2.3-1 [16.1 kB]
Get:84 http://archive.ubuntu.com/ubuntu focal/main amd64 libxcb-icccm4 amd64 0.4.1-1.1 [10.8 kB]
Get:85 http://archive.ubuntu.com/ubuntu focal/main amd64 libxcb-util1 amd64 0.4.0-0ubuntu3 [11.2 kB]
Get:86 http://archive.ubuntu.com/ubuntu focal/main amd64 libxcb-image0 amd64 0.4.0-1build1 [12.3 kB]
Get:87 http://archive.ubuntu.com/ubuntu focal/main amd64 libxcb-keysyms1 amd64 0.4.0-1build1 [8452 B]
Get:88 http://archive.ubuntu.com/ubuntu focal/main amd64 libxcb-randr0 amd64 1.14-2 [16.3 kB]
Get:89 http://archive.ubuntu.com/ubuntu focal/main amd64 libxcb-render0 amd64 1.14-2 [14.8 kB]
Get:90 http://archive.ubuntu.com/ubuntu focal/main amd64 libxcb-render-util0 amd64 0.3.9-1build1 [9912 B]
Get:91 http://archive.ubuntu.com/ubuntu focal/main amd64 libxcb-shape0 amd64 1.14-2 [5928 B]
Get:92 http://archive.ubuntu.com/ubuntu focal/main amd64 libxcb-xinerama0 amd64 1.14-2 [5260 B]
Get:93 http://archive.ubuntu.com/ubuntu focal/main amd64 libxcb-xinput0 amd64 1.14-2 [29.3 kB]
Get:94 http://archive.ubuntu.com/ubuntu focal/main amd64 libxcb-xkb1 amd64 1.14-2 [29.6 kB]
Get:95 http://archive.ubuntu.com/ubuntu focal/main amd64 xkb-data all 2.29-2 [349 kB]
Get:96 http://archive.ubuntu.com/ubuntu focal/main amd64 libxkbcommon0 amd64 0.10.0-1 [98.4 kB]
Get:97 http://archive.ubuntu.com/ubuntu focal/main amd64 libxkbcommon-x11-0 amd64 0.10.0-1 [13.4 kB]
Get:98 http://archive.ubuntu.com/ubuntu focal/main amd64 libxrender1 amd64 1:0.9.10-1 [18.7 kB]
Get:99 http://archive.ubuntu.com/ubuntu focal-updates/universe amd64 libqt5gui5 amd64 5.12.8+dfsg-0ubuntu2.1 [2971 kB]
Get:100 http://archive.ubuntu.com/ubuntu focal/universe amd64 libqt5positioning5 amd64 5.12.8+dfsg-0ubuntu1 [197 kB]
Get:101 http://archive.ubuntu.com/ubuntu focal-updates/main amd64 libavahi-common-data amd64 0.7-4ubuntu7.3 [21.4 kB]
Get:102 http://archive.ubuntu.com/ubuntu focal-updates/main amd64 libavahi-common3 amd64 0.7-4ubuntu7.3 [21.9 kB]
Get:103 http://archive.ubuntu.com/ubuntu focal-updates/main amd64 libavahi-client3 amd64 0.7-4ubuntu7.3 [25.5 kB]
Get:104 http://archive.ubuntu.com/ubuntu focal-updates/main amd64 libcups2 amd64 2.3.1-9ubuntu1.9 [234 kB]
Get:105 http://archive.ubuntu.com/ubuntu focal-updates/universe amd64 libqt5widgets5 amd64 5.12.8+dfsg-0ubuntu2.1 [2295 kB]
Get:106 http://archive.ubuntu.com/ubuntu focal-updates/universe amd64 libqt5printsupport5 amd64 5.12.8+dfsg-0ubuntu2.1 [193 kB]
Get:107 http://archive.ubuntu.com/ubuntu focal/universe amd64 libqt5qml5 amd64 5.12.8-0ubuntu1 [1438 kB]
Get:108 http://archive.ubuntu.com/ubuntu focal/universe amd64 libqt5quick5 amd64 5.12.8-0ubuntu1 [1335 kB]
Get:109 http://archive.ubuntu.com/ubuntu focal/universe amd64 libqt5sensors5 amd64 5.12.8-0ubuntu1 [114 kB]
Get:110 http://archive.ubuntu.com/ubuntu focal/universe amd64 libqt5webchannel5 amd64 5.12.8-0ubuntu1 [51.2 kB]
Get:111 http://archive.ubuntu.com/ubuntu focal-updates/main amd64 libwebp6 amd64 0.6.1-2ubuntu0.20.04.3 [185 kB]
Get:112 http://archive.ubuntu.com/ubuntu focal/main amd64 libwoff1 amd64 1.0.2-1build2 [42.0 kB]
Get:113 http://archive.ubuntu.com/ubuntu focal-updates/main amd64 libxslt1.1 amd64 1.1.34-4ubuntu0.20.04.3 [151 kB]
Get:114 http://archive.ubuntu.com/ubuntu focal-updates/universe amd64 libqt5webkit5 amd64 5.212.0~alpha4-1ubuntu2.1 [12.1 MB]
Get:115 http://archive.ubuntu.com/ubuntu focal/main amd64 xorg-sgml-doctools all 1:1.11-1 [12.9 kB]
Get:116 http://archive.ubuntu.com/ubuntu focal/main amd64 x11proto-dev all 2019.2-1ubuntu1 [594 kB]
Get:117 http://archive.ubuntu.com/ubuntu focal/main amd64 x11proto-core-dev all 2019.2-1ubuntu1 [2620 B]
Get:118 http://archive.ubuntu.com/ubuntu focal/main amd64 libxau-dev amd64 1:1.0.9-0ubuntu1 [9552 B]
Get:119 http://archive.ubuntu.com/ubuntu focal/main amd64 libxdmcp-dev amd64 1:1.1.3-0ubuntu1 [25.3 kB]
Get:120 http://archive.ubuntu.com/ubuntu focal/main amd64 xtrans-dev all 1.4.0-1 [68.9 kB]
Get:121 http://archive.ubuntu.com/ubuntu focal/main amd64 libpthread-stubs0-dev amd64 0.4-1 [5384 B]
Get:122 http://archive.ubuntu.com/ubuntu focal/main amd64 libxcb1-dev amd64 1.14-2 [80.5 kB]
Get:123 http://archive.ubuntu.com/ubuntu focal-updates/main amd64 libx11-dev amd64 2:1.6.9-2ubuntu1.6 [648 kB]
Get:124 http://archive.ubuntu.com/ubuntu focal-updates/main amd64 libglx-dev amd64 1.3.2-1~ubuntu0.20.04.2 [14.0 kB]
Get:125 http://archive.ubuntu.com/ubuntu focal-updates/main amd64 libgl-dev amd64 1.3.2-1~ubuntu0.20.04.2 [97.8 kB]
Get:126 http://archive.ubuntu.com/ubuntu focal-updates/main amd64 libegl-dev amd64 1.3.2-1~ubuntu0.20.04.2 [17.2 kB]
Get:127 http://archive.ubuntu.com/ubuntu focal/main amd64 libglu1-mesa amd64 9.0.1-1build1 [168 kB]
Get:128 http://archive.ubuntu.com/ubuntu focal-updates/main amd64 libgles1 amd64 1.3.2-1~ubuntu0.20.04.2 [10.3 kB]
Get:129 http://archive.ubuntu.com/ubuntu focal-updates/main amd64 libgles2 amd64 1.3.2-1~ubuntu0.20.04.2 [15.6 kB]
Get:130 http://archive.ubuntu.com/ubuntu focal-updates/main amd64 libgles-dev amd64 1.3.2-1~ubuntu0.20.04.2 [47.9 kB]
Get:131 http://archive.ubuntu.com/ubuntu focal-updates/main amd64 libopengl0 amd64 1.3.2-1~ubuntu0.20.04.2 [29.2 kB]
Get:132 http://archive.ubuntu.com/ubuntu focal-updates/main amd64 libopengl-dev amd64 1.3.2-1~ubuntu0.20.04.2 [3584 B]
Get:133 http://archive.ubuntu.com/ubuntu focal-updates/main amd64 libglvnd-dev amd64 1.3.2-1~ubuntu0.20.04.2 [11.6 kB]
Get:134 http://archive.ubuntu.com/ubuntu focal-updates/main amd64 libgl1-mesa-dev amd64 21.2.6-0ubuntu0.1~20.04.2 [6420 B]
Get:135 http://archive.ubuntu.com/ubuntu focal/main amd64 libglu1-mesa-dev amd64 9.0.1-1build1 [207 kB]
Get:136 http://archive.ubuntu.com/ubuntu focal-updates/universe amd64 libqt5concurrent5 amd64 5.12.8+dfsg-0ubuntu2.1 [33.5 kB]
Get:137 http://archive.ubuntu.com/ubuntu focal-updates/universe amd64 libqt5sql5 amd64 5.12.8+dfsg-0ubuntu2.1 [121 kB]
Get:138 http://archive.ubuntu.com/ubuntu focal-updates/universe amd64 libqt5test5 amd64 5.12.8+dfsg-0ubuntu2.1 [131 kB]
Get:139 http://archive.ubuntu.com/ubuntu focal-updates/universe amd64 libqt5xml5 amd64 5.12.8+dfsg-0ubuntu2.1 [105 kB]
Get:140 http://archive.ubuntu.com/ubuntu focal/main amd64 libvulkan-dev amd64 1.2.131.2-1 [482 kB]
Get:141 http://archive.ubuntu.com/ubuntu focal/main amd64 x11proto-xext-dev all 2019.2-1ubuntu1 [2616 B]
Get:142 http://archive.ubuntu.com/ubuntu focal/main amd64 libxext-dev amd64 2:1.3.4-0ubuntu1 [82.2 kB]
Get:143 http://archive.ubuntu.com/ubuntu focal-updates/universe amd64 qt5-qmake-bin amd64 5.12.8+dfsg-0ubuntu2.1 [990 kB]
Get:144 http://archive.ubuntu.com/ubuntu focal/universe amd64 qtchooser amd64 66-2build1 [24.7 kB]
Get:145 http://archive.ubuntu.com/ubuntu focal-updates/universe amd64 qt5-qmake amd64 5.12.8+dfsg-0ubuntu2.1 [190 kB]
Get:146 http://archive.ubuntu.com/ubuntu focal-updates/universe amd64 qtbase5-dev-tools amd64 5.12.8+dfsg-0ubuntu2.1 [700 kB]
Get:147 http://archive.ubuntu.com/ubuntu focal-updates/universe amd64 qtbase5-dev amd64 5.12.8+dfsg-0ubuntu2.1 [991 kB]
Get:148 http://archive.ubuntu.com/ubuntu focal/universe amd64 libqt5quickparticles5 amd64 5.12.8-0ubuntu1 [173 kB]
Get:149 http://archive.ubuntu.com/ubuntu focal/universe amd64 libqt5quickshapes5 amd64 5.12.8-0ubuntu1 [75.1 kB]
Get:150 http://archive.ubuntu.com/ubuntu focal/universe amd64 libqt5quicktest5 amd64 5.12.8-0ubuntu1 [66.6 kB]
Get:151 http://archive.ubuntu.com/ubuntu focal/universe amd64 libqt5quickwidgets5 amd64 5.12.8-0ubuntu1 [39.8 kB]
Get:152 http://archive.ubuntu.com/ubuntu focal/universe amd64 qt5-qmltooling-plugins amd64 5.12.8-0ubuntu1 [180 kB]
Get:153 http://archive.ubuntu.com/ubuntu focal/universe amd64 qtdeclarative5-dev-tools amd64 5.12.8-0ubuntu1 [430 kB]
Get:154 http://archive.ubuntu.com/ubuntu focal/universe amd64 qtdeclarative5-dev amd64 5.12.8-0ubuntu1 [359 kB]
Get:155 http://archive.ubuntu.com/ubuntu focal-updates/universe amd64 libqt5webkit5-dev amd64 5.212.0~alpha4-1ubuntu2.1 [52.7 kB]
Get:156 http://archive.ubuntu.com/ubuntu focal-updates/main amd64 libfribidi0 amd64 1.0.8-2ubuntu0.1 [24.2 kB]
Get:157 http://archive.ubuntu.com/ubuntu focal-updates/main amd64 libjson-c4 amd64 0.13.1+dfsg-7ubuntu0.3 [29.3 kB]
Get:158 http://archive.ubuntu.com/ubuntu focal/main amd64 shared-mime-info amd64 1.15-1 [430 kB]
Get:159 http://archive.ubuntu.com/ubuntu focal-updates/main amd64 xz-utils amd64 5.2.4-1ubuntu1.1 [82.6 kB]
Get:160 http://archive.ubuntu.com/ubuntu focal-updates/main amd64 libpcap0.8 amd64 1.9.1-3ubuntu1.20.04.1 [128 kB]
Get:161 http://archive.ubuntu.com/ubuntu focal/main amd64 libusb-1.0-0 amd64 2:1.0.23-2build1 [46.5 kB]
Get:162 http://archive.ubuntu.com/ubuntu focal-updates/main amd64 binutils-common amd64 2.34-6ubuntu1.11 [208 kB]
Get:163 http://archive.ubuntu.com/ubuntu focal-updates/main amd64 libbinutils amd64 2.34-6ubuntu1.11 [475 kB]
Get:164 http://archive.ubuntu.com/ubuntu focal-updates/main amd64 libctf-nobfd0 amd64 2.34-6ubuntu1.11 [48.2 kB]
Get:165 http://archive.ubuntu.com/ubuntu focal-updates/main amd64 libctf0 amd64 2.34-6ubuntu1.11 [46.6 kB]
Get:166 http://archive.ubuntu.com/ubuntu focal-updates/main amd64 binutils-x86-64-linux-gnu amd64 2.34-6ubuntu1.11 [1612 kB]
Get:167 http://archive.ubuntu.com/ubuntu focal-updates/main amd64 binutils amd64 2.34-6ubuntu1.11 [3380 B]
Get:168 http://archive.ubuntu.com/ubuntu focal-updates/main amd64 gcc-9-base amd64 9.4.0-1ubuntu1~20.04.2 [18.9 kB]
Get:169 http://archive.ubuntu.com/ubuntu focal/main amd64 libisl22 amd64 0.22.1-1 [592 kB]
Get:170 http://archive.ubuntu.com/ubuntu focal/main amd64 libmpfr6 amd64 4.0.2-1 [240 kB]
Get:171 http://archive.ubuntu.com/ubuntu focal/main amd64 libmpc3 amd64 1.1.0-1 [40.8 kB]
Get:172 http://archive.ubuntu.com/ubuntu focal-updates/main amd64 cpp-9 amd64 9.4.0-1ubuntu1~20.04.2 [7502 kB]
Get:173 http://archive.ubuntu.com/ubuntu focal/main amd64 cpp amd64 4:9.3.0-1ubuntu2 [27.6 kB]
Get:174 http://archive.ubuntu.com/ubuntu focal-updates/main amd64 libcc1-0 amd64 10.5.0-1ubuntu1~20.04 [48.8 kB]
Get:175 http://archive.ubuntu.com/ubuntu focal-updates/main amd64 libasan5 amd64 9.4.0-1ubuntu1~20.04.2 [2752 kB]
Get:176 http://archive.ubuntu.com/ubuntu focal-updates/main amd64 libgcc-9-dev amd64 9.4.0-1ubuntu1~20.04.2 [2359 kB]
Get:177 http://archive.ubuntu.com/ubuntu focal-updates/main amd64 gcc-9 amd64 9.4.0-1ubuntu1~20.04.2 [8276 kB]
Get:178 http://archive.ubuntu.com/ubuntu focal/main amd64 gcc amd64 4:9.3.0-1ubuntu2 [5208 B]
Get:179 http://archive.ubuntu.com/ubuntu focal-updates/main amd64 libstdc++-9-dev amd64 9.4.0-1ubuntu1~20.04.2 [1722 kB]
Get:180 http://archive.ubuntu.com/ubuntu focal-updates/main amd64 g++-9 amd64 9.4.0-1ubuntu1~20.04.2 [8421 kB]
Get:181 http://archive.ubuntu.com/ubuntu focal/main amd64 g++ amd64 4:9.3.0-1ubuntu2 [1604 B]
Get:182 http://archive.ubuntu.com/ubuntu focal/main amd64 make amd64 4.2.1-1.2 [162 kB]
Get:183 http://archive.ubuntu.com/ubuntu focal/main amd64 patch amd64 2.7.6-6 [105 kB]
Get:184 http://archive.ubuntu.com/ubuntu focal-updates/main amd64 dpkg-dev all 1.19.7ubuntu3.2 [679 kB]
Get:185 http://archive.ubuntu.com/ubuntu focal-updates/main amd64 build-essential amd64 12.8ubuntu1.1 [4664 B]
Get:186 http://archive.ubuntu.com/ubuntu focal/universe amd64 cython3 amd64 0.29.14-0.1ubuntu3 [1474 kB]
Get:187 http://archive.ubuntu.com/ubuntu focal/universe amd64 gdal-data all 3.0.4+dfsg-1build3 [186 kB]
Get:188 http://archive.ubuntu.com/ubuntu focal/universe amd64 libann0 amd64 1.1.2+doc-7build1 [26.0 kB]
Get:189 http://archive.ubuntu.com/ubuntu focal/universe amd64 libcdt5 amd64 2.42.2-3build2 [18.7 kB]
Get:190 http://archive.ubuntu.com/ubuntu focal/universe amd64 libcgraph6 amd64 2.42.2-3build2 [41.3 kB]
Get:191 http://archive.ubuntu.com/ubuntu focal-updates/main amd64 libjbig0 amd64 2.1-3.1ubuntu0.20.04.1 [27.3 kB]
Get:192 http://archive.ubuntu.com/ubuntu focal-updates/main amd64 libtiff5 amd64 4.1.0+git191117-2ubuntu0.20.04.14 [164 kB]
Get:193 http://archive.ubuntu.com/ubuntu focal-updates/main amd64 libxpm4 amd64 1:3.5.12-1ubuntu0.20.04.2 [34.9 kB]
Get:194 http://archive.ubuntu.com/ubuntu focal-updates/main amd64 libgd3 amd64 2.2.5-5.2ubuntu2.4 [118 kB]
Get:195 http://archive.ubuntu.com/ubuntu focal/universe amd64 libgts-0.7-5 amd64 0.7.6+darcs121130-4 [150 kB]
Get:196 http://archive.ubuntu.com/ubuntu focal-updates/main amd64 libpixman-1-0 amd64 0.38.4-0ubuntu2.1 [227 kB]
Get:197 http://archive.ubuntu.com/ubuntu focal/main amd64 libcairo2 amd64 1.16.0-4ubuntu1 [583 kB]
Get:198 http://archive.ubuntu.com/ubuntu focal/main amd64 libthai-data all 0.1.28-3 [134 kB]
Get:199 http://archive.ubuntu.com/ubuntu focal/main amd64 libdatrie1 amd64 0.2.12-3 [18.7 kB]
Get:200 http://archive.ubuntu.com/ubuntu focal/main amd64 libthai0 amd64 0.1.28-3 [18.1 kB]
Get:201 http://archive.ubuntu.com/ubuntu focal/main amd64 libpango-1.0-0 amd64 1.44.7-2ubuntu4 [162 kB]
Get:202 http://archive.ubuntu.com/ubuntu focal/main amd64 libpangoft2-1.0-0 amd64 1.44.7-2ubuntu4 [34.9 kB]
Get:203 http://archive.ubuntu.com/ubuntu focal/main amd64 libpangocairo-1.0-0 amd64 1.44.7-2ubuntu4 [24.8 kB]
Get:204 http://archive.ubuntu.com/ubuntu focal/universe amd64 libpathplan4 amd64 2.42.2-3build2 [21.9 kB]
Get:205 http://archive.ubuntu.com/ubuntu focal/universe amd64 libgvc6 amd64 2.42.2-3build2 [647 kB]
Get:206 http://archive.ubuntu.com/ubuntu focal/universe amd64 libgvpr2 amd64 2.42.2-3build2 [167 kB]
Get:207 http://archive.ubuntu.com/ubuntu focal/universe amd64 liblab-gamut1 amd64 2.42.2-3build2 [177 kB]
Get:208 http://archive.ubuntu.com/ubuntu focal/main amd64 libxt6 amd64 1:1.1.5-1 [160 kB]
Get:209 http://archive.ubuntu.com/ubuntu focal/main amd64 libxmu6 amd64 2:1.1.3-0ubuntu1 [45.8 kB]
Get:210 http://archive.ubuntu.com/ubuntu focal/main amd64 libxaw7 amd64 2:1.0.13-1 [173 kB]
Get:211 http://archive.ubuntu.com/ubuntu focal/universe amd64 graphviz amd64 2.42.2-3build2 [590 kB]
Get:212 http://archive.ubuntu.com/ubuntu focal/universe amd64 hdf5-helpers amd64 1.10.4+repack-11ubuntu1 [13.6 kB]
Get:213 http://archive.ubuntu.com/ubuntu focal/universe amd64 libaec0 amd64 1.0.4-1 [19.1 kB]
Get:214 http://archive.ubuntu.com/ubuntu focal-updates/universe amd64 libaom0 amd64 1.0.0.errata1-3+deb11u1ubuntu0.1 [1161 kB]
Get:215 http://archive.ubuntu.com/ubuntu focal/universe amd64 libarpack2 amd64 3.7.0-3 [92.8 kB]
Get:216 http://archive.ubuntu.com/ubuntu focal/universe amd64 libsuperlu5 amd64 5.2.1+dfsg1-4 [159 kB]
Get:217 http://archive.ubuntu.com/ubuntu focal/universe amd64 libarmadillo9 amd64 1:9.800.4+dfsg-1build1 [93.2 kB]
Get:218 http://archive.ubuntu.com/ubuntu focal/main amd64 libblas-dev amd64 3.9.0-1build1 [147 kB]
Get:219 http://archive.ubuntu.com/ubuntu focal/main amd64 liblapack-dev amd64 3.9.0-1build1 [4242 kB]
Get:220 http://archive.ubuntu.com/ubuntu focal/universe amd64 libarpack2-dev amd64 3.7.0-3 [105 kB]
Get:221 http://archive.ubuntu.com/ubuntu focal/universe amd64 libsz2 amd64 1.0.4-1 [5188 B]
Get:222 http://archive.ubuntu.com/ubuntu focal/universe amd64 libhdf5-103 amd64 1.10.4+repack-11ubuntu1 [1311 kB]
Get:223 http://archive.ubuntu.com/ubuntu focal-updates/main amd64 libjpeg-turbo8-dev amd64 2.0.3-0ubuntu1.20.04.3 [238 kB]
Get:224 http://archive.ubuntu.com/ubuntu focal/main amd64 libjpeg8-dev amd64 8c-2ubuntu8 [1552 B]
Get:225 http://archive.ubuntu.com/ubuntu focal/main amd64 libjpeg-dev amd64 8c-2ubuntu8 [1546 B]
Get:226 http://archive.ubuntu.com/ubuntu focal/universe amd64 libaec-dev amd64 1.0.4-1 [16.9 kB]
Get:227 http://archive.ubuntu.com/ubuntu focal/universe amd64 libhdf5-cpp-103 amd64 1.10.4+repack-11ubuntu1 [120 kB]
Get:228 http://archive.ubuntu.com/ubuntu focal/universe amd64 libhdf5-dev amd64 1.10.4+repack-11ubuntu1 [2589 kB]
Get:229 http://archive.ubuntu.com/ubuntu focal/universe amd64 libsuperlu-dev amd64 5.2.1+dfsg1-4 [16.4 kB]
Get:230 http://archive.ubuntu.com/ubuntu focal/universe amd64 libarmadillo-dev amd64 1:9.800.4+dfsg-1build1 [374 kB]
Get:231 http://archive.ubuntu.com/ubuntu focal/universe amd64 libva2 amd64 2.7.0-2 [53.5 kB]
Get:232 http://archive.ubuntu.com/ubuntu focal/universe amd64 libva-drm2 amd64 2.7.0-2 [7044 B]
Get:233 http://archive.ubuntu.com/ubuntu focal/universe amd64 libva-x11-2 amd64 2.7.0-2 [11.9 kB]
Get:234 http://archive.ubuntu.com/ubuntu focal/main amd64 libvdpau1 amd64 1.3-1ubuntu2 [25.6 kB]
Get:235 http://archive.ubuntu.com/ubuntu focal-updates/universe amd64 libavutil56 amd64 7:4.2.7-0ubuntu0.1 [241 kB]
Get:236 http://archive.ubuntu.com/ubuntu focal/universe amd64 libcodec2-0.9 amd64 0.9.2-2 [7886 kB]
Get:237 http://archive.ubuntu.com/ubuntu focal/universe amd64 libgsm1 amd64 1.0.18-2 [24.4 kB]
Get:238 http://archive.ubuntu.com/ubuntu focal/main amd64 libmp3lame0 amd64 3.100-3 [133 kB]
Get:239 http://archive.ubuntu.com/ubuntu focal-updates/main amd64 libopenjp2-7 amd64 2.3.1-1ubuntu4.20.04.4 [141 kB]
Get:240 http://archive.ubuntu.com/ubuntu focal/main amd64 libopus0 amd64 1.3.1-0ubuntu1 [191 kB]
Get:241 http://archive.ubuntu.com/ubuntu focal/main amd64 libcairo-gobject2 amd64 1.16.0-4ubuntu1 [17.2 kB]
Get:242 http://archive.ubuntu.com/ubuntu focal-updates/main amd64 libgdk-pixbuf2.0-common all 2.40.0+dfsg-3ubuntu0.5 [4628 B]
Get:243 http://archive.ubuntu.com/ubuntu focal-updates/main amd64 libgdk-pixbuf2.0-0 amd64 2.40.0+dfsg-3ubuntu0.5 [169 kB]
Get:244 http://archive.ubuntu.com/ubuntu focal-updates/main amd64 librsvg2-2 amd64 2.48.9-1ubuntu0.20.04.4 [2313 kB]
Get:245 http://archive.ubuntu.com/ubuntu focal/universe amd64 libshine3 amd64 3.1.1-2 [23.2 kB]
Get:246 http://archive.ubuntu.com/ubuntu focal/main amd64 libsnappy1v5 amd64 1.1.8-1build1 [16.7 kB]
Get:247 http://archive.ubuntu.com/ubuntu focal-updates/main amd64 libspeex1 amd64 1.2~rc1.2-1.1ubuntu1.20.04.1 [53.2 kB]
Get:248 http://archive.ubuntu.com/ubuntu focal/main amd64 libsoxr0 amd64 0.1.3-2build1 [78.0 kB]
Get:249 http://archive.ubuntu.com/ubuntu focal-updates/universe amd64 libswresample3 amd64 7:4.2.7-0ubuntu0.1 [57.1 kB]
Get:250 http://archive.ubuntu.com/ubuntu focal/main amd64 libogg0 amd64 1.3.4-0ubuntu1 [24.0 kB]
Get:251 http://archive.ubuntu.com/ubuntu focal/main amd64 libtheora0 amd64 1.1.1+dfsg.1-15ubuntu2 [162 kB]
Get:252 http://archive.ubuntu.com/ubuntu focal/main amd64 libtwolame0 amd64 0.4.0-2 [47.6 kB]
Get:253 http://archive.ubuntu.com/ubuntu focal/main amd64 libvorbis0a amd64 1.3.6-2ubuntu1 [87.0 kB]
Get:254 http://archive.ubuntu.com/ubuntu focal/main amd64 libvorbisenc2 amd64 1.3.6-2ubuntu1 [70.7 kB]
Get:255 http://archive.ubuntu.com/ubuntu focal-updates/main amd64 libvpx6 amd64 1.8.2-1ubuntu0.4 [819 kB]
Get:256 http://archive.ubuntu.com/ubuntu focal-updates/main amd64 libwavpack1 amd64 5.2.0-1ubuntu0.1 [77.3 kB]
Get:257 http://archive.ubuntu.com/ubuntu focal-updates/main amd64 libwebpmux3 amd64 0.6.1-2ubuntu0.20.04.3 [19.5 kB]
Get:258 http://archive.ubuntu.com/ubuntu focal/universe amd64 libx264-155 amd64 2:0.155.2917+git0a84d98-2 [521 kB]
Get:259 http://archive.ubuntu.com/ubuntu focal/universe amd64 libx265-179 amd64 3.2.1-1build1 [1060 kB]
Get:260 http://archive.ubuntu.com/ubuntu focal/universe amd64 libxvidcore4 amd64 2:1.3.7-1 [201 kB]
Get:261 http://archive.ubuntu.com/ubuntu focal/universe amd64 libzvbi-common all 0.2.35-17 [32.5 kB]
Get:262 http://archive.ubuntu.com/ubuntu focal/universe amd64 libzvbi0 amd64 0.2.35-17 [237 kB]
Get:263 http://archive.ubuntu.com/ubuntu focal-updates/universe amd64 libavcodec58 amd64 7:4.2.7-0ubuntu0.1 [4878 kB]
Get:264 http://archive.ubuntu.com/ubuntu focal-updates/universe amd64 libavutil-dev amd64 7:4.2.7-0ubuntu0.1 [365 kB]
Get:265 http://archive.ubuntu.com/ubuntu focal-updates/universe amd64 libswresample-dev amd64 7:4.2.7-0ubuntu0.1 [70.6 kB]
Get:266 http://archive.ubuntu.com/ubuntu focal-updates/universe amd64 libavcodec-dev amd64 7:4.2.7-0ubuntu0.1 [5428 kB]
Get:267 http://archive.ubuntu.com/ubuntu focal/universe amd64 libbluray2 amd64 1:1.2.0-1 [138 kB]
Get:268 http://archive.ubuntu.com/ubuntu focal/universe amd64 libchromaprint1 amd64 1.4.3-3build1 [37.6 kB]
Get:269 http://archive.ubuntu.com/ubuntu focal/universe amd64 libgme0 amd64 0.6.2-1build1 [123 kB]
Get:270 http://archive.ubuntu.com/ubuntu focal-updates/main amd64 libmpg123-0 amd64 1.25.13-1ubuntu0.2 [124 kB]
Get:271 http://archive.ubuntu.com/ubuntu focal/main amd64 libvorbisfile3 amd64 1.3.6-2ubuntu1 [16.1 kB]
Get:272 http://archive.ubuntu.com/ubuntu focal/universe amd64 libopenmpt0 amd64 0.4.11-1build1 [599 kB]
Get:273 http://archive.ubuntu.com/ubuntu focal-updates/main amd64 libssh-gcrypt-4 amd64 0.9.3-2ubuntu2.5 [202 kB]
Get:274 http://archive.ubuntu.com/ubuntu focal-updates/universe amd64 libavformat58 amd64 7:4.2.7-0ubuntu0.1 [985 kB]
Get:275 http://archive.ubuntu.com/ubuntu focal-updates/universe amd64 libavformat-dev amd64 7:4.2.7-0ubuntu0.1 [1187 kB]
Get:276 http://archive.ubuntu.com/ubuntu focal-updates/main amd64 libcurl3-gnutls amd64 7.68.0-1ubuntu2.25 [233 kB]
Get:277 http://archive.ubuntu.com/ubuntu focal/universe amd64 libcfitsio8 amd64 3.470-3 [466 kB]
Get:278 http://archive.ubuntu.com/ubuntu focal/universe amd64 libcfitsio-dev amd64 3.470-3 [517 kB]
Get:279 http://archive.ubuntu.com/ubuntu focal/universe amd64 libcharls2 amd64 2.0.0+dfsg-1build1 [74.1 kB]
Get:280 http://archive.ubuntu.com/ubuntu focal/universe amd64 libcharls-dev amd64 2.0.0+dfsg-1build1 [6568 B]
Get:281 http://archive.ubuntu.com/ubuntu focal/main amd64 libllvm10 amd64 1:10.0.0-4ubuntu1 [15.3 MB]
Get:282 http://archive.ubuntu.com/ubuntu focal/universe amd64 libclang1-10 amd64 1:10.0.0-4ubuntu1 [7571 kB]
Get:283 http://archive.ubuntu.com/ubuntu focal-updates/main amd64 libcurl4-gnutls-dev amd64 7.68.0-1ubuntu2.25 [320 kB]
Get:284 http://archive.ubuntu.com/ubuntu focal/universe amd64 libdap25 amd64 3.20.5-1 [435 kB]
Get:285 http://archive.ubuntu.com/ubuntu focal/universe amd64 libdapserver7v5 amd64 3.20.5-1 [23.0 kB]
Get:286 http://archive.ubuntu.com/ubuntu focal/universe amd64 libdapclient6v5 amd64 3.20.5-1 [92.2 kB]
Get:287 http://archive.ubuntu.com/ubuntu focal-updates/main amd64 libxml2-dev amd64 2.9.10+dfsg-5ubuntu0.20.04.10 [735 kB]
Get:288 http://archive.ubuntu.com/ubuntu focal/universe amd64 libdap-dev amd64 3.20.5-1 [745 kB]
Get:289 http://archive.ubuntu.com/ubuntu focal/universe amd64 libepsilon1 amd64 0.9.2+dfsg-4 [41.0 kB]
Get:290 http://archive.ubuntu.com/ubuntu focal/universe amd64 libflann1.9 amd64 1.9.1+dfsg-9build1 [746 kB]
Get:291 http://archive.ubuntu.com/ubuntu focal/universe amd64 libhdf5-openmpi-103 amd64 1.10.4+repack-11ubuntu1 [1355 kB]
Get:292 http://archive.ubuntu.com/ubuntu focal/universe amd64 libhdf5-openmpi-dev amd64 1.10.4+repack-11ubuntu1 [2510 kB]
Get:293 http://archive.ubuntu.com/ubuntu focal/universe amd64 libhdf5-mpi-dev amd64 1.10.4+repack-11ubuntu1 [4748 B]
Get:294 http://archive.ubuntu.com/ubuntu focal/universe amd64 libflann-dev amd64 1.9.1+dfsg-9build1 [657 kB]
Get:295 http://archive.ubuntu.com/ubuntu focal/main amd64 libpng-dev amd64 1.6.37-2 [175 kB]
Get:296 http://archive.ubuntu.com/ubuntu focal-updates/main amd64 libfreetype-dev amd64 2.10.1-2ubuntu0.4 [493 kB]
Get:297 http://archive.ubuntu.com/ubuntu focal-updates/main amd64 libfreetype6-dev amd64 2.10.1-2ubuntu0.4 [9808 B]
Get:298 http://archive.ubuntu.com/ubuntu focal/main amd64 libfontconfig1-dev amd64 2.13.1-2ubuntu3 [731 kB]
Get:299 http://archive.ubuntu.com/ubuntu focal/universe amd64 libfyba0 amd64 4.1.1-6build1 [113 kB]
Get:300 http://archive.ubuntu.com/ubuntu focal/universe amd64 libfyba-dev amd64 4.1.1-6build1 [167 kB]
Get:301 http://archive.ubuntu.com/ubuntu focal/universe amd64 libfreexl1 amd64 1.0.5-3 [33.4 kB]
Get:302 http://archive.ubuntu.com/ubuntu focal/universe amd64 libgeos-3.8.0 amd64 3.8.0-1build1 [535 kB]
Get:303 http://archive.ubuntu.com/ubuntu focal/universe amd64 libgeos-c1v5 amd64 3.8.0-1build1 [69.9 kB]
Get:304 http://archive.ubuntu.com/ubuntu focal/universe amd64 proj-data all 6.3.1-1 [7647 kB]
Get:305 http://archive.ubuntu.com/ubuntu focal/universe amd64 libproj15 amd64 6.3.1-1 [925 kB]
Get:306 http://archive.ubuntu.com/ubuntu focal/universe amd64 libgeotiff5 amd64 1.5.1-2 [53.1 kB]
Get:307 http://archive.ubuntu.com/ubuntu focal-updates/main amd64 libgif7 amd64 5.1.9-1ubuntu0.1 [32.4 kB]
Get:308 http://archive.ubuntu.com/ubuntu focal/universe amd64 libhdf4-0-alt amd64 4.2.14-1ubuntu1 [268 kB]
Get:309 http://archive.ubuntu.com/ubuntu focal/universe amd64 libminizip1 amd64 1.1-8build1 [20.2 kB]
Get:310 http://archive.ubuntu.com/ubuntu focal/universe amd64 liburiparser1 amd64 0.9.3-2 [39.3 kB]
Get:311 http://archive.ubuntu.com/ubuntu focal/universe amd64 libkmlbase1 amd64 1.3.0-8build1 [45.4 kB]
Get:312 http://archive.ubuntu.com/ubuntu focal/universe amd64 libkmldom1 amd64 1.3.0-8build1 [152 kB]
Get:313 http://archive.ubuntu.com/ubuntu focal/universe amd64 libkmlengine1 amd64 1.3.0-8build1 [72.5 kB]
Get:314 http://archive.ubuntu.com/ubuntu focal/universe amd64 libnetcdf15 amd64 1:4.7.3-1 [341 kB]
Get:315 http://archive.ubuntu.com/ubuntu focal/universe amd64 libogdi4.1 amd64 4.1.0+ds-1build1 [198 kB]
Get:316 http://archive.ubuntu.com/ubuntu focal/main amd64 liblcms2-2 amd64 2.9-4 [140 kB]
Get:317 http://archive.ubuntu.com/ubuntu focal-updates/main amd64 libnspr4 amd64 2:4.35-0ubuntu0.20.04.1 [108 kB]
Get:318 http://archive.ubuntu.com/ubuntu focal-updates/main amd64 libnss3 amd64 2:3.98-0ubuntu0.20.04.2 [1391 kB]
Get:319 http://archive.ubuntu.com/ubuntu focal-updates/main amd64 libpoppler97 amd64 0.86.1-0ubuntu1.7 [915 kB]
Get:320 http://archive.ubuntu.com/ubuntu focal-updates/main amd64 libpq5 amd64 12.22-0ubuntu0.20.04.4 [119 kB]
Get:321 http://archive.ubuntu.com/ubuntu focal/universe amd64 libqhull7 amd64 2015.2-4 [152 kB]
Get:322 http://archive.ubuntu.com/ubuntu focal/universe amd64 libspatialite7 amd64 4.3.0a-6build1 [1286 kB]
Get:323 http://archive.ubuntu.com/ubuntu focal-updates/universe amd64 libxerces-c3.2 amd64 3.2.2+debian-1ubuntu0.2 [878 kB]
Get:324 http://archive.ubuntu.com/ubuntu focal-updates/main amd64 odbcinst amd64 2.3.6-0.1ubuntu0.1 [14.5 kB]
Get:325 http://archive.ubuntu.com/ubuntu focal-updates/main amd64 odbcinst1debian2 amd64 2.3.6-0.1ubuntu0.1 [41.7 kB]
Get:326 http://archive.ubuntu.com/ubuntu focal/universe amd64 libgdal26 amd64 3.0.4+dfsg-1build3 [6156 kB]
Get:327 http://archive.ubuntu.com/ubuntu focal/universe amd64 libgeos-dev amd64 3.8.0-1build1 [92.3 kB]
Get:328 http://archive.ubuntu.com/ubuntu focal/universe amd64 libgflags2.2 amd64 2.2.2-1build1 [78.0 kB]
Get:329 http://archive.ubuntu.com/ubuntu focal/universe amd64 libgflags-dev amd64 2.2.2-1build1 [96.6 kB]
Get:330 http://archive.ubuntu.com/ubuntu focal-updates/main amd64 libgif-dev amd64 5.1.9-1ubuntu0.1 [20.7 kB]
Get:331 http://archive.ubuntu.com/ubuntu focal/universe amd64 libgl2ps1.4 amd64 1.4.0+dfsg1-2 [38.2 kB]
Get:332 http://archive.ubuntu.com/ubuntu focal/universe amd64 libgl2ps-dev amd64 1.4.0+dfsg1-2 [239 kB]
Get:333 http://archive.ubuntu.com/ubuntu focal/universe amd64 libglew2.1 amd64 2.1.0-4 [155 kB]
Get:334 http://archive.ubuntu.com/ubuntu focal/universe amd64 libglew-dev amd64 2.1.0-4 [134 kB]
Get:335 http://archive.ubuntu.com/ubuntu focal-updates/main amd64 libunwind8 amd64 1.2.1-9ubuntu0.1 [47.7 kB]
Get:336 http://archive.ubuntu.com/ubuntu focal/universe amd64 libgoogle-glog0v5 amd64 0.4.0-1build1 [51.5 kB]
Get:337 http://archive.ubuntu.com/ubuntu focal/universe amd64 libgoogle-glog-dev amd64 0.4.0-1build1 [76.4 kB]
Get:338 http://archive.ubuntu.com/ubuntu focal/main amd64 libice-dev amd64 2:1.0.10-0ubuntu1 [47.8 kB]
Get:339 http://archive.ubuntu.com/ubuntu focal/universe amd64 libkmlconvenience1 amd64 1.3.0-8build1 [44.7 kB]
Get:340 http://archive.ubuntu.com/ubuntu focal/universe amd64 libkmlregionator1 amd64 1.3.0-8build1 [19.8 kB]
Get:341 http://archive.ubuntu.com/ubuntu focal/universe amd64 libkmlxsd1 amd64 1.3.0-8build1 [27.1 kB]
Get:342 http://archive.ubuntu.com/ubuntu focal/universe amd64 libminizip-dev amd64 1.1-8build1 [26.7 kB]
Get:343 http://archive.ubuntu.com/ubuntu focal/universe amd64 libnetcdf-c++4 amd64 4.2-11build2 [33.6 kB]
Get:344 http://archive.ubuntu.com/ubuntu focal/universe amd64 libnetcdf-dev amd64 1:4.7.3-1 [45.7 kB]
Get:345 http://archive.ubuntu.com/ubuntu focal/universe amd64 libnetcdf-cxx-legacy-dev amd64 4.2-11build2 [53.8 kB]
Get:346 http://archive.ubuntu.com/ubuntu focal/universe amd64 libogdi-dev amd64 4.1.0+ds-1build1 [22.1 kB]
Get:347 http://archive.ubuntu.com/ubuntu focal/main amd64 libogg-dev amd64 1.3.4-0ubuntu1 [161 kB]
Get:348 http://archive.ubuntu.com/ubuntu focal-updates/universe amd64 libtinyxml2.6.2v5 amd64 2.6.2-4+deb10u2build0.20.04.1 [31.0 kB]
Get:349 http://archive.ubuntu.com/ubuntu focal/universe amd64 libopenni0 amd64 1.5.4.0+dfsg-4build1 [289 kB]
Get:350 http://archive.ubuntu.com/ubuntu focal/universe amd64 libopenni-dev amd64 1.5.4.0+dfsg-4build1 [138 kB]
Get:351 http://archive.ubuntu.com/ubuntu focal/universe amd64 libopenni2-0 amd64 2.2.0.33+dfsg-13build1 [418 kB]
Get:352 http://archive.ubuntu.com/ubuntu focal/universe amd64 libopenni2-dev amd64 2.2.0.33+dfsg-13build1 [53.7 kB]
Get:353 http://archive.ubuntu.com/ubuntu focal/universe amd64 libpcl-common1.10 amd64 1.10.0+dfsg-5ubuntu1 [175 kB]
Get:354 http://archive.ubuntu.com/ubuntu focal/universe amd64 libpcl-kdtree1.10 amd64 1.10.0+dfsg-5ubuntu1 [222 kB]
Get:355 http://archive.ubuntu.com/ubuntu focal/universe amd64 libpcl-octree1.10 amd64 1.10.0+dfsg-5ubuntu1 [214 kB]
Get:356 http://archive.ubuntu.com/ubuntu focal/universe amd64 libpcl-sample-consensus1.10 amd64 1.10.0+dfsg-5ubuntu1 [1300 kB]
Get:357 http://archive.ubuntu.com/ubuntu focal/universe amd64 libpcl-search1.10 amd64 1.10.0+dfsg-5ubuntu1 [240 kB]
Get:358 http://archive.ubuntu.com/ubuntu focal/universe amd64 libpcl-filters1.10 amd64 1.10.0+dfsg-5ubuntu1 [988 kB]
Get:359 http://archive.ubuntu.com/ubuntu focal/universe amd64 libpcl-features1.10 amd64 1.10.0+dfsg-5ubuntu1 [3633 kB]
Get:360 http://archive.ubuntu.com/ubuntu focal/universe amd64 libpcl-ml1.10 amd64 1.10.0+dfsg-5ubuntu1 [65.9 kB]
Get:361 http://archive.ubuntu.com/ubuntu focal/universe amd64 libpcl-segmentation1.10 amd64 1.10.0+dfsg-5ubuntu1 [1465 kB]
Get:362 http://archive.ubuntu.com/ubuntu focal-updates/universe amd64 libswscale5 amd64 7:4.2.7-0ubuntu0.1 [157 kB]
Get:363 http://archive.ubuntu.com/ubuntu focal/main amd64 libtcl8.6 amd64 8.6.10+dfsg-1 [902 kB]
Get:364 http://archive.ubuntu.com/ubuntu focal/main amd64 libxft2 amd64 2.3.3-0ubuntu1 [39.2 kB]
Get:365 http://archive.ubuntu.com/ubuntu focal/main amd64 libxss1 amd64 1:1.2.3-1 [8140 B]
Get:366 http://archive.ubuntu.com/ubuntu focal/main amd64 libtk8.6 amd64 8.6.10-1 [714 kB]
Get:367 http://archive.ubuntu.com/ubuntu focal/universe amd64 libvtk7.1p amd64 7.1.1+dfsg2-2ubuntu1 [36.7 MB]
Get:368 http://archive.ubuntu.com/ubuntu focal/universe amd64 libpcl-surface1.10 amd64 1.10.0+dfsg-5ubuntu1 [1391 kB]
Get:369 http://archive.ubuntu.com/ubuntu focal/universe amd64 libpcl-apps1.10 amd64 1.10.0+dfsg-5ubuntu1 [211 kB]
Get:370 http://archive.ubuntu.com/ubuntu focal/universe amd64 libpcl-io1.10 amd64 1.10.0+dfsg-5ubuntu1 [595 kB]
Get:371 http://archive.ubuntu.com/ubuntu focal/universe amd64 libpcl-keypoints1.10 amd64 1.10.0+dfsg-5ubuntu1 [241 kB]
Get:372 http://archive.ubuntu.com/ubuntu focal/universe amd64 libpcl-outofcore1.10 amd64 1.10.0+dfsg-5ubuntu1 [36.8 kB]
Get:373 http://archive.ubuntu.com/ubuntu focal/universe amd64 libpcl-people1.10 amd64 1.10.0+dfsg-5ubuntu1 [19.1 kB]
Get:374 http://archive.ubuntu.com/ubuntu focal/universe amd64 libpcl-recognition1.10 amd64 1.10.0+dfsg-5ubuntu1 [689 kB]
Get:375 http://archive.ubuntu.com/ubuntu focal/universe amd64 libpcl-registration1.10 amd64 1.10.0+dfsg-5ubuntu1 [363 kB]
Get:376 http://archive.ubuntu.com/ubuntu focal/universe amd64 libpcl-stereo1.10 amd64 1.10.0+dfsg-5ubuntu1 [60.0 kB]
Get:377 http://archive.ubuntu.com/ubuntu focal/universe amd64 libpcl-tracking1.10 amd64 1.10.0+dfsg-5ubuntu1 [394 kB]
Get:378 http://archive.ubuntu.com/ubuntu focal/universe amd64 libpcl-visualization1.10 amd64 1.10.0+dfsg-5ubuntu1 [342 kB]
Get:379 http://archive.ubuntu.com/ubuntu focal-updates/main amd64 libpoppler-dev amd64 0.86.1-0ubuntu1.7 [5340 B]
Get:380 http://archive.ubuntu.com/ubuntu focal-updates/main amd64 libpoppler-private-dev amd64 0.86.1-0ubuntu1.7 [174 kB]
Get:381 http://archive.ubuntu.com/ubuntu focal-updates/main amd64 libpq-dev amd64 12.22-0ubuntu0.20.04.4 [138 kB]
Get:382 http://archive.ubuntu.com/ubuntu focal/universe amd64 libqhull-r7 amd64 2015.2-4 [149 kB]
Get:383 http://archive.ubuntu.com/ubuntu focal/universe amd64 libqhull-dev amd64 2015.2-4 [357 kB]
Get:384 http://archive.ubuntu.com/ubuntu focal/universe amd64 libqt5designer5 amd64 5.12.8-0ubuntu1 [2778 kB]
Get:385 http://archive.ubuntu.com/ubuntu focal/universe amd64 libqt5designercomponents5 amd64 5.12.8-0ubuntu1 [718 kB]
Get:386 http://archive.ubuntu.com/ubuntu focal/universe amd64 libqt5help5 amd64 5.12.8-0ubuntu1 [134 kB]
Get:387 http://archive.ubuntu.com/ubuntu focal-updates/universe amd64 libqt5opengl5 amd64 5.12.8+dfsg-0ubuntu2.1 [136 kB]
Get:388 http://archive.ubuntu.com/ubuntu focal-updates/universe amd64 libqt5opengl5-dev amd64 5.12.8+dfsg-0ubuntu2.1 [39.8 kB]
Get:389 http://archive.ubuntu.com/ubuntu focal-updates/universe amd64 libqt5sql5-sqlite amd64 5.12.8+dfsg-0ubuntu2.1 [47.6 kB]
Get:390 http://archive.ubuntu.com/ubuntu focal/universe amd64 libqt5x11extras5 amd64 5.12.8-0ubuntu1 [10.3 kB]
Get:391 http://archive.ubuntu.com/ubuntu focal/main amd64 libsm-dev amd64 2:1.2.3-1 [17.0 kB]
Get:392 http://archive.ubuntu.com/ubuntu focal-updates/universe amd64 libswscale-dev amd64 7:4.2.7-0ubuntu0.1 [177 kB]
Get:393 http://archive.ubuntu.com/ubuntu focal/main amd64 libtheora-dev amd64 1.1.1+dfsg.1-15ubuntu2 [178 kB]
Get:394 http://archive.ubuntu.com/ubuntu focal-updates/main amd64 libjbig-dev amd64 2.1-3.1ubuntu0.20.04.1 [25.7 kB]
Get:395 http://archive.ubuntu.com/ubuntu focal-updates/main amd64 liblzma-dev amd64 5.2.4-1ubuntu1.1 [147 kB]
Get:396 http://archive.ubuntu.com/ubuntu focal-updates/main amd64 libtiffxx5 amd64 4.1.0+git191117-2ubuntu0.20.04.14 [5884 B]
Get:397 http://archive.ubuntu.com/ubuntu focal-updates/main amd64 libtiff-dev amd64 4.1.0+git191117-2ubuntu0.20.04.14 [287 kB]
Get:398 http://archive.ubuntu.com/ubuntu focal/universe amd64 liburiparser-dev amd64 0.9.3-2 [12.0 kB]
Get:399 http://archive.ubuntu.com/ubuntu focal/universe amd64 libeigen3-dev all 3.3.7-2 [815 kB]
Get:400 http://archive.ubuntu.com/ubuntu focal/universe amd64 libepsilon-dev amd64 0.9.2+dfsg-4 [48.6 kB]
Get:401 http://archive.ubuntu.com/ubuntu focal/universe amd64 libfreexl-dev amd64 1.0.5-3 [30.9 kB]
Get:402 http://archive.ubuntu.com/ubuntu focal/universe amd64 libproj-dev amd64 6.3.1-1 [1092 kB]
Get:403 http://archive.ubuntu.com/ubuntu focal/universe amd64 libgeotiff-dev amd64 1.5.1-2 [76.8 kB]
Get:404 http://archive.ubuntu.com/ubuntu focal/universe amd64 libhdf4-alt-dev amd64 4.2.14-1ubuntu1 [369 kB]
Get:405 http://archive.ubuntu.com/ubuntu focal-updates/main amd64 libjson-c-dev amd64 0.13.1+dfsg-7ubuntu0.3 [46.9 kB]
Get:406 http://archive.ubuntu.com/ubuntu focal/universe amd64 libkml-dev amd64 1.3.0-8build1 [933 kB]
Get:407 http://archive.ubuntu.com/ubuntu focal-updates/main amd64 libopenjp2-7-dev amd64 2.3.1-1ubuntu4.20.04.4 [26.7 kB]
Get:408 http://archive.ubuntu.com/ubuntu focal/universe amd64 libspatialite-dev amd64 4.3.0a-6build1 [1387 kB]
Get:409 http://archive.ubuntu.com/ubuntu focal-updates/main amd64 libwebpdemux2 amd64 0.6.1-2ubuntu0.20.04.3 [9560 B]
Get:410 http://archive.ubuntu.com/ubuntu focal-updates/main amd64 libwebp-dev amd64 0.6.1-2ubuntu0.20.04.3 [267 kB]
Get:411 http://archive.ubuntu.com/ubuntu focal-updates/universe amd64 libxerces-c-dev amd64 3.2.2+debian-1ubuntu0.2 [1695 kB]
Get:412 http://archive.ubuntu.com/ubuntu focal-updates/main amd64 libzstd-dev amd64 1.4.4+dfsg-3ubuntu0.1 [286 kB]
Get:413 http://archive.ubuntu.com/ubuntu focal-updates/main amd64 unixodbc-dev amd64 2.3.6-0.1ubuntu0.1 [230 kB]
Get:414 http://archive.ubuntu.com/ubuntu focal/universe amd64 libgdal-dev amd64 3.0.4+dfsg-1build3 [8093 kB]
Get:415 http://archive.ubuntu.com/ubuntu focal/main amd64 libjsoncpp-dev amd64 1.7.4-3.1ubuntu2 [91.1 kB]
Get:416 http://archive.ubuntu.com/ubuntu focal/universe amd64 libvtk7-jni amd64 7.1.1+dfsg2-2ubuntu1 [4868 kB]
Get:417 http://archive.ubuntu.com/ubuntu focal/universe amd64 libvtk7-java amd64 7.1.1+dfsg2-2ubuntu1 [2225 kB]
Get:418 http://archive.ubuntu.com/ubuntu focal/main amd64 libxrender-dev amd64 1:0.9.10-1 [24.9 kB]
Get:419 http://archive.ubuntu.com/ubuntu focal/main amd64 libxft-dev amd64 2.3.3-0ubuntu1 [49.1 kB]
Get:420 http://archive.ubuntu.com/ubuntu focal/main amd64 x11proto-scrnsaver-dev all 2019.2-1ubuntu1 [2624 B]
Get:421 http://archive.ubuntu.com/ubuntu focal/main amd64 libxss-dev amd64 1:1.2.3-1 [11.9 kB]
Get:422 http://archive.ubuntu.com/ubuntu focal/main amd64 libxt-dev amd64 1:1.1.5-1 [395 kB]
Get:423 http://archive.ubuntu.com/ubuntu focal/universe amd64 libvtk7.1p-qt amd64 7.1.1+dfsg2-2ubuntu1 [98.8 kB]
Get:424 http://archive.ubuntu.com/ubuntu focal/universe amd64 python3-cbor amd64 1.0.0-1.1build1 [20.5 kB]
Get:425 http://archive.ubuntu.com/ubuntu focal/universe amd64 python3-lz4 amd64 3.0.2+dfsg-1build1 [31.2 kB]
Get:426 http://archive.ubuntu.com/ubuntu focal/main amd64 python3-openssl all 19.0.0-1build1 [43.3 kB]
Get:427 http://archive.ubuntu.com/ubuntu focal/universe amd64 python3-pyqrcode all 1.2.1-4 [30.3 kB]
Get:428 http://archive.ubuntu.com/ubuntu focal/main amd64 python3-attr all 19.3.0-2 [33.9 kB]
Get:429 http://archive.ubuntu.com/ubuntu focal/main amd64 python3-pyasn1 all 0.4.2-3build1 [46.7 kB]
Get:430 http://archive.ubuntu.com/ubuntu focal/main amd64 python3-pyasn1-modules all 0.2.1-0.2build1 [32.9 kB]
Get:431 http://archive.ubuntu.com/ubuntu focal/main amd64 python3-service-identity all 18.1.0-5build1 [10.7 kB]
Get:432 http://archive.ubuntu.com/ubuntu focal/universe amd64 python3-snappy amd64 0.5.3-1.1build1 [16.9 kB]
Get:433 http://archive.ubuntu.com/ubuntu focal/universe amd64 python3-trie all 0.2+ds-2 [7520 B]
Get:434 http://archive.ubuntu.com/ubuntu focal/main amd64 python3-automat all 0.8.0-1ubuntu1 [27.5 kB]
Get:435 http://archive.ubuntu.com/ubuntu focal/main amd64 python3-constantly all 15.1.0-1build1 [8244 B]
Get:436 http://archive.ubuntu.com/ubuntu focal-updates/main amd64 python3-idna all 2.8-1ubuntu0.1 [36.2 kB]
Get:437 http://archive.ubuntu.com/ubuntu focal/main amd64 python3-hyperlink all 19.0.0-1 [33.5 kB]
Get:438 http://archive.ubuntu.com/ubuntu focal/main amd64 python3-incremental all 16.10.1-3.2 [14.9 kB]
Get:439 http://archive.ubuntu.com/ubuntu focal/main amd64 python3-zope.interface amd64 4.7.1-1 [85.2 kB]
Get:440 http://archive.ubuntu.com/ubuntu focal-updates/main amd64 python3-twisted-bin amd64 18.9.0-11ubuntu0.20.04.5 [11.4 kB]
Get:441 http://archive.ubuntu.com/ubuntu focal/main amd64 python3-hamcrest all 1.9.0-3 [24.9 kB]
Get:442 http://archive.ubuntu.com/ubuntu focal-updates/main amd64 python3-twisted all 18.9.0-11ubuntu0.20.04.5 [1935 kB]
Get:443 http://archive.ubuntu.com/ubuntu focal/universe amd64 python3-txaio all 2.10.0-2 [18.8 kB]
Get:444 http://archive.ubuntu.com/ubuntu focal/universe amd64 python3-u-msgpack all 2.1-1build1 [7576 B]
Get:445 http://archive.ubuntu.com/ubuntu focal/universe amd64 python3-ubjson amd64 0.14.0-2build1 [33.0 kB]
Get:446 http://archive.ubuntu.com/ubuntu focal/universe amd64 python3-wsaccel amd64 0.6.2-2build1 [41.4 kB]
Get:447 http://archive.ubuntu.com/ubuntu focal/universe amd64 python3-autobahn all 17.10.1+dfsg1-6 [157 kB]
Get:448 http://archive.ubuntu.com/ubuntu focal/universe amd64 python3-mpi4py amd64 3.0.3-4build2 [500 kB]
Get:449 http://archive.ubuntu.com/ubuntu focal/universe amd64 python3-vtk7 amd64 7.1.1+dfsg2-2ubuntu1 [255 kB]
Get:450 http://archive.ubuntu.com/ubuntu focal/main amd64 tcl8.6 amd64 8.6.10+dfsg-1 [14.8 kB]
Get:451 http://archive.ubuntu.com/ubuntu focal/main amd64 tcl8.6-dev amd64 8.6.10+dfsg-1 [905 kB]
Get:452 http://archive.ubuntu.com/ubuntu focal/universe amd64 tcl amd64 8.6.9+1 [5112 B]
Get:453 http://archive.ubuntu.com/ubuntu focal/universe amd64 tcl-dev amd64 8.6.9+1 [5760 B]
Get:454 http://archive.ubuntu.com/ubuntu focal/universe amd64 tcl-vtk7 amd64 7.1.1+dfsg2-2ubuntu1 [151 kB]
Get:455 http://archive.ubuntu.com/ubuntu focal/main amd64 tk8.6 amd64 8.6.10-1 [12.5 kB]
Get:456 http://archive.ubuntu.com/ubuntu focal/main amd64 tk8.6-dev amd64 8.6.10-1 [711 kB]
Get:457 http://archive.ubuntu.com/ubuntu focal/universe amd64 tk amd64 8.6.9+1 [3240 B]
Get:458 http://archive.ubuntu.com/ubuntu focal/universe amd64 tk-dev amd64 8.6.9+1 [3076 B]
Get:459 http://archive.ubuntu.com/ubuntu focal/universe amd64 vtk7 amd64 7.1.1+dfsg2-2ubuntu1 [173 kB]
Get:460 http://archive.ubuntu.com/ubuntu focal/universe amd64 libvtk7-dev amd64 7.1.1+dfsg2-2ubuntu1 [2241 kB]
Get:461 http://archive.ubuntu.com/ubuntu focal/universe amd64 qdoc-qt5 amd64 5.12.8-0ubuntu1 [507 kB]
Get:462 http://archive.ubuntu.com/ubuntu focal/universe amd64 qhelpgenerator-qt5 amd64 5.12.8-0ubuntu1 [64.3 kB]
Get:463 http://archive.ubuntu.com/ubuntu focal/universe amd64 qt5-assistant amd64 5.12.8-0ubuntu1 [369 kB]
Get:464 http://archive.ubuntu.com/ubuntu focal/universe amd64 qtattributionsscanner-qt5 amd64 5.12.8-0ubuntu1 [26.0 kB]
Get:465 http://archive.ubuntu.com/ubuntu focal/universe amd64 qttools5-dev-tools amd64 5.12.8-0ubuntu1 [1031 kB]
Get:466 http://archive.ubuntu.com/ubuntu focal/universe amd64 qttools5-dev amd64 5.12.8-0ubuntu1 [179 kB]
Get:467 http://archive.ubuntu.com/ubuntu focal/universe amd64 qttools5-private-dev amd64 5.12.8-0ubuntu1 [69.0 kB]
Get:468 http://archive.ubuntu.com/ubuntu focal/universe amd64 libvtk7-qt-dev amd64 7.1.1+dfsg2-2ubuntu1 [20.7 kB]
Get:469 http://archive.ubuntu.com/ubuntu focal/universe amd64 libpcl-dev amd64 1.10.0+dfsg-5ubuntu1 [1088 kB]
debconf: delaying package configuration, since apt-utils is not installed
Fetched 303 MB in 5min 1s (1006 kB/s)
Selecting previously unselected package libcap2:amd64.
(Reading database ... (Reading database ... 5%(Reading database ... 10%(Reading database ... 15%(Reading database ... 20%(Reading database ... 25%(Reading database ... 30%(Reading database ... 35%(Reading database ... 40%(Reading database ... 45%(Reading database ... 50%(Reading database ... 55%(Reading database ... 60%(Reading database ... 65%(Reading database ... 70%(Reading database ... 75%(Reading database ... 80%(Reading database ... 85%(Reading database ... 90%(Reading database ... 95%(Reading database ... 100%(Reading database ... 44633 files and directories currently installed.)
Preparing to unpack .../000-libcap2_1%3a2.32-1ubuntu0.2_amd64.deb ...
Unpacking libcap2:amd64 (1:2.32-1ubuntu0.2) ...
Selecting previously unselected package libcap2-bin.
Preparing to unpack .../001-libcap2-bin_1%3a2.32-1ubuntu0.2_amd64.deb ...
Unpacking libcap2-bin (1:2.32-1ubuntu0.2) ...
Selecting previously unselected package libgstreamer1.0-0:amd64.
Preparing to unpack .../002-libgstreamer1.0-0_1.16.3-0ubuntu1.2_amd64.deb ...
Unpacking libgstreamer1.0-0:amd64 (1.16.3-0ubuntu1.2) ...
Selecting previously unselected package liborc-0.4-0:amd64.
Preparing to unpack .../003-liborc-0.4-0_1%3a0.4.31-1ubuntu0.1_amd64.deb ...
Unpacking liborc-0.4-0:amd64 (1:0.4.31-1ubuntu0.1) ...
Selecting previously unselected package iso-codes.
Preparing to unpack .../004-iso-codes_4.4-1_all.deb ...
Unpacking iso-codes (4.4-1) ...
Selecting previously unselected package libgstreamer-plugins-base1.0-0:amd64.
Preparing to unpack .../005-libgstreamer-plugins-base1.0-0_1.16.3-0ubuntu1.4_amd64.deb ...
Unpacking libgstreamer-plugins-base1.0-0:amd64 (1.16.3-0ubuntu1.4) ...
Selecting previously unselected package libhyphen0:amd64.
Preparing to unpack .../006-libhyphen0_2.8.8-7_amd64.deb ...
Unpacking libhyphen0:amd64 (2.8.8-7) ...
Selecting previously unselected package libjpeg-turbo8:amd64.
Preparing to unpack .../007-libjpeg-turbo8_2.0.3-0ubuntu1.20.04.3_amd64.deb ...
Unpacking libjpeg-turbo8:amd64 (2.0.3-0ubuntu1.20.04.3) ...
Selecting previously unselected package libjpeg8:amd64.
Preparing to unpack .../008-libjpeg8_8c-2ubuntu8_amd64.deb ...
Unpacking libjpeg8:amd64 (8c-2ubuntu8) ...
Selecting previously unselected package libpng16-16:amd64.
Preparing to unpack .../009-libpng16-16_1.6.37-2_amd64.deb ...
Unpacking libpng16-16:amd64 (1.6.37-2) ...
Selecting previously unselected package libdouble-conversion3:amd64.
Preparing to unpack .../010-libdouble-conversion3_3.1.5-4ubuntu1_amd64.deb ...
Unpacking libdouble-conversion3:amd64 (3.1.5-4ubuntu1) ...
Selecting previously unselected package libpcre2-16-0:amd64.
Preparing to unpack .../011-libpcre2-16-0_10.34-7ubuntu0.1_amd64.deb ...
Unpacking libpcre2-16-0:amd64 (10.34-7ubuntu0.1) ...
Selecting previously unselected package libqt5core5a:amd64.
Preparing to unpack .../012-libqt5core5a_5.12.8+dfsg-0ubuntu2.1_amd64.deb ...
Unpacking libqt5core5a:amd64 (5.12.8+dfsg-0ubuntu2.1) ...
Selecting previously unselected package libfreetype6:amd64.
Preparing to unpack .../013-libfreetype6_2.10.1-2ubuntu0.4_amd64.deb ...
Unpacking libfreetype6:amd64 (2.10.1-2ubuntu0.4) ...
Selecting previously unselected package ucf.
Preparing to unpack .../014-ucf_3.0038+nmu1_all.deb ...
Moving old data out of the way
Unpacking ucf (3.0038+nmu1) ...
Selecting previously unselected package fonts-dejavu-core.
Preparing to unpack .../015-fonts-dejavu-core_2.37-1_all.deb ...
Unpacking fonts-dejavu-core (2.37-1) ...
Selecting previously unselected package fontconfig-config.
Preparing to unpack .../016-fontconfig-config_2.13.1-2ubuntu3_all.deb ...
Unpacking fontconfig-config (2.13.1-2ubuntu3) ...
Selecting previously unselected package libfontconfig1:amd64.
Preparing to unpack .../017-libfontconfig1_2.13.1-2ubuntu3_amd64.deb ...
Unpacking libfontconfig1:amd64 (2.13.1-2ubuntu3) ...
Selecting previously unselected package fontconfig.
Preparing to unpack .../018-fontconfig_2.13.1-2ubuntu3_amd64.deb ...
Unpacking fontconfig (2.13.1-2ubuntu3) ...
Selecting previously unselected package libdrm-common.
Preparing to unpack .../019-libdrm-common_2.4.107-8ubuntu1~20.04.2_all.deb ...
Unpacking libdrm-common (2.4.107-8ubuntu1~20.04.2) ...
Selecting previously unselected package libdrm2:amd64.
Preparing to unpack .../020-libdrm2_2.4.107-8ubuntu1~20.04.2_amd64.deb ...
Unpacking libdrm2:amd64 (2.4.107-8ubuntu1~20.04.2) ...
Selecting previously unselected package libglvnd0:amd64.
Preparing to unpack .../021-libglvnd0_1.3.2-1~ubuntu0.20.04.2_amd64.deb ...
Unpacking libglvnd0:amd64 (1.3.2-1~ubuntu0.20.04.2) ...
Selecting previously unselected package libwayland-server0:amd64.
Preparing to unpack .../022-libwayland-server0_1.18.0-1ubuntu0.1_amd64.deb ...
Unpacking libwayland-server0:amd64 (1.18.0-1ubuntu0.1) ...
Selecting previously unselected package libgbm1:amd64.
Preparing to unpack .../023-libgbm1_21.2.6-0ubuntu0.1~20.04.2_amd64.deb ...
Unpacking libgbm1:amd64 (21.2.6-0ubuntu0.1~20.04.2) ...
Selecting previously unselected package libglapi-mesa:amd64.
Preparing to unpack .../024-libglapi-mesa_21.2.6-0ubuntu0.1~20.04.2_amd64.deb ...
Unpacking libglapi-mesa:amd64 (21.2.6-0ubuntu0.1~20.04.2) ...
Selecting previously unselected package libwayland-client0:amd64.
Preparing to unpack .../025-libwayland-client0_1.18.0-1ubuntu0.1_amd64.deb ...
Unpacking libwayland-client0:amd64 (1.18.0-1ubuntu0.1) ...
Selecting previously unselected package libx11-xcb1:amd64.
Preparing to unpack .../026-libx11-xcb1_2%3a1.6.9-2ubuntu1.6_amd64.deb ...
Unpacking libx11-xcb1:amd64 (2:1.6.9-2ubuntu1.6) ...
Selecting previously unselected package libxcb-dri2-0:amd64.
Preparing to unpack .../027-libxcb-dri2-0_1.14-2_amd64.deb ...
Unpacking libxcb-dri2-0:amd64 (1.14-2) ...
Selecting previously unselected package libxcb-dri3-0:amd64.
Preparing to unpack .../028-libxcb-dri3-0_1.14-2_amd64.deb ...
Unpacking libxcb-dri3-0:amd64 (1.14-2) ...
Selecting previously unselected package libxcb-present0:amd64.
Preparing to unpack .../029-libxcb-present0_1.14-2_amd64.deb ...
Unpacking libxcb-present0:amd64 (1.14-2) ...
Selecting previously unselected package libxcb-sync1:amd64.
Preparing to unpack .../030-libxcb-sync1_1.14-2_amd64.deb ...
Unpacking libxcb-sync1:amd64 (1.14-2) ...
Selecting previously unselected package libxcb-xfixes0:amd64.
Preparing to unpack .../031-libxcb-xfixes0_1.14-2_amd64.deb ...
Unpacking libxcb-xfixes0:amd64 (1.14-2) ...
Selecting previously unselected package libxshmfence1:amd64.
Preparing to unpack .../032-libxshmfence1_1.3-1_amd64.deb ...
Unpacking libxshmfence1:amd64 (1.3-1) ...
Selecting previously unselected package libegl-mesa0:amd64.
Preparing to unpack .../033-libegl-mesa0_21.2.6-0ubuntu0.1~20.04.2_amd64.deb ...
Unpacking libegl-mesa0:amd64 (21.2.6-0ubuntu0.1~20.04.2) ...
Selecting previously unselected package libegl1:amd64.
Preparing to unpack .../034-libegl1_1.3.2-1~ubuntu0.20.04.2_amd64.deb ...
Unpacking libegl1:amd64 (1.3.2-1~ubuntu0.20.04.2) ...
Selecting previously unselected package libxcb-glx0:amd64.
Preparing to unpack .../035-libxcb-glx0_1.14-2_amd64.deb ...
Unpacking libxcb-glx0:amd64 (1.14-2) ...
Selecting previously unselected package libxcb-shm0:amd64.
Preparing to unpack .../036-libxcb-shm0_1.14-2_amd64.deb ...
Unpacking libxcb-shm0:amd64 (1.14-2) ...
Selecting previously unselected package libxfixes3:amd64.
Preparing to unpack .../037-libxfixes3_1%3a5.0.3-2_amd64.deb ...
Unpacking libxfixes3:amd64 (1:5.0.3-2) ...
Selecting previously unselected package libxxf86vm1:amd64.
Preparing to unpack .../038-libxxf86vm1_1%3a1.1.4-1build1_amd64.deb ...
Unpacking libxxf86vm1:amd64 (1:1.1.4-1build1) ...
Selecting previously unselected package libdrm-amdgpu1:amd64.
Preparing to unpack .../039-libdrm-amdgpu1_2.4.107-8ubuntu1~20.04.2_amd64.deb ...
Unpacking libdrm-amdgpu1:amd64 (2.4.107-8ubuntu1~20.04.2) ...
Selecting previously unselected package libdrm-intel1:amd64.
Preparing to unpack .../040-libdrm-intel1_2.4.107-8ubuntu1~20.04.2_amd64.deb ...
Unpacking libdrm-intel1:amd64 (2.4.107-8ubuntu1~20.04.2) ...
Selecting previously unselected package libdrm-nouveau2:amd64.
Preparing to unpack .../041-libdrm-nouveau2_2.4.107-8ubuntu1~20.04.2_amd64.deb ...
Unpacking libdrm-nouveau2:amd64 (2.4.107-8ubuntu1~20.04.2) ...
Selecting previously unselected package libdrm-radeon1:amd64.
Preparing to unpack .../042-libdrm-radeon1_2.4.107-8ubuntu1~20.04.2_amd64.deb ...
Unpacking libdrm-radeon1:amd64 (2.4.107-8ubuntu1~20.04.2) ...
Selecting previously unselected package libelf1:amd64.
Preparing to unpack .../043-libelf1_0.176-1.1ubuntu0.1_amd64.deb ...
Unpacking libelf1:amd64 (0.176-1.1ubuntu0.1) ...
Selecting previously unselected package libllvm12:amd64.
Preparing to unpack .../044-libllvm12_1%3a12.0.0-3ubuntu1~20.04.5_amd64.deb ...
Unpacking libllvm12:amd64 (1:12.0.0-3ubuntu1~20.04.5) ...
Selecting previously unselected package libsensors-config.
Preparing to unpack .../045-libsensors-config_1%3a3.6.0-2ubuntu1.1_all.deb ...
Unpacking libsensors-config (1:3.6.0-2ubuntu1.1) ...
Selecting previously unselected package libsensors5:amd64.
Preparing to unpack .../046-libsensors5_1%3a3.6.0-2ubuntu1.1_amd64.deb ...
Unpacking libsensors5:amd64 (1:3.6.0-2ubuntu1.1) ...
Selecting previously unselected package libvulkan1:amd64.
Preparing to unpack .../047-libvulkan1_1.2.131.2-1_amd64.deb ...
Unpacking libvulkan1:amd64 (1.2.131.2-1) ...
Selecting previously unselected package libgl1-mesa-dri:amd64.
Preparing to unpack .../048-libgl1-mesa-dri_21.2.6-0ubuntu0.1~20.04.2_amd64.deb ...
Unpacking libgl1-mesa-dri:amd64 (21.2.6-0ubuntu0.1~20.04.2) ...
Selecting previously unselected package libglx-mesa0:amd64.
Preparing to unpack .../049-libglx-mesa0_21.2.6-0ubuntu0.1~20.04.2_amd64.deb ...
Unpacking libglx-mesa0:amd64 (21.2.6-0ubuntu0.1~20.04.2) ...
Selecting previously unselected package libglx0:amd64.
Preparing to unpack .../050-libglx0_1.3.2-1~ubuntu0.20.04.2_amd64.deb ...
Unpacking libglx0:amd64 (1.3.2-1~ubuntu0.20.04.2) ...
Selecting previously unselected package libgl1:amd64.
Preparing to unpack .../051-libgl1_1.3.2-1~ubuntu0.20.04.2_amd64.deb ...
Unpacking libgl1:amd64 (1.3.2-1~ubuntu0.20.04.2) ...
Selecting previously unselected package libgraphite2-3:amd64.
Preparing to unpack .../052-libgraphite2-3_1.3.13-11build1_amd64.deb ...
Unpacking libgraphite2-3:amd64 (1.3.13-11build1) ...
Selecting previously unselected package libharfbuzz0b:amd64.
Preparing to unpack .../053-libharfbuzz0b_2.6.4-1ubuntu4.3_amd64.deb ...
Unpacking libharfbuzz0b:amd64 (2.6.4-1ubuntu4.3) ...
Selecting previously unselected package x11-common.
Preparing to unpack .../054-x11-common_1%3a7.7+19ubuntu14_all.deb ...
dpkg-query: no packages found matching nux-tools
Unpacking x11-common (1:7.7+19ubuntu14) ...
Selecting previously unselected package libice6:amd64.
Preparing to unpack .../055-libice6_2%3a1.0.10-0ubuntu1_amd64.deb ...
Unpacking libice6:amd64 (2:1.0.10-0ubuntu1) ...
Selecting previously unselected package libevdev2:amd64.
Preparing to unpack .../056-libevdev2_1.9.0+dfsg-1ubuntu0.2_amd64.deb ...
Unpacking libevdev2:amd64 (1.9.0+dfsg-1ubuntu0.2) ...
Selecting previously unselected package libmtdev1:amd64.
Preparing to unpack .../057-libmtdev1_1.1.5-1.1_amd64.deb ...
Unpacking libmtdev1:amd64 (1.1.5-1.1) ...
Selecting previously unselected package libgudev-1.0-0:amd64.
Preparing to unpack .../058-libgudev-1.0-0_1%3a233-1_amd64.deb ...
Unpacking libgudev-1.0-0:amd64 (1:233-1) ...
Selecting previously unselected package libwacom-common.
Preparing to unpack .../059-libwacom-common_1.3-2ubuntu3_all.deb ...
Unpacking libwacom-common (1.3-2ubuntu3) ...
Selecting previously unselected package libwacom2:amd64.
Preparing to unpack .../060-libwacom2_1.3-2ubuntu3_amd64.deb ...
Unpacking libwacom2:amd64 (1.3-2ubuntu3) ...
Selecting previously unselected package libinput-bin.
Preparing to unpack .../061-libinput-bin_1.15.5-1ubuntu0.3_amd64.deb ...
Unpacking libinput-bin (1.15.5-1ubuntu0.3) ...
Selecting previously unselected package libinput10:amd64.
Preparing to unpack .../062-libinput10_1.15.5-1ubuntu0.3_amd64.deb ...
Unpacking libinput10:amd64 (1.15.5-1ubuntu0.3) ...
Selecting previously unselected package libdbus-1-3:amd64.
Preparing to unpack .../063-libdbus-1-3_1.12.16-2ubuntu2.3_amd64.deb ...
Unpacking libdbus-1-3:amd64 (1.12.16-2ubuntu2.3) ...
Selecting previously unselected package libqt5dbus5:amd64.
Preparing to unpack .../064-libqt5dbus5_5.12.8+dfsg-0ubuntu2.1_amd64.deb ...
Unpacking libqt5dbus5:amd64 (5.12.8+dfsg-0ubuntu2.1) ...
Selecting previously unselected package libqt5network5:amd64.
Preparing to unpack .../065-libqt5network5_5.12.8+dfsg-0ubuntu2.1_amd64.deb ...
Unpacking libqt5network5:amd64 (5.12.8+dfsg-0ubuntu2.1) ...
Selecting previously unselected package libsm6:amd64.
Preparing to unpack .../066-libsm6_2%3a1.2.3-1_amd64.deb ...
Unpacking libsm6:amd64 (2:1.2.3-1) ...
Selecting previously unselected package libxcb-icccm4:amd64.
Preparing to unpack .../067-libxcb-icccm4_0.4.1-1.1_amd64.deb ...
Unpacking libxcb-icccm4:amd64 (0.4.1-1.1) ...
Selecting previously unselected package libxcb-util1:amd64.
Preparing to unpack .../068-libxcb-util1_0.4.0-0ubuntu3_amd64.deb ...
Unpacking libxcb-util1:amd64 (0.4.0-0ubuntu3) ...
Selecting previously unselected package libxcb-image0:amd64.
Preparing to unpack .../069-libxcb-image0_0.4.0-1build1_amd64.deb ...
Unpacking libxcb-image0:amd64 (0.4.0-1build1) ...
Selecting previously unselected package libxcb-keysyms1:amd64.
Preparing to unpack .../070-libxcb-keysyms1_0.4.0-1build1_amd64.deb ...
Unpacking libxcb-keysyms1:amd64 (0.4.0-1build1) ...
Selecting previously unselected package libxcb-randr0:amd64.
Preparing to unpack .../071-libxcb-randr0_1.14-2_amd64.deb ...
Unpacking libxcb-randr0:amd64 (1.14-2) ...
Selecting previously unselected package libxcb-render0:amd64.
Preparing to unpack .../072-libxcb-render0_1.14-2_amd64.deb ...
Unpacking libxcb-render0:amd64 (1.14-2) ...
Selecting previously unselected package libxcb-render-util0:amd64.
Preparing to unpack .../073-libxcb-render-util0_0.3.9-1build1_amd64.deb ...
Unpacking libxcb-render-util0:amd64 (0.3.9-1build1) ...
Selecting previously unselected package libxcb-shape0:amd64.
Preparing to unpack .../074-libxcb-shape0_1.14-2_amd64.deb ...
Unpacking libxcb-shape0:amd64 (1.14-2) ...
Selecting previously unselected package libxcb-xinerama0:amd64.
Preparing to unpack .../075-libxcb-xinerama0_1.14-2_amd64.deb ...
Unpacking libxcb-xinerama0:amd64 (1.14-2) ...
Selecting previously unselected package libxcb-xinput0:amd64.
Preparing to unpack .../076-libxcb-xinput0_1.14-2_amd64.deb ...
Unpacking libxcb-xinput0:amd64 (1.14-2) ...
Selecting previously unselected package libxcb-xkb1:amd64.
Preparing to unpack .../077-libxcb-xkb1_1.14-2_amd64.deb ...
Unpacking libxcb-xkb1:amd64 (1.14-2) ...
Selecting previously unselected package xkb-data.
Preparing to unpack .../078-xkb-data_2.29-2_all.deb ...
Unpacking xkb-data (2.29-2) ...
Selecting previously unselected package libxkbcommon0:amd64.
Preparing to unpack .../079-libxkbcommon0_0.10.0-1_amd64.deb ...
Unpacking libxkbcommon0:amd64 (0.10.0-1) ...
Selecting previously unselected package libxkbcommon-x11-0:amd64.
Preparing to unpack .../080-libxkbcommon-x11-0_0.10.0-1_amd64.deb ...
Unpacking libxkbcommon-x11-0:amd64 (0.10.0-1) ...
Selecting previously unselected package libxrender1:amd64.
Preparing to unpack .../081-libxrender1_1%3a0.9.10-1_amd64.deb ...
Unpacking libxrender1:amd64 (1:0.9.10-1) ...
Selecting previously unselected package libqt5gui5:amd64.
Preparing to unpack .../082-libqt5gui5_5.12.8+dfsg-0ubuntu2.1_amd64.deb ...
Unpacking libqt5gui5:amd64 (5.12.8+dfsg-0ubuntu2.1) ...
Selecting previously unselected package libqt5positioning5:amd64.
Preparing to unpack .../083-libqt5positioning5_5.12.8+dfsg-0ubuntu1_amd64.deb ...
Unpacking libqt5positioning5:amd64 (5.12.8+dfsg-0ubuntu1) ...
Selecting previously unselected package libavahi-common-data:amd64.
Preparing to unpack .../084-libavahi-common-data_0.7-4ubuntu7.3_amd64.deb ...
Unpacking libavahi-common-data:amd64 (0.7-4ubuntu7.3) ...
Selecting previously unselected package libavahi-common3:amd64.
Preparing to unpack .../085-libavahi-common3_0.7-4ubuntu7.3_amd64.deb ...
Unpacking libavahi-common3:amd64 (0.7-4ubuntu7.3) ...
Selecting previously unselected package libavahi-client3:amd64.
Preparing to unpack .../086-libavahi-client3_0.7-4ubuntu7.3_amd64.deb ...
Unpacking libavahi-client3:amd64 (0.7-4ubuntu7.3) ...
Selecting previously unselected package libcups2:amd64.
Preparing to unpack .../087-libcups2_2.3.1-9ubuntu1.9_amd64.deb ...
Unpacking libcups2:amd64 (2.3.1-9ubuntu1.9) ...
Selecting previously unselected package libqt5widgets5:amd64.
Preparing to unpack .../088-libqt5widgets5_5.12.8+dfsg-0ubuntu2.1_amd64.deb ...
Unpacking libqt5widgets5:amd64 (5.12.8+dfsg-0ubuntu2.1) ...
Selecting previously unselected package libqt5printsupport5:amd64.
Preparing to unpack .../089-libqt5printsupport5_5.12.8+dfsg-0ubuntu2.1_amd64.deb ...
Unpacking libqt5printsupport5:amd64 (5.12.8+dfsg-0ubuntu2.1) ...
Selecting previously unselected package libqt5qml5:amd64.
Preparing to unpack .../090-libqt5qml5_5.12.8-0ubuntu1_amd64.deb ...
Unpacking libqt5qml5:amd64 (5.12.8-0ubuntu1) ...
Selecting previously unselected package libqt5quick5:amd64.
Preparing to unpack .../091-libqt5quick5_5.12.8-0ubuntu1_amd64.deb ...
Unpacking libqt5quick5:amd64 (5.12.8-0ubuntu1) ...
Selecting previously unselected package libqt5sensors5:amd64.
Preparing to unpack .../092-libqt5sensors5_5.12.8-0ubuntu1_amd64.deb ...
Unpacking libqt5sensors5:amd64 (5.12.8-0ubuntu1) ...
Selecting previously unselected package libqt5webchannel5:amd64.
Preparing to unpack .../093-libqt5webchannel5_5.12.8-0ubuntu1_amd64.deb ...
Unpacking libqt5webchannel5:amd64 (5.12.8-0ubuntu1) ...
Selecting previously unselected package libwebp6:amd64.
Preparing to unpack .../094-libwebp6_0.6.1-2ubuntu0.20.04.3_amd64.deb ...
Unpacking libwebp6:amd64 (0.6.1-2ubuntu0.20.04.3) ...
Selecting previously unselected package libwoff1:amd64.
Preparing to unpack .../095-libwoff1_1.0.2-1build2_amd64.deb ...
Unpacking libwoff1:amd64 (1.0.2-1build2) ...
Selecting previously unselected package libxslt1.1:amd64.
Preparing to unpack .../096-libxslt1.1_1.1.34-4ubuntu0.20.04.3_amd64.deb ...
Unpacking libxslt1.1:amd64 (1.1.34-4ubuntu0.20.04.3) ...
Selecting previously unselected package libqt5webkit5:amd64.
Preparing to unpack .../097-libqt5webkit5_5.212.0~alpha4-1ubuntu2.1_amd64.deb ...
Unpacking libqt5webkit5:amd64 (5.212.0~alpha4-1ubuntu2.1) ...
Selecting previously unselected package xorg-sgml-doctools.
Preparing to unpack .../098-xorg-sgml-doctools_1%3a1.11-1_all.deb ...
Unpacking xorg-sgml-doctools (1:1.11-1) ...
Selecting previously unselected package x11proto-dev.
Preparing to unpack .../099-x11proto-dev_2019.2-1ubuntu1_all.deb ...
Unpacking x11proto-dev (2019.2-1ubuntu1) ...
Selecting previously unselected package x11proto-core-dev.
Preparing to unpack .../100-x11proto-core-dev_2019.2-1ubuntu1_all.deb ...
Unpacking x11proto-core-dev (2019.2-1ubuntu1) ...
Selecting previously unselected package libxau-dev:amd64.
Preparing to unpack .../101-libxau-dev_1%3a1.0.9-0ubuntu1_amd64.deb ...
Unpacking libxau-dev:amd64 (1:1.0.9-0ubuntu1) ...
Selecting previously unselected package libxdmcp-dev:amd64.
Preparing to unpack .../102-libxdmcp-dev_1%3a1.1.3-0ubuntu1_amd64.deb ...
Unpacking libxdmcp-dev:amd64 (1:1.1.3-0ubuntu1) ...
Selecting previously unselected package xtrans-dev.
Preparing to unpack .../103-xtrans-dev_1.4.0-1_all.deb ...
Unpacking xtrans-dev (1.4.0-1) ...
Selecting previously unselected package libpthread-stubs0-dev:amd64.
Preparing to unpack .../104-libpthread-stubs0-dev_0.4-1_amd64.deb ...
Unpacking libpthread-stubs0-dev:amd64 (0.4-1) ...
Selecting previously unselected package libxcb1-dev:amd64.
Preparing to unpack .../105-libxcb1-dev_1.14-2_amd64.deb ...
Unpacking libxcb1-dev:amd64 (1.14-2) ...
Selecting previously unselected package libx11-dev:amd64.
Preparing to unpack .../106-libx11-dev_2%3a1.6.9-2ubuntu1.6_amd64.deb ...
Unpacking libx11-dev:amd64 (2:1.6.9-2ubuntu1.6) ...
Selecting previously unselected package libglx-dev:amd64.
Preparing to unpack .../107-libglx-dev_1.3.2-1~ubuntu0.20.04.2_amd64.deb ...
Unpacking libglx-dev:amd64 (1.3.2-1~ubuntu0.20.04.2) ...
Selecting previously unselected package libgl-dev:amd64.
Preparing to unpack .../108-libgl-dev_1.3.2-1~ubuntu0.20.04.2_amd64.deb ...
Unpacking libgl-dev:amd64 (1.3.2-1~ubuntu0.20.04.2) ...
Selecting previously unselected package libegl-dev:amd64.
Preparing to unpack .../109-libegl-dev_1.3.2-1~ubuntu0.20.04.2_amd64.deb ...
Unpacking libegl-dev:amd64 (1.3.2-1~ubuntu0.20.04.2) ...
Selecting previously unselected package libglu1-mesa:amd64.
Preparing to unpack .../110-libglu1-mesa_9.0.1-1build1_amd64.deb ...
Unpacking libglu1-mesa:amd64 (9.0.1-1build1) ...
Selecting previously unselected package libgles1:amd64.
Preparing to unpack .../111-libgles1_1.3.2-1~ubuntu0.20.04.2_amd64.deb ...
Unpacking libgles1:amd64 (1.3.2-1~ubuntu0.20.04.2) ...
Selecting previously unselected package libgles2:amd64.
Preparing to unpack .../112-libgles2_1.3.2-1~ubuntu0.20.04.2_amd64.deb ...
Unpacking libgles2:amd64 (1.3.2-1~ubuntu0.20.04.2) ...
Selecting previously unselected package libgles-dev:amd64.
Preparing to unpack .../113-libgles-dev_1.3.2-1~ubuntu0.20.04.2_amd64.deb ...
Unpacking libgles-dev:amd64 (1.3.2-1~ubuntu0.20.04.2) ...
Selecting previously unselected package libopengl0:amd64.
Preparing to unpack .../114-libopengl0_1.3.2-1~ubuntu0.20.04.2_amd64.deb ...
Unpacking libopengl0:amd64 (1.3.2-1~ubuntu0.20.04.2) ...
Selecting previously unselected package libopengl-dev:amd64.
Preparing to unpack .../115-libopengl-dev_1.3.2-1~ubuntu0.20.04.2_amd64.deb ...
Unpacking libopengl-dev:amd64 (1.3.2-1~ubuntu0.20.04.2) ...
Selecting previously unselected package libglvnd-dev:amd64.
Preparing to unpack .../116-libglvnd-dev_1.3.2-1~ubuntu0.20.04.2_amd64.deb ...
Unpacking libglvnd-dev:amd64 (1.3.2-1~ubuntu0.20.04.2) ...
Selecting previously unselected package libgl1-mesa-dev:amd64.
Preparing to unpack .../117-libgl1-mesa-dev_21.2.6-0ubuntu0.1~20.04.2_amd64.deb ...
Unpacking libgl1-mesa-dev:amd64 (21.2.6-0ubuntu0.1~20.04.2) ...
Selecting previously unselected package libglu1-mesa-dev:amd64.
Preparing to unpack .../118-libglu1-mesa-dev_9.0.1-1build1_amd64.deb ...
Unpacking libglu1-mesa-dev:amd64 (9.0.1-1build1) ...
Selecting previously unselected package libqt5concurrent5:amd64.
Preparing to unpack .../119-libqt5concurrent5_5.12.8+dfsg-0ubuntu2.1_amd64.deb ...
Unpacking libqt5concurrent5:amd64 (5.12.8+dfsg-0ubuntu2.1) ...
Selecting previously unselected package libqt5sql5:amd64.
Preparing to unpack .../120-libqt5sql5_5.12.8+dfsg-0ubuntu2.1_amd64.deb ...
Unpacking libqt5sql5:amd64 (5.12.8+dfsg-0ubuntu2.1) ...
Selecting previously unselected package libqt5test5:amd64.
Preparing to unpack .../121-libqt5test5_5.12.8+dfsg-0ubuntu2.1_amd64.deb ...
Unpacking libqt5test5:amd64 (5.12.8+dfsg-0ubuntu2.1) ...
Selecting previously unselected package libqt5xml5:amd64.
Preparing to unpack .../122-libqt5xml5_5.12.8+dfsg-0ubuntu2.1_amd64.deb ...
Unpacking libqt5xml5:amd64 (5.12.8+dfsg-0ubuntu2.1) ...
Selecting previously unselected package libvulkan-dev:amd64.
Preparing to unpack .../123-libvulkan-dev_1.2.131.2-1_amd64.deb ...
Unpacking libvulkan-dev:amd64 (1.2.131.2-1) ...
Selecting previously unselected package x11proto-xext-dev.
Preparing to unpack .../124-x11proto-xext-dev_2019.2-1ubuntu1_all.deb ...
Unpacking x11proto-xext-dev (2019.2-1ubuntu1) ...
Selecting previously unselected package libxext-dev:amd64.
Preparing to unpack .../125-libxext-dev_2%3a1.3.4-0ubuntu1_amd64.deb ...
Unpacking libxext-dev:amd64 (2:1.3.4-0ubuntu1) ...
Selecting previously unselected package qt5-qmake-bin.
Preparing to unpack .../126-qt5-qmake-bin_5.12.8+dfsg-0ubuntu2.1_amd64.deb ...
Unpacking qt5-qmake-bin (5.12.8+dfsg-0ubuntu2.1) ...
Selecting previously unselected package qtchooser.
Preparing to unpack .../127-qtchooser_66-2build1_amd64.deb ...
Unpacking qtchooser (66-2build1) ...
Selecting previously unselected package qt5-qmake:amd64.
Preparing to unpack .../128-qt5-qmake_5.12.8+dfsg-0ubuntu2.1_amd64.deb ...
Unpacking qt5-qmake:amd64 (5.12.8+dfsg-0ubuntu2.1) ...
Selecting previously unselected package qtbase5-dev-tools.
Preparing to unpack .../129-qtbase5-dev-tools_5.12.8+dfsg-0ubuntu2.1_amd64.deb ...
Unpacking qtbase5-dev-tools (5.12.8+dfsg-0ubuntu2.1) ...
Selecting previously unselected package qtbase5-dev:amd64.
Preparing to unpack .../130-qtbase5-dev_5.12.8+dfsg-0ubuntu2.1_amd64.deb ...
Unpacking qtbase5-dev:amd64 (5.12.8+dfsg-0ubuntu2.1) ...
Selecting previously unselected package libqt5quickparticles5:amd64.
Preparing to unpack .../131-libqt5quickparticles5_5.12.8-0ubuntu1_amd64.deb ...
Unpacking libqt5quickparticles5:amd64 (5.12.8-0ubuntu1) ...
Selecting previously unselected package libqt5quickshapes5:amd64.
Preparing to unpack .../132-libqt5quickshapes5_5.12.8-0ubuntu1_amd64.deb ...
Unpacking libqt5quickshapes5:amd64 (5.12.8-0ubuntu1) ...
Selecting previously unselected package libqt5quicktest5:amd64.
Preparing to unpack .../133-libqt5quicktest5_5.12.8-0ubuntu1_amd64.deb ...
Unpacking libqt5quicktest5:amd64 (5.12.8-0ubuntu1) ...
Selecting previously unselected package libqt5quickwidgets5:amd64.
Preparing to unpack .../134-libqt5quickwidgets5_5.12.8-0ubuntu1_amd64.deb ...
Unpacking libqt5quickwidgets5:amd64 (5.12.8-0ubuntu1) ...
Selecting previously unselected package qt5-qmltooling-plugins:amd64.
Preparing to unpack .../135-qt5-qmltooling-plugins_5.12.8-0ubuntu1_amd64.deb ...
Unpacking qt5-qmltooling-plugins:amd64 (5.12.8-0ubuntu1) ...
Selecting previously unselected package qtdeclarative5-dev-tools.
Preparing to unpack .../136-qtdeclarative5-dev-tools_5.12.8-0ubuntu1_amd64.deb ...
Unpacking qtdeclarative5-dev-tools (5.12.8-0ubuntu1) ...
Selecting previously unselected package qtdeclarative5-dev:amd64.
Preparing to unpack .../137-qtdeclarative5-dev_5.12.8-0ubuntu1_amd64.deb ...
Unpacking qtdeclarative5-dev:amd64 (5.12.8-0ubuntu1) ...
Selecting previously unselected package libqt5webkit5-dev:amd64.
Preparing to unpack .../138-libqt5webkit5-dev_5.212.0~alpha4-1ubuntu2.1_amd64.deb ...
Unpacking libqt5webkit5-dev:amd64 (5.212.0~alpha4-1ubuntu2.1) ...
Selecting previously unselected package libfribidi0:amd64.
Preparing to unpack .../139-libfribidi0_1.0.8-2ubuntu0.1_amd64.deb ...
Unpacking libfribidi0:amd64 (1.0.8-2ubuntu0.1) ...
Selecting previously unselected package libjson-c4:amd64.
Preparing to unpack .../140-libjson-c4_0.13.1+dfsg-7ubuntu0.3_amd64.deb ...
Unpacking libjson-c4:amd64 (0.13.1+dfsg-7ubuntu0.3) ...
Selecting previously unselected package shared-mime-info.
Preparing to unpack .../141-shared-mime-info_1.15-1_amd64.deb ...
Unpacking shared-mime-info (1.15-1) ...
Selecting previously unselected package xz-utils.
Preparing to unpack .../142-xz-utils_5.2.4-1ubuntu1.1_amd64.deb ...
Unpacking xz-utils (5.2.4-1ubuntu1.1) ...
Selecting previously unselected package libpcap0.8:amd64.
Preparing to unpack .../143-libpcap0.8_1.9.1-3ubuntu1.20.04.1_amd64.deb ...
Unpacking libpcap0.8:amd64 (1.9.1-3ubuntu1.20.04.1) ...
Selecting previously unselected package libusb-1.0-0:amd64.
Preparing to unpack .../144-libusb-1.0-0_2%3a1.0.23-2build1_amd64.deb ...
Unpacking libusb-1.0-0:amd64 (2:1.0.23-2build1) ...
Selecting previously unselected package binutils-common:amd64.
Preparing to unpack .../145-binutils-common_2.34-6ubuntu1.11_amd64.deb ...
Unpacking binutils-common:amd64 (2.34-6ubuntu1.11) ...
Selecting previously unselected package libbinutils:amd64.
Preparing to unpack .../146-libbinutils_2.34-6ubuntu1.11_amd64.deb ...
Unpacking libbinutils:amd64 (2.34-6ubuntu1.11) ...
Selecting previously unselected package libctf-nobfd0:amd64.
Preparing to unpack .../147-libctf-nobfd0_2.34-6ubuntu1.11_amd64.deb ...
Unpacking libctf-nobfd0:amd64 (2.34-6ubuntu1.11) ...
Selecting previously unselected package libctf0:amd64.
Preparing to unpack .../148-libctf0_2.34-6ubuntu1.11_amd64.deb ...
Unpacking libctf0:amd64 (2.34-6ubuntu1.11) ...
Selecting previously unselected package binutils-x86-64-linux-gnu.
Preparing to unpack .../149-binutils-x86-64-linux-gnu_2.34-6ubuntu1.11_amd64.deb ...
Unpacking binutils-x86-64-linux-gnu (2.34-6ubuntu1.11) ...
Selecting previously unselected package binutils.
Preparing to unpack .../150-binutils_2.34-6ubuntu1.11_amd64.deb ...
Unpacking binutils (2.34-6ubuntu1.11) ...
Selecting previously unselected package gcc-9-base:amd64.
Preparing to unpack .../151-gcc-9-base_9.4.0-1ubuntu1~20.04.2_amd64.deb ...
Unpacking gcc-9-base:amd64 (9.4.0-1ubuntu1~20.04.2) ...
Selecting previously unselected package libisl22:amd64.
Preparing to unpack .../152-libisl22_0.22.1-1_amd64.deb ...
Unpacking libisl22:amd64 (0.22.1-1) ...
Selecting previously unselected package libmpfr6:amd64.
Preparing to unpack .../153-libmpfr6_4.0.2-1_amd64.deb ...
Unpacking libmpfr6:amd64 (4.0.2-1) ...
Selecting previously unselected package libmpc3:amd64.
Preparing to unpack .../154-libmpc3_1.1.0-1_amd64.deb ...
Unpacking libmpc3:amd64 (1.1.0-1) ...
Selecting previously unselected package cpp-9.
Preparing to unpack .../155-cpp-9_9.4.0-1ubuntu1~20.04.2_amd64.deb ...
Unpacking cpp-9 (9.4.0-1ubuntu1~20.04.2) ...
Selecting previously unselected package cpp.
Preparing to unpack .../156-cpp_4%3a9.3.0-1ubuntu2_amd64.deb ...
Unpacking cpp (4:9.3.0-1ubuntu2) ...
Selecting previously unselected package libcc1-0:amd64.
Preparing to unpack .../157-libcc1-0_10.5.0-1ubuntu1~20.04_amd64.deb ...
Unpacking libcc1-0:amd64 (10.5.0-1ubuntu1~20.04) ...
Selecting previously unselected package libasan5:amd64.
Preparing to unpack .../158-libasan5_9.4.0-1ubuntu1~20.04.2_amd64.deb ...
Unpacking libasan5:amd64 (9.4.0-1ubuntu1~20.04.2) ...
Selecting previously unselected package libgcc-9-dev:amd64.
Preparing to unpack .../159-libgcc-9-dev_9.4.0-1ubuntu1~20.04.2_amd64.deb ...
Unpacking libgcc-9-dev:amd64 (9.4.0-1ubuntu1~20.04.2) ...
Selecting previously unselected package gcc-9.
Preparing to unpack .../160-gcc-9_9.4.0-1ubuntu1~20.04.2_amd64.deb ...
Unpacking gcc-9 (9.4.0-1ubuntu1~20.04.2) ...
Selecting previously unselected package gcc.
Preparing to unpack .../161-gcc_4%3a9.3.0-1ubuntu2_amd64.deb ...
Unpacking gcc (4:9.3.0-1ubuntu2) ...
Selecting previously unselected package libstdc++-9-dev:amd64.
Preparing to unpack .../162-libstdc++-9-dev_9.4.0-1ubuntu1~20.04.2_amd64.deb ...
Unpacking libstdc++-9-dev:amd64 (9.4.0-1ubuntu1~20.04.2) ...
Selecting previously unselected package g++-9.
Preparing to unpack .../163-g++-9_9.4.0-1ubuntu1~20.04.2_amd64.deb ...
Unpacking g++-9 (9.4.0-1ubuntu1~20.04.2) ...
Selecting previously unselected package g++.
Preparing to unpack .../164-g++_4%3a9.3.0-1ubuntu2_amd64.deb ...
Unpacking g++ (4:9.3.0-1ubuntu2) ...
Selecting previously unselected package make.
Preparing to unpack .../165-make_4.2.1-1.2_amd64.deb ...
Unpacking make (4.2.1-1.2) ...
Selecting previously unselected package patch.
Preparing to unpack .../166-patch_2.7.6-6_amd64.deb ...
Unpacking patch (2.7.6-6) ...
Selecting previously unselected package dpkg-dev.
Preparing to unpack .../167-dpkg-dev_1.19.7ubuntu3.2_all.deb ...
Unpacking dpkg-dev (1.19.7ubuntu3.2) ...
Selecting previously unselected package build-essential.
Preparing to unpack .../168-build-essential_12.8ubuntu1.1_amd64.deb ...
Unpacking build-essential (12.8ubuntu1.1) ...
Selecting previously unselected package cython3.
Preparing to unpack .../169-cython3_0.29.14-0.1ubuntu3_amd64.deb ...
Unpacking cython3 (0.29.14-0.1ubuntu3) ...
Selecting previously unselected package gdal-data.
Preparing to unpack .../170-gdal-data_3.0.4+dfsg-1build3_all.deb ...
Unpacking gdal-data (3.0.4+dfsg-1build3) ...
Selecting previously unselected package libann0.
Preparing to unpack .../171-libann0_1.1.2+doc-7build1_amd64.deb ...
Unpacking libann0 (1.1.2+doc-7build1) ...
Selecting previously unselected package libcdt5:amd64.
Preparing to unpack .../172-libcdt5_2.42.2-3build2_amd64.deb ...
Unpacking libcdt5:amd64 (2.42.2-3build2) ...
Selecting previously unselected package libcgraph6:amd64.
Preparing to unpack .../173-libcgraph6_2.42.2-3build2_amd64.deb ...
Unpacking libcgraph6:amd64 (2.42.2-3build2) ...
Selecting previously unselected package libjbig0:amd64.
Preparing to unpack .../174-libjbig0_2.1-3.1ubuntu0.20.04.1_amd64.deb ...
Unpacking libjbig0:amd64 (2.1-3.1ubuntu0.20.04.1) ...
Selecting previously unselected package libtiff5:amd64.
Preparing to unpack .../175-libtiff5_4.1.0+git191117-2ubuntu0.20.04.14_amd64.deb ...
Unpacking libtiff5:amd64 (4.1.0+git191117-2ubuntu0.20.04.14) ...
Selecting previously unselected package libxpm4:amd64.
Preparing to unpack .../176-libxpm4_1%3a3.5.12-1ubuntu0.20.04.2_amd64.deb ...
Unpacking libxpm4:amd64 (1:3.5.12-1ubuntu0.20.04.2) ...
Selecting previously unselected package libgd3:amd64.
Preparing to unpack .../177-libgd3_2.2.5-5.2ubuntu2.4_amd64.deb ...
Unpacking libgd3:amd64 (2.2.5-5.2ubuntu2.4) ...
Selecting previously unselected package libgts-0.7-5:amd64.
Preparing to unpack .../178-libgts-0.7-5_0.7.6+darcs121130-4_amd64.deb ...
Unpacking libgts-0.7-5:amd64 (0.7.6+darcs121130-4) ...
Selecting previously unselected package libpixman-1-0:amd64.
Preparing to unpack .../179-libpixman-1-0_0.38.4-0ubuntu2.1_amd64.deb ...
Unpacking libpixman-1-0:amd64 (0.38.4-0ubuntu2.1) ...
Selecting previously unselected package libcairo2:amd64.
Preparing to unpack .../180-libcairo2_1.16.0-4ubuntu1_amd64.deb ...
Unpacking libcairo2:amd64 (1.16.0-4ubuntu1) ...
Selecting previously unselected package libthai-data.
Preparing to unpack .../181-libthai-data_0.1.28-3_all.deb ...
Unpacking libthai-data (0.1.28-3) ...
Selecting previously unselected package libdatrie1:amd64.
Preparing to unpack .../182-libdatrie1_0.2.12-3_amd64.deb ...
Unpacking libdatrie1:amd64 (0.2.12-3) ...
Selecting previously unselected package libthai0:amd64.
Preparing to unpack .../183-libthai0_0.1.28-3_amd64.deb ...
Unpacking libthai0:amd64 (0.1.28-3) ...
Selecting previously unselected package libpango-1.0-0:amd64.
Preparing to unpack .../184-libpango-1.0-0_1.44.7-2ubuntu4_amd64.deb ...
Unpacking libpango-1.0-0:amd64 (1.44.7-2ubuntu4) ...
Selecting previously unselected package libpangoft2-1.0-0:amd64.
Preparing to unpack .../185-libpangoft2-1.0-0_1.44.7-2ubuntu4_amd64.deb ...
Unpacking libpangoft2-1.0-0:amd64 (1.44.7-2ubuntu4) ...
Selecting previously unselected package libpangocairo-1.0-0:amd64.
Preparing to unpack .../186-libpangocairo-1.0-0_1.44.7-2ubuntu4_amd64.deb ...
Unpacking libpangocairo-1.0-0:amd64 (1.44.7-2ubuntu4) ...
Selecting previously unselected package libpathplan4:amd64.
Preparing to unpack .../187-libpathplan4_2.42.2-3build2_amd64.deb ...
Unpacking libpathplan4:amd64 (2.42.2-3build2) ...
Selecting previously unselected package libgvc6.
Preparing to unpack .../188-libgvc6_2.42.2-3build2_amd64.deb ...
Unpacking libgvc6 (2.42.2-3build2) ...
Selecting previously unselected package libgvpr2:amd64.
Preparing to unpack .../189-libgvpr2_2.42.2-3build2_amd64.deb ...
Unpacking libgvpr2:amd64 (2.42.2-3build2) ...
Selecting previously unselected package liblab-gamut1:amd64.
Preparing to unpack .../190-liblab-gamut1_2.42.2-3build2_amd64.deb ...
Unpacking liblab-gamut1:amd64 (2.42.2-3build2) ...
Selecting previously unselected package libxt6:amd64.
Preparing to unpack .../191-libxt6_1%3a1.1.5-1_amd64.deb ...
Unpacking libxt6:amd64 (1:1.1.5-1) ...
Selecting previously unselected package libxmu6:amd64.
Preparing to unpack .../192-libxmu6_2%3a1.1.3-0ubuntu1_amd64.deb ...
Unpacking libxmu6:amd64 (2:1.1.3-0ubuntu1) ...
Selecting previously unselected package libxaw7:amd64.
Preparing to unpack .../193-libxaw7_2%3a1.0.13-1_amd64.deb ...
Unpacking libxaw7:amd64 (2:1.0.13-1) ...
Selecting previously unselected package graphviz.
Preparing to unpack .../194-graphviz_2.42.2-3build2_amd64.deb ...
Unpacking graphviz (2.42.2-3build2) ...
Selecting previously unselected package hdf5-helpers.
Preparing to unpack .../195-hdf5-helpers_1.10.4+repack-11ubuntu1_amd64.deb ...
Unpacking hdf5-helpers (1.10.4+repack-11ubuntu1) ...
Selecting previously unselected package libaec0:amd64.
Preparing to unpack .../196-libaec0_1.0.4-1_amd64.deb ...
Unpacking libaec0:amd64 (1.0.4-1) ...
Selecting previously unselected package libaom0:amd64.
Preparing to unpack .../197-libaom0_1.0.0.errata1-3+deb11u1ubuntu0.1_amd64.deb ...
Unpacking libaom0:amd64 (1.0.0.errata1-3+deb11u1ubuntu0.1) ...
Selecting previously unselected package libarpack2:amd64.
Preparing to unpack .../198-libarpack2_3.7.0-3_amd64.deb ...
Unpacking libarpack2:amd64 (3.7.0-3) ...
Selecting previously unselected package libsuperlu5:amd64.
Preparing to unpack .../199-libsuperlu5_5.2.1+dfsg1-4_amd64.deb ...
Unpacking libsuperlu5:amd64 (5.2.1+dfsg1-4) ...
Selecting previously unselected package libarmadillo9.
Preparing to unpack .../200-libarmadillo9_1%3a9.800.4+dfsg-1build1_amd64.deb ...
Unpacking libarmadillo9 (1:9.800.4+dfsg-1build1) ...
Selecting previously unselected package libblas-dev:amd64.
Preparing to unpack .../201-libblas-dev_3.9.0-1build1_amd64.deb ...
Unpacking libblas-dev:amd64 (3.9.0-1build1) ...
Selecting previously unselected package liblapack-dev:amd64.
Preparing to unpack .../202-liblapack-dev_3.9.0-1build1_amd64.deb ...
Unpacking liblapack-dev:amd64 (3.9.0-1build1) ...
Selecting previously unselected package libarpack2-dev:amd64.
Preparing to unpack .../203-libarpack2-dev_3.7.0-3_amd64.deb ...
Unpacking libarpack2-dev:amd64 (3.7.0-3) ...
Selecting previously unselected package libsz2:amd64.
Preparing to unpack .../204-libsz2_1.0.4-1_amd64.deb ...
Unpacking libsz2:amd64 (1.0.4-1) ...
Selecting previously unselected package libhdf5-103:amd64.
Preparing to unpack .../205-libhdf5-103_1.10.4+repack-11ubuntu1_amd64.deb ...
Unpacking libhdf5-103:amd64 (1.10.4+repack-11ubuntu1) ...
Selecting previously unselected package libjpeg-turbo8-dev:amd64.
Preparing to unpack .../206-libjpeg-turbo8-dev_2.0.3-0ubuntu1.20.04.3_amd64.deb ...
Unpacking libjpeg-turbo8-dev:amd64 (2.0.3-0ubuntu1.20.04.3) ...
Selecting previously unselected package libjpeg8-dev:amd64.
Preparing to unpack .../207-libjpeg8-dev_8c-2ubuntu8_amd64.deb ...
Unpacking libjpeg8-dev:amd64 (8c-2ubuntu8) ...
Selecting previously unselected package libjpeg-dev:amd64.
Preparing to unpack .../208-libjpeg-dev_8c-2ubuntu8_amd64.deb ...
Unpacking libjpeg-dev:amd64 (8c-2ubuntu8) ...
Selecting previously unselected package libaec-dev:amd64.
Preparing to unpack .../209-libaec-dev_1.0.4-1_amd64.deb ...
Unpacking libaec-dev:amd64 (1.0.4-1) ...
Selecting previously unselected package libhdf5-cpp-103:amd64.
Preparing to unpack .../210-libhdf5-cpp-103_1.10.4+repack-11ubuntu1_amd64.deb ...
Unpacking libhdf5-cpp-103:amd64 (1.10.4+repack-11ubuntu1) ...
Selecting previously unselected package libhdf5-dev.
Preparing to unpack .../211-libhdf5-dev_1.10.4+repack-11ubuntu1_amd64.deb ...
Unpacking libhdf5-dev (1.10.4+repack-11ubuntu1) ...
Selecting previously unselected package libsuperlu-dev:amd64.
Preparing to unpack .../212-libsuperlu-dev_5.2.1+dfsg1-4_amd64.deb ...
Unpacking libsuperlu-dev:amd64 (5.2.1+dfsg1-4) ...
Selecting previously unselected package libarmadillo-dev.
Preparing to unpack .../213-libarmadillo-dev_1%3a9.800.4+dfsg-1build1_amd64.deb ...
Unpacking libarmadillo-dev (1:9.800.4+dfsg-1build1) ...
Selecting previously unselected package libva2:amd64.
Preparing to unpack .../214-libva2_2.7.0-2_amd64.deb ...
Unpacking libva2:amd64 (2.7.0-2) ...
Selecting previously unselected package libva-drm2:amd64.
Preparing to unpack .../215-libva-drm2_2.7.0-2_amd64.deb ...
Unpacking libva-drm2:amd64 (2.7.0-2) ...
Selecting previously unselected package libva-x11-2:amd64.
Preparing to unpack .../216-libva-x11-2_2.7.0-2_amd64.deb ...
Unpacking libva-x11-2:amd64 (2.7.0-2) ...
Selecting previously unselected package libvdpau1:amd64.
Preparing to unpack .../217-libvdpau1_1.3-1ubuntu2_amd64.deb ...
Unpacking libvdpau1:amd64 (1.3-1ubuntu2) ...
Selecting previously unselected package libavutil56:amd64.
Preparing to unpack .../218-libavutil56_7%3a4.2.7-0ubuntu0.1_amd64.deb ...
Unpacking libavutil56:amd64 (7:4.2.7-0ubuntu0.1) ...
Selecting previously unselected package libcodec2-0.9:amd64.
Preparing to unpack .../219-libcodec2-0.9_0.9.2-2_amd64.deb ...
Unpacking libcodec2-0.9:amd64 (0.9.2-2) ...
Selecting previously unselected package libgsm1:amd64.
Preparing to unpack .../220-libgsm1_1.0.18-2_amd64.deb ...
Unpacking libgsm1:amd64 (1.0.18-2) ...
Selecting previously unselected package libmp3lame0:amd64.
Preparing to unpack .../221-libmp3lame0_3.100-3_amd64.deb ...
Unpacking libmp3lame0:amd64 (3.100-3) ...
Selecting previously unselected package libopenjp2-7:amd64.
Preparing to unpack .../222-libopenjp2-7_2.3.1-1ubuntu4.20.04.4_amd64.deb ...
Unpacking libopenjp2-7:amd64 (2.3.1-1ubuntu4.20.04.4) ...
Selecting previously unselected package libopus0:amd64.
Preparing to unpack .../223-libopus0_1.3.1-0ubuntu1_amd64.deb ...
Unpacking libopus0:amd64 (1.3.1-0ubuntu1) ...
Selecting previously unselected package libcairo-gobject2:amd64.
Preparing to unpack .../224-libcairo-gobject2_1.16.0-4ubuntu1_amd64.deb ...
Unpacking libcairo-gobject2:amd64 (1.16.0-4ubuntu1) ...
Selecting previously unselected package libgdk-pixbuf2.0-common.
Preparing to unpack .../225-libgdk-pixbuf2.0-common_2.40.0+dfsg-3ubuntu0.5_all.deb ...
Unpacking libgdk-pixbuf2.0-common (2.40.0+dfsg-3ubuntu0.5) ...
Selecting previously unselected package libgdk-pixbuf2.0-0:amd64.
Preparing to unpack .../226-libgdk-pixbuf2.0-0_2.40.0+dfsg-3ubuntu0.5_amd64.deb ...
Unpacking libgdk-pixbuf2.0-0:amd64 (2.40.0+dfsg-3ubuntu0.5) ...
Selecting previously unselected package librsvg2-2:amd64.
Preparing to unpack .../227-librsvg2-2_2.48.9-1ubuntu0.20.04.4_amd64.deb ...
Unpacking librsvg2-2:amd64 (2.48.9-1ubuntu0.20.04.4) ...
Selecting previously unselected package libshine3:amd64.
Preparing to unpack .../228-libshine3_3.1.1-2_amd64.deb ...
Unpacking libshine3:amd64 (3.1.1-2) ...
Selecting previously unselected package libsnappy1v5:amd64.
Preparing to unpack .../229-libsnappy1v5_1.1.8-1build1_amd64.deb ...
Unpacking libsnappy1v5:amd64 (1.1.8-1build1) ...
Selecting previously unselected package libspeex1:amd64.
Preparing to unpack .../230-libspeex1_1.2~rc1.2-1.1ubuntu1.20.04.1_amd64.deb ...
Unpacking libspeex1:amd64 (1.2~rc1.2-1.1ubuntu1.20.04.1) ...
Selecting previously unselected package libsoxr0:amd64.
Preparing to unpack .../231-libsoxr0_0.1.3-2build1_amd64.deb ...
Unpacking libsoxr0:amd64 (0.1.3-2build1) ...
Selecting previously unselected package libswresample3:amd64.
Preparing to unpack .../232-libswresample3_7%3a4.2.7-0ubuntu0.1_amd64.deb ...
Unpacking libswresample3:amd64 (7:4.2.7-0ubuntu0.1) ...
Selecting previously unselected package libogg0:amd64.
Preparing to unpack .../233-libogg0_1.3.4-0ubuntu1_amd64.deb ...
Unpacking libogg0:amd64 (1.3.4-0ubuntu1) ...
Selecting previously unselected package libtheora0:amd64.
Preparing to unpack .../234-libtheora0_1.1.1+dfsg.1-15ubuntu2_amd64.deb ...
Unpacking libtheora0:amd64 (1.1.1+dfsg.1-15ubuntu2) ...
Selecting previously unselected package libtwolame0:amd64.
Preparing to unpack .../235-libtwolame0_0.4.0-2_amd64.deb ...
Unpacking libtwolame0:amd64 (0.4.0-2) ...
Selecting previously unselected package libvorbis0a:amd64.
Preparing to unpack .../236-libvorbis0a_1.3.6-2ubuntu1_amd64.deb ...
Unpacking libvorbis0a:amd64 (1.3.6-2ubuntu1) ...
Selecting previously unselected package libvorbisenc2:amd64.
Preparing to unpack .../237-libvorbisenc2_1.3.6-2ubuntu1_amd64.deb ...
Unpacking libvorbisenc2:amd64 (1.3.6-2ubuntu1) ...
Selecting previously unselected package libvpx6:amd64.
Preparing to unpack .../238-libvpx6_1.8.2-1ubuntu0.4_amd64.deb ...
Unpacking libvpx6:amd64 (1.8.2-1ubuntu0.4) ...
Selecting previously unselected package libwavpack1:amd64.
Preparing to unpack .../239-libwavpack1_5.2.0-1ubuntu0.1_amd64.deb ...
Unpacking libwavpack1:amd64 (5.2.0-1ubuntu0.1) ...
Selecting previously unselected package libwebpmux3:amd64.
Preparing to unpack .../240-libwebpmux3_0.6.1-2ubuntu0.20.04.3_amd64.deb ...
Unpacking libwebpmux3:amd64 (0.6.1-2ubuntu0.20.04.3) ...
Selecting previously unselected package libx264-155:amd64.
Preparing to unpack .../241-libx264-155_2%3a0.155.2917+git0a84d98-2_amd64.deb ...
Unpacking libx264-155:amd64 (2:0.155.2917+git0a84d98-2) ...
Selecting previously unselected package libx265-179:amd64.
Preparing to unpack .../242-libx265-179_3.2.1-1build1_amd64.deb ...
Unpacking libx265-179:amd64 (3.2.1-1build1) ...
Selecting previously unselected package libxvidcore4:amd64.
Preparing to unpack .../243-libxvidcore4_2%3a1.3.7-1_amd64.deb ...
Unpacking libxvidcore4:amd64 (2:1.3.7-1) ...
Selecting previously unselected package libzvbi-common.
Preparing to unpack .../244-libzvbi-common_0.2.35-17_all.deb ...
Unpacking libzvbi-common (0.2.35-17) ...
Selecting previously unselected package libzvbi0:amd64.
Preparing to unpack .../245-libzvbi0_0.2.35-17_amd64.deb ...
Unpacking libzvbi0:amd64 (0.2.35-17) ...
Selecting previously unselected package libavcodec58:amd64.
Preparing to unpack .../246-libavcodec58_7%3a4.2.7-0ubuntu0.1_amd64.deb ...
Unpacking libavcodec58:amd64 (7:4.2.7-0ubuntu0.1) ...
Selecting previously unselected package libavutil-dev:amd64.
Preparing to unpack .../247-libavutil-dev_7%3a4.2.7-0ubuntu0.1_amd64.deb ...
Unpacking libavutil-dev:amd64 (7:4.2.7-0ubuntu0.1) ...
Selecting previously unselected package libswresample-dev:amd64.
Preparing to unpack .../248-libswresample-dev_7%3a4.2.7-0ubuntu0.1_amd64.deb ...
Unpacking libswresample-dev:amd64 (7:4.2.7-0ubuntu0.1) ...
Selecting previously unselected package libavcodec-dev:amd64.
Preparing to unpack .../249-libavcodec-dev_7%3a4.2.7-0ubuntu0.1_amd64.deb ...
Unpacking libavcodec-dev:amd64 (7:4.2.7-0ubuntu0.1) ...
Selecting previously unselected package libbluray2:amd64.
Preparing to unpack .../250-libbluray2_1%3a1.2.0-1_amd64.deb ...
Unpacking libbluray2:amd64 (1:1.2.0-1) ...
Selecting previously unselected package libchromaprint1:amd64.
Preparing to unpack .../251-libchromaprint1_1.4.3-3build1_amd64.deb ...
Unpacking libchromaprint1:amd64 (1.4.3-3build1) ...
Selecting previously unselected package libgme0:amd64.
Preparing to unpack .../252-libgme0_0.6.2-1build1_amd64.deb ...
Unpacking libgme0:amd64 (0.6.2-1build1) ...
Selecting previously unselected package libmpg123-0:amd64.
Preparing to unpack .../253-libmpg123-0_1.25.13-1ubuntu0.2_amd64.deb ...
Unpacking libmpg123-0:amd64 (1.25.13-1ubuntu0.2) ...
Selecting previously unselected package libvorbisfile3:amd64.
Preparing to unpack .../254-libvorbisfile3_1.3.6-2ubuntu1_amd64.deb ...
Unpacking libvorbisfile3:amd64 (1.3.6-2ubuntu1) ...
Selecting previously unselected package libopenmpt0:amd64.
Preparing to unpack .../255-libopenmpt0_0.4.11-1build1_amd64.deb ...
Unpacking libopenmpt0:amd64 (0.4.11-1build1) ...
Selecting previously unselected package libssh-gcrypt-4:amd64.
Preparing to unpack .../256-libssh-gcrypt-4_0.9.3-2ubuntu2.5_amd64.deb ...
Unpacking libssh-gcrypt-4:amd64 (0.9.3-2ubuntu2.5) ...
Selecting previously unselected package libavformat58:amd64.
Preparing to unpack .../257-libavformat58_7%3a4.2.7-0ubuntu0.1_amd64.deb ...
Unpacking libavformat58:amd64 (7:4.2.7-0ubuntu0.1) ...
Selecting previously unselected package libavformat-dev:amd64.
Preparing to unpack .../258-libavformat-dev_7%3a4.2.7-0ubuntu0.1_amd64.deb ...
Unpacking libavformat-dev:amd64 (7:4.2.7-0ubuntu0.1) ...
Selecting previously unselected package libcurl3-gnutls:amd64.
Preparing to unpack .../259-libcurl3-gnutls_7.68.0-1ubuntu2.25_amd64.deb ...
Unpacking libcurl3-gnutls:amd64 (7.68.0-1ubuntu2.25) ...
Selecting previously unselected package libcfitsio8:amd64.
Preparing to unpack .../260-libcfitsio8_3.470-3_amd64.deb ...
Unpacking libcfitsio8:amd64 (3.470-3) ...
Selecting previously unselected package libcfitsio-dev:amd64.
Preparing to unpack .../261-libcfitsio-dev_3.470-3_amd64.deb ...
Unpacking libcfitsio-dev:amd64 (3.470-3) ...
Selecting previously unselected package libcharls2:amd64.
Preparing to unpack .../262-libcharls2_2.0.0+dfsg-1build1_amd64.deb ...
Unpacking libcharls2:amd64 (2.0.0+dfsg-1build1) ...
Selecting previously unselected package libcharls-dev:amd64.
Preparing to unpack .../263-libcharls-dev_2.0.0+dfsg-1build1_amd64.deb ...
Unpacking libcharls-dev:amd64 (2.0.0+dfsg-1build1) ...
Selecting previously unselected package libllvm10:amd64.
Preparing to unpack .../264-libllvm10_1%3a10.0.0-4ubuntu1_amd64.deb ...
Unpacking libllvm10:amd64 (1:10.0.0-4ubuntu1) ...
Selecting previously unselected package libclang1-10.
Preparing to unpack .../265-libclang1-10_1%3a10.0.0-4ubuntu1_amd64.deb ...
Unpacking libclang1-10 (1:10.0.0-4ubuntu1) ...
Selecting previously unselected package libcurl4-gnutls-dev:amd64.
Preparing to unpack .../266-libcurl4-gnutls-dev_7.68.0-1ubuntu2.25_amd64.deb ...
Unpacking libcurl4-gnutls-dev:amd64 (7.68.0-1ubuntu2.25) ...
Selecting previously unselected package libdap25:amd64.
Preparing to unpack .../267-libdap25_3.20.5-1_amd64.deb ...
Unpacking libdap25:amd64 (3.20.5-1) ...
Selecting previously unselected package libdapserver7v5:amd64.
Preparing to unpack .../268-libdapserver7v5_3.20.5-1_amd64.deb ...
Unpacking libdapserver7v5:amd64 (3.20.5-1) ...
Selecting previously unselected package libdapclient6v5:amd64.
Preparing to unpack .../269-libdapclient6v5_3.20.5-1_amd64.deb ...
Unpacking libdapclient6v5:amd64 (3.20.5-1) ...
Selecting previously unselected package libxml2-dev:amd64.
Preparing to unpack .../270-libxml2-dev_2.9.10+dfsg-5ubuntu0.20.04.10_amd64.deb ...
Unpacking libxml2-dev:amd64 (2.9.10+dfsg-5ubuntu0.20.04.10) ...
Selecting previously unselected package libdap-dev:amd64.
Preparing to unpack .../271-libdap-dev_3.20.5-1_amd64.deb ...
Unpacking libdap-dev:amd64 (3.20.5-1) ...
Selecting previously unselected package libepsilon1:amd64.
Preparing to unpack .../272-libepsilon1_0.9.2+dfsg-4_amd64.deb ...
Unpacking libepsilon1:amd64 (0.9.2+dfsg-4) ...
Selecting previously unselected package libflann1.9:amd64.
Preparing to unpack .../273-libflann1.9_1.9.1+dfsg-9build1_amd64.deb ...
Unpacking libflann1.9:amd64 (1.9.1+dfsg-9build1) ...
Selecting previously unselected package libhdf5-openmpi-103:amd64.
Preparing to unpack .../274-libhdf5-openmpi-103_1.10.4+repack-11ubuntu1_amd64.deb ...
Unpacking libhdf5-openmpi-103:amd64 (1.10.4+repack-11ubuntu1) ...
Selecting previously unselected package libhdf5-openmpi-dev.
Preparing to unpack .../275-libhdf5-openmpi-dev_1.10.4+repack-11ubuntu1_amd64.deb ...
Unpacking libhdf5-openmpi-dev (1.10.4+repack-11ubuntu1) ...
Selecting previously unselected package libhdf5-mpi-dev.
Preparing to unpack .../276-libhdf5-mpi-dev_1.10.4+repack-11ubuntu1_amd64.deb ...
Unpacking libhdf5-mpi-dev (1.10.4+repack-11ubuntu1) ...
Selecting previously unselected package libflann-dev:amd64.
Preparing to unpack .../277-libflann-dev_1.9.1+dfsg-9build1_amd64.deb ...
Unpacking libflann-dev:amd64 (1.9.1+dfsg-9build1) ...
Selecting previously unselected package libpng-dev:amd64.
Preparing to unpack .../278-libpng-dev_1.6.37-2_amd64.deb ...
Unpacking libpng-dev:amd64 (1.6.37-2) ...
Selecting previously unselected package libfreetype-dev:amd64.
Preparing to unpack .../279-libfreetype-dev_2.10.1-2ubuntu0.4_amd64.deb ...
Unpacking libfreetype-dev:amd64 (2.10.1-2ubuntu0.4) ...
Selecting previously unselected package libfreetype6-dev:amd64.
Preparing to unpack .../280-libfreetype6-dev_2.10.1-2ubuntu0.4_amd64.deb ...
Unpacking libfreetype6-dev:amd64 (2.10.1-2ubuntu0.4) ...
Selecting previously unselected package libfontconfig1-dev:amd64.
Preparing to unpack .../281-libfontconfig1-dev_2.13.1-2ubuntu3_amd64.deb ...
Unpacking libfontconfig1-dev:amd64 (2.13.1-2ubuntu3) ...
Selecting previously unselected package libfyba0:amd64.
Preparing to unpack .../282-libfyba0_4.1.1-6build1_amd64.deb ...
Unpacking libfyba0:amd64 (4.1.1-6build1) ...
Selecting previously unselected package libfyba-dev:amd64.
Preparing to unpack .../283-libfyba-dev_4.1.1-6build1_amd64.deb ...
Unpacking libfyba-dev:amd64 (4.1.1-6build1) ...
Selecting previously unselected package libfreexl1:amd64.
Preparing to unpack .../284-libfreexl1_1.0.5-3_amd64.deb ...
Unpacking libfreexl1:amd64 (1.0.5-3) ...
Selecting previously unselected package libgeos-3.8.0:amd64.
Preparing to unpack .../285-libgeos-3.8.0_3.8.0-1build1_amd64.deb ...
Unpacking libgeos-3.8.0:amd64 (3.8.0-1build1) ...
Selecting previously unselected package libgeos-c1v5:amd64.
Preparing to unpack .../286-libgeos-c1v5_3.8.0-1build1_amd64.deb ...
Unpacking libgeos-c1v5:amd64 (3.8.0-1build1) ...
Selecting previously unselected package proj-data.
Preparing to unpack .../287-proj-data_6.3.1-1_all.deb ...
Unpacking proj-data (6.3.1-1) ...
Selecting previously unselected package libproj15:amd64.
Preparing to unpack .../288-libproj15_6.3.1-1_amd64.deb ...
Unpacking libproj15:amd64 (6.3.1-1) ...
Selecting previously unselected package libgeotiff5:amd64.
Preparing to unpack .../289-libgeotiff5_1.5.1-2_amd64.deb ...
Unpacking libgeotiff5:amd64 (1.5.1-2) ...
Selecting previously unselected package libgif7:amd64.
Preparing to unpack .../290-libgif7_5.1.9-1ubuntu0.1_amd64.deb ...
Unpacking libgif7:amd64 (5.1.9-1ubuntu0.1) ...
Selecting previously unselected package libhdf4-0-alt.
Preparing to unpack .../291-libhdf4-0-alt_4.2.14-1ubuntu1_amd64.deb ...
Unpacking libhdf4-0-alt (4.2.14-1ubuntu1) ...
Selecting previously unselected package libminizip1:amd64.
Preparing to unpack .../292-libminizip1_1.1-8build1_amd64.deb ...
Unpacking libminizip1:amd64 (1.1-8build1) ...
Selecting previously unselected package liburiparser1:amd64.
Preparing to unpack .../293-liburiparser1_0.9.3-2_amd64.deb ...
Unpacking liburiparser1:amd64 (0.9.3-2) ...
Selecting previously unselected package libkmlbase1:amd64.
Preparing to unpack .../294-libkmlbase1_1.3.0-8build1_amd64.deb ...
Unpacking libkmlbase1:amd64 (1.3.0-8build1) ...
Selecting previously unselected package libkmldom1:amd64.
Preparing to unpack .../295-libkmldom1_1.3.0-8build1_amd64.deb ...
Unpacking libkmldom1:amd64 (1.3.0-8build1) ...
Selecting previously unselected package libkmlengine1:amd64.
Preparing to unpack .../296-libkmlengine1_1.3.0-8build1_amd64.deb ...
Unpacking libkmlengine1:amd64 (1.3.0-8build1) ...
Selecting previously unselected package libnetcdf15:amd64.
Preparing to unpack .../297-libnetcdf15_1%3a4.7.3-1_amd64.deb ...
Unpacking libnetcdf15:amd64 (1:4.7.3-1) ...
Selecting previously unselected package libogdi4.1.
Preparing to unpack .../298-libogdi4.1_4.1.0+ds-1build1_amd64.deb ...
Unpacking libogdi4.1 (4.1.0+ds-1build1) ...
Selecting previously unselected package liblcms2-2:amd64.
Preparing to unpack .../299-liblcms2-2_2.9-4_amd64.deb ...
Unpacking liblcms2-2:amd64 (2.9-4) ...
Selecting previously unselected package libnspr4:amd64.
Preparing to unpack .../300-libnspr4_2%3a4.35-0ubuntu0.20.04.1_amd64.deb ...
Unpacking libnspr4:amd64 (2:4.35-0ubuntu0.20.04.1) ...
Selecting previously unselected package libnss3:amd64.
Preparing to unpack .../301-libnss3_2%3a3.98-0ubuntu0.20.04.2_amd64.deb ...
Unpacking libnss3:amd64 (2:3.98-0ubuntu0.20.04.2) ...
Selecting previously unselected package libpoppler97:amd64.
Preparing to unpack .../302-libpoppler97_0.86.1-0ubuntu1.7_amd64.deb ...
Unpacking libpoppler97:amd64 (0.86.1-0ubuntu1.7) ...
Selecting previously unselected package libpq5:amd64.
Preparing to unpack .../303-libpq5_12.22-0ubuntu0.20.04.4_amd64.deb ...
Unpacking libpq5:amd64 (12.22-0ubuntu0.20.04.4) ...
Selecting previously unselected package libqhull7:amd64.
Preparing to unpack .../304-libqhull7_2015.2-4_amd64.deb ...
Unpacking libqhull7:amd64 (2015.2-4) ...
Selecting previously unselected package libspatialite7:amd64.
Preparing to unpack .../305-libspatialite7_4.3.0a-6build1_amd64.deb ...
Unpacking libspatialite7:amd64 (4.3.0a-6build1) ...
Selecting previously unselected package libxerces-c3.2:amd64.
Preparing to unpack .../306-libxerces-c3.2_3.2.2+debian-1ubuntu0.2_amd64.deb ...
Unpacking libxerces-c3.2:amd64 (3.2.2+debian-1ubuntu0.2) ...
Selecting previously unselected package odbcinst.
Preparing to unpack .../307-odbcinst_2.3.6-0.1ubuntu0.1_amd64.deb ...
Unpacking odbcinst (2.3.6-0.1ubuntu0.1) ...
Selecting previously unselected package odbcinst1debian2:amd64.
Preparing to unpack .../308-odbcinst1debian2_2.3.6-0.1ubuntu0.1_amd64.deb ...
Unpacking odbcinst1debian2:amd64 (2.3.6-0.1ubuntu0.1) ...
Selecting previously unselected package libgdal26.
Preparing to unpack .../309-libgdal26_3.0.4+dfsg-1build3_amd64.deb ...
Unpacking libgdal26 (3.0.4+dfsg-1build3) ...
Selecting previously unselected package libgeos-dev.
Preparing to unpack .../310-libgeos-dev_3.8.0-1build1_amd64.deb ...
Unpacking libgeos-dev (3.8.0-1build1) ...
Selecting previously unselected package libgflags2.2.
Preparing to unpack .../311-libgflags2.2_2.2.2-1build1_amd64.deb ...
Unpacking libgflags2.2 (2.2.2-1build1) ...
Selecting previously unselected package libgflags-dev.
Preparing to unpack .../312-libgflags-dev_2.2.2-1build1_amd64.deb ...
Unpacking libgflags-dev (2.2.2-1build1) ...
Selecting previously unselected package libgif-dev.
Preparing to unpack .../313-libgif-dev_5.1.9-1ubuntu0.1_amd64.deb ...
Unpacking libgif-dev (5.1.9-1ubuntu0.1) ...
Selecting previously unselected package libgl2ps1.4.
Preparing to unpack .../314-libgl2ps1.4_1.4.0+dfsg1-2_amd64.deb ...
Unpacking libgl2ps1.4 (1.4.0+dfsg1-2) ...
Selecting previously unselected package libgl2ps-dev.
Preparing to unpack .../315-libgl2ps-dev_1.4.0+dfsg1-2_amd64.deb ...
Unpacking libgl2ps-dev (1.4.0+dfsg1-2) ...
Selecting previously unselected package libglew2.1:amd64.
Preparing to unpack .../316-libglew2.1_2.1.0-4_amd64.deb ...
Unpacking libglew2.1:amd64 (2.1.0-4) ...
Selecting previously unselected package libglew-dev:amd64.
Preparing to unpack .../317-libglew-dev_2.1.0-4_amd64.deb ...
Unpacking libglew-dev:amd64 (2.1.0-4) ...
Selecting previously unselected package libunwind8:amd64.
Preparing to unpack .../318-libunwind8_1.2.1-9ubuntu0.1_amd64.deb ...
Unpacking libunwind8:amd64 (1.2.1-9ubuntu0.1) ...
Selecting previously unselected package libgoogle-glog0v5.
Preparing to unpack .../319-libgoogle-glog0v5_0.4.0-1build1_amd64.deb ...
Unpacking libgoogle-glog0v5 (0.4.0-1build1) ...
Selecting previously unselected package libgoogle-glog-dev.
Preparing to unpack .../320-libgoogle-glog-dev_0.4.0-1build1_amd64.deb ...
Unpacking libgoogle-glog-dev (0.4.0-1build1) ...
Selecting previously unselected package libice-dev:amd64.
Preparing to unpack .../321-libice-dev_2%3a1.0.10-0ubuntu1_amd64.deb ...
Unpacking libice-dev:amd64 (2:1.0.10-0ubuntu1) ...
Selecting previously unselected package libkmlconvenience1:amd64.
Preparing to unpack .../322-libkmlconvenience1_1.3.0-8build1_amd64.deb ...
Unpacking libkmlconvenience1:amd64 (1.3.0-8build1) ...
Selecting previously unselected package libkmlregionator1:amd64.
Preparing to unpack .../323-libkmlregionator1_1.3.0-8build1_amd64.deb ...
Unpacking libkmlregionator1:amd64 (1.3.0-8build1) ...
Selecting previously unselected package libkmlxsd1:amd64.
Preparing to unpack .../324-libkmlxsd1_1.3.0-8build1_amd64.deb ...
Unpacking libkmlxsd1:amd64 (1.3.0-8build1) ...
Selecting previously unselected package libminizip-dev:amd64.
Preparing to unpack .../325-libminizip-dev_1.1-8build1_amd64.deb ...
Unpacking libminizip-dev:amd64 (1.1-8build1) ...
Selecting previously unselected package libnetcdf-c++4.
Preparing to unpack .../326-libnetcdf-c++4_4.2-11build2_amd64.deb ...
Unpacking libnetcdf-c++4 (4.2-11build2) ...
Selecting previously unselected package libnetcdf-dev.
Preparing to unpack .../327-libnetcdf-dev_1%3a4.7.3-1_amd64.deb ...
Unpacking libnetcdf-dev (1:4.7.3-1) ...
Selecting previously unselected package libnetcdf-cxx-legacy-dev.
Preparing to unpack .../328-libnetcdf-cxx-legacy-dev_4.2-11build2_amd64.deb ...
Unpacking libnetcdf-cxx-legacy-dev (4.2-11build2) ...
Selecting previously unselected package libogdi-dev.
Preparing to unpack .../329-libogdi-dev_4.1.0+ds-1build1_amd64.deb ...
Unpacking libogdi-dev (4.1.0+ds-1build1) ...
Selecting previously unselected package libogg-dev:amd64.
Preparing to unpack .../330-libogg-dev_1.3.4-0ubuntu1_amd64.deb ...
Unpacking libogg-dev:amd64 (1.3.4-0ubuntu1) ...
Selecting previously unselected package libtinyxml2.6.2v5:amd64.
Preparing to unpack .../331-libtinyxml2.6.2v5_2.6.2-4+deb10u2build0.20.04.1_amd64.deb ...
Unpacking libtinyxml2.6.2v5:amd64 (2.6.2-4+deb10u2build0.20.04.1) ...
Selecting previously unselected package libopenni0.
Preparing to unpack .../332-libopenni0_1.5.4.0+dfsg-4build1_amd64.deb ...
Unpacking libopenni0 (1.5.4.0+dfsg-4build1) ...
Selecting previously unselected package libopenni-dev.
Preparing to unpack .../333-libopenni-dev_1.5.4.0+dfsg-4build1_amd64.deb ...
Unpacking libopenni-dev (1.5.4.0+dfsg-4build1) ...
Selecting previously unselected package libopenni2-0.
Preparing to unpack .../334-libopenni2-0_2.2.0.33+dfsg-13build1_amd64.deb ...
Unpacking libopenni2-0 (2.2.0.33+dfsg-13build1) ...
Selecting previously unselected package libopenni2-dev.
Preparing to unpack .../335-libopenni2-dev_2.2.0.33+dfsg-13build1_amd64.deb ...
Unpacking libopenni2-dev (2.2.0.33+dfsg-13build1) ...
Selecting previously unselected package libpcl-common1.10:amd64.
Preparing to unpack .../336-libpcl-common1.10_1.10.0+dfsg-5ubuntu1_amd64.deb ...
Unpacking libpcl-common1.10:amd64 (1.10.0+dfsg-5ubuntu1) ...
Selecting previously unselected package libpcl-kdtree1.10:amd64.
Preparing to unpack .../337-libpcl-kdtree1.10_1.10.0+dfsg-5ubuntu1_amd64.deb ...
Unpacking libpcl-kdtree1.10:amd64 (1.10.0+dfsg-5ubuntu1) ...
Selecting previously unselected package libpcl-octree1.10:amd64.
Preparing to unpack .../338-libpcl-octree1.10_1.10.0+dfsg-5ubuntu1_amd64.deb ...
Unpacking libpcl-octree1.10:amd64 (1.10.0+dfsg-5ubuntu1) ...
Selecting previously unselected package libpcl-sample-consensus1.10:amd64.
Preparing to unpack .../339-libpcl-sample-consensus1.10_1.10.0+dfsg-5ubuntu1_amd64.deb ...
Unpacking libpcl-sample-consensus1.10:amd64 (1.10.0+dfsg-5ubuntu1) ...
Selecting previously unselected package libpcl-search1.10:amd64.
Preparing to unpack .../340-libpcl-search1.10_1.10.0+dfsg-5ubuntu1_amd64.deb ...
Unpacking libpcl-search1.10:amd64 (1.10.0+dfsg-5ubuntu1) ...
Selecting previously unselected package libpcl-filters1.10:amd64.
Preparing to unpack .../341-libpcl-filters1.10_1.10.0+dfsg-5ubuntu1_amd64.deb ...
Unpacking libpcl-filters1.10:amd64 (1.10.0+dfsg-5ubuntu1) ...
Selecting previously unselected package libpcl-features1.10:amd64.
Preparing to unpack .../342-libpcl-features1.10_1.10.0+dfsg-5ubuntu1_amd64.deb ...
Unpacking libpcl-features1.10:amd64 (1.10.0+dfsg-5ubuntu1) ...
Selecting previously unselected package libpcl-ml1.10:amd64.
Preparing to unpack .../343-libpcl-ml1.10_1.10.0+dfsg-5ubuntu1_amd64.deb ...
Unpacking libpcl-ml1.10:amd64 (1.10.0+dfsg-5ubuntu1) ...
Selecting previously unselected package libpcl-segmentation1.10:amd64.
Preparing to unpack .../344-libpcl-segmentation1.10_1.10.0+dfsg-5ubuntu1_amd64.deb ...
Unpacking libpcl-segmentation1.10:amd64 (1.10.0+dfsg-5ubuntu1) ...
Selecting previously unselected package libswscale5:amd64.
Preparing to unpack .../345-libswscale5_7%3a4.2.7-0ubuntu0.1_amd64.deb ...
Unpacking libswscale5:amd64 (7:4.2.7-0ubuntu0.1) ...
Selecting previously unselected package libtcl8.6:amd64.
Preparing to unpack .../346-libtcl8.6_8.6.10+dfsg-1_amd64.deb ...
Unpacking libtcl8.6:amd64 (8.6.10+dfsg-1) ...
Selecting previously unselected package libxft2:amd64.
Preparing to unpack .../347-libxft2_2.3.3-0ubuntu1_amd64.deb ...
Unpacking libxft2:amd64 (2.3.3-0ubuntu1) ...
Selecting previously unselected package libxss1:amd64.
Preparing to unpack .../348-libxss1_1%3a1.2.3-1_amd64.deb ...
Unpacking libxss1:amd64 (1:1.2.3-1) ...
Selecting previously unselected package libtk8.6:amd64.
Preparing to unpack .../349-libtk8.6_8.6.10-1_amd64.deb ...
Unpacking libtk8.6:amd64 (8.6.10-1) ...
Selecting previously unselected package libvtk7.1p.
Preparing to unpack .../350-libvtk7.1p_7.1.1+dfsg2-2ubuntu1_amd64.deb ...
Unpacking libvtk7.1p (7.1.1+dfsg2-2ubuntu1) ...
Selecting previously unselected package libpcl-surface1.10:amd64.
Preparing to unpack .../351-libpcl-surface1.10_1.10.0+dfsg-5ubuntu1_amd64.deb ...
Unpacking libpcl-surface1.10:amd64 (1.10.0+dfsg-5ubuntu1) ...
Selecting previously unselected package libpcl-apps1.10:amd64.
Preparing to unpack .../352-libpcl-apps1.10_1.10.0+dfsg-5ubuntu1_amd64.deb ...
Unpacking libpcl-apps1.10:amd64 (1.10.0+dfsg-5ubuntu1) ...
Selecting previously unselected package libpcl-io1.10:amd64.
Preparing to unpack .../353-libpcl-io1.10_1.10.0+dfsg-5ubuntu1_amd64.deb ...
Unpacking libpcl-io1.10:amd64 (1.10.0+dfsg-5ubuntu1) ...
Selecting previously unselected package libpcl-keypoints1.10:amd64.
Preparing to unpack .../354-libpcl-keypoints1.10_1.10.0+dfsg-5ubuntu1_amd64.deb ...
Unpacking libpcl-keypoints1.10:amd64 (1.10.0+dfsg-5ubuntu1) ...
Selecting previously unselected package libpcl-outofcore1.10:amd64.
Preparing to unpack .../355-libpcl-outofcore1.10_1.10.0+dfsg-5ubuntu1_amd64.deb ...
Unpacking libpcl-outofcore1.10:amd64 (1.10.0+dfsg-5ubuntu1) ...
Selecting previously unselected package libpcl-people1.10:amd64.
Preparing to unpack .../356-libpcl-people1.10_1.10.0+dfsg-5ubuntu1_amd64.deb ...
Unpacking libpcl-people1.10:amd64 (1.10.0+dfsg-5ubuntu1) ...
Selecting previously unselected package libpcl-recognition1.10:amd64.
Preparing to unpack .../357-libpcl-recognition1.10_1.10.0+dfsg-5ubuntu1_amd64.deb ...
Unpacking libpcl-recognition1.10:amd64 (1.10.0+dfsg-5ubuntu1) ...
Selecting previously unselected package libpcl-registration1.10:amd64.
Preparing to unpack .../358-libpcl-registration1.10_1.10.0+dfsg-5ubuntu1_amd64.deb ...
Unpacking libpcl-registration1.10:amd64 (1.10.0+dfsg-5ubuntu1) ...
Selecting previously unselected package libpcl-stereo1.10:amd64.
Preparing to unpack .../359-libpcl-stereo1.10_1.10.0+dfsg-5ubuntu1_amd64.deb ...
Unpacking libpcl-stereo1.10:amd64 (1.10.0+dfsg-5ubuntu1) ...
Selecting previously unselected package libpcl-tracking1.10:amd64.
Preparing to unpack .../360-libpcl-tracking1.10_1.10.0+dfsg-5ubuntu1_amd64.deb ...
Unpacking libpcl-tracking1.10:amd64 (1.10.0+dfsg-5ubuntu1) ...
Selecting previously unselected package libpcl-visualization1.10:amd64.
Preparing to unpack .../361-libpcl-visualization1.10_1.10.0+dfsg-5ubuntu1_amd64.deb ...
Unpacking libpcl-visualization1.10:amd64 (1.10.0+dfsg-5ubuntu1) ...
Selecting previously unselected package libpoppler-dev:amd64.
Preparing to unpack .../362-libpoppler-dev_0.86.1-0ubuntu1.7_amd64.deb ...
Unpacking libpoppler-dev:amd64 (0.86.1-0ubuntu1.7) ...
Selecting previously unselected package libpoppler-private-dev:amd64.
Preparing to unpack .../363-libpoppler-private-dev_0.86.1-0ubuntu1.7_amd64.deb ...
Unpacking libpoppler-private-dev:amd64 (0.86.1-0ubuntu1.7) ...
Selecting previously unselected package libpq-dev.
Preparing to unpack .../364-libpq-dev_12.22-0ubuntu0.20.04.4_amd64.deb ...
Unpacking libpq-dev (12.22-0ubuntu0.20.04.4) ...
Selecting previously unselected package libqhull-r7:amd64.
Preparing to unpack .../365-libqhull-r7_2015.2-4_amd64.deb ...
Unpacking libqhull-r7:amd64 (2015.2-4) ...
Selecting previously unselected package libqhull-dev:amd64.
Preparing to unpack .../366-libqhull-dev_2015.2-4_amd64.deb ...
Unpacking libqhull-dev:amd64 (2015.2-4) ...
Selecting previously unselected package libqt5designer5:amd64.
Preparing to unpack .../367-libqt5designer5_5.12.8-0ubuntu1_amd64.deb ...
Unpacking libqt5designer5:amd64 (5.12.8-0ubuntu1) ...
Selecting previously unselected package libqt5designercomponents5:amd64.
Preparing to unpack .../368-libqt5designercomponents5_5.12.8-0ubuntu1_amd64.deb ...
Unpacking libqt5designercomponents5:amd64 (5.12.8-0ubuntu1) ...
Selecting previously unselected package libqt5help5:amd64.
Preparing to unpack .../369-libqt5help5_5.12.8-0ubuntu1_amd64.deb ...
Unpacking libqt5help5:amd64 (5.12.8-0ubuntu1) ...
Selecting previously unselected package libqt5opengl5:amd64.
Preparing to unpack .../370-libqt5opengl5_5.12.8+dfsg-0ubuntu2.1_amd64.deb ...
Unpacking libqt5opengl5:amd64 (5.12.8+dfsg-0ubuntu2.1) ...
Selecting previously unselected package libqt5opengl5-dev:amd64.
Preparing to unpack .../371-libqt5opengl5-dev_5.12.8+dfsg-0ubuntu2.1_amd64.deb ...
Unpacking libqt5opengl5-dev:amd64 (5.12.8+dfsg-0ubuntu2.1) ...
Selecting previously unselected package libqt5sql5-sqlite:amd64.
Preparing to unpack .../372-libqt5sql5-sqlite_5.12.8+dfsg-0ubuntu2.1_amd64.deb ...
Unpacking libqt5sql5-sqlite:amd64 (5.12.8+dfsg-0ubuntu2.1) ...
Selecting previously unselected package libqt5x11extras5:amd64.
Preparing to unpack .../373-libqt5x11extras5_5.12.8-0ubuntu1_amd64.deb ...
Unpacking libqt5x11extras5:amd64 (5.12.8-0ubuntu1) ...
Selecting previously unselected package libsm-dev:amd64.
Preparing to unpack .../374-libsm-dev_2%3a1.2.3-1_amd64.deb ...
Unpacking libsm-dev:amd64 (2:1.2.3-1) ...
Selecting previously unselected package libswscale-dev:amd64.
Preparing to unpack .../375-libswscale-dev_7%3a4.2.7-0ubuntu0.1_amd64.deb ...
Unpacking libswscale-dev:amd64 (7:4.2.7-0ubuntu0.1) ...
Selecting previously unselected package libtheora-dev:amd64.
Preparing to unpack .../376-libtheora-dev_1.1.1+dfsg.1-15ubuntu2_amd64.deb ...
Unpacking libtheora-dev:amd64 (1.1.1+dfsg.1-15ubuntu2) ...
Selecting previously unselected package libjbig-dev:amd64.
Preparing to unpack .../377-libjbig-dev_2.1-3.1ubuntu0.20.04.1_amd64.deb ...
Unpacking libjbig-dev:amd64 (2.1-3.1ubuntu0.20.04.1) ...
Selecting previously unselected package liblzma-dev:amd64.
Preparing to unpack .../378-liblzma-dev_5.2.4-1ubuntu1.1_amd64.deb ...
Unpacking liblzma-dev:amd64 (5.2.4-1ubuntu1.1) ...
Selecting previously unselected package libtiffxx5:amd64.
Preparing to unpack .../379-libtiffxx5_4.1.0+git191117-2ubuntu0.20.04.14_amd64.deb ...
Unpacking libtiffxx5:amd64 (4.1.0+git191117-2ubuntu0.20.04.14) ...
Selecting previously unselected package libtiff-dev:amd64.
Preparing to unpack .../380-libtiff-dev_4.1.0+git191117-2ubuntu0.20.04.14_amd64.deb ...
Unpacking libtiff-dev:amd64 (4.1.0+git191117-2ubuntu0.20.04.14) ...
Selecting previously unselected package liburiparser-dev.
Preparing to unpack .../381-liburiparser-dev_0.9.3-2_amd64.deb ...
Unpacking liburiparser-dev (0.9.3-2) ...
Selecting previously unselected package libeigen3-dev.
Preparing to unpack .../382-libeigen3-dev_3.3.7-2_all.deb ...
Unpacking libeigen3-dev (3.3.7-2) ...
Selecting previously unselected package libepsilon-dev:amd64.
Preparing to unpack .../383-libepsilon-dev_0.9.2+dfsg-4_amd64.deb ...
Unpacking libepsilon-dev:amd64 (0.9.2+dfsg-4) ...
Selecting previously unselected package libfreexl-dev:amd64.
Preparing to unpack .../384-libfreexl-dev_1.0.5-3_amd64.deb ...
Unpacking libfreexl-dev:amd64 (1.0.5-3) ...
Selecting previously unselected package libproj-dev:amd64.
Preparing to unpack .../385-libproj-dev_6.3.1-1_amd64.deb ...
Unpacking libproj-dev:amd64 (6.3.1-1) ...
Selecting previously unselected package libgeotiff-dev:amd64.
Preparing to unpack .../386-libgeotiff-dev_1.5.1-2_amd64.deb ...
Unpacking libgeotiff-dev:amd64 (1.5.1-2) ...
Selecting previously unselected package libhdf4-alt-dev.
Preparing to unpack .../387-libhdf4-alt-dev_4.2.14-1ubuntu1_amd64.deb ...
Unpacking libhdf4-alt-dev (4.2.14-1ubuntu1) ...
Selecting previously unselected package libjson-c-dev:amd64.
Preparing to unpack .../388-libjson-c-dev_0.13.1+dfsg-7ubuntu0.3_amd64.deb ...
Unpacking libjson-c-dev:amd64 (0.13.1+dfsg-7ubuntu0.3) ...
Selecting previously unselected package libkml-dev:amd64.
Preparing to unpack .../389-libkml-dev_1.3.0-8build1_amd64.deb ...
Unpacking libkml-dev:amd64 (1.3.0-8build1) ...
Selecting previously unselected package libopenjp2-7-dev.
Preparing to unpack .../390-libopenjp2-7-dev_2.3.1-1ubuntu4.20.04.4_amd64.deb ...
Unpacking libopenjp2-7-dev (2.3.1-1ubuntu4.20.04.4) ...
Selecting previously unselected package libspatialite-dev:amd64.
Preparing to unpack .../391-libspatialite-dev_4.3.0a-6build1_amd64.deb ...
Unpacking libspatialite-dev:amd64 (4.3.0a-6build1) ...
Selecting previously unselected package libwebpdemux2:amd64.
Preparing to unpack .../392-libwebpdemux2_0.6.1-2ubuntu0.20.04.3_amd64.deb ...
Unpacking libwebpdemux2:amd64 (0.6.1-2ubuntu0.20.04.3) ...
Selecting previously unselected package libwebp-dev:amd64.
Preparing to unpack .../393-libwebp-dev_0.6.1-2ubuntu0.20.04.3_amd64.deb ...
Unpacking libwebp-dev:amd64 (0.6.1-2ubuntu0.20.04.3) ...
Selecting previously unselected package libxerces-c-dev.
Preparing to unpack .../394-libxerces-c-dev_3.2.2+debian-1ubuntu0.2_amd64.deb ...
Unpacking libxerces-c-dev (3.2.2+debian-1ubuntu0.2) ...
Selecting previously unselected package libzstd-dev:amd64.
Preparing to unpack .../395-libzstd-dev_1.4.4+dfsg-3ubuntu0.1_amd64.deb ...
Unpacking libzstd-dev:amd64 (1.4.4+dfsg-3ubuntu0.1) ...
Selecting previously unselected package unixodbc-dev:amd64.
Preparing to unpack .../396-unixodbc-dev_2.3.6-0.1ubuntu0.1_amd64.deb ...
Unpacking unixodbc-dev:amd64 (2.3.6-0.1ubuntu0.1) ...
Selecting previously unselected package libgdal-dev.
Preparing to unpack .../397-libgdal-dev_3.0.4+dfsg-1build3_amd64.deb ...
Unpacking libgdal-dev (3.0.4+dfsg-1build3) ...
Selecting previously unselected package libjsoncpp-dev:amd64.
Preparing to unpack .../398-libjsoncpp-dev_1.7.4-3.1ubuntu2_amd64.deb ...
Unpacking libjsoncpp-dev:amd64 (1.7.4-3.1ubuntu2) ...
Selecting previously unselected package libvtk7-jni.
Preparing to unpack .../399-libvtk7-jni_7.1.1+dfsg2-2ubuntu1_amd64.deb ...
Unpacking libvtk7-jni (7.1.1+dfsg2-2ubuntu1) ...
Selecting previously unselected package libvtk7-java.
Preparing to unpack .../400-libvtk7-java_7.1.1+dfsg2-2ubuntu1_amd64.deb ...
Unpacking libvtk7-java (7.1.1+dfsg2-2ubuntu1) ...
Selecting previously unselected package libxrender-dev:amd64.
Preparing to unpack .../401-libxrender-dev_1%3a0.9.10-1_amd64.deb ...
Unpacking libxrender-dev:amd64 (1:0.9.10-1) ...
Selecting previously unselected package libxft-dev:amd64.
Preparing to unpack .../402-libxft-dev_2.3.3-0ubuntu1_amd64.deb ...
Unpacking libxft-dev:amd64 (2.3.3-0ubuntu1) ...
Selecting previously unselected package x11proto-scrnsaver-dev.
Preparing to unpack .../403-x11proto-scrnsaver-dev_2019.2-1ubuntu1_all.deb ...
Unpacking x11proto-scrnsaver-dev (2019.2-1ubuntu1) ...
Selecting previously unselected package libxss-dev:amd64.
Preparing to unpack .../404-libxss-dev_1%3a1.2.3-1_amd64.deb ...
Unpacking libxss-dev:amd64 (1:1.2.3-1) ...
Selecting previously unselected package libxt-dev:amd64.
Preparing to unpack .../405-libxt-dev_1%3a1.1.5-1_amd64.deb ...
Unpacking libxt-dev:amd64 (1:1.1.5-1) ...
Selecting previously unselected package libvtk7.1p-qt.
Preparing to unpack .../406-libvtk7.1p-qt_7.1.1+dfsg2-2ubuntu1_amd64.deb ...
Unpacking libvtk7.1p-qt (7.1.1+dfsg2-2ubuntu1) ...
Selecting previously unselected package python3-cbor.
Preparing to unpack .../407-python3-cbor_1.0.0-1.1build1_amd64.deb ...
Unpacking python3-cbor (1.0.0-1.1build1) ...
Selecting previously unselected package python3-lz4.
Preparing to unpack .../408-python3-lz4_3.0.2+dfsg-1build1_amd64.deb ...
Unpacking python3-lz4 (3.0.2+dfsg-1build1) ...
Selecting previously unselected package python3-openssl.
Preparing to unpack .../409-python3-openssl_19.0.0-1build1_all.deb ...
Unpacking python3-openssl (19.0.0-1build1) ...
Selecting previously unselected package python3-pyqrcode.
Preparing to unpack .../410-python3-pyqrcode_1.2.1-4_all.deb ...
Unpacking python3-pyqrcode (1.2.1-4) ...
Selecting previously unselected package python3-attr.
Preparing to unpack .../411-python3-attr_19.3.0-2_all.deb ...
Unpacking python3-attr (19.3.0-2) ...
Selecting previously unselected package python3-pyasn1.
Preparing to unpack .../412-python3-pyasn1_0.4.2-3build1_all.deb ...
Unpacking python3-pyasn1 (0.4.2-3build1) ...
Selecting previously unselected package python3-pyasn1-modules.
Preparing to unpack .../413-python3-pyasn1-modules_0.2.1-0.2build1_all.deb ...
Unpacking python3-pyasn1-modules (0.2.1-0.2build1) ...
Selecting previously unselected package python3-service-identity.
Preparing to unpack .../414-python3-service-identity_18.1.0-5build1_all.deb ...
Unpacking python3-service-identity (18.1.0-5build1) ...
Selecting previously unselected package python3-snappy.
Preparing to unpack .../415-python3-snappy_0.5.3-1.1build1_amd64.deb ...
Unpacking python3-snappy (0.5.3-1.1build1) ...
Selecting previously unselected package python3-trie.
Preparing to unpack .../416-python3-trie_0.2+ds-2_all.deb ...
Unpacking python3-trie (0.2+ds-2) ...
Selecting previously unselected package python3-automat.
Preparing to unpack .../417-python3-automat_0.8.0-1ubuntu1_all.deb ...
Unpacking python3-automat (0.8.0-1ubuntu1) ...
Selecting previously unselected package python3-constantly.
Preparing to unpack .../418-python3-constantly_15.1.0-1build1_all.deb ...
Unpacking python3-constantly (15.1.0-1build1) ...
Selecting previously unselected package python3-idna.
Preparing to unpack .../419-python3-idna_2.8-1ubuntu0.1_all.deb ...
Unpacking python3-idna (2.8-1ubuntu0.1) ...
Selecting previously unselected package python3-hyperlink.
Preparing to unpack .../420-python3-hyperlink_19.0.0-1_all.deb ...
Unpacking python3-hyperlink (19.0.0-1) ...
Selecting previously unselected package python3-incremental.
Preparing to unpack .../421-python3-incremental_16.10.1-3.2_all.deb ...
Unpacking python3-incremental (16.10.1-3.2) ...
Selecting previously unselected package python3-zope.interface.
Preparing to unpack .../422-python3-zope.interface_4.7.1-1_amd64.deb ...
Unpacking python3-zope.interface (4.7.1-1) ...
Selecting previously unselected package python3-twisted-bin:amd64.
Preparing to unpack .../423-python3-twisted-bin_18.9.0-11ubuntu0.20.04.5_amd64.deb ...
Unpacking python3-twisted-bin:amd64 (18.9.0-11ubuntu0.20.04.5) ...
Selecting previously unselected package python3-hamcrest.
Preparing to unpack .../424-python3-hamcrest_1.9.0-3_all.deb ...
Unpacking python3-hamcrest (1.9.0-3) ...
Selecting previously unselected package python3-twisted.
Preparing to unpack .../425-python3-twisted_18.9.0-11ubuntu0.20.04.5_all.deb ...
Unpacking python3-twisted (18.9.0-11ubuntu0.20.04.5) ...
Selecting previously unselected package python3-txaio.
Preparing to unpack .../426-python3-txaio_2.10.0-2_all.deb ...
Unpacking python3-txaio (2.10.0-2) ...
Selecting previously unselected package python3-u-msgpack.
Preparing to unpack .../427-python3-u-msgpack_2.1-1build1_all.deb ...
Unpacking python3-u-msgpack (2.1-1build1) ...
Selecting previously unselected package python3-ubjson.
Preparing to unpack .../428-python3-ubjson_0.14.0-2build1_amd64.deb ...
Unpacking python3-ubjson (0.14.0-2build1) ...
Selecting previously unselected package python3-wsaccel.
Preparing to unpack .../429-python3-wsaccel_0.6.2-2build1_amd64.deb ...
Unpacking python3-wsaccel (0.6.2-2build1) ...
Selecting previously unselected package python3-autobahn.
Preparing to unpack .../430-python3-autobahn_17.10.1+dfsg1-6_all.deb ...
Unpacking python3-autobahn (17.10.1+dfsg1-6) ...
Selecting previously unselected package python3-mpi4py.
Preparing to unpack .../431-python3-mpi4py_3.0.3-4build2_amd64.deb ...
Unpacking python3-mpi4py (3.0.3-4build2) ...
Selecting previously unselected package python3-vtk7.
Preparing to unpack .../432-python3-vtk7_7.1.1+dfsg2-2ubuntu1_amd64.deb ...
Unpacking python3-vtk7 (7.1.1+dfsg2-2ubuntu1) ...
Selecting previously unselected package tcl8.6.
Preparing to unpack .../433-tcl8.6_8.6.10+dfsg-1_amd64.deb ...
Unpacking tcl8.6 (8.6.10+dfsg-1) ...
Selecting previously unselected package tcl8.6-dev:amd64.
Preparing to unpack .../434-tcl8.6-dev_8.6.10+dfsg-1_amd64.deb ...
Unpacking tcl8.6-dev:amd64 (8.6.10+dfsg-1) ...
Selecting previously unselected package tcl.
Preparing to unpack .../435-tcl_8.6.9+1_amd64.deb ...
Unpacking tcl (8.6.9+1) ...
Selecting previously unselected package tcl-dev:amd64.
Preparing to unpack .../436-tcl-dev_8.6.9+1_amd64.deb ...
Unpacking tcl-dev:amd64 (8.6.9+1) ...
Selecting previously unselected package tcl-vtk7.
Preparing to unpack .../437-tcl-vtk7_7.1.1+dfsg2-2ubuntu1_amd64.deb ...
Unpacking tcl-vtk7 (7.1.1+dfsg2-2ubuntu1) ...
Selecting previously unselected package tk8.6.
Preparing to unpack .../438-tk8.6_8.6.10-1_amd64.deb ...
Unpacking tk8.6 (8.6.10-1) ...
Selecting previously unselected package tk8.6-dev:amd64.
Preparing to unpack .../439-tk8.6-dev_8.6.10-1_amd64.deb ...
Unpacking tk8.6-dev:amd64 (8.6.10-1) ...
Selecting previously unselected package tk.
Preparing to unpack .../440-tk_8.6.9+1_amd64.deb ...
Unpacking tk (8.6.9+1) ...
Selecting previously unselected package tk-dev:amd64.
Preparing to unpack .../441-tk-dev_8.6.9+1_amd64.deb ...
Unpacking tk-dev:amd64 (8.6.9+1) ...
Selecting previously unselected package vtk7.
Preparing to unpack .../442-vtk7_7.1.1+dfsg2-2ubuntu1_amd64.deb ...
Unpacking vtk7 (7.1.1+dfsg2-2ubuntu1) ...
Selecting previously unselected package libvtk7-dev.
Preparing to unpack .../443-libvtk7-dev_7.1.1+dfsg2-2ubuntu1_amd64.deb ...
Unpacking libvtk7-dev (7.1.1+dfsg2-2ubuntu1) ...
Selecting previously unselected package qdoc-qt5.
Preparing to unpack .../444-qdoc-qt5_5.12.8-0ubuntu1_amd64.deb ...
Unpacking qdoc-qt5 (5.12.8-0ubuntu1) ...
Selecting previously unselected package qhelpgenerator-qt5.
Preparing to unpack .../445-qhelpgenerator-qt5_5.12.8-0ubuntu1_amd64.deb ...
Unpacking qhelpgenerator-qt5 (5.12.8-0ubuntu1) ...
Selecting previously unselected package qt5-assistant.
Preparing to unpack .../446-qt5-assistant_5.12.8-0ubuntu1_amd64.deb ...
Unpacking qt5-assistant (5.12.8-0ubuntu1) ...
Selecting previously unselected package qtattributionsscanner-qt5.
Preparing to unpack .../447-qtattributionsscanner-qt5_5.12.8-0ubuntu1_amd64.deb ...
Unpacking qtattributionsscanner-qt5 (5.12.8-0ubuntu1) ...
Selecting previously unselected package qttools5-dev-tools.
Preparing to unpack .../448-qttools5-dev-tools_5.12.8-0ubuntu1_amd64.deb ...
Unpacking qttools5-dev-tools (5.12.8-0ubuntu1) ...
Selecting previously unselected package qttools5-dev:amd64.
Preparing to unpack .../449-qttools5-dev_5.12.8-0ubuntu1_amd64.deb ...
Unpacking qttools5-dev:amd64 (5.12.8-0ubuntu1) ...
Selecting previously unselected package qttools5-private-dev:amd64.
Preparing to unpack .../450-qttools5-private-dev_5.12.8-0ubuntu1_amd64.deb ...
Unpacking qttools5-private-dev:amd64 (5.12.8-0ubuntu1) ...
Selecting previously unselected package libvtk7-qt-dev.
Preparing to unpack .../451-libvtk7-qt-dev_7.1.1+dfsg2-2ubuntu1_amd64.deb ...
Unpacking libvtk7-qt-dev (7.1.1+dfsg2-2ubuntu1) ...
Selecting previously unselected package ros-noetic-actionlib.
Preparing to unpack .../452-ros-noetic-actionlib_1.14.3-1focal.20250519.235901_amd64.deb ...
Unpacking ros-noetic-actionlib (1.14.3-1focal.20250519.235901) ...
Selecting previously unselected package ros-noetic-bond.
Preparing to unpack .../453-ros-noetic-bond_1.8.7-1focal.20250426.013629_amd64.deb ...
Unpacking ros-noetic-bond (1.8.7-1focal.20250426.013629) ...
Selecting previously unselected package ros-noetic-smclib.
Preparing to unpack .../454-ros-noetic-smclib_1.8.7-1focal.20250426.010546_amd64.deb ...
Unpacking ros-noetic-smclib (1.8.7-1focal.20250426.010546) ...
Selecting previously unselected package ros-noetic-bondcpp.
Preparing to unpack .../455-ros-noetic-bondcpp_1.8.7-1focal.20250519.230329_amd64.deb ...
Unpacking ros-noetic-bondcpp (1.8.7-1focal.20250519.230329) ...
Selecting previously unselected package ros-noetic-dynamic-reconfigure.
Preparing to unpack .../456-ros-noetic-dynamic-reconfigure_1.7.6-1focal.20250521.000900_amd64.deb ...
Unpacking ros-noetic-dynamic-reconfigure (1.7.6-1focal.20250521.000900) ...
Selecting previously unselected package ros-noetic-nodelet.
Preparing to unpack .../457-ros-noetic-nodelet_1.11.2-1focal.20250519.231850_amd64.deb ...
Unpacking ros-noetic-nodelet (1.11.2-1focal.20250519.231850) ...
Selecting previously unselected package ros-noetic-nodelet-topic-tools.
Preparing to unpack .../458-ros-noetic-nodelet-topic-tools_1.11.2-1focal.20250521.003920_amd64.deb ...
Unpacking ros-noetic-nodelet-topic-tools (1.11.2-1focal.20250521.003920) ...
Selecting previously unselected package libpcl-dev.
Preparing to unpack .../459-libpcl-dev_1.10.0+dfsg-5ubuntu1_amd64.deb ...
Unpacking libpcl-dev (1.10.0+dfsg-5ubuntu1) ...
Selecting previously unselected package ros-noetic-pcl-msgs.
Preparing to unpack .../460-ros-noetic-pcl-msgs_0.3.0-1focal.20250520.005335_amd64.deb ...
Unpacking ros-noetic-pcl-msgs (0.3.0-1focal.20250520.005335) ...
Selecting previously unselected package ros-noetic-pcl-conversions.
Preparing to unpack .../461-ros-noetic-pcl-conversions_1.7.4-1focal.20250520.005606_amd64.deb ...
Unpacking ros-noetic-pcl-conversions (1.7.4-1focal.20250520.005606) ...
Selecting previously unselected package ros-noetic-tf2-msgs.
Preparing to unpack .../462-ros-noetic-tf2-msgs_0.7.10-1focal.20250502.231510_amd64.deb ...
Unpacking ros-noetic-tf2-msgs (0.7.10-1focal.20250502.231510) ...
Selecting previously unselected package ros-noetic-tf2.
Preparing to unpack .../463-ros-noetic-tf2_0.7.10-1focal.20250502.231751_amd64.deb ...
Unpacking ros-noetic-tf2 (0.7.10-1focal.20250502.231751) ...
Selecting previously unselected package ros-noetic-tf2-py.
Preparing to unpack .../464-ros-noetic-tf2-py_0.7.10-1focal.20250519.232104_amd64.deb ...
Unpacking ros-noetic-tf2-py (0.7.10-1focal.20250519.232104) ...
Selecting previously unselected package ros-noetic-tf2-ros.
Preparing to unpack .../465-ros-noetic-tf2-ros_0.7.10-1focal.20250520.000336_amd64.deb ...
Unpacking ros-noetic-tf2-ros (0.7.10-1focal.20250520.000336) ...
Selecting previously unselected package ros-noetic-tf.
Preparing to unpack .../466-ros-noetic-tf_1.13.4-1focal.20250520.001125_amd64.deb ...
Unpacking ros-noetic-tf (1.13.4-1focal.20250520.001125) ...
Selecting previously unselected package ros-noetic-tf2-eigen.
Preparing to unpack .../467-ros-noetic-tf2-eigen_0.7.10-1focal.20250502.232642_amd64.deb ...
Unpacking ros-noetic-tf2-eigen (0.7.10-1focal.20250502.232642) ...
Selecting previously unselected package ros-noetic-pcl-ros.
Preparing to unpack .../468-ros-noetic-pcl-ros_1.7.4-1focal.20250521.004323_amd64.deb ...
Unpacking ros-noetic-pcl-ros (1.7.4-1focal.20250521.004323) ...
Setting up libgme0:amd64 (0.6.2-1build1) ...
Setting up ros-noetic-bond (1.8.7-1focal.20250426.013629) ...
Setting up python3-cbor (1.0.0-1.1build1) ...
Setting up libssh-gcrypt-4:amd64 (0.9.3-2ubuntu2.5) ...
Setting up libgraphite2-3:amd64 (1.3.13-11build1) ...
Setting up libxcb-dri3-0:amd64 (1.14-2) ...
Setting up liblcms2-2:amd64 (2.9-4) ...
Setting up libpixman-1-0:amd64 (0.38.4-0ubuntu2.1) ...
Setting up python3-attr (19.3.0-2) ...
Setting up libwayland-server0:amd64 (1.18.0-1ubuntu0.1) ...
Setting up libx11-xcb1:amd64 (2:1.6.9-2ubuntu1.6) ...
Setting up libjsoncpp-dev:amd64 (1.7.4-3.1ubuntu2) ...
Setting up libdouble-conversion3:amd64 (3.1.5-4ubuntu1) ...
Setting up libmpg123-0:amd64 (1.25.13-1ubuntu0.2) ...
Setting up libxcb-xfixes0:amd64 (1.14-2) ...
Setting up libogg0:amd64 (1.3.4-0ubuntu1) ...
Setting up libzstd-dev:amd64 (1.4.4+dfsg-3ubuntu0.1) ...
Setting up libspeex1:amd64 (1.2~rc1.2-1.1ubuntu1.20.04.1) ...
Setting up proj-data (6.3.1-1) ...
Setting up libshine3:amd64 (3.1.1-2) ...
Setting up libxpm4:amd64 (1:3.5.12-1ubuntu0.20.04.2) ...
Setting up hdf5-helpers (1.10.4+repack-11ubuntu1) ...
Setting up libtwolame0:amd64 (0.4.0-2) ...
Setting up libgeos-3.8.0:amd64 (3.8.0-1build1) ...
Setting up libxcb-xinput0:amd64 (1.14-2) ...
Setting up libwoff1:amd64 (1.0.2-1build2) ...
Setting up libxrender1:amd64 (1:0.9.10-1) ...
Setting up libhyphen0:amd64 (2.8.8-7) ...
Setting up libdatrie1:amd64 (0.2.12-3) ...
Setting up libogdi4.1 (4.1.0+ds-1build1) ...
Setting up libgsm1:amd64 (1.0.18-2) ...
Setting up libx264-155:amd64 (2:0.155.2917+git0a84d98-2) ...
Setting up libcharls2:amd64 (2.0.0+dfsg-1build1) ...
Setting up libminizip1:amd64 (1.1-8build1) ...
Setting up libx265-179:amd64 (3.2.1-1build1) ...
Setting up python3-lz4 (3.0.2+dfsg-1build1) ...
Setting up libxcb-render0:amd64 (1.14-2) ...
Setting up libsoxr0:amd64 (0.1.3-2build1) ...
Setting up python3-zope.interface (4.7.1-1) ...
Setting up libglvnd0:amd64 (1.3.2-1~ubuntu0.20.04.2) ...
Setting up python3-openssl (19.0.0-1build1) ...
Setting up libxcb-glx0:amd64 (1.14-2) ...
Setting up libaom0:amd64 (1.0.0.errata1-3+deb11u1ubuntu0.1) ...
Setting up python3-automat (0.8.0-1ubuntu1) ...
Setting up liblab-gamut1:amd64 (2.42.2-3build2) ...
Setting up libgdk-pixbuf2.0-common (2.40.0+dfsg-3ubuntu0.5) ...
Setting up libxcb-keysyms1:amd64 (0.4.0-1build1) ...
Setting up libarpack2:amd64 (3.7.0-3) ...
Setting up libxcb-shape0:amd64 (1.14-2) ...
Setting up binutils-common:amd64 (2.34-6ubuntu1.11) ...
Setting up x11-common (1:7.7+19ubuntu14) ...
debconf: unable to initialize frontend: Dialog
debconf: (TERM is not set, so the dialog frontend is not usable.)
debconf: falling back to frontend: Readline
update-rc.d: warning: start and stop actions are no longer supported; falling back to defaults
invoke-rc.d: could not determine current runlevel
invoke-rc.d: policy-rc.d denied execution of start.
Setting up libsensors-config (1:3.6.0-2ubuntu1.1) ...
Setting up python3-twisted-bin:amd64 (18.9.0-11ubuntu0.20.04.5) ...
Setting up libpcl-common1.10:amd64 (1.10.0+dfsg-5ubuntu1) ...
Setting up libpcl-people1.10:amd64 (1.10.0+dfsg-5ubuntu1) ...
Setting up libpq5:amd64 (12.22-0ubuntu0.20.04.4) ...
Setting up libsuperlu5:amd64 (5.2.1+dfsg1-4) ...
Setting up ros-noetic-tf2-msgs (0.7.10-1focal.20250502.231510) ...
Setting up libctf-nobfd0:amd64 (2.34-6ubuntu1.11) ...
Setting up libdap25:amd64 (3.20.5-1) ...
Setting up libxcb-render-util0:amd64 (0.3.9-1build1) ...
Setting up xkb-data (2.29-2) ...
Setting up libpq-dev (12.22-0ubuntu0.20.04.4) ...
Setting up libcurl3-gnutls:amd64 (7.68.0-1ubuntu2.25) ...
Setting up python3-hamcrest (1.9.0-3) ...
Setting up libqhull7:amd64 (2015.2-4) ...
Setting up libpcl-outofcore1.10:amd64 (1.10.0+dfsg-5ubuntu1) ...
Setting up libxcb-shm0:amd64 (1.14-2) ...
Setting up libxcb-icccm4:amd64 (0.4.1-1.1) ...
Setting up libogg-dev:amd64 (1.3.4-0ubuntu1) ...
Setting up ros-noetic-actionlib (1.14.3-1focal.20250519.235901) ...
Setting up python3-mpi4py (3.0.3-4build2) ...
Setting up libcurl4-gnutls-dev:amd64 (7.68.0-1ubuntu2.25) ...
Setting up libxvidcore4:amd64 (2:1.3.7-1) ...
Setting up libepsilon1:amd64 (0.9.2+dfsg-4) ...
Setting up libunwind8:amd64 (1.2.1-9ubuntu0.1) ...
Setting up libdapserver7v5:amd64 (3.20.5-1) ...
Setting up libpthread-stubs0-dev:amd64 (0.4-1) ...
Setting up libjbig0:amd64 (2.1-3.1ubuntu0.20.04.1) ...
Setting up libpcre2-16-0:amd64 (10.34-7ubuntu0.1) ...
Setting up libaec0:amd64 (1.0.4-1) ...
Setting up gdal-data (3.0.4+dfsg-1build3) ...
Setting up libcap2:amd64 (1:2.32-1ubuntu0.2) ...
Setting up libopengl0:amd64 (1.3.2-1~ubuntu0.20.04.2) ...
Setting up libpcl-ml1.10:amd64 (1.10.0+dfsg-5ubuntu1) ...
Setting up libxcb-util1:amd64 (0.4.0-0ubuntu3) ...
Setting up libxxf86vm1:amd64 (1:1.1.4-1build1) ...
Setting up libsnappy1v5:amd64 (1.1.8-1build1) ...
Setting up libxcb-xkb1:amd64 (1.14-2) ...
Setting up libxcb-image0:amd64 (0.4.0-1build1) ...
Setting up libcap2-bin (1:2.32-1ubuntu0.2) ...
Setting up libllvm10:amd64 (1:10.0.0-4ubuntu1) ...
Setting up libxcb-present0:amd64 (1.14-2) ...
Setting up libgts-0.7-5:amd64 (0.7.6+darcs121130-4) ...
Setting up libminizip-dev:amd64 (1.1-8build1) ...
Setting up xtrans-dev (1.4.0-1) ...
Setting up libxml2-dev:amd64 (2.9.10+dfsg-5ubuntu0.20.04.10) ...
Setting up libcfitsio8:amd64 (3.470-3) ...
Setting up libxcb-xinerama0:amd64 (1.14-2) ...
Setting up libgles2:amd64 (1.3.2-1~ubuntu0.20.04.2) ...
Setting up qt5-qmake-bin (5.12.8+dfsg-0ubuntu2.1) ...
Setting up libva2:amd64 (2.7.0-2) ...
Setting up libpcap0.8:amd64 (1.9.1-3ubuntu1.20.04.1) ...
Setting up make (4.2.1-1.2) ...
Setting up libmpfr6:amd64 (4.0.2-1) ...
Setting up libnspr4:amd64 (2:4.35-0ubuntu0.20.04.1) ...
Setting up libxfixes3:amd64 (1:5.0.3-2) ...
Setting up libxcb-sync1:amd64 (1.14-2) ...
Setting up libclang1-10 (1:10.0.0-4ubuntu1) ...
Setting up libpathplan4:amd64 (2.42.2-3build2) ...
Setting up libcodec2-0.9:amd64 (0.9.2-2) ...
Setting up libavahi-common-data:amd64 (0.7-4ubuntu7.3) ...
Setting up libann0 (1.1.2+doc-7build1) ...
Setting up libllvm12:amd64 (1:12.0.0-3ubuntu1~20.04.5) ...
Setting up python3-incremental (16.10.1-3.2) ...
Setting up libgles1:amd64 (1.3.2-1~ubuntu0.20.04.2) ...
Setting up libdbus-1-3:amd64 (1.12.16-2ubuntu2.3) ...
Setting up xz-utils (5.2.4-1ubuntu1.1) ...
update-alternatives: using /usr/bin/xz to provide /usr/bin/lzma (lzma) in auto mode
update-alternatives: warning: skip creation of /usr/share/man/man1/lzma.1.gz because associated file /usr/share/man/man1/xz.1.gz (of link group lzma) doesn't exist
update-alternatives: warning: skip creation of /usr/share/man/man1/unlzma.1.gz because associated file /usr/share/man/man1/unxz.1.gz (of link group lzma) doesn't exist
update-alternatives: warning: skip creation of /usr/share/man/man1/lzcat.1.gz because associated file /usr/share/man/man1/xzcat.1.gz (of link group lzma) doesn't exist
update-alternatives: warning: skip creation of /usr/share/man/man1/lzmore.1.gz because associated file /usr/share/man/man1/xzmore.1.gz (of link group lzma) doesn't exist
update-alternatives: warning: skip creation of /usr/share/man/man1/lzless.1.gz because associated file /usr/share/man/man1/xzless.1.gz (of link group lzma) doesn't exist
update-alternatives: warning: skip creation of /usr/share/man/man1/lzdiff.1.gz because associated file /usr/share/man/man1/xzdiff.1.gz (of link group lzma) doesn't exist
update-alternatives: warning: skip creation of /usr/share/man/man1/lzcmp.1.gz because associated file /usr/share/man/man1/xzcmp.1.gz (of link group lzma) doesn't exist
update-alternatives: warning: skip creation of /usr/share/man/man1/lzgrep.1.gz because associated file /usr/share/man/man1/xzgrep.1.gz (of link group lzma) doesn't exist
update-alternatives: warning: skip creation of /usr/share/man/man1/lzegrep.1.gz because associated file /usr/share/man/man1/xzegrep.1.gz (of link group lzma) doesn't exist
update-alternatives: warning: skip creation of /usr/share/man/man1/lzfgrep.1.gz because associated file /usr/share/man/man1/xzfgrep.1.gz (of link group lzma) doesn't exist
Setting up libfribidi0:amd64 (1.0.8-2ubuntu0.1) ...
Setting up libopus0:amd64 (1.3.1-0ubuntu1) ...
Setting up shared-mime-info (1.15-1) ...
Setting up libpng16-16:amd64 (1.6.37-2) ...
Setting up libmpc3:amd64 (1.1.0-1) ...
Setting up libeigen3-dev (3.3.7-2) ...
Setting up ros-noetic-pcl-msgs (0.3.0-1focal.20250520.005335) ...
Setting up libvorbis0a:amd64 (1.3.6-2ubuntu1) ...
Setting up python3-idna (2.8-1ubuntu0.1) ...
Setting up libflann1.9:amd64 (1.9.1+dfsg-9build1) ...
Setting up patch (2.7.6-6) ...
Setting up liborc-0.4-0:amd64 (1:0.4.31-1ubuntu0.1) ...
Setting up cython3 (0.29.14-0.1ubuntu3) ...
Setting up libtcl8.6:amd64 (8.6.10+dfsg-1) ...
Setting up libwebp6:amd64 (0.6.1-2ubuntu0.20.04.3) ...
Setting up libgeos-c1v5:amd64 (3.8.0-1build1) ...
Setting up fonts-dejavu-core (2.37-1) ...
Setting up libproj15:amd64 (6.3.1-1) ...
Setting up python3-pyqrcode (1.2.1-4) ...
Setting up ucf (3.0038+nmu1) ...
debconf: unable to initialize frontend: Dialog
debconf: (TERM is not set, so the dialog frontend is not usable.)
debconf: falling back to frontend: Readline
Setting up libsensors5:amd64 (1:3.6.0-2ubuntu1.1) ...
Setting up libtinyxml2.6.2v5:amd64 (2.6.2-4+deb10u2build0.20.04.1) ...
Setting up libjpeg-turbo8:amd64 (2.0.3-0ubuntu1.20.04.3) ...
Setting up libqt5core5a:amd64 (5.12.8+dfsg-0ubuntu2.1) ...
Setting up libpcl-sample-consensus1.10:amd64 (1.10.0+dfsg-5ubuntu1) ...
Setting up libglapi-mesa:amd64 (21.2.6-0ubuntu0.1~20.04.2) ...
Setting up libmtdev1:amd64 (1.1.5-1.1) ...
Setting up libvulkan1:amd64 (1.2.131.2-1) ...
Setting up liblzma-dev:amd64 (5.2.4-1ubuntu1.1) ...
Setting up libxcb-dri2-0:amd64 (1.14-2) ...
Setting up ros-noetic-smclib (1.8.7-1focal.20250426.010546) ...
Setting up libgif7:amd64 (5.1.9-1ubuntu0.1) ...
Setting up liburiparser1:amd64 (0.9.3-2) ...
Setting up libpcl-octree1.10:amd64 (1.10.0+dfsg-5ubuntu1) ...
Setting up libfreexl1:amd64 (1.0.5-3) ...
Setting up libgif-dev (5.1.9-1ubuntu0.1) ...
Setting up ros-noetic-dynamic-reconfigure (1.7.6-1focal.20250521.000900) ...
Setting up libxshmfence1:amd64 (1.3-1) ...
Setting up libvpx6:amd64 (1.8.2-1ubuntu0.4) ...
Setting up libvdpau1:amd64 (1.3-1ubuntu2) ...
Setting up libqt5dbus5:amd64 (5.12.8+dfsg-0ubuntu2.1) ...
Setting up libwavpack1:amd64 (5.2.0-1ubuntu0.1) ...
Setting up libxcb-randr0:amd64 (1.14-2) ...
Setting up libfyba0:amd64 (4.1.1-6build1) ...
Setting up libkmlbase1:amd64 (1.3.0-8build1) ...
Setting up libxslt1.1:amd64 (1.1.34-4ubuntu0.20.04.3) ...
Setting up libdapclient6v5:amd64 (3.20.5-1) ...
Setting up python3-pyasn1 (0.4.2-3build1) ...
Setting up python3-wsaccel (0.6.2-2build1) ...
Setting up python3-snappy (0.5.3-1.1build1) ...
Setting up libopenjp2-7:amd64 (2.3.1-1ubuntu4.20.04.4) ...
Setting up libthai-data (0.1.28-3) ...
Setting up libisl22:amd64 (0.22.1-1) ...
Setting up xorg-sgml-doctools (1:1.11-1) ...
Setting up python3-constantly (15.1.0-1build1) ...
Setting up libcdt5:amd64 (2.42.2-3build2) ...
Setting up libcgraph6:amd64 (2.42.2-3build2) ...
Setting up libqhull-r7:amd64 (2015.2-4) ...
Setting up libxss1:amd64 (1:1.2.3-1) ...
Setting up libusb-1.0-0:amd64 (2:1.0.23-2build1) ...
Setting up libarmadillo9 (1:9.800.4+dfsg-1build1) ...
Setting up libjson-c4:amd64 (0.13.1+dfsg-7ubuntu0.3) ...
Setting up libopengl-dev:amd64 (1.3.2-1~ubuntu0.20.04.2) ...
Setting up python3-ubjson (0.14.0-2build1) ...
Setting up libbinutils:amd64 (2.34-6ubuntu1.11) ...
Setting up libqt5sensors5:amd64 (5.12.8-0ubuntu1) ...
Setting up libepsilon-dev:amd64 (0.9.2+dfsg-4) ...
Setting up python3-trie (0.2+ds-2) ...
Setting up libqt5test5:amd64 (5.12.8+dfsg-0ubuntu2.1) ...
Setting up libwebpmux3:amd64 (0.6.1-2ubuntu0.20.04.3) ...
Setting up libdrm-common (2.4.107-8ubuntu1~20.04.2) ...
Setting up libelf1:amd64 (0.176-1.1ubuntu0.1) ...
Setting up libevdev2:amd64 (1.9.0+dfsg-1ubuntu0.2) ...
Setting up libogdi-dev (4.1.0+ds-1build1) ...
Setting up libqt5concurrent5:amd64 (5.12.8+dfsg-0ubuntu2.1) ...
Setting up python3-u-msgpack (2.1-1build1) ...
Setting up libcc1-0:amd64 (10.5.0-1ubuntu1~20.04) ...
Setting up iso-codes (4.4-1) ...
Setting up libdap-dev:amd64 (3.20.5-1) ...
Setting up libgudev-1.0-0:amd64 (1:233-1) ...
Setting up libzvbi-common (0.2.35-17) ...
Setting up qtchooser (66-2build1) ...
Setting up libgstreamer1.0-0:amd64 (1.16.3-0ubuntu1.2) ...
Setcap worked! gst-ptp-helper is not suid!
Setting up libmp3lame0:amd64 (3.100-3) ...
Setting up libblas-dev:amd64 (3.9.0-1build1) ...
update-alternatives: using /usr/lib/x86_64-linux-gnu/blas/libblas.so to provide /usr/lib/x86_64-linux-gnu/libblas.so (libblas.so-x86_64-linux-gnu) in auto mode
Setting up libsz2:amd64 (1.0.4-1) ...
Setting up libvorbisenc2:amd64 (1.3.6-2ubuntu1) ...
Setting up libkmlxsd1:amd64 (1.3.0-8build1) ...
Setting up gcc-9-base:amd64 (9.4.0-1ubuntu1~20.04.2) ...
Setting up libgflags2.2 (2.2.2-1build1) ...
Setting up libwacom-common (1.3-2ubuntu3) ...
Setting up libxkbcommon0:amd64 (0.10.0-1) ...
Setting up libkmldom1:amd64 (1.3.0-8build1) ...
Setting up libwayland-client0:amd64 (1.18.0-1ubuntu0.1) ...
Setting up libctf0:amd64 (2.34-6ubuntu1.11) ...
Setting up libjpeg8:amd64 (8c-2ubuntu8) ...
Setting up libspatialite7:amd64 (4.3.0a-6build1) ...
Setting up libzvbi0:amd64 (0.2.35-17) ...
Setting up libice6:amd64 (2:1.0.10-0ubuntu1) ...
Setting up libcharls-dev:amd64 (2.0.0+dfsg-1build1) ...
Setting up libjpeg-turbo8-dev:amd64 (2.0.3-0ubuntu1.20.04.3) ...
Setting up tcl8.6 (8.6.10+dfsg-1) ...
Setting up libvulkan-dev:amd64 (1.2.131.2-1) ...
Setting up libcfitsio-dev:amd64 (3.470-3) ...
Setting up libopenni2-0 (2.2.0.33+dfsg-13build1) ...
Setting up libxerces-c3.2:amd64 (3.2.2+debian-1ubuntu0.2) ...
Setting up libkmlengine1:amd64 (1.3.0-8build1) ...
Setting up ros-noetic-tf2 (0.7.10-1focal.20250502.231751) ...
Setting up qt5-qmake:amd64 (5.12.8+dfsg-0ubuntu2.1) ...
Setting up libpcl-kdtree1.10:amd64 (1.10.0+dfsg-5ubuntu1) ...
Setting up libkmlconvenience1:amd64 (1.3.0-8build1) ...
Setting up libpcl-search1.10:amd64 (1.10.0+dfsg-5ubuntu1) ...
Setting up libpcl-stereo1.10:amd64 (1.10.0+dfsg-5ubuntu1) ...
Setting up fontconfig-config (2.13.1-2ubuntu3) ...
Setting up libjson-c-dev:amd64 (0.13.1+dfsg-7ubuntu0.3) ...
Setting up libfreexl-dev:amd64 (1.0.5-3) ...
Setting up qdoc-qt5 (5.12.8-0ubuntu1) ...
Setting up libfyba-dev:amd64 (4.1.1-6build1) ...
Setting up libwebpdemux2:amd64 (0.6.1-2ubuntu0.20.04.3) ...
Setting up libqt5positioning5:amd64 (5.12.8+dfsg-0ubuntu1) ...
Setting up libpng-dev:amd64 (1.6.37-2) ...
Setting up libaec-dev:amd64 (1.0.4-1) ...
Setting up libavahi-common3:amd64 (0.7-4ubuntu7.3) ...
Setting up libjbig-dev:amd64 (2.1-3.1ubuntu0.20.04.1) ...
Setting up libnss3:amd64 (2:3.98-0ubuntu0.20.04.2) ...
Setting up libopenni0 (1.5.4.0+dfsg-4build1) ...
Setting up libqt5network5:amd64 (5.12.8+dfsg-0ubuntu2.1) ...
Setting up ros-noetic-tf2-py (0.7.10-1focal.20250519.232104) ...
Setting up liburiparser-dev (0.9.3-2) ...
Setting up libqt5sql5:amd64 (5.12.8+dfsg-0ubuntu2.1) ...
Setting up libthai0:amd64 (0.1.28-3) ...
Setting up qtbase5-dev-tools (5.12.8+dfsg-0ubuntu2.1) ...
Setting up ros-noetic-bondcpp (1.8.7-1focal.20250519.230329) ...
Setting up libvorbisfile3:amd64 (1.3.6-2ubuntu1) ...
Setting up libasan5:amd64 (9.4.0-1ubuntu1~20.04.2) ...
Setting up libqt5xml5:amd64 (5.12.8+dfsg-0ubuntu2.1) ...
Setting up libwebp-dev:amd64 (0.6.1-2ubuntu0.20.04.3) ...
Setting up libhdf5-openmpi-103:amd64 (1.10.4+repack-11ubuntu1) ...
Setting up libfreetype6:amd64 (2.10.1-2ubuntu0.4) ...
Setting up libopenjp2-7-dev (2.3.1-1ubuntu4.20.04.4) ...
Setting up libqt5qml5:amd64 (5.12.8-0ubuntu1) ...
Setting up libxerces-c-dev (3.2.2+debian-1ubuntu0.2) ...
Setting up libkmlregionator1:amd64 (1.3.0-8build1) ...
Setting up python3-pyasn1-modules (0.2.1-0.2build1) ...
Setting up libgeos-dev (3.8.0-1build1) ...
Setting up libhdf5-103:amd64 (1.10.4+repack-11ubuntu1) ...
Setting up python3-hyperlink (19.0.0-1) ...
Setting up libxkbcommon-x11-0:amd64 (0.10.0-1) ...
Setting up python3-service-identity (18.1.0-5build1) ...
Setting up qtattributionsscanner-qt5 (5.12.8-0ubuntu1) ...
Setting up liblapack-dev:amd64 (3.9.0-1build1) ...
update-alternatives: using /usr/lib/x86_64-linux-gnu/lapack/liblapack.so to provide /usr/lib/x86_64-linux-gnu/liblapack.so (liblapack.so-x86_64-linux-gnu) in auto mode
Setting up libproj-dev:amd64 (6.3.1-1) ...
Setting up ros-noetic-tf2-ros (0.7.10-1focal.20250520.000336) ...
Setting up libgflags-dev (2.2.2-1build1) ...
Setting up libqt5webchannel5:amd64 (5.12.8-0ubuntu1) ...
Setting up libspatialite-dev:amd64 (4.3.0a-6build1) ...
Setting up libqhull-dev:amd64 (2015.2-4) ...
Setting up ros-noetic-tf2-eigen (0.7.10-1focal.20250502.232642) ...
Setting up libhdf4-0-alt (4.2.14-1ubuntu1) ...
Setting up libgvpr2:amd64 (2.42.2-3build2) ...
Setting up libdrm2:amd64 (2.4.107-8ubuntu1~20.04.2) ...
Setting up libva-drm2:amd64 (2.7.0-2) ...
Setting up libpcl-filters1.10:amd64 (1.10.0+dfsg-5ubuntu1) ...
Setting up ros-noetic-nodelet (1.11.2-1focal.20250519.231850) ...
Setting up tcl (8.6.9+1) ...
Setting up libopenni2-dev (2.2.0.33+dfsg-13build1) ...
Setting up cpp-9 (9.4.0-1ubuntu1~20.04.2) ...
Setting up libharfbuzz0b:amd64 (2.6.4-1ubuntu4.3) ...
Setting up libtiff5:amd64 (4.1.0+git191117-2ubuntu0.20.04.14) ...
Setting up libjpeg8-dev:amd64 (8c-2ubuntu8) ...
Setting up libsuperlu-dev:amd64 (5.2.1+dfsg1-4) ...
Setting up libhdf5-openmpi-dev (1.10.4+repack-11ubuntu1) ...
update-alternatives: using /usr/bin/h5pcc.openmpi to provide /usr/bin/h5pcc (h5pcc) in auto mode
update-alternatives: warning: skip creation of /usr/share/man/man1/h5pcc.1.gz because associated file /usr/share/man/man1/h5pcc.openmpi.1.gz (of link group h5pcc) doesn't exist
update-alternatives: warning: skip creation of /usr/share/man/man1/h5pfc.1.gz because associated file /usr/share/man/man1/h5pfc.openmpi.1.gz (of link group h5pcc) doesn't exist
update-alternatives: using /usr/lib/x86_64-linux-gnu/pkgconfig/hdf5-openmpi.pc to provide /usr/lib/x86_64-linux-gnu/pkgconfig/hdf5.pc (hdf5.pc) in auto mode
Setting up libva-x11-2:amd64 (2.7.0-2) ...
Setting up libwacom2:amd64 (1.3-2ubuntu3) ...
Setting up libsm6:amd64 (2:1.2.3-1) ...
Setting up libgoogle-glog0v5 (0.4.0-1build1) ...
Setting up libopenmpt0:amd64 (0.4.11-1build1) ...
Setting up libavahi-client3:amd64 (0.7-4ubuntu7.3) ...
Setting up libtiffxx5:amd64 (4.1.0+git191117-2ubuntu0.20.04.14) ...
Setting up binutils-x86-64-linux-gnu (2.34-6ubuntu1.11) ...
Setting up libdrm-amdgpu1:amd64 (2.4.107-8ubuntu1~20.04.2) ...
Setting up libkml-dev:amd64 (1.3.0-8build1) ...
Setting up libdrm-nouveau2:amd64 (2.4.107-8ubuntu1~20.04.2) ...
Setting up libarpack2-dev:amd64 (3.7.0-3) ...
Setting up libqt5sql5-sqlite:amd64 (5.12.8+dfsg-0ubuntu2.1) ...
Setting up libgbm1:amd64 (21.2.6-0ubuntu0.1~20.04.2) ...
Setting up libdrm-radeon1:amd64 (2.4.107-8ubuntu1~20.04.2) ...
Setting up libopenni-dev (1.5.4.0+dfsg-4build1) ...
Setting up libdrm-intel1:amd64 (2.4.107-8ubuntu1~20.04.2) ...
Setting up libgl1-mesa-dri:amd64 (21.2.6-0ubuntu0.1~20.04.2) ...
Setting up libhdf5-cpp-103:amd64 (1.10.4+repack-11ubuntu1) ...
Setting up libjpeg-dev:amd64 (8c-2ubuntu8) ...
Setting up libpcl-registration1.10:amd64 (1.10.0+dfsg-5ubuntu1) ...
Setting up binutils (2.34-6ubuntu1.11) ...
Setting up libavutil56:amd64 (7:4.2.7-0ubuntu0.1) ...
Setting up dpkg-dev (1.19.7ubuntu3.2) ...
Setting up libgeotiff5:amd64 (1.5.1-2) ...
Setting up libpcl-tracking1.10:amd64 (1.10.0+dfsg-5ubuntu1) ...
Setting up libinput-bin (1.15.5-1ubuntu0.3) ...
Setting up libfreetype-dev:amd64 (2.10.1-2ubuntu0.4) ...
Setting up libnetcdf15:amd64 (1:4.7.3-1) ...
Setting up libgcc-9-dev:amd64 (9.4.0-1ubuntu1~20.04.2) ...
Setting up ros-noetic-nodelet-topic-tools (1.11.2-1focal.20250521.003920) ...
Setting up libegl-mesa0:amd64 (21.2.6-0ubuntu0.1~20.04.2) ...
Setting up libtiff-dev:amd64 (4.1.0+git191117-2ubuntu0.20.04.14) ...
Setting up python3-twisted (18.9.0-11ubuntu0.20.04.5) ...
Setting up libgdk-pixbuf2.0-0:amd64 (2.40.0+dfsg-3ubuntu0.5) ...
Setting up libhdf5-mpi-dev (1.10.4+repack-11ubuntu1) ...
Setting up libpcl-features1.10:amd64 (1.10.0+dfsg-5ubuntu1) ...
Setting up libhdf5-dev (1.10.4+repack-11ubuntu1) ...
Setting up libnetcdf-dev (1:4.7.3-1) ...
Setting up libxt6:amd64 (1:1.1.5-1) ...
Setting up libpcl-segmentation1.10:amd64 (1.10.0+dfsg-5ubuntu1) ...
Setting up libcups2:amd64 (2.3.1-9ubuntu1.9) ...
Setting up cpp (4:9.3.0-1ubuntu2) ...
Setting up libegl1:amd64 (1.3.2-1~ubuntu0.20.04.2) ...
Setting up python3-txaio (2.10.0-2) ...
Setting up python3-autobahn (17.10.1+dfsg1-6) ...
Setting up libswscale5:amd64 (7:4.2.7-0ubuntu0.1) ...
Setting up libgoogle-glog-dev (0.4.0-1build1) ...
Setting up libavutil-dev:amd64 (7:4.2.7-0ubuntu0.1) ...
Setting up libpcl-keypoints1.10:amd64 (1.10.0+dfsg-5ubuntu1) ...
Setting up libinput10:amd64 (1.15.5-1ubuntu0.3) ...
Setting up gcc-9 (9.4.0-1ubuntu1~20.04.2) ...
Setting up libxmu6:amd64 (2:1.1.3-0ubuntu1) ...
Setting up libglx-mesa0:amd64 (21.2.6-0ubuntu0.1~20.04.2) ...
Setting up libstdc++-9-dev:amd64 (9.4.0-1ubuntu1~20.04.2) ...
Setting up libglx0:amd64 (1.3.2-1~ubuntu0.20.04.2) ...
Setting up libgeotiff-dev:amd64 (1.5.1-2) ...
Setting up tcl8.6-dev:amd64 (8.6.10+dfsg-1) ...
Setting up libflann-dev:amd64 (1.9.1+dfsg-9build1) ...
Setting up libxaw7:amd64 (2:1.0.13-1) ...
Setting up libswresample3:amd64 (7:4.2.7-0ubuntu0.1) ...
Setting up libnetcdf-c++4 (4.2-11build2) ...
Setting up gcc (4:9.3.0-1ubuntu2) ...
Setting up libfreetype6-dev:amd64 (2.10.1-2ubuntu0.4) ...
Setting up libarmadillo-dev (1:9.800.4+dfsg-1build1) ...
Setting up libgl1:amd64 (1.3.2-1~ubuntu0.20.04.2) ...
Setting up libswscale-dev:amd64 (7:4.2.7-0ubuntu0.1) ...
Setting up libhdf4-alt-dev (4.2.14-1ubuntu1) ...
Setting up g++-9 (9.4.0-1ubuntu1~20.04.2) ...
Setting up tcl-dev:amd64 (8.6.9+1) ...
Setting up g++ (4:9.3.0-1ubuntu2) ...
update-alternatives: using /usr/bin/g++ to provide /usr/bin/c++ (c++) in auto mode
update-alternatives: warning: skip creation of /usr/share/man/man1/c++.1.gz because associated file /usr/share/man/man1/g++.1.gz (of link group c++) doesn't exist
Setting up libglew2.1:amd64 (2.1.0-4) ...
Setting up build-essential (12.8ubuntu1.1) ...
Setting up libglu1-mesa:amd64 (9.0.1-1build1) ...
Setting up libswresample-dev:amd64 (7:4.2.7-0ubuntu0.1) ...
Setting up libnetcdf-cxx-legacy-dev (4.2-11build2) ...
Setting up libgl2ps1.4 (1.4.0+dfsg1-2) ...
Setting up libgl2ps-dev (1.4.0+dfsg1-2) ...
Setting up odbcinst (2.3.6-0.1ubuntu0.1) ...
Setting up odbcinst1debian2:amd64 (2.3.6-0.1ubuntu0.1) ...
Setting up unixodbc-dev:amd64 (2.3.6-0.1ubuntu0.1) ...
Processing triggers for mime-support (3.64ubuntu1) ...
Processing triggers for libc-bin (2.31-0ubuntu9.17) ...
Processing triggers for sgml-base (1.29.1) ...
Setting up libfontconfig1:amd64 (2.13.1-2ubuntu3) ...
Setting up libbluray2:amd64 (1:1.2.0-1) ...
Setting up x11proto-dev (2019.2-1ubuntu1) ...
Setting up fontconfig (2.13.1-2ubuntu3) ...
Regenerating fonts cache... done.
Setting up libxft2:amd64 (2.3.3-0ubuntu1) ...
Setting up libfontconfig1-dev:amd64 (2.13.1-2ubuntu3) ...
Setting up libxau-dev:amd64 (1:1.0.9-0ubuntu1) ...
Setting up libice-dev:amd64 (2:1.0.10-0ubuntu1) ...
Setting up libsm-dev:amd64 (2:1.2.3-1) ...
Setting up libtk8.6:amd64 (8.6.10-1) ...
Setting up libpango-1.0-0:amd64 (1.44.7-2ubuntu4) ...
Setting up libqt5gui5:amd64 (5.12.8+dfsg-0ubuntu2.1) ...
Setting up libgstreamer-plugins-base1.0-0:amd64 (1.16.3-0ubuntu1.4) ...
Setting up libqt5widgets5:amd64 (5.12.8+dfsg-0ubuntu2.1) ...
Setting up libpoppler97:amd64 (0.86.1-0ubuntu1.7) ...
Setting up libqt5help5:amd64 (5.12.8-0ubuntu1) ...
Setting up libcairo2:amd64 (1.16.0-4ubuntu1) ...
Setting up libqt5printsupport5:amd64 (5.12.8+dfsg-0ubuntu2.1) ...
Setting up libxdmcp-dev:amd64 (1:1.1.3-0ubuntu1) ...
Setting up x11proto-core-dev (2019.2-1ubuntu1) ...
Setting up libgd3:amd64 (2.2.5-5.2ubuntu2.4) ...
Setting up x11proto-xext-dev (2019.2-1ubuntu1) ...
Setting up libqt5opengl5:amd64 (5.12.8+dfsg-0ubuntu2.1) ...
Setting up libtheora0:amd64 (1.1.1+dfsg.1-15ubuntu2) ...
Setting up libcairo-gobject2:amd64 (1.16.0-4ubuntu1) ...
Setting up libpangoft2-1.0-0:amd64 (1.44.7-2ubuntu4) ...
Setting up x11proto-scrnsaver-dev (2019.2-1ubuntu1) ...
Setting up libqt5quick5:amd64 (5.12.8-0ubuntu1) ...
Setting up libpangocairo-1.0-0:amd64 (1.44.7-2ubuntu4) ...
Setting up libpoppler-dev:amd64 (0.86.1-0ubuntu1.7) ...
Setting up libqt5quickshapes5:amd64 (5.12.8-0ubuntu1) ...
Setting up tk8.6 (8.6.10-1) ...
Setting up libqt5x11extras5:amd64 (5.12.8-0ubuntu1) ...
Setting up libqt5quicktest5:amd64 (5.12.8-0ubuntu1) ...
Setting up libxcb1-dev:amd64 (1.14-2) ...
Setting up libqt5designer5:amd64 (5.12.8-0ubuntu1) ...
Setting up qtdeclarative5-dev-tools (5.12.8-0ubuntu1) ...
Setting up libpoppler-private-dev:amd64 (0.86.1-0ubuntu1.7) ...
Setting up libx11-dev:amd64 (2:1.6.9-2ubuntu1.6) ...
Setting up libgdal26 (3.0.4+dfsg-1build3) ...
Setting up qhelpgenerator-qt5 (5.12.8-0ubuntu1) ...
Setting up libqt5webkit5:amd64 (5.212.0~alpha4-1ubuntu2.1) ...
Setting up libqt5designercomponents5:amd64 (5.12.8-0ubuntu1) ...
Setting up qt5-qmltooling-plugins:amd64 (5.12.8-0ubuntu1) ...
Setting up libqt5quickwidgets5:amd64 (5.12.8-0ubuntu1) ...
Setting up librsvg2-2:amd64 (2.48.9-1ubuntu0.20.04.4) ...
Setting up libtheora-dev:amd64 (1.1.1+dfsg.1-15ubuntu2) ...
Setting up libxt-dev:amd64 (1:1.1.5-1) ...
Setting up libgvc6 (2.42.2-3build2) ...
Setting up libgdal-dev (3.0.4+dfsg-1build3) ...
Setting up libxext-dev:amd64 (2:1.3.4-0ubuntu1) ...
Setting up qt5-assistant (5.12.8-0ubuntu1) ...
Setting up qttools5-dev-tools (5.12.8-0ubuntu1) ...
Setting up libglx-dev:amd64 (1.3.2-1~ubuntu0.20.04.2) ...
Setting up libavcodec58:amd64 (7:4.2.7-0ubuntu0.1) ...
Setting up libqt5quickparticles5:amd64 (5.12.8-0ubuntu1) ...
Setting up tk (8.6.9+1) ...
Setting up libxrender-dev:amd64 (1:0.9.10-1) ...
Setting up libgl-dev:amd64 (1.3.2-1~ubuntu0.20.04.2) ...
Setting up libxft-dev:amd64 (2.3.3-0ubuntu1) ...
Setting up libchromaprint1:amd64 (1.4.3-3build1) ...
Setting up graphviz (2.42.2-3build2) ...
Setting up libegl-dev:amd64 (1.3.2-1~ubuntu0.20.04.2) ...
Setting up libavformat58:amd64 (7:4.2.7-0ubuntu0.1) ...
Setting up libavcodec-dev:amd64 (7:4.2.7-0ubuntu0.1) ...
Setting up libavformat-dev:amd64 (7:4.2.7-0ubuntu0.1) ...
Setting up libxss-dev:amd64 (1:1.2.3-1) ...
Setting up libvtk7.1p (7.1.1+dfsg2-2ubuntu1) ...
Setting up libvtk7.1p-qt (7.1.1+dfsg2-2ubuntu1) ...
Setting up libvtk7-jni (7.1.1+dfsg2-2ubuntu1) ...
Setting up libglu1-mesa-dev:amd64 (9.0.1-1build1) ...
Setting up tcl-vtk7 (7.1.1+dfsg2-2ubuntu1) ...
Setting up tk8.6-dev:amd64 (8.6.10-1) ...
Setting up qtbase5-dev:amd64 (5.12.8+dfsg-0ubuntu2.1) ...
Setting up libpcl-io1.10:amd64 (1.10.0+dfsg-5ubuntu1) ...
Setting up qtdeclarative5-dev:amd64 (5.12.8-0ubuntu1) ...
Setting up libvtk7-java (7.1.1+dfsg2-2ubuntu1) ...
Setting up libpcl-recognition1.10:amd64 (1.10.0+dfsg-5ubuntu1) ...
Setting up ros-noetic-tf (1.13.4-1focal.20250520.001125) ...
Setting up libpcl-visualization1.10:amd64 (1.10.0+dfsg-5ubuntu1) ...
Setting up libgles-dev:amd64 (1.3.2-1~ubuntu0.20.04.2) ...
Setting up vtk7 (7.1.1+dfsg2-2ubuntu1) ...
Setting up libqt5opengl5-dev:amd64 (5.12.8+dfsg-0ubuntu2.1) ...
Setting up libpcl-surface1.10:amd64 (1.10.0+dfsg-5ubuntu1) ...
Setting up python3-vtk7 (7.1.1+dfsg2-2ubuntu1) ...
/usr/lib/python3/dist-packages/vtk/numpy_interface/algorithms.py:200: SyntaxWarning: "is" with a literal. Did you mean "=="?
  if max_dims is 1:
Setting up libglvnd-dev:amd64 (1.3.2-1~ubuntu0.20.04.2) ...
Setting up libpcl-apps1.10:amd64 (1.10.0+dfsg-5ubuntu1) ...
Setting up libqt5webkit5-dev:amd64 (5.212.0~alpha4-1ubuntu2.1) ...
Setting up libglew-dev:amd64 (2.1.0-4) ...
Setting up tk-dev:amd64 (8.6.9+1) ...
Setting up qttools5-dev:amd64 (5.12.8-0ubuntu1) ...
Setting up libgl1-mesa-dev:amd64 (21.2.6-0ubuntu0.1~20.04.2) ...
Setting up qttools5-private-dev:amd64 (5.12.8-0ubuntu1) ...
Setting up libvtk7-dev (7.1.1+dfsg2-2ubuntu1) ...
Setting up libvtk7-qt-dev (7.1.1+dfsg2-2ubuntu1) ...
Setting up libpcl-dev (1.10.0+dfsg-5ubuntu1) ...
Setting up ros-noetic-pcl-conversions (1.7.4-1focal.20250520.005606) ...
Setting up ros-noetic-pcl-ros (1.7.4-1focal.20250521.004323) ...
Processing triggers for libc-bin (2.31-0ubuntu9.17) ...
Creating symlink "/opt/tare_ws/src/CMakeLists.txt" pointing to "/opt/ros/noetic/share/catkin/cmake/toplevel.cmake"
-- The C compiler identification is GNU 9.4.0
-- The CXX compiler identification is GNU 9.4.0
-- Check for working C compiler: /usr/bin/cc
-- Check for working C compiler: /usr/bin/cc -- works
-- Detecting C compiler ABI info
-- Detecting C compiler ABI info - done
-- Detecting C compile features
-- Detecting C compile features - done
-- Check for working CXX compiler: /usr/bin/c++
-- Check for working CXX compiler: /usr/bin/c++ -- works
-- Detecting CXX compiler ABI info
-- Detecting CXX compiler ABI info - done
-- Detecting CXX compile features
-- Detecting CXX compile features - done
-- Using CATKIN_DEVEL_PREFIX: /opt/tare_ws/devel
-- Using CMAKE_PREFIX_PATH: /opt/ros/noetic
-- This workspace overlays: /opt/ros/noetic
-- Found PythonInterp: /usr/bin/python3 (found suitable version "3.8.10", minimum required is "3") 
-- Using PYTHON_EXECUTABLE: /usr/bin/python3
-- Using Debian Python package layout
-- Found PY_em: /usr/lib/python3/dist-packages/em.py  
-- Using empy: /usr/lib/python3/dist-packages/em.py
-- Using CATKIN_ENABLE_TESTING: ON
-- Call enable_testing()
-- Using CATKIN_TEST_RESULTS_DIR: /opt/tare_ws/build/test_results
-- Forcing gtest/gmock from source, though one was otherwise available.
-- Found gtest sources under '/usr/src/googletest': gtests will be built
-- Found gmock sources under '/usr/src/googletest': gmock will be built
-- Found PythonInterp: /usr/bin/python3 (found version "3.8.10") 
-- Found Threads: TRUE  
-- Using Python nosetests: /usr/bin/nosetests3
-- catkin 0.8.12
-- BUILD_SHARED_LIBS is on
-- BUILD_SHARED_LIBS is on
-- ~~~~~~~~~~~~~~~~~~~~~~~~~~~~~~~~~~~~~~~~~~~~~~~~~
-- ~~  traversing 1 packages in topological order:
-- ~~  - tare_planner
-- ~~~~~~~~~~~~~~~~~~~~~~~~~~~~~~~~~~~~~~~~~~~~~~~~~
-- +++ processing catkin package: 'tare_planner'
-- ==> add_subdirectory(tare_planner)
-- Using these message generators: gencpp;geneus;genlisp;gennodejs;genpy
-- Checking for module 'eigen3'
--   Found eigen3, version 3.3.7
-- Found Eigen: /usr/include/eigen3 (Required is at least version "3.1") 
-- Eigen found (include: /usr/include/eigen3, version: 3.3.7)
-- Found Boost: /usr/include (found suitable version "1.71.0", minimum required is "1.55.0") found components: system filesystem date_time iostreams regex 
-- Checking for module 'flann'
--   Found flann, version 1.9.1
-- Found FLANN: /usr/lib/x86_64-linux-gnu/libflann_cpp.so  
-- The imported target "vtkParseOGLExt" references the file
   "/usr/bin/vtkParseOGLExt-7.1"
but this file does not exist.  Possible reasons include:
* The file was deleted, renamed, or moved to another location.
* An install or uninstall procedure did not complete successfully.
* The installation package was faulty and contained
   "/usr/lib/cmake/vtk-7.1/VTKTargets.cmake"
but not all the files it references.

-- The imported target "vtkRenderingPythonTkWidgets" references the file
   "/usr/lib/x86_64-linux-gnu/libvtkRenderingPythonTkWidgets.so"
but this file does not exist.  Possible reasons include:
* The file was deleted, renamed, or moved to another location.
* An install or uninstall procedure did not complete successfully.
* The installation package was faulty and contained
   "/usr/lib/cmake/vtk-7.1/VTKTargets.cmake"
but not all the files it references.

-- The imported target "vtk" references the file
   "/usr/bin/vtk"
but this file does not exist.  Possible reasons include:
* The file was deleted, renamed, or moved to another location.
* An install or uninstall procedure did not complete successfully.
* The installation package was faulty and contained
   "/usr/lib/cmake/vtk-7.1/VTKTargets.cmake"
but not all the files it references.

-- The imported target "pvtk" references the file
   "/usr/bin/pvtk"
but this file does not exist.  Possible reasons include:
* The file was deleted, renamed, or moved to another location.
* An install or uninstall procedure did not complete successfully.
* The installation package was faulty and contained
   "/usr/lib/cmake/vtk-7.1/VTKTargets.cmake"
but not all the files it references.

-- Checking for module 'libusb-1.0'
--   No package 'libusb-1.0' found
-- Could NOT find USB_10 (missing: USB_10_LIBRARY USB_10_INCLUDE_DIR) 
-- OpenNI disabled because libusb-1.0 not found.
** WARNING ** io features related to openni will be disabled
-- Checking for module 'libusb-1.0'
--   No package 'libusb-1.0' found
-- Could NOT find USB_10 (missing: USB_10_LIBRARY USB_10_INCLUDE_DIR) 
-- OpenNI 2 disabled because libusb-1.0 not found.
** WARNING ** io features related to openni2 will be disabled
** WARNING ** io features related to pcap will be disabled
** WARNING ** io features related to png will be disabled
-- LIBUSB_1_LIBRARY (missing: LIBUSB_1_INCLUDE_DIR) 
** WARNING ** io features related to libusb-1.0 will be disabled
-- Checking for module 'libusb-1.0'
--   No package 'libusb-1.0' found
-- Could NOT find USB_10 (missing: USB_10_LIBRARY USB_10_INCLUDE_DIR) 
-- OpenNI disabled because libusb-1.0 not found.
** WARNING ** visualization features related to openni will be disabled
-- Checking for module 'libusb-1.0'
--   No package 'libusb-1.0' found
-- Could NOT find USB_10 (missing: USB_10_LIBRARY USB_10_INCLUDE_DIR) 
-- OpenNI 2 disabled because libusb-1.0 not found.
** WARNING ** visualization features related to openni2 will be disabled
-- Found Qhull: optimized;/usr/lib/x86_64-linux-gnu/libqhull.so;debug;/usr/lib/x86_64-linux-gnu/libqhull.so  
-- QHULL found (include: /usr/include, lib: optimized;/usr/lib/x86_64-linux-gnu/libqhull.so;debug;/usr/lib/x86_64-linux-gnu/libqhull.so)
-- Checking for module 'libusb-1.0'
--   No package 'libusb-1.0' found
-- Could NOT find USB_10 (missing: USB_10_LIBRARY USB_10_INCLUDE_DIR) 
-- OpenNI disabled because libusb-1.0 not found.
** WARNING ** apps features related to openni will be disabled
-- looking for PCL_COMMON
-- Found PCL_COMMON: /usr/lib/x86_64-linux-gnu/libpcl_common.so  
-- looking for PCL_KDTREE
-- Found PCL_KDTREE: /usr/lib/x86_64-linux-gnu/libpcl_kdtree.so  
-- looking for PCL_OCTREE
-- Found PCL_OCTREE: /usr/lib/x86_64-linux-gnu/libpcl_octree.so  
-- looking for PCL_SEARCH
-- Found PCL_SEARCH: /usr/lib/x86_64-linux-gnu/libpcl_search.so  
-- looking for PCL_SAMPLE_CONSENSUS
-- Found PCL_SAMPLE_CONSENSUS: /usr/lib/x86_64-linux-gnu/libpcl_sample_consensus.so  
-- looking for PCL_FILTERS
-- Found PCL_FILTERS: /usr/lib/x86_64-linux-gnu/libpcl_filters.so  
-- looking for PCL_2D
-- Found PCL_2D: /usr/include/pcl-1.10  
-- looking for PCL_GEOMETRY
-- Found PCL_GEOMETRY: /usr/include/pcl-1.10  
-- looking for PCL_IO
-- Found PCL_IO: /usr/lib/x86_64-linux-gnu/libpcl_io.so  
-- looking for PCL_FEATURES
-- Found PCL_FEATURES: /usr/lib/x86_64-linux-gnu/libpcl_features.so  
-- looking for PCL_ML
-- Found PCL_ML: /usr/lib/x86_64-linux-gnu/libpcl_ml.so  
-- looking for PCL_SEGMENTATION
-- Found PCL_SEGMENTATION: /usr/lib/x86_64-linux-gnu/libpcl_segmentation.so  
-- looking for PCL_VISUALIZATION
-- Found PCL_VISUALIZATION: /usr/lib/x86_64-linux-gnu/libpcl_visualization.so  
-- looking for PCL_SURFACE
-- Found PCL_SURFACE: /usr/lib/x86_64-linux-gnu/libpcl_surface.so  
-- looking for PCL_REGISTRATION
-- Found PCL_REGISTRATION: /usr/lib/x86_64-linux-gnu/libpcl_registration.so  
-- looking for PCL_KEYPOINTS
-- Found PCL_KEYPOINTS: /usr/lib/x86_64-linux-gnu/libpcl_keypoints.so  
-- looking for PCL_TRACKING
-- Found PCL_TRACKING: /usr/lib/x86_64-linux-gnu/libpcl_tracking.so  
-- looking for PCL_RECOGNITION
-- Found PCL_RECOGNITION: /usr/lib/x86_64-linux-gnu/libpcl_recognition.so  
-- looking for PCL_STEREO
-- Found PCL_STEREO: /usr/lib/x86_64-linux-gnu/libpcl_stereo.so  
-- looking for PCL_APPS
-- Found PCL_APPS: /usr/lib/x86_64-linux-gnu/libpcl_apps.so  
-- looking for PCL_IN_HAND_SCANNER
-- Found PCL_IN_HAND_SCANNER: /usr/include/pcl-1.10  
-- looking for PCL_POINT_CLOUD_EDITOR
-- Found PCL_POINT_CLOUD_EDITOR: /usr/include/pcl-1.10  
-- looking for PCL_OUTOFCORE
-- Found PCL_OUTOFCORE: /usr/lib/x86_64-linux-gnu/libpcl_outofcore.so  
-- looking for PCL_PEOPLE
-- Found PCL_PEOPLE: /usr/lib/x86_64-linux-gnu/libpcl_people.so  
-- Found PCL: pcl_common;pcl_kdtree;pcl_octree;pcl_search;pcl_sample_consensus;pcl_filters;pcl_io;pcl_features;pcl_ml;pcl_segmentation;pcl_visualization;pcl_surface;pcl_registration;pcl_keypoints;pcl_tracking;pcl_recognition;pcl_stereo;pcl_apps;pcl_outofcore;pcl_people;/usr/lib/x86_64-linux-gnu/libboost_system.so;/usr/lib/x86_64-linux-gnu/libboost_filesystem.so;/usr/lib/x86_64-linux-gnu/libboost_date_time.so;/usr/lib/x86_64-linux-gnu/libboost_iostreams.so;/usr/lib/x86_64-linux-gnu/libboost_regex.so;optimized;/usr/lib/x86_64-linux-gnu/libqhull.so;debug;/usr/lib/x86_64-linux-gnu/libqhull.so;vtkChartsCore;vtkCommonColor;vtkCommonCore;vtksys;vtkCommonDataModel;vtkCommonMath;vtkCommonMisc;vtkCommonSystem;vtkCommonTransforms;vtkCommonExecutionModel;vtkFiltersGeneral;vtkCommonComputationalGeometry;vtkFiltersCore;vtkInfovisCore;vtkFiltersExtraction;vtkFiltersStatistics;vtkImagingFourier;vtkImagingCore;vtkalglib;vtkRenderingContext2D;vtkRenderingCore;vtkFiltersGeometry;vtkFiltersSources;vtkRenderingFreeType;/usr/lib/x86_64-linux-gnu/libfreetype.so;/usr/lib/x86_64-linux-gnu/libz.so;vtkFiltersModeling;vtkImagingSources;vtkInteractionStyle;vtkInteractionWidgets;vtkFiltersHybrid;vtkImagingColor;vtkImagingGeneral;vtkImagingHybrid;vtkIOImage;vtkDICOMParser;vtkmetaio;/usr/lib/x86_64-linux-gnu/libjpeg.so;/usr/lib/x86_64-linux-gnu/libpng.so;/usr/lib/x86_64-linux-gnu/libtiff.so;vtkRenderingAnnotation;vtkRenderingVolume;vtkIOXML;vtkIOCore;vtkIOXMLParser;/usr/lib/x86_64-linux-gnu/libexpat.so;vtkIOGeometry;vtkIOLegacy;vtkIOPLY;vtkRenderingLOD;vtkViewsContext2D;vtkViewsCore;vtkRenderingContextOpenGL2;vtkRenderingOpenGL2;FLANN::FLANN  
-- Configuring done
CMake Warning at tare_planner/CMakeLists.txt:121 (add_executable):
  Cannot generate a safe linker search path for target navigationBoundary
  because files in some directories may conflict with libraries in implicit
  directories:

    link library [libz.so] in /usr/lib/x86_64-linux-gnu may be hidden by files in:
      /opt/tare_ws/src/tare_planner/or-tools/lib

  Some of these libraries may not be found correctly.


CMake Warning at tare_planner/CMakeLists.txt:124 (add_executable):
  Cannot generate a safe linker search path for target tare_planner_node
  because files in some directories may conflict with libraries in implicit
  directories:

    link library [libz.so] in /usr/lib/x86_64-linux-gnu may be hidden by files in:
      /opt/tare_ws/src/tare_planner/or-tools/lib

  Some of these libraries may not be found correctly.


-- Generating done
-- Build files have been written to: /opt/tare_ws/build
Scanning dependencies of target navigationBoundary
[  2%] Building CXX object tare_planner/CMakeFiles/navigationBoundary.dir/src/navigation_boundary_publisher/navigationBoundary.cpp.o
[  5%] Linking CXX executable /opt/tare_ws/devel/lib/tare_planner/navigationBoundary
[  5%] Built target navigationBoundary
Scanning dependencies of target pcl_msgs_generate_messages_py
[  5%] Built target pcl_msgs_generate_messages_py
Scanning dependencies of target tf2_msgs_generate_messages_nodejs
[  5%] Built target tf2_msgs_generate_messages_nodejs
Scanning dependencies of target tf2_msgs_generate_messages_lisp
[  5%] Built target tf2_msgs_generate_messages_lisp
Scanning dependencies of target actionlib_generate_messages_py
[  5%] Built target actionlib_generate_messages_py
Scanning dependencies of target actionlib_generate_messages_nodejs
[  5%] Built target actionlib_generate_messages_nodejs
Scanning dependencies of target actionlib_generate_messages_lisp
[  5%] Built target actionlib_generate_messages_lisp
Scanning dependencies of target actionlib_generate_messages_cpp
[  5%] Built target actionlib_generate_messages_cpp
Scanning dependencies of target tf_generate_messages_nodejs
[  5%] Built target tf_generate_messages_nodejs
Scanning dependencies of target tf_generate_messages_cpp
[  5%] Built target tf_generate_messages_cpp
Scanning dependencies of target topic_tools_generate_messages_nodejs
[  5%] Built target topic_tools_generate_messages_nodejs
Scanning dependencies of target topic_tools_generate_messages_lisp
[  5%] Built target topic_tools_generate_messages_lisp
Scanning dependencies of target topic_tools_generate_messages_eus
[  5%] Built target topic_tools_generate_messages_eus
Scanning dependencies of target topic_tools_generate_messages_cpp
[  5%] Built target topic_tools_generate_messages_cpp
Scanning dependencies of target std_srvs_generate_messages_lisp
[  5%] Built target std_srvs_generate_messages_lisp
Scanning dependencies of target std_srvs_generate_messages_eus
[  5%] Built target std_srvs_generate_messages_eus
Scanning dependencies of target std_srvs_generate_messages_cpp
[  5%] Built target std_srvs_generate_messages_cpp
Scanning dependencies of target roscpp_generate_messages_py
[  5%] Built target roscpp_generate_messages_py
Scanning dependencies of target roscpp_generate_messages_eus
[  5%] Built target roscpp_generate_messages_eus
Scanning dependencies of target std_srvs_generate_messages_py
[  5%] Built target std_srvs_generate_messages_py
Scanning dependencies of target rosgraph_msgs_generate_messages_eus
[  5%] Built target rosgraph_msgs_generate_messages_eus
Scanning dependencies of target nav_msgs_generate_messages_cpp
[  5%] Built target nav_msgs_generate_messages_cpp
Scanning dependencies of target pcl_ros_gencfg
[  5%] Built target pcl_ros_gencfg
Scanning dependencies of target _catkin_empty_exported_target
[  5%] Built target _catkin_empty_exported_target
Scanning dependencies of target roscpp_generate_messages_lisp
[  5%] Built target roscpp_generate_messages_lisp
Scanning dependencies of target actionlib_msgs_generate_messages_py
[  5%] Built target actionlib_msgs_generate_messages_py
Scanning dependencies of target rosgraph_msgs_generate_messages_nodejs
[  5%] Built target rosgraph_msgs_generate_messages_nodejs
Scanning dependencies of target tf_generate_messages_eus
[  5%] Built target tf_generate_messages_eus
Scanning dependencies of target rosgraph_msgs_generate_messages_lisp
[  5%] Built target rosgraph_msgs_generate_messages_lisp
Scanning dependencies of target nav_msgs_generate_messages_eus
[  5%] Built target nav_msgs_generate_messages_eus
Scanning dependencies of target std_msgs_generate_messages_py
[  5%] Built target std_msgs_generate_messages_py
Scanning dependencies of target geometry_msgs_generate_messages_eus
[  5%] Built target geometry_msgs_generate_messages_eus
Scanning dependencies of target topic_tools_generate_messages_py
[  5%] Built target topic_tools_generate_messages_py
Scanning dependencies of target roscpp_generate_messages_cpp
[  5%] Built target roscpp_generate_messages_cpp
Scanning dependencies of target nav_msgs_generate_messages_lisp
[  5%] Built target nav_msgs_generate_messages_lisp
Scanning dependencies of target geometry_msgs_generate_messages_py
[  5%] Built target geometry_msgs_generate_messages_py
Scanning dependencies of target tf_generate_messages_lisp
[  5%] Built target tf_generate_messages_lisp
Scanning dependencies of target nav_msgs_generate_messages_py
[  5%] Built target nav_msgs_generate_messages_py
Scanning dependencies of target tf2_msgs_generate_messages_eus
[  5%] Built target tf2_msgs_generate_messages_eus
Scanning dependencies of target sensor_msgs_generate_messages_py
[  5%] Built target sensor_msgs_generate_messages_py
Scanning dependencies of target geometry_msgs_generate_messages_cpp
[  5%] Built target geometry_msgs_generate_messages_cpp
Scanning dependencies of target std_msgs_generate_messages_cpp
[  5%] Built target std_msgs_generate_messages_cpp
Scanning dependencies of target actionlib_generate_messages_eus
[  5%] Built target actionlib_generate_messages_eus
Scanning dependencies of target rosgraph_msgs_generate_messages_cpp
[  5%] Built target rosgraph_msgs_generate_messages_cpp
Scanning dependencies of target roscpp_generate_messages_nodejs
[  5%] Built target roscpp_generate_messages_nodejs
Scanning dependencies of target geometry_msgs_generate_messages_lisp
[  5%] Built target geometry_msgs_generate_messages_lisp
Scanning dependencies of target tf_generate_messages_py
[  5%] Built target tf_generate_messages_py
Scanning dependencies of target actionlib_msgs_generate_messages_nodejs
[  5%] Built target actionlib_msgs_generate_messages_nodejs
Scanning dependencies of target actionlib_msgs_generate_messages_lisp
[  5%] Built target actionlib_msgs_generate_messages_lisp
Scanning dependencies of target std_msgs_generate_messages_eus
[  5%] Built target std_msgs_generate_messages_eus
Scanning dependencies of target actionlib_msgs_generate_messages_cpp
[  5%] Built target actionlib_msgs_generate_messages_cpp
Scanning dependencies of target std_msgs_generate_messages_lisp
[  5%] Built target std_msgs_generate_messages_lisp
Scanning dependencies of target actionlib_msgs_generate_messages_eus
[  5%] Built target actionlib_msgs_generate_messages_eus
Scanning dependencies of target dynamic_reconfigure_generate_messages_py
[  5%] Built target dynamic_reconfigure_generate_messages_py
Scanning dependencies of target rosgraph_msgs_generate_messages_py
[  5%] Built target rosgraph_msgs_generate_messages_py
Scanning dependencies of target nav_msgs_generate_messages_nodejs
[  5%] Built target nav_msgs_generate_messages_nodejs
Scanning dependencies of target sensor_msgs_generate_messages_cpp
[  5%] Built target sensor_msgs_generate_messages_cpp
Scanning dependencies of target pcl_msgs_generate_messages_cpp
[  5%] Built target pcl_msgs_generate_messages_cpp
Scanning dependencies of target sensor_msgs_generate_messages_eus
[  5%] Built target sensor_msgs_generate_messages_eus
Scanning dependencies of target nodelet_topic_tools_gencfg
[  5%] Built target nodelet_topic_tools_gencfg
Scanning dependencies of target sensor_msgs_generate_messages_lisp
[  5%] Built target sensor_msgs_generate_messages_lisp
Scanning dependencies of target bond_generate_messages_lisp
[  5%] Built target bond_generate_messages_lisp
Scanning dependencies of target sensor_msgs_generate_messages_nodejs
[  5%] Built target sensor_msgs_generate_messages_nodejs
Scanning dependencies of target tf2_msgs_generate_messages_py
[  5%] Built target tf2_msgs_generate_messages_py
Scanning dependencies of target dynamic_reconfigure_generate_messages_nodejs
[  5%] Built target dynamic_reconfigure_generate_messages_nodejs
Scanning dependencies of target bond_generate_messages_cpp
[  5%] Built target bond_generate_messages_cpp
Scanning dependencies of target bond_generate_messages_eus
[  5%] Built target bond_generate_messages_eus
Scanning dependencies of target dynamic_reconfigure_generate_messages_cpp
[  5%] Built target dynamic_reconfigure_generate_messages_cpp
Scanning dependencies of target geometry_msgs_generate_messages_nodejs
[  5%] Built target geometry_msgs_generate_messages_nodejs
Scanning dependencies of target dynamic_reconfigure_generate_messages_eus
[  5%] Built target dynamic_reconfigure_generate_messages_eus
Scanning dependencies of target dynamic_reconfigure_gencfg
[  5%] Built target dynamic_reconfigure_gencfg
Scanning dependencies of target nodelet_generate_messages_cpp
[  5%] Built target nodelet_generate_messages_cpp
Scanning dependencies of target tf2_msgs_generate_messages_cpp
[  5%] Built target tf2_msgs_generate_messages_cpp
Scanning dependencies of target dynamic_reconfigure_generate_messages_lisp
[  5%] Built target dynamic_reconfigure_generate_messages_lisp
Scanning dependencies of target nodelet_generate_messages_eus
[  5%] Built target nodelet_generate_messages_eus
Scanning dependencies of target std_msgs_generate_messages_nodejs
[  5%] Built target std_msgs_generate_messages_nodejs
Scanning dependencies of target nodelet_generate_messages_lisp
[  5%] Built target nodelet_generate_messages_lisp
Scanning dependencies of target nodelet_generate_messages_nodejs
[  5%] Built target nodelet_generate_messages_nodejs
Scanning dependencies of target bond_generate_messages_nodejs
[  5%] Built target bond_generate_messages_nodejs
Scanning dependencies of target std_srvs_generate_messages_nodejs
[  5%] Built target std_srvs_generate_messages_nodejs
Scanning dependencies of target nodelet_generate_messages_py
[  5%] Built target nodelet_generate_messages_py
Scanning dependencies of target bond_generate_messages_py
[  5%] Built target bond_generate_messages_py
Scanning dependencies of target pcl_msgs_generate_messages_eus
[  5%] Built target pcl_msgs_generate_messages_eus
Scanning dependencies of target pcl_msgs_generate_messages_nodejs
[  5%] Built target pcl_msgs_generate_messages_nodejs
Scanning dependencies of target pcl_msgs_generate_messages_lisp
[  5%] Built target pcl_msgs_generate_messages_lisp
Scanning dependencies of target tsp_solver
[  7%] Building CXX object tare_planner/CMakeFiles/tsp_solver.dir/src/tsp_solver/tsp_solver.cpp.o
[ 10%] Linking CXX static library /opt/tare_ws/devel/lib/libtsp_solver.a
[ 10%] Built target tsp_solver
Scanning dependencies of target lidar_model
[ 13%] Building CXX object tare_planner/CMakeFiles/lidar_model.dir/src/lidar_model/lidar_model.cpp.o
[ 15%] Linking CXX static library /opt/tare_ws/devel/lib/liblidar_model.a
[ 15%] Built target lidar_model
Scanning dependencies of target viewpoint
[ 18%] Building CXX object tare_planner/CMakeFiles/viewpoint.dir/src/viewpoint/viewpoint.cpp.o
[ 21%] Linking CXX static library /opt/tare_ws/devel/lib/libviewpoint.a
[ 21%] Built target viewpoint
Scanning dependencies of target misc_utils
[ 23%] Building CXX object tare_planner/CMakeFiles/misc_utils.dir/src/utils/misc_utils.cpp.o
[ 26%] Linking CXX static library /opt/tare_ws/devel/lib/libmisc_utils.a
[ 26%] Built target misc_utils
Scanning dependencies of target pointcloud_utils
[ 28%] Building CXX object tare_planner/CMakeFiles/pointcloud_utils.dir/src/utils/pointcloud_utils.cpp.o
[ 31%] Linking CXX static library /opt/tare_ws/devel/lib/libpointcloud_utils.a
[ 31%] Built target pointcloud_utils
Scanning dependencies of target rolling_grid
[ 34%] Building CXX object tare_planner/CMakeFiles/rolling_grid.dir/src/rolling_grid/rolling_grid.cpp.o
[ 36%] Linking CXX static library /opt/tare_ws/devel/lib/librolling_grid.a
[ 36%] Built target rolling_grid
Scanning dependencies of target exploration_path
[ 39%] Building CXX object tare_planner/CMakeFiles/exploration_path.dir/src/exploration_path/exploration_path.cpp.o
[ 42%] Linking CXX static library /opt/tare_ws/devel/lib/libexploration_path.a
[ 42%] Built target exploration_path
Scanning dependencies of target keypose_graph
[ 44%] Building CXX object tare_planner/CMakeFiles/keypose_graph.dir/src/keypose_graph/keypose_graph.cpp.o
[ 47%] Linking CXX static library /opt/tare_ws/devel/lib/libkeypose_graph.a
[ 47%] Built target keypose_graph
Scanning dependencies of target viewpoint_manager
[ 50%] Building CXX object tare_planner/CMakeFiles/viewpoint_manager.dir/src/viewpoint_manager/viewpoint_manager.cpp.o
[ 52%] Linking CXX static library /opt/tare_ws/devel/lib/libviewpoint_manager.a
[ 52%] Built target viewpoint_manager
Scanning dependencies of target grid_world
[ 55%] Building CXX object tare_planner/CMakeFiles/grid_world.dir/src/grid_world/grid_world.cpp.o
[ 57%] Linking CXX static library /opt/tare_ws/devel/lib/libgrid_world.a
[ 57%] Built target grid_world
Scanning dependencies of target local_coverage_planner
[ 60%] Building CXX object tare_planner/CMakeFiles/local_coverage_planner.dir/src/local_coverage_planner/local_coverage_planner.cpp.o
[ 63%] Linking CXX static library /opt/tare_ws/devel/lib/liblocal_coverage_planner.a
[ 63%] Built target local_coverage_planner
Scanning dependencies of target graph
[ 65%] Building CXX object tare_planner/CMakeFiles/graph.dir/src/graph/graph.cpp.o
[ 68%] Linking CXX static library /opt/tare_ws/devel/lib/libgraph.a
[ 68%] Built target graph
Scanning dependencies of target rolling_occupancy_grid
[ 71%] Building CXX object tare_planner/CMakeFiles/rolling_occupancy_grid.dir/src/rolling_occupancy_grid/rolling_occupancy_grid.cpp.o
[ 73%] Linking CXX static library /opt/tare_ws/devel/lib/librolling_occupancy_grid.a
[ 73%] Built target rolling_occupancy_grid
Scanning dependencies of target planning_env
[ 76%] Building CXX object tare_planner/CMakeFiles/planning_env.dir/src/planning_env/planning_env.cpp.o
[ 78%] Linking CXX static library /opt/tare_ws/devel/lib/libplanning_env.a
[ 78%] Built target planning_env
Scanning dependencies of target pointcloud_manager
[ 81%] Building CXX object tare_planner/CMakeFiles/pointcloud_manager.dir/src/pointcloud_manager/pointcloud_manager.cpp.o
[ 84%] Linking CXX static library /opt/tare_ws/devel/lib/libpointcloud_manager.a
[ 84%] Built target pointcloud_manager
Scanning dependencies of target tare_visualizer
[ 86%] Building CXX object tare_planner/CMakeFiles/tare_visualizer.dir/src/tare_visualizer/tare_visualizer.cpp.o
[ 89%] Linking CXX static library /opt/tare_ws/devel/lib/libtare_visualizer.a
[ 89%] Built target tare_visualizer
Scanning dependencies of target sensor_coverage_planner_ground
[ 92%] Building CXX object tare_planner/CMakeFiles/sensor_coverage_planner_ground.dir/src/sensor_coverage_planner/sensor_coverage_planner_ground.cpp.o
[ 94%] Linking CXX static library /opt/tare_ws/devel/lib/libsensor_coverage_planner_ground.a
[ 94%] Built target sensor_coverage_planner_ground
Scanning dependencies of target tare_planner_node
[ 97%] Building CXX object tare_planner/CMakeFiles/tare_planner_node.dir/src/tare_planner_node/tare_planner_node.cpp.o
[100%] Linking CXX executable /opt/tare_ws/devel/lib/tare_planner/tare_planner_node
[100%] Built target tare_planner_node
Base path: /opt/tare_ws
Source space: /opt/tare_ws/src
Build space: /opt/tare_ws/build
Devel space: /opt/tare_ws/devel
Install space: /opt/tare_ws/install
####
#### Running command: "cmake /opt/tare_ws/src -DCATKIN_DEVEL_PREFIX=/opt/tare_ws/devel -DCMAKE_INSTALL_PREFIX=/opt/tare_ws/install -G Unix Makefiles" in "/opt/tare_ws/build"
####
####
#### Running command: "make -j1 -l1" in "/opt/tare_ws/build"
####
